id,district_id,jurisdiction_id,subdivision_id
eef643d1-4554-42be-80b7-f8970d5b7def,005f1a21-ece3-4fe9-a759-2e6e9ee5855c,00ab54fc-2529-4be9-8e04-1da78bd98031,
4dbc38db-c089-4d7c-bc03-9fe712d7e9fc,005f1a21-ece3-4fe9-a759-2e6e9ee5855c,0ba7d6a9-aa48-4a0a-a3f7-77d323b65176,
14d4782c-2a71-4ca9-bb78-e7bad84169c0,005f1a21-ece3-4fe9-a759-2e6e9ee5855c,14162fb9-aeea-4b0b-901e-e53197127c52,
6fdfe6bc-ff48-4348-9a73-f26802bce363,005f1a21-ece3-4fe9-a759-2e6e9ee5855c,1a14d5f9-6e1e-42ea-a872-cad1fff1dd94,
89798580-47bb-446d-8b53-986e0d21bbc8,005f1a21-ece3-4fe9-a759-2e6e9ee5855c,235c4eaf-6eaf-4740-98e1-415d8b73e2b3,
44d78d64-f1e2-4da9-b05f-7d6b4ce90576,005f1a21-ece3-4fe9-a759-2e6e9ee5855c,4bc8d529-821e-4656-bf79-7a196c0bc0f4,
62581f1e-bb39-497a-87ee-1a7c4892a33d,005f1a21-ece3-4fe9-a759-2e6e9ee5855c,6f177549-71c7-462d-8803-45439063fa2f,
b88b4e96-003f-463b-aafd-ab2d30809dad,005f1a21-ece3-4fe9-a759-2e6e9ee5855c,7a297f4c-6ea1-4157-8110-18ba7f06bede,
5cd58930-87d8-4f04-bfc4-0057cc2e2323,005f1a21-ece3-4fe9-a759-2e6e9ee5855c,992a696f-c59f-4dc0-807c-5ba91ae69d5a,
0d8ef403-b8d4-4234-9c22-8adaf8c68305,005f1a21-ece3-4fe9-a759-2e6e9ee5855c,9ce4e7f8-8614-41ea-9ac8-a588f4bb7f57,
7da812ce-ed11-46f0-9557-76e18c7f850b,005f1a21-ece3-4fe9-a759-2e6e9ee5855c,abc681dd-cdae-4229-86df-0b808bda8999,
76e69b8d-4158-4b8a-ae88-9bcfd4341304,005f1a21-ece3-4fe9-a759-2e6e9ee5855c,b12f515c-f00a-4d24-a922-9e2e57d9fdfa,
6263767a-2e4c-4fe0-a3af-4d916c304115,005f1a21-ece3-4fe9-a759-2e6e9ee5855c,b1545208-1d40-47c0-b3b5-b834dd191dab,
ad01258b-ea61-4888-9521-b77fd8d3b69d,005f1a21-ece3-4fe9-a759-2e6e9ee5855c,bfa040bb-bc27-4597-9ee6-99a6c0de0c7c,
809b60a5-ef28-4ac2-b73d-c70dc6f6e106,005f1a21-ece3-4fe9-a759-2e6e9ee5855c,c142e7ca-310c-45bf-9710-17a0c0ada26b,
2d8e9640-1a25-4294-a10d-2766006eb4c8,005f1a21-ece3-4fe9-a759-2e6e9ee5855c,c3913911-3eaf-4d28-9660-a6f3986e0f39,
5b2cbce0-33c6-482c-89f8-0e854b4e05a6,005f1a21-ece3-4fe9-a759-2e6e9ee5855c,ca16cb0b-590f-4ff8-82a2-eccf98ca7566,
eb9a51e3-53ae-40c7-bcd5-ea9b1ede7aee,005f1a21-ece3-4fe9-a759-2e6e9ee5855c,cdc9bdf1-0bc3-41ec-b287-cb26f73e9df4,
6429588c-9df6-4dfb-ab82-043520b84c7c,005f1a21-ece3-4fe9-a759-2e6e9ee5855c,de1a699c-956e-45d3-9f03-74fd58efd76a,
64716148-ddc2-4a21-a278-ff46ec1bd9b7,005f1a21-ece3-4fe9-a759-2e6e9ee5855c,df21b648-60a3-40cb-aad9-dd0c975caf5d,
870d0e14-ae34-4211-a7cc-ff801da54727,005f1a21-ece3-4fe9-a759-2e6e9ee5855c,e86b8c9a-1175-4d3c-8bad-448a7f6eea65,
de010eb8-c73e-4efe-a3f4-c131d27ef60c,005f1a21-ece3-4fe9-a759-2e6e9ee5855c,edcfa46b-8081-4056-b3a2-dc24c2978655,
aaa8a0f2-4237-404b-8e73-e14b75314151,005f1a21-ece3-4fe9-a759-2e6e9ee5855c,f263df0c-efc5-4e7f-9190-866f51a93c8c,
28bdd0ac-7bee-442e-b9fb-87acf8af919a,005f1a21-ece3-4fe9-a759-2e6e9ee5855c,faf08cc3-0ff9-48c4-906a-be7696614cd1,
93067e81-c328-465b-a7a9-daf4d93e7eae,005f1a21-ece3-4fe9-a759-2e6e9ee5855c,fda51874-0d24-488c-ae83-f201461dbfa6,
d115e0a2-c3bc-458e-a61e-0729988399e5,012479b9-a238-48de-845f-cfb5d62c2041,05723777-fc20-4f64-80a3-a7144833ca31,
456e7512-2705-4bde-82a5-5152b7138513,012479b9-a238-48de-845f-cfb5d62c2041,250e612b-e823-45ec-b35e-b36eb3622c53,
fb0e6774-51b3-4c65-be32-c9a91e27d1db,012479b9-a238-48de-845f-cfb5d62c2041,26f17087-2817-4ba8-a6ce-bac11286ab47,
e967720a-1b86-4bed-b3eb-96986d1e9ed9,012479b9-a238-48de-845f-cfb5d62c2041,30b4067e-c898-4b52-b67a-179b6f06c2b4,
8d4ee04c-01fd-4d49-a149-febbeed36275,012479b9-a238-48de-845f-cfb5d62c2041,420c4583-7e3f-42a7-9beb-bb7f69bcae1c,
6cebe980-6b42-4f0d-8e32-3037689c194c,012479b9-a238-48de-845f-cfb5d62c2041,5a99f078-2618-4f61-a215-ada1fb75e01b,
bc1dc2fc-88c9-4a0d-ae53-9715b423a41c,012479b9-a238-48de-845f-cfb5d62c2041,5e1e0930-efbe-45a3-8eb3-08a005ca7fcf,
36a53692-cae7-4eb6-98ab-bb616a5553d8,012479b9-a238-48de-845f-cfb5d62c2041,6f91cfc5-29cb-4f11-9a8e-f9ac34051e95,
7ef83099-2bd5-409c-b317-292193133f3a,012479b9-a238-48de-845f-cfb5d62c2041,980ed9f8-a383-44e7-bb0c-8d49c8b11b9f,
e42709ca-4a9f-4c2d-877e-0e06581d5022,012479b9-a238-48de-845f-cfb5d62c2041,a0ff9f06-b3f6-40cc-b740-f1b52e1ac9b4,
3b75d2ad-2714-4788-862b-a3442add4d2b,012479b9-a238-48de-845f-cfb5d62c2041,b48b8fa0-35fd-4702-933c-fb005de25107,
5324f8da-f071-4195-b4f2-e419cc32fad6,012479b9-a238-48de-845f-cfb5d62c2041,c8cbe7e9-d902-47b7-be74-c26274771f2d,
cf009859-6eac-4bb8-a84a-95310f0d1140,012479b9-a238-48de-845f-cfb5d62c2041,ff6da511-6411-48a6-810f-d41e909ac9fe,
f8394b3c-f2f6-4262-af86-665ba3c8cece,01ccf3c4-5c87-41d5-bc51-fdbdfdc293d9,6b4a4e7f-bbf8-446f-b20d-f336b474ae9a,
93ba82d7-89f2-4bde-a578-62058b4c1c1e,01ccf3c4-5c87-41d5-bc51-fdbdfdc293d9,c94d1342-929a-47c1-bdc9-163902346082,
59b5964a-656c-4690-8bb2-b4dc62d0a464,01db025e-5004-4311-94cf-f9a824a3e897,080f2b7e-45fb-4495-982f-bb8ebebf6fd0,
c6cb4fb2-5543-491b-9e24-0b4ab8620d77,01db025e-5004-4311-94cf-f9a824a3e897,2023b19a-1662-4180-aa7e-ba3208328991,
a7a14ce1-2b28-4f69-9a83-877e38f08528,01db025e-5004-4311-94cf-f9a824a3e897,67da240c-9dcd-4a4c-98e6-bd888ff635c0,
25a389e1-f730-44d4-b6ff-73464c2a73ef,01db025e-5004-4311-94cf-f9a824a3e897,716de2b5-e528-4a67-b944-2e8c3eafa51a,
865bb564-0d94-4250-ad9e-0378d2fd3f45,01db025e-5004-4311-94cf-f9a824a3e897,b7835e47-7e74-49c3-877f-eb270ad33b8c,
e94601a8-c391-4169-b214-b80ad76ca22f,01db025e-5004-4311-94cf-f9a824a3e897,df54f7ed-8742-404e-92e5-1cd6114f81df,
37edbfff-9c22-43f9-be52-44169a27431d,01db025e-5004-4311-94cf-f9a824a3e897,f6b31e75-0aa5-4939-8f2a-8b0fb7feb874,
ec1482e0-2af6-478b-8a9c-d8b914ef3dd6,0243d738-b03e-46f4-b71b-d5a6eee5ff5b,65838bca-f386-4200-b6ae-91c1f125cf79,
2a186c07-0ada-44a0-8a8e-7acfb99e098b,0652b413-2f35-445e-a8e3-13750fb18cc6,106eb00d-04e4-4ddb-a995-3a2788ef9363,
e178a943-cbcc-45d4-8d57-1adfc71bded6,0652b413-2f35-445e-a8e3-13750fb18cc6,15fa84ea-27b3-456f-b6d6-d1d2b5bf4468,
38e0683d-b0ff-415f-9996-1e2ce88ad24e,0652b413-2f35-445e-a8e3-13750fb18cc6,1a671cf3-91b0-4ec0-b93b-f6aaf8979e59,
7812ca39-e547-4d09-8348-9d03a8f48447,0652b413-2f35-445e-a8e3-13750fb18cc6,2ec2ff77-de58-4b75-9808-af30657624c6,
818858a6-4845-4a71-a414-f9a0ab0f44ea,0652b413-2f35-445e-a8e3-13750fb18cc6,31f53adc-fdd3-4656-8f59-6e4344ac7e6c,
04159a09-bfbf-4cfa-85c9-90cc7a0032e6,0652b413-2f35-445e-a8e3-13750fb18cc6,3f93f00c-a5f9-4949-aefe-0b6162547f90,
4d2712b0-3465-4f1f-b5e0-30427adddabb,0652b413-2f35-445e-a8e3-13750fb18cc6,41c49f35-96d6-4fa1-a306-9d67978fcdb2,
facc5bfd-2696-49cf-a3ac-73b8ab8a3722,0652b413-2f35-445e-a8e3-13750fb18cc6,534b97e4-8e6d-4d98-8537-136bac29f1db,
1e8bb311-7b24-49d1-b945-0db9f52b62d4,0652b413-2f35-445e-a8e3-13750fb18cc6,83b0d0da-16d7-44f6-862f-be538167b9aa,
4829aea4-9429-4dfd-8e9d-b3cc3ea50dde,0652b413-2f35-445e-a8e3-13750fb18cc6,84d21e2d-ba77-4f2c-827c-ac64070fee27,
47012ede-b700-4ed0-b710-3b52b043e214,0652b413-2f35-445e-a8e3-13750fb18cc6,a6d577a2-ed48-4c5f-86df-b093ab2f7816,
fcdf7b7c-62c9-425a-b41c-f635f26097e6,0652b413-2f35-445e-a8e3-13750fb18cc6,cc2a8ce2-2799-465a-b694-2972c25855d8,
91fe488b-931b-4449-bcd0-a0ff10dc35f5,0652b413-2f35-445e-a8e3-13750fb18cc6,cc9f21e4-618a-448e-8c85-1fc00cf5aa4a,
09ef0cad-877c-4c47-989a-37a3f8f02649,0699ea78-787e-4a21-ad9a-e022c07dbade,0ef05366-4a2b-4f4c-8c08-594d12fbd3e2,
83022dca-cfec-40c9-bdd9-8acc338f31c5,0699ea78-787e-4a21-ad9a-e022c07dbade,373ce592-385d-4d41-a2b4-1a3165939d45,
053fe51a-efc2-456b-8eac-f552bbeaea62,0699ea78-787e-4a21-ad9a-e022c07dbade,480531fa-4707-4a2b-aad8-25ce211aba04,
b64af6f7-cb1e-4c4b-87cd-769eb8779b2b,0699ea78-787e-4a21-ad9a-e022c07dbade,4fc8cf4b-8048-4567-b2bc-9593da7304e6,
b1a4bb56-cc1b-4d31-b681-afffa63eafa1,0699ea78-787e-4a21-ad9a-e022c07dbade,703961c9-b609-49a5-9da6-0c756d77da3e,
115d6905-06cd-40ac-a7f7-7175bc0cc653,0699ea78-787e-4a21-ad9a-e022c07dbade,cc68a6a8-cf02-4fc2-a137-a2311422334d,
2a25c0cd-0761-4f92-b60d-ba7a14b8fe1d,07ac9e9e-8052-4b49-b62c-0d32feded816,cbbdaed7-90a7-4c1d-8cac-ae92868a5af7,
2b276aa9-48de-4da9-a879-ffda718cdab9,08591197-408e-4780-8f8c-2454f1a94334,0d220140-da14-4489-9676-de3ac9590b63,
30496ebc-f5ba-4067-893d-35dbd088d7f4,08591197-408e-4780-8f8c-2454f1a94334,0d9d201b-df8f-4ad6-b987-ece33b93ae85,
dc0e03dc-cbd7-4fef-874d-3a1c3b22de94,08591197-408e-4780-8f8c-2454f1a94334,10eea2c8-11dd-4fef-918f-6e00b746cccb,
0b2a33db-ae54-44e6-94d5-d0981d811ecc,08591197-408e-4780-8f8c-2454f1a94334,13110ce2-ce16-41fa-8369-fd5cbf3545f7,
279a29e8-8305-4a8b-acdc-025187faea5c,08591197-408e-4780-8f8c-2454f1a94334,157d6dc8-1d80-4018-9157-ac823dee9b15,
29544f69-0d9f-41f6-a850-27649debd4f3,08591197-408e-4780-8f8c-2454f1a94334,17246590-a75b-49c6-884e-539adb69626a,
490bca8a-a03c-45d6-bd74-4731d5bf9367,08591197-408e-4780-8f8c-2454f1a94334,1c7e9b34-950d-4744-ac74-d241d77b718b,
ac96268d-d71a-492d-a0f9-d5af491d174f,08591197-408e-4780-8f8c-2454f1a94334,2165a2d4-2f3b-47cc-9a5b-75899520dbd3,
514a5878-e883-4e75-ba8a-a2d889f90549,08591197-408e-4780-8f8c-2454f1a94334,4b004ae9-6bd8-4068-b6a5-e0c7aae91c7f,
f628e4bc-da27-47e0-b9de-c1f4a837be90,08591197-408e-4780-8f8c-2454f1a94334,4faaa48d-dc75-415b-acf6-da4a0af189fb,
8b3f867a-72c5-4c4b-8c52-5d94c348901f,08591197-408e-4780-8f8c-2454f1a94334,5055d07a-dc21-4bcb-b39e-39e7f696dfd9,
5ca53707-7d03-4915-845f-ea996db14ffc,08591197-408e-4780-8f8c-2454f1a94334,52af0eb5-3f19-4e27-95ad-55a07e56e4a7,
7c724587-ad32-47ea-b6e9-3271124c9471,08591197-408e-4780-8f8c-2454f1a94334,536e9a55-49ac-4884-8a9e-501f68a6d681,
04431007-b245-412c-8b0b-922eea656861,08591197-408e-4780-8f8c-2454f1a94334,53d45cc6-5413-40fc-a798-192ca0646a9d,
0f81c693-a5d7-425e-8c92-c40f4e56a7fd,08591197-408e-4780-8f8c-2454f1a94334,5456daed-a797-4a73-bf43-0c835275c893,
a84b989e-b8ae-442c-b0b6-2e30baef8088,08591197-408e-4780-8f8c-2454f1a94334,56a2d420-ae94-47e3-9806-df96458c2a30,
b40bdc94-3045-4dfe-aea4-0b416b935485,08591197-408e-4780-8f8c-2454f1a94334,5728faf6-b761-462f-a57e-cdd098ec063e,
71cffa36-c9f3-4aad-bf4a-47b7069a2df6,08591197-408e-4780-8f8c-2454f1a94334,5a8187c8-4756-4e95-9b3e-84abccb9af06,
78f89928-a714-4823-b570-c22e73a47c76,08591197-408e-4780-8f8c-2454f1a94334,6017017b-86ee-43b5-9b6e-c36094b310d0,
802000bd-bf8b-482b-ae25-9ee4e5801d66,08591197-408e-4780-8f8c-2454f1a94334,6df96b69-59e0-466f-a182-5618267371de,
d6f59ecf-08e1-449f-9676-f867ad6bb455,08591197-408e-4780-8f8c-2454f1a94334,7bb8e108-a2d2-48b2-9712-fa2d4d5fbe2c,
b6856702-3234-4bfa-8a4d-d84038f019cc,08591197-408e-4780-8f8c-2454f1a94334,8dce554a-2494-44fd-9089-cac672b62922,
c102f4c5-f328-4e9a-8c00-d633c2678aeb,08591197-408e-4780-8f8c-2454f1a94334,8de5b572-cc95-43dc-ac6b-15795a7c8ea3,
f5863d41-1dc8-423d-8cdd-e3f776d95c98,08591197-408e-4780-8f8c-2454f1a94334,98ecc65e-7ea1-4ffc-a9a9-393f5232c5ef,
27f312e4-f52e-4ff2-aedf-f6445be56fde,08591197-408e-4780-8f8c-2454f1a94334,a2f813ce-c7ae-4162-b2e9-5255b806a66c,
d35dd401-1710-4d77-8cce-a49991003e2c,08591197-408e-4780-8f8c-2454f1a94334,aac15ede-eed8-459c-8628-1faa9dedb24c,
ce037251-014a-4c5b-a4b5-0b318d9f5fad,08591197-408e-4780-8f8c-2454f1a94334,ad6e9a6f-7a71-4418-bc5e-994b38deaeb4,
5a76f72b-ab01-45be-be80-d5677cf3b4ef,08591197-408e-4780-8f8c-2454f1a94334,bb1f7995-ca68-41d4-84cc-33487f9dd46a,
5978be5f-2370-4e86-9411-ef41c0950613,08591197-408e-4780-8f8c-2454f1a94334,bc10cc1c-9860-4701-9a8c-1d0efbb566fc,
c8914702-14a9-40dc-b122-d53b77ee4bbc,08591197-408e-4780-8f8c-2454f1a94334,d4c64102-1727-4934-b2bd-dc615c2f7016,
216ee266-4ffa-4a29-8d07-c7d6618395ff,08591197-408e-4780-8f8c-2454f1a94334,d9971105-226d-4602-acba-ad56a1f93b2e,
23fe2361-08fc-4eae-bf64-32d56a3565b0,08591197-408e-4780-8f8c-2454f1a94334,e19fbda4-146c-4da4-aadf-4652edfcb845,
505df766-0310-484a-9e61-57b0d8eeb51b,08591197-408e-4780-8f8c-2454f1a94334,eb9c5f33-2b2d-4f10-9993-c0493c5fe572,
a8d40ed5-d154-4921-8378-46a3f21d6343,08591197-408e-4780-8f8c-2454f1a94334,f9268060-5483-4e43-ae8b-a308885c5abb,
60fc1630-46dd-4694-b153-ff909e96bf3b,08591197-408e-4780-8f8c-2454f1a94334,fdc32d98-1dd0-4ecf-aeab-8a326b310eb9,
3beb4433-bf40-4ba4-8c7e-22c9bbf3569d,08e28454-e787-4c5f-9fc0-074da5bfbcbe,08d513bc-87de-446e-af97-d4d9de7d65ae,
c8dd043b-3e3d-4c4f-8b06-b730d9216465,08e28454-e787-4c5f-9fc0-074da5bfbcbe,10245f63-649f-4c55-801d-c628d81a0b3e,
8d201390-7aec-48a0-b727-e3d6ddb7dbc3,08e28454-e787-4c5f-9fc0-074da5bfbcbe,179e4b03-3820-4943-bce0-12ece4e87b9f,
1b18d6ce-f76e-4e98-9951-433daebe5f56,08e28454-e787-4c5f-9fc0-074da5bfbcbe,1dfa0eaf-6ebd-4ce5-8a6a-16e23444a0b7,
6cc8e717-1c51-4256-82f5-2cffc0c50687,08e28454-e787-4c5f-9fc0-074da5bfbcbe,20ac983e-13b6-4af9-8189-fb80e5920d0d,
7b6a161a-f00c-4767-a64c-e374b2486737,08e28454-e787-4c5f-9fc0-074da5bfbcbe,293432bd-07d4-4d92-b997-33951b624aa3,
5dcbfac0-8b1c-43d0-a123-4aba7772144b,08e28454-e787-4c5f-9fc0-074da5bfbcbe,2ce30e30-6c97-444d-b219-787bfa0664b0,
7dba161b-d286-44fa-b537-c944b5dfd409,08e28454-e787-4c5f-9fc0-074da5bfbcbe,3ca8b648-3e02-4819-ac44-257e1da50c9f,
8e96d4b2-4490-4ea9-aa88-d177ee59952b,08e28454-e787-4c5f-9fc0-074da5bfbcbe,55086b16-691f-4bfe-a911-131c3b41f04d,
bcbe95bc-d6ba-4e0b-861d-58b4780e688a,08e28454-e787-4c5f-9fc0-074da5bfbcbe,56c48825-e3be-4de7-a757-91aaa8b27ccc,
b3e0a33b-cdc7-4e91-98c2-7858e6eb5579,08e28454-e787-4c5f-9fc0-074da5bfbcbe,574d9993-2863-45e9-a640-b47fc6cd455b,
c09cc606-6c89-434a-ab02-1b685d16a4d5,08e28454-e787-4c5f-9fc0-074da5bfbcbe,6975bcbf-2af0-438a-9a31-24240ae5c161,
b89368fa-8666-4b2c-b7c2-44458e60120d,08e28454-e787-4c5f-9fc0-074da5bfbcbe,6cf0adc1-d7d7-4495-87ea-486eeed73e1a,
624e0adc-1e9b-4a79-880a-cb9eb37910af,08e28454-e787-4c5f-9fc0-074da5bfbcbe,6e9acd83-ddc5-4706-b042-63c1084c9ae2,
1a2f3b8a-74f5-421b-b146-d368a8a447f8,08e28454-e787-4c5f-9fc0-074da5bfbcbe,90357400-f677-49af-9766-e3f9254a70d2,
0ea88130-c0ec-47d8-823d-43678fedc2c8,08e28454-e787-4c5f-9fc0-074da5bfbcbe,95c680f5-213c-478d-a488-c6d5c0ff6030,
e8e9afd5-8224-4801-9ff2-b0f0758468cc,08e28454-e787-4c5f-9fc0-074da5bfbcbe,a2c8f7d4-c7b7-4c23-ba40-1cc3250345f1,
a82e3717-16f6-42da-8d77-13da024a2efd,08e28454-e787-4c5f-9fc0-074da5bfbcbe,a3f35622-1135-457a-98f8-c1986d0d6f8b,
06407f92-e95b-4a44-b2b7-ea6f3130d54c,08e28454-e787-4c5f-9fc0-074da5bfbcbe,b0540958-d872-4090-8aa0-35548efc3b7e,
f37e5728-368f-4f3e-945f-bb725680ee9c,08e28454-e787-4c5f-9fc0-074da5bfbcbe,b882159e-ee68-4618-a6a0-74bb48f9e1fb,
ca0186bb-59d6-470d-8802-a81fcb340543,08e28454-e787-4c5f-9fc0-074da5bfbcbe,ba57de6c-b21a-4f90-8961-878857b3fa14,
f55cbc0b-5a51-49ff-ad34-2420f6b09e26,08e28454-e787-4c5f-9fc0-074da5bfbcbe,c53ac1b0-dcf7-4676-b380-399075af62bb,
c2b81613-51a2-4509-8d4d-697cca72d6b0,08e28454-e787-4c5f-9fc0-074da5bfbcbe,c7ebcde1-7adf-49e5-83a3-fb3aaf82a0dd,
0638de81-596e-41db-b8ff-35d671e2876a,08e28454-e787-4c5f-9fc0-074da5bfbcbe,ca712d45-cc72-407b-a966-7042e5db4522,
47c087cd-fc65-4036-8dc0-7cfc02dfb97d,08e28454-e787-4c5f-9fc0-074da5bfbcbe,f6b83fbd-af00-44a0-ab28-5915b5832894,
e273a300-bbdc-4bae-806b-7fe2d1a839ef,08e28454-e787-4c5f-9fc0-074da5bfbcbe,f715c095-469b-4ffb-bcfa-0fc5aa08d5fa,
3b14a4c9-57c3-42cd-9d13-d26ee15bb3d3,097230ff-2e47-4bfc-ad9d-8193b4850a3a,0842d44f-d007-4921-8fbc-029741798333,
8737139c-5d04-4a3c-bb0c-dd2e2e485634,097230ff-2e47-4bfc-ad9d-8193b4850a3a,0c39e373-220f-4028-8af6-19f6ef0021d1,
641dced7-0f5d-4ac9-881d-51b107f1ea7b,097230ff-2e47-4bfc-ad9d-8193b4850a3a,2997c8c4-c3a6-4777-9633-1ffcb74c1e7f,
8a9e28e8-cd75-4683-8a53-f51c8fe07241,097230ff-2e47-4bfc-ad9d-8193b4850a3a,2d325eda-6004-488f-a0e9-ef5f42aa7cee,
3105465b-9ff7-4e11-825f-f3587514984a,097230ff-2e47-4bfc-ad9d-8193b4850a3a,3038d2cb-b69d-4fb4-8b5e-01ae9a78fa3e,
743d9ee3-800f-4ea3-a415-cba710279a0b,097230ff-2e47-4bfc-ad9d-8193b4850a3a,31efed4a-1d21-474f-97f1-7a723f2cbab4,
4ef38d42-b8bf-4734-bd61-3c1bfa00dbb1,097230ff-2e47-4bfc-ad9d-8193b4850a3a,3cd3ce60-29ae-4c5c-84ae-9d6133f34760,
8e676066-6041-4ee1-9e78-e887af337c60,097230ff-2e47-4bfc-ad9d-8193b4850a3a,40ca7d8a-7c71-4bab-9935-3fda6dc271b0,
1cca4157-dc1e-443c-84a9-e3ef35dea122,097230ff-2e47-4bfc-ad9d-8193b4850a3a,433b2b41-b61d-4a37-be65-9ebf49654fe4,
aef89125-2f23-43b2-9ee6-b0577aff0c59,097230ff-2e47-4bfc-ad9d-8193b4850a3a,57619ead-0a71-41a9-bfcb-b68da8a254c0,
041ff3f4-7edf-4727-b97e-2b059a7b7eba,097230ff-2e47-4bfc-ad9d-8193b4850a3a,59df483f-933d-4774-8bf7-2103062859af,
c36feea8-97db-4fd8-9976-1761693650ea,097230ff-2e47-4bfc-ad9d-8193b4850a3a,7d4a5c52-1618-4c59-a0a3-828c2020b327,
abc13b87-9f2f-4839-b550-2e9a8df9435a,097230ff-2e47-4bfc-ad9d-8193b4850a3a,841f7bda-1537-4752-8009-a47dba5ff3c7,
3d37a71a-561f-434a-aec5-b6fef3f0a720,097230ff-2e47-4bfc-ad9d-8193b4850a3a,b1e892b7-42fb-41ea-9041-23164be11fc4,
9be7071b-59d4-4889-8531-e1f8d2cc5314,097230ff-2e47-4bfc-ad9d-8193b4850a3a,c9b12b63-7c63-433b-9d96-70173fe9d39d,
08836509-246c-4d2d-a813-1ced878a2511,097230ff-2e47-4bfc-ad9d-8193b4850a3a,cdf8696c-de77-463a-a4fc-e7875b387905,
121e1541-d2b4-4482-beb6-eee091907746,097230ff-2e47-4bfc-ad9d-8193b4850a3a,cf38e1ba-69d2-4d03-8df7-4a5352a8c355,
d854e4be-01b2-47f4-bfd3-8163854d7516,0f2e3682-64fb-4568-9d6a-fd4089c7fcfa,3b1df7d8-b78e-4dba-90b3-0abcd55b79b4,
1e2ab64c-a2f9-40d4-b291-0e9db288ba75,0f2e3682-64fb-4568-9d6a-fd4089c7fcfa,8fb0c742-6ef7-427b-a586-e6642e3083cb,
71d78884-1237-4942-bc96-ef21522f4fcb,0f2e3682-64fb-4568-9d6a-fd4089c7fcfa,d64bf8be-9f8c-4fe7-88ef-f9441bbc78ec,
7fef3624-e031-476b-9345-d174f353ec4b,0f3b6000-9cf2-4015-a241-71052d6d2ab2,8a31f0c0-3b34-4273-9651-08db92e66cae,
ff89aede-fddf-4e52-b86d-68ae6372d1fc,0f3b6000-9cf2-4015-a241-71052d6d2ab2,d5d20e4c-b219-4f0e-b05a-2056841cec68,
2a772b54-78f5-4341-90ad-a10aaf0d096b,10107a85-f3c6-4afd-abde-e45662c53d5c,18c0d3e3-e1e0-4863-98f8-6284af7731d5,
e9dfd540-051e-4a29-8195-18f6b297d4cf,10107a85-f3c6-4afd-abde-e45662c53d5c,4dc4a026-4519-4341-8152-e12c412b50c3,
b5ba0dca-da9a-4257-8282-c1231db76b29,10107a85-f3c6-4afd-abde-e45662c53d5c,62e58f99-0b91-4dfc-b683-5ad2a7c2a2db,
e09a854b-f3bb-439b-aa19-363ea03dea34,10107a85-f3c6-4afd-abde-e45662c53d5c,8a466260-19c9-4712-b4cd-8424c2e386b6,
deced0ce-afb7-499e-8e3c-f08bc59c206e,10107a85-f3c6-4afd-abde-e45662c53d5c,94ebd2cb-e37e-48ac-8b79-15d15a30b6e0,
4586cc02-ef31-42e8-81a7-292683262615,10107a85-f3c6-4afd-abde-e45662c53d5c,be9f52b0-9834-4c43-95cf-099a4ee4610f,
01e7e6b5-1b5d-4a3e-8640-11f908f0ddb3,10107a85-f3c6-4afd-abde-e45662c53d5c,d353dd5e-4fab-48f3-b45d-623a4256abae,
ddd606fd-e279-4229-8e0e-9052d023892a,10107a85-f3c6-4afd-abde-e45662c53d5c,d4854ccf-4d7a-4f76-86b4-dba38be9d992,
8351face-1331-46ad-b1c2-0a913640cfa7,11299db6-7cc7-43f3-ad7a-6dc08f7b6db3,e633b81e-1b08-470f-8c7b-7081b724eba6,
a0a52025-520f-409f-92a4-891298a02acd,11481d70-7d9c-4adf-9e92-1ec6b42054fb,55caf635-d4d7-4bf8-8297-9fdcc64daa09,
91678f1d-aa73-4792-8a57-7cb05e659a7f,11481d70-7d9c-4adf-9e92-1ec6b42054fb,6b7c2890-2319-4c57-ac4b-b2ce950c4559,
8ceb4230-fbc3-43a6-882e-4fe48d2a3e33,11481d70-7d9c-4adf-9e92-1ec6b42054fb,6d0e1c39-0fdd-4267-bebe-573214dbb5a3,
7b4d3e84-aedf-486a-92f5-2efdeb4718ed,11481d70-7d9c-4adf-9e92-1ec6b42054fb,72a6d300-27c8-4714-bcea-b2c271ccbdbc,
60df72fb-99bf-4777-bd34-c4648d04d025,11481d70-7d9c-4adf-9e92-1ec6b42054fb,7a49dba2-bac1-4666-b246-fabf85aa3830,
e6b6b76c-cc26-4dcf-9c12-eb8b1bff27c5,11481d70-7d9c-4adf-9e92-1ec6b42054fb,7ff64c4b-3611-4b25-939f-dad0a1280a67,
acfaf241-7941-4a5f-91c2-30a3a22a7c04,11481d70-7d9c-4adf-9e92-1ec6b42054fb,809a952e-e94b-4b1d-af1c-0814cfb98436,
cea4e10a-bdab-45cc-83df-03ef8a1e54ca,11481d70-7d9c-4adf-9e92-1ec6b42054fb,87da9e80-6b0c-4564-9e50-6f5f3b96eee2,
e84df9f9-a600-4674-9b8c-55814822e5ae,11481d70-7d9c-4adf-9e92-1ec6b42054fb,8c89f17a-b679-45c3-9be1-8e27a50c19d8,
43e8f7ab-4d55-4735-8e04-6160bfa342f5,11481d70-7d9c-4adf-9e92-1ec6b42054fb,94859ca2-0e56-402c-a907-4d8054bcadfc,
a878d195-cc99-4ac6-9ad7-529c0026891d,11481d70-7d9c-4adf-9e92-1ec6b42054fb,959b1201-c673-48ef-bda6-6c3330fba5b5,
922562d7-2cfb-40db-801c-0e42a5426fd7,11481d70-7d9c-4adf-9e92-1ec6b42054fb,a211cea3-8522-409c-9d5c-3c1571ea81e4,
96ff6c09-db20-4861-8a1a-2e38c9c94881,11481d70-7d9c-4adf-9e92-1ec6b42054fb,aeb6c3e5-4c00-4b18-b205-a23be54fcec2,
2d77a30e-6847-42e2-bffe-e864571df09e,11481d70-7d9c-4adf-9e92-1ec6b42054fb,af3afc39-e78c-4d84-880e-566af7d34499,
f4da918b-d91d-490c-a95a-4b539daa778b,11481d70-7d9c-4adf-9e92-1ec6b42054fb,b56fc884-0f27-4cbb-bdb5-5d2da7705cf2,
3394e4d8-d6c7-454e-ad9f-44a3e3ffc31e,11481d70-7d9c-4adf-9e92-1ec6b42054fb,b5aba977-70b2-4114-8279-2dd821958d32,
0b187ddf-9fdf-4383-9255-7ca43ddd5a1a,11481d70-7d9c-4adf-9e92-1ec6b42054fb,d6517c1f-fd88-4bc4-bfbf-431a6046ded6,
dc0b49cc-0822-4827-a78e-6f3439b8c24e,11481d70-7d9c-4adf-9e92-1ec6b42054fb,ff577320-3265-4d43-9361-9e2dd33e46c3,
2cdf3bd1-4f78-49b0-a0b5-59da2e2a2620,133bc5fa-b104-410d-88e3-cefad4a7a061,6ea5f163-5fc5-4654-948b-0af9a583d281,
d166a9eb-2d64-48a3-b01b-0ef0bc5a61b8,133bc5fa-b104-410d-88e3-cefad4a7a061,b9e392bd-c861-491e-a5a0-a343c2821b02,
13469977-c329-46bb-b3db-fec94a73fb2a,133bc5fa-b104-410d-88e3-cefad4a7a061,dd17ad9c-4e5c-4bee-84d2-3668d04c9e61,
4d49d44a-6f79-4029-8566-0b661e107193,133bc5fa-b104-410d-88e3-cefad4a7a061,fe2b58bb-1bc0-4667-8333-a81666c796d4,
18e8e2b8-a417-4c34-961a-ee8c5bbcf7f4,13b087c6-f564-479e-8b75-1e0e7328cba2,13dff6b1-833a-45f5-a0d7-02599e1e1db6,
d4b3fd97-52db-44d5-b5b1-94edcfe79306,13b087c6-f564-479e-8b75-1e0e7328cba2,22a7c4c8-dd4f-41df-8208-97ac028ce9c2,
687828d3-5d73-4e18-b828-80025d19f02c,13b087c6-f564-479e-8b75-1e0e7328cba2,3c905dfb-572a-4442-b717-2bf561c87df9,
1d8d3b89-a355-433f-bdff-3ad2a9abd59c,13b087c6-f564-479e-8b75-1e0e7328cba2,419420f0-34c8-44b2-b2fd-38810e3d7621,
8840f9dd-79a5-44aa-86b0-e38c302b92c7,13b087c6-f564-479e-8b75-1e0e7328cba2,81cd6b23-1629-447c-af23-e15038f98d43,
a8560703-184e-4f20-b1a2-26f47edd5fcf,13b087c6-f564-479e-8b75-1e0e7328cba2,8303a5d4-377c-4c7a-94e9-57efdb77e21a,
4d438133-a341-44d0-896b-c9f3280eb193,13b087c6-f564-479e-8b75-1e0e7328cba2,adac94a0-9a15-4935-948f-8948fa9ed131,
cfe3fc61-9cbc-4566-bde5-0d751f8bdc85,13b087c6-f564-479e-8b75-1e0e7328cba2,d21d1c4f-eb7c-4511-b426-969d624d9398,
84f74b8d-8ee0-4939-8b49-2538d3ac1bfe,13b087c6-f564-479e-8b75-1e0e7328cba2,ed08af9c-c9e6-4cc7-b64b-537770ce3081,
2b52ea4c-3295-4e63-9a9c-592750f9a2cc,14370a32-3b7c-425b-b4a4-2a2143e4500b,0ac7789a-99ff-4d1c-bb18-f3cbc0079aad,
ec3d162e-3853-49d3-8893-3a6305547474,14370a32-3b7c-425b-b4a4-2a2143e4500b,0c5a570e-3990-48c6-9829-d3594c5d7371,
74b65d2b-2ba9-4194-9e7e-5726aa141b44,14370a32-3b7c-425b-b4a4-2a2143e4500b,163bd0d7-6c88-4b77-9f0a-a4e29323c80d,
1faefcc6-deda-4900-883f-8bd9e54a4c71,14370a32-3b7c-425b-b4a4-2a2143e4500b,495154cf-30d5-4424-a4a6-37eec0b68c24,
80203f74-678e-4cbe-9f8e-47b3b5879c03,14370a32-3b7c-425b-b4a4-2a2143e4500b,925618a6-1eb9-4786-a4c8-d463a26e15f4,
b8da71e5-ae32-433d-aa71-37b15c6cde04,14370a32-3b7c-425b-b4a4-2a2143e4500b,a09df490-50c7-4c74-899e-01ea50870419,
8bcfb5df-fa5c-4575-9da5-5b98645631db,14370a32-3b7c-425b-b4a4-2a2143e4500b,b4772cc7-674d-476a-8986-b0ca37ba5b48,
5068b353-2b0e-4bbd-9ba4-fdd2bf5ac71c,145bde4e-690b-4191-8d42-a34d1cac775d,78c6e0f9-41f9-49fb-8d53-4d602a759288,
6c5e5c3e-179f-4059-8988-d0ae75d942ea,145bde4e-690b-4191-8d42-a34d1cac775d,95bfb764-88de-46f2-adcc-0db9b54f6347,
add835bc-61cf-4fa7-bebe-a687baac5184,145bde4e-690b-4191-8d42-a34d1cac775d,aa573f4d-a83f-4feb-8666-8e77c31e3b48,
239877d6-bba5-41f0-8a72-4e3ac543abdd,1465a1cb-eb63-4472-8070-b00a79251281,0a93c91c-1cd8-4dea-86a5-0eb2308b077f,
c2ca8b52-f4c0-4c62-964c-191bca036d11,1465a1cb-eb63-4472-8070-b00a79251281,19237f4b-6f69-4862-8863-19197a7ec3c3,
ea98cf9b-e6e5-4d78-a872-453916138fa1,1465a1cb-eb63-4472-8070-b00a79251281,22e4c836-8c0c-4575-838e-b16bffdffa08,
78160901-8772-4ace-8dac-f3a40a402a26,1465a1cb-eb63-4472-8070-b00a79251281,32a3f20f-f462-4fa0-896d-1830bbe4c271,
24f36382-34fb-448b-ae08-cb49c8b71031,1465a1cb-eb63-4472-8070-b00a79251281,34523855-5e67-44c9-95e2-1cfc89c52fc7,
6728c180-d540-403f-b876-970678b99cfb,1465a1cb-eb63-4472-8070-b00a79251281,37fe4c18-44dd-46e6-b331-b8b38d969231,
2e34022d-fc1a-4ab0-aff4-ca46ce10c085,1465a1cb-eb63-4472-8070-b00a79251281,3903fd9d-5239-4a1f-9135-b44819b541a8,
78996205-763e-48c0-a963-d5ff432030e0,1465a1cb-eb63-4472-8070-b00a79251281,41c1fd2d-a424-47f6-8e29-91e2fee4b589,
e7aef6c8-47b9-439f-9809-1f6ad65699fe,1465a1cb-eb63-4472-8070-b00a79251281,46fd23a4-b508-4e12-94b2-96e86a74bb37,
9a41dbb6-c569-487c-abec-631f13ec48a9,1465a1cb-eb63-4472-8070-b00a79251281,47049757-57af-4484-92e5-8bc931444d5f,
59d80683-ea1f-44af-8a1f-d7523ad1dfbf,1465a1cb-eb63-4472-8070-b00a79251281,556518e4-f5dc-4628-8cf1-41b7d645a502,
0cda3945-ed1e-4046-bd0c-ada159f5860b,1465a1cb-eb63-4472-8070-b00a79251281,6f1e4d44-1a02-4036-bfb8-d95cfab3fe40,
a2a7ff2d-a1d6-4338-8907-dcfee8db7cf0,1465a1cb-eb63-4472-8070-b00a79251281,760c33d8-56ef-4bce-98ef-6ae3d309595f,
854c0dc5-9ca2-417d-a807-8c9d96b8d80f,1465a1cb-eb63-4472-8070-b00a79251281,7626ab3c-df97-4f7f-bee1-ff07a233bca7,
300f508e-7f34-4f73-9491-23be77a0a357,1465a1cb-eb63-4472-8070-b00a79251281,793752b3-c9d2-47ed-96c5-8e7cdb354644,
4f1f7b0d-d689-49b3-a657-5a790fc27621,1465a1cb-eb63-4472-8070-b00a79251281,b0c92b9f-fe21-469d-9af1-1f001279cb01,
2f699516-2280-46d5-901e-86a66a3f128b,1465a1cb-eb63-4472-8070-b00a79251281,b70a4670-5fe3-454a-ad07-a2ea46abba9e,
6abc0e5f-2b62-40ea-9a29-bedcabf6248c,1465a1cb-eb63-4472-8070-b00a79251281,b97191bb-73c1-4499-bc72-d18be446d14a,
ea61936e-4f4c-44bd-a2e3-d4eea3a7b29a,1465a1cb-eb63-4472-8070-b00a79251281,d2976d81-ea38-4fc5-89f4-c3d80e811392,
75d4b3d6-1b3f-4d5c-b7ba-5fe25b466776,1465a1cb-eb63-4472-8070-b00a79251281,dcf025b9-e3aa-4065-91b0-887f249e6352,
4f8c6a2c-97a1-42cb-9458-6fcd9d944c72,1465a1cb-eb63-4472-8070-b00a79251281,e95353d0-f57f-41b5-b5ac-9f2e2acfe014,
da3abfc4-9d86-47f8-9a83-508b6b2db3ec,1465a1cb-eb63-4472-8070-b00a79251281,ea74c95b-7171-4853-ab09-5d096be4abb0,
5b693180-7ac4-4110-8aef-8a2097f5864e,1465a1cb-eb63-4472-8070-b00a79251281,ec3a9cd0-7cd7-4960-8ac9-eda0794ff65e,
973f5149-9ba4-448b-b1d7-e295f0c6252e,147e94a6-cfd6-4603-867e-1668d01792b0,09a25929-54b2-4549-b825-d54e50ab8b8f,
dfbfb44a-82b7-4050-9903-1b9e0e19445e,147e94a6-cfd6-4603-867e-1668d01792b0,2a6e2a57-ba9d-4571-b793-cf2d7f1df910,
991df22e-4b6a-4e9f-9422-42482ed5b08d,147e94a6-cfd6-4603-867e-1668d01792b0,3bb0dbc9-3743-4092-821c-2f913e9f446d,
7413a925-82e0-4fa6-838b-1a7d3a7c386f,147e94a6-cfd6-4603-867e-1668d01792b0,5b630ec6-22f5-4a78-b7e0-9db21f6aa7bd,
3a910539-0e38-4da3-9933-1368907446ee,147e94a6-cfd6-4603-867e-1668d01792b0,5c83fe9a-8511-428b-91d0-2a5036c78c68,
b6af48e4-8cf3-4922-8bd9-9ffe0e4fe5cb,147e94a6-cfd6-4603-867e-1668d01792b0,77fe107a-bdec-49cf-936c-d49da9653cbc,
94c560e8-a746-4904-83a5-37dac37b0bed,147e94a6-cfd6-4603-867e-1668d01792b0,7984b34f-9c06-4df2-87fc-6e2affe38096,
ceda84e1-4f72-4c3a-a56e-4916469a2d6a,147e94a6-cfd6-4603-867e-1668d01792b0,7b8243f1-f4ab-4dab-9f82-55f27aa598ae,
55c8411c-6a62-4ec3-85ab-66904681556d,147e94a6-cfd6-4603-867e-1668d01792b0,8ca54319-b076-40e3-89e3-a463eef4995a,
06a012ae-c47c-4c79-ad08-8464c3d4be31,147e94a6-cfd6-4603-867e-1668d01792b0,c74b9512-555b-442d-88f1-5442cb3aef2c,
84e3d124-e4a1-4913-88c5-6fff2c4d05fc,147e94a6-cfd6-4603-867e-1668d01792b0,d6834b8b-f1f7-470c-b578-0b1c5f9fc997,
c0ab0148-49aa-429d-9f66-5e481b6ce80f,147e94a6-cfd6-4603-867e-1668d01792b0,e84c6485-ad83-4f0e-8338-c923b9230abd,
a7861d86-9805-4112-a870-44aa8f705eb6,147e94a6-cfd6-4603-867e-1668d01792b0,e853b339-130b-4bda-9af2-868bac6e69db,
518b7c21-c661-4845-8194-94bfb4568bc3,147e94a6-cfd6-4603-867e-1668d01792b0,ef97fd99-0b8a-4b9b-af33-bad718ff81ad,
fe540354-ee4a-49b9-bc91-20c7275e9c5d,14c2e94c-17e2-4448-a1fe-9ad7a57bc8ec,6a252b70-a202-43cd-8b5b-5940b633e9b8,
f87eca5d-ecbb-4b6d-8d2d-b0aa7a7d4454,14c2e94c-17e2-4448-a1fe-9ad7a57bc8ec,b9cd8a01-e1a7-4cfe-a046-13a6b7028adc,
401d877e-5893-4f6d-b546-2ec7675939dc,184a1c1b-1f14-4d2b-b9fb-dd50e916bbe6,0d43f019-e2a5-47c7-905a-489a34b6b7ca,
2320e257-7f00-43a8-a16d-cc5bb1c239c7,184a1c1b-1f14-4d2b-b9fb-dd50e916bbe6,0de30e41-d465-4413-ac43-d24b1fb53c6b,
e192084a-fddb-4634-a9cc-221d6daa31d1,184a1c1b-1f14-4d2b-b9fb-dd50e916bbe6,1084051e-ff48-42a1-b692-570c66c916ea,
5b33ff25-3c34-467a-98fc-295557927c0e,184a1c1b-1f14-4d2b-b9fb-dd50e916bbe6,1357ad18-4584-4bdb-86a2-3d80650ff791,
20e08a22-24f9-46ac-8eae-d8c0621439ef,184a1c1b-1f14-4d2b-b9fb-dd50e916bbe6,149ca9bb-c5ab-4172-be94-07ca9946c874,
abee6152-c9bd-4a58-bfd1-14247347ac1f,184a1c1b-1f14-4d2b-b9fb-dd50e916bbe6,1e4ce1ca-aaf7-4d73-9e4a-dd3e364f55bb,
37faf98a-2267-4e80-9719-1dfc5f7ce1da,184a1c1b-1f14-4d2b-b9fb-dd50e916bbe6,2e0a3cbb-cf1f-4c2d-8073-8d4976eaeeca,
df891b78-240d-4cf4-a589-13621a24f16a,184a1c1b-1f14-4d2b-b9fb-dd50e916bbe6,71410d88-2ab8-43c0-9972-5e3f4a998234,
ab77bd55-27c2-476f-848b-1cc862b7780d,184a1c1b-1f14-4d2b-b9fb-dd50e916bbe6,71afac9b-089b-4bd2-8c3e-4d509c631828,
db9c24ff-dc38-4e55-88fd-c63a051d5d63,184a1c1b-1f14-4d2b-b9fb-dd50e916bbe6,73611e26-9310-40a3-92c9-93cf4d718d8a,
e541861e-ef43-4221-b7ae-871ec4934682,184a1c1b-1f14-4d2b-b9fb-dd50e916bbe6,78688bcb-57ec-440e-a4a6-d6d25b988cf7,
ec944e9f-bb9a-4b8b-8673-8a6f7e17eec3,184a1c1b-1f14-4d2b-b9fb-dd50e916bbe6,893f7801-a610-4990-b60f-0a0bbfb1347b,
f7e12763-1948-4429-b652-f2195ce084f1,184a1c1b-1f14-4d2b-b9fb-dd50e916bbe6,8de7909a-2414-4d2f-854b-a4b3f12f05d4,
46e8fb69-15c7-4d4d-9628-95375001ff13,184a1c1b-1f14-4d2b-b9fb-dd50e916bbe6,92a0f513-e253-4431-af00-6b76949d0ee9,
1567f0bb-d3af-4d41-8ef4-6fe32fee1463,184a1c1b-1f14-4d2b-b9fb-dd50e916bbe6,c16ada8c-b868-4054-b7c0-0bd6c83cb148,
e2e50221-8b15-47bd-a1ea-f9cecfd18437,184a1c1b-1f14-4d2b-b9fb-dd50e916bbe6,cad8aa1a-e89b-40c1-a844-016a39a73d02,
3e6b3a23-276d-4dd0-a7fb-b5f47b004cee,184a1c1b-1f14-4d2b-b9fb-dd50e916bbe6,d698d825-55d8-4781-b3f3-5f502ce69f21,
70dee317-1456-4132-ac08-36ab8af9da54,184a1c1b-1f14-4d2b-b9fb-dd50e916bbe6,d9e456dd-ee33-4974-a4b6-d9422d39b0ac,
cb00b73c-0366-4f84-a3d3-8acc1d8a12e7,184a1c1b-1f14-4d2b-b9fb-dd50e916bbe6,eae14bf6-94f5-4dcc-894f-088d6942b110,
fa1f3982-94e8-4c06-bc47-0756570897df,184a1c1b-1f14-4d2b-b9fb-dd50e916bbe6,f31bf8cd-f027-4ea5-8aa3-bd467b6bf383,
1331d8c5-05f7-45b5-a6d8-bd5e3769ae9f,184a1c1b-1f14-4d2b-b9fb-dd50e916bbe6,f362ef03-224c-4bd6-9cb2-f4205c81b2fc,
c9bab50e-e26f-4db7-9f46-5e2fc62208bd,1adbe972-9cbc-4439-8dd2-dc43e7ccff40,09e8234c-b4d7-4fa3-a4de-81cf4ed15cff,
5e3b3b84-2599-474f-8d1d-f48cf0c9c0ab,1adbe972-9cbc-4439-8dd2-dc43e7ccff40,38c00311-4503-48c9-a3ef-ee7642744ba6,
0d2f313c-667e-4040-9147-c11fdc36afd8,1adbe972-9cbc-4439-8dd2-dc43e7ccff40,46b3e9bc-ff79-4694-a781-156b9d418391,
412e2b54-8cef-468d-83eb-1e1d98b0df70,1adbe972-9cbc-4439-8dd2-dc43e7ccff40,483ebbd6-0bad-4a6e-9efe-3bc0c24c4f17,
2b785e96-6af5-4106-8ae3-6dba4c63ee54,1adbe972-9cbc-4439-8dd2-dc43e7ccff40,5394c718-ddbd-47ea-8e56-859220c81b53,
c9f4ae6a-1cf1-469e-b7d9-88afc445631e,1adbe972-9cbc-4439-8dd2-dc43e7ccff40,74b46ec5-3df9-400e-808b-e9dee1106636,
14f7057a-308e-4d2a-aa93-6de88ced346d,1adbe972-9cbc-4439-8dd2-dc43e7ccff40,764ce8c2-cdec-479c-b6a8-682b2374b823,
659e8d86-b251-455c-87bb-732071ba4395,1adbe972-9cbc-4439-8dd2-dc43e7ccff40,7b87728d-7528-41a3-a5da-3e157c4daf61,
3bd03ce1-9ccf-4104-a5fd-a390dcd07bf3,1adbe972-9cbc-4439-8dd2-dc43e7ccff40,8fdb80d3-686c-4913-8fc6-48ef057a0554,
42ea7ec0-a669-440f-afb8-47a444063c74,1adbe972-9cbc-4439-8dd2-dc43e7ccff40,973a155e-6789-46c9-b1d8-0d8d05deb944,
03c57c62-75bb-48af-85fa-df1c8b111b39,1adbe972-9cbc-4439-8dd2-dc43e7ccff40,c11a0086-464f-4d49-8414-9a4dec968cc5,
4412c8e1-6788-4dbf-86c2-bd0f160317d2,1adbe972-9cbc-4439-8dd2-dc43e7ccff40,dcdb14c7-e460-4a46-a5cb-f54a348b83e1,
f98b5a60-9d7a-428d-8844-53a975373840,1adbe972-9cbc-4439-8dd2-dc43e7ccff40,e094efa3-d7b8-49e1-ae5d-1d9b1d78e7d7,
ede89847-0942-4313-9c1d-d58bf7eeea6e,1adbe972-9cbc-4439-8dd2-dc43e7ccff40,e4698b26-3578-4aac-8d98-0c67f06f4a1c,
bc685a2e-cf90-4add-9c5a-b4a2261dcc58,1adbe972-9cbc-4439-8dd2-dc43e7ccff40,f3378b59-4262-4655-bd66-f2169412f737,
a3e382e8-728b-4857-948f-b18e9265aa2e,1add3c53-278c-49e1-9bf3-b183523414a7,1429cd8c-1548-4b53-984e-b779bb1021f8,
37943f75-0477-49fb-8f7c-6377a9c697fd,1add3c53-278c-49e1-9bf3-b183523414a7,293a8956-cd5e-4b4a-bb04-d96562a76e65,
4671e70b-42ce-46c9-8293-c5dfde6b0f3d,1add3c53-278c-49e1-9bf3-b183523414a7,95e568fd-c8d1-4494-861d-e8ed75560cd8,
61a16261-428e-468c-abd5-2dd40f64e41e,1add3c53-278c-49e1-9bf3-b183523414a7,9f53fa1f-cdd4-46e4-baeb-3eabd9e6653c,
01c0e1f6-24ff-4f91-96c8-1ba200882db6,1add3c53-278c-49e1-9bf3-b183523414a7,a87a36bd-d4a6-4206-977b-37a3316e7455,
c33e8bb5-bc39-4985-a71f-a458605cbf9f,1add3c53-278c-49e1-9bf3-b183523414a7,f609f67e-8162-47ba-9629-ae2c3bb5f24d,
7d94afe6-964f-46d9-8e3b-74ebe1283fbf,1dd1d8c8-1378-497b-a90d-0f237de293d9,02585b44-7a1a-4431-b221-cc3f6bd32cfc,
57e32878-100f-410d-970b-3cd20cb0b886,1dd1d8c8-1378-497b-a90d-0f237de293d9,07691b7b-f87c-4089-95c5-396f5365f270,
a75111e8-3a4a-4edf-9873-5ebfa909390e,1dd1d8c8-1378-497b-a90d-0f237de293d9,08638d01-dbbb-4aa4-a2e0-3d6947a79ca4,
7758bd9a-dd9c-4f34-837a-cb23f0b066a3,1dd1d8c8-1378-497b-a90d-0f237de293d9,08a3a9d9-b90c-49e7-8e93-41433b0957c6,
a58d79d7-f92a-4aa9-b031-7829a4470540,1dd1d8c8-1378-497b-a90d-0f237de293d9,0f437713-68e7-48bb-b749-19e6574e5bde,
06bbb41b-4e8c-4b56-9e3f-db230ace5f6f,1dd1d8c8-1378-497b-a90d-0f237de293d9,0f78e77f-2d31-4e68-8a74-17f7292b1ff5,
d35b8f2c-a692-4132-9cda-64aa33904079,1dd1d8c8-1378-497b-a90d-0f237de293d9,10a26c63-b8d1-46a2-8d9d-6dffb22e3e4d,
3794c8d9-d5f8-4f5e-9527-dd6f4e66b00f,1dd1d8c8-1378-497b-a90d-0f237de293d9,10cf409d-6132-45fb-bac4-3e21cb19eb1c,
67eb6f58-e68c-4110-939f-5d575fd9b1f7,1dd1d8c8-1378-497b-a90d-0f237de293d9,149c4917-5291-4e35-9e70-0a5568da405b,
1f7d8fa1-e963-424e-8943-a06a1886c024,1dd1d8c8-1378-497b-a90d-0f237de293d9,251f4c64-6b5e-4d8c-9462-99d7dfab953d,
7e4b9815-49a3-4477-9a05-e3b8ef569e7f,1dd1d8c8-1378-497b-a90d-0f237de293d9,280aa9fb-68e6-4c2e-8546-3cd3bee3b9ff,
1ac2ccfc-2a63-482e-b40a-9cd326935696,1dd1d8c8-1378-497b-a90d-0f237de293d9,2c172b9e-dd4f-4fac-8a9d-06128d2ce7c4,
e48434ec-9974-4da2-a4ea-3bb433f1c2bb,1dd1d8c8-1378-497b-a90d-0f237de293d9,33bf4f36-325a-4ca1-ae39-ff2d685d94e1,
649e7aed-7888-47fc-af71-a53eae6dd0ad,1dd1d8c8-1378-497b-a90d-0f237de293d9,342f0a45-528f-434a-bfed-ae4136d0d35d,
5afadcd2-169a-416b-b5da-e90877465727,1dd1d8c8-1378-497b-a90d-0f237de293d9,3d2009a6-c925-44f0-8a9a-d0d976715bcf,
82685052-76a3-44fd-af6d-cd125ba34052,1dd1d8c8-1378-497b-a90d-0f237de293d9,3dc68465-4372-4130-a10f-46288c391f68,
95fb444d-f12a-4193-b419-32541a8dd164,1dd1d8c8-1378-497b-a90d-0f237de293d9,3ebf5d77-5607-4589-887d-f363eb69cdfb,
498a7182-77a8-4b58-b2e0-2e608d4fb58d,1dd1d8c8-1378-497b-a90d-0f237de293d9,3fa99dd0-fa28-4d88-8964-85bc19b19048,
73bf636b-b687-42ed-97e9-36e0b5aa537f,1dd1d8c8-1378-497b-a90d-0f237de293d9,43dea2e8-d24b-4ba3-8938-b732bab34756,
a7e431b1-16fd-4ced-b209-d5a86008a717,1dd1d8c8-1378-497b-a90d-0f237de293d9,47da2786-00ae-42d6-952a-c407b925ec15,
bd35b47e-c942-42c5-a868-ef0e05a71346,1dd1d8c8-1378-497b-a90d-0f237de293d9,4e447bf7-d9b5-4045-a454-bd75970d5076,
a3f0749a-0744-413b-8f9f-a48529dd97e7,1dd1d8c8-1378-497b-a90d-0f237de293d9,52e191c5-137f-4edc-bd3c-b81feaa9c2be,
167994a7-b5f0-4727-9354-0e4f185ead92,1dd1d8c8-1378-497b-a90d-0f237de293d9,53ac01b3-b89e-423f-88bf-154df0787f36,
28c2a73c-3432-4b29-93d0-e2861d0bcd6f,1dd1d8c8-1378-497b-a90d-0f237de293d9,5480da78-5c87-4308-b0cd-7e247e912880,
d140e27f-4c2e-4371-83b7-b0b4f5adbc69,1dd1d8c8-1378-497b-a90d-0f237de293d9,56295b49-096d-4cda-86ea-1c06b5402fab,
259fddca-be70-44d2-91f4-a097df67ea46,1dd1d8c8-1378-497b-a90d-0f237de293d9,5abb36b1-5539-41c0-8600-3e131f0cc91b,
fa16ea8b-695d-4a56-8f29-90da5cf33198,1dd1d8c8-1378-497b-a90d-0f237de293d9,5bd324b3-8549-4cc0-8a5d-c68e836eb09b,
583407f3-28f0-4956-966b-023543c82bc0,1dd1d8c8-1378-497b-a90d-0f237de293d9,852f5dcc-a0ab-46be-80b8-81abecedccaa,
81065bb0-cc9a-431e-9cca-97a396919540,1dd1d8c8-1378-497b-a90d-0f237de293d9,9d6cda88-a1eb-4430-927b-2082ce868f8f,
2b3debfb-1561-4f26-b63b-03b4a05d7f21,1dd1d8c8-1378-497b-a90d-0f237de293d9,a0106710-22b1-474f-a78e-f37c24448f73,
3532ed89-5d8f-45a0-8832-fb7d7358f665,1dd1d8c8-1378-497b-a90d-0f237de293d9,a0ea7f0b-b1b4-4eff-831f-ff1de2db72b8,
b15a3c0a-c7ef-41b8-a9a7-9ae41f5d25d0,1dd1d8c8-1378-497b-a90d-0f237de293d9,a85860e7-45eb-4cb8-99fe-54dd822c676b,
b8b74072-2e9b-433c-b721-886d74f50438,1dd1d8c8-1378-497b-a90d-0f237de293d9,acf50b85-98a1-438b-901e-0edf29069b4c,
4c89ebf0-893f-40ab-83f6-8fdad3585a14,1dd1d8c8-1378-497b-a90d-0f237de293d9,ad2cc8fe-4a7d-4835-892b-5cd563f63417,
9d501b9e-fa1c-4ef8-b0b7-00f2d8ac2a93,1dd1d8c8-1378-497b-a90d-0f237de293d9,ae80e05a-99a0-4363-b98e-18285255408f,
989899e2-01f0-4994-b4f7-751e15cfb43c,1dd1d8c8-1378-497b-a90d-0f237de293d9,b1b4ec5f-f226-40b7-95d6-57e83622ac3d,
4a16f361-e7ab-41f4-a340-b8e11387c48c,1dd1d8c8-1378-497b-a90d-0f237de293d9,b4976565-ecb7-4e7a-b9fc-7d01dfa17609,
3d722f36-1662-43e7-8eae-7ca82779be9f,1dd1d8c8-1378-497b-a90d-0f237de293d9,be99f45e-b9f1-4bb5-bdc2-dbcb71826188,
d06b9b4b-4fd0-4036-b86a-d1e1968e5015,1dd1d8c8-1378-497b-a90d-0f237de293d9,c37dec14-7397-4576-b2e8-567338f5cfc8,
34c4e446-bd41-4202-9c92-e397407019db,1dd1d8c8-1378-497b-a90d-0f237de293d9,c65ff037-3f11-496d-b6ef-ae4649e99209,
7b734c68-a0ce-4654-a2dd-47c33620cf39,1dd1d8c8-1378-497b-a90d-0f237de293d9,c79c5950-0d4f-4f77-bcbe-26af52718bae,
d9f50258-dec8-43a9-897d-b345bd049b27,1dd1d8c8-1378-497b-a90d-0f237de293d9,cea24877-b192-4184-a033-cdb2251ed634,
b510d027-138b-4c9c-977e-3a35619883e1,1dd1d8c8-1378-497b-a90d-0f237de293d9,d1f2957a-6c50-45c0-ac06-e31874d8fd69,
327d8894-6cb5-4b7d-8aab-759b5b76aba6,1dd1d8c8-1378-497b-a90d-0f237de293d9,f3d01208-c276-4298-a2ab-6c76738fe592,
58488265-96e8-437d-bb04-2c9c643262c2,1e05ecc7-149c-4c51-8e38-08004fb17708,1b2516e8-af9d-4518-8d8c-5d90407ba59e,
f182980c-69db-4036-8f8a-fee65070b48f,1e05ecc7-149c-4c51-8e38-08004fb17708,3eb24143-64e2-49d8-aa5d-9925af4ce094,
02531a59-4787-4950-b3b3-13ac30c6dc5c,1e05ecc7-149c-4c51-8e38-08004fb17708,46139794-e82f-4ee6-a1e8-a366a039d08b,
cb8663c2-3076-4578-b3a8-500d167e72ca,1e05ecc7-149c-4c51-8e38-08004fb17708,574adfcb-9bca-4790-841f-c93edc6c19a8,
df96f6a8-ec21-4768-9c49-dd8a4226f967,1e05ecc7-149c-4c51-8e38-08004fb17708,6bf7a58d-aaa7-417a-8a50-4fd38330df35,
fe1f3ee6-cde7-466c-bad0-c1eccf5b7602,1e05ecc7-149c-4c51-8e38-08004fb17708,6de5dd8b-902c-4bb6-a59f-d3ace5d7d472,
9f9bb046-34d8-4124-85f6-f8b6f50d7fc9,1e05ecc7-149c-4c51-8e38-08004fb17708,ba3b7304-8927-4203-a4a9-455177b774eb,
24b1fdc7-7bc2-469a-abc7-bd9de0ba1fbf,1e05ecc7-149c-4c51-8e38-08004fb17708,bd836b33-ace4-4197-aed8-643bfd37d27d,
dfea59d4-518e-47b5-92b3-2f303aa442b1,1e05ecc7-149c-4c51-8e38-08004fb17708,cbc6c225-8319-4289-87e7-1faae780b18f,
78f32eeb-fc20-45fa-bdd6-0b44558d8f9a,1e05ecc7-149c-4c51-8e38-08004fb17708,cd76166c-10c6-4cd9-88ee-9d6b224c656c,
ae03e713-d91e-437f-a17a-bf6bfd9d7615,1e05ecc7-149c-4c51-8e38-08004fb17708,f59eb797-3986-4b3d-90f1-d24c87e36afa,
96b6975b-2f70-4df3-b2d3-dba811090040,1e05ecc7-149c-4c51-8e38-08004fb17708,fca4f73c-19dd-474e-860e-e79418d34f30,
c823df4b-ba35-4c33-a6b5-e3b90b675b9c,1e0be4fc-6f46-448d-9905-c554c9334cdf,7d204158-2f79-4cd5-bb42-580ef8d2ae23,
a7f51107-4878-4c1d-a3e5-dcd4f96eac80,1e0be4fc-6f46-448d-9905-c554c9334cdf,988973b4-922d-4636-8834-b9582885b024,
9279e478-9954-4888-b06b-687a4a12897b,1f3def24-590b-4676-a1af-6bb433e6bfc3,096633f0-6a60-47bf-9acd-916b327080d5,
bbcc78c8-466b-4c1a-907c-57b35f0622bb,1f3def24-590b-4676-a1af-6bb433e6bfc3,099916ac-abbc-4c1c-a31a-a939605098a5,
dc05d702-6f04-4b64-aec3-ac42e4458b4e,1f3def24-590b-4676-a1af-6bb433e6bfc3,47c8fd05-c993-4d01-bb00-bc554c08e32e,
34ea39f6-4117-4240-ac88-88dff9ea1dba,1f3def24-590b-4676-a1af-6bb433e6bfc3,b36a9782-f5ba-4553-a77b-855dd94d6e4c,
be913bab-089b-4706-9751-f894ec1f3d0a,1f73f5dc-06d4-48eb-a708-0f2f38ba5070,11e0cfaf-9d56-400a-b13c-b37cbdb1a86f,
16ee425c-57ca-4cf9-adc9-900d8dcec2f4,1f73f5dc-06d4-48eb-a708-0f2f38ba5070,27721bd1-7207-4c8e-b62f-c8b6d56d67e8,
6215098b-0023-48c0-941b-c530172c3d92,1f73f5dc-06d4-48eb-a708-0f2f38ba5070,2e28fb8d-898d-41e8-ae77-ef1cd86f7115,
0bc2ac1c-5161-4c36-b9cb-f12f0eab868e,1f73f5dc-06d4-48eb-a708-0f2f38ba5070,32bb8484-5d5d-4e6b-9490-3c4c434d6b1a,
bb518d3c-6bd5-4281-8f35-9b3ecc366be5,1f73f5dc-06d4-48eb-a708-0f2f38ba5070,33b65355-7bbd-4fc7-a1c3-9caadeec352d,
3e6ec8e8-f6c7-4543-82cb-d7f560f09745,1f73f5dc-06d4-48eb-a708-0f2f38ba5070,34efa440-4413-42d6-9375-5c6757e32d50,
6a11b1ec-7036-4856-8060-2f06203f54b4,1f73f5dc-06d4-48eb-a708-0f2f38ba5070,388dff73-0ec1-498d-9018-99b28fcfa0da,
bec10615-a624-4b17-97e8-b30737b4522d,1f73f5dc-06d4-48eb-a708-0f2f38ba5070,38b84592-3687-49dc-b8ba-fdb392d96e7f,
181dd33d-6c1b-4ee3-b0e0-6becc8f09a7a,1f73f5dc-06d4-48eb-a708-0f2f38ba5070,44bb6602-513c-4056-9640-bbcbe5ce4b3d,
b0a12abd-1442-4647-aa0c-a64dc6f212d1,1f73f5dc-06d4-48eb-a708-0f2f38ba5070,44ddebbb-ebe3-4987-89e5-a54edd212b08,
2c291389-2ee9-4bc6-9084-c7999ca8cfea,1f73f5dc-06d4-48eb-a708-0f2f38ba5070,5bab5d4d-d71c-48f6-a99f-f6667f978ead,
687b651a-5bb7-498b-886e-689341bf146b,1f73f5dc-06d4-48eb-a708-0f2f38ba5070,6040a29d-f8b7-47a9-8116-cf68e9f011f1,
97ae423a-a4a7-4ba1-ba81-1ff7eda8d190,1f73f5dc-06d4-48eb-a708-0f2f38ba5070,61256e24-cef1-499c-9537-61db6429ac5c,
04b592e1-cd05-4e97-9376-b10b338c5660,1f73f5dc-06d4-48eb-a708-0f2f38ba5070,63f94fee-1c36-4823-a790-e8dadeac87b1,
4434f271-6fc6-490d-840d-ec99fa505609,1f73f5dc-06d4-48eb-a708-0f2f38ba5070,6d9f5aeb-f7be-428c-9599-538b2ec3e9d3,
2697cfbf-06d7-4d0d-a7fe-c1e7c082d259,1f73f5dc-06d4-48eb-a708-0f2f38ba5070,71c5047d-8439-4cb5-a748-ad46a63ae524,
1e29ac53-68a3-46a0-a68d-508236d4fb7e,1f73f5dc-06d4-48eb-a708-0f2f38ba5070,76404772-581c-47f4-bc96-7eddf3269527,
9720580f-85f3-450b-bdd5-96d8f29f18c1,1f73f5dc-06d4-48eb-a708-0f2f38ba5070,7c86ff2e-f83e-493a-94cb-a80f5dfc2234,
26ba0503-a1ec-4385-a3cd-7eb52136e05e,1f73f5dc-06d4-48eb-a708-0f2f38ba5070,8cb46fbe-57ad-48b6-94b1-7755d66b9b38,
1a13b590-7050-4f2e-9010-d9858e34fede,1f73f5dc-06d4-48eb-a708-0f2f38ba5070,8fdb804f-3a89-407e-a3eb-b06bca79bc08,
3bf144dd-0075-4ac3-858b-bf2e35593c5a,1f73f5dc-06d4-48eb-a708-0f2f38ba5070,97a8df74-4fbc-4bd2-9874-b2a64135d204,
89a3e175-e9ee-4679-8960-fe3b3cc1eee5,1f73f5dc-06d4-48eb-a708-0f2f38ba5070,a9f40cd5-62b3-41b3-90a7-d9478a71bd3f,
342a7a39-6a63-410c-a770-0272889732ff,1f73f5dc-06d4-48eb-a708-0f2f38ba5070,addb9de6-a537-447a-9aff-8bb9c1d274c0,
573755f8-31fd-4ecc-9ce9-af13f7495236,1f73f5dc-06d4-48eb-a708-0f2f38ba5070,aff1a8f2-94be-423b-a520-3db076e1c4b4,
a37d90aa-5b2d-4271-b025-f2479cc80be0,1f73f5dc-06d4-48eb-a708-0f2f38ba5070,b01ef51e-4bce-452d-b83f-969dbec855a8,
1b2fe9d4-8cc4-45b6-bf21-9bb10a4c78fa,1f73f5dc-06d4-48eb-a708-0f2f38ba5070,c1a17ebe-5e45-4246-ad4a-f779a5909fcd,
110bbd60-e5bd-4a36-9836-dcd2a7768e74,1f73f5dc-06d4-48eb-a708-0f2f38ba5070,c3a83b96-8779-451d-baea-5119683cd362,
06fb5607-c168-4f15-a5b6-408ec592f83b,1f73f5dc-06d4-48eb-a708-0f2f38ba5070,c6be1b21-26b3-42a9-81e6-aa1e9073f22c,
ac5bd076-8470-4721-a9e9-724165cbcecb,1f73f5dc-06d4-48eb-a708-0f2f38ba5070,ce97474d-415e-45d3-8534-0dd494384db0,
d2309461-34b4-42e1-abff-ca2e801c7b44,1f73f5dc-06d4-48eb-a708-0f2f38ba5070,d99e55ff-d4d1-46cf-978a-b2e37093f90b,
cf9e82ae-93be-4298-83c6-b0b89d4bb936,1f73f5dc-06d4-48eb-a708-0f2f38ba5070,dd403e8a-88ff-4309-ba96-45eca338c6b1,
0eba6557-5f7a-4deb-915b-17c7d07ecf2d,1f73f5dc-06d4-48eb-a708-0f2f38ba5070,de2461b8-a933-4296-bd9a-25296aaf2a14,
f4fd9d13-fc0b-42c7-b91b-0d26e6ff2862,1f73f5dc-06d4-48eb-a708-0f2f38ba5070,de289919-07be-47e3-ac75-bdb370ed4e7f,
03031e94-86e3-4d65-b306-2ddc0cc7797a,1f73f5dc-06d4-48eb-a708-0f2f38ba5070,deb26ba4-88fa-4d31-9e66-0f6aeaa898c0,
8f9fe913-4cb7-4d90-bda2-ea3ad781fce6,1f73f5dc-06d4-48eb-a708-0f2f38ba5070,df175f80-f901-4799-a1b4-7ea5358b2b48,
75333be3-c190-415c-b934-dcb3f1bdc2d8,1f73f5dc-06d4-48eb-a708-0f2f38ba5070,f712a0f8-09cd-461f-a6ca-1dcbb7622fed,
bce99ef0-9695-4065-a4c7-0fa63772ac11,1f73f5dc-06d4-48eb-a708-0f2f38ba5070,fb694de4-8690-4c53-84f6-2c6b1879d547,
9c10ffdf-bf35-43dc-9493-3efd263d02de,1f73f5dc-06d4-48eb-a708-0f2f38ba5070,ff96524b-57c0-4009-bcbc-ecbded2923e7,
db860d15-a65c-467d-9db2-6470421b105b,1fdc38bc-7c9f-40c3-b7c4-89a024b84b98,1dcdefe1-095f-45e9-ab2b-c96dcf0c6ff5,
26adc702-83d5-40d8-b1b4-a1877ff9c957,1fdc38bc-7c9f-40c3-b7c4-89a024b84b98,2dabcfb9-300f-4562-88ab-1ceaaa33c817,
30dc38aa-8b5b-4f82-b2a1-20ec47b0fdf3,1fdc38bc-7c9f-40c3-b7c4-89a024b84b98,bb2451a7-25ef-43ac-a0fd-baa82ee44cc3,
c561dc20-7b18-4751-a5c3-acbe6ed28561,210c4197-ce1b-4aca-a459-08e501aa01d5,0e7bc965-07b6-465e-b0e7-6f8b7fe47fdd,
5218a015-ce21-4304-941e-d235bf211a29,210c4197-ce1b-4aca-a459-08e501aa01d5,5191b098-342a-43b7-a740-708cd56fedad,
0ed7c414-b18a-4880-811d-243953b3ae21,210c4197-ce1b-4aca-a459-08e501aa01d5,5efa5daa-4883-4908-b384-270d622da0da,
6dda2e46-f270-48c0-a466-505ed619bde9,210c4197-ce1b-4aca-a459-08e501aa01d5,6156252a-632f-4cde-a831-a047f9a5b560,
9fb5a7fb-bdf6-4bb2-a81d-e8dd1477419d,210c4197-ce1b-4aca-a459-08e501aa01d5,8862edd4-c04d-45e7-a5b8-8d60fd2109d8,
c499bf33-1138-40a4-a0dd-22b01857c791,210c4197-ce1b-4aca-a459-08e501aa01d5,aa56cf9a-be52-49a6-919c-ce8ed182915d,
d2b55a4e-a44d-419a-b7c2-9a643f1ce972,210c4197-ce1b-4aca-a459-08e501aa01d5,b40e6877-34d3-423d-a703-5700a9a2fca8,
52e1d05b-cd69-4807-9a74-ae280ad55612,210c4197-ce1b-4aca-a459-08e501aa01d5,bb96612f-c5d8-4531-8643-ed02afebac9f,
212f7370-ecb9-49b2-99d4-2f97409d9b86,210c4197-ce1b-4aca-a459-08e501aa01d5,bec8ad5c-b1f1-4703-be1b-bf14ebc23a6f,
3d9dbb39-5a89-4a96-a4ae-98be1c6aaa37,217669d1-4880-4cce-b4fa-99a41518975a,11279f31-ca83-4273-a52c-c9c9ed67e7ae,
289ea9ec-49a4-4ebe-a175-c0a92078b6d7,217669d1-4880-4cce-b4fa-99a41518975a,48ffc1d2-59c1-4136-8f45-99e9a4a7e69c,
7deb3751-b05d-4f09-ac9d-101ff69a8707,217669d1-4880-4cce-b4fa-99a41518975a,49c240fe-bae0-4fa9-9bd1-b42c2d503a9b,
0f6ced6b-9939-4313-abbd-7d2c39d9729a,217669d1-4880-4cce-b4fa-99a41518975a,5804c271-502a-4fe9-8d98-20588076ba96,
d073fa88-88c5-4acc-8b0d-c581a8796d71,217669d1-4880-4cce-b4fa-99a41518975a,64252258-3edd-4057-8a78-c7ff470995b8,
cb84d234-dd5e-4e27-b1e7-d21a76b11af4,217669d1-4880-4cce-b4fa-99a41518975a,83a7a08b-a8fc-4b81-b24d-32ffcbe6606d,
2bd84f5d-76c0-4c63-acfa-83c8c0056ac0,217669d1-4880-4cce-b4fa-99a41518975a,af2f43ab-c8a4-4541-a77a-2ea7edc82d5b,
adb0d7df-cc27-4537-b913-2672be203c6a,217669d1-4880-4cce-b4fa-99a41518975a,efe4b6d1-e1ec-4f58-8e2e-802bf44fff9b,
c404f8eb-3cdb-42aa-be7e-24bbf4a0f018,217669d1-4880-4cce-b4fa-99a41518975a,f8dd63e5-3cc2-4e6f-a41a-9462f316376f,
940a8c1c-460b-4ff7-b651-a192c00bfd4f,228a5ea5-b9a9-482c-8536-2612a65d3fe2,2f61608b-af0d-48d6-a094-bc0750664441,
a7152dab-ee6b-4351-9008-f6d1f5758e24,228a5ea5-b9a9-482c-8536-2612a65d3fe2,4cde2776-f939-42ac-9a97-b180dc6eb650,
5111b7f9-030e-4c6b-85df-6b389ddf2548,228a5ea5-b9a9-482c-8536-2612a65d3fe2,557aba40-c97a-4b72-9b94-52a64ea19dd2,
87329429-e634-4502-975c-2f53081c0286,228a5ea5-b9a9-482c-8536-2612a65d3fe2,6a5ad774-7ae8-4511-b755-8987d338c6fe,
e41d5203-db08-48d1-b2f8-0ff2d9da739e,228a5ea5-b9a9-482c-8536-2612a65d3fe2,9b3f9a8e-ac50-4fae-ba41-6c5624ddce75,
c024ba04-609c-4226-adbd-3aad71b70d85,228a5ea5-b9a9-482c-8536-2612a65d3fe2,9c15146b-1556-4323-b80e-8ec5cb5b64ac,
b76d278b-3dfe-4ed5-9edb-01e3e4f7da25,228a5ea5-b9a9-482c-8536-2612a65d3fe2,a518f37e-e4e4-4ec7-8c67-104ffa2fe5bb,
ca236bff-637d-4dc3-98bd-cb4670e37fc9,228a5ea5-b9a9-482c-8536-2612a65d3fe2,be2427ef-b41a-4b0c-9990-9cbce0a211bc,
b3148b6c-bd6d-4335-8f15-68a052344f01,228a5ea5-b9a9-482c-8536-2612a65d3fe2,c806d8e9-5347-4d5e-92af-5980f4e5d56a,
11d33e36-1aac-48e7-b79b-15319cf71301,228a5ea5-b9a9-482c-8536-2612a65d3fe2,eced9c0b-6726-459b-99b2-2f3c3d7df4ba,
6c433974-b8f6-4555-8439-d15884d4e195,2334fe7c-1f68-49da-bb4e-87802256d036,607604dd-d5ec-4a01-bcba-a73cbd31a369,
35970950-102a-4109-913e-287f12dfdade,2334fe7c-1f68-49da-bb4e-87802256d036,6c8c0f00-851e-4219-9745-d8a66eb37ce6,
de8bfce6-bcdb-4acb-a6f5-9d568fd0ac8f,2334fe7c-1f68-49da-bb4e-87802256d036,87f65a13-ecb1-4cd0-be1b-3d9c778eefdb,
49145eb0-b54d-4bfc-b887-bd157d81c817,2334fe7c-1f68-49da-bb4e-87802256d036,b9e61446-1a0c-4aed-8a48-0a33ae2ab3b5,
1380c518-5112-44bd-8ac4-ed9ba2b8e54b,2334fe7c-1f68-49da-bb4e-87802256d036,c69282dc-946b-48fd-bf6e-36ef9164f47e,
e534bcc8-9b2e-44a8-bf35-09a006627b8a,2334fe7c-1f68-49da-bb4e-87802256d036,c71928c8-40e1-415a-b516-f602d02692d8,
a097944e-dd3d-42f8-81a3-50c3e9e4fc29,2334fe7c-1f68-49da-bb4e-87802256d036,f3edb58b-f91e-4820-a511-6107f523a932,
a2c61992-9c5b-4fd8-879e-42a0bd91bfdf,2376ae38-7aeb-4673-875f-cb3c05604e9d,221904f4-6eff-40a1-ab04-8a7e1dae43c6,
365fcce2-97cc-482d-b3b2-6af06f73ddef,2376ae38-7aeb-4673-875f-cb3c05604e9d,27b77ec8-a2a2-4829-92bc-8b099cdc7d36,
8c6252e4-461b-44cb-b383-45b079abd5de,2376ae38-7aeb-4673-875f-cb3c05604e9d,2ddefc3d-0cb3-4595-ae47-03d53dde1011,
cfc7cb12-1454-4bb7-8401-7f8f8c788fa1,2376ae38-7aeb-4673-875f-cb3c05604e9d,400c8086-7744-4ad1-98c2-e672a5f1621d,
4f33c911-d6b9-4741-84f9-30c9d54cef49,2376ae38-7aeb-4673-875f-cb3c05604e9d,44f780f1-d557-4a87-bc1f-c92161b2633c,
79a26d30-ae29-4413-92c7-61bea7af3305,2376ae38-7aeb-4673-875f-cb3c05604e9d,5d3ec965-2a04-4f13-aef0-8289be922230,
c9b0f531-0f4b-49bb-9a64-cae1fb4c448e,2376ae38-7aeb-4673-875f-cb3c05604e9d,6d76c501-c3eb-4e7e-9bec-63644a976d68,
e8a5452d-82aa-4334-8e71-ebb3f01afdf7,2376ae38-7aeb-4673-875f-cb3c05604e9d,6f932de7-30a5-4f4a-aa31-f0e57119c37a,
39e7478e-b741-4f7d-b57b-88acce318354,2376ae38-7aeb-4673-875f-cb3c05604e9d,737339d0-3241-4dc8-ab88-75277139f858,
be065caa-bdfd-45a0-bdc1-7e20410b4ac0,2376ae38-7aeb-4673-875f-cb3c05604e9d,9050c3fd-8405-42da-9829-9115bfd90e47,
0d21fb85-a2c2-4654-965a-2a1acf42bccc,2376ae38-7aeb-4673-875f-cb3c05604e9d,97f10337-a8ca-4f4b-9035-334d8112e816,
26d1f1c0-21e2-4ae0-8411-fa0c1c15f74d,2376ae38-7aeb-4673-875f-cb3c05604e9d,a1340fbb-7c1d-454e-a530-bf45ae3055bc,
018fab5b-07d0-4264-ab38-f2d6b044edda,2376ae38-7aeb-4673-875f-cb3c05604e9d,b9de5311-a6a7-4487-9017-cf0e2d0c88e3,
71bff693-d789-4556-9fc1-a7c51cb8bd94,2376ae38-7aeb-4673-875f-cb3c05604e9d,d212461c-06fc-40b8-a2f4-a53062ca6aeb,
ebf636b3-0f62-4c34-a642-9552e91ca782,2376ae38-7aeb-4673-875f-cb3c05604e9d,df2c2617-ca90-4ebb-9b7b-943db4d4af02,
6eaae81f-851f-458e-a275-8fb5e970fa01,2376ae38-7aeb-4673-875f-cb3c05604e9d,f001d739-f043-48ca-bc39-fc08a0a9893f,
ecdd3192-f1ab-406e-92de-ac6311651675,2376ae38-7aeb-4673-875f-cb3c05604e9d,ff37f953-7328-46b0-9cad-4b50ceabb296,
f78ed5cf-59d3-48ae-945a-02d158e3931e,2383d443-d5b9-4295-bccd-6ea0f6f97f33,407451c1-aff9-431e-b7ef-f0c21e43e550,
66e0e89a-02d9-4276-b9ce-5eb37b554fc9,2383d443-d5b9-4295-bccd-6ea0f6f97f33,7ebbbe0a-b4a5-4a18-bead-64fd7d630dc6,
37a96775-d4fd-45bc-b239-8eba710c51c0,2383d443-d5b9-4295-bccd-6ea0f6f97f33,bbebb2e1-7f6c-4529-b19a-c114854660e9,
6b23e579-efa5-4208-bb28-0b87ee0273cc,24ee200a-f187-449b-b7e5-b5fd13ac1b1a,3212de9a-b50d-46ad-bcb8-7d371b525081,
a81896c1-7424-444a-ae23-2a85c81d20a7,24ee200a-f187-449b-b7e5-b5fd13ac1b1a,a6b0c470-9c8c-4ebb-a21f-7877789d3064,
1faf2720-00e8-47bc-8521-4522b91ea110,24ee200a-f187-449b-b7e5-b5fd13ac1b1a,aeba6e20-083a-4bdd-ae45-6ef84bc56c73,
2bb706b7-8282-45b6-a165-aed75b93a0ed,2a30d3a1-6656-4979-a31f-780ce453bec2,0c3f7547-3fb3-49b7-8287-dd83ea5285d8,
427ab790-aa82-4194-94da-f4b93e64d0f4,2a30d3a1-6656-4979-a31f-780ce453bec2,38ab7c3c-81a5-4ff2-a0e3-783a1e57207a,
cc570ffa-c19a-4509-98fe-06d584c5e9ab,2a30d3a1-6656-4979-a31f-780ce453bec2,422cb881-c99a-4fc0-b1bb-5c9ef45e180c,
624aa679-cafe-4cf1-8500-8019ec81c768,2a30d3a1-6656-4979-a31f-780ce453bec2,99f0836c-cf50-4b1b-9660-e47c1f9fa495,
d5694c93-e31c-4ac0-bb41-f8b5d39eea99,2a30d3a1-6656-4979-a31f-780ce453bec2,a4d4f561-e26f-4d97-a9ce-d1f2ce31f030,
82680bd6-dc35-4418-9e2c-dd2c1620d018,2a30d3a1-6656-4979-a31f-780ce453bec2,fbbf91b3-6583-4978-8219-4c285b0fd5ea,
33c33ed9-7774-4555-b6e4-8c2634246b59,2d83a1e8-5e99-490b-be04-db67f94cf611,0b3a0f69-11cc-4959-a2ed-7be9a1c63ca7,
c792020e-9ffa-4e2f-92f2-702273ce5953,2d83a1e8-5e99-490b-be04-db67f94cf611,d771c942-fbb8-4d17-b4cb-5de0a19a209f,
673ce436-9335-4c13-a2cc-35f39d30ec20,2eba8c1f-5a5e-4f6f-9405-e6f939afddb3,415bfdc6-df62-4dba-8ac2-050b20fd40c5,
023a8388-3535-4330-acca-599db9faf53d,2ed6a7c3-0c6e-4024-90fc-30c7042c5e0c,059357bb-a328-4387-a523-7762a573c917,
128c9ed5-80e2-4cfd-8d98-d77345d660e4,2ed6a7c3-0c6e-4024-90fc-30c7042c5e0c,19aa797e-efb9-49a5-8904-f93b0d4a2559,
fd99b1b2-8be5-48ac-b252-79fade520803,2ed6a7c3-0c6e-4024-90fc-30c7042c5e0c,26528da5-3f48-4db4-9844-c08bd5b2202d,
c5caa5f5-0225-4417-a84b-59dedc35895c,2ed6a7c3-0c6e-4024-90fc-30c7042c5e0c,56a07099-fc9a-4295-85a5-c8f35be15e62,
2a8f4f7e-5f3c-4f3d-bd48-0d6f1630761e,2ed6a7c3-0c6e-4024-90fc-30c7042c5e0c,5a19cf1c-39f3-4597-971a-c38056b21e8f,
aba55264-9ef3-47ae-8df6-7421d3eccf32,2ed6a7c3-0c6e-4024-90fc-30c7042c5e0c,5ac4de99-8184-4056-8b4d-ffd3dc217967,
758b34eb-09b8-4d7b-bbf0-52b64c4499fb,2ed6a7c3-0c6e-4024-90fc-30c7042c5e0c,608219bf-a8e6-4c2d-9daa-92372e68ea9e,
88955bd4-5a07-4f56-ba89-c1bf78d4b3a6,2ed6a7c3-0c6e-4024-90fc-30c7042c5e0c,643f969c-148b-4b64-8f06-7299a83d357c,
206681da-3756-4815-8ed2-b77150945192,2ed6a7c3-0c6e-4024-90fc-30c7042c5e0c,673481b7-c665-4689-a22e-1781e46f342b,
60524dab-b6ea-437d-bb5c-66fffb61eb83,2ed6a7c3-0c6e-4024-90fc-30c7042c5e0c,677a1b81-e909-4a4a-8fa0-135aa9959fdd,
7d91afb5-1a4f-4e35-ac6d-7f1979ee61c1,2ed6a7c3-0c6e-4024-90fc-30c7042c5e0c,84b04d79-4bbd-4e24-a2b6-8fcf97c7ffcf,
4a26ba6a-db29-49c3-ac60-73884241d87c,2ed6a7c3-0c6e-4024-90fc-30c7042c5e0c,8c1990a9-4a1d-4324-90e8-91e2a242d119,
83b10dfc-9d81-4536-9003-21bb4e502b99,2ed6a7c3-0c6e-4024-90fc-30c7042c5e0c,9347e2b3-c059-4c44-a468-238068557725,
c2cab24e-9455-48b8-941e-f3e9894cc8b6,2ed6a7c3-0c6e-4024-90fc-30c7042c5e0c,a8adfbfd-cee9-4294-8412-172af24b02ef,
59c692dc-1d15-4211-8494-2843c9d088ff,2ed6a7c3-0c6e-4024-90fc-30c7042c5e0c,b2fa58f1-9d88-471e-9d2e-0c9eeb91dd5e,
14b85722-4e9d-4d8b-9ec7-0a52fb17aee5,2ed6a7c3-0c6e-4024-90fc-30c7042c5e0c,c379075e-81b1-4589-ad89-8d63a8c517d7,
482219a7-357e-4f7e-8064-c4cd7c2a7cca,2ed6a7c3-0c6e-4024-90fc-30c7042c5e0c,c957f673-6143-4bb2-8743-9da259cf57b8,
a7043fa0-8da9-41a6-bce8-f8a6b550f970,2ed6a7c3-0c6e-4024-90fc-30c7042c5e0c,cdba3d70-d1a3-4d7e-9dc3-c90b8ddde3b4,
63a48715-4de9-4f61-a8f1-eb7d91977ff6,2ed6a7c3-0c6e-4024-90fc-30c7042c5e0c,e0d5a876-5157-400c-8d81-dc33547990f7,
16d58483-9ec5-4f2b-9f99-514be713c226,305e67f3-421e-4e82-94a2-44400a7fc7c5,0baa7a0c-1269-48a3-8b34-7af8a9090847,
89b1a7bc-4322-4991-8627-31e1801ebe42,305e67f3-421e-4e82-94a2-44400a7fc7c5,0cb4db33-6215-41d4-b964-3fef59ff59d2,
710485a4-ae50-4c2f-abdc-c14a87034ccf,305e67f3-421e-4e82-94a2-44400a7fc7c5,1bcfb61f-3d98-47c4-a1af-55246043a744,
6ac2f49a-d36e-4e33-8c34-6fbfc26328ef,305e67f3-421e-4e82-94a2-44400a7fc7c5,4645d2e9-5173-4fc8-bbaf-3d04bc301e87,
e7b87213-57f9-4ba9-bb29-fe1b6d7e69a5,305e67f3-421e-4e82-94a2-44400a7fc7c5,65af4089-d2a1-4ea2-9600-0f4cbd73d2c5,
7635747e-df38-4dc2-9459-44458eb0b50e,305e67f3-421e-4e82-94a2-44400a7fc7c5,8cc55b82-cbcb-4be7-8ca0-bc9a00d938de,
a755490b-a1b9-45d9-8a4f-05f9a3760d8c,305e67f3-421e-4e82-94a2-44400a7fc7c5,9396ec01-9b63-480e-ac68-b33b4c025e82,
2c609a7b-568f-4219-be39-03799c28d201,305e67f3-421e-4e82-94a2-44400a7fc7c5,940fb439-b99e-434f-8f26-00a2b4c9516f,
98c814e1-fc86-4e30-b560-94e7a8e75ff8,305e67f3-421e-4e82-94a2-44400a7fc7c5,a799b42a-e402-4e19-896e-2888f5ffce4a,
f11027af-86c3-40b3-b4f8-45d3c3752a41,305e67f3-421e-4e82-94a2-44400a7fc7c5,b195588d-c8b2-4f1e-8da8-9953d395deff,
701554e0-618d-4e89-9044-3791838db32d,305e67f3-421e-4e82-94a2-44400a7fc7c5,bb9d278d-7e78-42a8-8989-93a8aed4ee46,
96b799ac-fd36-4490-88c8-df56000b95ab,305e67f3-421e-4e82-94a2-44400a7fc7c5,c13138de-ee75-4ce2-ad6b-acaa5208aad4,
922eab1f-b9b7-45aa-87ec-8038f06fb344,305e67f3-421e-4e82-94a2-44400a7fc7c5,c15f5d68-e68d-4ac6-b433-2549304391af,
b0ed888e-2687-47b1-822a-650addf1a46e,305e67f3-421e-4e82-94a2-44400a7fc7c5,ed26435e-8697-44e3-8e43-0ab3f2fcb946,
3b48df8a-bba5-4d90-9dae-8c50ff147fea,31b47533-9319-44c6-a6b3-3b4ff9c9d8cc,00d6562e-2f19-4bef-9930-bfc9682196a6,
d7512a95-31b5-46de-9186-62645e25ae1d,31b47533-9319-44c6-a6b3-3b4ff9c9d8cc,0176006b-7cc9-42f3-867c-2c00cdd60e0e,
d72db336-2150-4ac8-849d-19f534ac2798,31b47533-9319-44c6-a6b3-3b4ff9c9d8cc,0c35bc56-f7af-48aa-a9e4-e9d3db3a4777,
9a4c7519-0b00-40c3-963d-972b0cf2ca5a,31b47533-9319-44c6-a6b3-3b4ff9c9d8cc,2df5fbbf-4673-46db-93e2-8101cddfbe8b,
d1de2204-fb3a-444f-a612-70e1510a2831,31b47533-9319-44c6-a6b3-3b4ff9c9d8cc,3ed27a57-13a8-4819-bbcb-fe84f61c86a0,
ccdb3a1f-f6b5-4554-b5f6-ca466c93881c,31b47533-9319-44c6-a6b3-3b4ff9c9d8cc,86dde809-3b1d-433f-a0c9-2f5d5d06ea4f,
8f572e81-9698-427f-850a-37b4815441fe,31b47533-9319-44c6-a6b3-3b4ff9c9d8cc,91d3ba8c-f954-4eaa-be86-0b7db7f2f707,
fe45fbd2-ea4b-4642-8922-f448ae24f002,31b47533-9319-44c6-a6b3-3b4ff9c9d8cc,a28c5436-2e51-41e9-be65-085b0ba21830,
80dc703c-41b1-48db-a861-113eb594baf5,31b47533-9319-44c6-a6b3-3b4ff9c9d8cc,a3fe828e-0d82-417f-9e5a-ca40090f2357,
6b17c12c-cd4e-4cd5-808a-c690be9f94f5,31b47533-9319-44c6-a6b3-3b4ff9c9d8cc,a897234e-e9ab-4574-9fcb-079d760fcdeb,
6e73ec9b-a058-4ca3-ba79-d7119c456d57,31b47533-9319-44c6-a6b3-3b4ff9c9d8cc,bc8f06cf-1d17-4235-a389-e6a22592c8a8,
05d1167a-5d2f-40ef-9a50-db573704c17a,31b47533-9319-44c6-a6b3-3b4ff9c9d8cc,bca61cb1-b3a6-4790-b113-ca4a5f047dd3,
a44cd8f2-f39a-49b0-835f-bc124e39b60e,31b47533-9319-44c6-a6b3-3b4ff9c9d8cc,bd8ee58e-9b25-4461-93a7-5e0d0d9c1424,
834c66e2-2da7-481d-ad66-24c0565eb73c,31b47533-9319-44c6-a6b3-3b4ff9c9d8cc,c6e7c8b0-6788-4f9e-a497-162adcbd0113,
9d3510be-281b-4ddb-a189-65024e4011a4,31b47533-9319-44c6-a6b3-3b4ff9c9d8cc,ccef0e23-be7a-4c4b-ab1d-7d122deedc39,
a012a5a5-cc11-4c3f-b750-d91b86979e40,31b47533-9319-44c6-a6b3-3b4ff9c9d8cc,d89d5418-7b78-415c-a1d5-70af0b37bfec,
7f260125-123b-48f6-997c-ae58552b253d,31b47533-9319-44c6-a6b3-3b4ff9c9d8cc,e92423c7-5c3b-4d04-a416-4dfea1e74dda,
97f3e577-4255-4d66-810c-a98035cd864a,32ef76d0-e585-44dc-877f-7ac018de1255,032073b2-3c1c-4520-9b33-2edbeb2f728c,
11dd2219-3fc5-4f57-a71c-7046315d38f1,32ef76d0-e585-44dc-877f-7ac018de1255,08b494e8-870c-407a-914f-032a1da13f1d,
49b01a6b-9f75-46b5-9ec5-16828bc1574f,32ef76d0-e585-44dc-877f-7ac018de1255,0ea65e1b-370a-449d-a80b-0987d951009b,
777cbb4a-73b8-4aa9-98da-f181c996dcff,32ef76d0-e585-44dc-877f-7ac018de1255,12d5263e-6a2a-44f5-b1b6-3963ff0f3f78,
9a38e668-286d-4f11-90ae-b8cfed69557d,32ef76d0-e585-44dc-877f-7ac018de1255,1387c25a-ca4a-428d-adb9-2ea57c5d71c7,
da3d86ef-15dc-4a2d-8c46-7b66666a431d,32ef76d0-e585-44dc-877f-7ac018de1255,154a8a83-688d-469a-9c40-b1345e80c952,
c8bc593d-ec89-4b76-8102-5dfede160c9d,32ef76d0-e585-44dc-877f-7ac018de1255,1742eed8-c409-4731-82ed-0182dd12c565,
6ae5be17-73b0-4225-9967-873caaf22b9b,32ef76d0-e585-44dc-877f-7ac018de1255,29f11d62-3506-44f6-9166-854e41d272b8,
a2734844-1a19-4f79-87bb-179a47a656d6,32ef76d0-e585-44dc-877f-7ac018de1255,2b1c88e7-c26c-4542-9536-e5cd5e9de3f2,
6cc58999-3491-4d3d-9871-e27330ee8cca,32ef76d0-e585-44dc-877f-7ac018de1255,39263459-78a7-43f1-8b5b-f2c6b845999b,
a9371a06-2fda-4b80-9c97-4f979ecebb06,32ef76d0-e585-44dc-877f-7ac018de1255,64725179-28fc-4313-abe4-06ab8b4eec05,
56a5b51b-752f-4d2c-9bb3-8ba430335a3a,32ef76d0-e585-44dc-877f-7ac018de1255,6e223e56-0ba7-4773-8220-c47244a0f3a4,
402fac81-c028-40f7-a70f-3e5646be8fe9,32ef76d0-e585-44dc-877f-7ac018de1255,7f4900ad-d1bc-4a62-969a-361fab40231d,
1e0f2299-5d20-46ec-ab7f-7d7e6a146362,32ef76d0-e585-44dc-877f-7ac018de1255,87171744-d3b6-46ca-a235-2b1ed02e75ec,
064885e7-46f3-498c-97bf-8fdff8ea531a,32ef76d0-e585-44dc-877f-7ac018de1255,87c9ab4d-316f-4e08-a024-a8a46a688d77,
4a65743c-663a-4bc6-b275-897223c02e2c,32ef76d0-e585-44dc-877f-7ac018de1255,a71f10b7-eca7-42b5-9ade-b02869634ad5,
77d5d727-a45d-4e13-b272-b719b390a338,32ef76d0-e585-44dc-877f-7ac018de1255,df27fb18-7947-4a5b-9aa6-9b128d36c0db,
001a754b-6e18-489f-8ffb-02afbe7aeb88,32ef76d0-e585-44dc-877f-7ac018de1255,e45b5426-24e2-4c13-afe7-2ad62a181301,
55ef0280-83c7-47c1-8e0b-8a2b372ed733,32ef76d0-e585-44dc-877f-7ac018de1255,ec05614e-c2a5-4da0-9a79-6d6c50844e43,
08277d60-87de-4120-83dc-cef09aa065e0,32ef76d0-e585-44dc-877f-7ac018de1255,f00cd2db-6d79-45db-8651-79c388aea92e,
6a2b7264-63e8-4c1e-9eb6-33135ae2a788,32ef76d0-e585-44dc-877f-7ac018de1255,f0699ae3-24a3-4c69-aaf8-ce726ba9d584,
d547dbae-fd1d-409d-810c-de9166a274de,337991b1-e122-48e7-a08c-020b8a4382b7,02cf42f3-976d-48e0-8f24-b355394f74d1,
4c34407d-6bb5-4609-92e6-86afce0e7892,337991b1-e122-48e7-a08c-020b8a4382b7,0397d368-8eb1-43ba-ab9f-a2586abf8922,
afaa2445-0cb9-496c-b927-bf522017d58e,337991b1-e122-48e7-a08c-020b8a4382b7,2b6a0724-2ba6-4724-9af2-d725b7dfd476,
b23f6c22-5ddc-4b4a-bd71-ee5320780070,337991b1-e122-48e7-a08c-020b8a4382b7,4ee2d772-e673-4ce6-bb35-c9ffe218daf3,
77e18755-6ed9-48c4-9271-2d66e516a761,337991b1-e122-48e7-a08c-020b8a4382b7,5c1d99e7-1ead-4313-a509-2222e01c0893,
af0b87ec-f174-4213-989b-45d973197a72,337991b1-e122-48e7-a08c-020b8a4382b7,6f543ca8-aaeb-4f64-98fd-4ea2f577f53f,
ac73c0ce-9dd2-4d49-a17f-afeff8dd1915,337991b1-e122-48e7-a08c-020b8a4382b7,76029fe8-5721-4c6d-8963-8edcfeb3c76a,
d68abe75-8b87-4f45-8898-ad8b21804420,337991b1-e122-48e7-a08c-020b8a4382b7,7832d0ac-de7d-44cf-b12e-a1e195422781,
a87429af-96ca-4663-978d-a80a4ca1af41,337991b1-e122-48e7-a08c-020b8a4382b7,8693cf34-d168-421d-a8dc-771f0324a70a,
fc2f7dc9-3767-4938-86da-c74c6e6c1684,337991b1-e122-48e7-a08c-020b8a4382b7,89ef0f0e-352c-477f-9f4b-22ea0e750bf5,
b4c1e931-5ade-409b-a222-e92bccad51e0,337991b1-e122-48e7-a08c-020b8a4382b7,c188f8c2-dfa3-46b2-ae3e-7e9303ba9ed4,
353fcd2a-4d33-40fc-9287-92de98f062aa,337991b1-e122-48e7-a08c-020b8a4382b7,dd881f9b-77c9-4fa8-beda-e5329251dbdc,
ea5bcb35-e7ae-402f-9439-c64f2b8620bc,337991b1-e122-48e7-a08c-020b8a4382b7,de3bd4e5-85e6-4e42-bff0-a2669e28a7fd,
97328104-e54f-455d-a2ff-6b1f4ee97412,353a5a00-0436-4a76-a917-fb1a48f15490,0633e920-36cf-4fc1-9cc3-cdf9f85d66f7,
061e8d59-8d43-4d06-9397-f718a248d708,353a5a00-0436-4a76-a917-fb1a48f15490,101d2565-8882-4be7-a2b0-70ef209e3a72,
2cbacc5d-9872-4f00-9d97-0ac57f734223,353a5a00-0436-4a76-a917-fb1a48f15490,529483f5-d8bc-40a9-b205-a1d64e2436dd,
72a3ce29-cb2c-4f75-9098-09b05415deb2,353a5a00-0436-4a76-a917-fb1a48f15490,529ad773-2bc9-4da5-92ed-6dce10c14eb6,
4f0815b6-3fc8-4f0a-87e3-13be9192cc1d,353a5a00-0436-4a76-a917-fb1a48f15490,69884761-1c89-48d6-9855-8eac8cfaab2c,
3c77f233-2fea-4992-80ac-afc9ec5fec57,353a5a00-0436-4a76-a917-fb1a48f15490,80acb2bb-016e-416f-b38e-e722ddf731bd,
7d252ba9-911f-4dd6-8af9-a51ff1cca677,353a5a00-0436-4a76-a917-fb1a48f15490,975c0f0f-0a8b-448d-a059-a0025024b0dc,
bce0d6a0-c85b-4173-bf26-5121ecaaec5e,353a5a00-0436-4a76-a917-fb1a48f15490,99bbaf19-ac65-4f13-98b8-0673ca24fdca,
a6749484-4cbe-4842-b84f-69e3d66e3c9c,353a5a00-0436-4a76-a917-fb1a48f15490,9c3e5303-b011-4e9f-b03a-a69f70fd3b9c,
d9898866-d30b-41d5-aba6-fd876c73f99b,353a5a00-0436-4a76-a917-fb1a48f15490,a6151c2e-254e-4a1f-b49d-fee65bba96d7,
34865125-7a45-427b-8892-060d9e1dfb97,353a5a00-0436-4a76-a917-fb1a48f15490,b39c33e3-b4d7-4e15-9b1f-498eaaa26b60,
1ff4053a-9555-4c5c-934a-6e0b9002407b,353a5a00-0436-4a76-a917-fb1a48f15490,f0e27677-536a-476e-a6e5-d09b34e641d6,
5bf1ea84-281d-421f-9f59-c81d5772d37c,353a5a00-0436-4a76-a917-fb1a48f15490,fd0cc971-13e4-4225-8e9d-6bacb2ecc1ca,
07b00a84-06a6-4cc9-9344-837e17a0c911,35d1eba5-2978-4bf6-9f5e-188fcdebb4f1,028d2771-808d-4e8a-8af6-b16219524ace,
927d82a3-cb9d-4bcf-b111-5fd57ecb7e1c,35d1eba5-2978-4bf6-9f5e-188fcdebb4f1,0a1290b5-2964-46d5-bac7-b57dde109cb7,
f879b410-0764-4b7e-8ee8-3bf9fa50df3a,35d1eba5-2978-4bf6-9f5e-188fcdebb4f1,5a5b121f-43c0-47a1-8f61-c41c99c268db,
7de6adfb-219f-4cbd-b93f-88c9d78d5622,35d1eba5-2978-4bf6-9f5e-188fcdebb4f1,f26badbb-1076-4bb8-b061-87c8b1abc3d7,
1bec1e5f-8a24-4c14-909c-e7a1dcf20b30,365c4aa1-165a-410a-9e98-b6c492ff9a41,04d6d44d-b597-42e7-9831-fe720da998af,
c53287ce-5d4a-4849-a709-bade8fca06db,365c4aa1-165a-410a-9e98-b6c492ff9a41,1fd2aa40-0174-4e63-998e-a76eadc4cbba,
29cc216a-0bce-46f5-8097-8fd14ca32510,365c4aa1-165a-410a-9e98-b6c492ff9a41,3733eea2-f023-4cec-b549-f4753067e78e,
1d7a5b7c-627f-4178-b84f-841a8223794b,365c4aa1-165a-410a-9e98-b6c492ff9a41,38862beb-5e8d-4536-bbf9-6f8e5b09dd8e,
3263c718-6907-42ba-abcb-fb729cfd074e,365c4aa1-165a-410a-9e98-b6c492ff9a41,41b1fb98-b6f1-4321-9f45-29b2f12bfbbe,
85518dcc-3bb4-484e-86f0-dd946b78aa25,365c4aa1-165a-410a-9e98-b6c492ff9a41,53194437-9187-4d6e-a457-af1fee3e2bc3,
150ec980-6f72-47e1-a1c0-84f4d1f51fe6,365c4aa1-165a-410a-9e98-b6c492ff9a41,5585d2e4-d749-4c59-b2a4-d2be86367e4f,
30b5b46c-cffa-4990-9cc9-04e29c572674,365c4aa1-165a-410a-9e98-b6c492ff9a41,673d6b66-8eec-45af-be11-5999777ba7bb,
10da91c5-4abf-4b68-bd46-4b32912c5869,365c4aa1-165a-410a-9e98-b6c492ff9a41,6d1b945f-fdb1-479c-972c-dbfcf24ea738,
76a71d98-24bf-47d2-91ef-0a5fe924e16f,365c4aa1-165a-410a-9e98-b6c492ff9a41,758df589-8b57-4854-a6a3-56a5165b6b20,
31e01543-1658-4342-bb0d-9e6a423ee4e0,365c4aa1-165a-410a-9e98-b6c492ff9a41,b7acfa41-b7de-4034-be2f-4d996fe4db38,
212ed951-7a5c-41d6-8d54-f7092fbf6247,365c4aa1-165a-410a-9e98-b6c492ff9a41,fc64a9ad-5b1c-45a0-ba55-8e6e6c84040b,
64904bdb-5add-4cf8-9289-97a07291f274,36afac5d-bfb2-40e2-8c11-a6720f2039dd,147cca70-45f7-4fff-b678-c67fab240f77,
12c24540-92e1-49ee-a17d-df09dc926298,36afac5d-bfb2-40e2-8c11-a6720f2039dd,24b61d03-91b3-47f5-930d-7e90cff1df21,
9186340a-8318-4b18-b339-8c184b57826e,36afac5d-bfb2-40e2-8c11-a6720f2039dd,29749543-0552-469e-8461-7cd69e70e157,
e83d2b47-5733-4358-b5d7-a2e9f41c86cc,36afac5d-bfb2-40e2-8c11-a6720f2039dd,41a7d107-edc8-4386-8887-fa164f50e04e,
be8c515d-fddf-4a19-aa2e-2bf435f3efcc,36afac5d-bfb2-40e2-8c11-a6720f2039dd,44a2fba4-6346-4dcc-84c5-2e2c253ba5ec,
12dcffcb-62d9-43cc-80d2-2f7bf6ecbd9e,36afac5d-bfb2-40e2-8c11-a6720f2039dd,56d5c853-8cb0-4b95-8f72-f211a5a74bac,
eb6117e4-3f86-4eec-8a3f-f087f30163fe,36afac5d-bfb2-40e2-8c11-a6720f2039dd,5d4b1c44-7507-4924-bf12-181d69aecdbd,
c6bcfaf8-9b24-40cc-b6d9-ac9bd814466c,36afac5d-bfb2-40e2-8c11-a6720f2039dd,818e8049-e995-4242-bce0-682e98700ffc,
46a65d8e-b19a-4db4-b2c8-028a97a3db9c,36afac5d-bfb2-40e2-8c11-a6720f2039dd,93e6ed8d-1c9d-48fa-a719-43307515baf8,
f7463b96-d2aa-4016-976c-6f1ca518ddd2,36afac5d-bfb2-40e2-8c11-a6720f2039dd,a2a0e61d-c034-49c2-ae9e-d69fe78d4c87,
4a8b6035-4476-4c1e-95ee-c1165ad0be74,36afac5d-bfb2-40e2-8c11-a6720f2039dd,b2ce19f4-6ba3-4ccf-9f09-0d002be15315,
df4e98bd-ea34-4d69-a953-1ad22e20f429,36afac5d-bfb2-40e2-8c11-a6720f2039dd,bbb0dff5-842d-4499-9867-4922b843dcbf,
1e11d911-3fde-44ea-abd5-d9bebb9bbe75,36afac5d-bfb2-40e2-8c11-a6720f2039dd,ce394e95-e20a-4cc8-9fa3-a90f5f83cfb1,
1c9c2b70-f83f-409a-a5b5-f84484ca2821,36afac5d-bfb2-40e2-8c11-a6720f2039dd,dca0600a-6f9a-4062-bb9b-6714fa2e7373,
cfb3e8b6-c5bb-432c-addd-a7502e5b9d62,36afac5d-bfb2-40e2-8c11-a6720f2039dd,de27195c-cd33-499d-ac11-238a235eee57,
a3d1caa1-5b9d-4765-90df-89414b8a7ee7,36afac5d-bfb2-40e2-8c11-a6720f2039dd,e2a7baad-7618-4e3f-98b6-ae4aa60fa135,
53118e2b-ab97-4ab9-bc87-b0a59df38c99,36afac5d-bfb2-40e2-8c11-a6720f2039dd,e35e5140-94f1-4029-9223-1bb02003935e,
4fb5c7ba-bb4f-4f96-9b1e-66a1daa8f1d9,36afac5d-bfb2-40e2-8c11-a6720f2039dd,f3db958e-1898-4d7d-896d-b0a4b6245638,
e2ce73b5-b79e-4089-9f43-1de5990549ca,36afac5d-bfb2-40e2-8c11-a6720f2039dd,f4bc1d98-9257-4619-ac56-b9b004e6a7be,
01d1a931-8bc2-4497-9c5c-bee7a9e8edce,36afac5d-bfb2-40e2-8c11-a6720f2039dd,f9dbf68b-eaa3-4128-99c6-a710234a2c5a,
2105ef01-90b4-48c3-8c6a-124133f66caf,37b07384-4db7-4df9-80af-0dcce38ff978,020907e7-c582-4cf0-b395-8c93d55a2bd5,
bcc57306-a966-4667-bf55-fe038375e0c6,37b07384-4db7-4df9-80af-0dcce38ff978,5ab43674-26fa-4f78-b6b1-ddc62aa62c70,
29866823-65a7-4637-b941-4b4478211465,37b07384-4db7-4df9-80af-0dcce38ff978,6fcdeab8-2d64-4709-ba75-c67f20a90622,
577e5641-b9b7-460e-9121-65243adaf5cc,37b07384-4db7-4df9-80af-0dcce38ff978,80ce47ca-21bd-4c28-a9e1-9e6e10e08135,
85b82c45-90fc-4e23-8cde-b49be9b47d9b,37b07384-4db7-4df9-80af-0dcce38ff978,825c1758-fd61-40c4-a62a-36092205c8d1,
3fc525e9-8457-4978-b83d-787efb203da0,37b07384-4db7-4df9-80af-0dcce38ff978,e004b3ce-73e8-46f7-a575-89ca8edb148c,
75650a9f-bb40-43f0-af37-907407e66582,37f4523b-0985-4456-8dea-acbebb9480bf,2ed68e23-37bc-4f3c-9cbe-f6674e06114a,
f328f59d-2e8e-4ad0-9319-093fd4ae78ca,37f4523b-0985-4456-8dea-acbebb9480bf,46c945be-7c47-44cb-9710-c842e2dedeb4,
34cb1dea-c1ed-4a5c-b42a-3f9a97387603,37f4523b-0985-4456-8dea-acbebb9480bf,8ad5d473-9d8b-4c1b-8de6-152332606eca,
616b2afc-c94d-43f4-83b6-e41d5da5519f,37f4523b-0985-4456-8dea-acbebb9480bf,a254f86f-5b93-47d6-9bb4-4ddb14635ffe,
34438e70-dc3b-4153-bd3e-81a089002bdb,37f4523b-0985-4456-8dea-acbebb9480bf,ae66d756-8c6a-4c6e-b11e-d988ad88ad56,
1a75d527-c632-4e62-a94f-815ce49fde3c,37f4523b-0985-4456-8dea-acbebb9480bf,b9745c07-9c21-4d15-97af-d264c7ea055b,
a787c373-cd05-409e-9d5c-0f6980a9e452,37f4523b-0985-4456-8dea-acbebb9480bf,bf356547-f22f-47b6-974b-44ed993e7d49,
e24e1fe7-065d-4aba-98cf-5e4e15b7157e,37f4523b-0985-4456-8dea-acbebb9480bf,d7f5a768-7345-49ac-a6ae-9f7fa6259a5b,
cc7e98ba-cc55-4add-be00-52c77ba6e8cc,380d0f12-f005-4f28-a061-a74d35dbc087,945a7e29-0bb7-4fe3-b9d1-9118ff983d97,
a52aa210-ffc7-4b22-a7b7-0fa9a29297ac,380d0f12-f005-4f28-a061-a74d35dbc087,afec864b-6502-4202-bfeb-27c6f012e17e,
3c3c430a-ad70-4ce1-9ab6-a54abeae92d7,380d0f12-f005-4f28-a061-a74d35dbc087,b9468292-917b-4718-b43b-d98583f2907b,
63a75987-962a-44dc-a86c-a8eb8326b066,380d0f12-f005-4f28-a061-a74d35dbc087,c75596af-5e75-447a-a1ff-44a9d5df51b3,
fb7e2ec0-cb46-4a3b-a972-b1625c9f3afe,380d0f12-f005-4f28-a061-a74d35dbc087,e7c0d49f-e7f2-415c-9674-b2df80eb4ab5,
ecd32c73-a00a-4426-8058-d75f29d3d03f,380d0f12-f005-4f28-a061-a74d35dbc087,eaf841a1-c304-496a-a12f-c27a0369dc6f,
d34f4490-ef51-46f8-b84b-3f71170e1c35,38454125-8716-4fb9-a3c6-f2b8ed30f474,15d52847-e336-4ba4-abe4-9da0890fc49b,
d249a4c6-15d0-48ea-934e-4289c4b6ef57,38454125-8716-4fb9-a3c6-f2b8ed30f474,31eac440-6091-460f-a22e-0943fcf086dc,
30bfd1f1-1dfe-405e-96ad-f82fa955244e,38454125-8716-4fb9-a3c6-f2b8ed30f474,5dad7e6e-6598-49ea-b06b-0a63cb8c1ac2,
0698955b-3696-4026-936d-6f2fc7ec6ea7,38454125-8716-4fb9-a3c6-f2b8ed30f474,859bafc4-8847-4e45-831c-6b13397a5671,
ba43e22e-f77d-43d9-917e-61e4c3fc42ca,38454125-8716-4fb9-a3c6-f2b8ed30f474,a54036cc-6c05-4306-8832-2e87994d5cd0,
6574b08f-a7a4-4f73-aad6-37ee2ab5be42,38454125-8716-4fb9-a3c6-f2b8ed30f474,bb2654fb-9a98-4886-a186-8c58fcb038d0,
b689271b-cb71-488c-84ac-552dad8ec7e7,38454125-8716-4fb9-a3c6-f2b8ed30f474,bc7cbfc2-ad47-44f5-8e74-ffd1ea01a718,
7c5e8385-3a31-4a13-be50-5c64bc256e07,38454125-8716-4fb9-a3c6-f2b8ed30f474,e8ba9a5b-a439-4d4b-b700-28eae15b9b5a,
42d4e50f-5044-4e0d-ac3f-820b454ab0f9,38454125-8716-4fb9-a3c6-f2b8ed30f474,e9738d3f-08ad-4d2e-b66f-f221ccc272fc,
5d36650c-0a3b-420b-a51b-e5317a83b925,38454125-8716-4fb9-a3c6-f2b8ed30f474,fa6a269f-c5a6-4ef7-8442-1c7c1031f2fd,
1a95ce15-c9cd-4c09-8428-5a300adecf07,38480c5c-e51b-4e3b-b833-1e794322f489,0633c006-00c9-4845-bfcd-031fc25d4f01,
925f18b7-cc28-419f-b38f-17a00e47ad9f,38480c5c-e51b-4e3b-b833-1e794322f489,078d4b6b-8fc9-43ac-8aa7-4b6fd75b1484,
5550fa50-51c9-4488-8724-4292ee51affc,38480c5c-e51b-4e3b-b833-1e794322f489,0bf6f034-7d36-4fe7-8b42-f61d7dbcea88,
657fab1a-4d07-46f3-83af-e3c7fb3b4040,38480c5c-e51b-4e3b-b833-1e794322f489,0c278201-e71c-40dd-a92d-d7fbf6eef843,
3d71fbdb-0206-4d3a-9fb2-badb79a1014f,38480c5c-e51b-4e3b-b833-1e794322f489,0e70912d-02a2-4efd-b38f-22fb79196529,
a9e910d7-e8dc-4775-a2b9-19311bd0d29b,38480c5c-e51b-4e3b-b833-1e794322f489,1161bb91-7db9-4f77-b9d0-d05c20213a48,
5ac792f7-2bcd-462c-8d42-e34b6e83788f,38480c5c-e51b-4e3b-b833-1e794322f489,1f44f696-6f7c-404c-88ec-72a981afbeab,
78a226b2-8303-4ba0-90e0-048a875ad753,38480c5c-e51b-4e3b-b833-1e794322f489,1f5a4041-d7b8-42af-b60c-80bcb68a84c9,
85e1952c-6cb0-4de2-952d-8e48e298b304,38480c5c-e51b-4e3b-b833-1e794322f489,23251348-b705-4a03-95fd-7208654575ce,
d8a12420-d80e-4106-9428-e152976f27b2,38480c5c-e51b-4e3b-b833-1e794322f489,294b2cb4-cba8-431b-a9c0-18c2fb8b7ee7,
de5b4fd5-5a10-4b8a-9270-155e687815e8,38480c5c-e51b-4e3b-b833-1e794322f489,297c53ab-d168-4503-bb45-266364336e22,
4cc041f4-acab-44d0-9379-4186f8af9c73,38480c5c-e51b-4e3b-b833-1e794322f489,2b795e3d-51b4-434c-a8b6-ea9a9c322e4c,
53da647f-5f24-4eae-9d4a-69f75f5c838b,38480c5c-e51b-4e3b-b833-1e794322f489,2c5535ca-aa6f-414d-b834-614119f66bcf,
c74cfe35-f737-419b-b2f2-a3043b215b1b,38480c5c-e51b-4e3b-b833-1e794322f489,39424ce3-df0c-41ea-a70f-cb243b6ba340,
e13ced48-2f1a-4958-bdcc-44c9e5a28658,38480c5c-e51b-4e3b-b833-1e794322f489,49045dbd-b5a2-4eff-a416-e335599410f6,
cf513394-0966-4e9c-b978-589455d61881,38480c5c-e51b-4e3b-b833-1e794322f489,5484291f-b2aa-48c3-a85d-9d43bcc3124b,
3ba69976-e964-488c-8c55-8f0713ff6558,38480c5c-e51b-4e3b-b833-1e794322f489,5b759d70-1843-40d2-8f93-448c3683f77f,
917fec0b-dbe6-4207-b333-a8b546b3af51,38480c5c-e51b-4e3b-b833-1e794322f489,6660f599-9690-4794-a62e-11719275709b,
9806b1ee-d67e-4b68-9885-5b97d83c40e3,38480c5c-e51b-4e3b-b833-1e794322f489,6789d2bd-2780-4c09-b01b-3aa8cb4b46bb,
a0eef12c-4104-45c3-85f6-c5d902b0201e,38480c5c-e51b-4e3b-b833-1e794322f489,6ee7e64c-3e9d-410f-aa9b-6c8b51dfa66d,
0e4d96fb-2de3-499f-a279-c13ea3307012,38480c5c-e51b-4e3b-b833-1e794322f489,7ebfce4f-aa88-43a1-bedc-be172c5526b5,
9c406b56-e49b-47fd-9289-90b94fccca5b,38480c5c-e51b-4e3b-b833-1e794322f489,aa91df40-f1ad-4874-ade6-14e88f9969f3,
eb98e244-90f2-498a-99c9-a7d2344648c2,38480c5c-e51b-4e3b-b833-1e794322f489,c1094a94-a09f-4285-a00f-6988dcef2649,
567d9002-d408-46f1-b68e-5e857927ff90,38480c5c-e51b-4e3b-b833-1e794322f489,c5b65b85-157b-4990-9b23-fa64716c450a,
50d43278-383d-4668-8103-69d78850e20e,38480c5c-e51b-4e3b-b833-1e794322f489,dbfb0bfa-7202-4630-9b95-487a60fb3dd4,
852ab4cd-618b-47f4-8504-4c308da505fb,38480c5c-e51b-4e3b-b833-1e794322f489,e8201a50-02e6-400c-87fb-0cd053ace481,
962e84d4-02ac-490a-a768-8cf5ff62cc23,38480c5c-e51b-4e3b-b833-1e794322f489,ea87565b-a55f-4808-96ae-0b7ce5d000b5,
6d7b22de-dee3-49be-9a4b-efff7517297a,38480c5c-e51b-4e3b-b833-1e794322f489,f30a8a3a-9246-4c22-bb2a-6b24b9292072,
bb4b1667-d6d0-4a14-9d25-3284332c1145,38480c5c-e51b-4e3b-b833-1e794322f489,f5b02c67-5897-4b38-8dcf-101d0502be83,
fcbca756-856a-4472-96cc-a4abe5c625a0,38666cfe-5cd7-4ed9-a654-6fc67ef692d6,02691c41-9f00-4ef5-8cf0-668e7607fea3,
52e7902a-4e99-47f8-afad-7024fb2ca7a5,38666cfe-5cd7-4ed9-a654-6fc67ef692d6,0641c92c-d3db-4a72-952d-66209c9b98ed,
3c670180-9376-4353-ad2d-817c08c2eec3,38666cfe-5cd7-4ed9-a654-6fc67ef692d6,10940f2c-ea91-4732-b0e7-43a2b2ef2968,
d789238a-9eeb-40ce-af43-8cb112bfb8ac,38666cfe-5cd7-4ed9-a654-6fc67ef692d6,119cf5f7-2f29-4f35-a835-7788886f7a07,
84b7706e-cf69-46ca-b97e-2df14207b14d,38666cfe-5cd7-4ed9-a654-6fc67ef692d6,22424411-11c1-4d6b-81dc-6d4d2781c20e,
c135feca-22c0-4b4a-bc66-ed39f31c22b7,38666cfe-5cd7-4ed9-a654-6fc67ef692d6,2e026dee-ef76-45b8-b950-615759718316,
f806c37e-f6b1-4ca6-9c05-d34e4b8cec1f,38666cfe-5cd7-4ed9-a654-6fc67ef692d6,4390421f-bd49-4ccc-9503-023b08be8f19,
642c424d-4da0-486c-826a-c2d6962156e3,38666cfe-5cd7-4ed9-a654-6fc67ef692d6,43b26d09-b624-4dc0-8020-6704afcdc688,
d50e8f00-2458-4cc0-a381-62d3dcd569ef,38666cfe-5cd7-4ed9-a654-6fc67ef692d6,47640ca6-d2b4-4aef-a1a0-fc77971d5758,
07112a07-20a5-40bf-b034-e96f312eed42,38666cfe-5cd7-4ed9-a654-6fc67ef692d6,48318436-74ec-47e8-b5ce-ec598723c0a6,
ca4873c9-f609-49ad-ac3c-f120450a5a86,38666cfe-5cd7-4ed9-a654-6fc67ef692d6,49bc5cd9-2e56-45ab-a371-1ce50662794c,
ef5a82ff-3528-4066-9b18-4156b0664ff9,38666cfe-5cd7-4ed9-a654-6fc67ef692d6,4b500812-13b7-4cfc-804b-e80750beba88,
be588a6a-6e07-42d4-9404-8648e3c1027a,38666cfe-5cd7-4ed9-a654-6fc67ef692d6,4d3ada0f-8c25-4eac-9602-6beca9f73355,
8cb13af4-2fd1-4584-8e94-d007fd9c3c20,38666cfe-5cd7-4ed9-a654-6fc67ef692d6,4e11f17a-6c58-4d21-ae65-5a187bd3a2db,
90f6a093-ccd3-4c5d-abaa-20866547eeee,38666cfe-5cd7-4ed9-a654-6fc67ef692d6,51e6fec0-2969-40a3-942c-1e2f7e182517,
9e986cf2-a426-468a-803b-f2ed3447ed36,38666cfe-5cd7-4ed9-a654-6fc67ef692d6,51ef08af-319a-4c93-bd37-7ff16db65287,
196a5ca4-1b93-495a-8a65-2c35b52bb9d9,38666cfe-5cd7-4ed9-a654-6fc67ef692d6,5e08d63c-da64-46dc-a9b0-9ae6c6ddf56d,
433d92e3-14f8-433b-8ae2-b26ec764709e,38666cfe-5cd7-4ed9-a654-6fc67ef692d6,604dda75-ab25-442a-b6c0-69c600cce43a,
089e2a9a-6152-448c-a377-3f84f6c50e89,38666cfe-5cd7-4ed9-a654-6fc67ef692d6,6c872380-0294-4f53-9b89-b0ea88f1876d,
d8f98947-b52e-46cd-b39f-ca4e7ac7883c,38666cfe-5cd7-4ed9-a654-6fc67ef692d6,720a788a-3788-41de-8805-30c6f57d2df9,
77a55012-45d1-4800-ac5c-02a900d5c93f,38666cfe-5cd7-4ed9-a654-6fc67ef692d6,720abc0f-b51d-45dd-8f07-bb3ff5e1d290,
3f7c57ec-b724-4799-87fa-638d6dc3e826,38666cfe-5cd7-4ed9-a654-6fc67ef692d6,7ddc95ba-aa56-4b52-9ca9-7254945d33ea,
7df847ff-bc65-4e49-b7c1-dcec2b76b41c,38666cfe-5cd7-4ed9-a654-6fc67ef692d6,7e02c26e-2eaf-4aee-b65d-703332e686d4,
18dee39f-956b-4bbe-ac98-4ec9a47e7407,38666cfe-5cd7-4ed9-a654-6fc67ef692d6,8e4af223-d61e-43fb-9f04-32c4f7b80462,
86d8c1b7-ed30-4e1e-b6e0-3daf2d4718b0,38666cfe-5cd7-4ed9-a654-6fc67ef692d6,8e5d9654-3fe6-4779-84e2-f3e2ac5ab76b,
a861fa81-28d4-499c-895d-ed3830a1299f,38666cfe-5cd7-4ed9-a654-6fc67ef692d6,919ce35e-ccc2-4040-81eb-27ee1397d0fa,
e2eb15cf-e24b-4645-86ec-b8c11d1b500f,38666cfe-5cd7-4ed9-a654-6fc67ef692d6,93ede414-57da-43e4-98ae-120acb356f0f,
81a372ad-828c-4733-a1b0-0567715d42a5,38666cfe-5cd7-4ed9-a654-6fc67ef692d6,9457edf8-e750-42f2-9e00-56a0ed8730e0,
2b0f16eb-cb4d-4e4e-afac-8b02c06aa19a,38666cfe-5cd7-4ed9-a654-6fc67ef692d6,94e2b411-2070-4e26-8476-9f13acd735a4,
4c6e405e-4c2f-4a1f-af33-1786803fe486,38666cfe-5cd7-4ed9-a654-6fc67ef692d6,956ff2d2-0cd3-4633-b6f9-a7ebbd2210e0,
911e6e69-2850-4399-b0d3-2fc824595daa,38666cfe-5cd7-4ed9-a654-6fc67ef692d6,98b89fbd-3939-42ad-8f39-2c71498c3b0f,
d3419092-b952-4ce6-8a02-6272a8bf5214,38666cfe-5cd7-4ed9-a654-6fc67ef692d6,aa052c8a-99bf-4909-b91d-5ef2aa14e7ff,
cf7d133b-5f5e-4b00-9adf-dc2fde9c6858,38666cfe-5cd7-4ed9-a654-6fc67ef692d6,b0b1ed57-f35c-479e-be40-0c01f98e878b,
1b2eaf1d-74a7-4ee1-8b0e-a44040e263fe,38666cfe-5cd7-4ed9-a654-6fc67ef692d6,b7e047ec-c478-4b6b-a0e3-c68d0ea9205e,
f2fd357a-56f4-4617-b3ad-47124d84a086,38666cfe-5cd7-4ed9-a654-6fc67ef692d6,b890b3a8-a198-46a3-aeb9-f5683eb5c798,
b7a6d9e9-5707-4d79-8784-18875b991b09,38666cfe-5cd7-4ed9-a654-6fc67ef692d6,bb64415b-08b7-4355-ba6f-d1cfd1f148fe,
bd9a95ce-af7e-4587-9149-30497502628f,38666cfe-5cd7-4ed9-a654-6fc67ef692d6,be8e781c-c25f-411f-9731-429e77d65ef2,
ab896cfd-7d40-4bd7-a532-c5b0025a4484,38666cfe-5cd7-4ed9-a654-6fc67ef692d6,c01678ba-49a6-4fbf-93ca-4b8d175ff8bc,
94290981-370b-471b-b44e-a5c8021ae78a,38666cfe-5cd7-4ed9-a654-6fc67ef692d6,c161bff6-b040-45ee-ab5d-1c6e86cbcea2,
53903c90-6187-4066-ab8f-188885308bb7,38666cfe-5cd7-4ed9-a654-6fc67ef692d6,c2979437-2f7d-4950-be31-6f3caf9cdada,
42d1eab5-bcd5-4af9-9faa-6acd4a103906,38666cfe-5cd7-4ed9-a654-6fc67ef692d6,c37dd3f4-adbd-49ee-abde-5063c59ddbd3,
ba978e8d-6ca9-43bb-b143-9952382491e6,38666cfe-5cd7-4ed9-a654-6fc67ef692d6,cbbaf29c-cf9f-4599-b7a4-8a134efb348c,
795cdd6e-af23-4a51-88b7-a8a3831ba1f6,38666cfe-5cd7-4ed9-a654-6fc67ef692d6,d0214d86-c382-4467-b6cc-539bd7ea4a8d,
520765f0-787b-46bd-af32-f7ed94aaaa92,38666cfe-5cd7-4ed9-a654-6fc67ef692d6,db33f891-ba3d-4fef-8c47-7f1cf92441d3,
f65aa16d-0973-4c55-9ee5-3094414972b3,38666cfe-5cd7-4ed9-a654-6fc67ef692d6,df26b609-ab69-44ce-96c5-a77e78de7117,
e6d54189-fd41-4c7b-adeb-fb7c23c169d5,38666cfe-5cd7-4ed9-a654-6fc67ef692d6,e084d256-b884-45e9-ae25-a309eb6be717,
85c449aa-c6f1-46a8-8efa-1498b8b25d74,38666cfe-5cd7-4ed9-a654-6fc67ef692d6,e09c8ad1-ccb5-4028-b224-76114fd5d51f,
554dc0cf-2a75-4f54-8d0e-507e9ecd4fe2,38666cfe-5cd7-4ed9-a654-6fc67ef692d6,e671dea1-c224-4e6d-a8fb-e249c95a4f3a,
29e8838c-4760-40b7-af7b-caa02669a1b8,38666cfe-5cd7-4ed9-a654-6fc67ef692d6,ee812e26-80a6-4575-b3ed-b5dfe36687e6,
e0454511-8764-47f5-82f5-a3205df93386,38666cfe-5cd7-4ed9-a654-6fc67ef692d6,f320fde1-215b-449f-a70d-21ab44ed2c80,
73b77572-0e9a-4e9d-a188-fbfc0bc686c6,38666cfe-5cd7-4ed9-a654-6fc67ef692d6,fd4da1ea-e7d4-4e68-af48-814e1c30e105,
2b6167a4-4c47-470a-82bf-b3e745ceea49,38666cfe-5cd7-4ed9-a654-6fc67ef692d6,fd6a8ddc-81e6-49a1-a6e7-939a3144b976,
09098740-6642-4f0c-92b2-712eb8ed1844,38666cfe-5cd7-4ed9-a654-6fc67ef692d6,fe3d7455-cdbe-45b9-b34e-86d7edfd344e,
f1a989de-8564-4ef1-8046-a80c34b5ae7f,3a9ca8e1-b94d-497e-882c-e6f4273057a2,06486e71-cc7f-4cfb-89f2-aa95ecf1a359,
e046ca2f-797b-458d-9744-b82d8cfd2c9e,3a9ca8e1-b94d-497e-882c-e6f4273057a2,3016387f-17c6-40df-b4b2-8280a82f47c7,
4a1471e5-7da6-4d4b-8fb3-0fca997a9e5a,3a9ca8e1-b94d-497e-882c-e6f4273057a2,5a3c8b36-7513-4e35-9ba3-5b591dd847ab,
e268eb71-6fbe-4044-8acb-f06503c2f101,3a9ca8e1-b94d-497e-882c-e6f4273057a2,8f0fa927-e82f-42db-b9f4-7ae90943bdee,
99c72cbc-2e85-41ea-8578-7ac179cfa267,3a9ca8e1-b94d-497e-882c-e6f4273057a2,9a4aa089-63c7-4324-ac26-0e565160dbf7,
119427f5-960a-4a54-9bb8-5ba91bfa665c,3a9ca8e1-b94d-497e-882c-e6f4273057a2,c392db7e-349e-49f4-99cc-1f61f6d59ca5,
9f4351ef-076a-4e9f-aef9-248b8ed17a3e,3ce6bbde-e165-4fff-b01d-dc9313da4b95,100c7246-14c9-4a93-9221-edf7536d8e24,
80dce1d1-451e-4aa1-b226-c7bd614220f3,3ce6bbde-e165-4fff-b01d-dc9313da4b95,365502d3-b411-4690-9c06-bca38a633264,
3b94edaf-690f-43a4-bc0c-0cc7f850471c,3ce6bbde-e165-4fff-b01d-dc9313da4b95,5846e7e7-8c61-4514-abcc-3c26ae2f398b,
dadb4fdb-1d09-4603-a47e-9e2575bb608e,3ce6bbde-e165-4fff-b01d-dc9313da4b95,97e72020-c4b9-446a-ba84-f961eb17de01,
c73d9846-cf6c-40d6-a4f3-1177f563d403,3ce6bbde-e165-4fff-b01d-dc9313da4b95,9bbbf33f-fa70-4a71-9961-379ec116dafc,
df5326a9-4edd-4e06-a3ef-85f90317e682,3ce6bbde-e165-4fff-b01d-dc9313da4b95,a072b8e0-b4bc-4ab8-b3d8-952774699e90,
a3606800-0a2c-4f23-ae79-39f688132c7f,3ce6bbde-e165-4fff-b01d-dc9313da4b95,ce473881-c7e9-4c53-a40e-4bc8ecbb5365,
d590128d-2672-409b-b8ac-34fe3961f924,3cf36251-7110-454c-980e-dc2da9b84298,969cad98-c4e1-4119-bdcc-75f7825f9f09,
6059def3-6453-4f63-8581-2bcac5c96a73,3cf36251-7110-454c-980e-dc2da9b84298,a0e07120-21ca-495d-ad71-524e893a7422,
71a7bcbc-c731-4a7d-898c-1b64421bfbe4,3e03623a-835d-465f-997f-7f00c991c145,193ac428-1324-4bf3-af2b-115a55f0e253,
e5ad74ee-f516-41d5-9f6e-35330f9f6304,3e03623a-835d-465f-997f-7f00c991c145,1cc1d4e0-5d46-44ad-ad9d-48d7133c0a28,
79312034-6fd4-4cf7-8cab-62d3c5a24895,3e03623a-835d-465f-997f-7f00c991c145,1e8271c1-7d17-4d03-ac88-f398148ff3c9,
16f483cd-befc-48fb-8a08-a12e4eb900e9,3e03623a-835d-465f-997f-7f00c991c145,2bb62e0b-60fe-4270-91da-4c4e62f0d1f8,
e3fc3df9-6b15-4a87-a461-39e290645ef0,3e03623a-835d-465f-997f-7f00c991c145,2c164ff6-8adb-44a8-90ef-1c8ad2d0ea0e,
485a5d7f-6375-4ef4-8049-ec060b6254e8,3e03623a-835d-465f-997f-7f00c991c145,2e958243-a633-48da-95e0-9059777d8b4b,
67648328-a663-47e3-b21e-2df95cbe2a71,3e03623a-835d-465f-997f-7f00c991c145,2ea721a0-9228-4d34-af88-e29452341487,
20687d9e-5b04-4619-b0ac-cb221b988e99,3e03623a-835d-465f-997f-7f00c991c145,3fa13ece-bffa-4e33-886f-89b78200c167,
6ba74e21-3b30-4932-9dc7-f97b24ff7d09,3e03623a-835d-465f-997f-7f00c991c145,42e85ed1-ea20-4160-8127-087baf325f24,
9cb6cdc4-789c-42d6-a856-208a3de7814b,3e03623a-835d-465f-997f-7f00c991c145,44c822bf-d80b-4c90-b81a-f1bf446c2dd4,
2688b336-1eaf-46ce-8ba5-1e530beefebb,3e03623a-835d-465f-997f-7f00c991c145,46671b3a-5544-479d-b491-b3cb58a2a29b,
db5a0c49-89e8-4f2e-af3f-cfd660e23547,3e03623a-835d-465f-997f-7f00c991c145,47f5c4ea-4be2-45fe-a27f-c148cd4bb28c,
cdc63194-84a1-41bc-ac5c-74ca5b550ef0,3e03623a-835d-465f-997f-7f00c991c145,48c7ecc9-55a6-4ae7-a484-56c1c5ff3aca,
8ba7983f-f5f2-472e-bc54-de55fe258591,3e03623a-835d-465f-997f-7f00c991c145,4c02ec2c-f05e-4e3c-93b1-eda8aaf6a713,
646f53de-a490-474e-891c-408784e3c4db,3e03623a-835d-465f-997f-7f00c991c145,4d86eb40-8e66-426b-9c2e-b8ed068bb8cf,
335c9900-0165-4836-baa0-b159bb3b24c1,3e03623a-835d-465f-997f-7f00c991c145,4dd1cc74-5eca-4881-85d5-a00745371608,
519d2cf3-2b21-42d3-ad2a-b5b9fe6ca24e,3e03623a-835d-465f-997f-7f00c991c145,62ecdb7f-83d5-46f4-a64c-ce48ec3a5c8b,
64b39c54-a73e-4b88-b910-62274cf2b550,3e03623a-835d-465f-997f-7f00c991c145,67e1783b-1fcb-4426-b161-21e5ef3706a0,
b0b681b6-be8d-4339-8cdd-b49c423ff637,3e03623a-835d-465f-997f-7f00c991c145,8140347c-9c8c-4a25-986a-33b1340889cc,
3cb53423-b283-4818-bba2-05e774841720,3e03623a-835d-465f-997f-7f00c991c145,8a5c36d1-e5b0-4867-abfd-891e901de13b,
b9ded2db-91ab-480d-81b4-a38048bf0d69,3e03623a-835d-465f-997f-7f00c991c145,8f95a509-c2a1-4f24-8bfb-51c001cff884,
e7bb6bab-9d9b-4fc0-9281-c662eac81fc1,3e03623a-835d-465f-997f-7f00c991c145,930eb938-8444-4a43-94a3-9226cebf2971,
0cdced58-6290-4e27-8687-401a1437217c,3e03623a-835d-465f-997f-7f00c991c145,9d29ece9-b2f2-488d-acf4-82afd3b540de,
d3ebd19d-012b-491c-a2e7-d7d3f321112e,3e03623a-835d-465f-997f-7f00c991c145,9e72207e-0e49-45ac-bfe7-7e27f4431e37,
1a9a1976-c346-4be1-93e8-3d7e6ba08be2,3e03623a-835d-465f-997f-7f00c991c145,a24b591a-1902-4218-952e-3d98e93cfc70,
a50f3843-1496-4148-ac69-53a6cdcc3bc1,3e03623a-835d-465f-997f-7f00c991c145,ac1415cf-6a48-4382-b094-a8854f323141,
2da5efc3-b39f-4442-ac2d-5a0c08ce4ab3,3e03623a-835d-465f-997f-7f00c991c145,cad7fdb8-bb47-4732-a948-f21d5f10b731,
334e5b4c-a3d0-4223-94d7-4f711f7152ba,3e03623a-835d-465f-997f-7f00c991c145,d957e616-e9f4-418a-87ec-9480e430533a,
06f9d70e-f7b2-4b01-805e-84825ec8b74a,3e03623a-835d-465f-997f-7f00c991c145,db41e81d-629a-42b5-8451-21c326d1ea65,
83d0c7a8-59fd-414f-b586-cbd24a29f787,3e03623a-835d-465f-997f-7f00c991c145,def2c884-2030-465b-90c6-cbb8e5963d56,
5b19f696-25e7-42a0-954f-5d129dcd7009,3e03623a-835d-465f-997f-7f00c991c145,e14170d8-2a32-47da-b3fe-ae3dd80dbbf8,
240cd57e-db89-4035-a919-e80f17e5c9f7,3e03623a-835d-465f-997f-7f00c991c145,e3cd6091-f862-4739-9416-ab0987f35913,
89e91005-ca54-46d2-8476-1cde5a3ed3de,3e03623a-835d-465f-997f-7f00c991c145,e61b0c9c-640d-4f3a-936b-f69142bf5c96,
26bd6479-8307-43e6-b938-7ba2f8809b51,3e03623a-835d-465f-997f-7f00c991c145,f746cc80-1121-497a-bfbf-fa9bd7647669,
5078bea3-e0b7-4de8-b872-6561668ea63c,3e03623a-835d-465f-997f-7f00c991c145,fe6e5f52-a8e7-45b2-b5a0-fc6babe2d7a5,
321819ac-71bf-46f9-8c2f-6eb1c4369bd0,3f90b9f7-49e8-40d4-b281-c77d138e2713,01729384-af19-4108-8938-562975ec47b5,
9470c9bc-50ff-4273-b21a-ddc7bc433eda,3f90b9f7-49e8-40d4-b281-c77d138e2713,05d5d0bb-bdf6-409a-9d8b-b3a2ba44acda,
d6cdc20c-8d8f-4f7a-9cb8-010654bc9ae2,3f90b9f7-49e8-40d4-b281-c77d138e2713,082170de-2ad8-4b7d-b8a9-daca52774ad2,
963f3671-589c-490f-bc70-57f7d30afa65,3f90b9f7-49e8-40d4-b281-c77d138e2713,0869012c-0ffc-4230-8123-eba0e219aa54,
1a972393-a899-4303-a7ff-4106fae0ff05,3f90b9f7-49e8-40d4-b281-c77d138e2713,0ca17051-0007-4f86-9273-0f48f35826f7,
b259e58e-73cb-4b1d-b398-3b8f17534066,3f90b9f7-49e8-40d4-b281-c77d138e2713,0fbfc482-bf21-47ef-a3ac-1bcce030ce7f,
5dae7a15-f1c6-4e20-8865-2fd785181d67,3f90b9f7-49e8-40d4-b281-c77d138e2713,116f5bda-9456-49bb-b2b1-81b26274d434,
45830ffd-e99a-4bd2-b7e7-c589112f8db6,3f90b9f7-49e8-40d4-b281-c77d138e2713,1ec558f8-ace8-4631-8a40-d7969dad9865,
40a10272-0c2f-4a3c-8a3c-6640e8c51758,3f90b9f7-49e8-40d4-b281-c77d138e2713,2143a614-eef9-41ef-96c0-1f8668829706,
998a3bec-b4c3-4e80-b245-94b6dcf17838,3f90b9f7-49e8-40d4-b281-c77d138e2713,2178fcd7-9ccb-41d2-a112-f34e5e60abd5,
23195634-7455-483a-8112-b5e25f02f4a5,3f90b9f7-49e8-40d4-b281-c77d138e2713,2692a61b-9d6d-4b0c-bde6-f2724f5c085e,
7606b09b-896b-4dfb-b988-b847312c0c10,3f90b9f7-49e8-40d4-b281-c77d138e2713,270f7778-c353-49e4-8802-0baf87f7cd53,
d44c2cda-c98c-41f4-919a-802bf6290269,3f90b9f7-49e8-40d4-b281-c77d138e2713,290cf0e0-71cc-45ec-b28b-c54bb565b973,
34d81987-23df-4379-9d87-7bfef8f259f5,3f90b9f7-49e8-40d4-b281-c77d138e2713,3c5ae0fd-4934-4c17-9ea2-49aba6513714,
5bfdea5e-fc0d-4243-a9ea-630686510ff4,3f90b9f7-49e8-40d4-b281-c77d138e2713,3df4f1ea-8b8c-4790-be97-a2f7babd0a41,
9fe56c11-fd8e-4abf-a4c7-382168b70c50,3f90b9f7-49e8-40d4-b281-c77d138e2713,4285f2e8-ae5d-4c4e-95de-3e77439bc710,
a5f3f236-86b3-4561-bfec-3a66073a69f2,3f90b9f7-49e8-40d4-b281-c77d138e2713,45636277-e7a1-4d0e-b1ee-2dc8816d009d,
03761fd3-98b6-4b9b-86eb-7866a09bcb90,3f90b9f7-49e8-40d4-b281-c77d138e2713,4653b070-c1aa-45de-ac02-b9f93d488942,
3a524d5c-182f-4968-b72b-e37104bf892c,3f90b9f7-49e8-40d4-b281-c77d138e2713,4ab5dfc1-a621-4155-92e1-81620ac58c6c,
8c1287c6-c651-417a-8238-a2b4ccbcd52a,3f90b9f7-49e8-40d4-b281-c77d138e2713,4b77f6d3-3317-4cf2-aa31-25783e640931,
9206396f-536b-4e5c-b072-83e7afa9663c,3f90b9f7-49e8-40d4-b281-c77d138e2713,4df5b5a7-e890-4183-8136-dce734dc317b,
7d41e2ca-ea9e-46a7-80ef-c3d4ca624f09,3f90b9f7-49e8-40d4-b281-c77d138e2713,4e93b537-c16c-443f-8c73-152b649e6fe6,
a25420d5-853b-4041-864d-a79db4ae8e0f,3f90b9f7-49e8-40d4-b281-c77d138e2713,58d31c84-db79-4955-a849-5fae35649348,
555bffcb-4419-433a-bde6-1021e011943b,3f90b9f7-49e8-40d4-b281-c77d138e2713,5f2dab23-a7c2-4ca2-a451-1b94367a5d34,
f3dd0e3e-567e-416e-9988-9f8c8999ddea,3f90b9f7-49e8-40d4-b281-c77d138e2713,6819bff9-7f30-4a32-ad23-f35b914c17b2,
4236f6c7-b9bc-4c14-b1a7-0a8fde5e3f2c,3f90b9f7-49e8-40d4-b281-c77d138e2713,69a2d1a3-76c4-4c09-bd66-9ee470c33ec5,
f1da5c49-fe70-4492-9f41-c2c684727194,3f90b9f7-49e8-40d4-b281-c77d138e2713,6e194a7c-ee75-4500-957c-3e37bddd799d,
1db29364-c4f1-461a-a13f-958011f0ca60,3f90b9f7-49e8-40d4-b281-c77d138e2713,78cb20a9-cc92-40c4-8670-a509e93a74b4,
e75ae2a8-4f60-4273-abd0-74114539488b,3f90b9f7-49e8-40d4-b281-c77d138e2713,7988f78f-d00f-48a8-ac7c-e271a1079d64,
a6ac8a44-60bd-425d-874b-8b9b1a52fd76,3f90b9f7-49e8-40d4-b281-c77d138e2713,7af9ef99-34da-468e-ba10-ef6b4e78886a,
8ce8afb9-2f72-4653-b7e2-8b8d74291b33,3f90b9f7-49e8-40d4-b281-c77d138e2713,85dab882-3488-4a23-a4a6-e2d27f618e8f,
39ca9a11-1ba2-4ffb-8981-b5f5569701aa,3f90b9f7-49e8-40d4-b281-c77d138e2713,9602a6fc-d2a2-4851-98f4-41e6836b97e3,
25d163fe-006b-4377-8da8-0ca1d5d62608,3f90b9f7-49e8-40d4-b281-c77d138e2713,966f5162-8b33-4980-86ad-2bcafd387b01,
aee47d2a-57c6-4463-baa3-6cfe2c4c1475,3f90b9f7-49e8-40d4-b281-c77d138e2713,96f7c19e-9b56-4b04-929c-622a72bc32bd,
a8a9bf8b-fe0c-4595-b526-eae2b90f9f65,3f90b9f7-49e8-40d4-b281-c77d138e2713,a4c84b59-36f0-4688-a10c-efb769b9ca6e,
0d412c29-a706-417a-882d-af5020dc25b7,3f90b9f7-49e8-40d4-b281-c77d138e2713,a9a86049-0eec-4396-84a8-0d61a832999b,
ea15ebb5-cb2b-49f6-b4ab-4591989f4827,3f90b9f7-49e8-40d4-b281-c77d138e2713,ace6cec2-c89c-44c7-bf1e-3a0df95d5ad3,
2b17f213-c7b8-4e58-bf98-20511c632b93,3f90b9f7-49e8-40d4-b281-c77d138e2713,ba74897a-452b-4429-9cdf-610b00fced4e,
42d60790-3220-48f6-9d2b-e44199f96b45,3f90b9f7-49e8-40d4-b281-c77d138e2713,bcb417e0-3abc-4eba-aa0c-9bfa1c02c076,
df1ebd57-dcef-4a9a-84da-202513112c06,3f90b9f7-49e8-40d4-b281-c77d138e2713,d55aedbd-57b0-4a04-9736-60fcf9918e5e,
fcd5f307-8318-4423-bd83-a5a8af2bdf19,3f90b9f7-49e8-40d4-b281-c77d138e2713,d59b5a46-350f-4cd8-b1ba-153786423717,
9c8caaa2-68ae-45e3-8382-076229f32fe1,3f90b9f7-49e8-40d4-b281-c77d138e2713,d9795771-9a46-477c-8263-402f25c8e132,
c48056f4-c3a3-4efd-ae56-df8923393916,3f90b9f7-49e8-40d4-b281-c77d138e2713,d9cc264e-5aeb-46b9-b705-dd11305c4c0c,
890435a8-d6ff-4438-96af-589b8e5818e5,3f90b9f7-49e8-40d4-b281-c77d138e2713,da414d7e-c456-4fc0-b8d2-2aaaf4befccc,
0bd04d80-fa19-4f26-8ead-0575ddc3f93f,3f90b9f7-49e8-40d4-b281-c77d138e2713,db091720-2aed-491a-b392-f461fe1022b0,
b1a9451a-edf3-43da-8524-e61a47623577,3f90b9f7-49e8-40d4-b281-c77d138e2713,e3d27f06-4763-4ff5-9e1b-c175b7d4c638,
8bff259c-af8c-4c76-b99d-8eafb83e6f04,3f90b9f7-49e8-40d4-b281-c77d138e2713,e454ad35-b81f-4e5e-90a1-124fd9169a74,
de007a07-1fa3-4eee-beee-bd2653f4f55d,3f90b9f7-49e8-40d4-b281-c77d138e2713,ea3b0ab5-12fb-4cd2-a02e-3da4dca50f22,
e94ede23-9ab6-43a7-b275-b633a7b58f7a,3f90b9f7-49e8-40d4-b281-c77d138e2713,ebd7eb58-bf0a-4d14-8642-a23ad189140a,
bbf55c69-cd72-471b-938c-d4bfa58ca9de,3f90b9f7-49e8-40d4-b281-c77d138e2713,f73abb98-bd11-4e3d-a2d8-ffdf4a76d667,
72bfcd68-f9f7-4d4d-a900-f0021302d503,3f90b9f7-49e8-40d4-b281-c77d138e2713,fa0e40b5-8fdd-421b-9bda-20746a10fc6d,
b16a5168-63db-4671-8b70-efc5102ea534,40b21ef8-c04b-4d36-ba84-240a21661c68,11fc0242-d7dd-4bee-9997-fcaa76f6e03c,
f1e34594-7e18-4ee8-9c77-dc1db261d393,40b21ef8-c04b-4d36-ba84-240a21661c68,6db84513-e9d4-4ad9-b56d-61670c06700c,
1cc86028-8059-45fd-b823-230840d4f3c1,40b21ef8-c04b-4d36-ba84-240a21661c68,bbf7e927-7b19-4dae-af05-ad6422ce8663,
6c5a4a40-8628-4983-867f-9bd44c463413,40b21ef8-c04b-4d36-ba84-240a21661c68,ce7e608d-4b53-4c02-ad9a-511bc3efcdb3,
0487a127-d645-48ff-b3c0-12076e511a7d,40c5b994-2682-445f-b95a-4b639874c8ce,0461a815-b8e4-4913-abfa-df9d02c3a054,
0c0a7db6-364b-4d5f-8ce3-e6575cfec92c,40c5b994-2682-445f-b95a-4b639874c8ce,06b44f55-9648-41ad-bfe3-d3bd87f46861,
461638cf-2239-420e-b71b-2c863824a496,40c5b994-2682-445f-b95a-4b639874c8ce,098eb28e-cb67-410b-9db4-5aa4ec70e632,
e903d5da-b479-4261-bacc-00fef18ee63c,40c5b994-2682-445f-b95a-4b639874c8ce,2b9db18a-da98-4e77-bfc7-3d330f09f1cd,
0d39b0f0-e0a0-434e-92f4-c25801f357c0,40c5b994-2682-445f-b95a-4b639874c8ce,2d4e3957-24b7-4d68-9a80-6cbbf07d99cd,
c4c58042-0202-42bd-b615-fcbf103fcf8d,40c5b994-2682-445f-b95a-4b639874c8ce,2fa6e784-087a-4142-a948-50c4aaa4cddf,
d97a6572-5e7e-4a6e-bd24-a9bc76305d0d,40c5b994-2682-445f-b95a-4b639874c8ce,4ccb540a-bcd3-4907-869e-7187582da8e2,
e76a8f99-c3ab-45ff-9c2a-99534e239460,40c5b994-2682-445f-b95a-4b639874c8ce,4d5a86e0-fd61-40f4-a800-5c0c637a958f,
1aa0ea9e-3d15-409b-90e8-7bf6d969f2fc,40c5b994-2682-445f-b95a-4b639874c8ce,528c3e7a-a8d8-4128-93f4-0e8565198334,
2ede962b-7d86-4ab9-ad75-d68c251ee107,40c5b994-2682-445f-b95a-4b639874c8ce,54338fd3-c3e4-4e5c-b1f4-bc7d2ae853f1,
1c9bc012-ec2b-4391-8681-98119116fd89,40c5b994-2682-445f-b95a-4b639874c8ce,59c041e5-ba55-4aad-9e57-166f03e3834c,
e197c8f2-efef-48dc-af60-16f956932f8b,40c5b994-2682-445f-b95a-4b639874c8ce,5c0118b1-1046-48f3-bc8a-c83e811de5a3,
16922c0e-c69d-4738-a015-3ae34e71180b,40c5b994-2682-445f-b95a-4b639874c8ce,5c965b3a-5c8c-4aa8-8ab2-e22472f346c3,
84aaf687-9da4-4cde-b1fd-1cfa4780900d,40c5b994-2682-445f-b95a-4b639874c8ce,5f0dc43b-2c19-4eac-ba5b-c5893a05ff2e,
40f4d946-efd3-4cc2-98b4-bf1a0e3c29d3,40c5b994-2682-445f-b95a-4b639874c8ce,6133e3a2-0352-438d-bb69-4ff7e93964d4,
81e84374-9bd8-4aed-bdb0-59236f933576,40c5b994-2682-445f-b95a-4b639874c8ce,6d67364b-25bb-41fe-b052-e43e66446072,
4e453509-c421-418b-a0ab-17b8796c0805,40c5b994-2682-445f-b95a-4b639874c8ce,743a2057-0667-4313-bb45-def32119fa66,
72a88aa9-696e-4b10-8716-38a5a10dddbc,40c5b994-2682-445f-b95a-4b639874c8ce,7dd046f8-a38c-4171-9dbd-264e94d74dfc,
b446221f-f518-4e11-9a11-1fdf1f9a7170,40c5b994-2682-445f-b95a-4b639874c8ce,7e0887ad-29a5-43d1-afc2-e8e21c25421c,
101c24c0-6bf1-4f5e-b884-275576382fd1,40c5b994-2682-445f-b95a-4b639874c8ce,7f5cb247-9c9a-4aee-9ce4-c20531ebdb19,
51d369c1-ee3c-4730-9d03-e622a9bc9216,40c5b994-2682-445f-b95a-4b639874c8ce,82c42224-f7f2-4bab-98d3-81c5235c5805,
d83bd4e8-01db-416f-83b6-8ed72dcee2fb,40c5b994-2682-445f-b95a-4b639874c8ce,86a2d6e0-c677-459d-8f4c-108187040878,
51f86a5e-cfaa-4907-b263-3a14aa628242,40c5b994-2682-445f-b95a-4b639874c8ce,9050de7b-3364-4251-8c02-58f8fcb9ef4c,
52857c8d-baf3-4e04-af4a-7ac2a2dc6072,40c5b994-2682-445f-b95a-4b639874c8ce,915c8727-6853-4a92-9e7e-cefd8c0775d7,
154bcd58-2135-4f72-ad11-6f0278ad122c,40c5b994-2682-445f-b95a-4b639874c8ce,92ce7ffe-33ac-462f-b450-b6d584d14de9,
c07039c1-2e66-4146-8032-14bffce3a2f5,40c5b994-2682-445f-b95a-4b639874c8ce,95c3aaf3-ba0d-4c5a-a1b8-24fc46d03c01,
2662ae82-96fb-4d2b-8441-424566ba937b,40c5b994-2682-445f-b95a-4b639874c8ce,96261db5-73fc-4681-ba1e-4ac7c2543bbe,
46952b0c-74d7-462f-88a6-3925b2534b66,40c5b994-2682-445f-b95a-4b639874c8ce,97332d85-b294-489f-ad14-a416146bc73e,
82f632ef-d957-4851-8b64-271ce6af7779,40c5b994-2682-445f-b95a-4b639874c8ce,9773726c-b9db-452d-a87a-5fc19e38f33f,
f915237c-f06c-4bb0-8eb2-c559ddf259ab,40c5b994-2682-445f-b95a-4b639874c8ce,a541b80e-a5d5-4189-857f-df9501337286,
d73fd746-d076-4f83-aca7-b5c445694575,40c5b994-2682-445f-b95a-4b639874c8ce,a5ddf6ee-894b-4177-9bf3-9e896ae122b8,
bdcef05d-ebf5-4137-9d2e-2e3ad204abac,40c5b994-2682-445f-b95a-4b639874c8ce,b9df3bc5-ec26-4286-bc7c-533c20a5eeff,
21c2e8dc-8f18-4cf2-81cc-d554481ec9d6,40c5b994-2682-445f-b95a-4b639874c8ce,b9f75bbd-e88c-4d0d-9794-827f638b9184,
bed8bac9-e942-4dd4-9971-26cc0503ee4b,40c5b994-2682-445f-b95a-4b639874c8ce,beb64aeb-316f-4da0-aa4e-fe9d59227e41,
c39b3f11-8dce-4866-9935-ef4678f718ea,40c5b994-2682-445f-b95a-4b639874c8ce,bff90fef-f7c3-4025-951f-acdd53005307,
caea632b-0ad8-4061-9c3f-92870233d6ab,40c5b994-2682-445f-b95a-4b639874c8ce,c69c4640-fe19-43b2-8b02-fa906648849a,
8219e758-4449-4827-a2c7-8f02e816a10a,40c5b994-2682-445f-b95a-4b639874c8ce,c703ff64-cf16-49df-9375-fff4b180ebe9,
50067b3c-a4fc-438f-90ab-426980e5d3d2,40c5b994-2682-445f-b95a-4b639874c8ce,c7eabe94-36f1-4d15-a07c-749fff685512,
29e07492-7bc0-4e56-a611-abd88793e4d5,40c5b994-2682-445f-b95a-4b639874c8ce,cec315eb-9b5d-4ab3-bcae-3fd9abc1a077,
97955b51-141b-4623-a517-b139bac8241e,40c5b994-2682-445f-b95a-4b639874c8ce,e0425d14-89a6-4347-8618-6fba4d28276c,
254883d6-dc92-4bce-9a13-6c3bf1f7143c,40c5b994-2682-445f-b95a-4b639874c8ce,e247d303-5fc6-4ce2-8807-5f0d938892b6,
11e82e0d-c102-4ddf-adfe-cbcabb68b333,40c5b994-2682-445f-b95a-4b639874c8ce,e915ead8-98b9-4600-80bb-1fd1d8d9916e,
40ede4aa-5582-497a-a8cc-060fa380026e,40c5b994-2682-445f-b95a-4b639874c8ce,fdefae1b-ed01-4380-9d7b-62e2d486db2e,
d137e343-160e-453f-950f-61d3682161b7,40f77996-7428-4123-8ade-f455bab97d0f,0c997326-2067-4d76-8750-6b53ed9750be,
415aea02-9cad-4d6f-9899-e222e38d1710,40f77996-7428-4123-8ade-f455bab97d0f,1499d731-f449-4fee-9162-a1d6de34af4f,
38fc69ab-3d5b-4bcb-8020-493f7a67a7da,40f77996-7428-4123-8ade-f455bab97d0f,34b03949-71a1-470f-b02a-ba781f5a1adc,
e9cecae9-2997-4be2-812c-5b93673f9078,40f77996-7428-4123-8ade-f455bab97d0f,4f694e1e-83e9-4b04-9b8f-dd47431bb9a7,
80452faf-fbd6-4d7d-825a-5044ab54b80e,40f77996-7428-4123-8ade-f455bab97d0f,67367935-8e6d-458f-8ba7-240ec28e8cf6,
2fba1aad-b12d-4d4d-a5cc-c07ff2be6ac7,40f77996-7428-4123-8ade-f455bab97d0f,6dde2cfd-1871-4749-8970-a0cc3fcf7391,
be260275-0e5d-4a1f-9983-6bfb04a6e150,40f77996-7428-4123-8ade-f455bab97d0f,71824621-d69f-4a5c-b2ff-cb8e29e4021b,
6b10121f-146a-45f7-b4ee-b1273cb3d76f,40f77996-7428-4123-8ade-f455bab97d0f,73813dbf-e99a-4442-a038-1b810a487e17,
2d3b022f-cbdd-41c9-88b3-55094eaabef3,40f77996-7428-4123-8ade-f455bab97d0f,804b7fdc-e2ae-46a1-b378-95b1c7af45eb,
562dd2a6-d0f9-4a43-a29f-ed23208e1068,40f77996-7428-4123-8ade-f455bab97d0f,9848f44b-2401-4474-839d-6ed9f8937054,
dc0938c6-f96f-4a37-a0e2-9c55c0c0bebd,40f77996-7428-4123-8ade-f455bab97d0f,9e2fedea-4136-4e45-92f6-7deb6e3ba3a4,
6a2ea635-d794-4708-b657-f88eed487ec2,40f77996-7428-4123-8ade-f455bab97d0f,ae22c2ff-93d8-4477-84f0-64e697dfa5e3,
9a2ccda4-ece7-46a6-a124-820e6ff9560e,40f77996-7428-4123-8ade-f455bab97d0f,c1034353-23f3-4027-8c9c-98676bddd7bf,
1fd128c1-840c-4350-bfd6-da84d60d61db,40f77996-7428-4123-8ade-f455bab97d0f,cfb62103-46b5-42d6-b6eb-e68482fb5fff,
9a02dfe6-67c7-4955-b8fb-c3595bf3e082,40f77996-7428-4123-8ade-f455bab97d0f,db106d36-9ec2-45e8-8c3c-408b236bc036,
22a88e5c-da2b-4b55-9071-9a406156a375,40f77996-7428-4123-8ade-f455bab97d0f,e47cd990-dbd1-410f-85ff-3512a96b4dc1,
a990b636-5411-4327-a975-002e591cf45d,40f77996-7428-4123-8ade-f455bab97d0f,eaeded6b-96ba-4b6f-9400-f07ffb7e2b37,
d69ccc88-a4b4-4677-b8bb-2d03226e7fe3,40f77996-7428-4123-8ade-f455bab97d0f,ec46e049-04b4-4118-9f2d-1e361a70b0f7,
63d45357-c8f7-48ef-ad3c-04d13115b3dd,40f77996-7428-4123-8ade-f455bab97d0f,ecec9731-dfe5-4299-a1e7-bcbc4825f583,
f4e92c76-fe7b-4443-af37-e0be328834d2,4190eac9-0adb-48f3-be6b-088ff7037d37,06ae81fe-5945-4e77-b993-8a97ac13d6cb,
bf92e8c5-dae3-4b0f-9357-b2a82f480f88,4190eac9-0adb-48f3-be6b-088ff7037d37,06b71f0e-e9b7-4b41-a094-53a93cd46e06,
d80d9fb2-bcd8-4484-823c-087dfd44dc38,4190eac9-0adb-48f3-be6b-088ff7037d37,093238e2-0646-441f-940f-7b323ca7ea89,
f5d0b067-b64f-4028-a7fc-e7efc11efebf,4190eac9-0adb-48f3-be6b-088ff7037d37,09c50f1a-03d1-4c52-a3a4-d622d51a4d2c,
393e8a9a-d079-4ca7-bcde-e7cd4e9a0625,4190eac9-0adb-48f3-be6b-088ff7037d37,0b4a1ba9-0124-41ca-b0b2-b48e0ebe732b,
eadd6cb5-ebb8-4f2a-b1b9-d250471343a1,4190eac9-0adb-48f3-be6b-088ff7037d37,130de777-f3bf-4bf3-86b4-7febbeead552,
bb5fbe15-cd7f-4556-a492-482699172112,4190eac9-0adb-48f3-be6b-088ff7037d37,191ca443-9e53-4f00-9846-5f788e542adf,
e9703637-d9f0-4750-956d-b3c1a62bf39e,4190eac9-0adb-48f3-be6b-088ff7037d37,1bfb6327-a557-4779-bc00-a4d8d76692cf,
67376ab9-6ba6-4ac1-88a4-a4fff48be7ed,4190eac9-0adb-48f3-be6b-088ff7037d37,1db4a9da-f9b1-44e8-96ca-cbb1abae75d2,
f54d08fa-0359-4cc6-a2ac-7455fbbb8d3a,4190eac9-0adb-48f3-be6b-088ff7037d37,22d6bf70-b8e1-4200-aded-aaf091b4c224,
7b940642-aa48-408d-9f4e-c14bd6992a18,4190eac9-0adb-48f3-be6b-088ff7037d37,26731234-e979-478e-aa21-26f141b66664,
1099ac57-ca4e-4cd8-9559-ce98dc9fdc84,4190eac9-0adb-48f3-be6b-088ff7037d37,27a56fb3-71a8-48cf-b30e-60e1a159e99d,
a5e3d744-b5be-40f4-b58e-570b7ba74f02,4190eac9-0adb-48f3-be6b-088ff7037d37,3007507c-8d09-4b15-bf9b-5056aa9a3a29,
cc57f582-1ee3-4dd2-98d5-b656e4f8a877,4190eac9-0adb-48f3-be6b-088ff7037d37,3482c43a-51d1-477e-9ef2-82d4d89d82db,
056a9cce-593a-4c61-be41-f5061fd75de9,4190eac9-0adb-48f3-be6b-088ff7037d37,36c37bb4-11c6-4ef1-b7bd-a0484297e795,
6c7f58e9-c7b7-4f49-adea-24d6b4856474,4190eac9-0adb-48f3-be6b-088ff7037d37,3fca664a-e306-488c-b29b-d0826a686006,
089f31ea-2a6f-4b14-b3f1-fe501f2f52c1,4190eac9-0adb-48f3-be6b-088ff7037d37,44273c51-3cf3-4a25-990c-309b3afa2790,
39cacecb-e439-4ab9-9718-ca8e99e51109,4190eac9-0adb-48f3-be6b-088ff7037d37,4b3e64fa-38f4-4414-8912-0bb7aea223f6,
db429812-b9f2-4057-bee3-b00112c45529,4190eac9-0adb-48f3-be6b-088ff7037d37,5977a111-3031-4efe-9f3d-48165f3725e3,
18c113df-365a-4d10-97c0-100221e782e6,4190eac9-0adb-48f3-be6b-088ff7037d37,5b4206d7-0104-48a3-a40c-700d5cd9b798,
a199b0de-b09f-4caa-9512-35141cb7af42,4190eac9-0adb-48f3-be6b-088ff7037d37,5ef4b2d8-6127-497b-9f10-7148ed1542db,
b93f112c-1131-41a6-a3a8-fa9e4d2b8ef7,4190eac9-0adb-48f3-be6b-088ff7037d37,5fcb83d5-7584-4ce2-88d9-b0da96c16c0a,
e8a83b44-a075-4fc2-b34c-c3dd2c9ae60d,4190eac9-0adb-48f3-be6b-088ff7037d37,68cbe34d-4eb5-4a18-9b98-212d44a810b2,
d8e6c25c-75b1-4258-95b5-b23d622a3496,4190eac9-0adb-48f3-be6b-088ff7037d37,73b3e802-0454-45a8-919e-4be4c3430551,
aa39b579-6582-416d-bb1c-4fe8b3c9b30d,4190eac9-0adb-48f3-be6b-088ff7037d37,7682b137-5922-4e8f-84e7-40957fd75cfa,
f4f4b365-8669-4be3-91f6-8e35857b8972,4190eac9-0adb-48f3-be6b-088ff7037d37,78db8fb8-5cd2-4435-8ab0-cef29b9a014b,
ce679d5e-1f2e-4c8d-a4e5-661988f0acff,4190eac9-0adb-48f3-be6b-088ff7037d37,819ae94a-f368-440d-8910-88ab4a626b11,
80fa7143-62cc-4fa1-9cdb-3acd5bf5f421,4190eac9-0adb-48f3-be6b-088ff7037d37,85d1c7da-0bb3-4d07-9a14-a1197d00358e,
42cd9f11-a5fc-4c87-ad09-60e12f7b6181,4190eac9-0adb-48f3-be6b-088ff7037d37,91442efd-e26b-4537-811e-2f4e1111cd0f,
93857fef-6848-466d-ab26-c7d0d73573d7,4190eac9-0adb-48f3-be6b-088ff7037d37,969698f5-6fdb-4d1e-90c6-b0893c252366,
515ff4c9-3449-48b3-88af-71ca18d64e3e,4190eac9-0adb-48f3-be6b-088ff7037d37,9da76b3f-6653-47db-b6bd-8deee1bca6d3,
c5a8b596-4b0d-4b71-a86b-b5440e79d768,4190eac9-0adb-48f3-be6b-088ff7037d37,9dc394bc-4b2d-4a3a-b5d3-035b04092e35,
07d53b21-3cae-4e36-ad09-a664f8fe8d3c,4190eac9-0adb-48f3-be6b-088ff7037d37,9ffbf337-66ed-4f0f-a347-ff4417084fb4,
3a67a1e4-c95e-48c5-b6fc-ad731229e0be,4190eac9-0adb-48f3-be6b-088ff7037d37,a55b01ad-cf5c-43c9-850f-51230a850a7a,
dc282585-c3aa-407f-83a6-86cbb1236c8a,4190eac9-0adb-48f3-be6b-088ff7037d37,a600693c-393b-4d51-8f88-6254beebe40c,
d04b949d-b6c8-4c4f-a6a0-3d1efc501864,4190eac9-0adb-48f3-be6b-088ff7037d37,b35741c0-75bb-4013-a899-367c0f9d21a1,
fb25cf21-814f-4db8-83e9-fe2ee74af03f,4190eac9-0adb-48f3-be6b-088ff7037d37,baea44e2-74a8-4486-8409-5ae4b70db292,
5caff4aa-6804-4193-b7bc-d98be5f887d8,4190eac9-0adb-48f3-be6b-088ff7037d37,c92dee25-cde9-4a74-bd67-20986c52a34c,
f9de7f82-2888-4fe6-8e6e-dcf95b0f6451,4190eac9-0adb-48f3-be6b-088ff7037d37,cf372a1b-f0f3-4f76-a88c-28a603861e54,
eacf43e9-414d-471d-9c53-2bc5bf298bf2,4190eac9-0adb-48f3-be6b-088ff7037d37,d4d87e15-5acb-4c81-8b13-fe732fab5c32,
c35bd658-484a-462b-9c5c-cf872fad42af,4190eac9-0adb-48f3-be6b-088ff7037d37,d9f024fa-6b55-499a-ab0d-12a551e93898,
dd420985-2961-4f9b-b8ca-8ac81f53a858,4190eac9-0adb-48f3-be6b-088ff7037d37,e4841ae9-3363-42bb-9fa4-73d68bdcc5b7,
835bd4a2-d16c-4534-aab2-5fe12d16a172,4190eac9-0adb-48f3-be6b-088ff7037d37,e7b72552-e09b-4f59-8686-7931733938f7,
167519b1-d7ed-40e9-b0e0-f45f660c8053,4190eac9-0adb-48f3-be6b-088ff7037d37,e8903f1c-6a4c-48b7-9c01-07468914655b,
1291fff3-c5c2-489a-a982-f4fca4376cd4,4190eac9-0adb-48f3-be6b-088ff7037d37,eca169de-fd6e-4af9-94da-5b75f06d8200,
430d3ef1-0307-4296-bb06-729d3b81a338,4190eac9-0adb-48f3-be6b-088ff7037d37,f5e2fdcd-521b-4920-9caf-798cfd9f3c56,
cedbeaa8-782f-4dd8-badb-790848d72834,4190eac9-0adb-48f3-be6b-088ff7037d37,f8cf83ac-9e87-45e2-91d7-8d75a4f0e6c0,
ffdd6505-7300-4326-8ca2-5393595deb6d,4190eac9-0adb-48f3-be6b-088ff7037d37,faee84f5-a4a4-4cee-9ecc-bbb8288ee8a8,
a242c842-400b-41ba-8905-9853e90a9a59,41c0cd9a-c5b4-4b1a-af05-9424b9e78cda,35910ff4-0ec5-4052-8b2a-6cbb2ee3ae14,
941dfff6-13ac-4b28-90c4-6886aa6ff0cb,41c0cd9a-c5b4-4b1a-af05-9424b9e78cda,89d59e57-d7e4-472e-b67e-2d10e262e28f,
2aabf8ce-782e-4f3c-bd6f-89bf26f97ad4,41c0cd9a-c5b4-4b1a-af05-9424b9e78cda,a3b7e91a-df12-47c2-a3b2-36add41cf7bc,
81981736-c246-4039-87a5-8e73460acc53,41c0cd9a-c5b4-4b1a-af05-9424b9e78cda,abf3b211-9807-42ce-b2fd-21834c65d935,
91d70a33-0084-410b-8169-f090f9939f6e,41c0cd9a-c5b4-4b1a-af05-9424b9e78cda,b2f0d754-4f04-4091-8081-7f42384dd22f,
5f8da239-9a84-41a8-82f1-d0a7ad37a8da,41c0cd9a-c5b4-4b1a-af05-9424b9e78cda,e2636969-8bd3-45c4-9d7e-3069e59a43b9,
1c3e049a-6685-41a9-a9f4-cf4f0f30c703,41c0cd9a-c5b4-4b1a-af05-9424b9e78cda,ec7bd8d6-49d5-4597-bac8-b5b2e23b7e6b,
598a56a0-948f-4ac9-8ac4-8e11f116a752,42d9d521-c203-4406-b4b8-a100b87093c6,28b25fe7-2041-4dd2-898f-56c0204382f5,
b1e123e8-3ba7-42c9-be1a-5c168dc149d8,42d9d521-c203-4406-b4b8-a100b87093c6,4e655f17-cae0-42ee-aba3-b8ad726cedd3,
3811c86d-09f3-4150-98b8-48fa4c36d99f,42d9d521-c203-4406-b4b8-a100b87093c6,50352b05-fc18-426d-ae94-af2a72773160,
9fd4c4cd-553b-4e27-a1a4-4b0f528168af,42d9d521-c203-4406-b4b8-a100b87093c6,7799c916-4e3a-42ae-a3b1-ad526d178b41,
c19ddba6-cd34-4f1e-8050-a2190716fc05,42d9d521-c203-4406-b4b8-a100b87093c6,80456ae1-3aac-4189-8cf1-0ec808ee5d1f,
1c90cc06-a2b1-4bfe-a449-1c51237acec0,42d9d521-c203-4406-b4b8-a100b87093c6,9c33c58d-571b-45be-853e-d8105f0fe882,
4a355ac1-07e0-4847-8512-6868e353f675,42d9d521-c203-4406-b4b8-a100b87093c6,a0026e0b-4a32-4971-9f90-0b614d66b8b3,
4611f7f4-4c72-4c4a-9ad2-a53bfcf73a5b,42d9d521-c203-4406-b4b8-a100b87093c6,a6c34364-bf18-4e5a-ba3e-069d247268a5,
1feeadf1-fe5d-4c52-b639-4f3775244c19,42d9d521-c203-4406-b4b8-a100b87093c6,abe389c2-089e-46f0-8c28-4129c1a2d09f,
67860c54-2499-47e9-8228-0c63f49dfe5d,42d9d521-c203-4406-b4b8-a100b87093c6,af4ccdad-42ee-4846-9c31-2f830af94b81,
d0463c21-dbd1-4f6a-a0b4-19fde5036655,42d9d521-c203-4406-b4b8-a100b87093c6,caa24233-5ccb-4293-91c0-5c84f9542fe9,
a46f328a-28f4-4097-b7c0-cfdd8bcfaf8a,42d9d521-c203-4406-b4b8-a100b87093c6,d0962c01-3ee8-43ab-b3d3-c1af4f90f601,
d90351f7-f16d-4242-b434-f8219739a346,42d9d521-c203-4406-b4b8-a100b87093c6,dadec16d-4f14-4466-b0ef-74b30ecedd9f,
ff883066-8ab6-4449-a488-deee6f75a471,42d9d521-c203-4406-b4b8-a100b87093c6,e59070db-ca23-4842-b96b-b25567947613,
ce755f45-71ba-4bcf-81ad-cccfa8620bbc,42d9d521-c203-4406-b4b8-a100b87093c6,e731ce6d-d666-442e-a0c7-8907d2edb713,
da445aff-6ceb-472e-aa3d-8af8c1d841a3,42d9d521-c203-4406-b4b8-a100b87093c6,e882f74e-db94-453e-ad08-d16c57117870,
7d5a899e-80d1-414d-9ebe-3587429bf81d,42d9d521-c203-4406-b4b8-a100b87093c6,ec71c69d-e6c4-46f0-a21d-234a19dd1655,
b6f70584-389b-4c27-b0fd-c36a506e13a7,42d9d521-c203-4406-b4b8-a100b87093c6,f09ce510-289c-42a7-83e7-7a43eb3bcd28,
2842c085-a936-4fc7-9a13-78a3d80125ab,44444a07-6014-4792-910d-8d942bfb57ba,2f6d11ff-81e5-4844-aca9-8a98ea0836fa,
543d9e95-b889-4704-8ff1-78da12a35f37,44444a07-6014-4792-910d-8d942bfb57ba,338d7761-96f1-4982-837a-03f810281d3b,
e04e6e45-5b8f-4e39-bb29-4d3a3f81804a,44444a07-6014-4792-910d-8d942bfb57ba,dd8f5f13-c437-4322-b87d-067cd393e4f1,
ae54c910-0d61-423a-8bcb-a8a9e8cfe9bd,44c173cc-b3ec-4236-9860-0c8e6a04e89e,de10200a-f541-476a-b332-48562f718899,
00ad62d5-4c45-4462-ad2e-2a18921c2760,45794b4b-6158-4805-8662-9c7977608e59,4ff3e1c0-e4e9-401f-b4c0-ce41d9254ccc,
e096c61e-3446-4e93-80b1-31bed47b6523,45794b4b-6158-4805-8662-9c7977608e59,62df92e3-7298-4438-ae2a-7629ab7029e3,
5f18e5a5-f47e-480a-b4ad-5dfa6d314291,45794b4b-6158-4805-8662-9c7977608e59,6b76efe4-1cba-45c7-b2b8-ce20047ea46e,
17697084-ce9e-4e7d-af8b-338795ac14bc,45794b4b-6158-4805-8662-9c7977608e59,6f0b16a0-9f59-49f8-82cb-2ab105e73e89,
3edc9645-60ff-4209-b645-c9b4a59bf871,45794b4b-6158-4805-8662-9c7977608e59,836c38f0-b265-45a4-b07a-0455c1b34914,
1dc764ad-3c7e-436c-8130-004c60ecc9ca,45794b4b-6158-4805-8662-9c7977608e59,94a12922-98ca-4fb8-9350-7c7f470386fd,
8f09425f-557a-42d7-bd67-d665629ed691,45794b4b-6158-4805-8662-9c7977608e59,9aee6693-96a0-4710-8602-b629b40b02bc,
04d1749e-48cc-4495-9b90-663c43c9c11b,45794b4b-6158-4805-8662-9c7977608e59,fb4f729c-5bc0-4330-9982-3cb5bed95d29,
72be2f00-7bec-49e0-add7-efec9263743b,459f18a5-da07-481d-9b38-ede954eb0e52,6bebce45-6ae7-44f4-a933-143d763a26a8,
1c2a8141-bfb0-4b88-9517-502a90530c3a,459f18a5-da07-481d-9b38-ede954eb0e52,7ba0b3db-acfe-4c6b-bb25-0d73a4a4a988,
99998e41-1c41-4eec-96a3-fda5859ad20e,459f18a5-da07-481d-9b38-ede954eb0e52,7f15b0ba-261c-446f-8696-1d27af03b0a3,
aa2c6566-ab7a-4003-b739-b98ad947aec7,459f18a5-da07-481d-9b38-ede954eb0e52,c4757d66-a8e4-4dad-9815-d2bb91b0b4a9,
fd2c97e5-286b-4dab-943b-ac24a9d71d26,45b38ceb-4ff7-48f5-b61b-6ff3bad6ba93,13abc38c-ec0c-415f-8153-cedf01d3068b,
80338161-dd94-465e-a6fc-e247c940854b,45b38ceb-4ff7-48f5-b61b-6ff3bad6ba93,25c0d83e-f42d-4ca2-9723-7873b9d7579b,
4720018e-908b-4289-8063-78649f9976c4,45b38ceb-4ff7-48f5-b61b-6ff3bad6ba93,52ebcd5b-6dba-4726-be26-856151e5cec7,
2481f170-3a53-4baf-99bb-45fdb30f940e,45b38ceb-4ff7-48f5-b61b-6ff3bad6ba93,569916b1-076d-4f78-848a-d38c6c0079c8,
858ef5e6-7b6b-4826-812a-339a265a1c86,45b38ceb-4ff7-48f5-b61b-6ff3bad6ba93,97b133fb-8c0c-45a1-ad76-f8c7b3d8996b,
b7449839-3ce2-4c4e-8086-14cd12360a4f,45b38ceb-4ff7-48f5-b61b-6ff3bad6ba93,d106f7c1-2da7-42dd-87e5-e6a35b2c2952,
300a88ae-e8fa-4f82-bac9-2adc2a70de70,45b38ceb-4ff7-48f5-b61b-6ff3bad6ba93,ee5bec63-945c-418d-9399-54908f058df7,
dcfec90c-6afc-4ea4-a1cd-7e26b2cefbc2,45bace6f-d9c0-47d0-9916-bcb60f689a57,02903872-9bd6-4918-99ba-a4a281a48585,
b1d299be-c477-4f1c-8605-732a3f32c168,45bace6f-d9c0-47d0-9916-bcb60f689a57,07bebbe0-9b40-4ad6-8b35-f2c6b306fb98,
2012698b-996e-4e76-be91-18668f836d22,45bace6f-d9c0-47d0-9916-bcb60f689a57,09b895a9-ef15-42fd-9822-e0147fd8dd95,
c656d326-e7c9-4060-977d-4c9a6d6e38bf,45bace6f-d9c0-47d0-9916-bcb60f689a57,1edbe93a-3923-49ef-8843-ec237c8a6dd4,
900fc0b3-aacf-428d-a72c-34daa743fb7f,45bace6f-d9c0-47d0-9916-bcb60f689a57,20480864-ef2d-4198-aa92-702af4b40f50,
c9030146-1e3e-4fad-ba43-b29e3c563cfe,45bace6f-d9c0-47d0-9916-bcb60f689a57,21ddcca7-d537-48b5-8da8-7f989141bd18,
4e584d09-de6f-4a0d-b371-694b0b51fd1b,45bace6f-d9c0-47d0-9916-bcb60f689a57,2f96f886-0236-4f24-935d-ce4e11812fc6,
3a7c4dc8-c18c-4d5e-9a02-aeaa2d03d6ce,45bace6f-d9c0-47d0-9916-bcb60f689a57,31d41637-8347-45e2-9795-55205125215f,
6c3bbee1-d109-47bd-8a53-c3a7c828aeb9,45bace6f-d9c0-47d0-9916-bcb60f689a57,3328d5ab-aa4b-4cee-9483-a52ab745d684,
c80082eb-81e3-42c0-9ace-537c2dea660f,45bace6f-d9c0-47d0-9916-bcb60f689a57,352e67f5-8513-4a26-8430-578bf124b8ee,
021a27c0-843c-4bda-948e-7562c76f3ef6,45bace6f-d9c0-47d0-9916-bcb60f689a57,35851e9f-d4e9-4b3c-a2d6-abc7188369e4,
d3876862-22d9-4ae3-b1dc-56f0d4acacea,45bace6f-d9c0-47d0-9916-bcb60f689a57,384deba3-ef33-4dde-b831-f442861cbdfb,
e7541f58-bac2-4727-afe7-efc5f92a1476,45bace6f-d9c0-47d0-9916-bcb60f689a57,3b942ade-d8d4-433a-8d57-7027e88c50cc,
b3acabc9-e674-43d0-95c9-09d8b1b9ee5a,45bace6f-d9c0-47d0-9916-bcb60f689a57,498faa6b-9697-478e-a428-e09afd72f2f8,
09c76425-2383-4ab8-bdca-ade00bcd952b,45bace6f-d9c0-47d0-9916-bcb60f689a57,4d5d2037-64a0-4d72-b1b5-6d17bed3175d,
85d69332-5e94-48f2-9802-9c60928f5a46,45bace6f-d9c0-47d0-9916-bcb60f689a57,56dc5417-f03c-4066-8614-f3a07ac80374,
443f8067-db17-4406-a75e-75d893b63660,45bace6f-d9c0-47d0-9916-bcb60f689a57,5cfc8f73-f5c4-4f23-9531-3f01453d8be1,
212dc66a-45a6-47e2-9be6-e22be60cd052,45bace6f-d9c0-47d0-9916-bcb60f689a57,5faa0231-98a5-4525-b782-992ee248effe,
c7afe281-aa42-4226-962c-83dd311671e3,45bace6f-d9c0-47d0-9916-bcb60f689a57,6073f5d2-b228-4382-803f-2faca126c534,
6ce1f37c-ee9b-4eb4-830d-3132d69792ff,45bace6f-d9c0-47d0-9916-bcb60f689a57,6844d033-5cc6-4596-9827-a6bab6103e50,
6079d30c-4f61-4332-8208-55b61c79f328,45bace6f-d9c0-47d0-9916-bcb60f689a57,6ad86baa-3ac8-44b9-ad5a-3dbbff135659,
e2a01175-7183-41eb-beaf-586f158d6753,45bace6f-d9c0-47d0-9916-bcb60f689a57,768f2b53-d01f-4e00-8039-0f13e128cd92,
544c8fee-3681-454b-95de-d71c37190afb,45bace6f-d9c0-47d0-9916-bcb60f689a57,7ac9fe6c-171e-4c33-a3b4-adfeb0305062,
1506b6bb-9a12-448b-ab92-f6fee2b37128,45bace6f-d9c0-47d0-9916-bcb60f689a57,7f7bce10-bf85-4ddd-bd08-a24a64a1be2c,
4d5ad6d7-bcf9-46d0-972f-9bcf6e296334,45bace6f-d9c0-47d0-9916-bcb60f689a57,830a85e4-1721-4d37-8484-cf9f28a2ff4b,
153ebcf3-375a-4f72-9480-51d7ee479c8e,45bace6f-d9c0-47d0-9916-bcb60f689a57,8359842e-f162-4a4d-ab31-0ac1795f36b4,
ac211649-a911-494e-9f3c-0ea5a8e414e7,45bace6f-d9c0-47d0-9916-bcb60f689a57,882b9d83-e25e-4ef5-92b7-fd5ad5586eed,
700919ed-09a5-4014-90e7-148959e63d15,45bace6f-d9c0-47d0-9916-bcb60f689a57,99f2a204-92b2-4186-917b-4383c985aab2,
db855e93-3547-451c-b11a-22702c974584,45bace6f-d9c0-47d0-9916-bcb60f689a57,9f418bf0-38cc-4f86-812a-e317b032b7c7,
a5f3e341-ca22-47ae-8371-d25020f5959a,45bace6f-d9c0-47d0-9916-bcb60f689a57,aa89e262-597b-4ece-95d8-1ee8d6bbdcfd,
331bc65b-ef5d-4e40-9f6f-efc537c40fb0,45bace6f-d9c0-47d0-9916-bcb60f689a57,ba4a1bdb-f399-495a-8ddf-99c8987ffbba,
4f458ea2-89ae-4499-b8ba-9511a97f387c,45bace6f-d9c0-47d0-9916-bcb60f689a57,baeb6235-fd20-4d05-870e-d5e533fe9544,
f5e06c3d-9ae3-4937-a2e9-c23074406a74,45bace6f-d9c0-47d0-9916-bcb60f689a57,c2853b7e-bddd-465d-a233-a5d7d0575d89,
f131739c-8555-4ce0-a407-ea37912fb70e,45bace6f-d9c0-47d0-9916-bcb60f689a57,c548ac38-b944-481a-ac9c-5105cede1fe8,
ccbde827-4c69-4321-8f12-0e721e92c2c0,45bace6f-d9c0-47d0-9916-bcb60f689a57,ceaa2ecd-61bf-46ae-b490-18a71a96f224,
cb7bbb92-a811-4b9e-abfa-4065a60068e0,45bace6f-d9c0-47d0-9916-bcb60f689a57,d531c543-1e54-4162-8a82-41c721b658bd,
2cd468b3-051d-4f34-b717-defa91230fea,45bace6f-d9c0-47d0-9916-bcb60f689a57,d9b37ab3-0936-46bc-b3f3-25fadbb50aa6,
a9574e94-7da5-41b4-9e3c-62def55dd50d,45bace6f-d9c0-47d0-9916-bcb60f689a57,daa06a82-fd79-44ef-b13a-3e9496348e19,
584b753b-4ad4-4aef-9eff-c9d174aa25b5,45bace6f-d9c0-47d0-9916-bcb60f689a57,e372f7e8-4339-4f12-b7ae-17161f618ede,
6e52c325-1987-4b04-bb79-2bb79d1d4817,45bace6f-d9c0-47d0-9916-bcb60f689a57,e6f612b3-74ae-4c4d-b720-5a398b208dfa,
2044f091-5484-43e5-91e0-6da44efa4cac,45bace6f-d9c0-47d0-9916-bcb60f689a57,f3106fa8-9256-4040-a085-37e27d3ee91c,
5161a79d-3453-4175-8d27-0b18d222e96b,45bace6f-d9c0-47d0-9916-bcb60f689a57,f539a60f-7a40-44d3-963c-a1ac19941097,
9c2c69c9-31b7-47f8-82c7-538b069e20f3,45bace6f-d9c0-47d0-9916-bcb60f689a57,fc5fc490-1226-4716-ba04-e93fd8f2e483,
b972de33-fb3a-40c4-827b-54d6fbf999be,45bace6f-d9c0-47d0-9916-bcb60f689a57,fd1fbd67-a3bf-4297-9a3b-b2c549cc3044,
afe6a1a7-c6c3-4a42-bcf0-eef34c5ef1e7,45bc29bc-341f-4eb7-ac58-9c9fe3d36245,2ed48f9e-3ac4-462a-8fad-1aa8259d996c,
c849a967-600f-4b49-976f-0ff59f96ef95,45bc29bc-341f-4eb7-ac58-9c9fe3d36245,359c6c87-67fe-4377-8175-e669a2d28688,
b9d13be1-b772-4a7b-b626-354f8201fe32,45bc29bc-341f-4eb7-ac58-9c9fe3d36245,6d62af27-03c0-4805-a81b-d28c0bb9c0a2,
002c4c18-0aaa-4e44-9dc4-99f8a7ed7116,45bc29bc-341f-4eb7-ac58-9c9fe3d36245,7db11c66-48d8-43c1-bc49-7a32df08a286,
487e2d9a-3521-4146-b08c-e15eaba03bd8,45bc29bc-341f-4eb7-ac58-9c9fe3d36245,843c6f05-b006-4ec6-9399-3c8e57d5adbc,
510d67a1-31b2-4456-821b-59cd31f869da,45bc29bc-341f-4eb7-ac58-9c9fe3d36245,ad1fecc1-b046-4a1b-aed8-f38693668930,
c96d3971-be73-47cc-8f10-dc4b2909096e,45bc29bc-341f-4eb7-ac58-9c9fe3d36245,b4585429-dc62-4290-9b12-3c80bab1d1b0,
29f7c477-4c36-4893-8704-fc768fd425cb,45bc29bc-341f-4eb7-ac58-9c9fe3d36245,d578f151-6c53-419b-8067-c10c036ba348,
fe7267f6-4b49-409f-93bc-0f1d65d2756a,45bc29bc-341f-4eb7-ac58-9c9fe3d36245,e818fa04-9f5a-4116-8850-26b0e5e3a80c,
0b69973f-a73b-4d26-83ba-60df7f68e454,463be03c-5a28-4d5f-9966-f64d2212b016,0cfe3f6f-84ba-483d-88c0-5f07a2c7e497,
df699a88-77f0-4bf9-80b7-49b4b2c4828d,463be03c-5a28-4d5f-9966-f64d2212b016,6cf84451-c0f9-4426-a49f-8da58cfb162c,
6cf2a5ac-d2a2-4379-9656-418c7f0a35e9,46903422-a7f7-48f5-89e8-6a29ba1f4339,1b484328-691b-44a0-b800-0c3093a2635c,
8acdbffd-66fe-4023-a0d4-55d178b714af,46903422-a7f7-48f5-89e8-6a29ba1f4339,22aed07c-efa3-44fe-bb43-78c842274ff7,
ab08b639-5f78-4434-9607-71c90d1ca028,46903422-a7f7-48f5-89e8-6a29ba1f4339,2a5c113e-a074-405e-ae57-1e6bf721ebd1,
d6b80954-6302-49e6-8218-080de6e48370,46903422-a7f7-48f5-89e8-6a29ba1f4339,37b69ba0-a539-4288-9275-72eea9c53350,
31303031-af6d-442f-976c-be06c36b1600,46903422-a7f7-48f5-89e8-6a29ba1f4339,396ebc54-f372-4d91-a852-9d105b6a3891,
a7cc1583-3de3-4e50-92aa-81c828647953,46903422-a7f7-48f5-89e8-6a29ba1f4339,477750a9-2ef2-4c95-8217-2eba558f0743,
74f26308-ced3-4b56-84df-8e1f10665057,46903422-a7f7-48f5-89e8-6a29ba1f4339,57f6483b-f7af-4f16-b12b-f2c793b27f12,
d6253b42-1432-41e8-84eb-0fbe3410a63d,46903422-a7f7-48f5-89e8-6a29ba1f4339,6e8c21e8-1265-437c-b50c-61a5b1c9aeae,
76be1253-2964-4efa-a447-a40ea00e56e5,46903422-a7f7-48f5-89e8-6a29ba1f4339,77774ba6-a0d5-4473-9aad-d9ad14c2a870,
70b7992f-c9b8-41c7-aa04-048ae05a1db0,46903422-a7f7-48f5-89e8-6a29ba1f4339,8bff6354-d6ff-48b3-bac3-3f48f1870b8c,
ae978dac-27aa-4160-a00c-e58fa1de2ed3,46903422-a7f7-48f5-89e8-6a29ba1f4339,a0dbabd7-b893-4c34-9c54-d4553890db68,
538edfc9-da43-4129-8aa3-f0f607d65d5b,46903422-a7f7-48f5-89e8-6a29ba1f4339,a760ca19-2974-43b5-b488-558eb859ce5d,
576a3f97-0447-44d6-94f9-9fed14f350f3,46903422-a7f7-48f5-89e8-6a29ba1f4339,baa9e44e-33b5-4857-bf62-b39e69a4cef1,
1287eb2a-ba45-49fe-933e-c58497de47ee,46903422-a7f7-48f5-89e8-6a29ba1f4339,bf2990b2-3aec-4807-a610-c0a671f578b4,
61692bc2-c8e5-4e05-8e9f-7a4028eda84b,46903422-a7f7-48f5-89e8-6a29ba1f4339,c89ab1bc-5561-4200-aee5-79a6b7f518b6,
721f1022-8882-4a99-9b26-9b98958e10ae,46903422-a7f7-48f5-89e8-6a29ba1f4339,db363f36-dc34-4e35-985d-f81b72ded126,
c4f7faba-bae6-4308-b422-ca32d59f6b32,46903422-a7f7-48f5-89e8-6a29ba1f4339,e13f44af-f837-4ba5-b6bb-063ccdfeb1e3,
e88cc52c-6d0e-4189-a579-7c771a98d1fe,46903422-a7f7-48f5-89e8-6a29ba1f4339,e376149d-8f9c-478e-badb-9e199c3eb3fc,
a5ad88fb-13da-4f0c-b87f-c111bd81b284,46903422-a7f7-48f5-89e8-6a29ba1f4339,ed812944-a244-4391-94a0-dc60bf2a2ee4,
e2a9370a-ed04-4841-9fdc-5593f9489afd,46903422-a7f7-48f5-89e8-6a29ba1f4339,ed8d9f01-73da-4d62-a310-5175655bc686,
a8189d88-cee5-4b68-adab-b379cc8a0223,46903422-a7f7-48f5-89e8-6a29ba1f4339,f4b7e19c-a12b-4b14-853c-23f34e89a5d9,
cadfd6c5-35a9-4faf-9890-997abf7bdfb8,47019d87-caf7-4e7d-b578-39b5c7ebe0a9,a267d3e8-3d19-461c-ab45-204a28a37b49,
dfb85648-1173-4b3a-bf4a-b73be1ed7958,47638362-344e-4f2f-a640-4161d40e611a,17e3f6cb-5b77-41ac-a26a-8338bc4a0223,
7103186a-4920-4d53-8b33-43941e60c116,47638362-344e-4f2f-a640-4161d40e611a,234b3f7d-e067-4af4-a41b-a079360cd10f,
2d21d040-4056-4c13-970d-b0bf184d083a,47638362-344e-4f2f-a640-4161d40e611a,27c6f552-1167-4b7a-a0ab-6c289e08008d,
35634df0-1412-4d11-a0e5-aaf2793189e7,47638362-344e-4f2f-a640-4161d40e611a,2df6bcdb-8528-41d4-a8da-3d862cdccc42,
9c6f7813-b685-4828-b1d8-ca7f8ba1a6c5,47638362-344e-4f2f-a640-4161d40e611a,3a11b989-dcfa-46a0-877f-c44681b91dec,
27bbf848-e8c7-464b-9ab8-265dd20d82cc,47638362-344e-4f2f-a640-4161d40e611a,3bb8da3b-c8ec-4126-9164-124a7f70833d,
88d76980-17c3-47e5-9d81-5ae38fcac66d,47638362-344e-4f2f-a640-4161d40e611a,402fa818-e766-458b-a1a7-5dca12654019,
962cae6d-cc93-4587-9be1-1cff183c72b1,47638362-344e-4f2f-a640-4161d40e611a,411c74df-3284-4b73-bcf4-afed50ccb3f2,
666ae1a9-b38f-4f04-8181-fab386a9e15b,47638362-344e-4f2f-a640-4161d40e611a,41d3448e-7cb1-4d0a-a77a-3ffa359603ff,
1b53271b-e1ce-476a-808c-5c69f4829f41,47638362-344e-4f2f-a640-4161d40e611a,42d25aaa-adc5-42e9-8bdb-82cf0ee444f1,
0dd73fcc-8647-40d9-9a76-4ba891330a60,47638362-344e-4f2f-a640-4161d40e611a,483c0d36-f324-4d04-91f3-fc5714d29786,
6b2a6efc-ece4-4937-ba15-0647ad776747,47638362-344e-4f2f-a640-4161d40e611a,4955dda7-15e0-4c5b-b677-96156518466e,
2f72be51-bbeb-46fd-803a-2f635d77658d,47638362-344e-4f2f-a640-4161d40e611a,5cfc89f9-7839-42ab-9a1f-ce195b6232d2,
44d611b0-c2d9-47e4-aab8-42a4261fb315,47638362-344e-4f2f-a640-4161d40e611a,5d4cfd3e-8794-4ee5-8522-8d35c79ef27e,
ac3b9ef2-dca3-45d0-9b6b-6618e37755dc,47638362-344e-4f2f-a640-4161d40e611a,640756d4-766a-4cfe-8b41-c766f8f16aa3,
d9fb7224-5721-4dfe-ae80-87525f6ff3f6,47638362-344e-4f2f-a640-4161d40e611a,7b7db3ea-d6b9-4f3c-90c6-ab3ed08a3794,
83634f29-8e34-4fef-af09-94dd7ad21b58,47638362-344e-4f2f-a640-4161d40e611a,948da9e8-e2b5-4be3-865e-1641da80c373,
f7aaf201-5049-491b-ba97-b2496ffe8e18,47638362-344e-4f2f-a640-4161d40e611a,b2887aaf-7ff7-4629-82fa-7c71230264d4,
d92b83c0-5001-409e-b086-5c1d4e15d369,47638362-344e-4f2f-a640-4161d40e611a,bcacaa7b-e98c-4202-809c-b0e0a9c310e0,
36692d7e-423b-42c8-a8cb-c23679071868,47638362-344e-4f2f-a640-4161d40e611a,c378309c-91a1-4097-b0e4-d3f76439aa02,
137c7f1f-c1a4-47bd-aa00-3c78e5efde1f,47638362-344e-4f2f-a640-4161d40e611a,c9806259-50a8-4119-9475-d4498c73ad42,
921d7bae-a9f1-46af-a00a-b77630798b6e,47638362-344e-4f2f-a640-4161d40e611a,ca1909be-e66d-4904-aa43-5cf92a2e82a8,
bfddcaaa-6dd7-4b91-843a-f50db92bc385,47638362-344e-4f2f-a640-4161d40e611a,d5d63e50-da55-4349-a9fa-2b06c992b765,
7d0298e9-51ef-4ab0-b306-efe562d79572,47638362-344e-4f2f-a640-4161d40e611a,e2cf2486-f75e-4388-a52f-76f315f7f23a,
37007505-4897-48a5-8bc4-5d858448b928,47638362-344e-4f2f-a640-4161d40e611a,ea6353a3-d8ca-4555-af3f-ad3b594c1590,
e34863d2-2f70-414d-b36a-82780fdb1d49,47638362-344e-4f2f-a640-4161d40e611a,faab5d99-4971-4ffa-aa25-e6dff5cc086e,
e537baf1-cf03-4336-a01b-2d1d2208c275,49be513b-989b-499e-970d-23247314797f,03d9a8df-5839-44c5-babf-5250941021bc,
f38520b4-4580-4ce3-b3bc-6b91124018ca,49be513b-989b-499e-970d-23247314797f,08cecd0c-4210-4d34-99f7-c224c3f7ddcc,
cb1a3f26-e25e-4fc1-b316-e9c6f9bcb91a,49be513b-989b-499e-970d-23247314797f,0c75a6b2-ab56-4537-803f-a59f3bd5a696,
931ed66f-f6af-4a5b-a0f0-f02f82bcff9b,49be513b-989b-499e-970d-23247314797f,10ed7e80-0caa-4cad-8e5e-fa115450a86a,
36ddac3a-7c00-43f1-af4d-005d6526f2dd,49be513b-989b-499e-970d-23247314797f,180d897c-60c1-4f6e-8e8c-b965b4114cc7,
e8baf5f3-6ccb-4cb9-8750-e281cb84b2fe,49be513b-989b-499e-970d-23247314797f,217edd04-6f32-428c-b6c6-c4c1c19c1677,
ed722c97-26f6-4986-8963-9de081a3dd12,49be513b-989b-499e-970d-23247314797f,281bb9a7-aa3f-4275-9ece-76289c5fef88,
c9a7e451-ad8b-4130-b6ee-6bf231d5b6de,49be513b-989b-499e-970d-23247314797f,29b9990f-5587-4332-95fa-342b3f695cba,
52826bfb-0631-4c0a-b3ee-d0b6a59a916c,49be513b-989b-499e-970d-23247314797f,309bd776-b180-4ea7-b024-cbc0c9755219,
4b25f873-d1bb-47f9-bd9c-d61e83715cc1,49be513b-989b-499e-970d-23247314797f,32751701-7c98-4c9b-80f7-cb9171e28bbb,
12bd0ece-18a9-424d-8ab5-27c23a157553,49be513b-989b-499e-970d-23247314797f,36d5113f-ddc0-4a05-bcd3-c13b5d2eb95d,
a7c3e702-4735-44fc-9e0e-f156cf5cb257,49be513b-989b-499e-970d-23247314797f,385f1ea2-b577-4191-b2bb-5db64a80d28d,
350c8efe-2f84-4aba-ae1f-d08d1b315d92,49be513b-989b-499e-970d-23247314797f,3f1d40c4-d32e-433b-9cf6-f584b2b843c0,
c0fcbe1a-3f6c-4797-b648-40c421da1683,49be513b-989b-499e-970d-23247314797f,4064c0d8-5279-4929-82a6-8f9a4d13a3f1,
cee3b73d-2184-49f2-bc33-a8cbdf5d6798,49be513b-989b-499e-970d-23247314797f,4640b89b-1234-4be7-850a-4cc4800bdb3a,
b730b7c4-b7ee-42bf-861e-41356d7452fc,49be513b-989b-499e-970d-23247314797f,49c665e7-5ba8-4c38-ac24-efff5f43cbb3,
668de854-393e-4add-81de-76541fcfa97a,49be513b-989b-499e-970d-23247314797f,5234b201-f619-4ded-8d66-031a0d253d78,
df03d56e-1323-49df-a806-613a236b06d6,49be513b-989b-499e-970d-23247314797f,5b188ddf-ca00-403c-894c-6e0bcfec89d3,
0bf538b0-f993-4727-b19b-96de08556e80,49be513b-989b-499e-970d-23247314797f,5c9396bc-9bca-44a1-a115-6887056445ae,
477f8aa8-86d0-4e8c-b381-91aea3be2d5f,49be513b-989b-499e-970d-23247314797f,601d2b23-afd5-4a0f-961e-53b91edd5073,
a3a5afe3-b2fa-4658-bab8-99954acb546d,49be513b-989b-499e-970d-23247314797f,63638524-e638-441d-b676-e8e8b1231727,
23be662a-f40d-4192-a2ca-9c452f2057dd,49be513b-989b-499e-970d-23247314797f,6b3908b1-338f-47f8-9482-6937ac7e96ed,
4dd15388-db83-4dbd-8326-da6b1c1196f4,49be513b-989b-499e-970d-23247314797f,7193dcf6-c48e-45f2-b426-205faf812eea,
3c26d683-0787-41df-8cb6-d0dcd170aefe,49be513b-989b-499e-970d-23247314797f,76147327-2745-4120-b06e-b8df2a3a9c68,
50fdcc0c-a246-4d30-ac20-aea1c7ff9d5e,49be513b-989b-499e-970d-23247314797f,86d0cf2f-a63b-46dc-8e04-361f63bfa341,
b795e3a1-31ae-4d6d-85da-863958e75084,49be513b-989b-499e-970d-23247314797f,902bec18-efb7-46b1-aab7-926d6346b58d,
40d7fdfa-3d8a-4bf5-8c96-c68e0dabb763,49be513b-989b-499e-970d-23247314797f,92cf8e09-1f33-4248-bbd9-9e55f42598ce,
ccfb5ff2-02e8-4d02-aff0-26d9d2b70015,49be513b-989b-499e-970d-23247314797f,99afd8c6-ebd9-4814-9f2f-b3530ba4d2b2,
976b640e-62d7-4da6-9f3f-f996b555159a,49be513b-989b-499e-970d-23247314797f,9c66da61-4583-4a8a-a0bc-5b0863ecd4dc,
21262e79-d409-473d-874e-f93d43ef4511,49be513b-989b-499e-970d-23247314797f,9d2dd045-3b22-45f1-be45-8e5b8e8c892c,
bd487df9-515e-4d5e-9eec-cff7131118c3,49be513b-989b-499e-970d-23247314797f,a5805466-8b22-42eb-81c7-9c06da76ed54,
dd82bfa9-b8a9-476e-a705-fd0b23a7e55b,49be513b-989b-499e-970d-23247314797f,a89b48ba-931a-4c12-9b75-57eb10331d42,
667f6fdc-22f3-4b3d-bd20-11acfcf1e269,49be513b-989b-499e-970d-23247314797f,a9e88fdf-4dcc-4ffd-a1e9-cc0e6e514b55,
db90fc3c-6f06-460e-a497-9414c84d33e1,49be513b-989b-499e-970d-23247314797f,acf80af1-900d-4e5f-96cf-fa185a0bb0e4,
f42c815c-a427-4340-a46c-2ccc822ed7a4,49be513b-989b-499e-970d-23247314797f,adfb8f46-8939-4668-9d8f-8dccc4ec0dbc,
44dcf5b5-3c54-4482-8093-56b725823846,49be513b-989b-499e-970d-23247314797f,b088b4cf-a795-4f02-82f4-65b95bb6370f,
0ff95a39-bc13-49b1-8c69-76ed5582f75b,49be513b-989b-499e-970d-23247314797f,b16da593-7b5c-4628-9b34-dda859f64126,
ba436337-94c9-408d-ba16-dcf35823c869,49be513b-989b-499e-970d-23247314797f,b5ff0635-56cb-46c9-8487-cb8cab59d2a8,
0b2a15c7-e7a6-4f6d-bf3d-b5d193bedc45,49be513b-989b-499e-970d-23247314797f,bfb03ca4-04a9-4a29-84e7-43a29f9f59e4,
98417151-4d2d-490b-9499-f4bdd8caab5d,49be513b-989b-499e-970d-23247314797f,c60a4729-a167-4920-9bbe-2aed374937f4,
758a0e06-3d04-436c-9bb8-da455e284a18,49be513b-989b-499e-970d-23247314797f,c75e2b14-38c8-406e-b07f-1664f431bdd3,
1573ab62-8177-4842-9764-88a8c2ddc6d3,49be513b-989b-499e-970d-23247314797f,c90cd7d1-acb2-4820-bdd7-6da8b6aba49d,
d8806516-ff60-40cd-a88b-0dcbc27425ae,49be513b-989b-499e-970d-23247314797f,d4d015e5-1722-4778-9a3d-8a1b80bb8d62,
6f305fb1-25e5-44a5-aee3-00efcbfe0540,49be513b-989b-499e-970d-23247314797f,e258a349-9f42-4caa-8c14-918738368dd3,
b58db994-b501-4ae1-bbb1-7263d2a691ef,49be513b-989b-499e-970d-23247314797f,e5b9aa22-fd5b-49a4-bcde-930067c366c4,
b28bf349-3366-43f3-851c-7e90843bd17c,49be513b-989b-499e-970d-23247314797f,e6cb8234-14f9-4997-9aa6-88f54d0e48a6,
da1615ca-05ea-45bf-ad75-0b485ecb1083,49be513b-989b-499e-970d-23247314797f,e7e52d19-c816-45dd-b138-d562441f1c71,
61667d80-48d7-401d-964f-466fcf261dff,49be513b-989b-499e-970d-23247314797f,f570d626-e6b6-4de1-8a98-94fcdd62a667,
4dd13af1-611c-4367-9fb0-fa74952c491c,49be513b-989b-499e-970d-23247314797f,ffffb8f5-8a40-4825-9b1b-58b2015cabfa,
e9273cf3-6786-4735-96c4-0007d350a9fc,49bf1c4a-7924-49b1-a714-613d833798a2,c2f90617-d881-4efc-b928-0e5c68f5e0c0,
8e1e6aaa-8219-4c41-8edb-e2e7925e65bf,4bd6ba6c-e0d6-4754-91f7-a4219a8d6828,13b19b37-e482-4213-a15c-73a97b5dbcd7,
923628f1-bbad-4842-8910-0869c979a94d,4bd6ba6c-e0d6-4754-91f7-a4219a8d6828,5d3a5693-ba08-4dab-b937-c8b77cb5e3f9,
fdd817f2-f638-4d8a-99d1-b0634e964545,4bd6ba6c-e0d6-4754-91f7-a4219a8d6828,726c9ac6-def4-4d6a-81a5-71a69d2b200a,
26bc05d7-46e3-4071-ba7e-e4eb40b488db,4bd6ba6c-e0d6-4754-91f7-a4219a8d6828,7578355b-7e36-4f06-b389-fe114c712e56,
a31b2eaf-f63f-4e29-9ded-60c618a986ad,4bd6ba6c-e0d6-4754-91f7-a4219a8d6828,826d9c0e-da4b-4db7-b023-03ee74633a9a,
75d63a87-2eb7-4323-8f45-3df54e4b5e9c,4bd6ba6c-e0d6-4754-91f7-a4219a8d6828,b88fc3f4-072e-470a-ba01-474b04f12a52,
843fe7d6-22ad-46be-9108-a19ffb74ae7b,4bd6ba6c-e0d6-4754-91f7-a4219a8d6828,cd44c53d-3755-4dbd-9e02-a7db0e01a3e4,
fa72343a-1465-47a3-a8f0-e8bc06dc8460,4bd6ba6c-e0d6-4754-91f7-a4219a8d6828,e4770172-7a73-49e3-a5f9-568786252a01,
f85d3bc6-da1a-495a-934a-daaa283fca82,4bd6ba6c-e0d6-4754-91f7-a4219a8d6828,eb6aede4-e646-4bde-8cd6-911bbbcb8243,
cfff85ba-fc3f-4a27-9e76-763873e5a976,4c8c1191-fd99-432d-b50a-6a6173aef1cf,0ccd66e9-daf4-426a-91e9-2e042ae0e916,
871b2cb4-e416-42cf-b97c-03c0adbcd0b5,4c8c1191-fd99-432d-b50a-6a6173aef1cf,155aa8b4-b077-4ce9-817c-c65441c842e3,
9be4a6fe-12d8-4a7c-b6ed-a97ffccb02a1,4c8c1191-fd99-432d-b50a-6a6173aef1cf,1af6ad38-e95b-4ec1-a413-8ac37b971466,
8f811662-1e03-472d-8153-75cb641dbd61,4c8c1191-fd99-432d-b50a-6a6173aef1cf,260633a5-4695-4f7b-b73a-6c48ebc5f0a8,
b1788c40-c86c-4132-a577-056d571b8114,4c8c1191-fd99-432d-b50a-6a6173aef1cf,26283739-4277-4f31-b7f1-dc45db2ef61b,
f2678e04-7e92-4b69-a686-2aefffb02b3e,4c8c1191-fd99-432d-b50a-6a6173aef1cf,27c47f2f-43a3-4af8-ad9c-d00de8f3c616,
23da4135-5061-4145-bc07-287cba752301,4c8c1191-fd99-432d-b50a-6a6173aef1cf,2d399d4c-de36-49f5-946b-342431530992,
c8b01843-d732-4539-8a78-c602bcd21717,4c8c1191-fd99-432d-b50a-6a6173aef1cf,2fba2339-0757-438d-8f0e-7c05d80550bc,
d0a55b58-98d6-4ad2-a67f-1a20c8a74263,4c8c1191-fd99-432d-b50a-6a6173aef1cf,4293ef6f-26c5-4538-a2b8-7d075981ead5,
575340b5-8d6b-444a-8a92-6c752079a180,4c8c1191-fd99-432d-b50a-6a6173aef1cf,4862f080-ec95-4560-a46b-dfa7aa69560e,
46f3608c-ee6c-43e5-a940-69180f6b28ca,4c8c1191-fd99-432d-b50a-6a6173aef1cf,5494bca2-d930-4fc0-85c6-5e73201db24d,
afeee565-cb37-49ba-8d73-5b7a64d3c962,4c8c1191-fd99-432d-b50a-6a6173aef1cf,5ff5ee37-efc2-44f5-900d-6b9d5390838a,
9eb70b30-6bd8-4962-b4d3-917c168eaca4,4c8c1191-fd99-432d-b50a-6a6173aef1cf,636ce6cd-1771-46c1-88c3-4e4e1014f7fb,
ff6358f3-89f9-4342-aa77-aeba9a767bff,4c8c1191-fd99-432d-b50a-6a6173aef1cf,6be89dd5-c438-4605-875e-27a599d11a4f,
8e8cfc7e-5f0e-473f-aafa-e724720f0c2f,4c8c1191-fd99-432d-b50a-6a6173aef1cf,6d91bc47-e5e3-4ab2-b1b4-db8452763db5,
91a30d92-11df-4641-8ea9-4873f1e78e91,4c8c1191-fd99-432d-b50a-6a6173aef1cf,766ff239-e1f4-4940-bc1b-e634931f9e15,
de91eb63-0cd4-46b8-a860-5869d89518ce,4c8c1191-fd99-432d-b50a-6a6173aef1cf,7e2df208-1060-4e0e-947a-2695d5b5b3a8,
55459bf3-a99a-4bbc-9d24-5c88c74e8cd5,4c8c1191-fd99-432d-b50a-6a6173aef1cf,85063526-ebdb-4d83-a94f-f66f23d08373,
8dab9520-6f10-4505-b3e7-cf843f568151,4c8c1191-fd99-432d-b50a-6a6173aef1cf,8a35d01c-4ca6-4993-ac47-4f00d80c6e90,
e1013b86-faa1-4880-8aa8-0a7a7b9e15af,4c8c1191-fd99-432d-b50a-6a6173aef1cf,97a228ed-e5bc-4f2d-be4e-c7a2feaa83df,
29c0e0a3-3866-479e-80e6-7e07a05ddf29,4c8c1191-fd99-432d-b50a-6a6173aef1cf,97ba377a-7734-497f-a68a-65b7a00f2489,
08832c04-3285-4409-b195-0775ff242f86,4c8c1191-fd99-432d-b50a-6a6173aef1cf,9c4fe37a-de97-42b4-b28b-7306f55589d1,
e97f7c97-a958-4337-8941-bdc9a70bbc73,4c8c1191-fd99-432d-b50a-6a6173aef1cf,a08eb952-53f1-4be4-bdb6-77703747f8b8,
87dbdeb6-a942-43f6-811b-9d87975cbfbb,4c8c1191-fd99-432d-b50a-6a6173aef1cf,a5d84695-36f0-4e62-95a2-133fe19ed5c7,
cc6a4176-0e24-4d14-916a-bd031ca6a355,4c8c1191-fd99-432d-b50a-6a6173aef1cf,abb3b4ef-0f95-4a2c-920e-e95c9b3959ff,
81956918-1400-4ee8-94fa-ca819bdb5d5e,4c8c1191-fd99-432d-b50a-6a6173aef1cf,acdf3730-87cf-4a0e-8f54-99aa1505873b,
ac2ab459-aea7-436e-a92d-c59c0bbca435,4c8c1191-fd99-432d-b50a-6a6173aef1cf,c6fd091c-2d9b-4d0c-a266-5c66886d569c,
84a9e130-e378-496b-820e-dcab053955ff,4c8c1191-fd99-432d-b50a-6a6173aef1cf,cc115807-5fc9-4c8e-b0d2-29decd879a25,
ad1ecfe2-5872-40b5-86f1-810119dca16d,4c8c1191-fd99-432d-b50a-6a6173aef1cf,cc1d9d1b-f77e-45b9-8f5a-1e15c73e0c10,
6a9b119c-6903-4d59-84c2-62d3f61f4293,4c8c1191-fd99-432d-b50a-6a6173aef1cf,cc31cac5-9aec-42d6-8beb-416ee3934772,
8aaec317-e4e9-45e3-882f-6ef6d8c9208d,4c8c1191-fd99-432d-b50a-6a6173aef1cf,d092d8d9-f7b0-4523-a9ec-7a731a9170f6,
b241d5d1-472f-44aa-aee7-0460535d7006,4c8c1191-fd99-432d-b50a-6a6173aef1cf,d34a41df-d2a5-482c-9602-3f5d41a936fe,
b6a9c3d5-e4f3-4659-96a4-bffcd826bafb,4c8c1191-fd99-432d-b50a-6a6173aef1cf,d7f66f2f-05f2-408c-b67e-9176a65f979b,
9b8cfa23-5ab0-41ee-a528-87e0d9c1e11d,4c8c1191-fd99-432d-b50a-6a6173aef1cf,db8e0c92-92b3-4c51-b413-b8c7a888609d,
0fc93674-dd40-40d7-889d-20f638e14545,4c8c1191-fd99-432d-b50a-6a6173aef1cf,df4eb39e-840a-4850-b023-a3e17f0003b4,
ef65271e-d08f-4225-9576-4b7e4e71db44,4c8c1191-fd99-432d-b50a-6a6173aef1cf,e10472a1-9a6c-4ece-940f-6024d2a5238d,
31e0b898-0b20-4845-808b-fddd3656da0a,4c8c1191-fd99-432d-b50a-6a6173aef1cf,e7777799-eda5-447a-8fc8-a93e061f5dcb,
bbbbe289-ed1e-460e-95c8-2653077690dc,4c8c1191-fd99-432d-b50a-6a6173aef1cf,ead2a36a-4ba3-4cd2-b201-05a20fd88ec6,
5e1256c6-c8fe-4e9d-bacd-691483a63d0d,4c8c1191-fd99-432d-b50a-6a6173aef1cf,eb90198a-4f8a-4fb5-9371-785d9b675255,
9e6050c6-5f73-41b9-8857-950f769f9c59,4c8c1191-fd99-432d-b50a-6a6173aef1cf,ed1a8b00-faf9-4484-9146-c1b8112d4f93,
a536ee8f-8835-42a4-9dfa-1beaf423bf7e,4c8c1191-fd99-432d-b50a-6a6173aef1cf,f1dd4f39-e799-47aa-8453-f0b31398c9fc,
1061b6da-22a8-49d2-8445-f9a957ae0539,4c8c1191-fd99-432d-b50a-6a6173aef1cf,f6978592-be7a-41c3-a11a-667b98131c5e,
b587a1f8-ca05-47e9-8644-0ea3a147a56d,4c8c1191-fd99-432d-b50a-6a6173aef1cf,f700dedb-69a5-4325-935d-3a96b5e7c068,
c888f370-e174-482e-afad-f6b431a91de9,4d5fc585-727a-4323-8cec-894ce35cc286,1481744e-4137-444e-8b45-6373fc5651dc,
64a57279-8af4-4398-aba4-9a32cfc0566b,4d5fc585-727a-4323-8cec-894ce35cc286,2dc2039c-bf50-42b7-a29b-acb81ab5d5d2,
fb7754c2-3fe7-421a-aa2d-b47707ddad90,4d5fc585-727a-4323-8cec-894ce35cc286,2f3cb6c6-cbb2-44af-906d-f1a4e64d7265,
4c1047b4-72aa-4b41-b839-b587e3f439f2,4d5fc585-727a-4323-8cec-894ce35cc286,85e8e51a-d4e5-4293-b76d-d31703a7a502,
93a77192-8367-43bb-afa4-28f58f98c448,4d5fc585-727a-4323-8cec-894ce35cc286,8a9fb9cc-c3e2-421d-a52d-b378e36b3ee4,
65b3dc78-c331-4f7d-8d91-e78c2b125928,4d5fc585-727a-4323-8cec-894ce35cc286,9736970b-b6ce-4e5d-baf7-018fa52d0e6f,
154550f2-c766-4163-acae-454b2bf22f36,4d5fc585-727a-4323-8cec-894ce35cc286,dff9895e-44ee-40d8-a185-f18a5d711083,
c2b6b260-e853-4ea5-8ec8-1e23440bf878,4eccac01-fb35-4613-a51b-85b1332ec8c5,24ee4699-1701-40c1-960c-c51d91a0e138,
8af04b71-2c24-48f4-a083-d9066d313c1e,4eccac01-fb35-4613-a51b-85b1332ec8c5,56a8c90e-a6ea-45d4-b63b-9d981b297b9c,
940f2706-9c67-4589-9813-a7aa1e68e949,4eccac01-fb35-4613-a51b-85b1332ec8c5,c3635501-e1ef-44eb-aade-4e44f9dff2f9,
05f032f1-14b0-4a97-8fc5-aee80599c6a0,4eccac01-fb35-4613-a51b-85b1332ec8c5,d583c4f4-a0ae-4090-b462-3035aa503a62,
c1903e54-f880-447f-8563-495066cb1563,4eccac01-fb35-4613-a51b-85b1332ec8c5,f97e9c68-5567-466c-bd11-d42fcacb0c03,
f9f1050b-7463-4fbd-825b-5942cc7c6007,50060fab-d3a2-4bfb-9c3e-ba6d92db1124,3cc7be41-1af8-4bb1-9f02-3659977f0a79,
e52cfbca-9aa3-4925-8a13-5a2de28050fd,50060fab-d3a2-4bfb-9c3e-ba6d92db1124,4982bb46-9dc6-45f1-9f05-9e8049596944,
f9dd9820-3d7a-441b-9263-62cb3c9550ea,50060fab-d3a2-4bfb-9c3e-ba6d92db1124,5dc11ed1-6849-4a93-803b-8108a4509d39,
a6bf5825-1804-481a-a29e-81a12cd53bef,50060fab-d3a2-4bfb-9c3e-ba6d92db1124,c52ce7bc-2aa2-499d-96f5-212a93c0589f,
fafc6aeb-caaf-4e6c-94dd-0d67c1b954bd,503a21a5-60c5-4660-ba95-d1edadc33613,0748c37f-9338-469d-b7a5-141a3808e7d8,
080e9c01-1425-4282-ab18-8c47d5ef6803,503a21a5-60c5-4660-ba95-d1edadc33613,0e03e153-6264-4f1c-aa07-952cd44765e6,
12b02cba-f253-4285-b6b4-3917771193d3,503a21a5-60c5-4660-ba95-d1edadc33613,210ffdcb-0f14-4878-b1e9-1db97b0c9914,
f8e1cc25-1bf2-4814-b5ee-dfaba9361114,503a21a5-60c5-4660-ba95-d1edadc33613,3f44a161-5c98-4099-84ae-51a59d9d3718,
367071e0-f4c2-46d5-a187-260413ec9e98,503a21a5-60c5-4660-ba95-d1edadc33613,421e1127-366d-4a80-b6eb-f9825c2d3b65,
e17d5091-04f0-4c62-9ee0-3c646ad72d7d,503a21a5-60c5-4660-ba95-d1edadc33613,4d377808-b475-44ea-aece-c71f1cb862d0,
73049d14-1850-4154-b945-38ec39976cf2,503a21a5-60c5-4660-ba95-d1edadc33613,85846336-4f75-4b70-9557-12a0ae77dc69,
b469b1b7-7d43-4245-8c11-924d5f96280a,503a21a5-60c5-4660-ba95-d1edadc33613,9865c0a7-cb69-4087-b9ee-da1f52b73c10,
522f7a0a-3662-4be7-9d35-1f6620cace47,503a21a5-60c5-4660-ba95-d1edadc33613,9ed86450-c499-4393-94e9-7c250816853b,
3e4b78a8-2554-4cff-aca7-ea4c558ff162,503a21a5-60c5-4660-ba95-d1edadc33613,9f2093af-a167-4278-82ac-074cc31ebf4e,
4ad2d6b0-6ed9-47d8-9f05-daf98d41ee19,503a21a5-60c5-4660-ba95-d1edadc33613,a74aaa18-b998-49ef-b636-425fe659b9c8,
fb5acd3e-1df4-4f52-a48f-5aedf9839669,51284a07-3c90-49f0-9ff9-cc4ef1a86418,0676d76e-8b95-401d-8815-b3089b6d8f61,
e69b731b-378a-4efa-9dd1-3113b50edb22,51284a07-3c90-49f0-9ff9-cc4ef1a86418,0ab463db-0333-4dff-ae92-b4353ab2ab1a,
0fab339b-623f-4759-bc9e-e7463da5a85a,51284a07-3c90-49f0-9ff9-cc4ef1a86418,3ad8e424-e375-43f4-8804-2d1b3efbb78e,
ecace89e-8adc-40da-a4ee-a7f2a159d918,51284a07-3c90-49f0-9ff9-cc4ef1a86418,47f016c4-ce56-4729-99b1-8c9ce7b9770e,
4494b9a7-0b75-43dd-8bba-a6eabce7cd00,51284a07-3c90-49f0-9ff9-cc4ef1a86418,497e3610-0b39-45e1-9d83-1525ed663ced,
30ca356a-ba9b-466d-b65e-c6fbeafe3150,51284a07-3c90-49f0-9ff9-cc4ef1a86418,4dcd825e-1a2c-49dc-b57b-a4cd2d991b74,
777cced9-6bf0-4317-85a3-cd595d6259d8,51284a07-3c90-49f0-9ff9-cc4ef1a86418,7d5be1b8-cb4d-46ad-b103-7e75e2db0fb4,
ae330490-0d9f-45c7-b6c4-eecd048a1fea,51284a07-3c90-49f0-9ff9-cc4ef1a86418,b04de080-b7b0-4e44-9e43-e4110fc37068,
4e502868-b049-4f0f-b886-10e63abf0da3,51284a07-3c90-49f0-9ff9-cc4ef1a86418,ff9fcd35-edc4-4cc6-ae0d-985bb3e4d062,
7b39222e-6501-49cb-9bf2-1ba111111bd0,515a827b-e794-40d0-b2c2-aee8c242fb79,009f8c08-f1cd-476b-aa7a-dddfa5afb80c,
ff2fc7b5-8007-4d9f-a281-80d8e8e5602f,515a827b-e794-40d0-b2c2-aee8c242fb79,03b11253-b85e-465b-a848-60314aa8423a,
eaae5419-0bec-4d3d-b87b-de844152e6bd,515a827b-e794-40d0-b2c2-aee8c242fb79,068a8277-138b-4b74-972d-c8a8d1d46883,
f1d231b2-2b7b-4fa3-94f1-b45c7a851a1b,515a827b-e794-40d0-b2c2-aee8c242fb79,0b21839c-5739-426b-adb1-a5a2075082f9,
815f7185-5655-49cc-a6a2-9b20470e1743,515a827b-e794-40d0-b2c2-aee8c242fb79,0e7eef6e-3554-4d13-b308-9c9b82ee5b52,
6a5dd5d8-6eb8-4f18-b872-26b11f71e48e,515a827b-e794-40d0-b2c2-aee8c242fb79,11c9557a-86d6-4713-a217-1975b0fd256b,
9417f1bb-bcdf-4448-95e0-a530c4496ac4,515a827b-e794-40d0-b2c2-aee8c242fb79,185e7549-5bcf-4c89-9ae2-29ae642a20a4,
0d215229-1297-4707-a6f9-fda5ac825432,515a827b-e794-40d0-b2c2-aee8c242fb79,1925fd52-f086-4be5-b42f-92cccfe6a42d,
01684b8c-322c-4b8e-aaf5-d8793b7d67e3,515a827b-e794-40d0-b2c2-aee8c242fb79,19f9d892-94e2-4d1e-970d-defd26886c9a,
c8df0d7b-80bb-4077-9b9b-df5890cabcaf,515a827b-e794-40d0-b2c2-aee8c242fb79,2078a48f-ddf8-46cb-ba59-7701a08b283f,
88ff3c88-10d0-46f9-93bf-427a37bb3c9e,515a827b-e794-40d0-b2c2-aee8c242fb79,21012a36-c8c3-48e1-9e8d-942f72cb5d3b,
8653c66f-cf1d-4822-81fb-3a674dac02cb,515a827b-e794-40d0-b2c2-aee8c242fb79,236b757b-ad48-4230-a6fb-a2c1795341cd,
8842f577-8201-4432-80d6-01dc03896bd0,515a827b-e794-40d0-b2c2-aee8c242fb79,23da7787-4fbf-4bd3-8a1a-8b392b045356,
b5cd8f80-785c-4aef-8eb4-b24ef392f41c,515a827b-e794-40d0-b2c2-aee8c242fb79,240e41c5-075d-453b-8d80-978a6b1a55f1,
e63b80ff-f6c8-47ba-9a43-60e7c5af902e,515a827b-e794-40d0-b2c2-aee8c242fb79,25af03f7-11c6-4896-af2e-7197c1b03136,
9cfd9675-a74b-4aa6-ac50-afa70cbf12b3,515a827b-e794-40d0-b2c2-aee8c242fb79,28581ec7-b51a-4c4f-a15e-f5ed8d2214f1,
f33f9f4e-4b80-46a5-b06a-95c340c0025d,515a827b-e794-40d0-b2c2-aee8c242fb79,29ccc957-a6e5-48e0-bc30-0d7202b2fbdd,
3b06f2a1-7ce1-4512-b3fe-6b9a33275b35,515a827b-e794-40d0-b2c2-aee8c242fb79,2bb252ff-e0a4-48cb-b27c-7440f78e8cfb,
193fc96b-8438-440f-b01c-779a42164e8a,515a827b-e794-40d0-b2c2-aee8c242fb79,2db0a379-b875-4a3e-8008-5a8aef8b4619,
552885b9-c84f-41cb-9605-f5d1510ecbff,515a827b-e794-40d0-b2c2-aee8c242fb79,31bb9e1b-de20-44df-8271-ac86c1550d89,
6b81c1ec-bace-477a-b4c8-7b0418eb688d,515a827b-e794-40d0-b2c2-aee8c242fb79,32611fb6-520c-4a6a-ad69-f0870e190195,
8f679d94-1af9-48f0-9b3a-486972d3a599,515a827b-e794-40d0-b2c2-aee8c242fb79,36d735cd-fb7f-4819-9670-2fe0173655d4,
eb8b9326-7551-4dff-861a-c79b80dca210,515a827b-e794-40d0-b2c2-aee8c242fb79,39094d21-f366-49e5-a0ea-2cbf48557215,
7f38f25a-f04e-49a5-8680-d1491ef78a8f,515a827b-e794-40d0-b2c2-aee8c242fb79,3bfb0fc6-dae7-4022-b49a-eea24112823d,
fce17fcf-8f85-437f-b204-7ff7fa9055bc,515a827b-e794-40d0-b2c2-aee8c242fb79,3d70f69d-b6f4-4b40-8a8f-620f9b94a706,
e17e4758-d18d-4259-a666-3ae5572ad6b7,515a827b-e794-40d0-b2c2-aee8c242fb79,3df8cf69-dea6-4158-98ce-01db66139618,
092cf3ef-73a1-4454-aa3a-73994355c573,515a827b-e794-40d0-b2c2-aee8c242fb79,3f77fd5d-db75-4838-8d58-79a637abcb36,
7c350f53-c619-4584-85dc-7aac6d74cc7d,515a827b-e794-40d0-b2c2-aee8c242fb79,41ff8961-2df3-4727-ae24-fa69752523ce,
7600afe4-6914-4655-8aa1-b7584684fa18,515a827b-e794-40d0-b2c2-aee8c242fb79,422de6b5-4acc-4cc3-a424-e76129c1527c,
bbe0e845-f735-4411-9a04-77d4bfe9b574,515a827b-e794-40d0-b2c2-aee8c242fb79,478064fc-04b9-4f17-9eaa-4e83434deaca,
99d290e5-c0c0-4d7b-8be2-946d2082abbd,515a827b-e794-40d0-b2c2-aee8c242fb79,4be288e7-5d7a-4cd7-aba9-f906941f4703,
70da6a7e-98c9-449c-a5ab-d1c0e30861d2,515a827b-e794-40d0-b2c2-aee8c242fb79,52941138-2d8f-40b3-b8ee-0aff867d88e7,
c4e89ead-523b-48e5-b5cd-ffd96c935c8d,515a827b-e794-40d0-b2c2-aee8c242fb79,55e66683-a614-4c85-aabe-258f38925e49,
715a700b-5520-43f0-8bf0-10158fdbfcef,515a827b-e794-40d0-b2c2-aee8c242fb79,56f2e8ee-1ecb-40b6-8b53-ffa01d91bbf4,
41bfc1f8-c12f-45e5-8f21-680071fb7e81,515a827b-e794-40d0-b2c2-aee8c242fb79,5dd3ebc1-af01-4fcd-b53c-191937d8db95,
2780322d-21e0-495b-b7a2-5e01e5f18d3c,515a827b-e794-40d0-b2c2-aee8c242fb79,63b5765d-9dd8-45c8-ab2b-493ef17a0873,
8f601b6d-5bec-4e22-994d-3a3f18b86d01,515a827b-e794-40d0-b2c2-aee8c242fb79,65675608-0b7d-46ff-977a-ebaea140a11e,
f7bb6d67-8cb9-47c9-b6ba-2c92dc0e8405,515a827b-e794-40d0-b2c2-aee8c242fb79,683c0406-b05d-4a37-9b23-12c6d76ff0a7,
7940ae48-bbad-470e-bc25-9496a6eebb74,515a827b-e794-40d0-b2c2-aee8c242fb79,691da387-aca3-4211-8a20-e5b5816b614e,
c7a96d01-46bf-419c-adf2-20adc85d0753,515a827b-e794-40d0-b2c2-aee8c242fb79,738ee0b2-4480-4edc-957f-5df263fdaace,
1b8bf558-04b6-411a-9234-6a97a311ed0a,515a827b-e794-40d0-b2c2-aee8c242fb79,76fdfa65-9cd5-47c9-90a3-012bb090467b,
79b4d9e3-a009-4f14-a2b8-adb963f4b1a3,515a827b-e794-40d0-b2c2-aee8c242fb79,7793162a-7722-403e-bb50-bf6fca5a4b67,
75294a39-acd3-4e6d-a61a-ff260787a0f8,515a827b-e794-40d0-b2c2-aee8c242fb79,7b023223-29c8-4d6e-841a-f177b4f116fe,
80c802f9-82b7-4bd7-ac31-fad07dd426ca,515a827b-e794-40d0-b2c2-aee8c242fb79,801c66f3-1a95-4df1-a069-72b0522656fc,
c880683a-d183-451a-a284-c08ac8547db9,515a827b-e794-40d0-b2c2-aee8c242fb79,83933111-6955-454a-bd74-0a0be39911d0,
7df7a471-0d01-405e-a21d-5145c1cae2c2,515a827b-e794-40d0-b2c2-aee8c242fb79,8557af43-a136-402b-87b9-215988a3127f,
2c90e21a-00b0-41d1-956a-c916972fa9b6,515a827b-e794-40d0-b2c2-aee8c242fb79,89a18889-ade2-4ae0-93a8-e726955dcc1d,
045639ff-7029-464a-a3bf-0975b89e52f8,515a827b-e794-40d0-b2c2-aee8c242fb79,89c6a88d-ca0e-4329-a3f5-1a2728d90838,
94b5f00c-3920-4f4d-a0ef-3e27e648bf0e,515a827b-e794-40d0-b2c2-aee8c242fb79,8f2c4701-ac2d-45a2-8977-2efcf7c832fc,
7844f00f-ebe6-45b3-9b80-4cc727c8b865,515a827b-e794-40d0-b2c2-aee8c242fb79,93ea9218-485b-4670-96fd-c605071e9719,
abdb3c66-e043-4070-b0e8-efe3b12df711,515a827b-e794-40d0-b2c2-aee8c242fb79,954a2691-dfda-467b-9cb1-53cf5607ba4d,
782e202c-8d8f-4cab-beba-531eb32553d7,515a827b-e794-40d0-b2c2-aee8c242fb79,98d445ce-87e6-4a65-93ca-022ecf15dc9e,
e3c32a2e-9544-4252-85a4-7b2b7971e288,515a827b-e794-40d0-b2c2-aee8c242fb79,9979bbcc-155f-43f6-b318-9c570133a25d,
bf02b5c0-a369-4559-8396-800d71b9cc7b,515a827b-e794-40d0-b2c2-aee8c242fb79,9ac5ff47-f4af-40aa-ad58-603b0074f9f8,
3f472c25-6381-443c-a370-7f3e93625df4,515a827b-e794-40d0-b2c2-aee8c242fb79,9e1d235a-d274-4b51-89c7-6d284ac3d31c,
fb7013ee-e75a-4e21-89e6-979d028b0e6f,515a827b-e794-40d0-b2c2-aee8c242fb79,a36583ea-da98-4975-a1d6-4f26c31e4359,
8cbbc090-cdbc-4de2-9b18-ea0206993978,515a827b-e794-40d0-b2c2-aee8c242fb79,a566fe4d-3050-4a74-acda-c5e4a1ea7e76,
0052c752-ffd4-4974-b918-36961c3c9ab5,515a827b-e794-40d0-b2c2-aee8c242fb79,a82185f8-a09f-4272-afe1-e7b28a37db29,
6cd78a98-62d8-44cb-b0c4-b0f9ae337742,515a827b-e794-40d0-b2c2-aee8c242fb79,a9ff9798-726d-482e-8c08-e434bb39315d,
fdce961f-8c80-4bc8-a516-5db22b3c33eb,515a827b-e794-40d0-b2c2-aee8c242fb79,ac16c4dd-1348-4881-81bc-f8cdbcde47c4,
83108dc9-fbcd-4ac8-8b52-44d2a70ecaec,515a827b-e794-40d0-b2c2-aee8c242fb79,ac96c36e-0ae4-423f-9605-b5eed95e750e,
b23f9347-09ac-411d-acd2-b9ac5a820233,515a827b-e794-40d0-b2c2-aee8c242fb79,b083268c-50cc-4b1c-abb4-15c6e4cfe5fb,
9283ea4a-576a-4eaf-9627-572376bfca60,515a827b-e794-40d0-b2c2-aee8c242fb79,b1133607-7216-4e14-8633-9780e44b54c0,
dbcd04f3-f74a-4185-a536-649ac4b489df,515a827b-e794-40d0-b2c2-aee8c242fb79,b650ac42-7564-4eb8-b3a2-0ee29cb75b69,
40317381-c396-46a1-b9ba-ac577f8ddbfa,515a827b-e794-40d0-b2c2-aee8c242fb79,b682baf4-7414-4722-b4fb-c82c343a41d6,
ee13c8bb-cf69-4107-9435-09f67db6444c,515a827b-e794-40d0-b2c2-aee8c242fb79,b7e2d243-3122-4824-9a06-c2d787a917c5,
3dc12e95-c10f-4bd4-8725-3d8d502553df,515a827b-e794-40d0-b2c2-aee8c242fb79,b8f2198e-7df0-4f84-b13c-32914155aed6,
ee8f408a-6668-4187-9b8e-b4d612865eb1,515a827b-e794-40d0-b2c2-aee8c242fb79,bb55b0a2-c1f0-4790-8c40-a43440b55a46,
8dcc397f-facc-4a1d-b2b8-e6982a02c9ee,515a827b-e794-40d0-b2c2-aee8c242fb79,bbedbfdd-de81-45b5-9b26-dfff9f2ed465,
42a352f7-95e0-489a-b12d-2bab02f06818,515a827b-e794-40d0-b2c2-aee8c242fb79,c1f3fda6-0fd9-490a-9303-da398ad32d14,
0310c6ef-4b13-41cf-8477-c52290c144a1,515a827b-e794-40d0-b2c2-aee8c242fb79,c2e16feb-6fff-4c17-ae97-db433632997e,
a53e57ad-7796-4afd-bdc1-7bb4c56e26b8,515a827b-e794-40d0-b2c2-aee8c242fb79,c3652c96-3a66-4e84-989a-5b5403c2d0aa,
af713b61-f4db-417f-b991-4c1f3be6d0bf,515a827b-e794-40d0-b2c2-aee8c242fb79,c42c1833-f7d0-4b02-b69a-7894b31f5518,
265cd2ca-a742-4f51-b767-fc3930267aff,515a827b-e794-40d0-b2c2-aee8c242fb79,c608e230-2c58-4407-a9bd-6d54b9dd9e08,
aa685b85-c4d0-4978-b5a5-88166e0f0863,515a827b-e794-40d0-b2c2-aee8c242fb79,c6bda9ca-2c8d-4c77-a7d2-4b364ce11658,
dd73813b-c08b-40b1-82d2-3447c41bc57f,515a827b-e794-40d0-b2c2-aee8c242fb79,caba728c-e0b9-44cb-8694-f6dc50a409be,
fee29654-7056-4adb-a59c-ce139df41bce,515a827b-e794-40d0-b2c2-aee8c242fb79,cb08680d-eb64-44a2-883f-0c1b4f2a96c8,
62944557-1240-4487-966f-84ec6cee6ee7,515a827b-e794-40d0-b2c2-aee8c242fb79,cc010d4f-c8eb-455a-a34d-89feb8030ba5,
00029229-0d0c-45c7-afd9-f3b7d0d95fa1,515a827b-e794-40d0-b2c2-aee8c242fb79,ceb4f7be-6a19-4396-aff2-580d1168ac0f,
032fb540-bcd2-4a00-b2e9-a8c713356e5b,515a827b-e794-40d0-b2c2-aee8c242fb79,d0031259-6817-4a22-acb9-0f79da803685,
2eb5ebed-471f-4494-be56-953f77733a0f,515a827b-e794-40d0-b2c2-aee8c242fb79,da4b2323-fd40-4cdd-9e7e-6ef80fc79bdb,
5848bcd5-eb71-4ba2-9b53-1811ce37e778,515a827b-e794-40d0-b2c2-aee8c242fb79,dabff5cc-0f45-4223-b32d-5136412bb703,
c20644b7-cfe8-48c6-85b0-69a7b898bd93,515a827b-e794-40d0-b2c2-aee8c242fb79,dfb1afc9-b91b-43ba-8407-c0e59e12213c,
a10020dd-22a7-4b6f-a81f-0906ad1d3e73,515a827b-e794-40d0-b2c2-aee8c242fb79,e2d74849-167a-430e-80b6-b7b41446e213,
6c49c8cc-61e8-4ae5-b2a0-44dde3dcab1a,515a827b-e794-40d0-b2c2-aee8c242fb79,e7a0e9a5-080f-4fed-b919-87212fded866,
0fe90277-5967-4d48-94a4-80fdad3517a4,515a827b-e794-40d0-b2c2-aee8c242fb79,ed62d557-e328-4e9f-bb7b-eb0c9f679cfb,
809bfa69-9f97-43ab-bc80-5ea97b30ed34,515a827b-e794-40d0-b2c2-aee8c242fb79,eeae1489-f7df-404a-a036-14eb89d7cf59,
e00abe94-8a8e-405d-a106-53102d25f31f,515a827b-e794-40d0-b2c2-aee8c242fb79,f5de7c31-091b-4466-b4dc-9f9d3d36e656,
ef1721ac-3cfb-4b46-82b0-c71dea410905,515a827b-e794-40d0-b2c2-aee8c242fb79,f6a11621-2fda-4be4-a257-451673c1ccaa,
384355e8-4656-496d-8fae-697535e9c3f2,515a827b-e794-40d0-b2c2-aee8c242fb79,fcb3e1f2-631e-4f5a-b18b-37317208547d,
44f8dbc3-b4b7-4411-b0d6-6fae791bfcf9,529359c1-f18e-4793-ac8d-ecb619a44c1b,00cff039-5701-4fb8-89f4-ea96ff286ed9,
6a8e75df-4098-493a-9ad6-bf1a18a6d00a,529359c1-f18e-4793-ac8d-ecb619a44c1b,268e1762-b8d8-4568-b45f-7337fa7b6c10,
c937a77d-52b7-4403-8916-3daaabb14245,529359c1-f18e-4793-ac8d-ecb619a44c1b,3ee49b58-4a29-4870-a42c-733ed15a7b51,
32dc1f0f-6f3c-401b-8ac6-531c020dc453,529359c1-f18e-4793-ac8d-ecb619a44c1b,61b7f0ec-c5e9-4161-8a74-c985da705a8f,
346b7997-b89f-424b-a76e-d7e63cd87759,529359c1-f18e-4793-ac8d-ecb619a44c1b,aab25dc6-b03b-4a14-b28d-6f59aee0f78c,
a899eb79-04a3-4779-81cd-74ee8774ef7c,529359c1-f18e-4793-ac8d-ecb619a44c1b,cf4263df-9f3a-431a-a601-99506b34e074,
1f046be4-af17-4e91-961f-b62232a57c42,53014e46-f81d-4442-afd4-66ff97becb82,0013d417-0955-49ba-82bc-a0176b43c09c,
01a5d82b-9d0f-4610-ac5d-0d97cc0faf70,53014e46-f81d-4442-afd4-66ff97becb82,21e0c76b-b892-4665-b6f0-f8b532079bb3,
3bba8e26-5a62-444a-97a1-cf9b14d7e983,53014e46-f81d-4442-afd4-66ff97becb82,3980bfdd-c15c-4e03-8c19-1cfe537b9681,
225f4394-ec2b-4efd-8498-a5c4ddaf3719,53014e46-f81d-4442-afd4-66ff97becb82,3e45e1aa-233a-4e27-8deb-c4a1ff0b5d9f,
da55a298-a8ab-4649-b4e2-f2191ee317fa,53014e46-f81d-4442-afd4-66ff97becb82,4764b572-07b3-46b8-add7-1e48dd37e38f,
be3cee1f-2f20-4c31-b338-f3638cf64b09,53014e46-f81d-4442-afd4-66ff97becb82,5338fc2e-7720-4531-8140-61565d995a8d,
115c23b6-cecf-4bc0-b89c-021c75787bc2,53014e46-f81d-4442-afd4-66ff97becb82,5549e8d0-d7a7-4d91-b347-8d3d852df615,
914ca369-c066-4cb1-baec-423c9705bb83,53014e46-f81d-4442-afd4-66ff97becb82,7c727cf9-4e7d-4143-9ac0-b3ac5afaa964,
fb2e093e-2754-4af5-9356-439b5226dc89,53014e46-f81d-4442-afd4-66ff97becb82,818ed3d6-47de-451c-a4b1-122b2fc67492,
f299ad94-24a4-4856-8958-d71d01cb2ea7,53014e46-f81d-4442-afd4-66ff97becb82,8f2ffc89-acf6-4972-94fb-c075d6e2578e,
da6bcae7-8197-4446-9cc1-77f066d702ab,53014e46-f81d-4442-afd4-66ff97becb82,94d61b9a-45f6-45d1-bd90-8c5465866a41,
ce2c718d-d1b4-44fb-86d5-0fd6e66acb9c,53014e46-f81d-4442-afd4-66ff97becb82,ae6173f0-75e6-4fd7-9315-46b51dd0bda5,
161b0e26-aae9-46bd-b706-797f69b3e7eb,53014e46-f81d-4442-afd4-66ff97becb82,e113678f-8711-4756-907a-e351503869b8,
7ef1ed7e-7f45-49ee-a18c-de6be6e62d5b,53014e46-f81d-4442-afd4-66ff97becb82,f0fdda0c-fe9a-4aae-a94a-79cb1339bfdd,
c3428ecd-c609-4419-9475-e16e9ea06347,531d3e56-bd19-41ea-bc65-b46cd34fcb4f,16819779-8de0-4ac5-97bd-358097805af0,
b252c6e5-4fee-4ea9-ac72-35659499f445,531d3e56-bd19-41ea-bc65-b46cd34fcb4f,f96282de-b187-4a54-99cd-3555db16204a,
02de00c8-b9bd-49ef-a4b9-af26de0d478f,53641f00-a71f-4a43-91ee-98d837965458,38b4a495-e29f-439c-9ed3-0511318f3eea,
5d4a2c2e-ebf3-44f5-a925-fd1a8aa7d1ef,53641f00-a71f-4a43-91ee-98d837965458,7d62a74c-d373-44c3-a86d-a2b883600e78,
dedb1547-cf3d-4cdb-a88a-b20770f91f9c,53641f00-a71f-4a43-91ee-98d837965458,b85bcdad-55c5-4ce7-937a-9650da3ff268,
72d683cd-61d5-4a2e-a88d-d09203b1c82a,547b851a-ef0b-45cc-9a13-168056bcb424,12e3fdeb-a5a6-44c6-bff9-2a493ab437bb,
8726c26d-e756-43d9-baff-a2717ad0acf9,547b851a-ef0b-45cc-9a13-168056bcb424,1378c7b2-274c-436b-a285-a031ef497a52,
ea4be7e4-0fda-468d-9a0b-71711dc5ee07,547b851a-ef0b-45cc-9a13-168056bcb424,1c989ede-880c-4509-b6ef-83c2ce4d38f2,
2d74f73f-ec22-4b27-a044-9ca84420492b,547b851a-ef0b-45cc-9a13-168056bcb424,280d1ece-2cc4-455a-bebe-998b973a483d,
a930f6c3-3d32-4280-b2f8-db483351e2b9,547b851a-ef0b-45cc-9a13-168056bcb424,29eb0386-0248-4491-bd64-500ea6c8eedd,
5d2e02d4-cab9-4013-a63e-1c6c2f9cbd83,547b851a-ef0b-45cc-9a13-168056bcb424,35035cdb-589e-4e89-b170-2e24356bbe94,
ef70ed45-d17d-4e9c-9f01-62c7c64d1047,547b851a-ef0b-45cc-9a13-168056bcb424,3991a1c3-31e2-4f0a-a273-bd84c65c268d,
fed76f6c-f377-471b-88c5-c597e813c495,547b851a-ef0b-45cc-9a13-168056bcb424,40195616-1251-4743-81ce-74efa6d311ca,
ff3bcba9-b87a-4a00-8563-1b292defd274,547b851a-ef0b-45cc-9a13-168056bcb424,4051155b-254d-4330-ae87-cca8b1250b2e,
b6cb63d2-abec-4944-b71a-5d2877a6bb2c,547b851a-ef0b-45cc-9a13-168056bcb424,42b6b6c5-cb55-4dde-82d0-bf106bcb70fc,
70e6da06-9f6d-45cd-97b7-276a7e867557,547b851a-ef0b-45cc-9a13-168056bcb424,492bea73-e708-40d2-aba6-1761a3b4d816,
91fdf9b4-c7b2-428a-bd75-2a97c243858c,547b851a-ef0b-45cc-9a13-168056bcb424,49baf14c-63de-41bb-8f49-e1ce45d720ef,
321da1ed-25e6-4bb7-8c7e-498bfb36f2c0,547b851a-ef0b-45cc-9a13-168056bcb424,4ae58a3c-f532-408f-8861-c8e121307880,
7526abb1-1858-4e75-aabe-adeb17e8e309,547b851a-ef0b-45cc-9a13-168056bcb424,4bbc1f03-b2dd-4e0f-bde4-78bc571594ce,
f776af5d-1808-4d51-96ee-e03dcf93e5e5,547b851a-ef0b-45cc-9a13-168056bcb424,4c6b4d55-54cf-424d-af34-c908af81c0ac,
625a55cd-6a37-4e16-b1c0-f122a7978f6d,547b851a-ef0b-45cc-9a13-168056bcb424,4ed632fc-0278-4e40-b100-4a3ce14a6f87,
d2b3350e-d2d4-498d-a218-9b5bd2749b3f,547b851a-ef0b-45cc-9a13-168056bcb424,6e768013-f242-4e80-9869-3b7f5f248d6a,
8c0e78ab-fd90-4a65-80ea-51102ec0ff66,547b851a-ef0b-45cc-9a13-168056bcb424,74e3ca8d-ffe2-4bbb-8ed6-abb4d48ac748,
b26c212c-af05-45d9-ba07-367579f2ee58,547b851a-ef0b-45cc-9a13-168056bcb424,78f70e3a-4111-464e-9703-28772d29b219,
9498a766-9552-432b-80e3-75a7b556dd32,547b851a-ef0b-45cc-9a13-168056bcb424,7d09b62a-9de2-4c4d-bae4-f5deb19c17ea,
2bc00882-8107-4d16-9039-192b4d9a599a,547b851a-ef0b-45cc-9a13-168056bcb424,814ccd70-ad6e-46d3-b187-a4e85f4b23bd,
60bf1d27-3a41-43f6-a383-40ee68702699,547b851a-ef0b-45cc-9a13-168056bcb424,841db763-5e83-4dbb-9e62-40cf6fdc1aaf,
712ce443-78ff-4b7e-986a-fad063d6f714,547b851a-ef0b-45cc-9a13-168056bcb424,86340608-0ad3-45ed-bc0a-cd5616b5b98f,
2b3d9380-e38a-44d1-bb16-b8a5071f71d5,547b851a-ef0b-45cc-9a13-168056bcb424,87c8a3d5-499b-40e5-8e4a-8feff0e1cfc8,
bd64d21f-fa9e-4ce9-97b3-2a2229d397ec,547b851a-ef0b-45cc-9a13-168056bcb424,8833f927-7464-41d4-908f-a506cb9bf195,
348b551d-3701-4774-a4b0-45f979f0edd9,547b851a-ef0b-45cc-9a13-168056bcb424,898a8438-b22d-447b-95f4-8686c94e9e81,
ed023c57-4447-4703-b2d2-30d236aba7da,547b851a-ef0b-45cc-9a13-168056bcb424,89b85ab2-2ee5-4206-b3e4-ed5283dbe5ce,
9ba8037d-5a04-4986-bb20-8d279277be9f,547b851a-ef0b-45cc-9a13-168056bcb424,8fd340e3-3117-467e-b2b5-b6f8d8d3ebc0,
0e3895e3-0c29-4f2b-b0cf-d1ea10536042,547b851a-ef0b-45cc-9a13-168056bcb424,961633ba-2ce4-4c47-9315-0345e617fe5d,
7ad286a3-1568-4daf-acf9-92377ce7fe7f,547b851a-ef0b-45cc-9a13-168056bcb424,971d55c3-7671-4df1-bfc0-e53709c0852c,
40210beb-eb21-4623-a5cb-579fe048eb16,547b851a-ef0b-45cc-9a13-168056bcb424,99fa6659-ef28-4161-af73-e7a1b897a67b,
29eb9894-489e-489a-a89c-27eb2495f334,547b851a-ef0b-45cc-9a13-168056bcb424,9b7aaa52-3896-42d5-a2b7-b554c61b5683,
ea27183f-9285-4cd8-b002-72d6239eae9f,547b851a-ef0b-45cc-9a13-168056bcb424,9c367a0b-5c03-4206-869f-dcec63a0173d,
36e2a35d-479f-4dd2-9d30-abb158a9dfb1,547b851a-ef0b-45cc-9a13-168056bcb424,9c818301-6d93-4ddb-bc18-638654f9b4e3,
eb3e2755-0c3b-4546-8a70-b2de04c9ca5d,547b851a-ef0b-45cc-9a13-168056bcb424,a8931c8e-3b06-47fe-a4b1-9c0070b0dc67,
1ec1a49e-e4fa-4c8d-93ab-c03a8c2d700c,547b851a-ef0b-45cc-9a13-168056bcb424,acdfdb5e-61f5-4494-9b59-7756bcd22bbf,
e517d34f-dc61-4390-8605-d6a3a032feea,547b851a-ef0b-45cc-9a13-168056bcb424,b03dd10c-134e-488a-a9d8-95a628d03c74,
6b7e116a-6a04-4ebe-97d1-1506ae65956d,547b851a-ef0b-45cc-9a13-168056bcb424,b950e7a8-79e5-4bae-a250-c09e68c4ac6a,
88fd0bf9-31ce-4448-b32d-640b86713454,547b851a-ef0b-45cc-9a13-168056bcb424,ba4118ac-e837-4f19-a1da-129320ab7874,
fc32b77e-b329-4686-8c83-a003b05abbbf,547b851a-ef0b-45cc-9a13-168056bcb424,d77027ad-f13e-4f88-874f-69393b341ac2,
eb09ebad-993e-497c-9323-6201350f0e46,547b851a-ef0b-45cc-9a13-168056bcb424,db113ba5-bd91-42ad-b1e7-2d4df1bf95e5,
787db93d-4459-4e6d-bdd0-72d3bdb70f57,547b851a-ef0b-45cc-9a13-168056bcb424,dbff2337-620c-4c8f-974e-1869184362ff,
60dd1037-be51-4498-b58d-af1cc3691f66,547b851a-ef0b-45cc-9a13-168056bcb424,dd99fcb2-c4fc-452d-b8e2-efd9234c72a5,
ff760402-8740-4699-93da-021d340a6649,547b851a-ef0b-45cc-9a13-168056bcb424,ded4a6a6-0bd8-4294-b65f-63ca05730516,
ef9751db-cd8a-43cd-b55e-887ecc1a679a,547b851a-ef0b-45cc-9a13-168056bcb424,e186daf4-d8d2-407f-90d7-ee2000745aa2,
f87d5e76-aa54-400f-bfc8-d7a578a402bd,547b851a-ef0b-45cc-9a13-168056bcb424,e7fa9790-aad7-4128-9d2b-35c0269c7243,
930a0b80-3140-497c-8cb8-89ba70bd2e78,547b851a-ef0b-45cc-9a13-168056bcb424,e9afb079-1f6e-4913-9982-ce78347aa840,
ec908822-3b01-415f-a919-662a9bd9bce8,547b851a-ef0b-45cc-9a13-168056bcb424,eef1dfae-45cd-4272-b452-6478f1360720,
30c912ef-2311-4d44-a4fb-ee08cfd25d6d,547b851a-ef0b-45cc-9a13-168056bcb424,f2b35d27-2839-49b2-aac2-f5a17d0d17b7,
7172c28a-85af-4fc3-95a9-f21adc73ebaa,547b851a-ef0b-45cc-9a13-168056bcb424,f6987ae6-09f9-4db5-b8f3-9cdddf363e9f,
dc526009-32f4-40f0-b96d-1e89e004fb3f,547b851a-ef0b-45cc-9a13-168056bcb424,f912f4f0-ee30-4fb0-bc66-86d89b253cad,
b45ba22a-ca1d-4dcb-a73f-55d61136a949,547b851a-ef0b-45cc-9a13-168056bcb424,fa0fccf6-8a3e-4c9d-8544-30e0497ca05d,
fa2f77ea-63a8-4a47-b58e-f7d263d2574b,547b851a-ef0b-45cc-9a13-168056bcb424,fc23beff-855c-45c6-94b6-18459e9d69e7,
7b99742b-c0a1-4da4-aac3-e0b9187ce3de,550cc8f4-c5cc-4eeb-8393-265a586c3a00,05eb5078-a7a5-4787-9f21-39fa31318051,
ba360d0b-cc0d-4c59-9d15-5a79881a0004,550cc8f4-c5cc-4eeb-8393-265a586c3a00,0bd69fc8-f480-4b4b-867f-7fdc6484f4af,
cd4eb487-d95c-4f05-9e46-b07e505a5550,550cc8f4-c5cc-4eeb-8393-265a586c3a00,14cb9f34-05bc-4875-9a7b-be68cf053f75,
05bb7ff0-3724-4337-a184-dc6e096e014d,550cc8f4-c5cc-4eeb-8393-265a586c3a00,17c9c1e3-7b1f-4fe6-a684-321eae5ea61d,
73509d92-7e4d-4d79-a54a-87bbf2059d6a,550cc8f4-c5cc-4eeb-8393-265a586c3a00,186eb264-9d36-4e61-b315-2f6fa99c6e18,
f303a297-144c-47b4-ba6e-5e14b67ecf36,550cc8f4-c5cc-4eeb-8393-265a586c3a00,18a2b85d-0b7a-4f3e-8c0c-f18b393f1d10,
b29eebd7-9968-49c4-89d8-f5f58b8e4b07,550cc8f4-c5cc-4eeb-8393-265a586c3a00,1e7b2423-c73c-462d-9ab5-12625fad45f9,
c9d151ee-2e4f-4973-840b-3dd831144aa8,550cc8f4-c5cc-4eeb-8393-265a586c3a00,2c09ed93-1b1c-434d-9956-d64cea588299,
cd823a38-c51a-4e17-8826-86af23b35f33,550cc8f4-c5cc-4eeb-8393-265a586c3a00,394da276-fd7b-4e56-884b-fb0d28719b72,
4eeb6ef6-05ab-4534-92d7-30efc36fa2dc,550cc8f4-c5cc-4eeb-8393-265a586c3a00,3e356106-dedc-45a4-9998-4bb50b471c7a,
658afb46-65ff-4690-9189-4265d00bf428,550cc8f4-c5cc-4eeb-8393-265a586c3a00,45521941-22e7-4d7d-94ef-114f12c4a614,
567b68cc-e4ed-4b24-bbdb-017479effacc,550cc8f4-c5cc-4eeb-8393-265a586c3a00,466c54ad-cf3c-435b-bd72-7a43e7cc1af9,
4b035793-7607-45a4-8fb3-0c5fab363932,550cc8f4-c5cc-4eeb-8393-265a586c3a00,496fa271-26cc-4a0a-908a-7cfa08630a93,
af8daff4-15e0-4aaf-8df0-d1670716fca6,550cc8f4-c5cc-4eeb-8393-265a586c3a00,49e3ecf5-6ea0-45ad-93c4-f150fe69aabf,
0d85eeea-03b1-4025-8156-2d9f511a8fba,550cc8f4-c5cc-4eeb-8393-265a586c3a00,4baaf568-7852-42d1-adff-4f377899600a,
0b5fa4c7-defc-495e-9cd5-5c461008d043,550cc8f4-c5cc-4eeb-8393-265a586c3a00,4eb37713-402e-4f86-aa1c-8be0b38b1a7a,
0e24cef5-3052-4ebb-ab7d-cffe50b2b2cd,550cc8f4-c5cc-4eeb-8393-265a586c3a00,50bf4d6b-0450-48af-8fb0-e2fe383abdce,
692f3a92-2fc0-4070-8815-cb6752a5e797,550cc8f4-c5cc-4eeb-8393-265a586c3a00,561a3e36-34b0-498e-901e-1508a7ea3d04,
ade177bc-b352-4dee-a293-b47fb33c025d,550cc8f4-c5cc-4eeb-8393-265a586c3a00,5b03350a-d303-40d6-981d-5b2fa99d97de,
ce4fb676-929a-478d-9984-86177ff6d22e,550cc8f4-c5cc-4eeb-8393-265a586c3a00,5b68b345-3a48-49c6-9f38-98dc1f3ddbb3,
d7712e6c-eef2-42ce-b6c1-ffb6fe5231ab,550cc8f4-c5cc-4eeb-8393-265a586c3a00,63f7d5dc-492f-4ec7-a85b-09e741ed2915,
4a9e6692-46d6-4ef6-a45d-c1c980c4148e,550cc8f4-c5cc-4eeb-8393-265a586c3a00,6560f2a5-58d2-4965-82dc-980a96f826b5,
8deb55d1-41ab-4af5-96c7-d20ea6d4b6fd,550cc8f4-c5cc-4eeb-8393-265a586c3a00,65d4a973-ed1a-4b8a-b80d-a0e163385658,
bfbf6ac6-fe52-4a9d-a902-13702ace5719,550cc8f4-c5cc-4eeb-8393-265a586c3a00,71a5fdf8-9807-45b7-a3aa-ee52f3239cd4,
48ac53b2-85bd-4ef3-a6ff-be389a85ebbd,550cc8f4-c5cc-4eeb-8393-265a586c3a00,71dcd63f-e388-43b7-9e03-84ec72ea9bfa,
90c9f005-99a5-4330-8620-2659efa30c19,550cc8f4-c5cc-4eeb-8393-265a586c3a00,77307294-f08d-4ed3-9d39-d057e0aa1615,
3278c00b-85e9-4570-81f3-088f0d5a425e,550cc8f4-c5cc-4eeb-8393-265a586c3a00,7bc59dda-6a23-453e-bf46-32b25f15d1d5,
dc3cc359-008c-4c2e-89b3-54ef04b83b5c,550cc8f4-c5cc-4eeb-8393-265a586c3a00,7d9e5863-67e1-4928-9bcc-f37ebe47e1b8,
3f8c63c4-121e-4b62-9e43-2c1838c8c362,550cc8f4-c5cc-4eeb-8393-265a586c3a00,81d7d15e-88bf-48d2-bb75-d1769b912768,
bae9f3cc-fc89-4479-a985-5e7825b6085a,550cc8f4-c5cc-4eeb-8393-265a586c3a00,83304908-3361-40b0-828a-a0852e212382,
94a095be-89b6-4797-9dc3-35ba084a53e7,550cc8f4-c5cc-4eeb-8393-265a586c3a00,8ac9a2c8-be5c-4b6e-9367-bdd36a00afac,
e7b121b0-c926-468c-9406-15b7fe7224ef,550cc8f4-c5cc-4eeb-8393-265a586c3a00,8fe2e453-25ed-4fc3-b562-e677236eec6b,
0c08cb21-9695-46d6-b9dc-3f2bdc71290c,550cc8f4-c5cc-4eeb-8393-265a586c3a00,91751b63-c8ba-421c-b4bf-e6bdc237d1ca,
454d116d-f3d4-4785-8ba3-0679e99678be,550cc8f4-c5cc-4eeb-8393-265a586c3a00,96e63b33-bdf0-4ef9-9ad9-f47ca520622d,
96ae90d8-68f9-48f5-b590-8b70c4750e12,550cc8f4-c5cc-4eeb-8393-265a586c3a00,9e5f0bb1-b457-4542-8222-fedf59a71fba,
6727ca66-5172-49e6-b295-a687b9b0174c,550cc8f4-c5cc-4eeb-8393-265a586c3a00,a19b0928-1617-4de3-9241-835c2410b9ce,
1cf16ba2-2084-48c2-b6c4-78166605c34e,550cc8f4-c5cc-4eeb-8393-265a586c3a00,a34acb60-dead-40f9-a4ce-e75bacbb170a,
e2a800fa-644e-46f2-a16a-45a25267a63e,550cc8f4-c5cc-4eeb-8393-265a586c3a00,a3903c41-e91c-4b7c-a7d6-6d585c4239b4,
a98bc1b7-020c-4435-b41d-99ac5d99086c,550cc8f4-c5cc-4eeb-8393-265a586c3a00,ab825c58-b45e-4486-a0cf-3a303dd00a4e,
f866fcf8-1760-4e64-bce3-b57909936388,550cc8f4-c5cc-4eeb-8393-265a586c3a00,afad0b0d-ab69-49d4-bd3e-e3da901c4670,
fa3ee5c0-6060-46be-a530-491d64611024,550cc8f4-c5cc-4eeb-8393-265a586c3a00,b68d7ff6-d372-44a0-a2e6-fda8297ed8b7,
8a468f24-0c32-49b9-9a95-170ba49d15ed,550cc8f4-c5cc-4eeb-8393-265a586c3a00,b9444132-b93e-4591-b5e6-89235856c177,
d6ec8340-1ae9-4626-99b4-19b2a8203660,550cc8f4-c5cc-4eeb-8393-265a586c3a00,c5d7967f-959d-4778-b77b-9eccf2c9d33b,
0cfc7921-07b0-48f0-99fd-16e37560b672,550cc8f4-c5cc-4eeb-8393-265a586c3a00,c67fff9d-da3a-48ee-a951-b13a1741dcf5,
d87c44eb-173f-411a-9e44-91af33d519f1,550cc8f4-c5cc-4eeb-8393-265a586c3a00,c8348f18-e76f-41c7-b80e-b94c93d0fa59,
ec66cdd4-fbc6-4fec-85ce-af1496c7029e,550cc8f4-c5cc-4eeb-8393-265a586c3a00,c956c70f-7feb-4c96-8820-3b6201804bad,
161a6dfe-47bd-4c4b-9321-2a5485801776,550cc8f4-c5cc-4eeb-8393-265a586c3a00,cb548740-4461-4fbb-bf31-2f1d1235517c,
d53be543-42a3-45bb-9282-c428c46bd9cd,550cc8f4-c5cc-4eeb-8393-265a586c3a00,cedf0a3c-074c-46a4-9496-fcfb50d52fef,
acacfbf5-5dc6-47d3-80c6-0bdaa9f07464,550cc8f4-c5cc-4eeb-8393-265a586c3a00,d0bf0692-ef28-41df-9a7e-ae2f29799f93,
33e79c37-9217-4c44-b67a-8a6de084df5e,550cc8f4-c5cc-4eeb-8393-265a586c3a00,d123369c-e600-4181-9339-ebaf35f1ca75,
235f2452-05e6-467e-b64a-94b9eca19342,550cc8f4-c5cc-4eeb-8393-265a586c3a00,df820257-97df-47b5-a5cb-f9031915dbe8,
28cb831d-f8b6-40c4-a73a-11b901ccdbe4,550cc8f4-c5cc-4eeb-8393-265a586c3a00,e44f133e-5b1c-4d0d-9306-02c5adae2c8d,
835a79e9-4c3a-46c5-b543-1ce1131cf591,550cc8f4-c5cc-4eeb-8393-265a586c3a00,e6513b32-b317-421b-95f3-faf686a3d892,
1476755b-5780-4a4d-82c8-11355a3ebefb,550cc8f4-c5cc-4eeb-8393-265a586c3a00,efefff67-3001-4f14-a7f2-66d9516d3d59,
078d08f6-872d-48a3-8aa3-f49861831cbf,550cc8f4-c5cc-4eeb-8393-265a586c3a00,f0fc8a5c-578f-4c9f-8102-146b5adae3bc,
9e1bb7f9-cc20-4e92-9833-66b66ed5a0b5,550cc8f4-c5cc-4eeb-8393-265a586c3a00,f83a9594-2054-41c6-b5bf-4d8675c5d315,
cd4e96e2-e0d0-4b10-93a4-690a5d7465d5,550cc8f4-c5cc-4eeb-8393-265a586c3a00,fe201a29-964b-4368-aa8b-54f1832388f7,
78c4e452-63d9-4a8f-92f6-343458da2a5d,557e2650-41da-4778-bc28-2b8ee6c94cad,2ba85d8e-a476-4da6-bbbb-6c55528f58ab,
08207adc-94c6-4c19-ae0b-3fd3e0f8b780,557e2650-41da-4778-bc28-2b8ee6c94cad,78a2335c-3d6a-4bcc-a38d-5f10ac5b99ac,
ade9ed96-ff8c-456e-9272-b209c7bb9463,557e2650-41da-4778-bc28-2b8ee6c94cad,7bd5e3dc-c016-48df-8e8e-5eef4a21fc4f,
6d23a313-8916-405c-b4ff-442efd6f52fb,557e2650-41da-4778-bc28-2b8ee6c94cad,8c3e3e63-07c8-4faf-ba63-2dc294f8e5d7,
af2d93be-a7dc-459c-9a31-90b35c3124ee,557e2650-41da-4778-bc28-2b8ee6c94cad,8e2300f7-5b0b-4cfa-afd5-ce692e1b208d,
be094015-2204-4825-b8e3-f70519cada3e,557e2650-41da-4778-bc28-2b8ee6c94cad,9cbaa8a3-a472-48dd-906b-e7410384a3b8,
929c79b1-cf86-4b96-8aa5-7c97dc49ab30,557e2650-41da-4778-bc28-2b8ee6c94cad,a03718be-d850-4397-a7ff-1b328811d8ad,
2d52f2cf-070e-41b6-923d-c96b6c2c92b5,557e2650-41da-4778-bc28-2b8ee6c94cad,a2af8cf2-95aa-42b7-a4c2-01768ec3b319,
29c9df58-2696-40af-b6da-5651d7aea3f0,557e2650-41da-4778-bc28-2b8ee6c94cad,c2091fa1-8e5e-44b4-ba25-c52af926f7cf,
8b80411c-6f59-4510-a9bb-850d9a6edb83,557e2650-41da-4778-bc28-2b8ee6c94cad,c44609c7-27f3-446a-8457-9faac6ebad34,
c0725455-976e-4c05-a4ab-101a2c259c37,557e2650-41da-4778-bc28-2b8ee6c94cad,cbc06cd5-0161-419a-adb7-4fb86e46c47e,
cd220696-12ae-4e75-b32a-762291073de9,568cb944-7f40-4593-9df1-1eca5983979e,093cf26c-4f44-4b71-bbbc-7b0c01eb32a1,
9f372c1c-689a-4b0c-9fa9-6c3916abbb0a,568cb944-7f40-4593-9df1-1eca5983979e,2bff20d1-edf6-45da-a9d1-b6e31d3af111,
aff45cfc-d3a5-4a21-b0b0-f9505b3399f9,568cb944-7f40-4593-9df1-1eca5983979e,9d195348-e249-4b6b-ae77-7e93caa027e5,
2f823025-e1a1-4fb8-9b5d-f20b0c5d32c0,568cb944-7f40-4593-9df1-1eca5983979e,abbccca0-ba6f-4d9b-9274-7b0787fa9a89,
7f3b9a1b-6346-46fd-97a3-c221ef746851,568cb944-7f40-4593-9df1-1eca5983979e,d0f0559d-0da4-46ac-b9f7-b879d18b6c7c,
c561058e-94db-41a7-ab5c-566929269e67,568cb944-7f40-4593-9df1-1eca5983979e,d992020b-f417-44a1-b505-abad49e8bf83,
82f7982e-477a-49b6-9e1d-6f7e1bccc622,568cb944-7f40-4593-9df1-1eca5983979e,e619e472-d99e-4636-bf48-3b944392c35e,
b79a4dc3-e0ea-42b4-8348-8c47916ca87e,568cb944-7f40-4593-9df1-1eca5983979e,fa813453-4f6b-4f30-a129-106e15395519,
a788ad6c-5f5e-4b36-b990-bc66da814239,56b65fba-545c-42ff-a4c1-dba865aa8d48,0cf4eebe-cafb-4291-acbe-dfe8c50cb21b,
75ca6f0b-7bf4-4f1b-a735-c47a7fdf26e7,56b65fba-545c-42ff-a4c1-dba865aa8d48,1f54ed2d-f669-4941-974e-2441eea10006,
9cdabddf-8fe1-45c4-9808-c3ad83eaa018,56b65fba-545c-42ff-a4c1-dba865aa8d48,290a3522-c1c8-4ab6-9f81-6eb6fe229c53,
463bd3e5-5217-4bd6-8264-e6e01226a64d,56b65fba-545c-42ff-a4c1-dba865aa8d48,2b428a9e-f457-49da-96e1-f2094d24f30b,
96332324-4d9e-4401-94d2-6f40e69f555e,56b65fba-545c-42ff-a4c1-dba865aa8d48,321d8c7b-4aa3-4d37-9cf9-fa790e4fabbb,
e02f6659-7575-4bf8-a73a-84374b6f5606,56b65fba-545c-42ff-a4c1-dba865aa8d48,33d6cd02-be4d-41d4-8cbf-e220361e0867,
76f4a1d9-d561-4b99-b08e-e5fd17c021e7,56b65fba-545c-42ff-a4c1-dba865aa8d48,340acb66-6022-4304-92c5-4a2d66d2936b,
056974ee-633c-4c2b-8555-b0d9b877bb48,56b65fba-545c-42ff-a4c1-dba865aa8d48,4e4b14d9-70be-4bc1-bcd9-9a74bc9f75f8,
0f6dbe70-3df0-47d5-a27c-aec4c51067cf,56b65fba-545c-42ff-a4c1-dba865aa8d48,52952481-1961-4e4d-afa5-f8a5bfaea69e,
48202939-f7cb-4dcd-8728-ffb89a201208,56b65fba-545c-42ff-a4c1-dba865aa8d48,6d462b9c-0c03-4f09-8a94-8efd0c9454a0,
7e1136d1-b963-4b4c-b63a-fb4aaa40af74,56b65fba-545c-42ff-a4c1-dba865aa8d48,6f86f36e-be0f-4f16-9e19-009c06adf865,
7ccd2838-dd4b-48d5-bccb-104c03bb87ec,56b65fba-545c-42ff-a4c1-dba865aa8d48,8c5486ce-a600-44e8-91a5-2ea3228deed5,
bcbd236b-1276-4009-8811-9d23b19c9ea6,56b65fba-545c-42ff-a4c1-dba865aa8d48,8e50b67d-2801-4dea-88fd-08873c4823d4,
33020540-c329-47a9-8ed3-5a36d057030c,56b65fba-545c-42ff-a4c1-dba865aa8d48,91ef77ef-3ba1-41e2-bad9-0e56e37232ac,
df8fdaef-c6bc-4047-a15e-f9310a5ac06b,56b65fba-545c-42ff-a4c1-dba865aa8d48,920ad690-9aa2-4332-99dd-e9e99fcba8df,
25f54ba2-fcc9-4fe2-a942-22d299e9c0d6,56b65fba-545c-42ff-a4c1-dba865aa8d48,95dd78ad-c927-48c4-a6d1-486d053a1eca,
c2a2349a-e5da-4528-b1c4-55c49fcdd913,56b65fba-545c-42ff-a4c1-dba865aa8d48,9a91b3dc-0e6f-4e2e-8951-bea560133c79,
b4f2d1fa-ea69-40ac-9f68-141c1402134f,56b65fba-545c-42ff-a4c1-dba865aa8d48,b29967be-4c36-42cf-9271-29e34bd78de0,
3f1ca785-eb49-4058-8cb5-b6038583acf6,56b65fba-545c-42ff-a4c1-dba865aa8d48,d0876f1e-7d53-4f82-b6e4-0aa63b622b04,
ea77e797-d9bd-4af7-a251-e4600d6073e5,56b65fba-545c-42ff-a4c1-dba865aa8d48,d3730369-cff6-44cc-bb3d-b27991df93f7,
b96c89e8-4b7d-41b6-ba5c-135e1d73d7ae,56b65fba-545c-42ff-a4c1-dba865aa8d48,d40b4f53-ca3b-4d40-a9f6-26189dbab7b8,
f3e2702d-4bc4-4eb5-a536-828297ef48d2,56b65fba-545c-42ff-a4c1-dba865aa8d48,d5bf55ea-72e7-4e76-b4f1-f3fd69444855,
0420148f-37f1-4ce8-bbc8-e74bebed41c6,56b65fba-545c-42ff-a4c1-dba865aa8d48,ebf26bad-4aa3-44e2-90dd-5fbd563fe6dd,
52d40870-18b9-45d6-b3d4-26c191ac7779,56b65fba-545c-42ff-a4c1-dba865aa8d48,eff48f37-9c7c-4a81-b5a4-798578a73950,
fca5bdf2-9078-4cbd-9fb1-ed70a3f3dc2b,56b65fba-545c-42ff-a4c1-dba865aa8d48,f802df39-b2b4-499a-9a41-ed38967015ce,
82bfc1a4-23a7-47f2-8eb1-5abd2b2c0649,56b65fba-545c-42ff-a4c1-dba865aa8d48,f9d8ed70-856e-418f-a448-d5464c82688f,
2372193b-3a58-4ebc-967f-d1e8d86d8f3d,56b65fba-545c-42ff-a4c1-dba865aa8d48,feb0c304-5e86-4d0a-abac-346f94ad0233,
10736de8-21e8-42d8-a77b-dc2a36131710,57a42bd9-4b71-4af0-bc1d-372a8e675311,00b0bbee-ec91-46b5-8f32-d490ea38eb22,
60b6c75b-e379-4300-8438-af8038ab5659,57a42bd9-4b71-4af0-bc1d-372a8e675311,041d8dcb-14bd-4f8a-a817-08246d7f5e9e,
b560a706-d090-4ccc-9352-a289bf8a321e,57a42bd9-4b71-4af0-bc1d-372a8e675311,1679a9d3-cb11-48a2-bddf-47991c60efd3,
4096ceed-2449-4456-a2d6-d9ee3804e284,57a42bd9-4b71-4af0-bc1d-372a8e675311,221a392f-8a00-4d5e-8a40-16a4b5341954,
14d37bc4-8204-49ca-998f-019f73f4f1c7,57a42bd9-4b71-4af0-bc1d-372a8e675311,28c03b59-0ac9-4190-8fef-c3d485fb74bd,
9d57ccff-1524-4d25-b15a-5eeca537932a,57a42bd9-4b71-4af0-bc1d-372a8e675311,299c42a2-cac7-437d-8ba1-01e495c64a6b,
860893f4-9965-42a4-892c-f4fae5687900,57a42bd9-4b71-4af0-bc1d-372a8e675311,3b6ca745-7abf-401f-a037-c347afe62a91,
28ed1c09-93a3-4107-9d94-cacc4d2dafac,57a42bd9-4b71-4af0-bc1d-372a8e675311,3e95db46-60c8-46e3-ad8f-a8a51b3348dc,
657b1829-0352-4762-8736-ae0a3daaf2f8,57a42bd9-4b71-4af0-bc1d-372a8e675311,49736a79-9d36-4316-9e0e-4aa43b4099b0,
388c6783-36e6-4891-8a06-36d38781bd6e,57a42bd9-4b71-4af0-bc1d-372a8e675311,4ad5c229-4e30-4eec-9ad9-f81052aa1e20,
b9edc4d8-2c63-4dff-9222-688156e70f1e,57a42bd9-4b71-4af0-bc1d-372a8e675311,4d80b954-e6e3-4342-8f8d-e79f31970e4a,
1f58464b-9f8c-4f46-ab30-05a93d9f3d49,57a42bd9-4b71-4af0-bc1d-372a8e675311,6873f12c-92d0-49df-9e4b-ed42d4486545,
2153a2fd-6471-4a2a-acc0-e88f5604249a,57a42bd9-4b71-4af0-bc1d-372a8e675311,69b20d1d-02dc-413c-ba73-13b35afc073f,
03bfd745-b7c5-4752-b42f-58e57cd8b5fc,57a42bd9-4b71-4af0-bc1d-372a8e675311,72cc6775-cab0-481a-a698-c481efb4c085,
046e184d-a9cb-44c4-b280-47a8da1968d2,57a42bd9-4b71-4af0-bc1d-372a8e675311,76165284-034c-4655-a0fc-90d2c9ece717,
efcef7e0-6380-4cad-88dd-8ebec57cbd3a,57a42bd9-4b71-4af0-bc1d-372a8e675311,7620f13d-ce2e-4e8b-839d-e72ecd3dab36,
bd893906-0ecc-41c3-864f-f59619933dc4,57a42bd9-4b71-4af0-bc1d-372a8e675311,76376bec-42c3-4204-b2a2-0e18d3563187,
0bd84cec-1471-4d99-ba20-e660bb969b29,57a42bd9-4b71-4af0-bc1d-372a8e675311,801044e9-36fb-4cc2-ab3b-625df95ed8ce,
f23afef7-4dad-445f-8f49-e9b75d06e296,57a42bd9-4b71-4af0-bc1d-372a8e675311,a4bcc8e1-e409-497f-9dee-2e5561a4981c,
cb429637-ebb8-429a-8040-985b4ca98724,57a42bd9-4b71-4af0-bc1d-372a8e675311,b17729d6-a5f7-4f7c-840b-c20427bf5ab1,
a375e70a-a3a3-4b98-ab4d-ce48ae3c4edb,57a42bd9-4b71-4af0-bc1d-372a8e675311,b7ac1082-e950-467e-93de-3be1c928569c,
1cac0328-04f9-4ac0-a60e-a3923c3f5865,57a42bd9-4b71-4af0-bc1d-372a8e675311,ba40f7e1-577f-4491-a63a-a0fbbb7f646e,
4e577261-25d3-453e-af06-24d35748b636,57a42bd9-4b71-4af0-bc1d-372a8e675311,c04e5ad0-8c3f-4937-93b6-a5b000d66ace,
0c57e3e4-b1da-47f3-ad6a-e31923d0a2af,57a42bd9-4b71-4af0-bc1d-372a8e675311,c946f7c9-ccbe-49a5-8aef-5305d145d578,
e40a4012-3d22-4bd7-94de-bfdbc398a8c9,57a42bd9-4b71-4af0-bc1d-372a8e675311,de63b222-ddfa-4c54-9cf3-cb79813708ed,
051d74aa-2031-452b-a357-c7a5dcdacb1d,57a42bd9-4b71-4af0-bc1d-372a8e675311,e63ee5af-1afc-49ec-9d20-9479006359bb,
8985ea6f-60bc-4aed-92ed-5a7462cd1a50,57a42bd9-4b71-4af0-bc1d-372a8e675311,f032b5d3-6fc5-45bf-9acb-0e441dc6cb21,
0197bfaa-3fdf-4104-a76e-6f9a55ae96fe,57a42bd9-4b71-4af0-bc1d-372a8e675311,f3b28395-314a-4878-95e4-a1e9f581a957,
44c99a18-ab9f-48e8-a296-d5cf8dafb138,57a42bd9-4b71-4af0-bc1d-372a8e675311,f5ee8e0c-9063-4ef9-bfc9-3c3d70c9c447,
ae278524-db39-491e-99fd-64b3cb7db835,57a42bd9-4b71-4af0-bc1d-372a8e675311,fedeea92-b345-447d-a941-370503a0091a,
5f7e6d8c-91ff-4db8-a869-309699cbaefd,5897b69b-5013-428f-a95e-03bfb1d638be,0d02df13-89a9-4e6f-8b2a-f24355610d08,
c6dea184-4202-43fd-b41f-2ea159161d35,5897b69b-5013-428f-a95e-03bfb1d638be,373c784e-57be-4b01-8c5a-dcb9c3139a09,
c1ea9add-36d4-4063-b9e9-f7477de962a5,5897b69b-5013-428f-a95e-03bfb1d638be,880b5356-6e26-4c01-ad6d-9e1ebc450f35,
c6c44fcd-9f4a-4b59-a407-47a4bfd610ba,5897b69b-5013-428f-a95e-03bfb1d638be,a7fe1589-8898-414b-b56e-ff4b2f2e51f5,
38a246c3-ed1e-4e80-be76-561949f4f3b6,5897b69b-5013-428f-a95e-03bfb1d638be,c3a4aa20-d699-4b3c-8af8-a6267b4774ba,
21964947-ad8a-498f-bdd0-ce82789b09f5,5897b69b-5013-428f-a95e-03bfb1d638be,ca8ed892-c55f-4198-941d-98500f2fb578,
6f60929b-f65e-4dfd-af6e-97d30a27386c,5897b69b-5013-428f-a95e-03bfb1d638be,d21902d2-df6c-478f-b3b5-e0191ac2d152,
3c2aa02f-d11c-48f1-acde-9f47edd9c7fe,5a899465-93df-480c-8cb2-6246f99a1f65,4d1a8a7b-9bc3-4680-9334-9cbfb338699a,
c42d809e-461e-4b12-87e4-9f364286e5e3,5a899465-93df-480c-8cb2-6246f99a1f65,52dfd00d-696c-4691-82df-6dd0d3323cc8,
8f80b367-f660-4870-9f08-b4e314211d32,5a899465-93df-480c-8cb2-6246f99a1f65,5d06e78d-7fa5-4790-b51d-c1a64b48e164,
c138262d-721f-4e8b-aff8-a8190d900058,5a899465-93df-480c-8cb2-6246f99a1f65,6843ab27-7d28-4375-8811-a1d8cb4f15d4,
b076ea94-d497-4bc6-9741-65f88245dfa5,5a899465-93df-480c-8cb2-6246f99a1f65,b7d2b472-ecaa-4f37-97dc-cc20b9632530,
107cf13c-347a-4ca9-ad33-6631dfeb161c,5a899465-93df-480c-8cb2-6246f99a1f65,f7c10895-60aa-4afb-b387-e006a5a781ca,
84c117b1-388e-4cc9-951c-268589a5f7f1,5a899465-93df-480c-8cb2-6246f99a1f65,ff3e7145-ab2e-49a5-af9f-d24c36002950,
19ebbd2e-bf91-4db6-876d-e6ccbc4091d8,5b857e35-e4b4-49ff-8deb-2199d84568a6,0f34d4b1-59f5-4fb9-acec-f7049abf9787,
39b15dbe-0b7d-46d1-9056-a8d7adb41b2a,5b857e35-e4b4-49ff-8deb-2199d84568a6,1007d042-e291-4720-90e4-5f5549b9455f,
4c18bbb9-e651-421f-93c3-0515dba2a988,5b857e35-e4b4-49ff-8deb-2199d84568a6,13159156-4e95-4173-9519-be62b79a46c0,
efd3ba51-0d64-4279-9cb9-2b444e2c9acf,5b857e35-e4b4-49ff-8deb-2199d84568a6,1444739f-6c29-45ee-b7a1-29c573373330,
d746f074-220d-486b-bff0-61eac7b0d7d5,5b857e35-e4b4-49ff-8deb-2199d84568a6,1492c802-73be-440c-ac1e-ce192463ca32,
463ab931-695b-43bd-be75-a7e6661fe41b,5b857e35-e4b4-49ff-8deb-2199d84568a6,15c424de-61ae-43a9-84aa-90c83743c980,
a7a8579c-dec8-43f3-b6ee-21e304ff1c8c,5b857e35-e4b4-49ff-8deb-2199d84568a6,1c62633b-6935-4170-be36-d21ecd41e3dc,
af0dabbc-2db9-4987-abaa-f958beae4ccc,5b857e35-e4b4-49ff-8deb-2199d84568a6,26442609-1f97-4af0-ac56-e6efaec9b818,
c3dd589a-2899-433d-b68e-56340ada74f2,5b857e35-e4b4-49ff-8deb-2199d84568a6,2a2561c1-2174-4bc8-8d7d-b46a77b0603b,
0237de74-fff2-48d0-ae01-11ed61ef3f08,5b857e35-e4b4-49ff-8deb-2199d84568a6,31448d5c-8726-4ae7-bbd2-bb812d333239,
4b03feab-ed53-40d2-9cd5-66f9be670ded,5b857e35-e4b4-49ff-8deb-2199d84568a6,3e416a54-3a46-4029-bb1f-fe9b15faeb92,
7ed6f9c9-2aaf-4e1b-8b95-a26889ee4c63,5b857e35-e4b4-49ff-8deb-2199d84568a6,4315adfb-f708-411d-a527-4c775627fb45,
6063e4f6-9403-4791-997c-3b953595c952,5b857e35-e4b4-49ff-8deb-2199d84568a6,4ba178bc-8658-47d5-9973-973c7819b5ec,
dca9c911-cb4d-4cce-bd9d-60f8f8b78e92,5b857e35-e4b4-49ff-8deb-2199d84568a6,4bdde61d-7c6d-4a0a-a2a5-70b542bb45eb,
1b5d1b3d-fd20-46c0-9b27-85def23fd40d,5b857e35-e4b4-49ff-8deb-2199d84568a6,5890c36b-87f8-41f0-9e22-073257650d15,
8721ed1a-0779-4158-8b51-62ced763411e,5b857e35-e4b4-49ff-8deb-2199d84568a6,67175079-0578-4d88-a55f-0f4b055867ae,
d11623c7-802f-45b2-b085-8f8a87ba99e7,5b857e35-e4b4-49ff-8deb-2199d84568a6,8162a67c-133d-4010-905c-7e5ea8cb9ca8,
0dfb31d7-69b4-47e5-aea4-da5d7adee045,5b857e35-e4b4-49ff-8deb-2199d84568a6,8fe07f12-cd46-4a41-95b8-c1f21ceed651,
06ff16ce-8f15-46a9-88af-72d6cc3d4916,5b857e35-e4b4-49ff-8deb-2199d84568a6,933af5e7-6106-4da5-a943-f9d786db28c0,
acaf775e-2b62-491d-bb02-32bdffef3a42,5b857e35-e4b4-49ff-8deb-2199d84568a6,9f3f1a1e-d3c0-481d-a71c-b9c6124d579d,
fee082bb-ea5b-4a58-ade0-05d0c0bafdda,5b857e35-e4b4-49ff-8deb-2199d84568a6,bb902250-713f-4a6e-a92e-300b9873faca,
e6fd9a14-e4c4-4445-bead-49590c3b1aa3,5b857e35-e4b4-49ff-8deb-2199d84568a6,bdbf60e8-fb9f-4fe7-8b19-d2bb41fcb7c7,
bd0c832b-7a42-4f7b-8938-81617a126f69,5b857e35-e4b4-49ff-8deb-2199d84568a6,bf9c9cf4-3ee6-45d7-b8c6-9ed754ce816a,
155c217d-a9f7-40a5-aa7d-eb4193fee983,5b857e35-e4b4-49ff-8deb-2199d84568a6,c83a0f2a-592e-4c83-bb48-c408cfd57697,
041a643f-048a-4c47-bc1e-399353a8e499,5b857e35-e4b4-49ff-8deb-2199d84568a6,cb3eda4e-57f4-49fd-862a-f9678236f364,
f29af564-398f-4fa3-a66b-be3a52256d70,5b857e35-e4b4-49ff-8deb-2199d84568a6,ccc649d0-420d-4d80-889e-ffbaf9b8221d,
ce3e6df8-dc7b-4420-9934-c1a7ffc5dd6e,5b857e35-e4b4-49ff-8deb-2199d84568a6,d0896fc7-0992-46f4-9398-ef8cf1fa6fc9,
a12ec355-6563-441e-b46c-96e2c3020175,5b857e35-e4b4-49ff-8deb-2199d84568a6,e93bbb63-d86a-46b7-85d6-ee5c60fc35c8,
dfaef780-bf11-4aff-8777-8a97a053a502,5b857e35-e4b4-49ff-8deb-2199d84568a6,fb96712e-2668-4570-9149-9854089deb43,
6228b2be-09c2-45ab-989f-e488df3a6db5,5b8870ec-abf7-4820-aa28-b3803fb6c55a,2666e055-a705-4320-8c70-c704cee74092,
58f4252d-edc7-4c67-98e8-ff5d25174d14,5b8870ec-abf7-4820-aa28-b3803fb6c55a,46364b72-5dee-4f93-919d-f96f702a1182,
8f55c7df-0f23-47c3-9c4b-6fe6766cf87d,5b8870ec-abf7-4820-aa28-b3803fb6c55a,4a9d48d4-01fd-4290-9fb6-37e9b72a706f,
4e8952b8-13e9-4cc6-a671-7860c1ab9853,5b8870ec-abf7-4820-aa28-b3803fb6c55a,68572bec-88c9-40ab-81fd-643212289f34,
a220b352-b574-4bd8-a1eb-2adccdda4653,5b8870ec-abf7-4820-aa28-b3803fb6c55a,70f97c48-35ee-4f0e-9796-55c8b2a414ea,
c0c47355-a9ac-4f37-8593-5b01f5732689,5b8870ec-abf7-4820-aa28-b3803fb6c55a,7e9b50d3-89df-4205-8a30-5b90e1e804c7,
2cc4bb50-1e94-4774-9d3e-806000f0994a,5b8870ec-abf7-4820-aa28-b3803fb6c55a,866a5fbc-1a86-4d36-b7f9-32e954305069,
a3bb7d4f-1a99-4508-931c-37a0daf42d7b,5b8870ec-abf7-4820-aa28-b3803fb6c55a,91fa88db-78ae-4df6-a3b7-587943e8c68a,
add6e900-10c2-43de-a1fc-ad3b2d343635,5b8870ec-abf7-4820-aa28-b3803fb6c55a,beb65273-355b-4c56-ade2-1f8cb1c3784c,
39154acd-00b8-44dd-9e77-6be066548f00,5b8870ec-abf7-4820-aa28-b3803fb6c55a,d07046b1-43e3-4fbb-b467-fd734c37135f,
075e4a01-e17e-4279-af4b-3609aa85be14,5b8870ec-abf7-4820-aa28-b3803fb6c55a,d18d43b3-c219-4c53-a435-ee0f6cbc0b2f,
aec1fc74-879b-416a-8af9-32702199a8b2,5db94df2-f9e3-4103-8dfb-42a1274a0d28,011cea1d-3b54-4294-8809-39a3b32aa888,
384e1b67-c4e0-4e6c-b4d5-396213f1d571,5db94df2-f9e3-4103-8dfb-42a1274a0d28,04376f8f-27a9-4d29-8830-ff875056daa2,
ced0a605-de36-49f8-bbb8-442593e65dfd,5db94df2-f9e3-4103-8dfb-42a1274a0d28,0f4a0804-eec0-4924-993e-0eca4e2eeed8,
056c7919-e254-4dd0-955c-dfd8c57b29e1,5db94df2-f9e3-4103-8dfb-42a1274a0d28,197b04c0-7f68-4069-997c-4a4df80f90bf,
6ceedcfa-33cd-497f-b3db-f2c755899f64,5db94df2-f9e3-4103-8dfb-42a1274a0d28,227001e4-5b12-462d-99a0-28902d96ed24,
ee1608a8-f0d9-4dc4-b50c-f45f18ffd81e,5db94df2-f9e3-4103-8dfb-42a1274a0d28,4dd2e5c3-c04c-4105-9637-55561b928189,
3f2b5e75-626a-4252-a0ea-5d29056d0d1b,5db94df2-f9e3-4103-8dfb-42a1274a0d28,68e0cf75-63d3-4cab-a13d-70719ad771c7,
c4ed89fc-eeba-4627-bd73-41db524cbbaf,5db94df2-f9e3-4103-8dfb-42a1274a0d28,69e03eb5-315d-425d-b6a9-8d0974ffcbec,
666d3ac2-08e6-42b9-9ab4-6e7697e9f3f5,5db94df2-f9e3-4103-8dfb-42a1274a0d28,8b889612-d97f-4fc5-aa2f-b74ee94aae32,
477d088f-8f0f-4a55-bde2-b77a812afe93,5db94df2-f9e3-4103-8dfb-42a1274a0d28,a6b58db4-697b-4a29-9e9c-201718ab7783,
7b43a9fe-b914-4db5-8513-e7c7a295e827,5db94df2-f9e3-4103-8dfb-42a1274a0d28,ceec1ade-9409-4f4c-ab55-48069f3f4925,
4e73702a-492f-4da0-8365-89164dce4017,5db94df2-f9e3-4103-8dfb-42a1274a0d28,d7d87d6e-e4e2-4702-9f91-826cffe68f20,
114f119b-6309-44ff-aed4-e12be7c59227,5db94df2-f9e3-4103-8dfb-42a1274a0d28,e0deef55-3114-4552-9698-d577b71c82da,
98942c16-7656-490c-bc57-cc8295e9bafa,5dfb9296-5099-4994-878c-1e8db9d265ff,080d842e-2b43-4706-8691-c6e339757fa7,
025f7152-4609-48cb-b99d-947884a27d6f,5dfb9296-5099-4994-878c-1e8db9d265ff,18a11175-61c0-4498-8771-d91c695dd2b3,
a2410a6c-12f1-44ba-8f3b-926b2e582a99,5dfb9296-5099-4994-878c-1e8db9d265ff,19ed7e93-f0d4-46a3-abd8-4c0eabaab375,
f4c3f727-bb0b-4eff-b545-f83aab08dabf,5dfb9296-5099-4994-878c-1e8db9d265ff,43e7f480-f906-48ba-a507-b036f3942656,
212543c8-3df5-46fb-acb6-59584af271ea,5dfb9296-5099-4994-878c-1e8db9d265ff,4d6bcf18-b6b9-44da-8bfd-71b618d5543b,
d8d4f2d9-3ff4-46d6-91af-a73f38987a5f,5dfb9296-5099-4994-878c-1e8db9d265ff,4e595bb3-c075-40a2-849b-86b370e7fd88,
f485d6fc-caaf-4b26-b9c4-a8c054bb9dd2,5dfb9296-5099-4994-878c-1e8db9d265ff,6a429548-8520-418d-9021-a0fe00d2ab23,
b9a8d9b2-2ad6-4783-9264-637a104d85db,5dfb9296-5099-4994-878c-1e8db9d265ff,6fc25abb-7957-479a-b70f-cc4a96b07ff1,
332c155f-06f0-418d-9330-5eacaddf72e6,5dfb9296-5099-4994-878c-1e8db9d265ff,8a6507d2-7701-4663-b622-ecb1c2a7637a,
3ff4b559-6111-4361-a445-4bf927be7a07,5dfb9296-5099-4994-878c-1e8db9d265ff,bedee6df-c8c8-436e-9816-45653c5f9000,
a30ee150-d79e-44c2-8b64-4894e1509510,5dfb9296-5099-4994-878c-1e8db9d265ff,dc7fdd63-aa95-4c5c-ace8-41fafce79d4f,
78a771f5-dc93-4de3-a13c-40cff5b9b0e9,5dfb9296-5099-4994-878c-1e8db9d265ff,e6cd0997-8ba3-41e4-9b8b-3fd0c7741b7a,
92d0d123-d015-42a6-85a1-26099746e999,5dfb9296-5099-4994-878c-1e8db9d265ff,e9b735d8-72c4-425a-9b69-5c4c88e56e62,
ea17cecc-dcf2-4e99-abc9-7252f24845fe,5dfb9296-5099-4994-878c-1e8db9d265ff,edd927e1-742f-46d2-8eb9-f182e5b1cae6,
490144e5-f766-468c-910c-fdedc42eb3b7,5dfb9296-5099-4994-878c-1e8db9d265ff,f1dfb67b-e223-4cdf-a161-20dc0c908dda,
d17756c7-e261-4f2e-bb77-da5b0f36e79f,5dfb9296-5099-4994-878c-1e8db9d265ff,f888486e-283f-456a-8467-ec458cc07998,
ff16b0ef-7253-4ea0-a692-2b035ef192fc,633c8112-5342-47a1-bd04-ebe7927cf8d5,106fa666-4a22-4095-8d9a-9161b7fafc3b,
54e5ecc7-06a6-4cfc-a447-0cc38412bb0e,633c8112-5342-47a1-bd04-ebe7927cf8d5,10b1bc5d-0f22-4331-ba8f-c3607281c716,
8c1cc060-6cd4-49b8-826c-df802fa3f43e,633c8112-5342-47a1-bd04-ebe7927cf8d5,122e265b-3b1f-4c2d-b533-cf1f12dd570e,
9357de7a-5c4a-48f2-ad60-91aa84e5542f,633c8112-5342-47a1-bd04-ebe7927cf8d5,15624f06-2182-4dd9-958b-1ab2b8fc7aeb,
6ef1a898-8e66-4c54-9a25-145433726565,633c8112-5342-47a1-bd04-ebe7927cf8d5,24af5921-806b-45d5-b5e7-41a511436d4b,
8cd69650-6b28-437a-8e50-965159a2f2a5,633c8112-5342-47a1-bd04-ebe7927cf8d5,28ae77c5-af8b-46fb-9886-c7db3c6c282b,
8008791b-a499-4ba8-ad1e-d2abb9492671,633c8112-5342-47a1-bd04-ebe7927cf8d5,38ebecc3-e744-4752-9c1e-5989d6f9fb5b,
5e851699-d7d2-4425-acdc-d5517d91e62f,633c8112-5342-47a1-bd04-ebe7927cf8d5,3ce45ed0-0c0f-434b-a27c-261ed542c551,
2293ac3c-7d42-451e-81df-2d0710600318,633c8112-5342-47a1-bd04-ebe7927cf8d5,411d6f61-aa89-4f47-a028-a1a865d60314,
89d1ab0c-70c5-494f-9e97-b69a69fa111e,633c8112-5342-47a1-bd04-ebe7927cf8d5,4169002f-59cd-4033-834f-6e913efa5bb9,
f64cb7e3-2956-4330-8317-32f0844476c4,633c8112-5342-47a1-bd04-ebe7927cf8d5,48690afd-f74e-4b3f-87d3-e3ffd9b1a694,
de49a15e-00a3-48e1-9215-c4e21e7d49eb,633c8112-5342-47a1-bd04-ebe7927cf8d5,4c971766-b835-45f2-857b-8ecfa06b844f,
5ba044f4-40db-4f1e-86dd-13821d2352fa,633c8112-5342-47a1-bd04-ebe7927cf8d5,55734046-3664-42ca-bad0-8f2e8f680d93,
b1713ce1-de8a-4aab-8091-1a6d514d7c0d,633c8112-5342-47a1-bd04-ebe7927cf8d5,58d2fcd2-d197-421d-b852-be2cea2ecedb,
af5da55a-9de6-4900-95a4-daa703dbf90c,633c8112-5342-47a1-bd04-ebe7927cf8d5,5c675905-f762-4a45-ab20-61ddef15e2b9,
6fbc4f82-4b95-46be-9884-14c6ce9e27c0,633c8112-5342-47a1-bd04-ebe7927cf8d5,62cba319-4b90-4be2-b3fd-ef144ca33a24,
657a5673-f606-4544-9aa2-75ba0f53cfa8,633c8112-5342-47a1-bd04-ebe7927cf8d5,72c74f16-aed6-45b1-97a7-7c8a873a4452,
bd6c62cc-38f3-4795-9056-973f6f040104,633c8112-5342-47a1-bd04-ebe7927cf8d5,784a9aed-9047-427f-a290-6df9e5340037,
548b135e-32dc-490b-b39e-2d1d4f920c5b,633c8112-5342-47a1-bd04-ebe7927cf8d5,793474e1-149c-43a9-8602-d57ef4860cc9,
a59909aa-4bfc-4ec1-bb80-4f71c035fd18,633c8112-5342-47a1-bd04-ebe7927cf8d5,7e18ad56-2fe0-4d07-aff4-f550f2bb69c8,
4504d0ce-541b-4ac7-b59f-5566093fd3e3,633c8112-5342-47a1-bd04-ebe7927cf8d5,8ad8fa34-ca5a-48a4-b4f2-23637bffe046,
5f4f02b6-e8bd-4ad1-a852-ec9ff0ec9f08,633c8112-5342-47a1-bd04-ebe7927cf8d5,8fe328d0-1ef2-4809-a148-3bf5c3c3132a,
3ffc2c18-670a-41ee-915e-384d6239ff2c,633c8112-5342-47a1-bd04-ebe7927cf8d5,9300adca-a728-488b-a268-2ad6f52fb8b1,
a29620fa-e3b1-49a1-a43f-3dec06ea7578,633c8112-5342-47a1-bd04-ebe7927cf8d5,96701b67-cb0e-4f0b-80f7-5dc34e048759,
94a9c470-a047-4e45-8f37-e7e98f430e46,633c8112-5342-47a1-bd04-ebe7927cf8d5,9ebfedd9-b714-49ab-98dc-cfcedcaf1b91,
5077b97d-151d-477e-88ef-f8696203d8e7,633c8112-5342-47a1-bd04-ebe7927cf8d5,abc44bae-c2d6-494a-a3af-49287b17f89b,
3c7d88f3-4d3f-4244-8536-a51294267c0a,633c8112-5342-47a1-bd04-ebe7927cf8d5,ade813e3-b407-4864-a0fd-80d8b9ee430b,
fd5a5159-0c82-4732-907c-ef2b43c7be2d,633c8112-5342-47a1-bd04-ebe7927cf8d5,b53e69b7-eb1f-419d-a9ef-e7f2bf814e15,
6a3c161d-1397-464f-8c68-8b827e5af13c,633c8112-5342-47a1-bd04-ebe7927cf8d5,b5b6769c-4115-4c3e-9cd0-c7e9758ff930,
78c6ee3b-e118-4a0c-8378-f2792ed9ad27,633c8112-5342-47a1-bd04-ebe7927cf8d5,b8d31c05-01e2-492f-95c5-9246bc501d22,
0e956127-950e-4a36-9796-c08b0d7a21e7,633c8112-5342-47a1-bd04-ebe7927cf8d5,c172ca1e-e34f-4144-b417-af96fcb54908,
b3ecc2ec-f587-4aed-8583-ec776af2ac31,633c8112-5342-47a1-bd04-ebe7927cf8d5,c3e8b60e-0eec-4226-b365-e289c6aa2b05,
0d2cec46-6f42-49f7-b667-513a1aa59c8f,633c8112-5342-47a1-bd04-ebe7927cf8d5,c6d29ab7-90a3-4c9f-be50-c5b43d374bfa,
dfd90bd6-4d6d-4462-b422-dff2f3f18cf1,633c8112-5342-47a1-bd04-ebe7927cf8d5,cdbdfaa3-1658-4f5e-a632-c1676cb6f6b4,
5b2c03b7-f90b-49de-bf7d-d64a2a9bb286,633c8112-5342-47a1-bd04-ebe7927cf8d5,d7ba6801-ed66-4a32-8dfc-585b38fa1df7,
b5d15c40-a862-4cae-9887-7f8a393e2567,633c8112-5342-47a1-bd04-ebe7927cf8d5,dc7a637b-88e9-4402-ace0-80524f057007,
216696a8-9ae6-4fe4-8ed2-7edb460ba754,633c8112-5342-47a1-bd04-ebe7927cf8d5,e609549e-094f-4413-9acb-75b775e43858,
07ae3515-437b-4e96-a3fb-c2fab790abe2,633c8112-5342-47a1-bd04-ebe7927cf8d5,eb33ac8e-05d5-4244-aaec-b45dfe3781d6,
f26475f9-d666-4285-b7ad-17e5a88b8be8,633c8112-5342-47a1-bd04-ebe7927cf8d5,ed97b821-7cad-43a0-ac2f-1511ef1bbfae,
691f8306-06e0-46ec-9217-73f5f1a96f16,633c8112-5342-47a1-bd04-ebe7927cf8d5,f35ca550-ecc9-41c9-a4dd-d767386e8e5d,
f9bf6d9c-7bc2-4275-b112-9b32706003fa,633c8112-5342-47a1-bd04-ebe7927cf8d5,f4be4d86-b1dc-4308-bab5-0743b38623f0,
993b1a43-88d1-417f-9cb5-9213ad3d8ef0,633c8112-5342-47a1-bd04-ebe7927cf8d5,ffa15c29-e832-4131-9048-4fe1bd464ac2,
3f6c9bc0-f8b6-43c1-a095-fe68476158e6,64393f2a-21f7-49ca-b93c-60cc34112ebf,12f91397-8475-4b8a-ad7b-0ba0e0b7d1e3,
c7816ada-43a2-45e9-9a47-3a2f7961ac44,64393f2a-21f7-49ca-b93c-60cc34112ebf,53412f3e-a0c4-4f12-85df-a206f2cabce9,
2b273fa6-7926-4042-9675-4078b051e6ec,64393f2a-21f7-49ca-b93c-60cc34112ebf,5ce24b67-561a-4b98-90ba-02e54df3310a,
00ae3c3c-dac0-48b4-91db-4dfaed171586,64393f2a-21f7-49ca-b93c-60cc34112ebf,62d4bc20-bfb0-4ca3-9dd4-a15577f128a9,
abab30f4-61e7-43d8-9506-7789b070929e,64393f2a-21f7-49ca-b93c-60cc34112ebf,7b41092b-ca3e-41e1-b417-33d036b3ecee,
736dc18d-cc25-4f5c-a66b-15f232cfdc9b,64393f2a-21f7-49ca-b93c-60cc34112ebf,90a3009e-50e8-465a-89c3-9357f3b456f5,
65df18cb-923b-40ec-a673-a4b20d02a1f6,64393f2a-21f7-49ca-b93c-60cc34112ebf,a2ad84e0-95ca-496b-8544-3dba9938b5d2,
5320c1af-544e-4107-a15f-a70fb538eb4c,64393f2a-21f7-49ca-b93c-60cc34112ebf,b4e3c612-e816-4a96-aea7-4b560af5bfda,
6ee45839-2fb9-430c-9eba-a51628740ed2,64393f2a-21f7-49ca-b93c-60cc34112ebf,ecb4b57e-2f5f-48d0-aafd-74169bade168,
21ce60da-bd36-47eb-acee-aed1deb440c1,64393f2a-21f7-49ca-b93c-60cc34112ebf,ecffe3b9-c9ff-449a-9d09-3bff2e257eb6,
9ca32311-c4dd-4930-9dbb-1892517ec50e,64b26caa-149b-474f-9022-23c1cb76baa9,5afe45e0-a453-485f-ab1f-8cef2e9d0002,
059f35e9-a68f-45d2-92bb-46e43fd3512a,64b26caa-149b-474f-9022-23c1cb76baa9,5c49fc52-0b73-4121-95f2-b23b044dfd9e,
afabcb1b-b603-4397-a2f4-6a41722b1d73,64b26caa-149b-474f-9022-23c1cb76baa9,7c2bd138-c5c1-4a0a-81ea-d17452f9d0b6,
d20691b2-8720-4218-bef6-308030cfcf67,64b26caa-149b-474f-9022-23c1cb76baa9,9133cc9c-0700-47c4-943c-3eb278c6f3bc,
f42ad933-2dab-4e9a-a70c-331e7321422f,64e9297e-539a-436d-9379-ffe35834e40f,0adacbfc-3984-4d0f-bfda-880ee9e21f7b,
a35da7a0-2bb3-48d7-ab72-e92b49a447b2,64e9297e-539a-436d-9379-ffe35834e40f,18ac08de-4c69-4776-b0e1-d7741cd1fb3b,
92870161-f00d-4302-9274-9f5047778e43,64e9297e-539a-436d-9379-ffe35834e40f,24b3f2f5-d4fc-4387-8569-680ae9da447f,
e4a9c403-9314-4cae-91fe-eb696bc23a8b,64e9297e-539a-436d-9379-ffe35834e40f,3021d384-4c0e-45c0-8d7a-d94c8e12c8a0,
ff773b13-e461-43d4-a4fb-219751323ed5,64e9297e-539a-436d-9379-ffe35834e40f,37334e07-9fea-435b-8fa4-15c09772535d,
0fab8a88-2c69-40ee-abf1-7510bdf48cbf,64e9297e-539a-436d-9379-ffe35834e40f,3b60f249-080f-4072-a5cc-c83f88baa467,
58b0ca58-71dd-4a1d-a358-f7eb619321d3,64e9297e-539a-436d-9379-ffe35834e40f,3c9623c0-e383-4430-a73b-8a4bdd8fc5ed,
1b3d5888-2447-4c8b-807f-3da38ac5f0e5,64e9297e-539a-436d-9379-ffe35834e40f,4bb229f8-a57f-40ec-91df-718bfa7dd642,
8861f1f7-ace2-4b91-8b19-9012d76c1769,64e9297e-539a-436d-9379-ffe35834e40f,65224005-07f7-4280-be80-fba6b250fad3,
d48e9e11-1d08-4cdc-b78c-e940457e1fe0,64e9297e-539a-436d-9379-ffe35834e40f,6ccb737d-b060-4c44-92c0-f6acc700376b,
f3901119-14a3-4f88-a56e-c9f9a32ce978,64e9297e-539a-436d-9379-ffe35834e40f,7a50cb35-d9e6-49cd-88be-59cdc6d4e11d,
1353db30-00b6-464f-836d-761acb81edb7,64e9297e-539a-436d-9379-ffe35834e40f,87cee7e8-947a-4da1-b0a5-7fa02768ea84,
96f0e5f7-51c6-4ec7-901a-812b64a15dca,64e9297e-539a-436d-9379-ffe35834e40f,8f68af61-912a-421f-a9d8-bae37794f96b,
e94c7cec-1660-40d5-94f0-9baa8740ff49,64e9297e-539a-436d-9379-ffe35834e40f,97f4be42-4d53-4b8e-89bb-410696ed9b00,
d4894a40-7b11-463c-8b22-9f0cc5ea9833,64e9297e-539a-436d-9379-ffe35834e40f,e149e009-b482-414f-b730-5ece55f46871,
cbb4506e-fba5-4154-9ceb-13487e91403b,69134a43-b074-418c-8f03-26655abe5b71,078ee452-7af9-4d96-bb52-92dd6636e4f4,
e7d1f6cd-1eea-4fc1-b550-f9f3950b9d7a,69134a43-b074-418c-8f03-26655abe5b71,930ece8f-5200-4b84-948e-c8918c9d108f,
330e1912-f5eb-40d1-a656-d181d60c522c,69134a43-b074-418c-8f03-26655abe5b71,d258279e-b04b-4fb7-82a1-312de35a1796,
3ece4c32-4d88-4125-aa9a-e35c409fe882,697daebf-e092-4135-a019-c3ce7ebc1354,03047a12-9d7b-4cd7-9695-8712aba895c0,
7324b17c-d2e8-44d7-9ff9-5a186d251e0f,697daebf-e092-4135-a019-c3ce7ebc1354,03d71d5a-a995-4ee1-8be9-8bc2e4c5eec7,
0e27d597-7207-4a9b-92a1-09c442dc1bbd,697daebf-e092-4135-a019-c3ce7ebc1354,0e54de5a-d13c-48dc-9783-44a761ca6e44,
d7677b25-a61f-4f05-974e-61df05aea7da,697daebf-e092-4135-a019-c3ce7ebc1354,13f4e689-e97b-489b-b40b-74119f70e901,
1b299cd8-c456-48af-b58c-604a1edbeeba,697daebf-e092-4135-a019-c3ce7ebc1354,203a3304-785d-4501-8282-67165a57ce93,
9e27b4e2-4676-48ee-b290-1c204062b1e0,697daebf-e092-4135-a019-c3ce7ebc1354,2393372e-f1a9-45ee-b59b-beeb98fda544,
33a1d7c7-54e7-41b7-b57a-112088261eee,697daebf-e092-4135-a019-c3ce7ebc1354,28c0c80d-2054-4fc4-9262-905a7d7d29e8,
0d69ddde-3855-472e-a97f-550b5862dc97,697daebf-e092-4135-a019-c3ce7ebc1354,2db4d897-2078-45c9-acdb-524758feade6,
e017ea00-5138-455d-ac43-62407f64a16c,697daebf-e092-4135-a019-c3ce7ebc1354,3260b1ce-a7de-408b-b9b4-fc34509850f0,
9677d033-9e07-446a-a0e6-9c3308b19a60,697daebf-e092-4135-a019-c3ce7ebc1354,33c4d29c-f72f-4590-bec8-4d546de80aa8,
9686d08c-5721-4216-82c8-51b0cf29462b,697daebf-e092-4135-a019-c3ce7ebc1354,34b59a08-693c-4acd-80df-8a594dc16f70,
33ed34d6-9c37-4ece-98e6-9b4fcdcdf2e4,697daebf-e092-4135-a019-c3ce7ebc1354,36b3fd19-cd01-41f3-9e38-8add3d3be0e6,
d91f08ad-8f56-412a-b823-c89394337004,697daebf-e092-4135-a019-c3ce7ebc1354,4641287b-c26a-4f43-aad7-09fff3b347c2,
23e98215-66af-4f8f-a302-22fc6cd4e49e,697daebf-e092-4135-a019-c3ce7ebc1354,4b9b2fd9-7ee4-4ecb-ba38-fc6ba595b424,
4ac74dd2-34b8-4634-9076-68cb70667555,697daebf-e092-4135-a019-c3ce7ebc1354,53b06f75-afb2-4ffd-b8fb-fa332db5699a,
6ff885a6-a24c-4d59-8a6a-a528c1d9335c,697daebf-e092-4135-a019-c3ce7ebc1354,53bb7739-0f81-4842-86b9-6a51b45ebc9d,
c7559a8f-57b6-4c6c-8902-8f307bbaca57,697daebf-e092-4135-a019-c3ce7ebc1354,553a41a4-7c21-4b33-b5ba-c073ac6f1e5c,
3e15d233-089b-49e1-ba96-a656a5f64d8b,697daebf-e092-4135-a019-c3ce7ebc1354,5a1e0231-5981-489b-b76c-200a750a5c33,
e3e7a4c6-0187-4e9c-9f5b-4caf83ffd4a2,697daebf-e092-4135-a019-c3ce7ebc1354,5bb64dde-1965-484e-8ec9-b1e620207e3c,
e27858e0-4197-4f92-a547-68f0b8050591,697daebf-e092-4135-a019-c3ce7ebc1354,5e9f0d0f-12e6-4856-8bb1-b446f2da7f6e,
d29cb090-5169-41d4-b9ee-82f292ec13d1,697daebf-e092-4135-a019-c3ce7ebc1354,5f159cf2-64f1-4f7f-8b0f-124dd52b8d6f,
bbdc422b-7035-4b8c-b9a1-fb45738f2941,697daebf-e092-4135-a019-c3ce7ebc1354,624ee45f-415c-47f5-acd4-45e8c7ad26d8,
2101b9fe-6476-49fb-a3b7-657e5f59e64a,697daebf-e092-4135-a019-c3ce7ebc1354,6a2df96f-21b0-40a3-bfd8-32c72e69e0e0,
9b79ebfd-3695-4969-be97-54d670bffc7c,697daebf-e092-4135-a019-c3ce7ebc1354,6ab06f04-4a44-4b17-b8d7-4af45d130cb1,
872df0c1-7c0a-47e5-9387-8c01665abf9e,697daebf-e092-4135-a019-c3ce7ebc1354,6ac52033-b7a1-4742-9563-320043262636,
bc4f4e8d-8e60-40b3-8a29-84f72726ae91,697daebf-e092-4135-a019-c3ce7ebc1354,7180dd2a-d006-480c-a186-0096dbb5ad5f,
695fbd11-4247-4879-a3cc-58bb93d11d81,697daebf-e092-4135-a019-c3ce7ebc1354,74950f20-8a01-4d2a-8dfa-543bab05c10a,
2039d1f6-1e79-4eb9-a03c-eb0341344f20,697daebf-e092-4135-a019-c3ce7ebc1354,751b0f71-c76b-49c1-9128-3166e66d3d50,
42db6bde-57fb-4ef0-8755-d2d2944ec9ff,697daebf-e092-4135-a019-c3ce7ebc1354,76ad13f0-b2e8-4bcb-8929-37ebf8a5b5b5,
de59950b-c0c0-4baf-853f-7e723ddc57e1,697daebf-e092-4135-a019-c3ce7ebc1354,7b0a0135-9a0b-40e5-a81d-c4278b782e11,
477aa548-df06-4b38-bf76-2240429e18cc,697daebf-e092-4135-a019-c3ce7ebc1354,7f1fa855-a4e0-45f0-b559-b1b8801ae1c4,
86487d76-f408-47ae-ab4a-c3d55bdd9951,697daebf-e092-4135-a019-c3ce7ebc1354,8f3f1caf-badf-48e4-a3cd-d1ba7736dd9a,
8e376ae1-d39f-4c73-a100-c20fc65563c5,697daebf-e092-4135-a019-c3ce7ebc1354,9628b357-6d5d-4d29-b725-e4c69176f348,
5e6ef4b3-eaca-4202-b5f1-1b80a960a035,697daebf-e092-4135-a019-c3ce7ebc1354,9653a9bb-eb87-4df7-8640-51e8ef425fa2,
a074534e-c7ef-457c-ae15-c2f3dbc50548,697daebf-e092-4135-a019-c3ce7ebc1354,96a6c618-d3c8-479c-a97f-1fae31590c06,
b2805a1d-fee4-4eb9-b39b-985847144b61,697daebf-e092-4135-a019-c3ce7ebc1354,99257bd8-86eb-4282-8413-5daf19cd51e5,
26e32c62-5fd3-4972-b16b-0e648947e790,697daebf-e092-4135-a019-c3ce7ebc1354,b16829dd-de9d-42b6-b94c-74fd7fa9ed0c,
672770e9-2a67-4300-a96e-1c62e55bf4c3,697daebf-e092-4135-a019-c3ce7ebc1354,b1a058cb-0e1f-410d-bcfe-ddb6849224c5,
45004c03-c37c-4167-ac80-309c3e92dbae,697daebf-e092-4135-a019-c3ce7ebc1354,bfaee0aa-a2c2-4205-ad54-d84d5f472d4f,
7b4e0794-0aa1-4c6d-bc28-fc76b524b33d,697daebf-e092-4135-a019-c3ce7ebc1354,c3943755-6e22-4465-a475-02df0fa921e4,
8f29722f-1136-4443-a026-c1bfce37ac76,697daebf-e092-4135-a019-c3ce7ebc1354,c50f264d-3bf2-4ea1-ad4c-2162eda9b7ab,
5c5113b0-46fd-47ae-b5fa-17b6364dc893,697daebf-e092-4135-a019-c3ce7ebc1354,c523ebef-3c26-4a4c-87dc-d0d934f4a273,
ab506fd7-0de4-43da-bb9f-645ef275ece1,697daebf-e092-4135-a019-c3ce7ebc1354,cae3b53c-3edf-4744-a831-c04ff20e7492,
225ca5be-6ea3-46c2-ad86-fb91cff48cdb,697daebf-e092-4135-a019-c3ce7ebc1354,ccc46dc2-3ee7-40d1-a422-a72f57be044a,
ea957cea-da4b-4cb5-a42e-41bdc1ca129d,697daebf-e092-4135-a019-c3ce7ebc1354,d3285c23-a5dd-42b8-b546-5063a21acc5a,
fa42fee5-4ed6-434e-bcf3-4f9656d0b6dc,697daebf-e092-4135-a019-c3ce7ebc1354,df319ffd-1947-41a1-b2af-ef7d4dc96df6,
883bb936-44ba-4351-a790-f2af0a9f7abb,697daebf-e092-4135-a019-c3ce7ebc1354,f302c941-c7cf-4d03-a4aa-e162e4843a00,
f6d65ab7-5e34-461e-8f87-fd6192640817,697daebf-e092-4135-a019-c3ce7ebc1354,f4732079-ea08-42c1-b58b-eb9a7953cdd9,
79e29e2d-d324-4fc5-8759-03d26102b5b7,697daebf-e092-4135-a019-c3ce7ebc1354,f59677bd-63d3-44a7-9d3b-961980fa19ba,
1733b0a1-6c66-4355-b91f-9ebc790bb157,697daebf-e092-4135-a019-c3ce7ebc1354,facc2a72-959c-4307-819f-c23d5d0c19d6,
a2555582-5c07-46ed-93ae-97957d42c563,697daebf-e092-4135-a019-c3ce7ebc1354,ff180e70-190c-4ba0-8e97-51cf2f1b41c5,
818599ca-f341-475f-ae2d-ddb057b9f9f5,69983a95-9322-417c-ab19-cae2a3084802,12a1df6d-9654-42d6-80ac-e5fd26bc356e,
07dc81ae-510c-498a-9c77-b7d452c29ff2,69983a95-9322-417c-ab19-cae2a3084802,1a192cf1-adc9-4506-96aa-b1e32eb487ab,
18d728a1-0bc5-4e3f-b3f2-25f346fb4fc1,69983a95-9322-417c-ab19-cae2a3084802,21f9cedc-c655-44f9-a9d9-3202e5f70c2e,
ae477ab6-e66b-4e78-a471-e1a646340c59,69983a95-9322-417c-ab19-cae2a3084802,3364e616-ec14-4917-b721-e564e6cc3fd6,
8a4dc9c2-0adc-4cb6-9a6d-f8f410b041ec,69983a95-9322-417c-ab19-cae2a3084802,3972dd10-cac0-4cc3-9535-5a2a6c65314e,
9a3b9b4c-34d1-484a-afbb-7175819ab141,69983a95-9322-417c-ab19-cae2a3084802,4a6baae5-3693-4671-a749-8113473b968e,
852da4f4-ec3d-4b9d-a913-368130fee29d,69983a95-9322-417c-ab19-cae2a3084802,50575d39-34e2-4eff-a4fc-cbfbeaf7c0ff,
eb138274-2991-4eca-89f7-042e488c75cc,69983a95-9322-417c-ab19-cae2a3084802,53f10714-485a-4a48-ae2c-703fcfd3b20f,
609c3cb9-6fac-4820-88cd-3e2b49d48d7d,69983a95-9322-417c-ab19-cae2a3084802,5d7f7b07-b009-4ff6-8585-8d20f46764f5,
015645ad-9ae8-4f6c-bd06-84cc5ebb533f,69983a95-9322-417c-ab19-cae2a3084802,6e92421b-700d-4acd-b7c1-512324ddea3b,
8e3bc769-f151-448a-91e5-37313c6f4c02,69983a95-9322-417c-ab19-cae2a3084802,97cc225a-13c7-4f77-81a9-859e66a033ef,
db272ea2-956e-4a32-8600-2f2cccae100f,69983a95-9322-417c-ab19-cae2a3084802,a40481c3-d999-4adb-8320-b409b9cb3789,
a3a384d7-f005-4167-8445-dd7953b8f4c6,69983a95-9322-417c-ab19-cae2a3084802,c37e5bb5-7827-4ec6-b2dd-92075bc4df08,
0b4fcc03-50bd-4eda-9aa1-d3dc7ab0efc5,69983a95-9322-417c-ab19-cae2a3084802,cbc070c3-c194-4a95-80ce-b1073650135f,
de2756f1-1408-4ac0-886c-eec14ddd6ba5,69983a95-9322-417c-ab19-cae2a3084802,e56d1dfb-ab74-4aad-aae0-05e2c1014462,
36cb9404-6833-41b8-8864-fab10957a31b,69c1f0c8-dd5f-44ac-b647-7a6be94d68e2,71fa2041-54a7-462c-b366-85b7f8a3b2e6,
78e119e0-422d-4133-a049-591182c0a73c,69c1f0c8-dd5f-44ac-b647-7a6be94d68e2,87487711-f38c-4357-9c1f-19f8ce2c630e,
a4e052f5-d19d-4557-b77c-4099af7b9521,69c1f0c8-dd5f-44ac-b647-7a6be94d68e2,89833dd2-8995-43c2-a705-6c3d6a5a2adb,
2c852f4f-0585-46ad-b920-17dfaecfb976,69e755e2-8969-4722-9c91-3d16cba70d7c,024bec24-95a4-49b9-b917-65e0d64cebaf,
207ab4f2-c056-4b06-ba12-5fd8a4b5a8ce,69e755e2-8969-4722-9c91-3d16cba70d7c,02b2352a-17b4-4379-84be-cc2251275d4d,
6efc28e4-9061-440d-a19b-eab65fecf729,69e755e2-8969-4722-9c91-3d16cba70d7c,02d14469-2b4a-4dff-8500-88c063cc1f2d,
ae05d999-9f0f-4c8d-adcd-32b0282cb817,69e755e2-8969-4722-9c91-3d16cba70d7c,0ad7969a-f971-4d26-957a-b39079915ba2,
b2d717b6-a6a4-4f4a-9e5b-1fce1133296e,69e755e2-8969-4722-9c91-3d16cba70d7c,1006e980-121b-4184-92e3-0afb414ecdcb,
727f640d-905a-4c30-8ed8-12f9e6c45deb,69e755e2-8969-4722-9c91-3d16cba70d7c,109ba8f5-83df-4f14-ba44-809d2ccdd6c3,
666c7ace-a070-4f4f-886d-ff84bba1baec,69e755e2-8969-4722-9c91-3d16cba70d7c,112c6c74-d7bc-4f45-bc4e-26ab6e555d83,
d4ccf23a-b9d9-4618-8fe7-1470fc4509a7,69e755e2-8969-4722-9c91-3d16cba70d7c,1b8d3cff-328a-49f0-b2ed-5cdf7bfbcfb3,
584b3740-edc7-4204-8d61-cb73f6b9a17e,69e755e2-8969-4722-9c91-3d16cba70d7c,27c71a24-7bef-4185-99c6-71d49f04e70b,
4a658229-722e-46c7-b35d-70176cfce00b,69e755e2-8969-4722-9c91-3d16cba70d7c,4d92940f-83bc-49c7-8671-459b179b1149,
27055f94-78bd-41aa-a40b-b212f9c26e2a,69e755e2-8969-4722-9c91-3d16cba70d7c,4ddd1611-89ad-4129-8000-d2f7cd7cc5da,
28036cc3-5e28-4399-95b8-befe2d74aa7b,69e755e2-8969-4722-9c91-3d16cba70d7c,52d60900-70f4-4ccb-bb88-5ba71f073d65,
45bf2894-4502-4179-91c2-7d08e7192bcf,69e755e2-8969-4722-9c91-3d16cba70d7c,5ae3997c-8217-4af1-8905-0bd27d734cf1,
7dbf503f-af0a-4071-8daa-d59afe339f0e,69e755e2-8969-4722-9c91-3d16cba70d7c,627c1e10-c0c6-439d-85d0-53da4b232ba2,
5fc58fd2-f9bd-4dcf-8102-c60eae8833b7,69e755e2-8969-4722-9c91-3d16cba70d7c,67199149-0701-4eec-beec-6e19890d120c,
fcb6d56a-78b6-4866-aa2d-d8cc1f02a5f5,69e755e2-8969-4722-9c91-3d16cba70d7c,6a233dcc-ec89-4f04-84bb-36c95e99fd47,
813ea49d-b2cb-4b98-b1a8-11240212d555,69e755e2-8969-4722-9c91-3d16cba70d7c,6a3856ad-d267-42bb-85c7-83ca0262d1a2,
8fe87de1-ab8d-41a6-8dc1-242f98085793,69e755e2-8969-4722-9c91-3d16cba70d7c,6c22b100-e594-488c-99b6-8617efab91e3,
59790e32-7d0d-4a92-a1c3-25a7d95b5b4c,69e755e2-8969-4722-9c91-3d16cba70d7c,6fe3ff59-0492-4e06-a662-06dea7a668c6,
a72674af-353b-4cf8-aa1e-98c40e69a655,69e755e2-8969-4722-9c91-3d16cba70d7c,75e85d6c-31eb-4c1a-8d7a-1e4a46218f0c,
15f914ba-c1de-41fc-8ddf-77831561dbd6,69e755e2-8969-4722-9c91-3d16cba70d7c,88cf9134-dc1c-498d-a69e-4a4a2f3544b9,
ec532645-6f21-451a-aca2-7f3f45e8a30d,69e755e2-8969-4722-9c91-3d16cba70d7c,89b6b3c8-93b8-48e5-a859-9fadcdd83a07,
7642ce20-f695-47ba-bb1b-012ad9f46771,69e755e2-8969-4722-9c91-3d16cba70d7c,8f47a450-bbef-4cee-857b-4b8fa591259e,
a3a3c792-cd21-4b0b-a35c-5b77f6d421f6,69e755e2-8969-4722-9c91-3d16cba70d7c,8fb5419f-7c98-4a6e-a0b7-80f1590fc3a1,
53b5d0a0-4c69-4ab0-aa76-d43be212f4de,69e755e2-8969-4722-9c91-3d16cba70d7c,926474e5-d435-4489-9705-b033d7243e62,
71b6d0a2-5f28-45e6-b253-0373c8843d0a,69e755e2-8969-4722-9c91-3d16cba70d7c,9287a9aa-cb4c-4b66-8947-47c08f4055df,
0616287b-d3a0-416a-8581-35e071b6dc14,69e755e2-8969-4722-9c91-3d16cba70d7c,a6942d88-8872-412a-b0f4-8a2c91b9bf9f,
02345867-83b6-492b-814b-c15bd4130b3f,69e755e2-8969-4722-9c91-3d16cba70d7c,a7f15eaa-e3ec-4d81-adb1-1ac1d13b5922,
16d5d104-a12a-4f76-989d-f94b9d2427a9,69e755e2-8969-4722-9c91-3d16cba70d7c,aeb664d5-807c-4311-9af0-8dfae7cddbcc,
652efdb2-73a4-4888-95a2-6dbf6a705804,69e755e2-8969-4722-9c91-3d16cba70d7c,b6a5bd3c-f4ea-4264-951a-a8e2971fbe6d,
d4a5d26f-aa29-4625-a4dd-f10ff57b26ef,69e755e2-8969-4722-9c91-3d16cba70d7c,b6ce6a5f-dc61-46f1-8be2-70a967456c72,
627d36f9-4274-483e-aaad-d215d8e12128,69e755e2-8969-4722-9c91-3d16cba70d7c,b6ef8c4b-5ac4-498f-a2da-00ca200ec965,
2be9bf1d-10c5-41cb-a283-8274aa6f531c,69e755e2-8969-4722-9c91-3d16cba70d7c,ba86b5a9-b722-485d-b106-2ff3de21b7b6,
a7e8598e-83a6-4c01-ac6f-a894fd77af89,69e755e2-8969-4722-9c91-3d16cba70d7c,bef37065-2c0e-487c-b0c4-18d09288cbdd,
182d8e35-8a0a-4f10-818f-f12d108f00d0,69e755e2-8969-4722-9c91-3d16cba70d7c,c20b581b-65e0-47b0-ac11-89e73fa7fed5,
2f7fab57-45c1-4fb8-86b7-83f2e885835b,69e755e2-8969-4722-9c91-3d16cba70d7c,c9feedc3-6c02-45fd-a9e2-549cae1910fd,
30d4214a-bcc2-483e-9187-48321f55c42a,69e755e2-8969-4722-9c91-3d16cba70d7c,d31b1655-e26b-4241-9f0d-a17ea55da659,
e36b68ca-dfff-4d4c-bfc9-b9d15bf65bec,69e755e2-8969-4722-9c91-3d16cba70d7c,ec9f6d28-0882-4a45-943e-45417b06526f,
5f08cf25-084b-462b-ae42-0c17467da3be,69e755e2-8969-4722-9c91-3d16cba70d7c,eeb8c834-c0c5-47ac-a158-05ec1686d9ab,
26de6e0a-8791-4a33-9c19-e7d03f1192a8,69e755e2-8969-4722-9c91-3d16cba70d7c,f1433b10-df0c-4397-bdf8-81791d8cd8d0,
2c8caf97-3ba0-4673-b6b4-6b7dc2db91df,69e755e2-8969-4722-9c91-3d16cba70d7c,faddbe96-44ee-433d-8d2c-4451dadaf291,
58f3f3ad-1328-40f3-85e2-1d129818dd20,6b8a6420-09ab-4e10-8b56-a3fe8e430423,057ca614-262e-4c62-b0f0-3bc9c72e5a68,
69c739ce-3339-46ad-aff7-1e0c6633f375,6b8a6420-09ab-4e10-8b56-a3fe8e430423,16a06ae7-ff40-4e81-b8ef-e3670750a300,
8ebc4e04-c2b3-4ca2-9f30-a3875f11f9e9,6b8a6420-09ab-4e10-8b56-a3fe8e430423,16c9328e-62bc-4322-a2dd-f0c76475c9e5,
65c04a4c-f552-4583-9d8c-7100b7189a7d,6b8a6420-09ab-4e10-8b56-a3fe8e430423,1ad062dd-51f8-4437-9b50-10245b9241ce,
1eb832f7-c2b3-4d7e-bda5-b12e07466c50,6b8a6420-09ab-4e10-8b56-a3fe8e430423,1d4393b4-5176-4520-bdd4-ac78998b7534,
087c494a-0ac8-4c9b-95ca-befb58948c6e,6b8a6420-09ab-4e10-8b56-a3fe8e430423,1fac0a20-2fd8-4357-b7f2-d4fcd1157bb8,
84f3fd9e-c333-4bb4-9631-bdcc806f9c3f,6b8a6420-09ab-4e10-8b56-a3fe8e430423,29111b4b-cbe8-40ed-b597-adc1e202ab90,
335a1fec-8a22-4c3f-a6d8-a9687f61440b,6b8a6420-09ab-4e10-8b56-a3fe8e430423,2d962116-6c80-443b-98cc-96efe80c9c0d,
d01f1efe-bd88-4ef8-a0b5-a9c36e2afc0a,6b8a6420-09ab-4e10-8b56-a3fe8e430423,3e4fc22a-3a9d-4d06-9250-f7b58a542bd7,
1374f60f-1314-46af-bfc0-509cd9918267,6b8a6420-09ab-4e10-8b56-a3fe8e430423,419cd3f0-237d-42d7-8336-902fc8c4109a,
1b7199d0-4488-4de1-9bba-651788ee1ea5,6b8a6420-09ab-4e10-8b56-a3fe8e430423,4263b8e1-626a-49c2-a6a5-0d55616188f1,
cf9fc74f-8a44-4c53-8d25-7b1afc8d4b13,6b8a6420-09ab-4e10-8b56-a3fe8e430423,432f9ab9-dd5a-475b-a986-3140dfccc79f,
b1bcd1c1-9ad1-4344-977a-be8aa907ac75,6b8a6420-09ab-4e10-8b56-a3fe8e430423,5091d732-6215-4486-a7b2-ad41c2602ce8,
9ebf0043-c2ae-4ea0-83bc-7d879d6abf30,6b8a6420-09ab-4e10-8b56-a3fe8e430423,50b8c6fd-3919-4d19-8331-3d738d8c338e,
e8112d53-af15-4341-bdd3-bd4fe4940721,6b8a6420-09ab-4e10-8b56-a3fe8e430423,64beaffc-faa1-426c-bb90-d9066664764d,
114e9dd3-fa71-441d-b331-81d471f8f66f,6b8a6420-09ab-4e10-8b56-a3fe8e430423,786c7456-f816-47f4-8a81-4543f58dcd0a,
56118ca7-ffd8-4d5b-a109-dba82f35339f,6b8a6420-09ab-4e10-8b56-a3fe8e430423,89a2be00-a1e2-4048-bbb9-03bce7cd32f4,
ed5b4b71-e8ad-491d-97a9-29dccb5ea678,6b8a6420-09ab-4e10-8b56-a3fe8e430423,8b3a51bf-110d-45de-ac28-571a1b7e3ce8,
988afe96-3063-429b-b404-70e2ccea5163,6b8a6420-09ab-4e10-8b56-a3fe8e430423,8dfaad9a-a916-4ce3-ad9c-ee141501a4a6,
615cd723-55e4-4dd2-8987-842685a9554e,6b8a6420-09ab-4e10-8b56-a3fe8e430423,8f5850e1-c52b-4437-b6bc-3cd573ddcb1f,
0179d7db-7299-403b-b6e5-1173f711692f,6b8a6420-09ab-4e10-8b56-a3fe8e430423,96af7e4f-4735-40b9-9175-39b4b49c18be,
9f8b28aa-97c4-44f7-a4de-7a6edfd8f29a,6b8a6420-09ab-4e10-8b56-a3fe8e430423,987a06ad-6ae8-4c09-95be-93f96fcf90d7,
ebb074c4-354d-4d8c-8365-dcb748725702,6b8a6420-09ab-4e10-8b56-a3fe8e430423,a4fe41ce-ff85-47df-a586-617cc8bd52bc,
562f6483-efb2-4f36-b1dd-5baa0a323392,6b8a6420-09ab-4e10-8b56-a3fe8e430423,b006a93b-774b-4685-b0ff-d7ee36012066,
23effd46-1a78-47b9-be7b-9f4837783f54,6b8a6420-09ab-4e10-8b56-a3fe8e430423,c71bcf5d-4267-42f6-b711-cb1fb7323bff,
e3b9a688-29aa-44f4-b915-b9796a49f948,6b8a6420-09ab-4e10-8b56-a3fe8e430423,cb5b3857-51cc-4d08-b339-c51bad772d2d,
057f8e4f-401d-4662-aa9f-5139b39d5914,6b8a6420-09ab-4e10-8b56-a3fe8e430423,cbda135f-aeaa-40c7-94c3-c00482cc36de,
e452fc48-ba1b-4aa2-b3f2-605cf4273f40,6b8a6420-09ab-4e10-8b56-a3fe8e430423,cf58f039-89b0-4299-b80a-3372501e0305,
162017ff-10b5-4d68-8a1d-a97106179919,6b8a6420-09ab-4e10-8b56-a3fe8e430423,d44cc756-4243-4ec0-a110-78290672ea95,
a111b4e3-cd01-4f81-876e-d5940f9dd306,6b8a6420-09ab-4e10-8b56-a3fe8e430423,e0908164-025f-40e0-9300-8a31b4d6e8e4,
0372c5bf-911c-4b2c-83de-28d23227179c,6b8a6420-09ab-4e10-8b56-a3fe8e430423,e0f19a45-4218-4fc4-9a83-27ac5c1e24a6,
118f0bdc-52f2-4260-ad48-7ca0e5d9aff9,6b8a6420-09ab-4e10-8b56-a3fe8e430423,e555e7cf-9fd7-4d3b-b70f-1844f938b625,
3634cc38-fcff-4aac-890a-6a8e4f7846e5,6b8a6420-09ab-4e10-8b56-a3fe8e430423,ebfbea0c-b7c8-41c8-8554-9639d405946f,
608e85a9-2dab-4984-882b-b43b2c5a6a74,6b8a6420-09ab-4e10-8b56-a3fe8e430423,fabe9646-4dbf-4219-bf87-9809bb307746,
da790793-fc24-4deb-aba7-fbf897c27b25,6b8a6420-09ab-4e10-8b56-a3fe8e430423,fd07e6a7-5d6b-4642-8a3e-6cce0aee13b5,
3b00dcab-91ed-4188-b457-b5c7f8fcc41f,6cbf222f-cba1-4adf-87d2-1a0d61cbd001,14e11697-2a5d-409b-a666-ea9bf47e93a9,
2532d28d-442f-4927-9ef1-d9d355399268,6cbf222f-cba1-4adf-87d2-1a0d61cbd001,8f1b19eb-39a4-449f-a97f-affedd0d9f7b,
0fae7f1b-9505-4fca-919b-4cb29642a21f,6cbf222f-cba1-4adf-87d2-1a0d61cbd001,9c236ff2-62fc-4cb6-bec2-23e3db88ea07,
62a55790-5166-47b8-9fc1-624c72e7bd9d,6cbf222f-cba1-4adf-87d2-1a0d61cbd001,b0eaca11-9bb0-43f6-8a2e-b4b946ce5b50,
0df281b9-a332-4a06-bcc1-4c8776e3848f,6cbf222f-cba1-4adf-87d2-1a0d61cbd001,dfd60732-732d-47a4-9796-79488efdc07b,
130985fc-d30a-49fd-990c-04a58f18c8a5,6cbf222f-cba1-4adf-87d2-1a0d61cbd001,ef2af570-555e-4d88-a005-6d2a91f20b48,
ac3db22e-b1a7-43be-83a6-ad74d5e6afd5,6e7552c3-d787-4e3c-87bd-ca27f4840c04,084f54dd-1287-495d-be94-7a861f1c7d46,
10934cd9-cc98-4452-92f6-18a96d375535,6e7552c3-d787-4e3c-87bd-ca27f4840c04,611f31af-91c0-4935-975a-67f32d2f74ae,
69a9634f-45f6-4e06-9bff-cf7e6ee93da7,6e7552c3-d787-4e3c-87bd-ca27f4840c04,6943d4a7-d729-40b2-90dd-a321e43dc773,
8be7aaa6-0565-492f-8083-4eb577ef9123,6ed287a4-e4bd-491c-88bf-8a0d135437f6,144b16d8-0a37-430a-9d94-9c9ec04bf6b7,
e679d8dd-8586-4efe-bad6-0c9e66b5814d,6ed287a4-e4bd-491c-88bf-8a0d135437f6,15bf51d5-c2a8-43a9-a927-2191bc1a08ad,
2d2340b5-8a85-4446-b415-b66a6cffd666,6ed287a4-e4bd-491c-88bf-8a0d135437f6,1b83ad4d-f5cf-4ac7-8b3e-70098a301998,
942b604e-d170-4afe-83c0-d808fa69360f,6ed287a4-e4bd-491c-88bf-8a0d135437f6,25ef9d4a-c2c5-4e7f-8b8e-f066390567f3,
23ce80cb-9b74-4f5a-8176-55c38644c449,6ed287a4-e4bd-491c-88bf-8a0d135437f6,339fdb5f-ab7e-4e65-80a0-738c82482490,
e6418bbc-3944-44a0-aa8f-8ccd05f61e6a,6ed287a4-e4bd-491c-88bf-8a0d135437f6,42ea97de-fdf2-4274-be6f-a6fe689c70f0,
b88dd120-24cd-411c-b6d2-dc55fe4f2287,6ed287a4-e4bd-491c-88bf-8a0d135437f6,4614c75c-96dd-44d4-a67a-62753e31e99d,
fd7b6977-e6bf-4bad-9e2a-13060ff6fee3,6ed287a4-e4bd-491c-88bf-8a0d135437f6,4efacc00-52d5-4b3e-9f1a-42bdba410ac2,
21356905-ef35-483d-b450-85974b85a4da,6ed287a4-e4bd-491c-88bf-8a0d135437f6,53260cba-fb0b-4b90-aab4-55d4518b8b8e,
a4a8a63d-a118-4591-8d04-f684bd975260,6ed287a4-e4bd-491c-88bf-8a0d135437f6,579af8e0-edb2-4118-9407-cb4149aec63e,
54e4a114-5dbf-4eff-b384-49f7800cbaa9,6ed287a4-e4bd-491c-88bf-8a0d135437f6,57ce7d07-e42f-4518-a871-0fe0e7c7fb30,
1c261854-31d6-4238-9cba-63fc25dfab05,6ed287a4-e4bd-491c-88bf-8a0d135437f6,63cde894-24f3-4619-b8d3-588d3044b4ed,
7079b541-13ff-47c7-9075-1ac79d32bd96,6ed287a4-e4bd-491c-88bf-8a0d135437f6,6c94e801-f9f7-4e99-bf45-a6a67bfe574e,
a07df0a5-90ff-48cc-b38a-a2c679e03540,6ed287a4-e4bd-491c-88bf-8a0d135437f6,782abf3f-5107-4575-8967-c8879e802a84,
c86adc73-80a6-430b-ad2c-c795539d545c,6ed287a4-e4bd-491c-88bf-8a0d135437f6,790a1a7d-e65e-4ee2-9147-5fc639aeac11,
c6c1b755-2c6b-4a2a-b193-1843bc90fb17,6ed287a4-e4bd-491c-88bf-8a0d135437f6,8241e271-c19c-4462-a69a-fc1836651e87,
3b632a37-50b9-4dc8-ab3c-c0c4ee31c04d,6ed287a4-e4bd-491c-88bf-8a0d135437f6,a76a5465-04f3-421a-9a54-91ff62ab879b,
23befc77-23ff-4534-9eeb-114250a3a24b,6ed287a4-e4bd-491c-88bf-8a0d135437f6,bb60f354-a345-4069-904f-8d06e1148ac0,
ec36d9dd-9294-48a2-a5a6-3cc16ecc3202,6ed287a4-e4bd-491c-88bf-8a0d135437f6,bbb89a2b-c661-414f-b9b6-a7d34fb0c953,
5efe53b2-7381-4b1a-a7f8-50c1fa4f77be,6ed287a4-e4bd-491c-88bf-8a0d135437f6,bc4f104c-0cfe-43ae-9b0b-1469b06dfb7b,
1bf7c58a-ec75-40a5-a920-201fa9194e47,6ed287a4-e4bd-491c-88bf-8a0d135437f6,c02c6c45-424d-4429-b7d6-775117481862,
40fbad4b-adc7-40aa-942d-17152046d468,6ed287a4-e4bd-491c-88bf-8a0d135437f6,c6a1bdac-76f9-4dd9-9d2f-89ce528329ab,
66ddfc51-f3df-4a4c-a9a8-322d1daaa31d,6ed287a4-e4bd-491c-88bf-8a0d135437f6,cd17f233-041e-4b9e-93c6-05a4c8bc3ed5,
df70b5ea-5882-4b9f-8feb-0b9cc2186f1b,6ed287a4-e4bd-491c-88bf-8a0d135437f6,cfea9a5c-dfa9-4913-ab79-ef0ece12397f,
7e8352a6-a8bc-41ce-8b41-fcb5034bd853,6ed287a4-e4bd-491c-88bf-8a0d135437f6,dd688a01-578e-4404-aea1-469ba1a405d5,
9c0b7141-d7f2-402e-9304-f7b291113e18,6ed287a4-e4bd-491c-88bf-8a0d135437f6,f0308a3f-5962-4b8c-a44b-d49c57ad33b0,
ec4c8209-27aa-4556-9f52-022dee83d750,6ed287a4-e4bd-491c-88bf-8a0d135437f6,f753f6c6-8fcb-4a7f-bf79-a21a548ed931,
9c39c642-2b7a-4d89-af31-87bed7da7556,6ed287a4-e4bd-491c-88bf-8a0d135437f6,f8f5e8f9-30d0-43e7-bf3c-5eb207acc7db,
5bb75ed3-c05e-46fe-a52e-b083dc17274a,6ed287a4-e4bd-491c-88bf-8a0d135437f6,fad983dc-ea49-4e02-a1fb-6d72e341ba58,
be663fbb-c7a8-4a03-a7ca-1238659ff318,6f1cdc60-2b5f-4a19-91de-f6f54e839926,7ecf4e41-2059-4b8a-96ed-5611a698ff1e,
f36c5528-56b2-4aec-a413-1b14875802e6,6f1cdc60-2b5f-4a19-91de-f6f54e839926,9f391f1f-e1d4-4848-b0e3-e8bb4736c37e,
60004a2c-313a-41e3-8035-319b9dfcbc1d,6f1cdc60-2b5f-4a19-91de-f6f54e839926,c5d3ff8c-f655-45ca-a1b2-cc822ce7b160,
250e51ba-3d66-4c53-b30e-cb2d041bafa8,6f1cdc60-2b5f-4a19-91de-f6f54e839926,fb82517a-c733-4a43-abf4-c5d5af721a3a,
19d87c1a-1e73-4bfe-81a6-39073ead48ca,6f79a5e8-d7a5-42fe-a495-c29c4699f07c,05fb2769-bcfc-491b-90fb-8e40cb2d2a71,
ccfe1fb9-681d-4823-bf15-b5b7bb6a3c53,6f79a5e8-d7a5-42fe-a495-c29c4699f07c,24cfefdf-f095-4f20-b1fb-040a5452baaa,
9b1f7780-e150-400b-8944-7896c2497898,6f79a5e8-d7a5-42fe-a495-c29c4699f07c,2ab37456-7c4f-4aaf-b9dd-75a2d5841629,
093c2ced-07a1-439a-bcb0-4800f5dec91b,6f79a5e8-d7a5-42fe-a495-c29c4699f07c,3e8c24d3-2aa1-4678-adc5-6d70b83f0de3,
2e1db71a-0e9d-4aff-825c-56fdc78261a0,6f79a5e8-d7a5-42fe-a495-c29c4699f07c,402f7911-6c33-488e-ba2d-2a689abe5c04,
8e193394-6c4d-4194-b971-6c06d1fe2162,6f79a5e8-d7a5-42fe-a495-c29c4699f07c,45404bfe-cd52-4317-a69a-5328109a4dc5,
0a614a69-9d73-44f5-a196-308d4f6dba40,6f79a5e8-d7a5-42fe-a495-c29c4699f07c,46a6c88d-5974-4a13-abac-554d2be26489,
b5070502-21f6-4374-8a4b-fd6c9baafc1f,6f79a5e8-d7a5-42fe-a495-c29c4699f07c,4d8082d3-3908-4336-b1a7-def8333da9c4,
4b0733ce-313e-4afa-ab1a-13d1d6f87419,6f79a5e8-d7a5-42fe-a495-c29c4699f07c,5a80253a-873f-4354-9049-ef2e08da608c,
c84bc170-36e4-4252-bb78-c71c15b3ef63,6f79a5e8-d7a5-42fe-a495-c29c4699f07c,84f95dc3-0cad-40bd-899a-4b891aa52a8c,
df2dd940-590e-4934-8e83-8405e0464554,6f79a5e8-d7a5-42fe-a495-c29c4699f07c,8562cfc7-e2ad-4c98-a361-f9a4ff937c23,
892eaf31-e9a1-4a6d-ba8f-ce8ae1dad393,6f79a5e8-d7a5-42fe-a495-c29c4699f07c,b006bb37-c3f0-42c9-97f8-56e21a96c4f1,
a3a79bd5-4077-4c9b-9225-941a9d889c4d,6f79a5e8-d7a5-42fe-a495-c29c4699f07c,b62dbb39-380a-40ec-8283-36d46535189f,
15fcc2ae-6dfa-4719-894d-19caacf34c1d,6f79a5e8-d7a5-42fe-a495-c29c4699f07c,ba10fba5-cd35-4eda-b550-0f76fbb1f217,
07f3deaf-6474-405b-ac8d-a564a3222d2f,6f79a5e8-d7a5-42fe-a495-c29c4699f07c,e7737791-2d97-41b4-b5c9-8ac6b60e971b,
f9d5b2f5-cd95-4b52-b863-d8144c64b844,6fbd14d1-9cc5-4f2f-9a83-1d0121446caf,05cecc4c-76f8-400e-b289-c06c6784d95a,
0cac1558-b450-44e9-bc07-9a440a033ae2,6fbd14d1-9cc5-4f2f-9a83-1d0121446caf,3766059f-9222-4193-b41f-926e16088433,
d138193c-7106-48ee-952f-c9abff5dbd81,6fbd14d1-9cc5-4f2f-9a83-1d0121446caf,451af09c-41eb-4d36-8b68-67ab05313748,
0b9a94ae-576c-44f9-ae65-d1854d7d471e,6fbd14d1-9cc5-4f2f-9a83-1d0121446caf,61af6efa-e427-42f1-b546-77027bcd67c8,
68ca8c9e-a76a-4ab1-bacf-6153f9cbbe85,6fbd14d1-9cc5-4f2f-9a83-1d0121446caf,751240fc-4681-4827-b8cc-a0e2ee29da30,
370b8106-0e9c-4b42-91e2-056fed7d5a36,6fbd14d1-9cc5-4f2f-9a83-1d0121446caf,9430033d-1e0e-496f-9d81-c78e2f680972,
196bd653-779c-47f2-907e-c5812a784f0a,6fbd14d1-9cc5-4f2f-9a83-1d0121446caf,b88c48c1-24ac-4999-8d05-501a09baf79a,
71f06b19-c31a-4500-98cc-2b86ecefe163,6fbd14d1-9cc5-4f2f-9a83-1d0121446caf,d2c245c2-b028-48f5-8ce6-314273b90f2c,
d66d620d-580e-47d1-95ef-971ec012b7eb,6fbd14d1-9cc5-4f2f-9a83-1d0121446caf,d94d5615-a411-4175-9d6a-0c89878211f8,
51c56571-f44c-4788-a2fa-4eae67770f3d,6fbd14d1-9cc5-4f2f-9a83-1d0121446caf,d9d3655f-20be-44e8-89b0-da613126213e,
32d63848-e226-469f-9b2c-bfbf0df5702c,6fbd14d1-9cc5-4f2f-9a83-1d0121446caf,dfd9f8b6-7c61-4305-acb5-53c970690fde,
d77f7672-cd3b-43c0-b8b4-5b7f5cc60824,6fbd14d1-9cc5-4f2f-9a83-1d0121446caf,e1d352a2-9f33-4346-abe7-25088c5f2f34,
30bc2964-1c50-47ea-8d19-60a77deeb47d,6fbd14d1-9cc5-4f2f-9a83-1d0121446caf,f7f7d547-432f-4d81-ae5d-888086eb75da,
4ad885ac-1622-4aed-ab65-b45c0ae8e3a7,6ffb723d-3993-47eb-8789-6d126fb44557,871d8476-d12c-485b-8f35-a94e685d63b3,
2c3af549-c430-4a2b-9c84-cd915abd03b4,6ffb723d-3993-47eb-8789-6d126fb44557,ab127c08-dffe-4773-bb96-3463fcbabb3e,
de2b0192-398b-4f70-aa76-b8bd593216e1,71906c53-bffd-49c3-8df9-b680a080fab7,f91a8653-498c-4496-8371-aaf0f7cb6132,
64b20b6b-2768-46e1-b0c5-3d680702e1a1,71906c53-bffd-49c3-8df9-b680a080fab7,fb002b14-9795-4731-9b92-3ee1079e027b,
f72b4d13-f333-4cdc-9d83-377cd43c0e9d,72baec81-b2e3-4b0a-981a-205a48f6a34c,0dcb0c98-9de4-4c5e-ae38-13dcf8a9ee7a,
bc336954-a7b1-488c-bd1f-a294a88328f2,72baec81-b2e3-4b0a-981a-205a48f6a34c,b773b06d-4f2a-4e93-ae45-3f9417ec37b9,
fdff31fe-4660-4ae3-822f-fbb70ae15f73,72baec81-b2e3-4b0a-981a-205a48f6a34c,cf96c6f6-0562-4dff-8667-f75d59d95f49,
488d11c5-f7e4-41e9-a042-21091f426f75,73f7d829-878e-44f9-926b-68d6fabf25cc,2dc8d5d3-654f-4598-be21-4c3976423d46,
e11ff8ba-7e32-4292-a07c-949c3f51f549,73f7d829-878e-44f9-926b-68d6fabf25cc,37df1750-9548-47ce-a8cb-14a6480b1081,
752db1f3-46ec-4967-ac5e-b3e74a8aee2c,73f7d829-878e-44f9-926b-68d6fabf25cc,65b48227-887d-49aa-a8c1-0a44bcd326a2,
501c78d9-1509-41ae-91e1-f9f8260562eb,73f7d829-878e-44f9-926b-68d6fabf25cc,afc78972-2aaf-4dc1-87fd-a11f8919647a,
bfd45675-e68f-4b02-ab43-438fc154f36b,73f7d829-878e-44f9-926b-68d6fabf25cc,b2ae0781-c686-489e-8966-48a5e1bd2ad6,
1651ee96-656b-414a-9f98-7e3a5e5582e3,73f7d829-878e-44f9-926b-68d6fabf25cc,c26b545d-8bc4-4ae5-b457-9b85c35270db,
918dbc9f-bfbc-4d30-ac9b-d9ee0757a906,73f7d829-878e-44f9-926b-68d6fabf25cc,d8d3474e-548b-49ec-b965-d653cec70f5d,
b84d84b8-799a-4df3-a1ec-8762b271bcd1,73f7d829-878e-44f9-926b-68d6fabf25cc,e22290dd-668b-4713-88fc-2e8cdafbfa10,
bcbf2d6f-0849-45b5-b685-cea17a086690,73f7d829-878e-44f9-926b-68d6fabf25cc,ee14f2d5-760b-4490-8c02-828d69ea6205,
09f26516-4788-4e48-8259-495f04e1554b,74e6ddf2-cfd1-4e20-b61b-16ffb0988c24,49d7ec6e-066a-4b59-bae2-6c436e19dd84,
db642acd-ca98-4c40-aab4-70211128c878,7545970f-609b-4f8c-a9f8-e3d12dc20286,2836c21a-5867-429f-92c2-ca152d9ab243,
a1ee3ff3-5968-4cc9-832f-b4a6fd643e9c,7545970f-609b-4f8c-a9f8-e3d12dc20286,2f8234ad-7f88-4bdb-8c84-b9efa41fc436,
ca8af2dc-4123-400b-b968-213407745afb,7545970f-609b-4f8c-a9f8-e3d12dc20286,7ffcbfb5-98e1-4dc3-a561-cbe557b53083,
022f6c2d-1199-4e1d-bc55-21660deeacd6,7545970f-609b-4f8c-a9f8-e3d12dc20286,aa464fb2-ccb0-4490-8786-d6e52ec933bd,
3e5225a7-66a5-441f-8115-b006774c9c22,7545970f-609b-4f8c-a9f8-e3d12dc20286,bb6d7892-4c45-414b-a1a7-3067b7286dc3,
ff267068-b534-4f64-b861-ce5aeca079ad,7545970f-609b-4f8c-a9f8-e3d12dc20286,ecbc4346-c890-441d-ae33-95384d920433,
aeccba3d-8ac3-47c3-aff2-dac54ea56d94,7610d491-dff9-443a-ad46-214ee461b979,0222548c-9838-4772-84bb-905927cc8acb,
819e76e4-e290-4653-b80a-8527aa5e8977,7610d491-dff9-443a-ad46-214ee461b979,0375045c-ec0c-45f2-81b7-b114ee442eac,
d8d06b47-5124-4bc5-baad-0695aca3df34,7610d491-dff9-443a-ad46-214ee461b979,046c855d-34c3-4c78-a7dd-14eb64954bba,
c0d5d7d5-b413-4804-9f2a-a3dfbc97f812,7610d491-dff9-443a-ad46-214ee461b979,08cb0e75-6ccb-4c8e-b1b6-e6534a9fda19,
a0671cee-3f79-42cf-96a3-8118da7cdac2,7610d491-dff9-443a-ad46-214ee461b979,09513738-8753-416b-a3e7-c7842a6ea4c4,
0000b2dc-9797-4f91-a33a-2cff79659453,7610d491-dff9-443a-ad46-214ee461b979,09f0a3e5-fd9a-49cc-b157-c1b35322451c,
cc2ace62-9ef8-47ca-a1b6-1f218681f4d4,7610d491-dff9-443a-ad46-214ee461b979,0c059c31-bdc2-47f5-a7ca-86a6ffdfda43,
0c50ed0e-2256-4cba-aa96-0365a0f1b9de,7610d491-dff9-443a-ad46-214ee461b979,0edc99e2-a24a-4bcb-9616-fdc0b6d93409,
1ca11f83-b954-4dbd-b93e-68f53469d48b,7610d491-dff9-443a-ad46-214ee461b979,0f0b96cd-6c02-49c7-b5c3-7df957ecd727,
abcb4c02-67ec-41d6-ace6-f5a70bf94600,7610d491-dff9-443a-ad46-214ee461b979,109ac41b-a07d-412a-a695-a33dcaa32407,
f1e14c4c-338e-4e21-beb0-e983a763da4f,7610d491-dff9-443a-ad46-214ee461b979,142bc769-9fa6-4869-b825-e3ad2beef220,
fbb19fb9-7344-49bb-8902-2468667a9b39,7610d491-dff9-443a-ad46-214ee461b979,195089c6-63ea-4c52-90e8-ed10cf101237,
61268ae4-5a5f-4254-8ecb-599c9df402b3,7610d491-dff9-443a-ad46-214ee461b979,1954cc8f-a8c1-401b-a6d6-acc4accbe01c,
35686c78-9621-422f-861c-b5fff9c1af53,7610d491-dff9-443a-ad46-214ee461b979,1edb00e7-dbb8-4479-ab47-6d5972e88b1e,
0adeefe6-8725-4fcd-9468-fb6bab1eb945,7610d491-dff9-443a-ad46-214ee461b979,22c311ae-4f54-416c-85d6-7f6dee5a709b,
1a035e03-3159-48ab-ad7b-bffcbca09f0d,7610d491-dff9-443a-ad46-214ee461b979,2430c40e-84c7-4f02-a6da-7e717100ab0d,
81a3d816-dd70-4085-8cd0-44a817a41c1e,7610d491-dff9-443a-ad46-214ee461b979,2daa7f70-1a6e-4b1a-ab18-fefb0f765ebc,
52cbdbae-ee0d-4d71-a362-b0d76d5cbcb0,7610d491-dff9-443a-ad46-214ee461b979,2fb74a4c-79a7-47f6-b029-cdd74c09686f,
294cdc0b-6246-43ca-b39b-2537810b6c85,7610d491-dff9-443a-ad46-214ee461b979,374ebbfa-bbfe-4046-84ad-9a2b11b063aa,
0c68212e-9f97-4822-974c-2f0d3ffa87c2,7610d491-dff9-443a-ad46-214ee461b979,4477dfb9-9bda-4a2e-80b2-5771aff15667,
6d1a38d4-a9d4-4b85-9a1a-3db887977b76,7610d491-dff9-443a-ad46-214ee461b979,4b228dc7-5c23-4ccf-be72-50f1087165f7,
7cf6aa87-ea8c-4454-8f35-dd20d4434a59,7610d491-dff9-443a-ad46-214ee461b979,56d6f61d-46fe-4df4-a098-502e02f12e01,
cb3c6d9a-0fb5-42e0-888f-8b385f3c1d69,7610d491-dff9-443a-ad46-214ee461b979,57346106-82da-4a3b-88f4-5d8ae148207e,
e5af5d88-d4f1-4a69-a115-e4fa8d892cc5,7610d491-dff9-443a-ad46-214ee461b979,58a35faa-2975-41e4-8666-86722c3167c9,
0f39205e-c375-4cd9-a3bc-1a3eda6a4f23,7610d491-dff9-443a-ad46-214ee461b979,590a6f14-5270-4bdf-ae77-d6212589a7a2,
a3c7289e-9b51-4999-b806-b39ffcee7ebc,7610d491-dff9-443a-ad46-214ee461b979,596576e7-aae3-473f-9983-0193fb8d17e7,
2abe6cd2-59c4-433a-871a-1ec60f72b682,7610d491-dff9-443a-ad46-214ee461b979,5a0ce885-c1be-49d7-a8ff-6bcce255f6c4,
f6765eb9-bc94-475b-98ab-f14b7870424f,7610d491-dff9-443a-ad46-214ee461b979,60280376-a04b-480a-b6ab-e4f6bd6f7692,
b36c637d-ef79-4454-8052-3070242a29bf,7610d491-dff9-443a-ad46-214ee461b979,602a8af7-1ad5-4ad7-9454-741da5367965,
4b35e7a2-d635-4607-bc21-d390cbf0503a,7610d491-dff9-443a-ad46-214ee461b979,6222afed-3951-4d93-85df-6dbb823f3a68,
432e35f4-b103-4ba7-b9e6-ac1520568389,7610d491-dff9-443a-ad46-214ee461b979,6ae5e0dd-232c-435a-a8be-524deac8f5a9,
d9a9d267-9d5c-44dd-93df-f320d82933ab,7610d491-dff9-443a-ad46-214ee461b979,6b9d4e1b-6361-4280-a943-687e2ccaa84d,
fa080903-462f-432e-a6c0-ea0b081b89ad,7610d491-dff9-443a-ad46-214ee461b979,70c5348e-9118-4faa-935f-db383b8437c6,
5d225704-60af-455f-9837-041b7a86c9a6,7610d491-dff9-443a-ad46-214ee461b979,797d9586-e258-4d89-a350-e4d3603dec8a,
252ca0c3-27f2-4590-b6ac-be90db228e20,7610d491-dff9-443a-ad46-214ee461b979,7e6cb74c-4759-4598-8d18-077caa8bbd08,
44086957-c4a2-4620-933b-8ffa776212f9,7610d491-dff9-443a-ad46-214ee461b979,83b94e77-41c3-4a49-97db-eb65809ef49c,
da81f14a-c75e-4c8a-a364-70852de18987,7610d491-dff9-443a-ad46-214ee461b979,90265b80-3a0f-471e-977e-ec31a052711f,
1db86e76-dadc-4c07-b5f1-b06e30b2b0c5,7610d491-dff9-443a-ad46-214ee461b979,9851b746-09aa-45a1-a2a8-2b669befd4c7,
cefbfd4e-993b-467f-9ba3-7039f91db038,7610d491-dff9-443a-ad46-214ee461b979,9c90e276-9103-4925-bc4e-9ba8ca0f0b21,
43a014fb-25a1-4b23-9f13-35b1d0f94d18,7610d491-dff9-443a-ad46-214ee461b979,9ee9df0e-9a26-4365-a40d-75fa45802a22,
77af293d-8011-4a50-8158-75ab20a0797a,7610d491-dff9-443a-ad46-214ee461b979,b806e020-db82-4519-a744-2f3f259e7d01,
2eeccef2-464b-49a5-8857-a7365ef3c6f5,7610d491-dff9-443a-ad46-214ee461b979,b8b02d41-f5f0-42a8-8168-0b6ab11687ed,
b22a963f-6b47-4cbe-976a-3b9e8782f477,7610d491-dff9-443a-ad46-214ee461b979,be482049-dec9-44a1-a3b2-b98489e399d5,
a7d3c1dd-77e1-40e3-9af3-b2bb08623aa9,7610d491-dff9-443a-ad46-214ee461b979,c070961b-72bb-4236-b295-e41fcd355e35,
5af07d90-6ed6-4a41-99b3-92ee7ce6fe7e,7610d491-dff9-443a-ad46-214ee461b979,c664e354-bb9e-41d4-8244-1562fb4531f5,
d86b8d8f-99be-4523-b35c-1a3f7be36982,7610d491-dff9-443a-ad46-214ee461b979,cc9f7b95-dc9b-4e2b-8b7c-b371482cddbb,
e821f84a-2e3e-4505-9277-3312305b130b,7610d491-dff9-443a-ad46-214ee461b979,cecd03c6-6a5d-41bc-8060-d5733a2343e7,
fa63eed1-0364-49c8-aaf1-3e45f278750e,7610d491-dff9-443a-ad46-214ee461b979,d696de94-22a2-44b7-92e1-9a9952219f67,
6fa5ead2-5592-4abc-bd89-f96035025dc1,7610d491-dff9-443a-ad46-214ee461b979,daf6bc65-be90-4f28-ab41-0deaedf8bc25,
574096a9-e07c-425f-8e85-b34419dcd999,7610d491-dff9-443a-ad46-214ee461b979,ea852c97-e228-4586-b46e-b62475617887,
1f45db7e-da16-45b9-ad14-bf744635b88b,7610d491-dff9-443a-ad46-214ee461b979,f9c01b93-90f5-407f-8ae8-ff02b8c6b7b5,
0120c7a7-f99b-416a-8cbc-7b03fb005e99,76d910af-135e-4a6f-8579-1d7b5e7edc97,416dadac-3882-4dde-9881-de8df60ad0d5,
a593690d-7be5-474c-8920-255c07062d0c,76d910af-135e-4a6f-8579-1d7b5e7edc97,895f0030-d16f-48f5-821d-cc2289b942ff,
a37a7a71-e8ac-42c6-8ebf-4dcafaf91c19,76d910af-135e-4a6f-8579-1d7b5e7edc97,c7ccce7e-7a59-4267-8a6c-b94b550c9036,
157013db-f42b-410b-a95e-915e0e086918,772186b0-76ea-407d-8e87-643d3e55f88e,38e30413-34ae-42aa-9224-a8a39348a042,
b3cf4086-87c5-4c1a-a3e4-503cd681a21f,772186b0-76ea-407d-8e87-643d3e55f88e,59d909fc-88dc-412f-a9af-670cbed30363,
8d822714-2739-455e-a28c-c58df2f7f49e,77304007-fe8a-437f-b922-bebb1d6808e7,05ee35cc-ec61-4260-83c5-914a0af808db,
9f01e2fc-eeaf-4379-ab0e-91902c469b05,77304007-fe8a-437f-b922-bebb1d6808e7,30711af9-189f-41cd-a532-44181fae4472,
9575d987-243d-4d2d-afc2-122d92857ab9,77304007-fe8a-437f-b922-bebb1d6808e7,49b812b4-652e-435f-b244-7759972c7fe3,
a1aaf070-90c3-41a6-8638-2c724e706b52,77304007-fe8a-437f-b922-bebb1d6808e7,5359a94e-c5ab-4aa1-8a47-c3a5d38d6a8d,
58b19541-6a0a-4fac-bcdb-5731b0ec6162,77304007-fe8a-437f-b922-bebb1d6808e7,5386b6bc-4a0d-459b-8a2c-09542fffab94,
b15946ae-8ea1-418a-b203-e1348642a8d0,77304007-fe8a-437f-b922-bebb1d6808e7,62366a0c-2c3d-4c99-af75-9ea1198446af,
1a3bb58b-0bbe-4918-acb8-35c3d3d93708,77304007-fe8a-437f-b922-bebb1d6808e7,62c2d396-2356-4569-8a68-d1886fc6f634,
6a849074-0646-4d43-8fe1-d2710a8a7b75,77304007-fe8a-437f-b922-bebb1d6808e7,76e9d724-e37b-4a4c-b1d9-a7547c7f2a06,
4d8e54ae-c608-47b1-b353-d8a054f69e27,77304007-fe8a-437f-b922-bebb1d6808e7,88e85ac5-a0fc-4a1b-8380-2e38ec39ac6a,
d941e166-04fe-4949-aea8-f2eb15189c56,77304007-fe8a-437f-b922-bebb1d6808e7,9eeda26f-f109-488b-a525-367cbac25848,
b71421db-fcb2-41be-a1a6-4bfef75cc357,77304007-fe8a-437f-b922-bebb1d6808e7,b20727f5-45d1-43f3-85e6-d0c649424899,
07d5442f-5746-4763-8a10-d17150181a39,77304007-fe8a-437f-b922-bebb1d6808e7,b6a83382-4b9b-4214-8c43-ef32c409353b,
8a495c08-3eb1-4191-96c0-4193f4b99cea,77304007-fe8a-437f-b922-bebb1d6808e7,c02bf916-ea90-4f0a-bbbc-9de9aa026932,
43d61275-9c27-4a7d-b6b5-664e4e7f8a69,77304007-fe8a-437f-b922-bebb1d6808e7,c7e384e5-6189-4b35-9085-7640cdb83089,
9ef6f44b-4eb1-489e-81df-7092295b894c,77304007-fe8a-437f-b922-bebb1d6808e7,f07a44a9-18a2-491a-98a3-ac63b797cfe9,
b01b8265-d0a2-4527-8b08-0ba0572d6845,777c8bdb-cccc-432b-b8ef-61a1962943a6,37d37fad-158f-4da7-aafb-98534e756973,
0d96a88d-6f46-4ead-aa73-dc79b7e8b380,777c8bdb-cccc-432b-b8ef-61a1962943a6,5826a858-f18e-49e9-802d-9e994176bf7b,
db6175b2-2698-4be8-a079-82c6f7981fa2,777c8bdb-cccc-432b-b8ef-61a1962943a6,775be9d4-5bdc-4d96-aa5f-32521d442e45,
1e8b5440-f6a4-47bf-87dd-013581f96219,777c8bdb-cccc-432b-b8ef-61a1962943a6,af7f4ef1-103b-41fa-b8ab-1b55c834f529,
620f7b57-288f-418a-a69f-d202776415de,777c8bdb-cccc-432b-b8ef-61a1962943a6,b26fb4de-a385-45fd-bb89-1d85d26ba82e,
4975f114-0610-4e6f-8914-233be7601216,777c8bdb-cccc-432b-b8ef-61a1962943a6,c7fbd6a0-4c78-4cdc-b4c8-203f1e642382,
556c1be4-ad2a-4e98-bb5d-e0ed1f906f4a,77b3b6de-4b97-4c1a-be64-bd3366be8f31,34586501-7214-4b7f-b562-cab1e328e7e6,
41e9e3ee-aea7-45bc-9ebe-3d06d8ef3d10,77b3b6de-4b97-4c1a-be64-bd3366be8f31,aadec238-4775-4644-95ec-59a32eb36ed7,
6f811122-b4c1-4206-954d-b53ca7d8c8dd,77b3b6de-4b97-4c1a-be64-bd3366be8f31,ab9d0d34-c13f-47e8-b33a-b5be3b2cae71,
461dbdbe-dd0d-446c-a6e9-3aa29cc11958,77b3b6de-4b97-4c1a-be64-bd3366be8f31,ac01fe33-1bd5-4a5c-895a-849a1ccfcdd4,
9e1f5205-ef01-4265-8424-19b8e638cb87,77b3b6de-4b97-4c1a-be64-bd3366be8f31,bfcb3eff-1f44-4827-837d-7a32b48a60f0,
344dc2f4-7f79-403e-9f0e-fae56f6c379a,77b3b6de-4b97-4c1a-be64-bd3366be8f31,e5701f6e-4aa0-497a-89e1-f73714152d52,
25b3eb98-64dd-4004-b01e-8b7618e8d27a,77b3b6de-4b97-4c1a-be64-bd3366be8f31,ff22abe2-f249-4608-8cea-34fe70c794dc,
5758246a-5d3e-4023-9946-5962061be05a,77d177a2-6af3-44d9-80dc-389688be8bd9,249b79e6-f12d-4ce1-a325-00698cef1a20,
b3404abf-7208-486c-91a8-873c4108dce3,77d177a2-6af3-44d9-80dc-389688be8bd9,f0cb0c96-2ee6-4d11-87f1-ef5bf1721ef8,
68d4a0a6-de3a-46e2-b38e-cbf8bc887a8b,79d26dfa-0504-4a6f-a5f5-5b18dbe69367,34129e70-ad79-4680-ab67-e217abc7b970,
f3df947e-8778-4ed0-b49b-ddda72025ec4,79d26dfa-0504-4a6f-a5f5-5b18dbe69367,3b6f825a-4e5b-438b-8b91-154d1d7b4475,
21c24298-ff1e-4d60-9e34-a3fd9234ab99,79d26dfa-0504-4a6f-a5f5-5b18dbe69367,48b14abb-706a-40cd-b933-183893cd3b2e,
748dd191-abbb-45af-8e23-56fee6d9c79b,79d26dfa-0504-4a6f-a5f5-5b18dbe69367,4c866848-a633-439c-a8c9-09a3f6826ca1,
1c7ee1a6-6eaa-4dfa-ab8a-f4043418ead4,79d26dfa-0504-4a6f-a5f5-5b18dbe69367,62c8cada-6b05-4fcb-bbc4-4cd7fb8169c8,
5942564d-d2a6-49b9-9c46-d7ba24651fcc,79d26dfa-0504-4a6f-a5f5-5b18dbe69367,b1888af2-8e65-4fa9-8592-0fd50dc0a9cb,
d3aac903-ffe2-45b7-a8a9-212a4aa834c1,79d26dfa-0504-4a6f-a5f5-5b18dbe69367,cbea60eb-aead-4010-bdad-58daeb44b128,
31869a11-2e05-453b-910c-c63fcf32441b,79d26dfa-0504-4a6f-a5f5-5b18dbe69367,dfa96276-fb80-4d2e-8de8-73a1b3d97874,
0575b450-231c-4ea8-b0e1-8f5cd9ed1a1d,7a0c902e-242e-4378-bd1f-55ab5a80e792,03d969d3-1dde-46ea-ac50-209c37ffdc22,
f29a0477-c86d-410d-9b49-135a70409c15,7a0c902e-242e-4378-bd1f-55ab5a80e792,085f92f1-3298-42c9-be40-c2af6b97ce55,
3aaff60d-07be-4836-942b-fd1daeab319e,7a0c902e-242e-4378-bd1f-55ab5a80e792,0fb4bdb8-720a-4ff6-9def-8398af399870,
32521c23-47be-4a50-aaff-9d3a30bf1f0b,7a0c902e-242e-4378-bd1f-55ab5a80e792,0fb556fb-98e0-493e-98b6-e18998ae2744,
ed885041-b403-4cd9-8a22-0c4dc0f29563,7a0c902e-242e-4378-bd1f-55ab5a80e792,17fde8b4-7a99-49fa-83f7-a6f73b8a4111,
fc42c209-a736-4c9c-bbb9-03f3bb7738a6,7a0c902e-242e-4378-bd1f-55ab5a80e792,1935bde9-4c0d-4f6d-8112-ab782d315e3d,
04bb2eaf-5178-4a30-b453-5ec3733e943a,7a0c902e-242e-4378-bd1f-55ab5a80e792,1c7d8b6e-1583-4239-8e30-1dad9d1c14f9,
db8d7e26-21c7-4763-a730-9d155926b85f,7a0c902e-242e-4378-bd1f-55ab5a80e792,25617b44-5e5d-45fc-b151-7c5bc6ced687,
381063ee-cbf7-4451-b6e6-11fc310a618a,7a0c902e-242e-4378-bd1f-55ab5a80e792,2919849a-487c-421c-a3d1-173330f24854,
1a90a91d-fe1c-4ef6-8de4-770e6a973e85,7a0c902e-242e-4378-bd1f-55ab5a80e792,2aac836a-fa41-482f-984b-969b3221425e,
0e5a42ac-c1fd-43ad-b029-e3986e60d17d,7a0c902e-242e-4378-bd1f-55ab5a80e792,2b9001fd-6fab-4182-b360-27c0b144e337,
5f7c5c04-ce94-4b3c-a0ff-10bf8cc0af15,7a0c902e-242e-4378-bd1f-55ab5a80e792,2c98ef04-8396-4c17-bf9b-836440353396,
bca96228-0b1a-42ec-bde4-702a7ad1dd8b,7a0c902e-242e-4378-bd1f-55ab5a80e792,2fb57e22-f718-46de-9b17-563f48c00761,
d943d182-4cd1-4479-8417-e9ef63cbce80,7a0c902e-242e-4378-bd1f-55ab5a80e792,32640b95-cbd1-4d83-9753-4a84884dd403,
9e5f0fbd-6ab1-4ede-9a3e-d9dbcffda48f,7a0c902e-242e-4378-bd1f-55ab5a80e792,3c9de747-7e4f-4f99-a464-45f43aaf8030,
172a2128-0d2f-414a-8627-2fef9e950dd7,7a0c902e-242e-4378-bd1f-55ab5a80e792,40890ad4-2b69-490e-b68e-8e16d9f376de,
a9daf1f2-f2fd-44e5-a821-183acc310ca4,7a0c902e-242e-4378-bd1f-55ab5a80e792,41b57759-5b49-4e62-899b-f84a59571ac1,
60361022-ea68-4367-a81b-ee176ba5a297,7a0c902e-242e-4378-bd1f-55ab5a80e792,4b316c0a-7bc7-44cf-9e5a-585aca935c45,
dda35fa1-c68f-411d-963f-3c4f04f0be39,7a0c902e-242e-4378-bd1f-55ab5a80e792,4cb4dbb2-95e3-4965-8a98-771a68e31281,
76d8a31b-7cb4-4bb1-9c78-0218b9bc43dc,7a0c902e-242e-4378-bd1f-55ab5a80e792,57853c20-36fd-40e5-b115-027d84912fcf,
efa77f35-25b0-44e3-95fa-f69f983ff7b3,7a0c902e-242e-4378-bd1f-55ab5a80e792,611f0351-20dc-4224-bfa0-fe0c477ba372,
ed95aed0-761a-4a81-9979-8d4e6d5a43db,7a0c902e-242e-4378-bd1f-55ab5a80e792,678c80bb-b4cb-40e4-87fd-7f708aea7af5,
e5fa90f9-d04a-45b9-a5ac-954d7b1bdc93,7a0c902e-242e-4378-bd1f-55ab5a80e792,6e6e95cf-e048-4b01-a0ac-d888af343721,
84311d77-3b92-4821-8936-c748e4d347b6,7a0c902e-242e-4378-bd1f-55ab5a80e792,72518a79-4479-4a27-afde-abc0bb00413b,
56cacb48-b0ef-45b7-aa7a-f9249b6c97a2,7a0c902e-242e-4378-bd1f-55ab5a80e792,7851d988-eaea-431f-bcc0-3b2871a51a8b,
e2418694-e916-4ced-881b-71654650c122,7a0c902e-242e-4378-bd1f-55ab5a80e792,7b4e106b-7256-45fc-9db9-9a5cdb04a378,
e37027c8-cc4e-4b37-9ad2-3e76c4e418f2,7a0c902e-242e-4378-bd1f-55ab5a80e792,83aef051-1411-4f79-8bde-e4ce24e44813,
67ea6baa-d553-410c-8682-0f4885e52ba7,7a0c902e-242e-4378-bd1f-55ab5a80e792,84f3d0fc-ddda-472a-851f-422c8be8eb48,
c5ec5386-8c35-40dd-8678-9bb735e3816d,7a0c902e-242e-4378-bd1f-55ab5a80e792,8e4e5d12-c6ab-47b0-a838-4a40a0c43898,
4bee7bd5-88b4-44e3-9a95-3ea1aaf39a5c,7a0c902e-242e-4378-bd1f-55ab5a80e792,8ea97fa9-f0bd-4443-a488-7e2f2b742405,
329fbae3-405e-4a50-85f1-143651d98b7d,7a0c902e-242e-4378-bd1f-55ab5a80e792,8faeef79-3ee6-4131-bd55-798abc4f71dd,
43252702-0293-41da-8a4e-ae51a54c1c5f,7a0c902e-242e-4378-bd1f-55ab5a80e792,989c694b-b66b-4cce-aa6d-9bb1db954a2f,
94e4d7c0-5efd-4247-a7d2-600ebba7cbe6,7a0c902e-242e-4378-bd1f-55ab5a80e792,a04f08ac-59e0-4198-99a7-da6f41c49be8,
2e2bcdfe-7cf9-4a26-8da7-c38fd69a4797,7a0c902e-242e-4378-bd1f-55ab5a80e792,a0eff3e9-5cae-4d6f-b2e6-354b5abfece5,
d55480ec-f297-4ed0-949a-2e6517da82a4,7a0c902e-242e-4378-bd1f-55ab5a80e792,b1070eae-e456-43f3-a482-54040e39c571,
3ba5b4ed-d740-4403-9c0d-c63424d43796,7a0c902e-242e-4378-bd1f-55ab5a80e792,b63691b3-1169-488d-950b-4c0c3ee989b5,
93c04b75-6406-482d-8ca0-8667e108edbf,7a0c902e-242e-4378-bd1f-55ab5a80e792,b6935b57-7102-48d0-82a8-71afcb1e3eb3,
3c338000-c948-44ef-9463-07dee86bdef3,7a0c902e-242e-4378-bd1f-55ab5a80e792,ba6daff6-994e-4bef-b509-75f54b55a22f,
df52912e-4a37-4d7d-9ace-3d131c38d13b,7a0c902e-242e-4378-bd1f-55ab5a80e792,bd7b8431-438a-4204-ae65-503b414834ca,
721b0490-5782-4a44-b658-1bb48820382b,7a0c902e-242e-4378-bd1f-55ab5a80e792,be66a3e8-1acb-45e4-a99e-1fc73f7a13ed,
d68abd79-ef5c-497d-94e3-cf6eceb10c09,7a0c902e-242e-4378-bd1f-55ab5a80e792,c852ceff-538f-4fb9-a786-c98d1f0a9e51,
399a72ad-5016-4f2a-af83-b95576ff88d3,7a0c902e-242e-4378-bd1f-55ab5a80e792,d35cd606-3228-4ab9-a87e-641fbb7dbdbd,
002af6d7-7a70-4a46-82a8-21e28959e818,7a0c902e-242e-4378-bd1f-55ab5a80e792,d70f37a7-5817-4c53-9c52-10ffe2585a86,
28de5ea5-d576-43c6-b118-a0a885256622,7a0c902e-242e-4378-bd1f-55ab5a80e792,d7a2d206-6b2f-46e7-9909-e1c1e725bda9,
2323a90f-682e-4a18-94cf-84a07240a4a3,7a0c902e-242e-4378-bd1f-55ab5a80e792,e1666a2c-cb64-4657-8d89-fd737132cb58,
3f923979-43c1-4159-b543-a1b82eb1cd7b,7a0c902e-242e-4378-bd1f-55ab5a80e792,e90a4538-9d4c-48ae-af67-6a8a6f2cc0bd,
c3261f38-3882-4abf-b97e-31f5c5654f71,7aee1fa2-792a-4a0b-8b0f-524ef16136ca,021ab92f-0eb6-45e4-8b76-a518bb196575,
baf74f89-9e2d-4e8f-9ab8-b3ea69784b64,7aee1fa2-792a-4a0b-8b0f-524ef16136ca,024351e2-2181-4a52-8c22-615933f3b22c,
d7e2e652-25a5-40ed-b4c7-b912872424de,7aee1fa2-792a-4a0b-8b0f-524ef16136ca,028c5d7c-c61c-4414-82a2-065ba28391ee,
75a0100e-18e0-424a-9c55-ccdec7658708,7aee1fa2-792a-4a0b-8b0f-524ef16136ca,0fe19f1f-16ef-4bf1-88c3-15cbb173c747,
25e8bdb4-9dba-4aa8-a36e-6d28ae781c2b,7aee1fa2-792a-4a0b-8b0f-524ef16136ca,1bc23a1a-94c4-46e0-a923-9d0adfa3ce37,
8718a97a-166e-46f3-8db4-4f2e57b3a548,7aee1fa2-792a-4a0b-8b0f-524ef16136ca,22ebd420-0eac-4581-bac1-aab7d532c545,
331ec82e-9347-4e48-ac81-0d370a41a904,7aee1fa2-792a-4a0b-8b0f-524ef16136ca,2990bc78-0a61-4b91-a144-80d9be63700a,
58730217-dcf9-4e5c-b75b-c106b35a7a0e,7aee1fa2-792a-4a0b-8b0f-524ef16136ca,2fd4d3ff-2e57-41c3-8c01-0eec02bbe2f6,
1fce5dd6-84e9-47d1-877c-313778a08856,7aee1fa2-792a-4a0b-8b0f-524ef16136ca,3d414537-f115-47e7-9d9a-3bc582da65c6,
db736ecb-74c5-4714-b92e-50e4cda44a96,7aee1fa2-792a-4a0b-8b0f-524ef16136ca,3dab5c79-d887-4def-8c02-13bc5eaf9559,
1e43ca29-3334-4306-8171-271efcddd503,7aee1fa2-792a-4a0b-8b0f-524ef16136ca,3e62ca25-2885-48b6-9e83-c4832e64246a,
0f4d998a-e1d4-4ce7-9db1-e0a91794dbe1,7aee1fa2-792a-4a0b-8b0f-524ef16136ca,3f4bf2bb-d87f-4460-b0cc-852af5626906,
0441862c-c9ff-48a9-a77a-8b76bbb1fe8f,7aee1fa2-792a-4a0b-8b0f-524ef16136ca,4af465d8-b64d-43ab-8854-6d03b1f3ca26,
642bc31b-4617-44ca-8599-f2557e666438,7aee1fa2-792a-4a0b-8b0f-524ef16136ca,4dde3fb8-8e67-4f43-a0d0-2038dc0d9227,
b393b444-7553-4d13-af3a-99b1602a6490,7aee1fa2-792a-4a0b-8b0f-524ef16136ca,4e02126e-f85d-4c6b-8c84-837bbee04c59,
d1ccf947-05d6-4bd8-8333-dc07a22a2b10,7aee1fa2-792a-4a0b-8b0f-524ef16136ca,563fd636-10b7-43b4-ad44-c0cd2d40abd2,
cf17635a-b884-4176-bc2d-c4161df26d02,7aee1fa2-792a-4a0b-8b0f-524ef16136ca,5943a640-dd67-44e3-988e-0b51b1bd4557,
ef90ca3d-f006-41b4-b8c4-69cdf24ceb0a,7aee1fa2-792a-4a0b-8b0f-524ef16136ca,5b06aebe-7510-4f5f-b8f0-92e9b9dea321,
6ae0c733-9c7a-4a5c-be4c-60884955411f,7aee1fa2-792a-4a0b-8b0f-524ef16136ca,5fa9ad7f-71be-44e6-b0ec-c9908f1c5716,
d86d118a-0ce9-4658-a4f8-0b6da6887b95,7aee1fa2-792a-4a0b-8b0f-524ef16136ca,73137e02-ca85-48db-b4b6-7612998cfc2d,
79a61d47-bdd8-4ed2-968c-09af5c2ae7b6,7aee1fa2-792a-4a0b-8b0f-524ef16136ca,732cb60a-ce94-4e82-9e39-e5dff5b20014,
d7300a0a-0b90-4f6d-876f-742639e9fd79,7aee1fa2-792a-4a0b-8b0f-524ef16136ca,78a84155-6869-4872-8559-36e97815a3af,
01c2b345-6462-4493-9c28-67b83237bec6,7aee1fa2-792a-4a0b-8b0f-524ef16136ca,78b0df6d-ec12-40f2-aa22-fe29bf27b24c,
cec7f8a4-d816-4230-a042-418cd5a7505a,7aee1fa2-792a-4a0b-8b0f-524ef16136ca,7d2963ce-0f7a-4a82-bec9-4f71ba8a04f3,
ab8c40d4-6249-4a22-a72a-0a0f14e7c231,7aee1fa2-792a-4a0b-8b0f-524ef16136ca,7e06b617-b6bb-4404-aab6-57650ac874b0,
ffd17124-ef66-4199-91ac-0a2e9c01d484,7aee1fa2-792a-4a0b-8b0f-524ef16136ca,7fe0455b-5dc9-46ff-b5ca-45b2d7e8814a,
511b43ab-9d26-4000-9535-2344189231b1,7aee1fa2-792a-4a0b-8b0f-524ef16136ca,88c9a6db-b863-4906-b8c1-cbf8ea4a86d5,
668f5e91-9723-4e35-a839-9c1a2c10a87b,7aee1fa2-792a-4a0b-8b0f-524ef16136ca,8ca3a082-91bb-483e-afc7-24541fc4c7eb,
031c7999-bb8b-447e-aeac-77662823d96f,7aee1fa2-792a-4a0b-8b0f-524ef16136ca,8e543644-d733-408e-bd5f-179ccc49d972,
641bbe10-6d73-4675-8a63-4971734d4856,7aee1fa2-792a-4a0b-8b0f-524ef16136ca,90899414-49c6-4733-baad-f21a676d4982,
553ff7ac-1534-4812-b2f8-76e202e9288b,7aee1fa2-792a-4a0b-8b0f-524ef16136ca,92dd6ad7-02f8-4fa3-ab4c-892172d135ce,
2349629b-8f62-41ec-b25c-2dacd00f4e75,7aee1fa2-792a-4a0b-8b0f-524ef16136ca,954d1ea5-12de-4108-9e03-ab9ee9bf02b4,
b7064bb2-e5f7-4bd0-9483-631e5b746b6d,7aee1fa2-792a-4a0b-8b0f-524ef16136ca,9fcc6177-8b5b-4000-a8e8-45cf950f2d4a,
4de75594-daba-4e02-8fec-ea60587cbe99,7aee1fa2-792a-4a0b-8b0f-524ef16136ca,a32b6234-43a2-41bf-af80-dc519f10d06a,
60f06fa0-c2d7-4ce2-bda3-12f7b67d5748,7aee1fa2-792a-4a0b-8b0f-524ef16136ca,a5969719-259f-40b0-836b-ca5c3f4fd015,
01d3386f-f8a9-40c0-ad18-e663952b7a0e,7aee1fa2-792a-4a0b-8b0f-524ef16136ca,aac8bbc4-0e2c-46a8-9d2d-b2c3d85bda2c,
ec180c02-ca51-43b6-ae51-979e3862471d,7aee1fa2-792a-4a0b-8b0f-524ef16136ca,ab43d015-c82f-4040-9f13-3f1ccdc0517d,
3944110f-bc00-4ec9-a229-87520b19fc99,7aee1fa2-792a-4a0b-8b0f-524ef16136ca,b3945a1b-62cc-4f3e-be35-c6476d9fda5a,
d768659d-0463-4632-902a-b267454d0ac1,7aee1fa2-792a-4a0b-8b0f-524ef16136ca,b92d7129-b68e-4cda-8f37-e1c59c6c66de,
99016e28-d448-42fc-813e-800e26b738cd,7aee1fa2-792a-4a0b-8b0f-524ef16136ca,bedc9580-26d8-4296-87e5-88a7540d8b15,
20de40fc-de4c-4d75-809a-4877a0615ffa,7aee1fa2-792a-4a0b-8b0f-524ef16136ca,c4761e9d-8486-40a1-aa95-5267bfb4377e,
c5201de7-403e-492a-af69-d9a0373a44c9,7aee1fa2-792a-4a0b-8b0f-524ef16136ca,c96c55d3-611c-4283-9a63-9c4b675db40b,
47f43346-5a9f-45cd-8852-cad0924be642,7aee1fa2-792a-4a0b-8b0f-524ef16136ca,e34b48bd-b87a-4391-8e93-97114e6b2ef2,
44aee0fe-3045-47e0-a9f5-67e8e782118a,7aee1fa2-792a-4a0b-8b0f-524ef16136ca,e3592784-92e8-4d82-9cf9-66c4055271a6,
34c24474-00fd-47b0-aad9-e1abd8bf0c7e,7aee1fa2-792a-4a0b-8b0f-524ef16136ca,e444e64e-f2e9-4f43-8b9d-c946a28738c4,
3cc80cc1-41d6-4be2-a873-6b9ebe96f9bb,7aee1fa2-792a-4a0b-8b0f-524ef16136ca,e5b56667-6f40-4e9f-9a46-75b0fc2a2e9e,
4cb88ff9-8425-4aba-b196-ef7ced59b607,7aee1fa2-792a-4a0b-8b0f-524ef16136ca,eacf8d84-481d-4d12-9447-1b2d0a35d1e9,
c36b6c83-b59f-421c-92e3-98f065430be5,7aee1fa2-792a-4a0b-8b0f-524ef16136ca,ec066cb2-12a9-46e0-980f-1b25a41accbf,
39d5b578-3080-4554-97d1-c8ad39e97346,7cd69351-c0c2-4bff-9904-bb9ade8d7420,2abdb04b-dbc2-41d6-9a1e-f27baf05eb74,
e27f1f01-0a78-4847-9fc0-548849d04962,7cd69351-c0c2-4bff-9904-bb9ade8d7420,82125019-bca7-4d44-8824-315818a40b46,
44b75ec9-c213-4eb7-91be-51e7291686c1,7cd69351-c0c2-4bff-9904-bb9ade8d7420,bceafb72-d231-47ab-8b13-7ac498ebe741,
c1608dcf-2e82-415e-a340-0849146dacfa,7cd69351-c0c2-4bff-9904-bb9ade8d7420,f36716ab-58c4-4bd2-8013-b2d319667bd9,
43d80289-af3e-45d0-ae0b-8c14991230b4,7cfcd714-809f-4cbd-b27c-7badaedf1c52,4f295317-4c21-4fa9-91db-d7dbcd404926,
ab89f129-78c1-4cfa-8831-57b10b19ec26,7cfcd714-809f-4cbd-b27c-7badaedf1c52,566b47e2-783c-45ca-8ca2-13823e143e24,
da2959ec-c40e-4af2-8e76-d5a7fc22bfae,7cfcd714-809f-4cbd-b27c-7badaedf1c52,575adc13-8368-4f78-af81-ace93f239a7e,
b220a62b-d96c-4ad5-a8af-cbffc42a95da,7cfcd714-809f-4cbd-b27c-7badaedf1c52,638adfc2-8683-4911-ab45-cde7e4fb3a29,
b7915865-1094-4b9f-8cac-7d0a2802baf3,7cfcd714-809f-4cbd-b27c-7badaedf1c52,68b1d96d-125f-4abd-9379-f746fa2d300c,
018763bd-13c2-438a-a4e9-b740acdbf7ed,7cfcd714-809f-4cbd-b27c-7badaedf1c52,898b15af-7ca2-4664-8869-59f5c1328545,
23c22b2a-285c-45a9-8e11-f5205617003f,7cfcd714-809f-4cbd-b27c-7badaedf1c52,8fcad64f-f650-4b62-af2b-339b665ccd5d,
ce1aa1f8-a384-4d07-a51b-6e7c0e67e579,7cfcd714-809f-4cbd-b27c-7badaedf1c52,aeadea7c-e4db-46e1-8f83-dc524fff66b3,
a18b1e9f-1f25-453d-9ed8-7d327b2bb259,7cfcd714-809f-4cbd-b27c-7badaedf1c52,e6dffe32-4835-4864-b141-94a1d138e1f8,
5c54b24f-b0c5-4783-8eb3-f8b175c40d44,7e11b183-0be8-4b3a-ba36-8ae49296fa52,0c7b487e-213e-4f52-8366-5f5b1718a375,
ebb208b3-8540-4c2f-8745-ae68de4d992c,7e11b183-0be8-4b3a-ba36-8ae49296fa52,4ebb9dd4-3a54-45d8-976f-a9e95ef83c00,
36a8e621-8b46-4b68-b5a5-22f2af262f34,7e11b183-0be8-4b3a-ba36-8ae49296fa52,50396fb5-ee24-425e-b90d-1a17444432d5,
afddf2ad-acb5-4203-94c4-e202eb3a4773,7e11b183-0be8-4b3a-ba36-8ae49296fa52,779fc3fc-fd86-40ec-a4b8-34002fa3dbf0,
78588e1f-5f06-4857-a19f-02072edd1209,7e11b183-0be8-4b3a-ba36-8ae49296fa52,7d7fe272-0105-4ffa-81a8-565321638ecc,
fea4e488-8195-492c-9461-e98af8c71b20,7e11b183-0be8-4b3a-ba36-8ae49296fa52,8c994641-7ffb-4196-a9ec-a8c7ae1cb9ee,
f658aa1c-08ea-4cd4-951d-fdc69202dd65,7e11b183-0be8-4b3a-ba36-8ae49296fa52,976dd780-1192-4ab2-a486-1d2db3b0c03c,
ef83741a-9888-4d9e-a174-7d789315a40a,7e11b183-0be8-4b3a-ba36-8ae49296fa52,b713eb23-7876-4f2f-80e1-892a1a9edae6,
ce4193f3-c6e2-47b3-b431-7bad10f5b9e8,7e11b183-0be8-4b3a-ba36-8ae49296fa52,f0e0e8cd-f3f5-4a6c-8305-fa3f02e6ec1d,
d55bde12-e7de-41e8-a507-40d32da4ee82,7e3e84ec-3735-4afc-9651-3a1af6c55376,04939616-b180-43e4-bdcc-c5cf0094c78e,
a6e481e6-8506-4391-88a9-95f3b18ea6ec,7e3e84ec-3735-4afc-9651-3a1af6c55376,4676973a-ab2c-48e9-87e2-2de7d3f426b7,
7e514e9d-3161-4f6b-9e9e-a5ec68c8d8ca,7e3e84ec-3735-4afc-9651-3a1af6c55376,9570c85b-5e76-4e71-a071-28f2d0996331,
ac9db407-3bd6-461c-9b06-f132052225da,7e3e84ec-3735-4afc-9651-3a1af6c55376,9d16da04-80aa-4499-92cd-0733d8cbcdd1,
19d7341a-2768-43eb-81c0-9faf448ec181,7e3e84ec-3735-4afc-9651-3a1af6c55376,ad2ed904-d454-480b-9e0b-2634edaced1a,
8628e16f-e3bd-48fa-abb5-9eb07bdfcff0,7e3e84ec-3735-4afc-9651-3a1af6c55376,b9b9a46a-d20f-4990-ac99-e30b856348bf,
7196895c-f8db-46bd-b42c-8c35125766c7,7fbe8282-1e7b-4263-8463-18e1d2c34c8a,0a3cc2b4-033a-4f9c-9a82-e9da349322f3,
882ce0b9-b73d-451e-a6fb-3880716a941d,7fbe8282-1e7b-4263-8463-18e1d2c34c8a,18a1824f-5be5-4b30-ab37-f5073a6f84c1,
b929291b-68ad-4975-9bac-e66e8e4ce13f,7fbe8282-1e7b-4263-8463-18e1d2c34c8a,27cb0e37-fb7d-422d-9d41-b2a5882d8868,
3ce3c0c0-6733-4f47-970d-e42545709a86,7fbe8282-1e7b-4263-8463-18e1d2c34c8a,79639a5f-fc05-4d49-9173-a0429c5da49e,
0a41b9dd-876c-4fa9-b68d-72801c6caa21,7fbe8282-1e7b-4263-8463-18e1d2c34c8a,96834a8d-7adf-461e-90d0-70032c826ff0,
baa4ff83-61c5-4fc2-9238-72d62923c804,7fbe8282-1e7b-4263-8463-18e1d2c34c8a,ad9fec0c-3c2a-47e6-8a63-65a64e25b016,
a6ccfbf4-6d61-4e0c-9ec5-dd1828ef35f8,7fbe8282-1e7b-4263-8463-18e1d2c34c8a,baf41ab7-fd97-43de-8e5a-028c52b42724,
cfbab58a-eb41-4039-b0bb-30691821a006,7fbe8282-1e7b-4263-8463-18e1d2c34c8a,cd9183c5-2dc3-42b8-a040-4fe54278becd,
5a424b8d-54c2-4d77-b1d8-ddd853e2f6ed,7fbe8282-1e7b-4263-8463-18e1d2c34c8a,cdefaf81-fc4b-4a55-87ec-66e9deb7cdc5,
f726a7d0-1aae-45d0-a6d6-afd0a0524e3f,7fbe8282-1e7b-4263-8463-18e1d2c34c8a,df7c81d2-3dde-4948-9831-e402022cf208,
d3c80b64-551e-482e-8e59-d9d6f01c755c,7fbe8282-1e7b-4263-8463-18e1d2c34c8a,ef7d0ece-6390-4d32-a3aa-c8cd9542d901,
e78b0f28-c345-4f7b-9052-7586005d504e,7fbe8282-1e7b-4263-8463-18e1d2c34c8a,fbe3edc2-3461-4566-b918-d51f71d2d72c,
9da33b3d-2f8d-4186-a47c-b89676bdbdac,7fbe8282-1e7b-4263-8463-18e1d2c34c8a,fdb9507d-8c83-4cd9-9778-9f03aa2f38f7,
99bf28fd-c7cc-4a3a-b271-008bd369dfaf,80413ca0-eff8-4383-81dd-415a7eb4df48,0a9c3351-6771-4e66-82de-ab5837aa1f4c,
f76ae00c-5206-4853-b131-59445c62f93a,80413ca0-eff8-4383-81dd-415a7eb4df48,0b4c777d-da7d-4e13-8fa0-5d1560669649,
8724cc53-d6ea-449e-a794-5bfa6a019765,80413ca0-eff8-4383-81dd-415a7eb4df48,176dcc6e-a24d-4315-ac7c-3bb7dc9116bc,
0498fb59-6cd6-4341-9df0-2594a94e1291,80413ca0-eff8-4383-81dd-415a7eb4df48,1d1f2956-fdf6-43e6-9dc9-f9ca9a693b7a,
9e314f69-74a5-4e85-a365-3ce20158017b,80413ca0-eff8-4383-81dd-415a7eb4df48,1d2fef42-24b9-4d3b-be0b-a525e357d42e,
a44e8377-f703-4dd1-a4e2-4cc15b42a31c,80413ca0-eff8-4383-81dd-415a7eb4df48,1ee5f907-b488-4878-8790-cd912d5a9518,
b6ed94e8-9e6b-43ea-be1d-96be457bc23f,80413ca0-eff8-4383-81dd-415a7eb4df48,1f388aa5-e096-4875-8edd-94922eb48e0f,
c7d6d04a-1992-444f-b964-80f4e5d05bd6,80413ca0-eff8-4383-81dd-415a7eb4df48,2211ee9e-0fbb-46b5-99c9-d951b10a2727,
52754a24-9fe4-473d-9b9b-50aa6c18501d,80413ca0-eff8-4383-81dd-415a7eb4df48,259e4054-4d8d-4d8b-8ddc-de3b53c362c7,
5dc17508-aeff-426a-919a-ca1e6ee2cc96,80413ca0-eff8-4383-81dd-415a7eb4df48,2a018aa4-a643-408b-87ab-09f5911908a0,
61bc5b3f-4a4e-43fe-b5d6-89bab4796042,80413ca0-eff8-4383-81dd-415a7eb4df48,2bf105ca-7f22-4a25-9788-da4f55f0a9e3,
80363600-803c-43e4-b49b-237a70295477,80413ca0-eff8-4383-81dd-415a7eb4df48,2bff2238-c392-4b14-a8a5-2d937111ba39,
c24d0dae-c375-489d-ae76-aa07a0d3391c,80413ca0-eff8-4383-81dd-415a7eb4df48,2d772a9e-58b1-4c65-b327-d7ab03c6619b,
a03b58dc-47a8-4c99-b437-2a97aa3b954e,80413ca0-eff8-4383-81dd-415a7eb4df48,359d045c-1c68-4b6a-b9a8-9f7e8b4465e0,
fd0cfb96-04bf-4ac5-94a3-0796bf3977d6,80413ca0-eff8-4383-81dd-415a7eb4df48,37feafec-d086-4f9f-8970-9b576d6ffa66,
a437a41f-2b3d-473a-ab67-a2b019fc2334,80413ca0-eff8-4383-81dd-415a7eb4df48,39f56e80-a36e-43fd-94ff-7cd590c2abba,
a0a72d83-b118-4032-873b-9d10751786fa,80413ca0-eff8-4383-81dd-415a7eb4df48,4ad76d17-bfac-4a8e-8421-bf57884294e4,
5d96ac45-d3ae-492b-bbee-87ce075506aa,80413ca0-eff8-4383-81dd-415a7eb4df48,4af933ef-b05f-48ff-842e-a4bede6a1414,
806c6858-eb8e-443f-8d9e-87540574c4f3,80413ca0-eff8-4383-81dd-415a7eb4df48,5213ced8-28e9-4b27-bf7b-fa4618e1e12d,
384a97a4-0916-4b2b-969b-28eb88393f87,80413ca0-eff8-4383-81dd-415a7eb4df48,56a5d518-d088-487c-8a82-37e5065fb311,
e190343e-33e6-43dd-ad85-a323506cf4e2,80413ca0-eff8-4383-81dd-415a7eb4df48,5a1546ce-4a0e-4b92-af2a-55b80fa57d5b,
4766ffaf-fa6a-445b-a05b-42091fbae0b7,80413ca0-eff8-4383-81dd-415a7eb4df48,5bb02ab6-06dc-4e86-aba7-d50f14f5840d,
1cdaa94d-96f6-4d90-97a3-10b09dbadd27,80413ca0-eff8-4383-81dd-415a7eb4df48,6225e488-bad9-4c2d-946a-4c419e23df48,
d2113e1e-2da0-4cfa-83ad-41d23a360b85,80413ca0-eff8-4383-81dd-415a7eb4df48,65b06893-c01d-4837-a998-ab0cc54e1cc4,
96f17f4b-1475-4520-8736-c444136aa514,80413ca0-eff8-4383-81dd-415a7eb4df48,65f42c48-5be3-4a04-9283-ebbf9a67f35c,
d6cd01bb-dd60-4469-a515-44ab4852112f,80413ca0-eff8-4383-81dd-415a7eb4df48,67fe3fe8-ee62-4230-8a42-e4c6348d7753,
e15705ec-7d31-45fd-85fe-bd77da9d8f58,80413ca0-eff8-4383-81dd-415a7eb4df48,75b68892-d760-4766-bd0e-9ce989487ccb,
16b81cc8-5b2e-4e64-9eae-231f9204c44c,80413ca0-eff8-4383-81dd-415a7eb4df48,879baa84-917b-4eda-bfaf-5bd8095715fd,
9c18d0ff-5f09-47d6-a415-17b49fa2efbc,80413ca0-eff8-4383-81dd-415a7eb4df48,88bb121e-f871-4d39-9bdf-e8bc01e5e207,
6b8e38bc-a105-45b3-a864-eeb7be6f4fac,80413ca0-eff8-4383-81dd-415a7eb4df48,8a286c63-0c4c-49f7-bd60-549535d9fe32,
4b746e41-3521-4857-9156-0c19f05dfb6d,80413ca0-eff8-4383-81dd-415a7eb4df48,8c70aeb0-0601-42ed-9faa-6f3ae990ad1d,
048fe2e1-4ff2-4822-b969-a64e61ae0353,80413ca0-eff8-4383-81dd-415a7eb4df48,9094ae4e-5e9f-4dc2-a106-08f7a9118708,
74386cc6-6ba7-449f-8698-c3a2ee7aebad,80413ca0-eff8-4383-81dd-415a7eb4df48,9514a197-e0a4-413b-8f58-a3ac22616f1e,
4205a258-c2a0-46d8-a65f-e9b139239271,80413ca0-eff8-4383-81dd-415a7eb4df48,95e70f2e-05c7-4e39-9fc7-a5837e8e7bd6,
3eb41852-2910-4c0c-b45c-24b3860a4978,80413ca0-eff8-4383-81dd-415a7eb4df48,a0b7f9a2-3025-4d6f-8575-9a9c5e912a91,
cd203d91-6709-4a92-82dd-63ae6f7e6c62,80413ca0-eff8-4383-81dd-415a7eb4df48,ad41e9b8-1004-4df4-bff5-b85773faa202,
7d72e2e9-df02-4c98-9154-c375c8c3cbdf,80413ca0-eff8-4383-81dd-415a7eb4df48,af7f4535-ee56-4a23-920c-8a25f2520a0c,
95ed080c-bbe8-4e79-a53b-4927f2ce8d4c,80413ca0-eff8-4383-81dd-415a7eb4df48,b2e3fb0c-a6b9-4dec-b036-f3861f2e5560,
c76f3d2e-4036-4080-88d3-d9d5dd83d24d,80413ca0-eff8-4383-81dd-415a7eb4df48,ca28290e-0d6d-4eae-acd3-85a802b0c0d4,
88339292-2663-432f-8a0f-afc709f7a67a,80413ca0-eff8-4383-81dd-415a7eb4df48,cff05027-26fc-4ae3-94ee-52f3436c9259,
df7bf56f-bf72-4748-a84a-7fb45289d081,80413ca0-eff8-4383-81dd-415a7eb4df48,d760b0b8-ed66-4932-9001-72dece0da528,
dba00f13-3b9b-4808-b2d4-c3cc85096114,80413ca0-eff8-4383-81dd-415a7eb4df48,d8599ee1-5bd4-4b82-a769-ed1524c16a97,
34391e53-98de-4465-afe1-335280a4d555,80413ca0-eff8-4383-81dd-415a7eb4df48,deb56b29-a947-4123-8064-d864e70beccb,
7b8159ff-e635-4633-a427-a2818943494d,80413ca0-eff8-4383-81dd-415a7eb4df48,df7e4b1c-3a5c-4c26-a850-0c2ffbfa20cb,
cf8ab65e-08de-4aa1-8b3c-4597e0825d4e,80413ca0-eff8-4383-81dd-415a7eb4df48,eb21cd06-d265-4e71-82d0-4fcdd33ab1e3,
b993b816-3443-4c1c-b174-e9685fe3fd8a,80413ca0-eff8-4383-81dd-415a7eb4df48,ed0334cd-8352-4d12-bc17-3bf7ec978d3f,
d30fa5d0-499e-4834-a5de-5da349f7f882,80413ca0-eff8-4383-81dd-415a7eb4df48,f620d833-92f7-4cca-8f51-3b7cc25ae33e,
e1b6d0db-e746-498b-a71c-7eddcfb04f02,80413ca0-eff8-4383-81dd-415a7eb4df48,f7c5cb06-944f-4866-9fd4-33465384beb2,
099a5b29-8d4b-4421-984f-1969928f815c,80413ca0-eff8-4383-81dd-415a7eb4df48,faa1222d-4b54-403f-9882-a890acb6b79b,
19c876dd-f456-4a2e-8921-2a0a9a001fa2,80413ca0-eff8-4383-81dd-415a7eb4df48,fb57e0de-a21a-45e2-9bc1-90acd9dedabc,
a1e4baad-a95d-4fd8-909c-e52be1255166,80413ca0-eff8-4383-81dd-415a7eb4df48,fee1b192-5253-47b4-abb2-49db89052073,
f5eb5fa0-8871-4992-921c-040f1b192dd6,80413ca0-eff8-4383-81dd-415a7eb4df48,ff4fed21-a364-40de-b6b7-897dbb3da3f7,
a4d2736b-95e8-4afe-a90b-422f58f5bb49,8047f059-e343-4681-9d76-8ee79cff8998,cb4b4cea-31d1-42fb-abd5-4ea356de5f2e,
f4834a83-a700-4e5e-9237-715c9c73c52f,8070a097-8aac-4731-83a6-32ea9bb69e14,11ca106e-f909-4ad9-8eb7-c067090fe9dc,
e988f5f8-8aba-4c99-9a0e-174bb1ad82db,8070a097-8aac-4731-83a6-32ea9bb69e14,2b36f8c6-26a3-4538-bbaa-15a252539d75,
084ecdf1-cd6a-423d-a358-4e16f4e3eddd,8070a097-8aac-4731-83a6-32ea9bb69e14,4bdf5c6b-512d-43b3-87b1-cc18d24c8552,
5ded234d-6bac-402e-bfa2-415e0aa1e6c6,8070a097-8aac-4731-83a6-32ea9bb69e14,4e5e12cb-4d50-422a-84ee-0d2c0a14c8af,
98eaa2c8-5bf1-46ef-be62-9391cb017523,8070a097-8aac-4731-83a6-32ea9bb69e14,6d527b23-3f50-4aa9-b537-91f051f2e6a8,
7f6b0034-2252-40ac-a713-55c5ddc714fd,8070a097-8aac-4731-83a6-32ea9bb69e14,6ed3dc1a-1ca2-41f8-9156-9d25640a73a9,
17d67917-7f80-4f07-b53f-fcd6bd777a7d,8070a097-8aac-4731-83a6-32ea9bb69e14,7930fadd-8528-4bce-ae58-d357d6882664,
30e9ae96-3ced-4a57-aef0-c25073e3d881,8070a097-8aac-4731-83a6-32ea9bb69e14,8212b1e9-ff81-4b83-987a-a15c8ef8ffd1,
fed4882a-9a0c-41e3-b750-ee874ff89a6d,8070a097-8aac-4731-83a6-32ea9bb69e14,94e88ca3-9c8c-4e79-b4e5-4a225d2b52a3,
0987a951-682b-4519-bf9c-2a6806392f9c,8070a097-8aac-4731-83a6-32ea9bb69e14,a173a689-455e-44dd-82c8-f9719977c024,
094778bc-3303-45b7-b2fe-4fd3e93e35fd,8070a097-8aac-4731-83a6-32ea9bb69e14,c519aa4e-5d90-4340-9718-a80ee38ad5e5,
929e506e-205e-47f0-b3a2-0da4a8e5ec49,8070a097-8aac-4731-83a6-32ea9bb69e14,e20061ca-d992-412b-8761-cdff1b25a494,
0338460a-a3af-4d4d-89b6-bc214ae0a4f5,8070a097-8aac-4731-83a6-32ea9bb69e14,e9b10010-27cb-4241-9d32-c744a519f733,
ac243b2d-3698-4050-b738-745bbb7d0ff3,8070a097-8aac-4731-83a6-32ea9bb69e14,fe677327-bf0d-4202-993c-4f4af9e69ec6,
5e893a01-1280-4abb-8c5a-d02f55ddf934,80732b91-b920-4eae-a835-c1eae4785fa1,1ace79c3-3f90-4116-8998-dee15691e7e9,
4da7f29d-f2d8-4d76-aa44-2c8303c6016c,80732b91-b920-4eae-a835-c1eae4785fa1,23b94945-eec1-4215-834d-7bad77b39c74,
8480d213-2116-4dce-9907-79cbf710969f,80732b91-b920-4eae-a835-c1eae4785fa1,3aa54969-99c7-4d68-93f3-b58aee542e98,
278deb7e-f3bd-4c8b-be4f-8356994fb2e7,80732b91-b920-4eae-a835-c1eae4785fa1,44e68c0d-1f3e-49da-9aee-e78b4c4d4496,
7d4e6cd9-a16f-4c18-a9e2-b0c7901929ac,80732b91-b920-4eae-a835-c1eae4785fa1,8944ffe0-a5a3-45a6-899b-69d75359882f,
8fcc10ef-aefc-4ba5-af88-f5c030ad77ec,80732b91-b920-4eae-a835-c1eae4785fa1,8e0da813-f0bb-4cf5-9d68-72155a55fdf4,
a6b72259-e076-4102-95f7-a6e9651cd03d,80732b91-b920-4eae-a835-c1eae4785fa1,8e3f8970-4159-4c91-b6c0-1202821d8c41,
b7fa64fa-a4ae-4ff9-8d84-041c8c92f723,80732b91-b920-4eae-a835-c1eae4785fa1,9320ab03-5cc2-4985-a889-3b52140c0637,
61d43ef7-3147-4713-86f1-6f9bf1b2bd3c,80732b91-b920-4eae-a835-c1eae4785fa1,9349e060-0eef-4161-90c6-a789c460ee85,
b3c42068-3a0e-418b-99f6-dc814adae64a,80732b91-b920-4eae-a835-c1eae4785fa1,c59e2600-f280-4ae6-8b34-1537e932ddd1,
306ecf6e-6861-420a-b8c6-f12184131fa2,80732b91-b920-4eae-a835-c1eae4785fa1,fda76ebe-bd9a-4072-b05b-b59ed2fce299,
7dd5eaba-b7d9-4daa-886e-b96dbb9ccfe2,807d72bc-260c-456d-9782-95737d930995,7891bfc2-4b9a-425f-9b53-3cbd8ac211b5,
c7d8b260-8488-4c48-8e0a-f4350adddab3,807d72bc-260c-456d-9782-95737d930995,8d741e17-dd4b-436f-80f4-e37b33f64304,
9dc89faa-66dc-4974-91c2-a176b4a01e55,807d72bc-260c-456d-9782-95737d930995,9ccab4b1-f5d0-4d74-96e9-3920a49072d3,
7c1a0ed5-45a4-4315-9b82-21cf5f5d8361,807d72bc-260c-456d-9782-95737d930995,cf4ab6aa-4f9e-49d6-ae05-4382ce049b98,
ae73b385-ad2f-4a13-8022-ed6a736a52bb,807d72bc-260c-456d-9782-95737d930995,cfcc76fd-e466-45eb-8e82-b538d59e8113,
6772a29a-3afe-402f-8e9b-eb71487113ca,807d72bc-260c-456d-9782-95737d930995,f23c3b8e-237b-4322-8d9a-9b87edbcb89b,
c5b86896-556e-4ee4-a4ce-1451b0b2941c,80ee617e-ebd1-4966-98f2-839a74b3d4cb,c2aa7ab9-457a-4991-8327-0f25c20aec3e,
f4ae6858-95d7-4b77-a424-5bb7bdb8cba8,814f252c-0ca3-4ef8-a37b-33c56a72c40e,4efac09f-139d-488c-bc58-83cc4f2bc552,
ea8e7fae-9097-41bb-8162-92eb35ef9c5f,814f252c-0ca3-4ef8-a37b-33c56a72c40e,50331ca2-a06a-40c3-b0f4-2ada727cd1d5,
fdc13fe4-5454-4cd8-99f5-609da393cd84,814f252c-0ca3-4ef8-a37b-33c56a72c40e,de5163e8-59bf-4cdc-b459-83d63a0cfdb8,
9572e80f-05b9-42a7-a7a8-997b82f6b162,814f252c-0ca3-4ef8-a37b-33c56a72c40e,e8b48b87-02e5-47d7-b9c3-815e8c14a71a,
aa0f35ab-9913-4541-87fe-c3a75d3926be,82d81568-aa81-4df0-a8aa-c518f9ee0064,129c74f5-230a-49f5-8e01-d68f2dbd44e1,
f4fab561-5df6-404b-b37d-530133a66966,82d81568-aa81-4df0-a8aa-c518f9ee0064,65bf4bde-cf6d-40ff-ad99-130d09dbf428,
c2e11e25-f0ad-4b59-8747-886ffe43863d,82d81568-aa81-4df0-a8aa-c518f9ee0064,67b07981-0728-465d-a8a8-6a1289d4e76d,
3951eb7c-687e-404c-8300-12d8968a0a29,82d81568-aa81-4df0-a8aa-c518f9ee0064,6b4ff83f-5a37-4b79-a786-1e43f24e1ae6,
511672ea-a485-48d0-a373-81ec45db4fd8,82d81568-aa81-4df0-a8aa-c518f9ee0064,7edaca6a-b582-46f4-840b-6a9c6569cf96,
e768419a-76fc-4f6d-8b95-a2d67f6ca7ca,82d81568-aa81-4df0-a8aa-c518f9ee0064,8ecd34cc-8c61-4c25-9ebf-e4938f4d1ae1,
5a438803-d7af-442c-85e5-bee954ab9560,82d81568-aa81-4df0-a8aa-c518f9ee0064,964d8d31-5557-446b-b7c0-c2b1a4eaa0c2,
9f08dc48-502b-4a16-9dc1-cf70f57cfbe7,82d81568-aa81-4df0-a8aa-c518f9ee0064,968006b0-77d2-4580-a7d0-8b49270837f2,
a60a6090-b043-4f90-9b5b-9e7300118214,82d81568-aa81-4df0-a8aa-c518f9ee0064,a037691c-0191-4a62-8d07-a14adf14744a,
0c4379e5-49ef-4831-a83f-b01d2e1f0644,82d81568-aa81-4df0-a8aa-c518f9ee0064,adb8df88-6feb-43c0-b9ed-cf67b5ef68aa,
fcc64df6-9e75-4a38-bdc0-20a8d35b9a21,83f840d1-0b53-4f6c-a027-b1effa432577,6e8077e1-a6a4-4aad-a838-994d8edf83f9,
ed5d1552-26ba-4026-984a-705f8ab180ab,84eb42fe-f28b-49fa-9e50-eb62e7c7cfd2,2271beaf-05c2-46af-9d78-70092f85dfc7,
926ef4cf-51d7-45bd-8d16-5f0ecd7a4604,84eb42fe-f28b-49fa-9e50-eb62e7c7cfd2,352d301a-7627-4899-9dc1-f68cac183a7e,
a6454870-e006-48b7-8070-0619d2e8c0b8,84eb42fe-f28b-49fa-9e50-eb62e7c7cfd2,583335a1-832c-4cd8-aca5-c7aba0eda4f8,
0dea61eb-d9ae-4faa-a4e1-fd3fb4f2a52a,84eb42fe-f28b-49fa-9e50-eb62e7c7cfd2,7bfbc0bf-e4ce-4d6d-9639-341c99271db4,
356bdf6f-65c1-4dc0-8436-719ac26e7646,84eb42fe-f28b-49fa-9e50-eb62e7c7cfd2,8aaab3d4-ec54-42ad-ab9a-25607d44df0c,
b8e86fe9-e64b-431d-971e-5b40013e7f8e,84eb42fe-f28b-49fa-9e50-eb62e7c7cfd2,add75c46-0c56-4a3d-bf85-55772f3b1ae1,
ff7e85f8-300d-4ba6-9e02-b45840c19abd,84eb42fe-f28b-49fa-9e50-eb62e7c7cfd2,b8557638-7d50-4d02-9cf8-67bc780df729,
4d774796-8968-4bd5-bd06-7adb72b30246,84eb42fe-f28b-49fa-9e50-eb62e7c7cfd2,e0ae4edb-47cc-4ef7-b370-4c0eac5dae64,
1f187814-b112-45ca-9c1c-232b5db26adb,8514b14e-f6b0-4d33-9a85-17845c12b214,18997c71-912a-4129-8810-91dc4c10179d,
ca6d6dc7-86d3-45be-aed8-b41f9cb6dbf1,8514b14e-f6b0-4d33-9a85-17845c12b214,29f6c9c2-bc40-482b-ade6-954897b8c2f5,
553b5ac0-6420-4a2a-acb2-69698b0aa675,8514b14e-f6b0-4d33-9a85-17845c12b214,6477e555-41c4-4cb4-ac6c-f2ac0dcc198e,
bcec8aa9-cba7-4414-86b6-6e72f4ed9799,8514b14e-f6b0-4d33-9a85-17845c12b214,f78c5b38-a2f0-440a-96c3-a9f19e7efd38,
6e188fc0-8cb5-49e6-96d9-deeeaf392eb6,855d256e-b509-4189-a979-a5ed10b0d078,0babce4c-d251-4bf8-a373-c6e4bc65681b,
00a26529-d7d6-4a72-acae-fb0dad1f5854,855d256e-b509-4189-a979-a5ed10b0d078,1f77206d-52be-4107-b798-a080b628f9fb,
57d796d8-39c5-4db6-a88a-cb6974b4d407,855d256e-b509-4189-a979-a5ed10b0d078,242a5e58-ec80-4109-9e74-f5baa93d64bb,
a91d49f7-c9c9-4b45-ab03-c1f2550f2b9a,855d256e-b509-4189-a979-a5ed10b0d078,293e996c-111b-4479-9f2f-728871366df0,
b09f84d8-2d79-4611-a11b-d408c75b2b71,855d256e-b509-4189-a979-a5ed10b0d078,387e48cc-950e-4b60-a5fc-eb870782e20d,
64df4998-25d4-4d71-a64e-fedd9ebdeeee,855d256e-b509-4189-a979-a5ed10b0d078,388f4ea8-9831-405a-a631-5377f3df528c,
bb108acb-f2ba-419c-8984-ac77d2637727,855d256e-b509-4189-a979-a5ed10b0d078,3dc7ca09-166d-44da-947b-9c0f778738d4,
39b74540-e85d-4991-ab30-507ecef030b2,855d256e-b509-4189-a979-a5ed10b0d078,3f563025-ed70-44a9-a7f7-a19080085a33,
ba5ccd8e-c192-41d2-bd71-77948a683e48,855d256e-b509-4189-a979-a5ed10b0d078,495254e5-679e-410c-a3a5-89c6781d7f11,
8f1a0a43-e64a-4cbc-b961-cc2ef7d57239,855d256e-b509-4189-a979-a5ed10b0d078,517afd81-c3bf-4317-ba78-768e6d035033,
e8be429c-1fde-466e-bb58-4f14ab5a1afb,855d256e-b509-4189-a979-a5ed10b0d078,5bbd4e6d-a938-4e24-99af-04851ebec215,
0d8583f1-1c94-433d-a00e-d9b4e04a3301,855d256e-b509-4189-a979-a5ed10b0d078,5c7ddf23-7fcd-4264-a2e8-a058f68abb68,
eb51ec33-59b8-4f48-aafb-22c1f8c660d7,855d256e-b509-4189-a979-a5ed10b0d078,6cec9b77-fa6e-4530-9de6-c6b3cbe32986,
784b1d41-6d9a-4897-9b56-1e28a910d95c,855d256e-b509-4189-a979-a5ed10b0d078,6d17dc5a-f643-4596-b44b-4127e584bfcd,
360f4ac7-29a9-49e8-8318-841666f00ef9,855d256e-b509-4189-a979-a5ed10b0d078,740c3d9e-97af-4e4c-bb70-05f06d95a26f,
468c5f3e-cb94-40fa-aa0e-2f16ec38592d,855d256e-b509-4189-a979-a5ed10b0d078,74b8932d-7c95-4503-8a56-5305ee260817,
d9a77cbf-497f-4052-98dc-8ffe0d3a304e,855d256e-b509-4189-a979-a5ed10b0d078,9463b7be-7b20-4d04-b4a4-8af321d4754a,
b44077fa-b257-4287-8c71-e3a5c3139625,855d256e-b509-4189-a979-a5ed10b0d078,a45f99e7-9675-4e92-978c-49c2d33620b4,
2a9dbba2-2537-4e6b-bae6-56169834d4b2,855d256e-b509-4189-a979-a5ed10b0d078,a672cd1c-c293-435e-a3c0-7c934cdc7f36,
73188a13-60ae-40c5-a656-1a53a6068948,855d256e-b509-4189-a979-a5ed10b0d078,ac70e92a-b295-4ef4-885c-ae73e5c3b882,
36d1c6c6-3d16-474a-bade-8c2deda2af72,855d256e-b509-4189-a979-a5ed10b0d078,ade87215-b726-489a-8c96-2e77ec6ca6fc,
e5b0efa7-0e02-4632-b63c-b9594e4ccb71,855d256e-b509-4189-a979-a5ed10b0d078,b6641bbb-d584-4c57-88be-658f89bcb752,
20132cce-29de-4c25-aaed-8d44e05be954,855d256e-b509-4189-a979-a5ed10b0d078,b6c511be-8406-4dd2-b841-19244c74b76b,
90bb76e9-c25b-426c-bb1b-41a5595948e2,855d256e-b509-4189-a979-a5ed10b0d078,ba4a289f-2fa5-405d-a358-43f56c7b63ad,
7497f57d-7f62-4419-87ac-50e299789b39,855d256e-b509-4189-a979-a5ed10b0d078,c2de1ed4-4571-4775-976f-a3715687b1ba,
5ef223df-4a60-4f3c-b92c-b5618e1074b8,855d256e-b509-4189-a979-a5ed10b0d078,c4d90994-8ed9-4273-b3a9-aeff669d62be,
172b579a-fa78-45fb-830e-fe93325b6f2f,855d256e-b509-4189-a979-a5ed10b0d078,c58b9e5c-aa1f-4b50-9e7e-b895f1f1435b,
2c1925a2-d24b-40c8-a88c-6b73eeae04a2,855d256e-b509-4189-a979-a5ed10b0d078,cbd50c42-4dad-4caf-b338-6e36fb6d72fd,
8da84e45-51bd-4ba8-b7ce-625c0922b08f,855d256e-b509-4189-a979-a5ed10b0d078,d36305ec-a2f0-4086-9572-095decc632bb,
ab4a513c-961f-42e1-9013-69576995fbf4,855d256e-b509-4189-a979-a5ed10b0d078,dc265190-f5a9-4cdf-b125-f38fb22633e0,
89f7f5b1-60bb-4ad8-8173-f0707fb65611,855d256e-b509-4189-a979-a5ed10b0d078,de951e60-d69f-43df-9900-3057a562c39e,
a7261c32-f8bf-4c31-ba9a-d81c60b3c53e,855d256e-b509-4189-a979-a5ed10b0d078,e09fae52-0fc8-4953-b8db-53f7a13d2a03,
5baf6e7e-f994-4259-8990-05ef50bfe332,855d256e-b509-4189-a979-a5ed10b0d078,e294ca6c-f38f-4e13-9c66-649650ef1b9e,
e582b05e-7301-4c94-9ef2-501ded487c19,855d256e-b509-4189-a979-a5ed10b0d078,edd43ffc-7004-4cc6-b17d-dc27e82be4d7,
0732343f-7dd1-43e8-b7f1-e234c804aa96,855d256e-b509-4189-a979-a5ed10b0d078,f3266881-1686-44b4-a850-5c4ced14684d,
17c59d4b-4faf-4f30-97b2-a88fdb9fd57d,855d256e-b509-4189-a979-a5ed10b0d078,f3726ffe-c40a-4414-bbad-63fca0d91c8c,
ba3e99e5-6240-46f3-8bf6-5832022a1da5,855d256e-b509-4189-a979-a5ed10b0d078,f91cf756-5370-44ae-bd35-3b0ffeedf262,
afdb6077-7313-41ef-b648-329aec152a96,85753a20-e019-47eb-9126-a8e6a54e3330,3aab90b0-a483-4d3e-8b5d-53a6391a980b,
0eb61fa6-dbb3-4366-af01-dd8e556ff93d,85753a20-e019-47eb-9126-a8e6a54e3330,c1e9c378-0a78-4df4-a6f7-cae8c97408c9,
d7e1e0d7-b3d7-49d1-ae72-f801a2ef664f,85753a20-e019-47eb-9126-a8e6a54e3330,c298b72f-0d98-4eb6-add4-f2242cd24db6,
f8c649c0-2de2-4067-bdd8-b256e3b21193,85753a20-e019-47eb-9126-a8e6a54e3330,e142e3bc-c97c-436a-901c-fc8fc9bad129,
ab790a0f-1177-43c5-9157-026632d8f839,86e97a66-b9c5-4af4-b236-9eab4843c61d,023d36c7-67b8-4142-ab10-df88a6215a6f,
b9c0f6a7-17d0-4dd6-9e11-d0438c273e96,86e97a66-b9c5-4af4-b236-9eab4843c61d,3afe01aa-26da-46dc-904f-3218adf82d62,
801d02a4-3a40-4307-afa1-1418f940bef9,86e97a66-b9c5-4af4-b236-9eab4843c61d,3bf85cb9-e1ed-48cd-9f03-96bb5b5e4d63,
f638040b-261d-479e-accd-3e949ae934d5,86e97a66-b9c5-4af4-b236-9eab4843c61d,3c4fd376-0048-44a7-8b96-754f7b7fa263,
e3260af2-c3c6-4b87-9b7e-327a9306c3c7,86e97a66-b9c5-4af4-b236-9eab4843c61d,44b0a1b4-bf70-4d92-b6e2-b991b2f1cc2d,
7857086f-c3de-4dbd-9fbf-5a847bc369c6,86e97a66-b9c5-4af4-b236-9eab4843c61d,68fb5eec-3621-4ccf-9446-ff20ddc519b2,
30d7221d-bda2-4b1e-9d89-de93713adc30,86e97a66-b9c5-4af4-b236-9eab4843c61d,7b63f3cd-7c5b-41ff-a9e6-57d866d4a398,
21ffc0e6-1636-43b5-95fb-e04871e366a4,86e97a66-b9c5-4af4-b236-9eab4843c61d,94a1f883-6700-42ec-a61b-33c300d9e482,
62f6626b-d527-448d-848e-b3666b542af7,86e97a66-b9c5-4af4-b236-9eab4843c61d,ab5e556c-973d-4318-9d09-3bd6a5b1310e,
aa523c48-0ef4-4158-88ee-3c06cdba5bea,86e97a66-b9c5-4af4-b236-9eab4843c61d,ae2a1feb-a5fe-46be-83a5-80faeb89bea0,
c9601615-6b19-4c40-8f4f-4ae1e7333798,86e97a66-b9c5-4af4-b236-9eab4843c61d,af699527-e618-422e-9338-f8b4761bf645,
32a29a2a-b7fb-457b-9cf1-e62862079517,86e97a66-b9c5-4af4-b236-9eab4843c61d,ca17075c-3141-4fda-846b-a47779dc4c59,
307a15d1-158e-4f84-9e7b-3e190f91b514,86e97a66-b9c5-4af4-b236-9eab4843c61d,caca110e-ef7f-4eaf-9725-5e2affcac699,
92212ec8-2241-45f2-8320-e341fecbd710,86e97a66-b9c5-4af4-b236-9eab4843c61d,cb6c7e6f-9922-4d2a-a54f-f26a0c9571b5,
9cc41eb6-a99a-40d3-b7f4-774250bcd9c7,86e97a66-b9c5-4af4-b236-9eab4843c61d,d1cdb1d2-f3da-4078-ab3d-b140b4580006,
ae63b935-46ca-47fb-8114-ea55626abcaf,86e97a66-b9c5-4af4-b236-9eab4843c61d,f70c5b2f-f17d-4aab-92e5-0f1e92fa1c03,
be7ee129-70e4-4a85-aad0-00982cd50c92,875c8b37-e6e6-4ff8-aef3-35ab75dc7112,1393ace1-25e2-4eff-a0f7-cb1ead69dc90,
779dfc9a-dda8-49ba-aeec-7feeeda647aa,875c8b37-e6e6-4ff8-aef3-35ab75dc7112,14d36c21-9f3a-4f2f-89e3-399bca39919d,
2622d216-e151-4ebb-98b2-330d99751518,875c8b37-e6e6-4ff8-aef3-35ab75dc7112,2091fb4b-3d3d-41d5-8576-0c686ed34314,
418b01aa-6113-4d8c-9af6-8e234e00166b,875c8b37-e6e6-4ff8-aef3-35ab75dc7112,24c7468a-d33b-4230-b587-87f48c34d881,
246e537d-acc2-4ae5-876f-d5000f6ffa06,875c8b37-e6e6-4ff8-aef3-35ab75dc7112,3089625a-b8e7-427b-bfc3-a90061e4927a,
bffbcd73-3192-48a9-8e8d-723872122c6a,875c8b37-e6e6-4ff8-aef3-35ab75dc7112,432f4c6c-0f3d-45b5-93d9-1ec59614101b,
4ce2d3af-8b75-4360-8b47-25956d889c06,875c8b37-e6e6-4ff8-aef3-35ab75dc7112,714c594c-ea25-4554-9dea-3ae44161b204,
9efaf3f8-87fe-42ae-aad2-635a7bf22a90,875c8b37-e6e6-4ff8-aef3-35ab75dc7112,77f36bce-5247-4b54-98b0-68bbf81e8918,
eb1f0a2d-02fe-44fe-90ef-990d5feccda0,875c8b37-e6e6-4ff8-aef3-35ab75dc7112,92bd19c0-d45d-4202-9191-a4b2e66dc002,
ca74c21c-0443-4183-8334-915b397350ce,875c8b37-e6e6-4ff8-aef3-35ab75dc7112,96a3c13d-7345-46e1-a03e-2c03c1fdc9b7,
c7664f16-0cd6-4b8a-a8ca-3d9a4c34773e,875c8b37-e6e6-4ff8-aef3-35ab75dc7112,a5da6250-3929-45d2-81d8-ca5ba8d73ed2,
efd554cd-afa2-4f69-9641-eb649e46bb1d,875c8b37-e6e6-4ff8-aef3-35ab75dc7112,a932a280-1168-42fa-b003-ce1d2955d517,
73cdfc73-5de6-4f6a-91bf-1f7fa4a35930,875c8b37-e6e6-4ff8-aef3-35ab75dc7112,b2d65b1f-602f-42eb-b660-bb9a586efc20,
87efc4c6-38d6-4044-a11d-91535d9a62ce,875c8b37-e6e6-4ff8-aef3-35ab75dc7112,b84b7713-aa24-4677-a383-b6d96e493713,
b7ea72f0-10cf-447c-a12f-f22098603e4b,875c8b37-e6e6-4ff8-aef3-35ab75dc7112,bd9eec3f-cba7-4b6b-9f4d-6c2fe065be96,
b57320a8-149e-439c-9861-891e2ceba6e1,875c8b37-e6e6-4ff8-aef3-35ab75dc7112,bdd03ece-a68c-4e3e-bfbf-d318cfda4edf,
7361ab4e-9777-4d2b-b931-1db25a88b12e,875c8b37-e6e6-4ff8-aef3-35ab75dc7112,c85e37ad-400f-4494-9504-b059f9b09524,
1d2e989d-67e8-4c22-999a-28661099a6d3,875c8b37-e6e6-4ff8-aef3-35ab75dc7112,daae1ec2-b016-4d89-bc1f-76ba92dcefbd,
37ee78e3-6fd9-4982-b04c-82c04cb107f0,875c8b37-e6e6-4ff8-aef3-35ab75dc7112,ea127fc7-36f1-4544-a4b6-1881481f9b47,
d4879374-95f5-4398-94cd-85d1850abc94,87d9294d-d554-48a5-9402-562ababeb358,5b1c8a34-9553-403b-9510-fccb1c016c64,
36aa69a4-c80a-4530-8fc7-c8a935982dbd,87d9294d-d554-48a5-9402-562ababeb358,bd84a5dd-44b3-4865-bf68-d71889b06b85,
c8cabc56-2c38-4e55-894d-400c8dc8d1e9,880b20c6-2779-4c48-9feb-3affbb6e7dd5,06f0dc5c-2765-41cd-996e-3f7b97ef4d3a,
234f7b80-1206-4b25-9299-233b8074d145,880b20c6-2779-4c48-9feb-3affbb6e7dd5,08e087ec-aee0-4f32-b1e9-58effe401097,
41b6f0e4-43e6-4f3f-a5bb-a433287a3419,880b20c6-2779-4c48-9feb-3affbb6e7dd5,1c686e30-80bc-409b-8e58-1dcdb8446c3c,
245ea409-2584-4e94-8729-04253131acb9,880b20c6-2779-4c48-9feb-3affbb6e7dd5,1e2c2cb2-7fde-43cc-921c-1218d7e3b875,
a9bbc027-8490-47b5-9f96-af5d8072d41a,880b20c6-2779-4c48-9feb-3affbb6e7dd5,200fbdd7-9efc-4ea6-baeb-4d78c23d6a11,
66ba29a7-b1bc-42a7-b127-244b039f24ad,880b20c6-2779-4c48-9feb-3affbb6e7dd5,282e483c-c670-4d58-a726-98830f1b0125,
4bab1dd5-3d11-4685-87b7-22cdd5b6eb68,880b20c6-2779-4c48-9feb-3affbb6e7dd5,2999136e-78fd-43d5-b017-7f05424772fa,
0465ae72-9a27-4e98-a13c-00f20ed841e1,880b20c6-2779-4c48-9feb-3affbb6e7dd5,2d2780b5-0faf-4bd5-a1fa-85de56173223,
50fa54ec-5506-4de1-9278-a5ccbcf01f2f,880b20c6-2779-4c48-9feb-3affbb6e7dd5,37ad572f-5224-4604-abeb-e81d6156fd30,
8c69db41-e009-4ca1-b91c-059eca75bf0a,880b20c6-2779-4c48-9feb-3affbb6e7dd5,3cf0e4f4-9cb6-402f-9d33-5b6aedbdde28,
8c3d0950-a5b8-412b-989d-c91a73a00b70,880b20c6-2779-4c48-9feb-3affbb6e7dd5,3fda8d48-69bb-42e0-899d-a91c93c36362,
750a9784-6f16-4cbf-a916-9cea9e4f27d3,880b20c6-2779-4c48-9feb-3affbb6e7dd5,408ee1ab-af74-4de5-bfdf-ec07cd697c3c,
e20f7531-9d0e-4c5a-bc9e-a7d0f62c0bd9,880b20c6-2779-4c48-9feb-3affbb6e7dd5,41d69112-e16e-4f33-a950-9277ec035ec0,
3923cb80-7dda-4b71-aa50-b3351fb659be,880b20c6-2779-4c48-9feb-3affbb6e7dd5,43e3da9f-035c-4635-9d69-11b7f8b9eec2,
d52a440a-4b27-4124-ae6b-8f2d64d315b4,880b20c6-2779-4c48-9feb-3affbb6e7dd5,6159fcb6-bce9-46dc-8197-97b39c52a72f,
c66347c0-9b0f-4423-8329-be3975da2d26,880b20c6-2779-4c48-9feb-3affbb6e7dd5,63533ca8-459b-4c0e-92d2-ff8a80269abb,
bd4cf8cd-a8d5-4c14-823d-2857458986d8,880b20c6-2779-4c48-9feb-3affbb6e7dd5,639733e0-b5c6-40fd-a95b-1bd2682f0fdd,
1e191826-e453-4c5c-8f1c-c856c4a57d8f,880b20c6-2779-4c48-9feb-3affbb6e7dd5,63cf7ac1-7285-43c1-b2e7-8f42050dc43d,
6c9bd822-0219-4e78-b28a-aefe2ce44e67,880b20c6-2779-4c48-9feb-3affbb6e7dd5,681e7382-164a-4cae-bcbe-1020534d6235,
f9543a10-0e7f-4bf8-a18b-0b98ad8d36e4,880b20c6-2779-4c48-9feb-3affbb6e7dd5,6a48ed85-6853-497a-9ca3-683830dc973c,
0ef816ff-bf97-4dfa-b9fb-a9bae3857d9f,880b20c6-2779-4c48-9feb-3affbb6e7dd5,70ea77ff-7749-4bf2-b915-123d5e2588df,
fd93715f-d712-409b-8666-5f696f5f008b,880b20c6-2779-4c48-9feb-3affbb6e7dd5,76e49415-6208-41c9-a8c2-c5d30435153c,
d6f14f9b-f06b-4c7c-9c28-072fbeca8792,880b20c6-2779-4c48-9feb-3affbb6e7dd5,782c94d6-5304-40f6-afaa-52f683f949af,
5b179485-b4a5-4f77-8a3a-dbd429a9d979,880b20c6-2779-4c48-9feb-3affbb6e7dd5,7ec1c93d-a3db-4963-847e-ca6ce23e8aa2,
d6a860fb-165d-4f2d-a5c8-a8484e1b0517,880b20c6-2779-4c48-9feb-3affbb6e7dd5,84f8de82-8b7b-4bc8-b3ba-a357e2d29000,
9cac2289-c1d0-4fb6-96aa-a8f2e74b140c,880b20c6-2779-4c48-9feb-3affbb6e7dd5,8b43e56e-f8a7-467d-8da0-042338ce560c,
dc971ca9-7619-4ed5-aa7e-3ebe25574b06,880b20c6-2779-4c48-9feb-3affbb6e7dd5,8b8831dd-6e3e-464c-97d6-0ec5da42e076,
0dd66eeb-a1a8-48bc-8513-6037f3d58c7c,880b20c6-2779-4c48-9feb-3affbb6e7dd5,95143f84-a941-4c78-9c64-db6bd12d2559,
05935bee-cb1c-4ea1-9eec-5851e52a6e33,880b20c6-2779-4c48-9feb-3affbb6e7dd5,97be671d-6ccb-4125-b2dd-76e77711c7a6,
def3b2d1-4b68-4c8b-8ade-f06a814c025c,880b20c6-2779-4c48-9feb-3affbb6e7dd5,98375758-3e8b-48b4-8e7f-f2abcb6b292e,
44e5e3ca-26d4-45d2-ab81-04218adfd410,880b20c6-2779-4c48-9feb-3affbb6e7dd5,b81930bf-bf65-4a74-b52a-2f0c73e4f0ba,
9aebc82b-90bc-48bc-988c-8f4011538356,880b20c6-2779-4c48-9feb-3affbb6e7dd5,b990780a-b053-4080-8811-809f7127c59c,
986d71da-a792-450d-87f9-ebc007779928,880b20c6-2779-4c48-9feb-3affbb6e7dd5,c01ff7b4-0f38-46bb-ab06-0acf9a0c4d22,
d5ada447-dcb0-498f-8072-aa1637edc24d,880b20c6-2779-4c48-9feb-3affbb6e7dd5,c6f82f7a-adae-4090-a89e-b4c9ac367bb9,
7dd2131d-d6d3-4903-8e27-5ee374e1a1b5,880b20c6-2779-4c48-9feb-3affbb6e7dd5,c70e87b6-c3d9-4477-bec3-6b75c1d25d83,
65f8ea47-829a-42a4-a401-b3763c693e33,880b20c6-2779-4c48-9feb-3affbb6e7dd5,c73f8fc9-c98a-4df5-81ed-792eebd7abf1,
0c7bab37-47e8-4ecb-9f0e-59f39da0438e,880b20c6-2779-4c48-9feb-3affbb6e7dd5,c7ef083b-b91d-40ea-bc9b-c84f2cedf752,
28c75aac-783d-4d15-a433-3ffa02f829f2,880b20c6-2779-4c48-9feb-3affbb6e7dd5,d4a3eb74-eb95-4027-814f-2f6b79ada764,
61bfb4a5-1ea6-4cb7-a204-5d510017cbf4,880b20c6-2779-4c48-9feb-3affbb6e7dd5,ed5a29e3-a2df-4cb5-a02d-cf8fdb70d385,
e2e732ed-68db-450b-b24f-c84d530c2a30,880b20c6-2779-4c48-9feb-3affbb6e7dd5,f53174c7-7eda-46a4-83b8-4f232a4be454,
484dbb10-335f-4a5f-bbd4-8b75f18ccd5d,881cb077-7cd0-4541-9959-e11232f3e97c,03ce509a-72af-4bf7-9a9a-5258360ff66f,
cfe9ddad-0659-42b5-b4a8-974fc8468888,881cb077-7cd0-4541-9959-e11232f3e97c,122241cd-6767-4aa3-bedf-6c40303dcf82,
1c4a5572-06dc-4730-9608-f99557e63869,881cb077-7cd0-4541-9959-e11232f3e97c,12415810-a679-4e8c-b4ef-8d57343accf0,
ef45a3a7-7fcb-42a9-af85-7556191ef78a,881cb077-7cd0-4541-9959-e11232f3e97c,1375c5fb-ee88-43e0-957f-4e6c8b065225,
e7df5083-5f39-41d0-8dea-98118061afb4,881cb077-7cd0-4541-9959-e11232f3e97c,14824661-d7d0-4f64-8af2-0ba1008047ab,
b9619d77-df63-4aee-ad69-4cb8003166eb,881cb077-7cd0-4541-9959-e11232f3e97c,1a4cf073-38c0-49dc-8824-5049f9d0dcb1,
6d79a88f-231c-4572-b69a-701bcaf6aa90,881cb077-7cd0-4541-9959-e11232f3e97c,296dbcf0-ada0-468b-a300-bcc93ca827ae,
42167b4d-c336-4aee-8241-609d589c06fd,881cb077-7cd0-4541-9959-e11232f3e97c,3bd13f70-944a-476e-95fa-7e94e55ee2b1,
b8d3e6bc-4e68-4f5b-b71d-890b8dfcd63d,881cb077-7cd0-4541-9959-e11232f3e97c,408ed0cd-9012-4e6d-bd4f-eeb884192108,
bbb2b301-bc60-4722-aea0-79ae2bb5f332,881cb077-7cd0-4541-9959-e11232f3e97c,42989167-da32-4fc7-b9e4-8bb5a211704a,
75dbd003-026f-446f-bb7d-5f671058888d,881cb077-7cd0-4541-9959-e11232f3e97c,44bf10c1-122b-4460-a1ca-e5abba92b943,
99bbade8-c860-47a5-b0bb-c7b55774df38,881cb077-7cd0-4541-9959-e11232f3e97c,4a6203c4-a373-43d2-b44a-81aa1106bf50,
09d05c97-9cee-4334-9ba2-421ac0a295d3,881cb077-7cd0-4541-9959-e11232f3e97c,4c7cb4ef-8c90-4453-abcd-368d9ddaa3f7,
2e594a07-41b6-4fe0-acf5-67c9476c8e11,881cb077-7cd0-4541-9959-e11232f3e97c,7844f49b-4a84-4994-a25f-215b2a447fb7,
434e6532-2e15-4a09-9c51-8960fb92b90f,881cb077-7cd0-4541-9959-e11232f3e97c,817bf4f7-1cf9-4cd7-bbb9-ccfcbc5cb9d1,
9d20fd5c-d4f7-4f57-888c-89a38959ae53,881cb077-7cd0-4541-9959-e11232f3e97c,8dd993f5-fcbb-4350-8f7a-77af0b813488,
690f7b0e-0674-4d0d-8b61-55bc9613eb8b,881cb077-7cd0-4541-9959-e11232f3e97c,a909572e-2dbe-4951-828b-493aed884b03,
83044452-135b-4604-b870-63a07e5fa930,881cb077-7cd0-4541-9959-e11232f3e97c,ad728276-b923-4624-b29a-aa3ac128f14f,
d1a47e55-de13-4e93-a76e-c0e363211985,881cb077-7cd0-4541-9959-e11232f3e97c,b5d8d8aa-0013-4b65-9e3c-096c34e4b91f,
11874f0b-86ed-45b8-a290-25905a1628d1,881cb077-7cd0-4541-9959-e11232f3e97c,cda0c979-f0b2-4209-b030-a1a3fc3701c5,
4684807c-4059-4eaa-9e48-1f5a085e3108,881cb077-7cd0-4541-9959-e11232f3e97c,d0827cb7-06d9-46d4-88f8-fd3c1d40b12d,
ad3d569a-c612-4a68-84fc-92fb73b49614,881cb077-7cd0-4541-9959-e11232f3e97c,d0e55563-8975-444e-be2c-36ce7cdbbebf,
63a0d0ec-b6a2-4e07-aecc-5c5c75101a21,881cb077-7cd0-4541-9959-e11232f3e97c,d669aa5d-6d38-4e5e-a038-f69c7bd8218e,
c2e09062-b812-4d03-a46e-5210a16a7a13,881cb077-7cd0-4541-9959-e11232f3e97c,d6d7fa86-549c-4995-8a13-8c445fda8045,
533a4ac8-039a-4beb-bb97-f80fbcefc6b0,881cb077-7cd0-4541-9959-e11232f3e97c,d915ad83-74d8-45f1-bc56-d52deec8b38d,
7e8e0761-09d3-402c-a513-5696e7611385,881cb077-7cd0-4541-9959-e11232f3e97c,daed66fe-818c-4f39-a801-0daca6860355,
8f2a284d-4cd8-43c9-95fc-3ecb44947553,881cb077-7cd0-4541-9959-e11232f3e97c,dcf56a44-5974-44c7-954b-8bb47f8c1217,
c0330e95-c7c7-453e-a5d9-77d6051a676e,881cb077-7cd0-4541-9959-e11232f3e97c,e81c36e2-97d5-4494-8625-d6f79892fcdf,
bf327c34-7989-471f-8236-c8c3947eff07,881cb077-7cd0-4541-9959-e11232f3e97c,f67ff41c-9ad8-4922-acd1-d6bae60659a8,
778e8f5b-94f9-43a5-aa96-b73f2c53e175,881cb077-7cd0-4541-9959-e11232f3e97c,fe54d104-32d0-4ae8-9357-0f9def19e00f,
9a02439e-6642-41a2-a9fe-64fa7981eda9,888f1294-0778-4621-a5e3-65dbce7f2639,0cbeec54-dbbc-4ee4-8080-43c895712952,
e76b2a43-03f6-48bb-a808-8cd404762bfe,888f1294-0778-4621-a5e3-65dbce7f2639,3953708f-d46e-4bd8-8662-c3511853bae9,
90564aa1-ec0a-4721-86e3-3103af63b5fa,888f1294-0778-4621-a5e3-65dbce7f2639,c07bbe8c-1110-4569-9bba-173b917fe8fd,
d4911ae9-6360-4026-aabc-45b7b1e4003e,888f1294-0778-4621-a5e3-65dbce7f2639,c85b7af5-f5e5-48a5-b0aa-93d3f80a85fc,
f7377faf-8283-476e-be06-880e42a97c70,88c028a6-13d0-46ce-93b3-eaf7f6d6bb3f,0ef17b2d-5526-4b90-9339-f8879b3ef655,
bf6d6b4e-a4b0-4853-b7b3-56732fa3421e,88c028a6-13d0-46ce-93b3-eaf7f6d6bb3f,17485da2-1d4e-4f0d-ac9b-52fbf30fe146,
966470bc-8f45-4e84-8f93-b87e97be845e,88c028a6-13d0-46ce-93b3-eaf7f6d6bb3f,1e374b9d-c9a1-48ef-9c08-283d0157dcf1,
199325e9-41f2-463b-ad1c-bd1537645c2c,88c028a6-13d0-46ce-93b3-eaf7f6d6bb3f,47345a63-0b8f-4f69-ac20-021f33f24479,
3ea77b77-c7a4-466f-8b7a-ef7509c3c3df,88c028a6-13d0-46ce-93b3-eaf7f6d6bb3f,486192b7-dfe4-4558-8550-ad28ea2e9d79,
cafd10ed-e467-4e46-9e1f-777fabd90597,88c028a6-13d0-46ce-93b3-eaf7f6d6bb3f,5cab2893-0e8d-4499-977c-c7586f6a8ca9,
3ecd0780-9a53-4b9a-b0fb-92f7c404a781,88c028a6-13d0-46ce-93b3-eaf7f6d6bb3f,7a9d7439-dff8-4c83-b2ca-a078c1003a8b,
47393601-f1c1-43e2-97ae-df02af0fbcc3,88c028a6-13d0-46ce-93b3-eaf7f6d6bb3f,84d513d2-8e2f-4661-8223-91c4be7a6f8c,
3a31b06b-1b79-4300-b62f-4cc396443087,88c028a6-13d0-46ce-93b3-eaf7f6d6bb3f,be4733b0-fdd1-4f65-8f28-36922e60a4d8,
11bdb24e-1d70-4609-a8f1-888b520cea94,88c028a6-13d0-46ce-93b3-eaf7f6d6bb3f,ce533910-30d9-4431-99a9-9d66c3be2015,
6c9ea1db-86de-42b2-82bc-b13438d17f8e,88c028a6-13d0-46ce-93b3-eaf7f6d6bb3f,dbda0c13-3ba0-40af-87dc-4317b4e6211c,
c69f6285-abff-48c0-a3a4-483dc63539a6,88c028a6-13d0-46ce-93b3-eaf7f6d6bb3f,f319fb73-62da-4c1a-a7aa-67b87ed69df7,
802e5938-90a9-4808-aa2e-4e5dc06118dc,88c028a6-13d0-46ce-93b3-eaf7f6d6bb3f,f8ed3d0e-413f-422d-860f-af172848b8d0,
b71af3d3-def0-4c3e-b1f5-ed394f8fa576,89c8db9c-d30d-409a-9f4a-47274c3deb6a,15bb3b95-7cd7-4a3f-b8c3-4216fe49f1a2,
e676133a-ff97-48f0-a3c5-3c803b4d8571,89c8db9c-d30d-409a-9f4a-47274c3deb6a,1db51db1-d7f2-4a67-9d0d-637309f66445,
ec5757c6-bf1f-417f-a172-b92d0a488d09,89c8db9c-d30d-409a-9f4a-47274c3deb6a,2b8c9e6f-6706-4f6a-839a-ae84e0c8e041,
198305bf-f807-4543-8bcc-a70f8b6d35f9,89c8db9c-d30d-409a-9f4a-47274c3deb6a,3543c631-500e-46df-b3f8-2985e62ea68d,
3b67b00d-e9ab-402d-a7f3-ffa3253136c7,89c8db9c-d30d-409a-9f4a-47274c3deb6a,360a58af-9fe9-4d29-9e51-f595eae530ea,
efa0c526-d9ff-4f6f-8e48-cd331f0ae409,89c8db9c-d30d-409a-9f4a-47274c3deb6a,43e6d653-4e31-4d7f-8a4a-90c95ebde432,
4a1a30dc-c4d4-48a1-8ad0-a3b289a390b3,89c8db9c-d30d-409a-9f4a-47274c3deb6a,44f61f71-60d7-491e-be26-179209e2f7a6,
70efd11c-e9ab-435d-bb16-8717902dab62,89c8db9c-d30d-409a-9f4a-47274c3deb6a,4d185d37-f97a-4e5b-b298-71b3ee55c6cf,
ad01119c-0c81-4fb4-a3c6-848ba5c48752,89c8db9c-d30d-409a-9f4a-47274c3deb6a,6cc01c49-edfe-4668-a456-0a2aae387b52,
9804726d-c52d-4b4d-b20f-5bbbf16346a1,89c8db9c-d30d-409a-9f4a-47274c3deb6a,86de6fa0-f2c0-43e9-956c-4699da12633e,
f3cf5fd7-53f1-4abf-a07a-53943db9e813,89c8db9c-d30d-409a-9f4a-47274c3deb6a,8af05a70-e4c0-4aaa-ba0a-43d092d308b5,
c8ad5588-9141-4882-99e3-fe00fc648173,89c8db9c-d30d-409a-9f4a-47274c3deb6a,8f1adec9-96e4-434c-8a7e-9dcad31b7966,
14506152-20ef-4caf-9620-d86e7dc79037,89c8db9c-d30d-409a-9f4a-47274c3deb6a,96fec1b3-54fc-425d-8af2-bdb8db08d98a,
16dff363-4abd-4035-a3fc-f79eb5e753ad,89c8db9c-d30d-409a-9f4a-47274c3deb6a,a671f514-bd1f-47ad-86ab-81135399d798,
b5f10f20-7d1d-470e-8a8e-a519a1c2c1d7,89c8db9c-d30d-409a-9f4a-47274c3deb6a,e0b9404b-a2e3-4fe7-9e98-13612046be23,
8375edf0-fb90-45b0-8a2d-7b2e3eb2f771,89c8db9c-d30d-409a-9f4a-47274c3deb6a,e79966b1-97c1-4f8c-86b0-ef5e144ce80e,
5dd2da79-4ecb-4955-ab4f-44feb9b58eb3,8b83834c-904b-4f36-89bc-6bef7820411b,2b9d22a4-8370-45c5-96cc-c16aa5966d71,
5ec96c0b-f779-464c-9bc5-0d72aaedf0d2,8b83834c-904b-4f36-89bc-6bef7820411b,3210280a-c614-4db8-86f8-f67b81446faf,
9165d6b5-b434-4794-bfde-b59846e2e5fd,8b83834c-904b-4f36-89bc-6bef7820411b,5613587d-9312-489f-9a65-6e845842f0ef,
ef43631b-8f6d-45e7-b979-887e966dca56,8b83834c-904b-4f36-89bc-6bef7820411b,985f636a-60fa-4eb6-a966-ae49e429b51d,
2e87c272-9b79-4f95-b6a9-542a0a4df382,8b83834c-904b-4f36-89bc-6bef7820411b,e2a5dc5c-d851-4dd6-9006-dc380fba4703,
f29efc17-b629-4e8c-9f69-53c972cfc863,8b83834c-904b-4f36-89bc-6bef7820411b,f1096af8-24c0-4653-a17d-3c359846d208,
7a5623d2-7265-485b-b4e7-9d3df6abe5f4,8b83834c-904b-4f36-89bc-6bef7820411b,f401d5e3-2f5c-4002-97ef-0951e4ab7f3a,
223ccbbe-a3ec-41bb-826a-fef1be096a42,8b9ca6ef-d039-430d-8821-f0f533b146a9,2a9c4342-c7a2-46a9-ac2c-1757a4023e97,
c78fa60e-03a1-420e-82ca-d980844e90da,8b9ca6ef-d039-430d-8821-f0f533b146a9,bd97ad06-2bbc-4f45-89b2-387701b6c903,
d00fa84f-92f2-41d2-a8cc-4f48dda495dc,8b9ca6ef-d039-430d-8821-f0f533b146a9,dcc1e3a2-d5ab-4a0b-88c3-a2f73700d15b,
1769c36e-b1a9-43f6-8b93-203828b527f6,8b9ca6ef-d039-430d-8821-f0f533b146a9,f5aa0afb-9877-41a1-be15-e846c7b14715,
830f6650-a56b-4ba6-b15e-334de572b601,8c578d85-7a7d-4e01-932b-84d5744cd7b4,03af3065-1f3a-4a55-8f58-dbadc89285e4,
dfa33ff0-fb58-43c0-b2af-33946ea095e3,8c578d85-7a7d-4e01-932b-84d5744cd7b4,0460d60b-13ff-438a-9f0e-9071142ba678,
ab0b9ac6-e4c0-40e9-a7d5-dc98e4c9d4d4,8c578d85-7a7d-4e01-932b-84d5744cd7b4,08eb249d-796d-4b36-a51e-f10d51cad62e,
9d3c5a1b-aa81-4160-834d-605c27f738ea,8c578d85-7a7d-4e01-932b-84d5744cd7b4,183fc768-36c8-4662-aa81-1cf1bce1e2ea,
010153ef-2127-4090-91df-f8c59b0da3c2,8c578d85-7a7d-4e01-932b-84d5744cd7b4,183ffde7-b42a-4edf-8086-2159eed843c3,
74632cf9-2938-4fd7-a296-69268606e075,8c578d85-7a7d-4e01-932b-84d5744cd7b4,20db50bc-2205-4a4a-bf97-3456d650e49f,
a156d8b0-399f-4915-b315-8abd30b7c1f0,8c578d85-7a7d-4e01-932b-84d5744cd7b4,211748ff-3e89-49ec-89b3-a3e9e0bb9dc4,
463c32bc-4bc3-447a-af89-2ba08abce43a,8c578d85-7a7d-4e01-932b-84d5744cd7b4,35de921a-4a49-48b8-8d81-2fa6ac5b8cfc,
f61047fe-fcde-436f-ad56-f6f997ea3788,8c578d85-7a7d-4e01-932b-84d5744cd7b4,46fa1c1f-82f4-40f9-80a1-aa992c0f78a1,
360aa39c-ce9f-48a0-a0d3-d462d9cb14ef,8c578d85-7a7d-4e01-932b-84d5744cd7b4,49e0cb53-c658-463c-a4fa-a7ac49a74d94,
e230c8f7-7960-4aab-93b2-1861dfb568c3,8c578d85-7a7d-4e01-932b-84d5744cd7b4,4e178664-64a4-4b85-a6e4-51295c0bc066,
ad588177-5877-46b2-9652-355d9397e6c4,8c578d85-7a7d-4e01-932b-84d5744cd7b4,566706d6-a9df-4ed4-83e4-5db1cd266be0,
822223e2-5cc0-4d92-b707-84a226b74177,8c578d85-7a7d-4e01-932b-84d5744cd7b4,5fa9d31d-0d2e-4125-8946-d019c963b9d7,
05a90581-99f1-4ec4-955b-0c001a071375,8c578d85-7a7d-4e01-932b-84d5744cd7b4,61893e28-a62e-4c7c-93fc-19a7f656c778,
f9c67e99-9739-4171-a888-1fd49f76e286,8c578d85-7a7d-4e01-932b-84d5744cd7b4,644c7060-c6ce-4a07-ba09-ec06c197bc31,
a2876129-bdd3-491f-ad72-472c42df9260,8c578d85-7a7d-4e01-932b-84d5744cd7b4,68d60826-dded-4529-a655-1406118210e8,
0b61b7af-ed77-4ca0-ba50-49baef34b5a2,8c578d85-7a7d-4e01-932b-84d5744cd7b4,72d2109e-b989-4e22-ba07-443d598f5dc2,
3f62379b-d674-4fc0-9cd6-389f34d2077c,8c578d85-7a7d-4e01-932b-84d5744cd7b4,7554018e-a680-4885-b5aa-88acdf235830,
154d19b8-cdc2-4c50-a9ae-1efbe64726cd,8c578d85-7a7d-4e01-932b-84d5744cd7b4,7703e523-ed83-43e8-9367-c92ebe411d31,
146ca4db-de49-4170-a400-357b7b97b5d5,8c578d85-7a7d-4e01-932b-84d5744cd7b4,831f2f64-29b4-413c-a44a-b971c7b793ff,
50277720-14a5-4861-89f3-9e690a2b86f3,8c578d85-7a7d-4e01-932b-84d5744cd7b4,92d5ecb8-7525-4b9b-983a-f37445f6cbb8,
d817a364-25d1-4a34-9361-e9077da6fd63,8c578d85-7a7d-4e01-932b-84d5744cd7b4,95c5f1f6-d1cb-4448-84ac-b5419fba80b5,
78bb1d84-d00a-481b-a793-e0de56c3a394,8c578d85-7a7d-4e01-932b-84d5744cd7b4,a2fa6148-2299-4076-bc1c-2169024f0482,
e99ccae0-d88c-47a8-a2a3-f4873e4b3787,8c578d85-7a7d-4e01-932b-84d5744cd7b4,aa6c39b1-18d3-414a-b0a0-2683fe1d63da,
8afe5e2c-850e-454e-940d-d1ebee209b70,8c578d85-7a7d-4e01-932b-84d5744cd7b4,b276f6eb-cdfc-4b0c-8583-6b91c87bfd08,
9a05429b-43a1-4f99-b9ef-b889b580c1d8,8c578d85-7a7d-4e01-932b-84d5744cd7b4,b9daa069-0808-4040-8641-ada6e125eecc,
731857d9-8067-450a-ac00-8881bd212786,8c578d85-7a7d-4e01-932b-84d5744cd7b4,be491d64-7078-4530-b3ae-42012694b958,
e4ff8297-fb9f-4637-947c-e2f588cc1ce1,8c578d85-7a7d-4e01-932b-84d5744cd7b4,c8f7e2e6-55b1-4f77-88b7-4c0f0dfa15de,
fff28e4e-4281-42f5-9508-03676e52cf50,8c578d85-7a7d-4e01-932b-84d5744cd7b4,caa2656a-e63c-419b-abe6-c0ffa29ee630,
815f44b9-4a95-4493-8ffc-767582457b00,8c578d85-7a7d-4e01-932b-84d5744cd7b4,dadb7d7c-16d5-4576-b1e4-3919dc0b4e89,
e286265a-26ed-48de-a153-f7d6604182e8,8c578d85-7a7d-4e01-932b-84d5744cd7b4,fb76c42d-7242-4f1e-91da-83b489f602ac,
95b3388c-69b1-47e9-b837-62cd8853ac02,8c578d85-7a7d-4e01-932b-84d5744cd7b4,fda85c77-e9a2-4b25-9e8d-bf6b43194d56,
5b975edd-e92b-46a7-86d9-c48bd3510ab4,8c992da0-9f59-472a-ad03-2d3a06d1a923,0d13df38-e172-47e0-8d4b-96a93249d7cc,
011e6607-c395-47f7-971e-d207c66ec292,8c992da0-9f59-472a-ad03-2d3a06d1a923,0e46b9ce-5288-4e9a-9d81-7831fb8c6e39,
018d7495-164c-441f-b24b-0c1d2bba90b5,8c992da0-9f59-472a-ad03-2d3a06d1a923,1633cc3a-4df9-43bd-be1a-9c6768d1f0f6,
e66091ac-20b0-475d-b51e-00ff601a3ce5,8c992da0-9f59-472a-ad03-2d3a06d1a923,1787fafc-b3e2-4faa-9633-08be4a018182,
68647c1d-80e0-4f4b-a9cb-51b8f36525aa,8c992da0-9f59-472a-ad03-2d3a06d1a923,1bace992-f29a-4c7d-94ea-fd195a2b31ab,
e8f1e7d9-8515-4124-8121-9d88bd4bb48f,8c992da0-9f59-472a-ad03-2d3a06d1a923,2260cbe9-9a6c-49f5-a8a6-74b185c3e47a,
474b8969-302b-4777-9bb1-ade830de9dbf,8c992da0-9f59-472a-ad03-2d3a06d1a923,234522b2-f38f-47d8-b105-7db8c5bc5a00,
4f6b6c5b-716c-4569-83a7-bb94f4fdb208,8c992da0-9f59-472a-ad03-2d3a06d1a923,24cb41cf-43de-46a5-b329-3db5080fb59c,
55a60d5c-645d-4298-8475-817363c21807,8c992da0-9f59-472a-ad03-2d3a06d1a923,273e7676-314c-48f1-ad93-4ba443dcda05,
49e8fd4d-9da3-4552-811f-7be0fdfe1651,8c992da0-9f59-472a-ad03-2d3a06d1a923,304878ca-bbec-4ba1-af2f-8dfd457adf6c,
a8b7fe8f-107d-41c5-bf3d-000844acc348,8c992da0-9f59-472a-ad03-2d3a06d1a923,31bc8d62-0ffd-473a-b027-32e5776e774f,
0741fe4e-16e1-40b5-945c-f8f0bb767463,8c992da0-9f59-472a-ad03-2d3a06d1a923,33a582f4-162a-41c8-8f12-46bbecbd96f1,
d7ae81ed-c272-48fb-895d-6b3b19ea3b98,8c992da0-9f59-472a-ad03-2d3a06d1a923,36f6cf04-b575-419f-88e2-0d3b74a2dc4d,
64ced80e-23d1-48c4-b3fe-264639f55894,8c992da0-9f59-472a-ad03-2d3a06d1a923,3e111aac-9d09-4b1b-8eb6-b5b42e0b915e,
084485d3-8996-4444-98c9-02ce506f2c2b,8c992da0-9f59-472a-ad03-2d3a06d1a923,3f36d682-2b1b-4356-86c3-198225b1972e,
c2a7e258-c858-4017-8cdd-ef8a5b791cc0,8c992da0-9f59-472a-ad03-2d3a06d1a923,42c7e965-6229-4490-b3da-57e0163b2b70,
3e66e6ad-aace-4e66-b31c-437e7a97b62e,8c992da0-9f59-472a-ad03-2d3a06d1a923,51d89821-e863-44a6-8d87-10465eefe022,
5c597d85-46a6-424d-ae6a-e34d47df7783,8c992da0-9f59-472a-ad03-2d3a06d1a923,52e6464e-071c-4a59-8e27-2d3303665649,
fe3a59b7-5358-4987-b22e-d0991e6bdc53,8c992da0-9f59-472a-ad03-2d3a06d1a923,543cde3b-544a-432a-b8ad-b41923de8981,
cbc3aca4-1957-4d71-ba54-de5814229977,8c992da0-9f59-472a-ad03-2d3a06d1a923,54ae40a5-23d7-4f06-b5b4-4258f7736863,
3691abbb-c1a5-4431-8172-cb7c3e4dc02d,8c992da0-9f59-472a-ad03-2d3a06d1a923,54b8a3ac-6b5b-4c01-8122-3e8fccd24de7,
cf6d0622-77be-42c8-807f-a617c234bb47,8c992da0-9f59-472a-ad03-2d3a06d1a923,5682443c-4cb1-4d4f-ac6c-0eca94da22f6,
71a9047a-629d-4c73-b2b4-5ef4eba35748,8c992da0-9f59-472a-ad03-2d3a06d1a923,56a3694f-1f91-4d7b-9d18-63a17dccc7c6,
bc2b0176-f19f-47ad-b79d-cd00591998a4,8c992da0-9f59-472a-ad03-2d3a06d1a923,58818805-77ec-47af-8984-46bcf89dfaf5,
5d209c78-60c7-426c-a284-968f2089c908,8c992da0-9f59-472a-ad03-2d3a06d1a923,59354674-1306-4117-9255-6f5d03cc4621,
a2ec1a42-18de-42d6-8080-bf6c59603c16,8c992da0-9f59-472a-ad03-2d3a06d1a923,5a634bca-6433-4f33-bd1f-8f6d343b9236,
c49448a1-fdff-4417-816f-331dd19a5ca6,8c992da0-9f59-472a-ad03-2d3a06d1a923,5dc13f7a-25dc-471c-b5d0-c99ab9f28126,
b44d1363-a1d1-4203-9dbc-ddedb7b6abde,8c992da0-9f59-472a-ad03-2d3a06d1a923,5f4b642e-48dc-467c-bf29-f21a677f379b,
9acef382-0def-40b1-8774-657649c8177d,8c992da0-9f59-472a-ad03-2d3a06d1a923,6025deab-1fb4-401d-9192-016892f9cae5,
7688ef68-63b5-4dc1-9731-656901bdffa5,8c992da0-9f59-472a-ad03-2d3a06d1a923,6508e677-886e-4bac-b9d8-05032dd51a5e,
22983f0d-4001-4524-b63a-905a19f7340b,8c992da0-9f59-472a-ad03-2d3a06d1a923,74ccb3fe-bd63-4bc0-9b8d-a3376d588866,
6e2b910e-5a61-47a5-a616-3eaba88b2f21,8c992da0-9f59-472a-ad03-2d3a06d1a923,796c7ab0-b2b7-4373-a718-99f9d14fb6a8,
6592b476-4577-4982-ac00-da2d041ee23a,8c992da0-9f59-472a-ad03-2d3a06d1a923,79896368-2cbe-4653-a293-54cd13eece8d,
45d352d2-86e2-47de-a6f6-44133070cbae,8c992da0-9f59-472a-ad03-2d3a06d1a923,79a1bb9c-7b79-42a6-8ba9-e6ef22d42ae9,
972f5442-0846-44bb-bab3-f0e7e835026d,8c992da0-9f59-472a-ad03-2d3a06d1a923,7acb5209-d084-4194-ba1d-51737a11a520,
28c28774-672d-4814-b0d6-2184d33514a7,8c992da0-9f59-472a-ad03-2d3a06d1a923,7dffc1e3-311b-4b7f-b49a-65b5bedfd8e9,
acbb9976-53f2-4c6f-a7ce-e455dd6b8615,8c992da0-9f59-472a-ad03-2d3a06d1a923,7ea56c1a-add8-4608-b9bc-c43a2d4d353d,
ed5f3bc2-a63d-478a-99a0-1e4094321a9a,8c992da0-9f59-472a-ad03-2d3a06d1a923,818af39e-39e5-41c1-8c22-f8aa9070f84e,
f1b08a2e-33f7-46b8-85c8-02bc47e0dddb,8c992da0-9f59-472a-ad03-2d3a06d1a923,82cf6b10-111f-4693-a2c6-46a702d773f3,
d9296bb5-7b64-4499-a33c-f02481185bb5,8c992da0-9f59-472a-ad03-2d3a06d1a923,832b0a16-d04a-413b-a83f-15af00c3481e,
0d56bea2-ac27-4e3a-a235-2f90796104f1,8c992da0-9f59-472a-ad03-2d3a06d1a923,94022950-0d75-487a-8784-caa9975c530c,
96749158-9af5-4aad-a465-a1061fbb0505,8c992da0-9f59-472a-ad03-2d3a06d1a923,95a181b9-e9c7-49a9-ab03-d1240ee325ed,
211223ec-e7f8-4d42-8f6e-aa40857e6991,8c992da0-9f59-472a-ad03-2d3a06d1a923,9c0c9e96-9069-4f56-8da4-c2f133b33a67,
fc1f2b56-e82c-482a-ab2b-98f9eaf4cfa1,8c992da0-9f59-472a-ad03-2d3a06d1a923,9d551b12-fc8c-478a-a6c8-d4851b586df8,
84659573-90a5-46d1-854f-1afd92641cf8,8c992da0-9f59-472a-ad03-2d3a06d1a923,a388d046-e39a-4eac-98c9-5335a5613f66,
474c18c1-72d4-43a2-bad6-a6febb0575f5,8c992da0-9f59-472a-ad03-2d3a06d1a923,a60bc42e-8b21-4df7-a0bb-99e15b8f6cab,
bf521674-d0cd-4356-8f5b-81ae014e2e76,8c992da0-9f59-472a-ad03-2d3a06d1a923,aa50abab-1c6d-4caa-8789-7a56932212c7,
f33ecde9-bc63-4c89-a5c3-839bd534ec14,8c992da0-9f59-472a-ad03-2d3a06d1a923,aadb2f12-4d1f-43ad-b051-85cc5a1e52ee,
189b81d6-2909-4c2a-bb18-7e008a405b11,8c992da0-9f59-472a-ad03-2d3a06d1a923,abd5ba90-c9e5-49e8-8d26-320a25f40972,
cdcd1ec6-d445-4827-afe5-7598cbd5514f,8c992da0-9f59-472a-ad03-2d3a06d1a923,b75f0b1b-aa4d-45f5-89df-a09fae25bae4,
caef946d-f3d4-4108-a2ac-848c45a06316,8c992da0-9f59-472a-ad03-2d3a06d1a923,b789ccb8-0f68-4e75-b5b8-6c6f59c658cf,
8595c8b0-634f-4583-8934-4442562c14f7,8c992da0-9f59-472a-ad03-2d3a06d1a923,b98d15e3-e6ed-42ad-a262-062fa54475d3,
9a812ef3-771f-465e-9667-2aea2af041b4,8c992da0-9f59-472a-ad03-2d3a06d1a923,bba2d2b3-2b56-4925-bb18-4962781c9b8f,
1938b5a2-17bf-45d9-8a55-aa59dcaeafd5,8c992da0-9f59-472a-ad03-2d3a06d1a923,c7541165-cdfb-413b-949d-548164b0159b,
0ca06a0a-699a-4759-9c21-9632d534946b,8c992da0-9f59-472a-ad03-2d3a06d1a923,c897bac5-f8d9-4fec-9024-7db75bef9ba8,
38ad8a6e-56ca-49e7-9cc7-21428a2d6983,8c992da0-9f59-472a-ad03-2d3a06d1a923,c998b55c-3f58-48c6-a3c5-affa021e6522,
0925820c-182f-4e71-98c0-53b28bced7fd,8c992da0-9f59-472a-ad03-2d3a06d1a923,cb089911-647a-487f-8c55-3107d65f62dc,
ecd37332-26c9-496b-92fb-62486ad6d465,8c992da0-9f59-472a-ad03-2d3a06d1a923,cb7383d3-30df-46a8-a892-e239c3b31e8a,
b1345751-a090-4af1-bd74-e5dd3d7e746e,8c992da0-9f59-472a-ad03-2d3a06d1a923,cd25f8a0-6dd4-4557-b865-ca4c1373c9ec,
e2fd996a-f3e4-4b24-8cff-de42540037d1,8c992da0-9f59-472a-ad03-2d3a06d1a923,d288f88b-5409-4f43-8ea7-580ed69e2851,
f4c546a0-4cda-4b65-ac49-098e6b0757d1,8c992da0-9f59-472a-ad03-2d3a06d1a923,d3e618b0-da31-440a-9400-bbe879c26c5e,
5266470d-2cdb-49cc-8e62-844c805319a0,8c992da0-9f59-472a-ad03-2d3a06d1a923,d43c2ef9-5c8d-418c-91a9-e46c4c76290e,
2d245dd3-7dcf-40f7-a4a7-88d2fd2e2af3,8c992da0-9f59-472a-ad03-2d3a06d1a923,d57cffc6-adea-47e1-93ed-012aff5680aa,
aa45b5f9-1cf4-4d87-8dd0-9ff019021571,8c992da0-9f59-472a-ad03-2d3a06d1a923,d7c4b84b-0b87-4d8e-8246-386609d7f036,
49fa0b97-7586-49f2-a44a-f6797a608ae2,8c992da0-9f59-472a-ad03-2d3a06d1a923,dbbd59e8-997e-44bc-b218-f3e188dae86b,
28e23de3-98f6-4fe9-8e5d-c21cac8e99ab,8c992da0-9f59-472a-ad03-2d3a06d1a923,dd019c58-ab41-497b-823a-59fe65fd55e0,
9623fa56-a7da-41d3-8b9c-181225892970,8c992da0-9f59-472a-ad03-2d3a06d1a923,e058ca81-51b0-471b-bc49-274025504dce,
f15f64c8-b0a1-43f5-8bed-2b8f16aa49bf,8c992da0-9f59-472a-ad03-2d3a06d1a923,e4b41063-ed1d-4145-bc1d-e1b5dc99efe0,
4b1913c8-698d-4cf0-8302-5b0a026faaf0,8c992da0-9f59-472a-ad03-2d3a06d1a923,eaad9c39-dcbe-45bd-809c-e0501b4734ee,
20cfd567-d589-4d8d-9d7b-2876e503eed6,8c992da0-9f59-472a-ad03-2d3a06d1a923,f1ad4bb1-1ee6-4517-a1a4-36150257569a,
7e357a97-0ada-4930-9cbe-9fc43600cd2d,8c992da0-9f59-472a-ad03-2d3a06d1a923,f367995f-1e3b-4538-b7cb-d095ba5ee844,
d46dc94c-9509-42fa-a102-b276e77c50e7,8c992da0-9f59-472a-ad03-2d3a06d1a923,f5bc9222-464b-45cd-9970-a5b96585986b,
686e9b51-2fdf-4bbf-8ae4-28a4f424e8d9,8c992da0-9f59-472a-ad03-2d3a06d1a923,fab9248a-4c2f-49f3-b7c3-774d80a0152e,
4ac15bd1-f878-419d-81e0-9fac5f0c0b13,8c992da0-9f59-472a-ad03-2d3a06d1a923,ff4eb020-10b9-48c5-a185-951b63db5c17,
565b6949-2b3a-46d0-b5ab-260cb1a6fbd5,8cdc7b98-031c-442d-9de1-3074c441f784,06853ae0-0822-414f-894e-af6b559dfcf7,
66a7af12-dbc1-4c94-9a5b-e9aa55bc9779,8cdc7b98-031c-442d-9de1-3074c441f784,5b0be2f1-a195-47b4-b24f-cc3ac6544c7a,
b030da0e-7501-4a0d-a5b9-76b6060d38e9,8cdc7b98-031c-442d-9de1-3074c441f784,7d594ebf-9101-48c8-a55d-2a53d51390f2,
bfdc0ca0-cd1b-4118-ad83-823ce063a313,8e0925e9-b1a0-4315-ac7f-9bbfe18313a5,00a3e6a1-0d8a-44dc-8a8b-c941a0f69b48,
facb30d6-bb9a-4869-bb5d-2ec30bf419ae,8e0925e9-b1a0-4315-ac7f-9bbfe18313a5,00bd103d-a1c9-4c97-af0f-661275295316,
05530bc7-ab46-4b28-b137-cf8dc590e85a,8e0925e9-b1a0-4315-ac7f-9bbfe18313a5,010fba4c-c678-497e-9402-4d27b6d8810f,
490fb1f5-74f1-4e7b-a016-149c798a06b8,8e0925e9-b1a0-4315-ac7f-9bbfe18313a5,0132f038-959a-4b37-8779-0fe5070ea03f,
1684b3a0-e6c5-4e7c-8120-69809cfa077d,8e0925e9-b1a0-4315-ac7f-9bbfe18313a5,017915c7-5b90-4f07-8083-3a431d9cd923,
51608606-122e-4394-8ea2-1c42d9881acc,8e0925e9-b1a0-4315-ac7f-9bbfe18313a5,0179bf95-92df-4de3-81da-fda2e9d73a57,
6eb89d6e-e41a-41d3-bd33-eee68c918412,8e0925e9-b1a0-4315-ac7f-9bbfe18313a5,0226725e-bcc5-4ce8-9190-556c1cddc2c5,
8f39a11d-20c3-4a9c-ba70-526ce1d80b04,8e0925e9-b1a0-4315-ac7f-9bbfe18313a5,02727348-ae4a-4fdd-86ea-ea9b5586d927,
433d6a49-c92b-4b9e-8473-f388ebcf0b17,8e0925e9-b1a0-4315-ac7f-9bbfe18313a5,027cd27d-ff84-49f5-89bd-6362d89154ad,
8e798830-2614-4b54-ac71-57748f9e9c4d,8e0925e9-b1a0-4315-ac7f-9bbfe18313a5,052b0fe3-4be7-4d40-9ee3-601fc5f37038,
68ba9577-700b-4db4-9004-e6d02ba18d3f,8e0925e9-b1a0-4315-ac7f-9bbfe18313a5,0539e3b3-150e-4d67-8763-87e8edab2d28,
751d146b-cf7f-4db4-95ea-835113bccd47,8e0925e9-b1a0-4315-ac7f-9bbfe18313a5,05caf4b3-9d0e-428d-a56a-9d7d442b793e,
bc9b6e32-1a22-42cf-9c3e-2b1090037fef,8e0925e9-b1a0-4315-ac7f-9bbfe18313a5,0602aa1b-8cab-4ece-8ccc-5f9f518f742d,
65f777bf-1910-42bb-9c43-cf78105e8dfa,8e0925e9-b1a0-4315-ac7f-9bbfe18313a5,0637e371-fb0f-48b9-aa09-7ab174248d2d,
af53275c-5044-4e85-b200-ebe23a2b480d,8e0925e9-b1a0-4315-ac7f-9bbfe18313a5,077355a0-f545-40f8-813e-6a24e5b37964,
9a75700e-8708-4bb3-814f-f31c8f0da0ee,8e0925e9-b1a0-4315-ac7f-9bbfe18313a5,08091d2f-6998-4545-ad4b-91357c0e7310,
0cd108a2-1c6b-4f39-b525-4acd66e747fe,8e0925e9-b1a0-4315-ac7f-9bbfe18313a5,08674f6e-ff62-4311-b870-cfa2a7fead05,
5e3642b1-b808-4db3-88bd-239ad2051911,8e0925e9-b1a0-4315-ac7f-9bbfe18313a5,086d3554-014a-4a41-b6bb-cf33d853c856,
5bc4d30f-8e1e-4394-9670-64d47f5d1e17,8e0925e9-b1a0-4315-ac7f-9bbfe18313a5,09a38921-8fe4-41a0-8740-8023737555a0,
e54639a9-2364-4b76-8244-459a9cf4e7b2,8e0925e9-b1a0-4315-ac7f-9bbfe18313a5,09cbea50-de00-4e1c-a4d8-4771d604c752,
cd36c2b4-ce67-44bf-b5aa-fc3d26a30da5,8e0925e9-b1a0-4315-ac7f-9bbfe18313a5,0a894c58-c42c-4dd6-9787-fa5e0697dc34,
93a12645-81af-42e1-9ecc-76b38bf4fc64,8e0925e9-b1a0-4315-ac7f-9bbfe18313a5,0b00cbd5-b344-41cc-8393-b7b6221d412a,
1132bc8e-09a0-41b0-920a-aa5801202a56,8e0925e9-b1a0-4315-ac7f-9bbfe18313a5,0ca1b505-c81a-4a8e-9a81-ddbd91000600,
249b9d23-e384-470e-9969-4139076e5b41,8e0925e9-b1a0-4315-ac7f-9bbfe18313a5,0ce49a16-44b2-4502-8fc5-8504d3a3771e,
3f5bbe55-0ed3-4746-a9ee-34f286331b41,8e0925e9-b1a0-4315-ac7f-9bbfe18313a5,0d437678-7649-4ac3-83aa-dffe68594516,
89f5ad63-3688-42a7-bca7-aed846c155f7,8e0925e9-b1a0-4315-ac7f-9bbfe18313a5,0da23049-572c-4535-91b2-15042866a6e2,
64171662-8e7f-46b1-b9bd-8aacfddc8359,8e0925e9-b1a0-4315-ac7f-9bbfe18313a5,0eda46b1-63b6-4d23-beb9-6b804d6f5916,
297e8430-70e1-4e85-bf54-9bff34627b5c,8e0925e9-b1a0-4315-ac7f-9bbfe18313a5,0f6eefba-58f1-41c6-b927-2fb628845978,
c4522d45-e95d-45d6-a3e0-46ce72c1984c,8e0925e9-b1a0-4315-ac7f-9bbfe18313a5,0f8826da-0f29-4369-8336-5b2a6129c71f,
ce764888-76b1-4273-9569-be9b5dc2d721,8e0925e9-b1a0-4315-ac7f-9bbfe18313a5,0fcf801b-efc8-47e2-b258-11ceac337a50,
9cf590bd-70bd-4f44-b35c-2875cd44de8d,8e0925e9-b1a0-4315-ac7f-9bbfe18313a5,10c102d5-890c-4a8b-94fc-9dc2d63e6ac4,
6036adda-accb-4900-8d3a-ca35be5a8f73,8e0925e9-b1a0-4315-ac7f-9bbfe18313a5,11159f21-ed48-492e-ae35-19590c7bdf00,
87718747-6757-418f-bb02-0bfc077ba44e,8e0925e9-b1a0-4315-ac7f-9bbfe18313a5,113bdad2-fee4-4053-8690-08377b2a019c,
b2d9499b-1152-419f-b593-b24be4be870e,8e0925e9-b1a0-4315-ac7f-9bbfe18313a5,11626ebb-aed0-4f46-bc27-ab8d3db1d408,
68320758-c171-4a65-8060-8a4fb571d717,8e0925e9-b1a0-4315-ac7f-9bbfe18313a5,1244e94e-1233-4b61-9226-00ff0df86617,
312fbb60-27fb-4bb3-ae3b-d3893db91020,8e0925e9-b1a0-4315-ac7f-9bbfe18313a5,128a6e56-bc8c-4967-b51f-78dd24f30d3c,
1c82b9ad-6064-4df3-8a56-1eb364707ab3,8e0925e9-b1a0-4315-ac7f-9bbfe18313a5,1355ba5e-3927-45cc-bfb8-a52fd2268b1d,
c0e087f5-3657-4fe6-91a0-ffef29e25773,8e0925e9-b1a0-4315-ac7f-9bbfe18313a5,1366be33-dc7d-4757-a8a7-881c274c5ffa,
4e7e1ba5-3750-4fc0-a700-a0aa5bc2fb7c,8e0925e9-b1a0-4315-ac7f-9bbfe18313a5,13e7899d-63c4-4f40-9918-539495e90489,
d9672d63-4de0-44e1-b757-be4a73d28107,8e0925e9-b1a0-4315-ac7f-9bbfe18313a5,1451dd9c-6bcf-44fe-aaaa-84e57d41a6d3,
0a256392-027b-4574-8007-4135af06a803,8e0925e9-b1a0-4315-ac7f-9bbfe18313a5,1462cf82-bbe5-456f-a0f3-5cbdbfd6e5b7,
53480589-6614-4468-a4fd-bb415ce89ad8,8e0925e9-b1a0-4315-ac7f-9bbfe18313a5,150f73ad-2991-4596-9a28-e89c21d3d824,
55bdb913-0a7d-45e2-8fea-dc1cd03b19d4,8e0925e9-b1a0-4315-ac7f-9bbfe18313a5,15695bb4-020f-41b2-805b-d3f679bfaaf4,
334dbd99-29cd-491b-ad87-50748637791b,8e0925e9-b1a0-4315-ac7f-9bbfe18313a5,161540ee-c536-4824-85b8-015bd09384ff,
1124476b-6c49-4abf-9304-1ee293faace8,8e0925e9-b1a0-4315-ac7f-9bbfe18313a5,16cb08ea-4e4a-4ed9-a4c4-709de7aa1f91,
78c1c913-7b67-4ad2-9a17-7bb3dc7a3dd2,8e0925e9-b1a0-4315-ac7f-9bbfe18313a5,173e486a-1887-46ac-bb0d-05d6ff4b9d49,
3bd873e9-abd4-4010-ae20-61cb8755e297,8e0925e9-b1a0-4315-ac7f-9bbfe18313a5,17a6ac72-652e-40a7-acc6-ff635701c105,
8f2d478b-3251-46f9-8afe-2d06db3a53b6,8e0925e9-b1a0-4315-ac7f-9bbfe18313a5,17a6eec9-5f21-4097-8063-e6de7d060bdb,
59e33aa4-20ed-462e-bb02-87e73b36f67f,8e0925e9-b1a0-4315-ac7f-9bbfe18313a5,17c20a03-e237-4a88-b127-b5b437ed9704,
0c427320-06c9-4be1-acf7-eb198ed9ae97,8e0925e9-b1a0-4315-ac7f-9bbfe18313a5,18b67a33-cad1-4178-8e65-152d3dd1fcd3,
1a2a22f8-6f65-4f3b-9f95-63ba07e09d1a,8e0925e9-b1a0-4315-ac7f-9bbfe18313a5,18d6cda2-b4d4-4020-a7b3-1d89d486bc59,
0ebf59ef-fffd-4764-8c4f-7a7a8fb27dd2,8e0925e9-b1a0-4315-ac7f-9bbfe18313a5,19448c9e-03c0-4903-b38d-94b462d1e5c2,
852705fe-b98b-4d29-bb0a-ab9101285225,8e0925e9-b1a0-4315-ac7f-9bbfe18313a5,19a331da-e3a0-477a-b5b4-b355cc9f1451,
bbbb8c6f-cbfe-4021-9994-2f5a075dd7dd,8e0925e9-b1a0-4315-ac7f-9bbfe18313a5,19a953ac-2cfd-45b4-9a0b-8ef6702df3ef,
a78015fb-62fe-458b-90e2-f500daaf3ea8,8e0925e9-b1a0-4315-ac7f-9bbfe18313a5,1afd6765-bf1b-44a1-b370-2a7f71bcfc13,
2d597a52-e8e1-4b2b-913d-fbf6a5a1f3e0,8e0925e9-b1a0-4315-ac7f-9bbfe18313a5,1b0a06dd-83fb-43d2-8389-0166b3f13ff0,
6681df54-d87c-4f38-9a52-c2e15d5a041e,8e0925e9-b1a0-4315-ac7f-9bbfe18313a5,1b17c882-8271-448e-827c-6c0bf36b4eca,
dfd65b3f-7677-4638-aa34-9289178652ab,8e0925e9-b1a0-4315-ac7f-9bbfe18313a5,1c3a754f-bb9c-4b3d-b9a8-5272c33e5721,
ab927f7a-cca3-4f3d-ba14-e5fae118e3dd,8e0925e9-b1a0-4315-ac7f-9bbfe18313a5,1d570452-ae27-4838-8c5b-1501c53e2bcc,
0239b39e-eab3-4f27-9ec3-232b609da7f6,8e0925e9-b1a0-4315-ac7f-9bbfe18313a5,1d71eec3-809c-4a8e-a8f4-f0671a4ffccb,
99215841-da9f-4420-b9f1-5415e72f2176,8e0925e9-b1a0-4315-ac7f-9bbfe18313a5,1d84dbf2-8d5d-48fe-a359-5356a3b8a71a,
39505239-999a-4588-9011-9e2b62e61b7f,8e0925e9-b1a0-4315-ac7f-9bbfe18313a5,1ecaff5c-ed48-4a6c-bb42-e1555e4cbdc9,
5b54e05f-72e1-48c6-84a9-adcffb475103,8e0925e9-b1a0-4315-ac7f-9bbfe18313a5,1ee3b8f5-bff0-4299-b238-ac67f953ad70,
94368a3d-d7cd-4caa-a660-5288bac99074,8e0925e9-b1a0-4315-ac7f-9bbfe18313a5,1efebf7d-66e7-4a2b-b518-553f499f8f43,
84d2d72e-9619-4c1c-a88a-4ebadb0ea295,8e0925e9-b1a0-4315-ac7f-9bbfe18313a5,1f0a4bb4-a751-480e-87e2-bcc41fdb0777,
350d17ba-bb37-4d63-8ac2-b0640048cafd,8e0925e9-b1a0-4315-ac7f-9bbfe18313a5,20037679-3612-4d7b-b6c7-e10663abd26a,
59336167-46ea-4028-9167-661c6b1b6fba,8e0925e9-b1a0-4315-ac7f-9bbfe18313a5,2033ff3c-3d2e-4148-906e-46f507309846,
8e618047-2f97-4cee-8fea-5fcfba33d311,8e0925e9-b1a0-4315-ac7f-9bbfe18313a5,2075716b-0ecb-441a-8064-18e382945f91,
8898398a-2a5e-4c72-9ea5-612703d89e49,8e0925e9-b1a0-4315-ac7f-9bbfe18313a5,20ec6f99-26e5-41b0-a5ef-7f7a2fe15e1d,
9fdc26f3-a39f-4d30-a992-05e847678ea6,8e0925e9-b1a0-4315-ac7f-9bbfe18313a5,21a8caf0-6f64-4516-b81f-aae0a405450d,
663200ef-40ce-4812-8f4e-88bfe47d5892,8e0925e9-b1a0-4315-ac7f-9bbfe18313a5,21bff4ad-91a5-4cd6-b246-3ff8ea900b08,
bfda3786-ec92-49cd-81f0-606ad2583479,8e0925e9-b1a0-4315-ac7f-9bbfe18313a5,21ef4f3f-4032-4796-a1ef-81caf8b19ff9,
f94798f5-aebc-4337-8f7b-8bdf57c7e186,8e0925e9-b1a0-4315-ac7f-9bbfe18313a5,229091ce-0c1d-4a28-b332-f2ae5d273cce,
416d4bdc-d1a0-42ea-8b04-55ca9d824a96,8e0925e9-b1a0-4315-ac7f-9bbfe18313a5,2329c328-afb9-4f28-9c95-1f15d83498b7,
84ff948f-4e3b-472e-b26c-1d59718ace06,8e0925e9-b1a0-4315-ac7f-9bbfe18313a5,239dfd49-8f95-4da9-aaf9-f28fb6040a64,
87b89d49-a1fc-4997-9dc6-3e6c2401713b,8e0925e9-b1a0-4315-ac7f-9bbfe18313a5,24e3d584-3dea-4c83-869e-cdbb16d80aa0,
5871ddfd-adf8-4318-bcd9-ec525f0491a2,8e0925e9-b1a0-4315-ac7f-9bbfe18313a5,25e24ec9-7c02-41d1-a5e6-e4caf1847b49,
c09523f0-b76b-4ca7-b162-432c2da7fca4,8e0925e9-b1a0-4315-ac7f-9bbfe18313a5,26483d73-a828-4571-9ee0-751f55279798,
a0417aab-415c-483e-99ad-01ef59d470bc,8e0925e9-b1a0-4315-ac7f-9bbfe18313a5,26664c46-3124-4ea1-964b-013323601c39,
688d0294-2f2a-461c-8031-b8c41c477c53,8e0925e9-b1a0-4315-ac7f-9bbfe18313a5,2a2931da-88ec-477b-995e-117ce4f7298e,
462bd4f2-d047-4752-9767-b4e55882f6b5,8e0925e9-b1a0-4315-ac7f-9bbfe18313a5,2a59386a-a2b0-420b-9e86-b21bed2f791d,
14fc9bee-d095-4a4f-b6a0-276aa7132c0b,8e0925e9-b1a0-4315-ac7f-9bbfe18313a5,2a837663-cc3e-473c-a001-c38abafed391,
979c1c58-7706-488c-8396-59287d5a6cb8,8e0925e9-b1a0-4315-ac7f-9bbfe18313a5,2b2e8cd6-baaf-490e-846c-fed86d9c88e8,
33cee3be-2e7a-4eb8-9aae-cae0ab573012,8e0925e9-b1a0-4315-ac7f-9bbfe18313a5,2b318c5a-ee2d-4405-90e8-ce310d80af81,
1850e5bb-7ce7-4e5b-84e1-482544509cd2,8e0925e9-b1a0-4315-ac7f-9bbfe18313a5,2b80f74f-6b0b-42a0-b134-f481205e9858,
a7809ed4-a946-4961-a7a4-50881452819a,8e0925e9-b1a0-4315-ac7f-9bbfe18313a5,2b9bd255-ef75-452b-b130-644fd2bd3cef,
82de8013-ff4f-4d5e-93fa-33eb12f7d128,8e0925e9-b1a0-4315-ac7f-9bbfe18313a5,2b9e642c-3ab3-4666-b426-ea0700cb050b,
04470801-cac9-4656-9f49-6b03135b3fee,8e0925e9-b1a0-4315-ac7f-9bbfe18313a5,2c7bcef7-4db2-4479-9401-8933e3c4181f,
40217584-2d3d-4c4e-b052-e14097cf1516,8e0925e9-b1a0-4315-ac7f-9bbfe18313a5,2d10d270-57a1-4e17-b90a-d80b7cd937ee,
0081aa7b-230a-4e03-a498-d5adabf0bd00,8e0925e9-b1a0-4315-ac7f-9bbfe18313a5,2d894c5d-1357-438b-a306-ac4db86882c1,
aa9c1779-db7f-47be-ae97-6f44b1e87b5d,8e0925e9-b1a0-4315-ac7f-9bbfe18313a5,2e0dd843-1828-42fe-8b23-9f63bf69205e,
198058a5-4fd0-485d-a11c-0770d0b8d079,8e0925e9-b1a0-4315-ac7f-9bbfe18313a5,2ebe76c3-9ef2-4563-ba14-246f40a37ce4,
0e1c72f7-edd5-4a26-aa4e-c27628df867c,8e0925e9-b1a0-4315-ac7f-9bbfe18313a5,2fbaecbd-3eeb-480b-80cd-c2eeaf2c51b0,
b4552010-0a36-4448-87d8-b160a54ea686,8e0925e9-b1a0-4315-ac7f-9bbfe18313a5,3008bc8e-ef80-4bdf-9f35-0d5742d21847,
6e7c5c20-5472-4049-824b-59b094d8f5c3,8e0925e9-b1a0-4315-ac7f-9bbfe18313a5,30edfe71-52dc-430f-9cb3-db7615dfb0de,
0e71fb00-4059-4f32-8966-ad3c24a1e993,8e0925e9-b1a0-4315-ac7f-9bbfe18313a5,31101bb0-518b-4d4b-b80f-6e444e064152,
78b51bc8-8a51-41d9-a1ab-0c02b02bd6a8,8e0925e9-b1a0-4315-ac7f-9bbfe18313a5,317449e3-a945-452b-a050-52462e1ff62c,
4b31d674-5d84-426f-9afb-17c65c189ccf,8e0925e9-b1a0-4315-ac7f-9bbfe18313a5,317a10fb-ae7d-4834-bf54-31f131b85e8a,
f2bcc22e-31a5-4b22-9aea-80d3c746e8d5,8e0925e9-b1a0-4315-ac7f-9bbfe18313a5,31bd65ad-57d0-45eb-b0aa-395d7419f6ff,
50a50151-e8bd-4a72-8264-69351925b047,8e0925e9-b1a0-4315-ac7f-9bbfe18313a5,31c7bd4b-abb8-4267-9f05-9cca61433302,
116735a7-fa68-4457-b294-e864f09ec009,8e0925e9-b1a0-4315-ac7f-9bbfe18313a5,31fef8b4-e05b-41c9-9434-2ef2c02333bd,
ca47a84d-8a75-4c80-b3f1-fc18ccfc924c,8e0925e9-b1a0-4315-ac7f-9bbfe18313a5,327c07f8-4f97-4ff7-a977-22cedd9a896b,
374ec249-06c6-4164-8c8b-6b402465c91b,8e0925e9-b1a0-4315-ac7f-9bbfe18313a5,32d4c93b-f8e2-400b-957a-b23472bb83f5,
47fee68d-0a0e-43e1-af9e-a22de3654553,8e0925e9-b1a0-4315-ac7f-9bbfe18313a5,32fed73c-e610-4221-8fa0-b5b70ad3b929,
bff0bdec-c1c3-4742-afc1-a1819b1db52f,8e0925e9-b1a0-4315-ac7f-9bbfe18313a5,33137c69-8083-413c-9e68-e7d5c07a5e79,
3124b0f2-666c-4865-a54b-f31f1e192c91,8e0925e9-b1a0-4315-ac7f-9bbfe18313a5,33c46690-ef13-4974-9776-50530cdd068c,
00f5dcbe-48e2-4f28-9a2f-62c801d4a487,8e0925e9-b1a0-4315-ac7f-9bbfe18313a5,340aeeb6-4c5d-46a7-ae57-fb9e33275712,
97878e76-c667-4684-8d20-b6e70c3abdfd,8e0925e9-b1a0-4315-ac7f-9bbfe18313a5,34778646-a2ae-4a71-99de-849c13134041,
08608e6d-ec47-4a1b-ae7a-1e15ccca5d83,8e0925e9-b1a0-4315-ac7f-9bbfe18313a5,34eac536-827d-4b1a-a9ef-af95bdd48687,
1ee888c6-3387-4d4b-b8ca-7ba5cd22327b,8e0925e9-b1a0-4315-ac7f-9bbfe18313a5,34ef164f-00f2-41f4-86bb-863dcec3a315,
2ce51630-270b-4abd-9c40-135440c1d8ab,8e0925e9-b1a0-4315-ac7f-9bbfe18313a5,353f509d-84f4-4f4e-b196-cd0b17ed66e2,
ddef4b93-d10b-45bf-b2a3-82f8a6c11e06,8e0925e9-b1a0-4315-ac7f-9bbfe18313a5,35b0a268-f8e9-4525-ba7d-e8ee5e0af9fe,
01bf50e2-6714-4daa-b9ad-f318c5ef9ae7,8e0925e9-b1a0-4315-ac7f-9bbfe18313a5,35b12918-73a3-4e02-b4d8-23d71058d2fa,
e7add24f-ae85-4f96-a949-ee8c43b136c8,8e0925e9-b1a0-4315-ac7f-9bbfe18313a5,35e63cfa-1da1-4d24-a793-8545305a27b4,
03f77b0c-344d-4dd5-898b-8080a0d5aa33,8e0925e9-b1a0-4315-ac7f-9bbfe18313a5,36163df1-8453-4fa1-b139-75cf9241dbda,
3c253876-a9b0-43be-b7d6-b04300c8ca52,8e0925e9-b1a0-4315-ac7f-9bbfe18313a5,3671ed1e-468b-4cd7-8c6c-1f2c0cfb15a1,
ceb9cb57-4e13-49c0-8cb0-254883bdd7c4,8e0925e9-b1a0-4315-ac7f-9bbfe18313a5,36d58f7a-f661-4a5f-bffc-42f6cba6d65c,
40372ccb-19f1-466c-84e6-994ea50901d9,8e0925e9-b1a0-4315-ac7f-9bbfe18313a5,3773db47-f335-4b64-836c-f87d17306bce,
a8d1f6cb-f232-4872-85df-b9375d647f8d,8e0925e9-b1a0-4315-ac7f-9bbfe18313a5,3809fec3-cf25-4462-8218-9a6a51d9d575,
2678c784-db94-42bd-bc3e-3a8ac014fc25,8e0925e9-b1a0-4315-ac7f-9bbfe18313a5,383d26ad-8a85-4167-a002-2ea2f624dba4,
463e0153-a60d-4111-9774-99ca74c12ecc,8e0925e9-b1a0-4315-ac7f-9bbfe18313a5,385fc61f-3620-473e-ba6f-cfbf39e9ff69,
b8cc47f2-81ec-4b5b-9260-5c994a9750d4,8e0925e9-b1a0-4315-ac7f-9bbfe18313a5,38a199a6-d69f-4c7a-8720-715412a68d76,
a0a09ec1-94c5-4153-a072-67d6a79662f1,8e0925e9-b1a0-4315-ac7f-9bbfe18313a5,397f3d14-684a-4d96-8844-828af861de93,
00d5d1d3-97d3-45d1-b628-cc87458a3180,8e0925e9-b1a0-4315-ac7f-9bbfe18313a5,3b76006c-5690-4be2-b0c1-5ce5028c60d7,
1601c4ac-f791-47cf-8100-cd24a7ea3c55,8e0925e9-b1a0-4315-ac7f-9bbfe18313a5,3c779b6e-e1c9-40ce-aa62-e487727bcaf2,
7a503b3d-2436-48a0-858f-7f63b11ea786,8e0925e9-b1a0-4315-ac7f-9bbfe18313a5,3c7b8ede-8cdb-49b0-b1a5-6cd10a0e1f91,
f758b0e3-2204-42fe-a87a-6663f7ff0bc6,8e0925e9-b1a0-4315-ac7f-9bbfe18313a5,3d21a58e-fbe3-4569-95e2-1c8c2a59dca4,
500f38b8-168c-4557-ac2e-f6bae6121c3f,8e0925e9-b1a0-4315-ac7f-9bbfe18313a5,3d56cf5a-1d70-4a85-9e19-ff1553fb408b,
2fa5b250-efea-4b75-9bcb-feca281480ed,8e0925e9-b1a0-4315-ac7f-9bbfe18313a5,3e5a487e-f4c8-4ed5-a8ca-30e6d2555fd5,
4797a24f-3bc6-4bf1-bce2-bab6e5fb8e5e,8e0925e9-b1a0-4315-ac7f-9bbfe18313a5,3eb616d6-9776-4778-9f14-31cc8ec44e5d,
605589d0-c42e-4c89-92e2-a5b6366e59ee,8e0925e9-b1a0-4315-ac7f-9bbfe18313a5,3f406138-e136-4e9d-9a15-7170486e7379,
eaac08df-175a-4ac6-92be-b243ceacb03e,8e0925e9-b1a0-4315-ac7f-9bbfe18313a5,3f899b1b-f5fe-4cb5-8ad5-5866d1df07f1,
8b43d182-5f48-4db9-9d33-a214fcea47c3,8e0925e9-b1a0-4315-ac7f-9bbfe18313a5,3fb67c8c-0d98-4fc6-894e-e0339e352ded,
fe2f544a-b4c9-4970-a2b4-eca519d39721,8e0925e9-b1a0-4315-ac7f-9bbfe18313a5,41648b10-9626-4f08-a3ab-997e3bd07e49,
921a2025-27ea-467f-8daa-87aaeab5bc50,8e0925e9-b1a0-4315-ac7f-9bbfe18313a5,417451b5-dddf-45d1-a0a4-86c38324ff1e,
a3ac369f-f254-464d-8610-a24886437fed,8e0925e9-b1a0-4315-ac7f-9bbfe18313a5,42269e3f-31c0-4533-892f-2fdee21a775f,
db84b7a1-0378-4e4b-9147-f7c35e25aa35,8e0925e9-b1a0-4315-ac7f-9bbfe18313a5,426ddef5-6c6a-4b99-b17f-850202e07bf2,
3f47f6ba-6e5a-4c95-af85-acf7f386264b,8e0925e9-b1a0-4315-ac7f-9bbfe18313a5,428e8abe-0e59-44c4-a014-758883c55b90,
bd33d532-841b-487f-9ad5-70964a7f1da3,8e0925e9-b1a0-4315-ac7f-9bbfe18313a5,428f3a51-55fe-429e-bab7-1872b2326e66,
3efee7a7-b8dc-4701-867a-303bdd93905f,8e0925e9-b1a0-4315-ac7f-9bbfe18313a5,42fec048-f302-4f0b-a903-b32e9671bd18,
8aa28fda-f081-456e-8b82-db3850f78669,8e0925e9-b1a0-4315-ac7f-9bbfe18313a5,43191434-10d7-4c07-8420-772412b8f73f,
5ee3fb74-ef8a-4968-86e9-9e0483e0635f,8e0925e9-b1a0-4315-ac7f-9bbfe18313a5,448810f5-cc28-4205-bf0b-c3dc10caef2d,
5ce74c5a-3895-44c5-96d4-a879ed34f908,8e0925e9-b1a0-4315-ac7f-9bbfe18313a5,4492b25f-9061-4250-ba9d-8960f4b18dbf,
756f449e-9a80-40da-ba69-141be172c070,8e0925e9-b1a0-4315-ac7f-9bbfe18313a5,459e3568-69d6-404b-95a6-ac2cc3739525,
107d33dd-7e78-4c8a-9a19-a3fe18266f26,8e0925e9-b1a0-4315-ac7f-9bbfe18313a5,46813241-a55e-4937-86b9-4ee4336b29e4,
abff2646-0180-4c5e-b7de-442d08745739,8e0925e9-b1a0-4315-ac7f-9bbfe18313a5,46848dce-01a3-4ba6-a7bb-a733baa89dad,
c87034cf-6edd-49c0-84e9-beb8a81dfaf4,8e0925e9-b1a0-4315-ac7f-9bbfe18313a5,47745516-9942-4e6d-bace-450df2072d11,
4195c371-803d-4543-8b72-0fb2913c0127,8e0925e9-b1a0-4315-ac7f-9bbfe18313a5,47b27839-c2c1-408d-907b-f36b247108ea,
0da5265a-8dfc-4a6f-8609-0ecb357615ec,8e0925e9-b1a0-4315-ac7f-9bbfe18313a5,49b10448-b60f-452d-be6c-d893c563892e,
123a7df4-22fb-4445-934f-7aad69fb7b13,8e0925e9-b1a0-4315-ac7f-9bbfe18313a5,49d507de-8d1f-4cc7-8623-4d270ff2919c,
f4edf73c-692b-44a0-a1b7-fe35634833ad,8e0925e9-b1a0-4315-ac7f-9bbfe18313a5,4ab92ef3-e7fd-4df0-8f0c-dbbd188effd3,
f9f3c27a-8219-4c79-abbf-6f687486f3a7,8e0925e9-b1a0-4315-ac7f-9bbfe18313a5,4ab97774-9f55-4027-bde1-b9d6b740930d,
e6f9eee2-45bb-4710-8e8f-8dbfcdb05681,8e0925e9-b1a0-4315-ac7f-9bbfe18313a5,4adce0b9-935f-4ab5-9166-c8d5ca0058e3,
cd4f0391-c3b2-4d14-b609-0754560de1f8,8e0925e9-b1a0-4315-ac7f-9bbfe18313a5,4b6a1930-0013-4b10-a543-1ad508297d01,
09a116ce-1fbd-41ab-92b0-8d66022233d2,8e0925e9-b1a0-4315-ac7f-9bbfe18313a5,4b7a4ded-b4dd-48d9-a7de-5f4b6f9a03cf,
c37eda64-a70e-4f48-807f-d83eeef18fba,8e0925e9-b1a0-4315-ac7f-9bbfe18313a5,4bc48d3d-7472-4194-abe1-af88bf3623a3,
f860dcd8-ca23-41d2-88f6-d82561afb92a,8e0925e9-b1a0-4315-ac7f-9bbfe18313a5,4c416405-7690-449b-bbaa-2227d1ebb8d2,
e59fcd46-54ab-4318-80c3-f0f11b775e12,8e0925e9-b1a0-4315-ac7f-9bbfe18313a5,4ca50dea-947f-4629-9f12-e45a66728b80,
7368304f-9e15-4f29-ad61-e5cb6b9fc021,8e0925e9-b1a0-4315-ac7f-9bbfe18313a5,4d7211de-4edc-440a-9935-efc248a46f34,
ae4253ca-3410-4abf-80bd-14131168bb1b,8e0925e9-b1a0-4315-ac7f-9bbfe18313a5,4da39877-00b0-43d7-add1-a7e9e6d89d5d,
3a7c9c86-1a79-4f7c-ae22-808e21009628,8e0925e9-b1a0-4315-ac7f-9bbfe18313a5,4dab0eaa-edb3-448a-97a9-fa6adf2526e7,
3687756a-9c47-411f-999b-73eec1520607,8e0925e9-b1a0-4315-ac7f-9bbfe18313a5,4db70148-c7c6-4e35-9221-c6e74990297b,
663bb0ef-63ac-41d1-88f7-57f94ff421a8,8e0925e9-b1a0-4315-ac7f-9bbfe18313a5,4e112e4e-5869-40f5-9f9d-16f665565e53,
070634ee-bba9-4e2f-820d-70fce799884c,8e0925e9-b1a0-4315-ac7f-9bbfe18313a5,4e51b657-cbc7-47a3-b208-d70cf93136de,
64962448-732c-4102-8aaa-32e1df88ef5d,8e0925e9-b1a0-4315-ac7f-9bbfe18313a5,4e6cbb28-78ff-42a7-9151-09ba759ea8a4,
43d09d6a-ad79-439c-9fc1-c04a0c3f456e,8e0925e9-b1a0-4315-ac7f-9bbfe18313a5,4fdc9d34-a2da-4387-9395-fccb33d21914,
68589ecf-c4a5-41ce-9385-9a904c560454,8e0925e9-b1a0-4315-ac7f-9bbfe18313a5,51eaa848-a6b4-4822-86cc-4be44cd45e90,
1e331b01-39e4-42d2-83a6-8597f3e12dd9,8e0925e9-b1a0-4315-ac7f-9bbfe18313a5,51fc8b1a-864b-42de-b295-1c3849c2650d,
1b8ace7e-028d-489a-9420-e82031e3fd19,8e0925e9-b1a0-4315-ac7f-9bbfe18313a5,522bf0eb-abde-4511-9727-6c15508b3fc8,
310526cd-6926-4e68-b4bc-074756a53909,8e0925e9-b1a0-4315-ac7f-9bbfe18313a5,526d92e4-0445-46a2-8d7d-aa9a2072055f,
6b37778b-2248-43b6-b0c6-0b54426f3f94,8e0925e9-b1a0-4315-ac7f-9bbfe18313a5,52a732fe-0460-4adb-bfb9-ef13d04ed80c,
a15ac507-0e51-4502-8766-c3694167d68b,8e0925e9-b1a0-4315-ac7f-9bbfe18313a5,52ff9c7a-47d1-4111-9266-c1328bed370c,
1a4a59bc-be68-4a9e-99f7-90ca6a0721e8,8e0925e9-b1a0-4315-ac7f-9bbfe18313a5,5383909a-b359-4485-a735-2329b3e51d08,
7e727134-bc42-4a0d-afce-a0b9a11d621d,8e0925e9-b1a0-4315-ac7f-9bbfe18313a5,54cdcb76-f1c5-4484-b347-ac1e2c82861d,
49bef363-9478-4bca-ac1c-7c1c8654b97f,8e0925e9-b1a0-4315-ac7f-9bbfe18313a5,54d631d5-e2b3-4343-866b-bd2bdca8a978,
5f2231ab-c05c-412d-855c-b0e6a4b3c0d7,8e0925e9-b1a0-4315-ac7f-9bbfe18313a5,55b491ad-d49b-4d4b-934e-07ad5b73e0e5,
262e494b-9b7e-4ef4-b368-f88eaae8e0dd,8e0925e9-b1a0-4315-ac7f-9bbfe18313a5,55c4c385-69cc-4f86-ac99-7d14f3112d2e,
0d7644f4-3486-4c18-aeb7-e32d8a574ab0,8e0925e9-b1a0-4315-ac7f-9bbfe18313a5,56195d00-dd74-4c51-a846-351a97bd8ad5,
7583da9f-4ebc-4862-acb7-9ed0f02cb0ae,8e0925e9-b1a0-4315-ac7f-9bbfe18313a5,5651b2f4-c8c1-4bf9-935c-5942fec0461b,
c3a80c26-b08f-473e-8ef2-684d536d8bf0,8e0925e9-b1a0-4315-ac7f-9bbfe18313a5,57608be8-fef7-40d5-87f4-dd985a67fd37,
84b7619b-bf8b-44e6-96b5-ccf6a1824ae6,8e0925e9-b1a0-4315-ac7f-9bbfe18313a5,59e7e460-2317-4196-80b4-ccbf604705e5,
838ff258-eecb-4880-895f-193139cb47f3,8e0925e9-b1a0-4315-ac7f-9bbfe18313a5,5a056c43-0b71-4caa-a827-1ac11eb0fea8,
7a526fc9-6e38-4f5f-950a-70e756e30332,8e0925e9-b1a0-4315-ac7f-9bbfe18313a5,5bc81f54-9df6-4eff-b776-d885a0f73345,
ca4b652a-5124-483b-b6bd-17a9687231d2,8e0925e9-b1a0-4315-ac7f-9bbfe18313a5,5bfa3405-ae65-4c5e-a27a-46021f2b2d88,
46ac5ac4-3d7f-45a1-85c7-ac0bac254c80,8e0925e9-b1a0-4315-ac7f-9bbfe18313a5,5c12bf2d-8ada-4a22-962a-ebe26f56b330,
1d6a87bb-0572-4fae-a386-d164af0fd5c5,8e0925e9-b1a0-4315-ac7f-9bbfe18313a5,5c4f1569-fb2f-406b-bd39-3f30df73c40a,
21b057e8-a9a0-4362-8272-b6403fa4bda8,8e0925e9-b1a0-4315-ac7f-9bbfe18313a5,5c7f5afe-4efa-448c-b5c0-c10afcc50317,
1de5a9b1-e325-41f0-8423-8f6b011a18f2,8e0925e9-b1a0-4315-ac7f-9bbfe18313a5,5d0a1dbb-5351-4462-9e9e-beeebd70f4f4,
3fdd39f8-d434-4604-bc00-c9c6bcbc04f5,8e0925e9-b1a0-4315-ac7f-9bbfe18313a5,5d5f0dfe-58d2-4249-81cc-713ed5c73f32,
156dc154-8ed8-4765-aee5-7fdfe73ce8a4,8e0925e9-b1a0-4315-ac7f-9bbfe18313a5,5e839eb7-91fb-426f-8bf6-d5ba0e5b46d9,
af499ab7-2cd3-4a1f-8712-fa0231010d38,8e0925e9-b1a0-4315-ac7f-9bbfe18313a5,5f929c92-aa2d-4367-b8fe-ccc637f7b803,
5af68936-558d-4657-82c7-f3fcff297c86,8e0925e9-b1a0-4315-ac7f-9bbfe18313a5,60788dd3-7ff6-4791-aa4b-c59f75858299,
086209a5-84e9-410f-9233-4929bd1b39c0,8e0925e9-b1a0-4315-ac7f-9bbfe18313a5,6081981b-2d85-4173-8366-bd235409f7fe,
63f408a2-7b12-4b54-9340-66a21dc9b400,8e0925e9-b1a0-4315-ac7f-9bbfe18313a5,60f7c60e-be2c-42c4-b2b8-fb82248435cd,
629e2de4-f163-42f2-b689-04ec93b4a597,8e0925e9-b1a0-4315-ac7f-9bbfe18313a5,60fb1a3d-7ecf-4e07-bcee-41cb0b7cd34a,
9c863806-391c-438b-b78e-681c7e12abe1,8e0925e9-b1a0-4315-ac7f-9bbfe18313a5,618ad0dc-baeb-4897-8c22-2096f0379db6,
82721654-aa06-43df-ac9f-0b8775a2d2b2,8e0925e9-b1a0-4315-ac7f-9bbfe18313a5,6203c17b-f9dd-431c-8017-a167314cc85b,
aed52533-3b1a-4568-a984-0dea4a57d53e,8e0925e9-b1a0-4315-ac7f-9bbfe18313a5,6266bdde-7a80-4c65-858e-edc11f4c243e,
dae1eaee-f721-4a5d-8b61-b4947f2bc1d5,8e0925e9-b1a0-4315-ac7f-9bbfe18313a5,63f41f98-2108-494b-8b3c-44e5c70fc8b4,
8263f969-8fd7-49ce-a3c6-78f828c9716a,8e0925e9-b1a0-4315-ac7f-9bbfe18313a5,64361ef6-c8c5-4647-9d19-7b6c017afc16,
4c3acaa4-6cd0-42b2-b3e9-eece093360c0,8e0925e9-b1a0-4315-ac7f-9bbfe18313a5,6439a6bc-f907-4dff-a4a1-3aeec2c172e9,
1d610dd5-02a5-415f-9fee-f7f75f6a33ff,8e0925e9-b1a0-4315-ac7f-9bbfe18313a5,6488c691-001e-4ebf-b34b-a3fd974111b7,
2f80d2ba-b90d-4642-b9ac-6efc46134c8e,8e0925e9-b1a0-4315-ac7f-9bbfe18313a5,64c7531b-4abf-42d6-897d-cafa5f24b802,
e7f280a1-fb79-4409-8852-b37086ad9d13,8e0925e9-b1a0-4315-ac7f-9bbfe18313a5,64f3a601-9612-400d-89ae-ce5d1476b87b,
4a7216b7-381f-4689-bbfa-8a2761bdc90d,8e0925e9-b1a0-4315-ac7f-9bbfe18313a5,65bcf67c-737f-469f-95b9-113772e5aa7b,
a9dcbc75-237a-499d-9926-6920142e8a3a,8e0925e9-b1a0-4315-ac7f-9bbfe18313a5,66ecc53d-8364-44f7-8de6-969cb13b1688,
76190ea7-790e-483f-ac71-2852d90b2932,8e0925e9-b1a0-4315-ac7f-9bbfe18313a5,67397f4d-53bc-4e60-a611-00b332e75daf,
adfaf766-76ca-42cd-85f6-6a4b6f163ed5,8e0925e9-b1a0-4315-ac7f-9bbfe18313a5,67806afc-f3f1-459c-8cf0-4cf4ab00bfd9,
fcd9e53f-059f-4179-8710-04ec0f19b9fe,8e0925e9-b1a0-4315-ac7f-9bbfe18313a5,67d60b9a-9957-405a-b690-b53259eacd62,
a6a6cad7-987c-4c94-bafc-670add59f82c,8e0925e9-b1a0-4315-ac7f-9bbfe18313a5,68752565-bd80-41d1-9df7-4fc05bb13d51,
75c5ac6f-18a3-4dad-9a49-79a10306dbc3,8e0925e9-b1a0-4315-ac7f-9bbfe18313a5,68974078-aa01-49f5-adf4-2c63c30b5645,
469d9f8f-ef47-4c32-9cc4-a7e5ee218028,8e0925e9-b1a0-4315-ac7f-9bbfe18313a5,69a14764-b5d4-4794-876e-e07884e772ef,
889756b4-7758-4e42-976d-64abcd46075e,8e0925e9-b1a0-4315-ac7f-9bbfe18313a5,69ef1d0f-9e40-435a-b220-1e2be1f0cdd6,
9c031f3f-9646-41a9-a140-78aa01df45a6,8e0925e9-b1a0-4315-ac7f-9bbfe18313a5,6a538eb2-559a-43a0-81ed-306c2060dcfb,
8f7a6a69-41a6-4255-874c-9979eb4b97cf,8e0925e9-b1a0-4315-ac7f-9bbfe18313a5,6a7fb789-9128-4b32-8abf-bf1cbae5a136,
0d59c737-b95b-4403-9185-0b39a4d8c87e,8e0925e9-b1a0-4315-ac7f-9bbfe18313a5,6ae9a542-050f-4a5d-a7f1-18ca02d0bdc6,
7b39c2c4-f952-4cfd-a53d-8258d61a0c32,8e0925e9-b1a0-4315-ac7f-9bbfe18313a5,6c70314d-0a22-433c-812a-192d964267df,
96dc3ed0-7476-43dc-b5c9-0444fdbe9a88,8e0925e9-b1a0-4315-ac7f-9bbfe18313a5,6cdc44d3-a509-4111-88cc-8a649d7872b6,
d40a5dd5-ed8b-482b-aabb-5f94de10df6c,8e0925e9-b1a0-4315-ac7f-9bbfe18313a5,6dc0ae7d-603c-4b21-858e-7470285b7de4,
8c9d7c3a-8dfb-44b1-9011-e7596afbab7a,8e0925e9-b1a0-4315-ac7f-9bbfe18313a5,6e1bc1a3-3ce7-4bc1-91ab-3e0533715731,
5318b29a-535f-44a2-bf36-f8cf3d83ac2e,8e0925e9-b1a0-4315-ac7f-9bbfe18313a5,6e50752b-d15f-4daa-aefd-dfd4d9a4f67e,
cade08f4-c85f-43ae-a5e6-dda9a8cda0a3,8e0925e9-b1a0-4315-ac7f-9bbfe18313a5,6e705885-c1ef-406b-919f-de24b398362b,
b6f3e9d4-86fb-4567-b8b2-be90945b0459,8e0925e9-b1a0-4315-ac7f-9bbfe18313a5,6e7f9c9b-9ee2-4454-9230-61c0b526573d,
73332905-334a-41be-9952-c07bd5fe686c,8e0925e9-b1a0-4315-ac7f-9bbfe18313a5,6f7a782b-3f95-48f3-876c-a8d41d3f38fa,
abdc1df5-e357-4644-b85a-e9c3f6d763db,8e0925e9-b1a0-4315-ac7f-9bbfe18313a5,6ff546d5-9af5-4564-b07c-701952221cb0,
f0e4c9cc-f394-40a6-a55f-fd35bd0811a8,8e0925e9-b1a0-4315-ac7f-9bbfe18313a5,7048d84f-dc74-4071-babb-ce9436e69806,
83723454-4fb7-4a3d-afa6-879ede21661b,8e0925e9-b1a0-4315-ac7f-9bbfe18313a5,707734b0-7fe3-44da-93da-151c0da4d8cc,
199f2eeb-4bb9-4926-9019-ac2753cf3264,8e0925e9-b1a0-4315-ac7f-9bbfe18313a5,71f9b8e7-c24e-4c17-8a60-cb54da491462,
f3a5028d-295e-4c63-a1de-12118263f748,8e0925e9-b1a0-4315-ac7f-9bbfe18313a5,72b6e211-c7ab-4d90-b226-a74559b0217a,
b8b30118-debd-4839-9a72-14149b678b40,8e0925e9-b1a0-4315-ac7f-9bbfe18313a5,72cd4b64-80c1-4c8e-b035-27836c05b457,
2646abb4-204e-4ff4-bfd0-f9c1239b3117,8e0925e9-b1a0-4315-ac7f-9bbfe18313a5,733dde98-9330-4957-93ad-5f8c307b217b,
34279ea1-c264-4a66-abfe-ecb84b0c19f8,8e0925e9-b1a0-4315-ac7f-9bbfe18313a5,74065e69-8c6e-4e33-8c2b-987ff4b9a36c,
493abdb6-865b-4be4-89c8-79f0414585f6,8e0925e9-b1a0-4315-ac7f-9bbfe18313a5,741f8f29-0938-48f3-a5ee-0a9b2419aaac,
ca77e806-f6a7-44a3-a275-879e8c5071aa,8e0925e9-b1a0-4315-ac7f-9bbfe18313a5,74754866-75e1-468b-9ea4-6f2ed62488cf,
acfad6a1-d6ce-4a8c-9e6c-9ed5033e0f3f,8e0925e9-b1a0-4315-ac7f-9bbfe18313a5,74a24118-ab83-4ddc-8190-8df45bd04b99,
0e0071ad-5dd9-4123-84dd-402c2517382d,8e0925e9-b1a0-4315-ac7f-9bbfe18313a5,75a9a371-5cff-4f15-af2a-b348e32748b4,
ec79ff80-f856-4f49-b3cf-4ab3c6cb9883,8e0925e9-b1a0-4315-ac7f-9bbfe18313a5,76539ff5-12f7-480e-8e47-5a6e52646fc7,
bc04981c-bf17-456b-b4e1-7d6089bdcc51,8e0925e9-b1a0-4315-ac7f-9bbfe18313a5,771372f2-2937-4fe6-acb6-35a21b6c4800,
29c01d4d-7b43-43a2-9243-2c2b076c2f9c,8e0925e9-b1a0-4315-ac7f-9bbfe18313a5,773eb640-0fe1-4644-b8ad-44d3513a1807,
0ddba86c-67bd-4186-9ca1-93019481427d,8e0925e9-b1a0-4315-ac7f-9bbfe18313a5,7747a246-01f8-47ec-8bdc-0586de81cfb6,
9ab40572-e0e1-4a00-8fee-628c8d844e19,8e0925e9-b1a0-4315-ac7f-9bbfe18313a5,77498969-7535-4855-aa92-0acfcaef6653,
c81c752f-6a56-43fb-b97f-83a010cdfbf2,8e0925e9-b1a0-4315-ac7f-9bbfe18313a5,7822c09b-c26f-4ed4-a028-df33917e9a92,
2ed87d06-13d8-4757-8f21-4de1099b7cc5,8e0925e9-b1a0-4315-ac7f-9bbfe18313a5,786432ca-9c11-4941-a5eb-afd816d06f35,
41d0187c-e3b9-4ad7-9bb7-a71ea570d408,8e0925e9-b1a0-4315-ac7f-9bbfe18313a5,79396cbb-de50-47f4-b873-49ca404a23f1,
1fb1a5b9-62ef-44e5-af8c-5afb93dcf555,8e0925e9-b1a0-4315-ac7f-9bbfe18313a5,79afb0e2-f053-4b8a-a95d-0e195fb4dfa3,
ea665899-cb18-4b22-97b3-cfe519d2587e,8e0925e9-b1a0-4315-ac7f-9bbfe18313a5,79b19ecb-27cf-49b2-a0af-e3e35a353792,
bc22a21a-367e-4636-9c58-503140bdbeb6,8e0925e9-b1a0-4315-ac7f-9bbfe18313a5,7a0833d9-40a5-446f-9c65-a2ac810f77ed,
480f7591-28f6-494d-bc7e-54538ae50a54,8e0925e9-b1a0-4315-ac7f-9bbfe18313a5,7a60e1c3-d599-45ef-87de-eb876c6dd01b,
bc3f632e-9fe7-453f-9a9b-56c681c71637,8e0925e9-b1a0-4315-ac7f-9bbfe18313a5,7b216bc4-ffc3-4f77-b5f6-31ece86914df,
fccb454c-8a3b-4384-aae8-60b889105d64,8e0925e9-b1a0-4315-ac7f-9bbfe18313a5,7b2607e5-3e94-404e-b5df-474e2b7871f8,
8f71e6e7-7f3a-44ca-ac37-193f95b07746,8e0925e9-b1a0-4315-ac7f-9bbfe18313a5,7b87824f-103c-428b-b39a-38e12897a543,
f9a14f77-970b-4abf-abd9-c49d2bde9c6c,8e0925e9-b1a0-4315-ac7f-9bbfe18313a5,7c21b588-cb7d-45a9-8dbb-5e0e599261b2,
9962d46d-1702-421f-aaae-b184998a5334,8e0925e9-b1a0-4315-ac7f-9bbfe18313a5,7c47af6f-902d-4099-8468-b9abc76b8a13,
83d7de4d-d4ed-42cc-b457-6d70b867d142,8e0925e9-b1a0-4315-ac7f-9bbfe18313a5,7c7b7685-049d-426e-afb9-4c017acd1f8e,
d186e656-83ab-46ca-aaa2-336934f2b268,8e0925e9-b1a0-4315-ac7f-9bbfe18313a5,7cddd591-7676-4e2e-aec4-5407195d6443,
1b5adf49-e1df-4ca1-9597-c0147c4f3ed3,8e0925e9-b1a0-4315-ac7f-9bbfe18313a5,7d449651-fc36-44fe-99d4-6de329bfe29a,
76550819-7b38-463f-9d7e-67ead043de6c,8e0925e9-b1a0-4315-ac7f-9bbfe18313a5,7e0cfe12-1fe5-4663-8f99-ac3866fbb2f5,
152fa982-d576-42cf-9976-e4dcf30936c5,8e0925e9-b1a0-4315-ac7f-9bbfe18313a5,7edc25f2-86fa-47c1-95a1-d8172e583e3d,
e2d306af-9fbe-4d65-ab47-d8244792b95e,8e0925e9-b1a0-4315-ac7f-9bbfe18313a5,802996c7-e10e-4109-bb41-201a3483e4c5,
bbd91c43-77a0-4af8-8931-8ff047728727,8e0925e9-b1a0-4315-ac7f-9bbfe18313a5,8089d11e-3947-4953-bbae-811f78837c6b,
a3dcd82d-7cca-4673-b54d-d664df25e51e,8e0925e9-b1a0-4315-ac7f-9bbfe18313a5,80c15919-18ff-495e-b124-6348918dbfa6,
ffb2f6f5-3a52-40b5-ac85-e7e90f09d8a2,8e0925e9-b1a0-4315-ac7f-9bbfe18313a5,80ef999b-0948-462c-bffd-e6e36de0bf90,
30d065fb-af69-4d51-adfb-546b03f30db7,8e0925e9-b1a0-4315-ac7f-9bbfe18313a5,81155453-93b7-49f8-878c-7db47bfea728,
84831c3f-c1c2-4662-80d3-0005cb757f12,8e0925e9-b1a0-4315-ac7f-9bbfe18313a5,81a90c4c-2354-4838-891b-8630a303944b,
4f22b189-83f6-4d7d-9fad-d47c99ed7806,8e0925e9-b1a0-4315-ac7f-9bbfe18313a5,81d2f6ae-e6ee-4171-be14-1ba97eeec7a4,
dbf76764-2549-4b5a-b555-9d895b1895b8,8e0925e9-b1a0-4315-ac7f-9bbfe18313a5,821f7c8e-7c51-4f4f-9872-34df3a8045a2,
8600835e-594a-4e7c-8488-f9bed27abaf8,8e0925e9-b1a0-4315-ac7f-9bbfe18313a5,8275fb5d-415d-4699-8512-9c28bbe122e3,
dbfa3f03-a3c8-439b-a220-76bc99ff439b,8e0925e9-b1a0-4315-ac7f-9bbfe18313a5,82db865d-9651-415c-a568-94561e0c04a3,
2190fa2c-2f02-4e7e-8354-75e3f0a69ef9,8e0925e9-b1a0-4315-ac7f-9bbfe18313a5,83bed171-e9e5-4fcf-b3a3-6f1ae36739f4,
41404232-1a6b-4e0a-ba0d-0fadfd381600,8e0925e9-b1a0-4315-ac7f-9bbfe18313a5,84ef7ad4-8c1b-46ac-9b47-5aade820002b,
8c82e8b6-9852-42d7-9a66-f31f55b417db,8e0925e9-b1a0-4315-ac7f-9bbfe18313a5,851a8459-444f-480d-ad3c-e827fbd5f9cf,
6ed5278b-fdc2-459f-b8e3-6713d71a505c,8e0925e9-b1a0-4315-ac7f-9bbfe18313a5,8570f7ce-0587-4f54-acbb-99effa4210bd,
663bcca5-5698-4c53-be4b-b19c78f4e0e6,8e0925e9-b1a0-4315-ac7f-9bbfe18313a5,85824244-32e1-4ea1-828e-90e19d9020ca,
8d71d75b-e805-43cb-9e8b-61868f5f27c7,8e0925e9-b1a0-4315-ac7f-9bbfe18313a5,85eb8989-5b14-419e-b4c0-12506d85b6ce,
63ddd94e-0281-4706-9e02-3d46dd95a6a3,8e0925e9-b1a0-4315-ac7f-9bbfe18313a5,8712677e-1f1b-4d21-b261-c3385b064d57,
5d31ad6c-ef7d-4c39-89f2-507e47588bb8,8e0925e9-b1a0-4315-ac7f-9bbfe18313a5,87654eb4-a12a-45a5-b213-82cf7b5f9aa3,
e67fde4a-29af-4c8e-bcb5-261abd565634,8e0925e9-b1a0-4315-ac7f-9bbfe18313a5,87783430-82e7-4d44-b037-00c9fdadf50b,
c947df0d-e56e-49cf-b01d-41e60a2cacc2,8e0925e9-b1a0-4315-ac7f-9bbfe18313a5,879409ee-10f6-4f5b-9be9-c57f28ab6a06,
3d920bb7-c401-46e1-bdf8-73a7e56cfb2d,8e0925e9-b1a0-4315-ac7f-9bbfe18313a5,880d97e2-aedc-4354-ac4b-51f9f71e0db4,
a1abe6c3-fc57-47cb-91b1-68a4b8d8b49a,8e0925e9-b1a0-4315-ac7f-9bbfe18313a5,880f663a-af7d-4f95-b4d2-72c7a00f94ad,
f4c5912f-5dbd-4f6c-a8ef-089a606e5772,8e0925e9-b1a0-4315-ac7f-9bbfe18313a5,89d1d0d1-fd34-4ecb-bcc6-ca99db85969e,
fb864b2b-5c33-4ec9-9428-6a6949c16421,8e0925e9-b1a0-4315-ac7f-9bbfe18313a5,89dd3d4e-cb39-46ac-86e4-3e72c3da78e2,
f94698aa-341a-493c-a93e-8f6e3f9e2eca,8e0925e9-b1a0-4315-ac7f-9bbfe18313a5,89defc47-f2a0-46a3-9908-9479b05eced2,
e520aa22-9b18-40e4-bbe8-68db0867308e,8e0925e9-b1a0-4315-ac7f-9bbfe18313a5,8a1e2bc8-9800-4eab-bcb5-07308923526d,
2b5e5f37-8d10-4d96-bae5-3c889d06a020,8e0925e9-b1a0-4315-ac7f-9bbfe18313a5,8aac19ca-f14c-459c-8e33-28b98477e976,
41212898-ebe2-47ef-8edc-55270bdcd013,8e0925e9-b1a0-4315-ac7f-9bbfe18313a5,8abe1d62-44e1-480a-abfe-d13a5b646cb1,
bb9faad2-652b-4361-ac51-51c7f620e91a,8e0925e9-b1a0-4315-ac7f-9bbfe18313a5,8adaaafb-c7de-484b-b916-e0877f726b2d,
569b897a-2976-4827-92e5-72be526224af,8e0925e9-b1a0-4315-ac7f-9bbfe18313a5,8b0d8488-861d-4a37-9850-ba674c0c6bc8,
0e079b79-9447-4d94-93cf-0a40a5dc435a,8e0925e9-b1a0-4315-ac7f-9bbfe18313a5,8c11b3e0-5ad8-4d23-9b35-e4e3a9f3006c,
ba9d46f4-69c4-47a3-beca-e42cd44eba98,8e0925e9-b1a0-4315-ac7f-9bbfe18313a5,8c69d477-58b3-471c-960e-113021968b8f,
53e32c14-c1ab-4686-b250-ec3eff5c0a32,8e0925e9-b1a0-4315-ac7f-9bbfe18313a5,8c816a06-e83f-46fb-a2a7-e4890b78afb2,
b4ed4bcd-c0d4-4d1f-9c40-f8ea60415aa0,8e0925e9-b1a0-4315-ac7f-9bbfe18313a5,8cb80650-a867-475e-95cd-e67387a0b925,
d585dafd-afdc-4e7f-9b47-d55f0de4b50b,8e0925e9-b1a0-4315-ac7f-9bbfe18313a5,8f35498c-fb51-49e1-9ea4-6b094366ea26,
407d57f5-7f58-4b47-aab7-a6e5758aa7e3,8e0925e9-b1a0-4315-ac7f-9bbfe18313a5,901425a2-a0f1-4d6b-9e9a-9567dcd89236,
091b5f96-e58b-450e-90c5-4fadfd3986c9,8e0925e9-b1a0-4315-ac7f-9bbfe18313a5,904fe7bb-a492-43c9-ba67-677dcd5ef130,
17e3f00d-78b7-4a9f-ad02-469e2318b814,8e0925e9-b1a0-4315-ac7f-9bbfe18313a5,91b2b837-1ace-4522-a45e-88e7b28ae09a,
af0f3d94-4274-4f8a-a11a-18035a7180cc,8e0925e9-b1a0-4315-ac7f-9bbfe18313a5,920c90f5-4c11-4069-a067-f46fa9d1526b,
51aceff6-c7a6-4e79-8466-79af12dffd0e,8e0925e9-b1a0-4315-ac7f-9bbfe18313a5,92a026b1-c989-403e-a877-24be888e9a28,
b6080ca2-c831-4da2-b779-65e3d3b38078,8e0925e9-b1a0-4315-ac7f-9bbfe18313a5,93152ca2-2236-404c-8f06-3280c4628dff,
7b561f60-2f21-459b-91e7-d835e3c046b0,8e0925e9-b1a0-4315-ac7f-9bbfe18313a5,93b0e880-1da5-4775-82d6-da9fa5d527b5,
0482d4e9-4eb5-4d1b-bac6-f7168eead569,8e0925e9-b1a0-4315-ac7f-9bbfe18313a5,94bcedaa-4744-4396-abb1-c579c4f00383,
a7f53cd2-d90c-40f6-beda-8c9a067226f8,8e0925e9-b1a0-4315-ac7f-9bbfe18313a5,9525aac6-6131-4083-b6f5-cd2a6b3884dc,
587b8b20-17bf-4c9e-9536-dbee592279e1,8e0925e9-b1a0-4315-ac7f-9bbfe18313a5,95359271-f2eb-4c9b-b0c4-e39a8bbcf823,
3c4b1df8-e367-492c-9d0d-e83fcda12019,8e0925e9-b1a0-4315-ac7f-9bbfe18313a5,960c30fa-56d4-4749-bccb-9ad340907678,
b46344d4-ec2a-46e4-8dc9-09dcf1d44a30,8e0925e9-b1a0-4315-ac7f-9bbfe18313a5,965a188a-93b8-4465-acc1-b76db3d9850a,
80ae8be8-92fb-437f-872f-bfea1049460b,8e0925e9-b1a0-4315-ac7f-9bbfe18313a5,9667f99b-0cc6-4b37-ad79-e7c9e23ca10b,
d904ade2-d086-4353-9b63-28d07cbe4de3,8e0925e9-b1a0-4315-ac7f-9bbfe18313a5,96dbc704-1a43-4faa-b5b5-17986e1a0ada,
ba008bf8-f3a3-4ef4-bcc6-96e5c2328708,8e0925e9-b1a0-4315-ac7f-9bbfe18313a5,970baee2-e229-4bdb-903a-8e658e7d679b,
839efb84-b837-420d-b4bd-0bbf237a9a52,8e0925e9-b1a0-4315-ac7f-9bbfe18313a5,97551527-4b78-4e45-89fa-de38700b5abd,
60a2be8f-3e59-44bc-9fae-3bbafd14856b,8e0925e9-b1a0-4315-ac7f-9bbfe18313a5,978f6556-fecb-43c6-b314-97a2b245f79e,
8f8dcdd4-f40e-4f02-893e-295888e371dd,8e0925e9-b1a0-4315-ac7f-9bbfe18313a5,98416a7e-0e56-41e3-ab64-c60987f431e8,
c1907f62-9610-44a1-82f0-1d184828222c,8e0925e9-b1a0-4315-ac7f-9bbfe18313a5,987e39cd-29d2-4610-acea-22b3d32bb1f4,
44513ef8-4add-4fe8-b3ee-b58acf018aa8,8e0925e9-b1a0-4315-ac7f-9bbfe18313a5,98a07696-d7c5-4df3-a7c6-6a0f3f17e5ea,
ef50940b-568a-46fb-83f7-82e22189c0d7,8e0925e9-b1a0-4315-ac7f-9bbfe18313a5,995f38a2-881e-4678-982d-8edf0cdf4a5f,
a1ce8582-0d01-401c-aa80-2ee55943e55d,8e0925e9-b1a0-4315-ac7f-9bbfe18313a5,998e7c22-c85d-454a-a314-4d7fd7563740,
2c73a71d-081c-4dbe-8448-9bd8a58e81a2,8e0925e9-b1a0-4315-ac7f-9bbfe18313a5,99b04ec2-bb9f-4bb9-a8f4-7167a24f1016,
32c922aa-2131-4cd7-8e80-b177e51cc42e,8e0925e9-b1a0-4315-ac7f-9bbfe18313a5,9a761a47-b851-4739-8a45-1ac5312180c5,
929a5aae-9c34-42d6-8f2d-07aee09f0aed,8e0925e9-b1a0-4315-ac7f-9bbfe18313a5,9aa392d9-7591-418e-a75b-74ee94f9ebd8,
807bc178-ae3a-4858-94fa-d3f7af7b82f3,8e0925e9-b1a0-4315-ac7f-9bbfe18313a5,9ad2dee8-3813-4073-8fe6-ef3d455e207e,
224a78f1-e235-4a2a-b89c-0e0d47f6bd82,8e0925e9-b1a0-4315-ac7f-9bbfe18313a5,9b01daaf-9b8f-442b-a0a5-809ee9f14235,
5967645e-a6ed-497d-a653-6071509844c6,8e0925e9-b1a0-4315-ac7f-9bbfe18313a5,9b061616-ae00-4090-ae6b-f9f90022f7b5,
a2beeb60-2626-4525-94fa-1f723168cbed,8e0925e9-b1a0-4315-ac7f-9bbfe18313a5,9b1b2c51-de19-46a3-a39f-3fb95168031d,
8df1020c-81cf-4866-a656-6516d1e94f43,8e0925e9-b1a0-4315-ac7f-9bbfe18313a5,9b3488b8-f9a7-47e1-b8a7-af81c5353196,
10aa37b0-8870-45a0-9c23-647cc568d8d0,8e0925e9-b1a0-4315-ac7f-9bbfe18313a5,9b919100-da71-40bb-8db2-893a828804e2,
db3c226f-c96a-4889-af26-d5bb63291fdc,8e0925e9-b1a0-4315-ac7f-9bbfe18313a5,9be026f7-ad8b-4087-be41-429750cb5447,
56a837a9-98b7-4a5a-ba98-01a30eddfc20,8e0925e9-b1a0-4315-ac7f-9bbfe18313a5,9c5b87f8-eece-40cd-9598-cb00caa09ee9,
2c6c569b-7e94-4e1e-8b8c-7c3477553032,8e0925e9-b1a0-4315-ac7f-9bbfe18313a5,9c908932-74df-4fa3-b981-02f36c505609,
7307655e-e20c-4280-b583-120d8bad7ec0,8e0925e9-b1a0-4315-ac7f-9bbfe18313a5,9cbf5a11-4b75-4ca7-93b9-3ce66ef5314f,
a48bad23-f7cb-49f8-823c-e8c55252e8a3,8e0925e9-b1a0-4315-ac7f-9bbfe18313a5,9d6fb4ba-22c0-42c7-be3f-c80ac8e44956,
f4e40dce-2a3d-4579-8d97-f0338c1411da,8e0925e9-b1a0-4315-ac7f-9bbfe18313a5,9da927ae-530f-4184-a16e-aff0866d0951,
aa549a91-8817-4f6d-8c41-f88b90e4120d,8e0925e9-b1a0-4315-ac7f-9bbfe18313a5,9de7dbed-da24-4aa6-9157-57a175f6301d,
d6c6095e-d048-4dee-8c35-f45b7082547c,8e0925e9-b1a0-4315-ac7f-9bbfe18313a5,9e15c2b7-6a41-4085-853f-5feda5f5cc50,
821ace28-98f9-4eeb-8793-89cf9acb7d90,8e0925e9-b1a0-4315-ac7f-9bbfe18313a5,9e492e6e-5679-4e47-95de-2280d23f8642,
8e8d3c81-8263-41de-a399-80a7edcde824,8e0925e9-b1a0-4315-ac7f-9bbfe18313a5,9e5b8b84-389c-43ba-9b60-4eb78c6f9de0,
174e1cf4-801e-4f63-beb8-c06e6ddf5735,8e0925e9-b1a0-4315-ac7f-9bbfe18313a5,9eec0924-15a1-4141-b65b-eac4ece5d93d,
ccbc5854-4ced-4e3d-a51e-1a0a0858047d,8e0925e9-b1a0-4315-ac7f-9bbfe18313a5,9ef4dd04-1305-4a64-b7df-39e0d186763c,
e97efb29-145b-4fdd-bc07-b2de33c3079d,8e0925e9-b1a0-4315-ac7f-9bbfe18313a5,a0d8ee3c-94f0-474b-b7a0-8846daceade3,
51c4c1aa-f3f8-4665-a3f5-2a0cd706f04b,8e0925e9-b1a0-4315-ac7f-9bbfe18313a5,a21553cd-d714-4268-a924-ecb7ea23c736,
dc3ea366-546c-4a22-a7e3-a6e7a3f63180,8e0925e9-b1a0-4315-ac7f-9bbfe18313a5,a24964aa-8ead-44a4-9e55-02dc12d7cc76,
c31e154b-a4cf-48ef-81fd-c8832f2c80d7,8e0925e9-b1a0-4315-ac7f-9bbfe18313a5,a2a53c26-1397-4e37-a788-5f93566a7eaf,
fe90146d-b288-4b7e-868b-e74b68976e52,8e0925e9-b1a0-4315-ac7f-9bbfe18313a5,a2ba2a36-1bdf-4429-af88-1a0f98bbcf90,
9678b91f-4a09-4bf3-86a9-0acd34712412,8e0925e9-b1a0-4315-ac7f-9bbfe18313a5,a2e8ae4a-fe6a-4ecd-bcd9-2e555ec8f4f4,
1c25ed34-a529-4de4-b0a9-88ef62f83af9,8e0925e9-b1a0-4315-ac7f-9bbfe18313a5,a3fa14fd-117e-4b46-a28d-6bb96ef1705f,
6b88a52f-4904-42a1-91e1-9fc4198d4870,8e0925e9-b1a0-4315-ac7f-9bbfe18313a5,a464e63a-7897-4533-9ba2-b0cba5f13235,
3b8dc06a-b0c6-49ef-a09f-c26eb173b7d1,8e0925e9-b1a0-4315-ac7f-9bbfe18313a5,a4c1204d-bac3-476c-bf57-5b74ed84a4ae,
5dbcd777-6d27-4736-89c8-99ad77de2fef,8e0925e9-b1a0-4315-ac7f-9bbfe18313a5,a5263050-1c26-421c-94a6-0c76348e987a,
d2b4b381-45d1-4270-9db3-a2c05622711f,8e0925e9-b1a0-4315-ac7f-9bbfe18313a5,a656e957-feb6-4ea5-b918-17dcdcf080b9,
70db2550-9f42-4583-ab76-6c0184418ac8,8e0925e9-b1a0-4315-ac7f-9bbfe18313a5,a683b7ae-2b15-4076-bd00-964b330d5bc3,
42e7bb08-94d3-4c31-a2b5-f6d0c5ffa8e9,8e0925e9-b1a0-4315-ac7f-9bbfe18313a5,a688ba0e-4fa8-45a5-b961-f25c914bd54a,
02654b05-7602-4a5d-acc9-8574f4ad9e0e,8e0925e9-b1a0-4315-ac7f-9bbfe18313a5,a6a35503-c245-4cd3-b7af-f404a5ca7cb2,
c10fd748-187a-4cc6-b8bb-5a5482ecb8cc,8e0925e9-b1a0-4315-ac7f-9bbfe18313a5,a6c519ba-4860-444c-a8d8-43697f5b00cb,
060840c9-253e-4aad-8791-9bac1bb14277,8e0925e9-b1a0-4315-ac7f-9bbfe18313a5,a7bb794f-80c9-4a86-a0cc-eb4ed7efb5ca,
81d21b26-0bd1-4706-b68f-7792d2107677,8e0925e9-b1a0-4315-ac7f-9bbfe18313a5,a8b9c496-f655-4d7a-a752-511efd85ef52,
f9041120-4795-482f-8046-48695988a0b1,8e0925e9-b1a0-4315-ac7f-9bbfe18313a5,a8d70bb0-4ca7-4c7b-b64c-dbff2cc6cad4,
5226a9f4-be83-4d9b-8866-ac8cbfc58406,8e0925e9-b1a0-4315-ac7f-9bbfe18313a5,a94381d3-4f40-4771-9951-583d500fece8,
b8a84135-89ce-4525-93c8-8ccdf675e480,8e0925e9-b1a0-4315-ac7f-9bbfe18313a5,a9d60aa2-00a0-4ee0-b39e-08105b8523f9,
87798c31-601b-43f4-adf0-7f932eddb22f,8e0925e9-b1a0-4315-ac7f-9bbfe18313a5,aa411c30-c3ce-4d2f-8712-dcee869a4cc0,
590c6c20-64f5-4292-82a7-d710d9fa049c,8e0925e9-b1a0-4315-ac7f-9bbfe18313a5,aa572801-891a-44de-a9b8-e38d1bbd82a8,
19ebcf06-92e6-457e-8b01-d04f33e3e3e6,8e0925e9-b1a0-4315-ac7f-9bbfe18313a5,aa74db73-0a3c-426b-8dd0-527543e7d927,
111ca26b-ed73-4b68-a5be-d1439abf4759,8e0925e9-b1a0-4315-ac7f-9bbfe18313a5,aaa2dbaa-51cc-402e-8bba-0a349dac5372,
24922d08-0271-463a-863a-1e7f1f96a920,8e0925e9-b1a0-4315-ac7f-9bbfe18313a5,ab1b32df-6bad-4896-8f74-8d00ebcea192,
0b9f3e0a-c9b5-451f-b7c9-ed428f187456,8e0925e9-b1a0-4315-ac7f-9bbfe18313a5,ab522fc0-1724-4e28-9121-8ed5fe905f58,
ba8331a9-601e-42ab-a22a-23ade271e449,8e0925e9-b1a0-4315-ac7f-9bbfe18313a5,abe546ed-3777-49cd-af2f-ddef50e6cb5a,
b4b9a752-128f-4d8e-aa1b-a104775fa2bf,8e0925e9-b1a0-4315-ac7f-9bbfe18313a5,acc75c41-b051-4694-b08b-dffbe62d51ab,
891b519c-da2b-47eb-9479-93b98d554b53,8e0925e9-b1a0-4315-ac7f-9bbfe18313a5,ace73918-a4bf-4159-9f91-d84701533f57,
1c634f3c-564b-40f8-8ffb-3072a9ec205f,8e0925e9-b1a0-4315-ac7f-9bbfe18313a5,ad2f1b4b-da83-4529-88db-d9c140c7be31,
3b603c16-8655-4ffc-9902-332bc4dc4adc,8e0925e9-b1a0-4315-ac7f-9bbfe18313a5,ade29167-0e1c-4f53-a153-9a7109818815,
8bd61863-dab2-4105-be19-6401e1e198c6,8e0925e9-b1a0-4315-ac7f-9bbfe18313a5,ae540c74-68f8-4025-b067-6ba324247b9c,
aaad86c1-4ef8-4fed-8d07-650d2618ded8,8e0925e9-b1a0-4315-ac7f-9bbfe18313a5,af04ab56-8242-4dae-b779-95d5bad2faf5,
30a45111-8e8e-41af-9edf-8cb0cf272ef4,8e0925e9-b1a0-4315-ac7f-9bbfe18313a5,af9c625f-d9e6-4818-8d66-ab058447ddfe,
42a309f0-de5a-4fb3-98db-60a6d3cf7230,8e0925e9-b1a0-4315-ac7f-9bbfe18313a5,afbdec39-aada-4584-afab-05c8d6a564e4,
d3b92908-8d15-403b-aab5-c02fb6de40ce,8e0925e9-b1a0-4315-ac7f-9bbfe18313a5,b05ca418-b3fd-475c-8302-a3f91dbad615,
fc27886c-36b2-4e64-ba11-9abd52cfd0d9,8e0925e9-b1a0-4315-ac7f-9bbfe18313a5,b1453424-c055-424f-87b4-07665036f6f4,
1c2d36fa-bb43-43fd-ad43-944007f9c34a,8e0925e9-b1a0-4315-ac7f-9bbfe18313a5,b1482d81-7ea5-435c-b580-7aad716981b5,
5d7d2d5d-704a-4737-b154-246d8bb3f261,8e0925e9-b1a0-4315-ac7f-9bbfe18313a5,b234ee82-d3c4-4866-8651-e66249b952d6,
b9a8673f-e210-44e7-a8df-b69f2bfb87d9,8e0925e9-b1a0-4315-ac7f-9bbfe18313a5,b2b04df1-954a-4cf5-8f6f-8276e0234b1a,
cf7f6380-6907-4232-ab8e-9d00c0bab871,8e0925e9-b1a0-4315-ac7f-9bbfe18313a5,b2b4a46b-7485-4f7f-8ade-943be88de576,
1d720e96-29ba-4eac-b066-3829a2c0ef01,8e0925e9-b1a0-4315-ac7f-9bbfe18313a5,b2ba1d1d-4cd0-4b7f-bfc9-585889c8db92,
16af41e9-0c0d-48bd-9769-4ed49d94f481,8e0925e9-b1a0-4315-ac7f-9bbfe18313a5,b2d907a7-c662-4d34-8897-45d425bfce96,
ef7a8350-ab5d-4238-816e-27db1574989c,8e0925e9-b1a0-4315-ac7f-9bbfe18313a5,b326f4a0-353e-4d51-aa7c-cc16b4a87928,
932d8f06-2639-441a-9de2-6f4b55257c3a,8e0925e9-b1a0-4315-ac7f-9bbfe18313a5,b36d487e-047e-4ebe-91ee-786eb6b00d0b,
e18e2e8a-f7c7-4f46-aee7-2f54707d53d8,8e0925e9-b1a0-4315-ac7f-9bbfe18313a5,b3843532-ae9d-4b3d-b135-552bbfa260d5,
91db8daf-4a54-4df0-adfc-08776f780c71,8e0925e9-b1a0-4315-ac7f-9bbfe18313a5,b4c3cc9f-af4a-4468-8fb9-8d60e9340894,
81bb6c2a-8eb3-43d7-bb9f-f2d2ec771cb5,8e0925e9-b1a0-4315-ac7f-9bbfe18313a5,b557a578-d296-4995-abe7-b711eeaaf120,
670d62e1-df72-4717-a71b-29fafadfcc14,8e0925e9-b1a0-4315-ac7f-9bbfe18313a5,b55e9240-d51d-4824-b1af-5fe5cc44394e,
e8c9ce49-4864-4241-ade4-7f09d406776a,8e0925e9-b1a0-4315-ac7f-9bbfe18313a5,b5bc4305-bd26-4764-a3d1-87fd0294a1bc,
6dc78213-fb1e-4cf1-99a4-24a0cd8a4146,8e0925e9-b1a0-4315-ac7f-9bbfe18313a5,b6287493-8fce-4ab0-8fa4-529027d9389c,
cbb34af1-c721-47ba-9365-9028e0fe368e,8e0925e9-b1a0-4315-ac7f-9bbfe18313a5,b68396f6-5574-4f63-92f1-7ee47fefc7e7,
c609aedc-b9b6-4ec2-9196-70d32d7df318,8e0925e9-b1a0-4315-ac7f-9bbfe18313a5,b7d53ef9-aee1-4119-84cc-1f83dffdd6dc,
48a28e59-391b-4afb-90cd-7964ca4de638,8e0925e9-b1a0-4315-ac7f-9bbfe18313a5,b80a5c36-842a-4bc2-a1ac-60396f8a1f2c,
a68340cf-9e94-46fd-a413-7cd227e0962d,8e0925e9-b1a0-4315-ac7f-9bbfe18313a5,b8866b13-654f-4335-9619-6634ddf9f3bf,
800096da-bbcb-4dd7-89dd-0542a4371979,8e0925e9-b1a0-4315-ac7f-9bbfe18313a5,b897f950-05bb-4a21-80bb-ef1065bdd9d3,
226b9cb8-22e9-4b2e-947b-0086db6434a8,8e0925e9-b1a0-4315-ac7f-9bbfe18313a5,b9ba4929-0cee-4b45-ae10-2611fd876a04,
058d3e3c-4a99-4036-a6f5-07f476ebda56,8e0925e9-b1a0-4315-ac7f-9bbfe18313a5,baef0579-a1b5-4c79-9364-e660a52b4472,
79dfc212-7ec1-4272-af56-a0766011ff16,8e0925e9-b1a0-4315-ac7f-9bbfe18313a5,bb55c37b-d22c-4f4b-98ff-b6c4acbb3b4b,
e003a93d-9898-4159-b15c-291a011cf417,8e0925e9-b1a0-4315-ac7f-9bbfe18313a5,bb90d94d-08df-426d-af1c-509ce806881d,
80bf2b5e-da55-422b-8b5c-930457ff884d,8e0925e9-b1a0-4315-ac7f-9bbfe18313a5,bbe1d60e-a964-4ea4-9cc8-0cfefb891ac6,
7609aa33-1289-4db8-ba77-1d87cc92d88f,8e0925e9-b1a0-4315-ac7f-9bbfe18313a5,bbf5e2a5-22fb-4635-b1c6-00f924a2f8e6,
f5869544-43f9-4795-bd8f-2638915e1e4f,8e0925e9-b1a0-4315-ac7f-9bbfe18313a5,bc01cb97-0828-42db-b5ed-c55b5126d916,
3bcb04d5-ca66-4cb8-ac6f-3ea2a2a10f23,8e0925e9-b1a0-4315-ac7f-9bbfe18313a5,bcfedd88-cac3-4952-ab2b-1f018f366071,
f771aa62-df48-464c-8185-30444a07cf03,8e0925e9-b1a0-4315-ac7f-9bbfe18313a5,bd500ff4-e45e-496e-aac2-4f3f6b01b672,
bdd204f4-c4df-4e70-bf33-f13a1c13575f,8e0925e9-b1a0-4315-ac7f-9bbfe18313a5,bd733901-d3b0-4359-a6eb-c57dd6206932,
e9967756-0de0-403a-b382-3855f728f872,8e0925e9-b1a0-4315-ac7f-9bbfe18313a5,bdd98e48-ab3d-4c9a-b7e4-235fd1944a51,
3088e01b-af22-45a2-bc6a-8fcfb6b9b959,8e0925e9-b1a0-4315-ac7f-9bbfe18313a5,be168daa-c9da-491b-8b7b-92d71a709694,
45fc4ba2-5c6a-4fb8-b5cd-d7b35af28f54,8e0925e9-b1a0-4315-ac7f-9bbfe18313a5,be85eaac-0d86-421b-a942-f5a2fc99fbc1,
8173fdfa-ff2c-4502-b391-cdb8144f0a90,8e0925e9-b1a0-4315-ac7f-9bbfe18313a5,bf156be4-2de0-422e-a9f1-dd2e4398a1b8,
944f73b5-336d-46c9-b83d-f38f2d2b0989,8e0925e9-b1a0-4315-ac7f-9bbfe18313a5,bfd00b45-4d0f-42d9-bb3c-be92bf6e5b29,
9fc73ecd-8932-43b9-97ae-7a01a35ce439,8e0925e9-b1a0-4315-ac7f-9bbfe18313a5,c0022d44-e527-4c90-8c79-66f03f7a0c77,
e956ad94-fa41-49cc-ae37-192e9926d507,8e0925e9-b1a0-4315-ac7f-9bbfe18313a5,c006e6b0-533e-435d-b16b-b834380c3857,
33d6be62-27b0-45f3-814d-8f214ccbc557,8e0925e9-b1a0-4315-ac7f-9bbfe18313a5,c06f8de0-0a56-48fb-8aee-eca619579c79,
61827223-788d-4ed0-8802-a0c9e306c13e,8e0925e9-b1a0-4315-ac7f-9bbfe18313a5,c10acba7-e983-44d8-b9b7-35e4d310e45c,
7e0ee42a-7618-41dd-9c40-6acc513d7b36,8e0925e9-b1a0-4315-ac7f-9bbfe18313a5,c1299d0e-f322-4f13-b2c7-67b9ce921653,
584b7c9a-6e81-45d1-907e-9f3bbe005787,8e0925e9-b1a0-4315-ac7f-9bbfe18313a5,c1c67e7e-f255-4e93-9ef9-b6cf90973376,
9b3f8f18-6ddf-48a1-a24b-2db4d2df8c43,8e0925e9-b1a0-4315-ac7f-9bbfe18313a5,c1d6f1d1-1724-40ae-85a1-af8b09ca5f97,
1b8d0e41-9cb3-4f3d-bf35-b56d4cd81eb1,8e0925e9-b1a0-4315-ac7f-9bbfe18313a5,c2334094-d242-4a3c-9117-8a60480d7496,
90ec3f94-b0f7-4c44-97e2-77aeb8582351,8e0925e9-b1a0-4315-ac7f-9bbfe18313a5,c255d742-539f-4efe-98a2-8498fbc02e79,
f9589b83-781a-47e8-ae34-b00493cbb66d,8e0925e9-b1a0-4315-ac7f-9bbfe18313a5,c2eb158a-141c-4673-b81f-1bda532a92c9,
08e1a5e6-8d90-4dee-b7e9-d0882a722209,8e0925e9-b1a0-4315-ac7f-9bbfe18313a5,c2f4676c-5923-4323-8e56-d78b30ed38fb,
9ab1be72-af9f-4057-94e8-02e113bb256e,8e0925e9-b1a0-4315-ac7f-9bbfe18313a5,c3d3514a-2ce6-42ee-8a47-9923db5a5628,
bfd2c8c9-a60b-4c2a-85b8-2d7a50ad2af4,8e0925e9-b1a0-4315-ac7f-9bbfe18313a5,c3f1143c-5ab0-4965-a27c-937b3140e448,
2d81d1f0-8082-4bbd-8a08-8f913762e02e,8e0925e9-b1a0-4315-ac7f-9bbfe18313a5,c47c9371-6f08-426f-a715-01a03740ee6f,
66890ea1-3b89-416a-bac5-ddac6e651c01,8e0925e9-b1a0-4315-ac7f-9bbfe18313a5,c4f5bb71-a7cf-4358-b15c-08f21ce34fc5,
dbc22dc6-c884-4ec2-ab68-002a2d433b26,8e0925e9-b1a0-4315-ac7f-9bbfe18313a5,c4f7401b-736f-4e51-adde-7017961a81f4,
e221cc8f-97d4-43a6-babc-8d52ac864f62,8e0925e9-b1a0-4315-ac7f-9bbfe18313a5,c556de28-f6be-4b4a-bcbb-73bd8f0d9802,
0106e37a-af2d-4867-9096-318764213266,8e0925e9-b1a0-4315-ac7f-9bbfe18313a5,c5a328a4-5996-479a-9546-faeb138d5c1c,
da35dcf1-bdc6-4ff0-a07d-bab09f7da8dc,8e0925e9-b1a0-4315-ac7f-9bbfe18313a5,c5f84de0-17da-4fa8-9eb7-d1a9609d3203,
3e3079fd-0ac9-4ee5-b341-dd92dcaf4318,8e0925e9-b1a0-4315-ac7f-9bbfe18313a5,c6c1016a-59d0-4f04-a6ca-4a845dd77afd,
af041978-3a5d-4b2c-8834-42beb7bdb7f3,8e0925e9-b1a0-4315-ac7f-9bbfe18313a5,c6d5a28c-df92-454f-a5fb-272a8ac3eac7,
1d38f8b3-0e21-46d5-882c-9e3d41ab0b29,8e0925e9-b1a0-4315-ac7f-9bbfe18313a5,c6df55f2-cef2-4ed3-9071-c3749bfa8829,
c7dc059e-3140-4328-ad5b-04746c7d9c89,8e0925e9-b1a0-4315-ac7f-9bbfe18313a5,c75450c1-743d-43f9-bdc4-1ff31cca582a,
14a0ebca-3786-479f-bdf1-5f0e8a91a32c,8e0925e9-b1a0-4315-ac7f-9bbfe18313a5,c7b623ab-94de-4010-b961-2872a7f6c960,
02e27324-448f-4fcc-a6fb-d0531fcaeb82,8e0925e9-b1a0-4315-ac7f-9bbfe18313a5,c7e2c1ae-28e6-4987-8568-9c6a49f10e79,
cc43a5bf-be9e-441e-8126-3188b21a34b3,8e0925e9-b1a0-4315-ac7f-9bbfe18313a5,c7f81452-a974-47dc-8b78-e3fe95bc55f7,
746e2320-1c13-4151-bb79-0c427f98465a,8e0925e9-b1a0-4315-ac7f-9bbfe18313a5,c8241037-19be-40dc-bdbf-dd26f35d4cc7,
02757c47-ca11-4d2a-8a1f-e1477287b08a,8e0925e9-b1a0-4315-ac7f-9bbfe18313a5,c8c608cd-55f4-4307-809f-9b204c7ea804,
6be5a741-1082-4fc7-a769-11ebd3fac122,8e0925e9-b1a0-4315-ac7f-9bbfe18313a5,c8d2e866-b7f2-4031-ad2b-0ec1126db444,
b14fcc4a-cffc-4ef4-a25c-9347b5b542a7,8e0925e9-b1a0-4315-ac7f-9bbfe18313a5,c8e31c0f-f13f-410a-ac93-ad802a874a72,
d14a670f-0511-4166-b040-ac5e07e8c707,8e0925e9-b1a0-4315-ac7f-9bbfe18313a5,c93db947-4ada-4b4d-a123-794297c784a9,
46439fca-7bb4-4d5b-8d57-fb8c30325805,8e0925e9-b1a0-4315-ac7f-9bbfe18313a5,c95109d2-8bbb-4130-850e-7a1fdfe76c63,
d2a8f556-6df5-4f47-aab4-4aeadd54d5e7,8e0925e9-b1a0-4315-ac7f-9bbfe18313a5,ca11f0af-8f73-4fb7-97b2-024e50fd429a,
8b6b7f44-394c-4a61-b09d-36fe95d0940f,8e0925e9-b1a0-4315-ac7f-9bbfe18313a5,ca248d6f-7e20-4b9e-81be-b93a73a0de85,
7c846e93-0ab7-4e5d-9f13-a114f0a7219e,8e0925e9-b1a0-4315-ac7f-9bbfe18313a5,ca2f6a02-fb36-4237-a6c2-a7b2d27c068e,
44ca6439-2f40-4ebb-af18-68b7bcc9566e,8e0925e9-b1a0-4315-ac7f-9bbfe18313a5,cb84136f-a857-44f2-b777-113b69e33a03,
e3247993-c761-4e28-b58f-427933eb077e,8e0925e9-b1a0-4315-ac7f-9bbfe18313a5,cb866864-1300-4e2c-a7ae-c563cea9615f,
c455791f-76a3-47c1-a3f9-14c8c1003ec4,8e0925e9-b1a0-4315-ac7f-9bbfe18313a5,cbaede6b-06ba-4e95-8103-1a9a92be8f52,
1ae2d5dc-b43f-4047-8183-88a3bb597e92,8e0925e9-b1a0-4315-ac7f-9bbfe18313a5,cc9b1e28-e22e-49ca-b055-c4b4482a9875,
2a45349b-4b28-400f-81cd-0a4b0505c705,8e0925e9-b1a0-4315-ac7f-9bbfe18313a5,ccba8361-29fe-43d0-b56e-6c64d901c0b9,
6e7fb497-5125-44d8-a8fe-7c4963e725fb,8e0925e9-b1a0-4315-ac7f-9bbfe18313a5,ccc6e755-9e98-4b8e-9488-2d296608c4a4,
64f1ca9e-d0df-4d66-ba22-29280539ddfa,8e0925e9-b1a0-4315-ac7f-9bbfe18313a5,ce1f82b8-a2b4-4dde-bdc5-97dfaa249448,
b9cef553-122d-4118-8242-b071268886a8,8e0925e9-b1a0-4315-ac7f-9bbfe18313a5,ce63f262-3bc2-48d1-8f95-f976aab59461,
63dd841f-658c-42ba-8709-0f2fb30f8bcb,8e0925e9-b1a0-4315-ac7f-9bbfe18313a5,cecfb143-89ec-48f6-9eee-6aa8a46620c7,
47b22f6f-8b07-4988-9eab-49b678785362,8e0925e9-b1a0-4315-ac7f-9bbfe18313a5,cef23662-896b-48b7-8697-cce71fb169dd,
fd4ab05f-65c9-4f07-8de4-a4ca8f2f1e59,8e0925e9-b1a0-4315-ac7f-9bbfe18313a5,cf95a86a-8598-48a9-9891-6f058606cffe,
ffaf342d-0ba9-43b9-9500-e12f98bdd7d5,8e0925e9-b1a0-4315-ac7f-9bbfe18313a5,d03db9d7-ad67-45bc-8c6e-ffa8d1331bc9,
242bc0b1-d6a9-4759-8c18-31372c8ccc2c,8e0925e9-b1a0-4315-ac7f-9bbfe18313a5,d08402d8-6cd0-447f-8610-36e4daf7e149,
e10440f8-0382-4e2b-b86f-09a45254d329,8e0925e9-b1a0-4315-ac7f-9bbfe18313a5,d0b22b79-5d37-4335-9fb0-b4882ef1ab81,
91926599-5b3a-4d87-a658-f8da0608c341,8e0925e9-b1a0-4315-ac7f-9bbfe18313a5,d0fab0ef-00a4-4408-88d9-43591e5b9530,
51f42515-0fea-48eb-aea7-130a080edc95,8e0925e9-b1a0-4315-ac7f-9bbfe18313a5,d1040d5f-b524-454f-8c67-01f3ad974aad,
f979db9b-211e-4bab-bffa-75bb318011a9,8e0925e9-b1a0-4315-ac7f-9bbfe18313a5,d1c73c3e-e7ef-4e1f-b81d-be947b88402c,
197c8b6e-0d7d-44d9-9273-8bea0d450412,8e0925e9-b1a0-4315-ac7f-9bbfe18313a5,d242ddb7-be92-464b-941a-3a6052cc1833,
17123bb9-8195-48dc-b3e2-e78ac7aa86f8,8e0925e9-b1a0-4315-ac7f-9bbfe18313a5,d28179e3-03a0-41f9-86b5-1b78f97acf81,
159568a2-fc19-4798-bc57-bf408ec7e890,8e0925e9-b1a0-4315-ac7f-9bbfe18313a5,d3bb64fd-4691-45a4-a792-b0672fe0d185,
08c9a8eb-496c-4b13-a3f5-aae3e06593a7,8e0925e9-b1a0-4315-ac7f-9bbfe18313a5,d4b0d860-d5d2-4bf8-9b97-895ebf79ab71,
c35d81b7-7861-406c-95de-a20383fff382,8e0925e9-b1a0-4315-ac7f-9bbfe18313a5,d4bc3c66-f23e-4d82-a0fb-58d273b52e0d,
97c65990-61a8-4738-aacc-ba8e585ee8f5,8e0925e9-b1a0-4315-ac7f-9bbfe18313a5,d579ea5a-4923-4b40-b8bf-ea4a78939c58,
855bb74e-1655-497c-a518-9012800cdd0e,8e0925e9-b1a0-4315-ac7f-9bbfe18313a5,d6ee325c-e804-4e51-aa8d-8e2ac85310ad,
c54eba24-3c77-415e-babe-b7dee7ab78ce,8e0925e9-b1a0-4315-ac7f-9bbfe18313a5,d731c8f7-4c29-4eec-954e-c934e762aa08,
6ce68f91-4fd9-45a2-8ce9-a31e591135be,8e0925e9-b1a0-4315-ac7f-9bbfe18313a5,d7f11eac-a04a-41c4-8760-9e3b2b304af9,
ca2be147-19b7-4c80-a1ed-49a634b38a89,8e0925e9-b1a0-4315-ac7f-9bbfe18313a5,d8642f13-b67a-47f7-a191-97939f917b31,
428200c6-d77f-4f48-9b31-68113ec87444,8e0925e9-b1a0-4315-ac7f-9bbfe18313a5,d9b07ef8-692f-45de-8571-fa2bb031dd52,
da6e506c-c5de-40b9-86b7-2e9485050a36,8e0925e9-b1a0-4315-ac7f-9bbfe18313a5,da5c2707-5f3b-4ef9-ac92-7681f174d1fc,
ff4273bc-c2c6-4387-a9e7-8a1519d3c9bf,8e0925e9-b1a0-4315-ac7f-9bbfe18313a5,db1834cf-a2bd-4b75-8869-08dc796676a2,
3163f847-7f0b-445d-8a5d-b3ccb633b842,8e0925e9-b1a0-4315-ac7f-9bbfe18313a5,dc603e1b-c509-4138-8741-ce8ecd74d2c9,
76d82710-feec-4452-bff1-e3bd037cde47,8e0925e9-b1a0-4315-ac7f-9bbfe18313a5,dca59acd-bbe0-4d73-8c05-77f6f49e6e2d,
138c8ae3-7438-419c-90fa-275c56956fc3,8e0925e9-b1a0-4315-ac7f-9bbfe18313a5,dcd1d30f-04f0-44f0-bac7-14d77d23d41f,
9bdd8e36-74a4-40aa-a53c-e799b440ffc3,8e0925e9-b1a0-4315-ac7f-9bbfe18313a5,dd37766b-3953-4941-bc60-be61684788b9,
d5da0ff0-be8d-4e97-bca8-f34002bc65eb,8e0925e9-b1a0-4315-ac7f-9bbfe18313a5,dda4dcbf-e0a4-4375-88d0-ae13a3395d9d,
1ca8f0b6-bfa2-4ce9-9a36-18b45f9ba0c1,8e0925e9-b1a0-4315-ac7f-9bbfe18313a5,ddb7b9fb-2a52-4145-bf13-51a357f72850,
d694cae9-e63f-461f-a2ab-3673698039a3,8e0925e9-b1a0-4315-ac7f-9bbfe18313a5,de7e8583-120d-4b66-9cb2-e1397f206167,
8e1041dd-77b6-4f06-bf9f-3cac2819b5de,8e0925e9-b1a0-4315-ac7f-9bbfe18313a5,dec270e1-2f32-42d0-b19e-0813553a9870,
f67cc7b2-0765-45dc-af08-aef0d0a59e87,8e0925e9-b1a0-4315-ac7f-9bbfe18313a5,df8ece6a-1ea6-4bcf-a837-253fd4d8239b,
544328d2-6143-454c-9d36-10c2928a0fe9,8e0925e9-b1a0-4315-ac7f-9bbfe18313a5,e110f5cc-9485-4417-accb-56dd88c38630,
80485434-6167-4f17-addc-d849c3d5900d,8e0925e9-b1a0-4315-ac7f-9bbfe18313a5,e1173598-d200-4bcb-ba35-5661937f1a68,
40a3357d-fa20-41bf-b32c-db2d037f8560,8e0925e9-b1a0-4315-ac7f-9bbfe18313a5,e1322a5a-d41e-4e53-817e-f667e5532dd0,
af77d2c4-ba67-4e20-96e9-e3f315999dc6,8e0925e9-b1a0-4315-ac7f-9bbfe18313a5,e17ff0ef-8fd6-40a9-94e0-eaba35dacc9e,
22fca127-129f-42d2-b6ec-7295af168a16,8e0925e9-b1a0-4315-ac7f-9bbfe18313a5,e18010ac-2144-4d05-b13b-044be9a8c3d6,
e6fe2530-0316-4dd1-b513-1d5c47e141c6,8e0925e9-b1a0-4315-ac7f-9bbfe18313a5,e2f58965-40c8-4973-86e2-2367c3cd9d48,
b9eb7691-3005-41d0-a45e-3a964756aaec,8e0925e9-b1a0-4315-ac7f-9bbfe18313a5,e30c065b-9fc6-4d68-bb80-4fbc71594c28,
8c3c5d6a-5c20-44ba-be06-4356fc64ae7c,8e0925e9-b1a0-4315-ac7f-9bbfe18313a5,e3670e54-631d-47ea-8969-e79a25247ba8,
7325108c-4975-4055-87ea-c870daf6da7a,8e0925e9-b1a0-4315-ac7f-9bbfe18313a5,e3c5c4cc-d103-4973-90a6-11a657bc020b,
9b4d4b75-ab4b-42e5-aca8-6349bc1f36db,8e0925e9-b1a0-4315-ac7f-9bbfe18313a5,e3e25e09-3082-452c-a769-b97db0ee085e,
88a369c2-9ba2-4d2b-9064-85752ab43d05,8e0925e9-b1a0-4315-ac7f-9bbfe18313a5,e3e2f17f-5945-483f-99cb-1a44de134516,
087c8bf2-7c8d-42b5-b512-1400c878c4fb,8e0925e9-b1a0-4315-ac7f-9bbfe18313a5,e3e50e22-8d20-4743-afbd-1ffe1d623e45,
015ff623-7285-48d6-a08e-8d81bcb12cb5,8e0925e9-b1a0-4315-ac7f-9bbfe18313a5,e43755c6-0dc1-490e-8bf0-f17b47cb4ee8,
21846182-1fee-4033-a23e-21d162090871,8e0925e9-b1a0-4315-ac7f-9bbfe18313a5,e4b77066-fa44-4d35-be81-9e6eb0c97d70,
6aeee90a-953e-480a-bcf0-480c1d5a1ea1,8e0925e9-b1a0-4315-ac7f-9bbfe18313a5,e4f163a2-2ab4-43a0-92ff-44281e9b1faf,
67eb0b5f-f265-470e-899a-ec9ee1b92b99,8e0925e9-b1a0-4315-ac7f-9bbfe18313a5,e4f26faf-7e97-42b6-9ad8-ea1b84e701e4,
5b91f868-ee96-4b68-9020-a1e1916032a3,8e0925e9-b1a0-4315-ac7f-9bbfe18313a5,e54ccd07-26ad-412b-b3f8-6b2fd906f024,
b75578be-8911-469b-8686-2bb3097999f1,8e0925e9-b1a0-4315-ac7f-9bbfe18313a5,e55cb240-0e8e-4b4d-b0cc-346fc4eb3170,
8341be8a-7f11-46c9-a165-ef0afb0be652,8e0925e9-b1a0-4315-ac7f-9bbfe18313a5,e5a0ae06-dafc-45c4-a3e1-1725b98526ba,
c2cda3e9-25df-40c6-9346-bc1f8938351f,8e0925e9-b1a0-4315-ac7f-9bbfe18313a5,e6266aff-3d6b-45b1-acfe-ffe8ffb73637,
84588253-3d8c-44b7-9a7d-ce6f94811e9f,8e0925e9-b1a0-4315-ac7f-9bbfe18313a5,e693d991-1f27-4477-af10-c2afa28e0fae,
51dc3716-e7f3-4f3b-bf1f-2ff8a06faaab,8e0925e9-b1a0-4315-ac7f-9bbfe18313a5,e6a9cd5b-d825-42b0-911a-87a1431e4004,
0b89bd15-0f64-41bd-9ce4-09bbc6d05f47,8e0925e9-b1a0-4315-ac7f-9bbfe18313a5,e758aa4e-747e-4ddf-86c5-ff460d8de1a6,
6f2b787b-4237-4a9b-a6c1-036cdef03627,8e0925e9-b1a0-4315-ac7f-9bbfe18313a5,e77a2683-a1b3-408b-b779-4463ffe0ef96,
c2402371-dd31-4d23-8148-d3bcbf9ec8f5,8e0925e9-b1a0-4315-ac7f-9bbfe18313a5,e7e95fcb-2d5a-48b0-9159-cd2a870cdf47,
7d90cb71-c6ce-48ec-a580-6c0577e04424,8e0925e9-b1a0-4315-ac7f-9bbfe18313a5,e85c6a5c-8c8a-4124-9c8f-8d4a4f77bc1d,
5ea8187a-1f10-4f1e-8a2f-cda71aa74cfc,8e0925e9-b1a0-4315-ac7f-9bbfe18313a5,e9ac9329-cf68-40ef-9aa0-3f1bf8a3f6d1,
c7f1d4d2-88e1-4460-a5f2-0e1b28a22e21,8e0925e9-b1a0-4315-ac7f-9bbfe18313a5,e9edd238-7dc9-4517-9ae9-28eac4be7349,
09712922-062a-474e-aeb5-6b1ec2c61cb2,8e0925e9-b1a0-4315-ac7f-9bbfe18313a5,eab25be1-2dc2-46ef-8d95-4bd2d1c8ee00,
8362d922-18a8-4bb2-9480-dc1d57e23d55,8e0925e9-b1a0-4315-ac7f-9bbfe18313a5,eab9e8b9-0112-40ef-bcf4-99f0781aba88,
ead0d295-11ed-4898-aa34-59a5f0fde89e,8e0925e9-b1a0-4315-ac7f-9bbfe18313a5,ebe810a0-da8e-4d48-a802-04fa21dc65db,
7707817a-8dd5-402f-abcc-17f8072e63a8,8e0925e9-b1a0-4315-ac7f-9bbfe18313a5,ebf81ce2-8606-4be3-a90d-732339f49dee,
89dad88c-f92d-4e2d-8585-21be5138783b,8e0925e9-b1a0-4315-ac7f-9bbfe18313a5,ec222f75-8835-4d05-b042-749cc6006fd0,
6ac41b10-4e7c-450d-8508-0339611e2434,8e0925e9-b1a0-4315-ac7f-9bbfe18313a5,ec3581f3-fbb9-4c68-9c0f-9455d3db71fc,
c77afc5f-1b47-4bbe-ba0f-120202514419,8e0925e9-b1a0-4315-ac7f-9bbfe18313a5,ecc5dda6-d8e5-4ee7-9371-2a1bf65ecba9,
1498be74-4be6-40de-8c1f-a74ef96b0e6a,8e0925e9-b1a0-4315-ac7f-9bbfe18313a5,ece34210-2611-4782-9491-39ad279eae0c,
226b6d1a-5f00-490a-9051-ef2b4b329930,8e0925e9-b1a0-4315-ac7f-9bbfe18313a5,ecf0c951-57fb-408e-804d-a2a28143353c,
508d8bbe-3979-4766-b57b-77c8472f5953,8e0925e9-b1a0-4315-ac7f-9bbfe18313a5,ed66e8b1-33b7-4967-b80d-c40aac0860ee,
86d7efb4-217e-422d-a41c-b4919aee8418,8e0925e9-b1a0-4315-ac7f-9bbfe18313a5,ed99e12e-c4a0-43a5-8b97-3cc36d645eeb,
6391b23a-c920-4d8b-acb8-b6c227a4cdd5,8e0925e9-b1a0-4315-ac7f-9bbfe18313a5,ee0b8ddd-f044-4f65-9959-9a79e786149f,
0d72ced2-8c1c-49b5-8812-7907926b8d1f,8e0925e9-b1a0-4315-ac7f-9bbfe18313a5,ee405baf-7a97-4f90-b7d8-9965b6bf7ac3,
203856f4-16ae-4494-84f8-d42aefb33127,8e0925e9-b1a0-4315-ac7f-9bbfe18313a5,ee4b7100-0987-4b0c-b115-5cc28c527828,
d67a5aaa-7c35-4e4e-9f61-5d1db533c4ae,8e0925e9-b1a0-4315-ac7f-9bbfe18313a5,ee9f4590-ecaf-4857-962e-5b3cd5189d4d,
5af437d9-abb0-4414-a1ed-ab717b68c066,8e0925e9-b1a0-4315-ac7f-9bbfe18313a5,eece1fcc-61f3-4b02-a985-3a284323d406,
b906a551-3c8c-4a2d-b5d9-3e5bd9c93e63,8e0925e9-b1a0-4315-ac7f-9bbfe18313a5,ef14ee7a-3b48-4b57-8452-cdf1f247df03,
091615b1-5e70-41a5-a9d4-0b9cecb340e5,8e0925e9-b1a0-4315-ac7f-9bbfe18313a5,ef26e730-1c5a-4234-ba2b-f0bb5704a523,
cfe1478a-2739-4822-bf9d-27a622412d0f,8e0925e9-b1a0-4315-ac7f-9bbfe18313a5,ef63c2f3-8ca2-42a2-bd19-6aa8e03e2fe4,
1bd3623c-51c8-41fe-a2be-f25416f8e656,8e0925e9-b1a0-4315-ac7f-9bbfe18313a5,ef9ac07a-8c04-46cb-b6b1-b32f7af42760,
b56d2ed3-ab83-48ca-81a6-7d84aec3ff9a,8e0925e9-b1a0-4315-ac7f-9bbfe18313a5,efcb5ef6-ee2a-4fb3-9fa2-5b7821da44b1,
e1fde410-84df-491d-8452-d8d50f84a444,8e0925e9-b1a0-4315-ac7f-9bbfe18313a5,f01a4bb6-1be1-4073-ac34-c16594a03a3c,
beef9d90-2717-4928-bd06-1e007dfb108c,8e0925e9-b1a0-4315-ac7f-9bbfe18313a5,f044f7c8-5ceb-4481-8777-07a38d187f54,
8fa633b6-97de-4ba5-8e50-b897b155e68f,8e0925e9-b1a0-4315-ac7f-9bbfe18313a5,f0ef41a8-7ba5-4522-a44d-e1d8d25f4e33,
da35b22b-362a-49a7-b966-022a1f6b1acc,8e0925e9-b1a0-4315-ac7f-9bbfe18313a5,f1ddd5e1-464f-47e9-ad75-ffebcbe8dbab,
c8216e13-baae-46f3-9ae6-d07370276090,8e0925e9-b1a0-4315-ac7f-9bbfe18313a5,f219b10d-e562-410a-8305-e60543c7b692,
89d07a3e-3746-460f-8f1a-e10fe3a0d606,8e0925e9-b1a0-4315-ac7f-9bbfe18313a5,f2550048-85d6-4c27-83e8-99686d1e622a,
f01d1c26-afca-468b-b15b-999c3fd4ac58,8e0925e9-b1a0-4315-ac7f-9bbfe18313a5,f2f3eae5-a0a0-48df-902b-c4362f83c472,
45213845-297c-4cb3-99dc-34d0b3d4df94,8e0925e9-b1a0-4315-ac7f-9bbfe18313a5,f36b96f3-b5c6-42d5-8118-15dd8c615dc7,
b1017c75-ca4e-4034-ac2b-407793ed982e,8e0925e9-b1a0-4315-ac7f-9bbfe18313a5,f3b29d7c-34bb-493d-a13a-b55d7f4f7d97,
cda2f050-be91-4036-a222-38973dd368b6,8e0925e9-b1a0-4315-ac7f-9bbfe18313a5,f4afb9e4-e952-43da-930b-f3c433107881,
8c2a351c-5008-42b7-8be5-11320d859b51,8e0925e9-b1a0-4315-ac7f-9bbfe18313a5,f4b44acc-caf1-4e8c-a219-74ed7cb35513,
bcf5fa86-fd92-4fe9-b3a6-508ef3298ee8,8e0925e9-b1a0-4315-ac7f-9bbfe18313a5,f5ff93b8-1e78-4027-8eb8-3d59105f8367,
aa01bf4f-348a-42bf-9714-bc4817cb3920,8e0925e9-b1a0-4315-ac7f-9bbfe18313a5,f64fd782-2741-41c9-937f-8816b87f06ba,
8d2b0357-82f6-45e6-bc84-9f30051086b6,8e0925e9-b1a0-4315-ac7f-9bbfe18313a5,f6d0600a-bfe9-4672-8a40-c527af0f79d1,
6965bbaf-ab12-4cdf-9ed4-b167b2cb9518,8e0925e9-b1a0-4315-ac7f-9bbfe18313a5,f71d51e5-579c-4a6a-b992-62b735eb9c4f,
68dac7c1-81da-434c-a5cf-7abd6af469e5,8e0925e9-b1a0-4315-ac7f-9bbfe18313a5,f82a6d8c-818c-420e-9bc2-9ec7b275eda9,
44d8dee8-e0b7-4cf5-adb0-cebd69a8f947,8e0925e9-b1a0-4315-ac7f-9bbfe18313a5,f894d8bd-5bd8-4cab-ab2b-82acc6018ca9,
745df94a-bb93-476e-bf1b-16f7d1bc710e,8e0925e9-b1a0-4315-ac7f-9bbfe18313a5,f913a7cb-8758-4065-aafd-b739d799b370,
6e5ae07a-c99b-4a68-8bb2-c4bd66d9a305,8e0925e9-b1a0-4315-ac7f-9bbfe18313a5,f9263779-42bf-438a-b414-cec290baa366,
acc567e1-13f1-4724-98a2-c7e31f0a0d1a,8e0925e9-b1a0-4315-ac7f-9bbfe18313a5,f9d26af6-8c94-47b1-b45f-2341f027bb19,
7c3d4c06-d38f-4c49-a8ae-035cb27f580e,8e0925e9-b1a0-4315-ac7f-9bbfe18313a5,f9e41ddd-7584-4469-831e-6fb50a145315,
3953944c-6c23-497b-b215-b01f4bc9bbb4,8e0925e9-b1a0-4315-ac7f-9bbfe18313a5,f9eba30e-0d56-475e-827e-89ca31a1401a,
6b0d5ef3-48e5-4c22-a0a8-f0c2e1656d7c,8e0925e9-b1a0-4315-ac7f-9bbfe18313a5,fa31763d-10d5-45b0-bc59-04f94bde8a40,
b4bc1f7c-7677-43f4-a9f9-413de8929bac,8e0925e9-b1a0-4315-ac7f-9bbfe18313a5,fb11cb87-5121-4c3b-b7e9-3c33fa2c2f2d,
e2e55259-3297-4f0e-b783-01c1539fb7fe,8e0925e9-b1a0-4315-ac7f-9bbfe18313a5,fc7dba03-30f9-417d-afaf-6a371cffd39c,
fd21d480-594c-425b-8866-0017f6b0b725,8e0925e9-b1a0-4315-ac7f-9bbfe18313a5,fcd79c16-3ba6-4f65-9c0e-ce9c9a311b6f,
39769409-4640-4878-bc1e-cb9ae3bd0e67,8e0925e9-b1a0-4315-ac7f-9bbfe18313a5,fd220701-c858-4ea2-8d63-3978f1f54b5b,
9a52c65d-2a1c-4624-aa9e-da9b206d712a,8e0925e9-b1a0-4315-ac7f-9bbfe18313a5,fd92e85b-b8ca-4200-9857-f5f7e2daae2c,
a615d509-9d50-4bb2-ae58-04b3a4e29ae6,8e0925e9-b1a0-4315-ac7f-9bbfe18313a5,fdf34481-4cb5-45ae-a0e5-b153354f5c6e,
9897a386-f415-4e07-b1ef-4cc6e454ee5a,8e0925e9-b1a0-4315-ac7f-9bbfe18313a5,fed3ff20-a701-4194-98ff-bf440512a009,
d7583aae-f4cd-4c6a-bb73-fd38e976be1f,8e0925e9-b1a0-4315-ac7f-9bbfe18313a5,ff0fba19-0719-4fd7-a9b9-ad2ec2cd52b2,
6e783599-a7d7-4487-aeec-f40a2e9ebd78,8e0925e9-b1a0-4315-ac7f-9bbfe18313a5,ffcb4ab8-9544-4958-b79c-9380a19e6686,
83db150d-d65c-4022-9402-4319471a9919,8e0925e9-b1a0-4315-ac7f-9bbfe18313a5,ffffabcb-e284-429d-9451-4e5ed1da1f94,
6462fa35-6254-4892-9fa5-9f3c08d83526,8e21dd96-ca0a-4261-8a46-05b753bf32b9,0efb9a59-8ffb-4f02-bc14-3941c63cc06d,
d7b09669-87a4-4bc6-8d02-4089794f0163,8e21dd96-ca0a-4261-8a46-05b753bf32b9,204af647-cee3-4b95-a0c8-30e39ed12b59,
903f9f72-1521-486f-830a-574be4ff9952,8e21dd96-ca0a-4261-8a46-05b753bf32b9,40160327-ffd7-4101-abaf-9bb7e178c4d3,
7324fcf4-3e03-4cfa-af44-4cd260de89c4,8e21dd96-ca0a-4261-8a46-05b753bf32b9,498d40fa-bb2e-44b3-b58e-23d3c3e6b9f5,
20112494-be15-43b5-9160-a61d52ab6c43,8e21dd96-ca0a-4261-8a46-05b753bf32b9,6338e04c-e35c-494a-b89e-70035e868336,
6db49b92-0959-4886-8424-0a3d40e17704,8e21dd96-ca0a-4261-8a46-05b753bf32b9,8965f352-f339-4924-8c75-17086958f03f,
be0198dd-06e4-48b6-8985-a315bb1073a7,8e21dd96-ca0a-4261-8a46-05b753bf32b9,c31713f3-5da8-47e4-bd1e-625f3fd8ff02,
b0f7cf73-5a4e-429a-800e-51328947b14e,8e21dd96-ca0a-4261-8a46-05b753bf32b9,ec9ac051-aa4b-4e99-83e2-f37e65fa1422,
8cc4a858-205c-4891-8dda-6d8d2d107bac,8f6c3a99-3221-4b83-9ad5-9172ea6262f5,20e0e605-85e3-433b-b3d5-9bd3f180c511,
8b49775e-7fb0-4bfc-9718-f6255b2a6319,8f6c3a99-3221-4b83-9ad5-9172ea6262f5,25e4ca32-695b-42ba-abfb-bc8e8ef76343,
4e609441-fdad-4dc6-b904-6b6b58df7533,8f6c3a99-3221-4b83-9ad5-9172ea6262f5,2eb9a6b1-4235-446b-9534-67f156ec4ace,
3f6a5261-9a27-47b9-97aa-6283a5b05393,8f6c3a99-3221-4b83-9ad5-9172ea6262f5,34d73f9e-08c7-4d4c-8cb9-781cc03800b4,
790b2b85-5f07-4a0d-8248-2cb6049e17e0,8f6c3a99-3221-4b83-9ad5-9172ea6262f5,4df75309-cf35-4142-a6bb-4400d889d78b,
4831a08f-7d3b-4c78-a8e2-09730f253947,8f6c3a99-3221-4b83-9ad5-9172ea6262f5,b8ebb55f-4793-4459-b0ad-7aa9163791dd,
80f7f0bd-f633-4c81-8790-bd6cedb260fc,8f6c3a99-3221-4b83-9ad5-9172ea6262f5,c94f8876-6eb2-4a55-b186-582e19adc968,
10e41784-0277-4246-bd00-a3abd3e7dedf,8fdca297-7c26-4a14-8219-6c17cf816fd6,00652592-78e8-46b2-93cf-9532f76e9818,
2aa1103e-97d4-4575-a8c1-bc526c920c20,8fdca297-7c26-4a14-8219-6c17cf816fd6,0f450726-359e-4c90-8e35-1f2d97da88f8,
cc49e78e-8982-4df2-adef-ecf7e9383ef8,8fdca297-7c26-4a14-8219-6c17cf816fd6,22cf5fc5-ffc1-409b-b70d-d46d24ef8fa3,
7ac9752f-a5b8-470a-a915-41450a052b58,8fdca297-7c26-4a14-8219-6c17cf816fd6,2fc05ed6-da13-45d3-8a4e-2b087a437f9a,
144a632b-1df7-43eb-8c7e-8bd39d84a19d,8fdca297-7c26-4a14-8219-6c17cf816fd6,35842543-5f2a-413e-be8c-5df9032094e2,
1c2be1f9-adc9-4f01-807e-dae56fc20096,8fdca297-7c26-4a14-8219-6c17cf816fd6,e57818d2-fa15-4f81-bb02-805942d38d63,
ace53384-ef3c-42b5-8511-e12153a25b8d,8fdca297-7c26-4a14-8219-6c17cf816fd6,f3752559-ec1b-41e5-ae0d-3624a8c97cf7,
a5979734-cb1a-4908-863c-3a95b49a7eaa,9035dee9-8537-468a-ad01-205c2738ea7a,bbfd7ba4-f0b0-4875-af79-4a2171d7bf11,
d23be296-cdc5-4a30-b87f-6ea1c162bf47,91ce1766-65d1-489a-8209-621d926700be,1d4aa315-f38b-4891-9e17-2de215698333,
201a81fd-6d46-44fb-97f1-a9ee814e3eac,91ce1766-65d1-489a-8209-621d926700be,2be02684-377f-42c1-b42e-ee2c6be7c998,
009eb153-3d34-4246-bb5a-11283f4a15b8,91ce1766-65d1-489a-8209-621d926700be,435989be-5c1c-4eba-9e3e-89bf4bb59fbf,
884b9134-7072-445e-9a8b-725323e71cf8,91ce1766-65d1-489a-8209-621d926700be,487cc030-53d6-4d1a-afc5-9e75dda891f4,
60132dd7-0ce9-402b-ada8-b287a3cd5a6d,91ce1766-65d1-489a-8209-621d926700be,50d440b7-5488-4a65-9847-53f101f159a0,
6ef68552-17c7-41bf-b019-2269e206c83f,91ce1766-65d1-489a-8209-621d926700be,6ccc5859-2c3d-489e-9832-1870796dff16,
cfb56e1e-adf9-4e13-b86d-edd255c7b953,91ce1766-65d1-489a-8209-621d926700be,7f0e7640-0dae-4bd6-ac2b-a42507d50dcc,
7f5c76ad-c1b3-4fa1-a195-94fbde95ef70,91ce1766-65d1-489a-8209-621d926700be,7fc7f506-89df-4e73-83b3-a6287d9b4fd9,
07e543cf-af0f-4115-946b-237094c95c16,91ce1766-65d1-489a-8209-621d926700be,82d4de31-4be9-47dd-a4cd-842152fe9358,
0f2f1342-6d31-4d91-a43e-b08169fc2d1f,91ce1766-65d1-489a-8209-621d926700be,844978e6-7204-4798-9eef-7c1a42ea5dcb,
5c38221d-5393-4010-8884-3b29abdc262b,91ce1766-65d1-489a-8209-621d926700be,96076f7d-7139-4fca-8fed-3cd68e96ac1c,
31411cd0-32e0-4458-9e9b-b03ee964370b,91ce1766-65d1-489a-8209-621d926700be,ce57797d-52a6-455a-b961-f7f096ed768f,
f7ea93f3-b55e-440b-9bdc-82174f172365,91ce1766-65d1-489a-8209-621d926700be,d07d5c43-5fb0-4e26-a5cf-b4bba9b82231,
e0ceeaaf-8503-4149-8e3c-4f2933008537,91ce1766-65d1-489a-8209-621d926700be,d75efa8d-2a6e-467d-925f-25478bddd1ad,
7873a1d3-5fb7-4948-b839-c665eeb6bf64,91ce1766-65d1-489a-8209-621d926700be,d8f9c981-94c1-4df9-a4cb-87039f97b1a2,
77540d21-40d1-4397-b8d2-2f7498ddb1ad,9206f817-2f6f-4eb9-a1e8-1ed52aec5190,0ade322e-d4f6-4d5e-8062-e7d8af3b5804,
5534d577-b655-40c9-a10d-335fe2764178,9206f817-2f6f-4eb9-a1e8-1ed52aec5190,4b2e9535-b46c-48c3-bf75-806f67fe9527,
6c7f2946-a488-46f3-95e9-3cb639b61dc6,9206f817-2f6f-4eb9-a1e8-1ed52aec5190,934afa05-9dd7-4fc6-a49b-683e856ccdfc,
b11accf0-f29b-4273-ab44-3fbe2bd8c336,9206f817-2f6f-4eb9-a1e8-1ed52aec5190,e29ae74b-f7ad-4764-b99b-d9deac067a51,
5cbc53ee-1c5d-4767-8ff8-e7fd52ed34e9,92afc772-47ff-44f6-9a3d-3dc1f57c2a09,4b4192a4-135d-46e0-b5dd-cac88d235391,
238a3a68-d73c-4a1b-92f1-b455880e4877,92afc772-47ff-44f6-9a3d-3dc1f57c2a09,5b535c53-a7fe-4942-9757-ad65567ef4b9,
7615485c-9f46-4b7d-bd58-f6f1f7e8ea78,92afc772-47ff-44f6-9a3d-3dc1f57c2a09,6db39bf4-0c07-4433-96c4-b8b43e6e7d58,
e00513ae-49e1-48cf-9d86-deb59cdc8c09,92afc772-47ff-44f6-9a3d-3dc1f57c2a09,79613886-2c50-449c-9869-5e23b0db0a89,
7b547b8b-99f9-4c57-8f87-e8f7dfd373d1,92afc772-47ff-44f6-9a3d-3dc1f57c2a09,85acec97-3632-44f9-86d7-feb719e30fe2,
a6d37129-5c51-4129-9ed8-714bc6bec36d,92afc772-47ff-44f6-9a3d-3dc1f57c2a09,90977950-07be-48f5-97ae-d1393c8ab512,
9f1273b5-ed30-4206-97b1-8d0bdcbd4363,92afc772-47ff-44f6-9a3d-3dc1f57c2a09,90dc609d-a614-40d9-ac08-eafbc4ab782d,
5b84aecf-7f3c-4d0b-afad-3baaa2945b54,92afc772-47ff-44f6-9a3d-3dc1f57c2a09,b7c621f8-95e6-42a4-b7a3-e478fb1d0cca,
ce0c0c19-963b-46c5-bb5a-ca0321fc9f2c,92afc772-47ff-44f6-9a3d-3dc1f57c2a09,dc694f32-c0e5-4bc0-be60-3d0000b8f3bd,
98273e7b-4004-4add-b2ec-bf3a7ba3615c,9417f51c-a814-45cc-8948-01210df4a6c5,1606ad57-6dd8-45b0-8642-74bfda220c56,
9fada791-aa4d-456c-bb57-04de75cda8d4,9417f51c-a814-45cc-8948-01210df4a6c5,1fee5099-220d-4f99-84d6-3e450a0f05ab,
d6b2b57d-6395-401e-899d-64a6ffb6bf05,9417f51c-a814-45cc-8948-01210df4a6c5,25af7839-e448-42f4-b6cd-ada76d098673,
6ff22658-57f5-46d4-9e8d-dd63fe5430e3,9417f51c-a814-45cc-8948-01210df4a6c5,28677874-94b0-4b4f-bfa1-083ed7d1f7aa,
e74a47e1-0b3c-4c00-8979-97242b941358,9417f51c-a814-45cc-8948-01210df4a6c5,2c6709c0-d9bd-4278-b00a-58745301805f,
f18e5fda-9af9-4cdc-8fd6-e362e01ac3d7,9417f51c-a814-45cc-8948-01210df4a6c5,35cb0897-64d9-434e-ad38-580bb4d15c3b,
680230bb-42cf-450c-998c-8c1b2cc914d2,9417f51c-a814-45cc-8948-01210df4a6c5,35e76aef-a007-449d-99fe-8266d5264ba7,
425dba86-92bd-4ba6-a427-4c6b233f46c4,9417f51c-a814-45cc-8948-01210df4a6c5,3f48cff5-1b86-4f00-8334-c12c6542e04b,
76637ccd-4444-4171-a4dd-3b23faedbca9,9417f51c-a814-45cc-8948-01210df4a6c5,403e1868-4c88-433a-8727-e5b174d0f7c9,
616a621e-73ca-4bf6-8ea0-395ed1aae2b4,9417f51c-a814-45cc-8948-01210df4a6c5,41e5b75d-b858-498c-8054-93e0fcc5e269,
a21fc98d-3422-494c-93f2-706791654aa0,9417f51c-a814-45cc-8948-01210df4a6c5,4bc08cb1-97d9-4204-b61c-3a4e9bc089f8,
9df4ae2e-d241-4509-bc6f-6ea7290ea5ba,9417f51c-a814-45cc-8948-01210df4a6c5,517f13f6-3995-45a0-be1b-31e668435825,
dc31aa2d-15bc-49cd-bc1f-3f73591704b3,9417f51c-a814-45cc-8948-01210df4a6c5,53f1c13f-d15f-4c6e-ae0e-497c2407afc3,
173cf6e0-2fb6-4067-816e-7668c6577de8,9417f51c-a814-45cc-8948-01210df4a6c5,5dddc3eb-16d7-4505-9e2a-1c3c15c9fc61,
af96b9ca-4615-405e-bcbc-88543cf5996d,9417f51c-a814-45cc-8948-01210df4a6c5,6701c687-deb7-4d75-b267-ccc51c9fc82b,
8b87be5f-bd78-47cb-a93c-81097c813fe2,9417f51c-a814-45cc-8948-01210df4a6c5,68191a62-201a-4790-b51f-844d3d5501d3,
34796687-fcc9-40e0-adc2-10661f758fa5,9417f51c-a814-45cc-8948-01210df4a6c5,71b7cf66-d479-4111-be52-b9a9a4f90d6e,
c7857ebc-5363-47b7-b146-59f21e7cadec,9417f51c-a814-45cc-8948-01210df4a6c5,7cfa653a-3871-4ca6-87fd-b834c68cc2b3,
d7693426-c9e5-4080-bd04-462890e3d63a,9417f51c-a814-45cc-8948-01210df4a6c5,822e2e9e-2371-4bf2-b290-ac43d4cd2dd5,
cd8344d1-1b13-4306-93b5-9c52baf35c04,9417f51c-a814-45cc-8948-01210df4a6c5,98def029-6d5e-4c09-8803-aa1727b89c02,
b44cbaa1-d9b1-4bf6-851f-9c0663396906,9417f51c-a814-45cc-8948-01210df4a6c5,99e417be-739b-482b-a7fc-c5345f6980ce,
77f8a973-cd2b-4334-b3a9-0eb495f735a8,9417f51c-a814-45cc-8948-01210df4a6c5,a5329510-1cdc-45a8-9b14-90f6ff182389,
a4b08987-2ba3-4844-a15a-320c195460f9,9417f51c-a814-45cc-8948-01210df4a6c5,a6b66c81-adee-452d-989e-5df5f7db3aa6,
6ed2e1c0-1c7d-4e0c-96b8-49d4070561bc,9417f51c-a814-45cc-8948-01210df4a6c5,b2e1ecab-66b6-4d65-935c-115add31244f,
a5637995-adc4-4097-b277-40f5d9758509,9417f51c-a814-45cc-8948-01210df4a6c5,b7c3431f-1487-4b0b-98a1-9b7b3aaa0ea7,
05b997f7-1293-4e2f-9148-6533070fd90e,9417f51c-a814-45cc-8948-01210df4a6c5,b826fa35-a511-4841-9f04-43581aa28ee2,
de23e5f1-f44c-46d2-97ea-3eee344698ff,9417f51c-a814-45cc-8948-01210df4a6c5,bc3c6037-c993-4937-aebf-e447ae30b190,
105a8ad3-fbbe-4fda-bddd-17ba2f051c9b,9417f51c-a814-45cc-8948-01210df4a6c5,bf00b1fc-e682-40e1-ad25-0699faa1b7b6,
d8f49880-c21c-4789-87a9-8fcf43e1c2fc,9417f51c-a814-45cc-8948-01210df4a6c5,c5819395-b370-45f7-8e1c-3f54af7dbbf4,
3677bf91-4a19-4a43-a948-d196249fda14,9417f51c-a814-45cc-8948-01210df4a6c5,ccc6ae45-527c-40bb-a69f-7b547d4fc0af,
e73c86fb-8641-4299-aa77-e66edd60de20,9417f51c-a814-45cc-8948-01210df4a6c5,e9b13620-1bb8-4b5d-82cb-899aabac7ec7,
d379b321-71a7-4bb7-b0d9-b67e77c882ff,9417f51c-a814-45cc-8948-01210df4a6c5,f1ff77b1-2547-4940-94ec-f75673c29333,
0b58291f-6162-43fb-8191-0f85e3dec825,9517068c-a61e-4ead-9912-2aba36c4c3b4,06f35f96-258e-4568-8736-80c14375d9cf,
259d61f4-926b-4251-aacb-638d79d8c043,9517068c-a61e-4ead-9912-2aba36c4c3b4,08649b16-d574-48bc-99b6-9862f6f8ce5a,
4f97146c-d9e6-46e7-8788-784fcc81244d,9517068c-a61e-4ead-9912-2aba36c4c3b4,170b25a0-07ef-4ac3-a79d-70a7fa3b22d7,
783f1e13-31c6-4117-b052-826c338560f5,9517068c-a61e-4ead-9912-2aba36c4c3b4,2219f7ed-82d3-4ce3-b1e7-c275ada9e1b5,
c4b9c094-af09-4e01-b70f-3381fd80893e,9517068c-a61e-4ead-9912-2aba36c4c3b4,395aa115-f604-4731-bc28-67b64aff02e5,
1c2b3626-f810-413c-8380-11e985310ae3,9517068c-a61e-4ead-9912-2aba36c4c3b4,3b7c5762-3ea2-4443-8d17-88be0d8fbcb9,
e5157579-e1e7-4e5c-bf66-32605ddaef74,9517068c-a61e-4ead-9912-2aba36c4c3b4,511aab8d-3665-4176-a33d-17017009de3f,
c94d2d7c-161a-4472-a76c-8c0eadbd05d0,9517068c-a61e-4ead-9912-2aba36c4c3b4,52be09d1-b19b-4405-a84f-bb61286dbb09,
bce2c5ad-58af-4b20-b99e-732b8d6d25c8,9517068c-a61e-4ead-9912-2aba36c4c3b4,55bb3802-dd9e-475d-bef7-38fd8292edb0,
5c214cf0-6571-4997-aa17-7cab20fdd753,9517068c-a61e-4ead-9912-2aba36c4c3b4,7488f0f5-4dd6-4f57-8e68-d378e140aeca,
d8d70733-e26a-4637-b569-286aaf3dd7f2,9517068c-a61e-4ead-9912-2aba36c4c3b4,7600db65-1a06-4ecc-b82f-b05fca026105,
2fffd579-dcd7-454e-b8d5-8c2885a3a23f,9517068c-a61e-4ead-9912-2aba36c4c3b4,8319c900-2753-4fd0-abdc-ceffe30067d7,
e60154dc-387e-41b2-9359-6d1faf0ece60,9517068c-a61e-4ead-9912-2aba36c4c3b4,906d7ae2-a85a-445d-87f1-f18f19d5b63b,
04335521-ff6a-4ff9-b70f-302677f4fe50,9517068c-a61e-4ead-9912-2aba36c4c3b4,9a9fe17d-81a4-4660-8c64-d2effa12f051,
1baa4548-112d-449d-b05c-cad3eec8b7de,9517068c-a61e-4ead-9912-2aba36c4c3b4,a9c34778-aa16-4b9c-899a-c95cde617359,
316a3a4e-a445-4f38-b1fb-c39397fe0060,9517068c-a61e-4ead-9912-2aba36c4c3b4,af6cebb3-402c-4f3a-b99e-413b6dc4a3a5,
be8ed2be-99c6-4e51-a3e3-f5e5d298b9e1,9517068c-a61e-4ead-9912-2aba36c4c3b4,cd235a15-e114-4eec-98d6-8a5449828923,
22bbb14a-7e41-40db-b3db-f7edc1aff767,9517068c-a61e-4ead-9912-2aba36c4c3b4,d5f6fb88-fbcb-444a-8981-32a59910656b,
1986ce8d-d7e2-4bcd-af8a-75b221582dcd,9517068c-a61e-4ead-9912-2aba36c4c3b4,d9118ced-45c4-4e1a-bcdf-460decdb2c66,
cdecc8ac-6556-4301-af02-da1f8beb3917,9517068c-a61e-4ead-9912-2aba36c4c3b4,dabd994b-c629-4761-aa81-b9f7ae3a8bd0,
3f23d047-0fa2-4647-9100-ef0f4d5b59fe,9517068c-a61e-4ead-9912-2aba36c4c3b4,e632252c-950e-4aca-9097-4ca3abc3eab0,
7c07696f-601a-4516-878e-3a1302790961,9ceac878-c8b2-4a2a-ae29-9ffd7495f590,0c978a7d-b6a8-423d-81ef-9603d74ae9b9,
bef5756a-8ad7-4737-b645-62662c195257,9ceac878-c8b2-4a2a-ae29-9ffd7495f590,11016ec0-44e4-48d5-acd4-b06d5a964969,
670a7e28-f00d-4b8e-bf1c-cdfb472f9f01,9ceac878-c8b2-4a2a-ae29-9ffd7495f590,415b42cd-c4fd-496b-9b26-b3d06f600acf,
2c81dc29-3afd-4992-a56a-97094ba614d4,9ceac878-c8b2-4a2a-ae29-9ffd7495f590,663068b0-d8a6-42f8-ae2a-a80e06e41378,
8c8ab92f-9b79-446e-965c-a31560840577,9ceac878-c8b2-4a2a-ae29-9ffd7495f590,761a3d42-78f1-4848-a350-3665c7571984,
6bf6c6b0-9760-47e6-ab7e-5c13d3bdd3fc,9ceac878-c8b2-4a2a-ae29-9ffd7495f590,8786dbca-dc96-46ad-8f55-cc0bc4c95193,
a444f908-59db-4032-b3bb-bc586893e28d,9ceac878-c8b2-4a2a-ae29-9ffd7495f590,931fbf84-59f9-4e0d-aad4-44ee6607ce5c,
ad5e4295-ea3a-4f59-91ff-96814757ab43,9ceac878-c8b2-4a2a-ae29-9ffd7495f590,93e1794d-ba86-4247-a381-d5906f1b0545,
07741f7a-c046-4157-9519-e9c826fbbb0c,9ceac878-c8b2-4a2a-ae29-9ffd7495f590,bc2b68bd-eb79-48b2-bf38-0d8a38a4b383,
0e49d037-a912-4f9f-a168-abeec48d91bc,9ceac878-c8b2-4a2a-ae29-9ffd7495f590,d5596785-bdd3-417d-bf4f-b0b043594735,
493c3e1a-5730-4700-9148-44a7ca7f62b5,9ceac878-c8b2-4a2a-ae29-9ffd7495f590,ebed2c43-1b9e-404a-a24b-4e0cd67c4bc3,
df2cf0ff-c3fe-4d86-a12d-54bde0acbc17,9ceac878-c8b2-4a2a-ae29-9ffd7495f590,ff5d5385-2f8c-4559-9876-77a93eab1960,
c00744d0-c2ea-494b-ab73-6b139e62bd73,a02e9204-f580-44c9-8286-b70b38fca29c,033153d0-fb7b-42d2-8154-c5c7d29d4bae,
138d0747-d244-434e-ac9d-b842457d2fd7,a02e9204-f580-44c9-8286-b70b38fca29c,06f8ebba-c9da-4a4b-93e3-3df2a4490f0a,
b85d2e65-114a-4abc-8b95-74a45b2b54e7,a02e9204-f580-44c9-8286-b70b38fca29c,083e78c8-ad49-4822-ab4a-3bbeacddc1f8,
a83d18aa-b0ca-4172-bd84-f76cf2feb4e5,a02e9204-f580-44c9-8286-b70b38fca29c,0f51676a-95bb-46c0-be07-ca9e7b9e0d51,
7e5dd82e-ffdd-4d28-9512-0d4f6d335778,a02e9204-f580-44c9-8286-b70b38fca29c,1e0aa61c-bc74-48bd-8289-e279d3cfc599,
612a5c4e-4582-49cb-8202-234e9af6890b,a02e9204-f580-44c9-8286-b70b38fca29c,25d160e7-63c9-46e0-bcbf-f40623e47b72,
02300f10-bf2b-4136-9612-ccc3c7e2e7c4,a02e9204-f580-44c9-8286-b70b38fca29c,3103cc07-9082-46da-b5df-56ca816fade9,
a4743cff-c598-47bb-a53d-dab555cda29b,a02e9204-f580-44c9-8286-b70b38fca29c,32c64e7e-3dba-478c-b1e6-0ccf54b34382,
dc63d7e1-e3dd-458e-b7ea-53d4e11f9e91,a02e9204-f580-44c9-8286-b70b38fca29c,395c4459-a971-4b50-9aaf-2dc91c4451bb,
6e20eac9-f42f-4d6e-9ed5-092c5ba750c8,a02e9204-f580-44c9-8286-b70b38fca29c,3e1fff7b-12cd-466a-8cfe-60db5ad203d6,
bc1364db-f530-4442-b539-1e68244e3bea,a02e9204-f580-44c9-8286-b70b38fca29c,40e14b0e-ea7c-4335-b6ea-3087134dfc51,
28fbad85-71fb-433e-8e36-61db7c89ec62,a02e9204-f580-44c9-8286-b70b38fca29c,42fae838-3721-4fdd-ab6f-88b2aae28376,
c1b4b1bd-6cf6-4b10-9a45-bd7024fbc855,a02e9204-f580-44c9-8286-b70b38fca29c,4539dabe-970f-4eda-9a19-25864ac34ee4,
795f1375-c752-49a0-9899-d490465a1155,a02e9204-f580-44c9-8286-b70b38fca29c,45bba93c-4f14-4cf1-ab47-fe19f047ec92,
f7ab95c4-3fbb-4b66-8309-c7e643f66847,a02e9204-f580-44c9-8286-b70b38fca29c,48a0999b-e7ac-470f-84e9-fe663dbd84fb,
4939bf7e-fa21-448f-9f09-0c55a925523c,a02e9204-f580-44c9-8286-b70b38fca29c,4baf7319-b817-49a1-9bde-30b3d1db0f48,
b95be1e4-4485-4064-8963-74315b64ddfd,a02e9204-f580-44c9-8286-b70b38fca29c,4d9ba787-3cd9-430b-9d43-bae6b01219e3,
5b65641c-d22f-4b1d-9cf9-513a4eeb3003,a02e9204-f580-44c9-8286-b70b38fca29c,4ffb70fb-fe10-4bbe-9033-68c33ded5d75,
00e8d8f3-f4de-40ec-ac5e-e1130b13a925,a02e9204-f580-44c9-8286-b70b38fca29c,530109c3-1654-4550-8a72-4907534b90fa,
fd0f18bf-bbe9-4ec0-b507-0648fb945dc5,a02e9204-f580-44c9-8286-b70b38fca29c,551e8908-d9ed-4118-9d8e-8727c7186a8b,
4e3ccc5f-1bdc-45cf-bc2e-d2782fd12c52,a02e9204-f580-44c9-8286-b70b38fca29c,57a41204-40e8-4ef2-b154-145ed84c1e33,
1b25141c-baf6-4d71-9c93-e6dc050bc0be,a02e9204-f580-44c9-8286-b70b38fca29c,57efc3c0-c61d-45b5-8e50-794a779786eb,
a1c4fd57-a689-4ad2-8b6f-23f40577329f,a02e9204-f580-44c9-8286-b70b38fca29c,57f59645-7734-437a-808a-37631abbd5d6,
0d082138-792c-4de6-8413-528fc4d03041,a02e9204-f580-44c9-8286-b70b38fca29c,5a34dff7-67ca-4fa3-8050-4ea062b21b04,
1b42118e-7665-4fe2-8f90-85e65ae71ecc,a02e9204-f580-44c9-8286-b70b38fca29c,5ab7a990-6d85-42fa-b781-58b5589ce5be,
6dcb97d6-c607-4ad5-a542-8f3ea6f4c84c,a02e9204-f580-44c9-8286-b70b38fca29c,5c2813b0-3c92-4f5b-ab88-de7a5e72210c,
565d911b-1aa0-4143-8426-abf72807e7fa,a02e9204-f580-44c9-8286-b70b38fca29c,5ca6b548-2cb4-470b-a2be-9cd205289235,
59b937d4-ba6f-4b65-9bb6-c2ba218c7bb1,a02e9204-f580-44c9-8286-b70b38fca29c,5f2e43c3-bd9a-415c-9e34-8faaf261f07c,
1302f634-d4f1-4285-bc54-f342567836b6,a02e9204-f580-44c9-8286-b70b38fca29c,62e3783c-3dfd-43d7-bc3a-2673e742d8bb,
52499159-a080-4164-beb9-5b08835b8f19,a02e9204-f580-44c9-8286-b70b38fca29c,6d405005-b5aa-47e1-81d3-09e40956c8ab,
69e2ff38-1ede-49ab-8907-0212cd7baf96,a02e9204-f580-44c9-8286-b70b38fca29c,6e51945b-f4a3-4814-8b87-e56d20b15460,
b21cdf51-186d-4cf0-96fe-a96f2e63c09c,a02e9204-f580-44c9-8286-b70b38fca29c,6ea087ef-fad9-4ff4-8c20-b18d6b546a40,
887b06d5-9701-4736-bcda-346d7950561d,a02e9204-f580-44c9-8286-b70b38fca29c,6feb0dd3-d3fb-48a3-af1b-fa20881a433b,
e4350d54-ece1-43c6-8937-11c7afed26ab,a02e9204-f580-44c9-8286-b70b38fca29c,742aa71e-94fe-4f2e-80c2-dcd1d3384c3d,
102d5561-08ea-47d8-8a03-822a3a310be0,a02e9204-f580-44c9-8286-b70b38fca29c,7441ba00-c39e-466f-9df6-c8b85341e595,
21f26e71-526b-4026-becd-99ad96ab3ccb,a02e9204-f580-44c9-8286-b70b38fca29c,78cf0db8-13df-4e8d-8c0f-9274aaa48bda,
ea372c31-3b7d-43a7-8bc5-cf03ea9a36f8,a02e9204-f580-44c9-8286-b70b38fca29c,78d5dd04-06c9-4408-9cb5-46dfa4acd62d,
c0acb094-1443-4cdf-ada5-653140464490,a02e9204-f580-44c9-8286-b70b38fca29c,79aa6157-aa58-40a2-9d1a-395d29ae8f67,
b7d146c6-f417-4d81-aa25-5900bb6b994b,a02e9204-f580-44c9-8286-b70b38fca29c,7ced51cb-1473-407d-83ae-5e89247fcfb5,
3066f89a-b5ff-4290-82fb-7a6bd68ead43,a02e9204-f580-44c9-8286-b70b38fca29c,7df6e56c-8fb6-450a-ab7d-eaffbf5360ab,
bb90daae-1187-4e37-be22-4e3674cd45f4,a02e9204-f580-44c9-8286-b70b38fca29c,7fbfbe6e-042b-4da4-80c4-8e5c9e5dc35b,
fd0951b9-d4bf-42bb-b5dc-852214d04439,a02e9204-f580-44c9-8286-b70b38fca29c,83d288b0-87b6-42ea-9159-4354e375a489,
c76189b3-2573-4c97-b812-041e91ca99a4,a02e9204-f580-44c9-8286-b70b38fca29c,84955732-dfbc-430a-8925-4a5503b1d109,
a806eba6-e5c5-4f34-b401-44f4cd52308d,a02e9204-f580-44c9-8286-b70b38fca29c,86678588-766b-411f-991e-a9ee8af5a314,
b8832fff-3356-4414-a703-e09e37992445,a02e9204-f580-44c9-8286-b70b38fca29c,880efcf7-7f2b-473d-a5b0-8e25fcde0e89,
2da77d51-54c7-4b82-b959-e99c70b35db1,a02e9204-f580-44c9-8286-b70b38fca29c,8e98a282-7120-4f33-921f-b8dd009bff5f,
2773657a-ce95-48df-be1b-f3d1f3e121ee,a02e9204-f580-44c9-8286-b70b38fca29c,9287884e-daf1-476c-ab51-bd3c5581f921,
47c13637-7629-43fa-9776-e61dbd0363a1,a02e9204-f580-44c9-8286-b70b38fca29c,93cc6039-9092-4e5f-84b7-77c7ebfe7789,
cc84fce5-4c03-476c-88c4-aad316003312,a02e9204-f580-44c9-8286-b70b38fca29c,949cb7d5-4113-440b-a1d8-97e299bb7666,
c31c7fcd-29d2-41ca-bb9e-e890a4a12e7e,a02e9204-f580-44c9-8286-b70b38fca29c,95e9da5e-6939-4371-adeb-a74dc9ad6f78,
424b921c-f923-4f1e-a563-c3b19ea80db4,a02e9204-f580-44c9-8286-b70b38fca29c,9bce23ae-1d9c-424d-8186-5919368ab76b,
49a8f1f7-1cc6-48ec-9cb7-33c210826684,a02e9204-f580-44c9-8286-b70b38fca29c,b0b37d7f-4ea5-44e7-886c-397c187ed015,
eeb1ff34-9f0b-45e1-8f91-39982bd5a065,a02e9204-f580-44c9-8286-b70b38fca29c,b34f0085-28c7-4fb3-9761-99b294fa781b,
0233a9de-dbd2-4a2b-b867-a41d3eca9a7c,a02e9204-f580-44c9-8286-b70b38fca29c,b541aab2-e40f-4d7a-85c0-3edfb52e02df,
7708e1e0-a9ab-4bfc-85de-f8dc15af8bfc,a02e9204-f580-44c9-8286-b70b38fca29c,b58200d1-d954-4acd-8db9-14969aa131c8,
421c0012-ee11-4d77-99d8-4b70b33eb78d,a02e9204-f580-44c9-8286-b70b38fca29c,b86064fe-c571-4caf-bee6-a656571333d4,
34440006-d3f8-4b60-a28e-d4f99a1c8e48,a02e9204-f580-44c9-8286-b70b38fca29c,be064803-0c08-4779-9914-609e34f4bec2,
5ef21445-bc3f-465a-8a00-fa52c95104cc,a02e9204-f580-44c9-8286-b70b38fca29c,beead512-de3c-4b94-9062-37c8d027bf1b,
6c2ca475-ec56-47a5-afde-ed48f6bb74bc,a02e9204-f580-44c9-8286-b70b38fca29c,bfb7fa2c-a627-4188-9cb9-4de2f334db3c,
ab29d3c1-699b-4bf3-95e7-d848b2d42aac,a02e9204-f580-44c9-8286-b70b38fca29c,c05b26e3-dfba-4bf1-8592-b7e899afdc26,
bdc865a1-720b-403b-b870-68842d526f5c,a02e9204-f580-44c9-8286-b70b38fca29c,d06d50c3-8a31-4816-a245-890850cba9ee,
5705d485-55a8-4b9d-b21b-e2013681bfac,a02e9204-f580-44c9-8286-b70b38fca29c,d576d95b-8ee2-44d1-bc6e-2e7ab54dc507,
0643c57b-1d46-4917-a34d-06a6156148a1,a02e9204-f580-44c9-8286-b70b38fca29c,d8290d5a-72e7-44ba-be37-8af0523eb6bf,
541bd3d2-6cec-45b8-ac43-312e5f4e3bc7,a02e9204-f580-44c9-8286-b70b38fca29c,d8ca060c-9150-4fa4-830b-b7b6606aafe1,
a1d96b5c-40fd-4b1b-824f-b4760f228f16,a02e9204-f580-44c9-8286-b70b38fca29c,e5b96a4c-39e6-457c-86f1-ade84169748f,
8788d59d-b41e-43e9-9179-2deccf29e419,a02e9204-f580-44c9-8286-b70b38fca29c,e888023b-c7ce-4dc9-819d-4e30e24c0197,
e1f049e3-2fb6-4a85-99cd-c36cea1f167e,a02e9204-f580-44c9-8286-b70b38fca29c,eac74506-2429-48e3-8758-94752dcecbfc,
57dabb28-0779-4f68-bdfd-e4cf484c75e6,a02e9204-f580-44c9-8286-b70b38fca29c,ebacfe69-9885-4926-88f0-976d7d593a6e,
966bc8d3-7ba5-4d78-8263-806c82b3323f,a02e9204-f580-44c9-8286-b70b38fca29c,ebed4327-a7dd-4633-a44d-f7b821a03c3b,
b31db5b6-a638-41bf-8aac-79cdf20574d2,a02e9204-f580-44c9-8286-b70b38fca29c,ec008d25-54c6-40b6-8937-ffdd7e874252,
68711ef7-396a-432b-936e-2e15dc7fbe27,a02e9204-f580-44c9-8286-b70b38fca29c,f43fa558-65a7-4b98-8c7b-3449aaf8766f,
0ecf7392-52e9-406e-930e-421fc6e2ce24,a02e9204-f580-44c9-8286-b70b38fca29c,fd0ee8be-da09-4a32-aabe-ed4b74fcb176,
aa1c3ce1-0d53-43bc-a105-62f67b0c93c0,a02e9204-f580-44c9-8286-b70b38fca29c,fe504e7b-3f0d-440b-b7db-2d45a42690d9,
53a5b100-2d6e-44fe-813a-b435a7229d82,a02e9204-f580-44c9-8286-b70b38fca29c,fed26fd4-e581-401d-ac9e-414809f1ce96,
1c1444c2-a567-4a00-860b-1aee3c74e9d0,a02e9204-f580-44c9-8286-b70b38fca29c,ff3bad64-e506-4066-a1f7-525febebe83f,
8cd14fc4-fc25-485a-befa-fa5ebf3c6f50,a0dad4e7-c080-4e3e-a772-3853082efc76,0b2dd6e9-853a-45ae-9f9c-8c0a1c580663,
c7bd4449-f43a-4cfa-8404-377b3a4323d5,a0dad4e7-c080-4e3e-a772-3853082efc76,304fd61c-b59a-4306-a2ae-874f9d77dcb4,
b320eabe-9c82-4a21-b3d1-034398fab68e,a0dad4e7-c080-4e3e-a772-3853082efc76,d71e3131-b79b-4ee6-9ebb-e2c181437c7b,
b2d8c864-41d4-40cc-938a-60b2c27755c7,a0e33c32-3ad4-4925-9ef3-71dc8c1dda0e,1822674f-a8da-40af-91d7-91ead1aab2fd,
3fe28713-0ff1-4eb1-a12d-e678341eb291,a0e33c32-3ad4-4925-9ef3-71dc8c1dda0e,993c0962-2491-406d-8c6c-df951ee9e8eb,
b764c01b-13c3-4081-a634-edf31e0a06b6,a0e33c32-3ad4-4925-9ef3-71dc8c1dda0e,ffd9aa34-6a7b-4148-a350-46c35650706a,
2243f7d8-4aaf-4553-826e-a7842eb42305,a29c5559-1824-467b-8744-e197eb199031,82ddbe0a-968b-462b-8dba-625f313acb83,
67029941-0a45-4d67-a71f-a50695f28f6a,a5c35774-32bf-4713-8b7c-68803d76a2db,cb861432-f08a-422b-9b53-5badf2354e3b,
ad173db4-0044-40f3-b4a1-a75bd1bbc06a,a5c35774-32bf-4713-8b7c-68803d76a2db,dfe77b3f-5126-4031-a04f-8bb14684b849,
fa700378-5854-4415-91cf-ad044bc2aa79,a5c35774-32bf-4713-8b7c-68803d76a2db,e1bf0185-5de5-484f-b84d-761335ecbade,
4d863d29-55a6-4010-a2e5-52ef84b4e75b,a6091dd9-a0b9-41fd-b801-18e9bea1c71d,3a6060da-a1fd-44b8-ad0b-9a7aeadd2241,
c38e17d8-88e5-4be3-aaf0-ced6d7140080,a779958c-a35d-4967-9871-0dfbf08de43e,1500e582-33a8-45dc-845c-cc50d526d7fa,
55a23438-8ce1-402a-b294-e307d2ff6b37,a779958c-a35d-4967-9871-0dfbf08de43e,65be8bdb-d0eb-484a-948a-3671a0b9da11,
2051013b-466f-4744-94f2-4ecfed4fb23a,a7817e6d-afee-45da-a7f5-371f08e5b2c3,29dc82e6-5277-488b-863a-cd35c1d9bdad,
cba35b9a-04e2-4b2f-80de-12cee8773dac,a7c7fde9-d76f-4dbf-b3fc-12a37a9cfad0,0ae5a468-f0b3-4fa2-812b-779c2a6f02dc,
4f788d6e-728b-459d-9752-23145f0f9e7b,a7c7fde9-d76f-4dbf-b3fc-12a37a9cfad0,18076100-d7ef-4fb9-84a1-d21b585de6b7,
59a88cef-54f2-48c7-87e7-7bc0a460f464,a7c7fde9-d76f-4dbf-b3fc-12a37a9cfad0,37b2d99f-4462-4dc1-8cfb-58559e8a9c5e,
1ed928d2-8268-477a-b499-b1a41ef7d50f,a866e910-919f-4b92-be0f-674783885b79,1003404b-f987-4a43-a6d9-f02104dfa5f6,
d694ca60-145d-47d7-9a58-bc6e475454bf,a866e910-919f-4b92-be0f-674783885b79,15f3143b-1120-4a58-b7f4-51adb37af447,
62b8dce7-ada0-425f-975b-05fd82a2c080,a866e910-919f-4b92-be0f-674783885b79,181a7e7e-3592-4e30-a447-e7642f82118d,
ab5d3cdf-ba06-4811-9d67-359f73430970,a866e910-919f-4b92-be0f-674783885b79,2022c39e-1241-4c80-8eb1-e51ba4185d31,
c250e838-6573-4831-9856-5c4663e8c327,a866e910-919f-4b92-be0f-674783885b79,33e3490e-c470-4be7-847e-4fc3e10e0f0d,
8d3468ed-72ba-4a74-8b13-54134eae07cb,a866e910-919f-4b92-be0f-674783885b79,88acbe4d-ba81-4646-90e6-1c7db98ba086,
3af37ff3-484a-4c24-a3c4-428bbbfc8b0a,a866e910-919f-4b92-be0f-674783885b79,a98b8290-7b4f-451d-a76a-575447ec3e1f,
941703b7-af5f-426d-8001-5660df47a868,a866e910-919f-4b92-be0f-674783885b79,c96e41cf-ada7-44b6-b38c-3d3c83878e44,
56134be1-905d-4c76-b67b-f373c6521cb6,a866e910-919f-4b92-be0f-674783885b79,e6e30e76-957a-4ae3-99ad-411e29907e2b,
e3d80523-01b3-4b64-a617-d334a9590fab,a866e910-919f-4b92-be0f-674783885b79,f3c5ab0c-83fc-49c9-a393-4accb1969ae6,
7e449708-a030-464e-9f97-43812bdd185c,a866e910-919f-4b92-be0f-674783885b79,f6de9da4-2f82-48eb-8c06-948a40219b7f,
9f4809a1-6487-4813-8034-38dbfcb44f8b,a866e910-919f-4b92-be0f-674783885b79,fa6bf859-1988-4efd-b0d6-e6f659f7d93c,
304b3a0d-3620-4fdd-97f9-961f1bd37bf6,a866e910-919f-4b92-be0f-674783885b79,fb76ab03-0574-4747-bf2b-800660456e95,
e22cefc9-8e42-416a-baa0-a6e2640e7d9f,a938687e-302e-40d2-88d4-2cacad79639b,66372448-9304-4b21-9e6c-d07b35e2f1b0,
232ae082-3a95-4d48-ae0a-e329e0af4fe0,a938687e-302e-40d2-88d4-2cacad79639b,9999c3a9-e48f-4c69-b1f9-e660e6f2111b,
01c04bdb-e828-486b-8e44-156dbc9cd02f,a938687e-302e-40d2-88d4-2cacad79639b,bff263b1-94be-475a-b3b5-85f6515db502,
8aa771a9-bd94-4171-bc5b-0a50c42e5999,a938687e-302e-40d2-88d4-2cacad79639b,d5947f66-5c13-44c2-9c78-6dbadbd69beb,
dea12cb4-a127-4a62-bb11-f0d398b8f41d,a938687e-302e-40d2-88d4-2cacad79639b,fbfa6617-40f6-47fd-99be-b044781ce007,
ce8d86b9-adae-47cc-b5c7-9404689f148d,a9c8fbdc-56b9-492b-80f1-8400c3465650,064d63a6-137d-4173-a4da-010a3ff0a52b,
3953a14f-ae3e-4a5b-b9f5-0005610dec06,a9c8fbdc-56b9-492b-80f1-8400c3465650,10b8c072-1c3e-4a48-825a-2ca82a4a8203,
0ae916fd-dbca-41bf-b11e-078dc910b035,a9c8fbdc-56b9-492b-80f1-8400c3465650,1aacc899-e766-440b-adb2-36e78de81c10,
ce7f5779-31e7-49a9-a8e9-c1bc9e7253e5,a9c8fbdc-56b9-492b-80f1-8400c3465650,2484cb77-0074-43b0-be33-0284a6b5d755,
3f2eb1f6-646e-48f9-90f0-30f25b0ecf03,a9c8fbdc-56b9-492b-80f1-8400c3465650,2f4aa92e-3155-4f50-970a-f060e680a4be,
dd8d7da8-ebc1-4567-8c2e-3ecdf663dcdd,a9c8fbdc-56b9-492b-80f1-8400c3465650,4b0db1c9-7d41-443b-88ea-01623c4b9d6a,
259a0586-68f7-47f5-8248-fe5f6a92b16a,a9c8fbdc-56b9-492b-80f1-8400c3465650,65f32723-098d-48d0-a311-0724d4584022,
f13c9dd6-f27a-4532-8ec9-d533e0fa7b68,a9c8fbdc-56b9-492b-80f1-8400c3465650,65fffb2e-e6d6-4e58-8226-8ccbf885b03a,
5eb81847-9165-48fc-a30b-ea4af95e6aee,a9c8fbdc-56b9-492b-80f1-8400c3465650,7941f661-5ddd-49b5-b8e3-965d458e6c59,
7475865d-8e9e-4886-adea-9dc07f70e933,a9c8fbdc-56b9-492b-80f1-8400c3465650,7bc9a0b4-1ba1-44e6-86f1-f41edd68f7c2,
f5040eef-a21c-4ace-8aac-98b27db15a41,a9c8fbdc-56b9-492b-80f1-8400c3465650,7ee8bfc9-8345-4c0d-b3be-77016d40d022,
1fa0b14e-a706-4071-9dff-1122266bd860,a9c8fbdc-56b9-492b-80f1-8400c3465650,c75a9657-c86a-482a-a6d2-800ab977a1e8,
b47eae9e-eeb2-498f-9ed0-97aac64a06d9,a9c8fbdc-56b9-492b-80f1-8400c3465650,ddf53e77-60bc-4be7-9b1f-57fd1d252fa1,
a1f27a79-7f54-49dd-badf-07275d0465fd,a9f018a6-3658-4357-983e-f6973ca602e0,c2d0bf44-7927-43d4-b04c-b28b491b9064,
5b42c32d-da69-4026-a7cd-cd5334d51a01,a9f018a6-3658-4357-983e-f6973ca602e0,d3b25523-7606-49ec-9a2f-edd5d48d63ba,
b13e5c7e-0c4d-42e0-bb18-61c5f85a2e20,aadc5b12-3ae2-421f-9c25-9ea96192b9ed,bdb8af19-f2d1-45eb-ba20-65b1591740c3,
4a9ce504-0379-4a02-9d7e-8d20e852562a,aadc5b12-3ae2-421f-9c25-9ea96192b9ed,c28f12f3-ff29-46ab-a2c0-503d9706e0c4,
01247780-f68f-4988-ac4a-12991d79f5c3,aadc5b12-3ae2-421f-9c25-9ea96192b9ed,ee340c90-4814-40a9-8c10-2dd88b4d77bc,
d4657dba-e2aa-4b78-8113-5ee385651a2d,aafb920e-c661-4313-a108-d62b86f7540b,8f33dfa5-bbf8-4979-b8e9-ce66c424fdb7,
279dc3ea-5aad-4c15-8334-4115af63f3e8,ab059b06-24d9-4a94-a9b3-3cbdf80d02ed,0bf0eb35-6dfc-48a7-8c46-f4341a74da08,
98bd1c05-1a51-468b-b1e9-5a6adbdbe11c,ab059b06-24d9-4a94-a9b3-3cbdf80d02ed,1a3a6d6f-63c1-465d-a993-e9ec14c0301d,
8e21d905-b6a5-4d22-8779-cea51cdcac88,ab059b06-24d9-4a94-a9b3-3cbdf80d02ed,30440d80-6f5e-4696-8a6a-b14635496864,
837c5598-884b-4c5b-924f-f913e0133710,ab059b06-24d9-4a94-a9b3-3cbdf80d02ed,425e9cc6-5cc1-4ee8-9117-e7917b6122b8,
8908a047-d497-4957-8bac-5d1fffba495a,ab059b06-24d9-4a94-a9b3-3cbdf80d02ed,5677bbc4-923d-4248-a7c4-3c640ef977e8,
18f7858e-d04e-41c1-9313-479cc0d2289a,ab059b06-24d9-4a94-a9b3-3cbdf80d02ed,93e70e00-a43c-43f6-a6d2-911d8675c4e7,
6f9b91e2-407b-422f-b5bf-a8b14285cbd5,ab059b06-24d9-4a94-a9b3-3cbdf80d02ed,acb9a407-c69c-4c2d-b9d2-4ce3826e865b,
7eaebda4-7ad4-4ec2-ae35-f457f47558c2,ab059b06-24d9-4a94-a9b3-3cbdf80d02ed,bb82a6a7-1c6b-4cc8-81f8-ca39cc8b7d22,
eddd4098-01fd-4c90-bd9a-296d68167756,ab059b06-24d9-4a94-a9b3-3cbdf80d02ed,cb7880cb-aef6-47da-9596-05814ba491e0,
3ecd7784-ddac-43df-8011-aa17f7e012d5,ab059b06-24d9-4a94-a9b3-3cbdf80d02ed,de9348cd-dc85-4ab7-af86-4d40e58b0c1d,
cce4706d-4ea1-44dc-82f8-f3572f8b2b8a,ab059b06-24d9-4a94-a9b3-3cbdf80d02ed,f02ead19-aa11-4405-9abe-49cd21acfc61,
57e28a99-fd03-48a2-bfe4-1518aa5e8f70,ab0a498a-d4b0-4c74-9cca-b0a214f8b17b,96d1ec2f-c526-4c63-b4c3-6aa06e1a49a1,
1a4b5753-3822-4cbb-abf0-4419e1b46978,ab0a498a-d4b0-4c74-9cca-b0a214f8b17b,b4afc0ff-4ce5-4dad-a0bf-b8caf0cab2f3,
8c770c6f-d320-4857-9747-46bcff22f47d,ab0a498a-d4b0-4c74-9cca-b0a214f8b17b,d30d946e-4c3c-4a90-b208-4b37d4dd73fa,
5fdc8f1f-a8e8-485b-904c-32d0569c1dc8,acbbb482-72ee-4831-be4e-9155106f1038,3071a57c-bc4a-404c-9b6d-f95da0aa873d,
b05f3c79-9b3c-4d39-9716-342b06f0aac6,acbbb482-72ee-4831-be4e-9155106f1038,3b796ccb-882d-4989-952e-91d4f0138753,
27c797af-081f-4111-9706-eb9e8b3641da,acbbb482-72ee-4831-be4e-9155106f1038,4962a7ef-0dfd-47d9-aa3a-02a6e70c1c47,
49c5cfd5-b797-4065-8036-41f690e5864b,acbbb482-72ee-4831-be4e-9155106f1038,4f79d745-378e-483e-934b-13d0e55d6021,
9683e6c5-21cb-4fed-a587-f7b2bcf7b70e,acbbb482-72ee-4831-be4e-9155106f1038,53ffa9f1-f7e7-43ac-a41d-f616208a5b99,
6c9d4f87-1886-4688-a7d1-6bdee1437ca2,acbbb482-72ee-4831-be4e-9155106f1038,58328be3-3d37-4aaa-ad79-b3f985082fac,
980398f8-7d6c-4157-b8f9-8668f0282bbd,acbbb482-72ee-4831-be4e-9155106f1038,6a5ac9f9-9ff3-48dc-823a-2ab1b3264b9a,
3c362a73-e31b-46c8-98ad-6901511d185a,acbbb482-72ee-4831-be4e-9155106f1038,7316ac23-a8ab-4415-8d1c-0641acd30bb2,
26679688-a5d2-4e1c-9a41-28dcaf922169,acbbb482-72ee-4831-be4e-9155106f1038,df2cf5e2-0156-406f-a21e-be218f5aff52,
51e3ba99-7254-4050-ad84-5264d18dd3c4,acf5d1c4-76e7-4aa8-8806-6f24acee1ad1,05dabba0-ba62-49e5-8337-9ce6c5c84774,
d3a0b799-3f2c-42cb-bfb8-3eb07dc5013e,acf5d1c4-76e7-4aa8-8806-6f24acee1ad1,496eb233-edbe-42ae-b895-10488d250110,
e0807ee3-06ba-41dc-9975-a379f346ff47,acf5d1c4-76e7-4aa8-8806-6f24acee1ad1,632aec8b-1515-44ff-8978-305d93241e0b,
9bb6fafe-e44b-4511-8a23-7ed02eb94e2a,acf5d1c4-76e7-4aa8-8806-6f24acee1ad1,70f91fe7-66cd-42ff-8a8a-ebd44e7c5ac3,
483216fd-e3e2-4d11-a3e8-963001a297a8,acf5d1c4-76e7-4aa8-8806-6f24acee1ad1,a5cbd344-06ec-481a-a170-78033d088beb,
0923d4f1-d87a-4d8a-ba85-d1f5af46975e,acf5d1c4-76e7-4aa8-8806-6f24acee1ad1,ada161e9-b4ca-4abc-8193-caced597270b,
0b7c3257-8ef9-404f-ae07-2973fdde7428,acf5d1c4-76e7-4aa8-8806-6f24acee1ad1,b185f86e-cefd-477f-93a7-c84552e02d13,
28bf3eb3-7ed4-425f-bf9a-a96efcf8b246,acf5d1c4-76e7-4aa8-8806-6f24acee1ad1,b797eb77-0558-43c6-8b40-8b742f376248,
4ec1d9c3-9d55-4325-bbb1-98adcadd7534,acf5d1c4-76e7-4aa8-8806-6f24acee1ad1,d9e271d1-d146-43f5-875c-91a7b1e6b77c,
b1e31b4b-16f6-49eb-8a77-354cdcdac6f2,acf5d1c4-76e7-4aa8-8806-6f24acee1ad1,de51885f-91e8-4050-938a-d632a61e957b,
ac40ffa6-e09d-45e4-b7fd-95f800e6fe1e,ad089495-98a4-4eb4-bbc8-bb4797db73f4,314018fc-aadf-42e0-852c-dbf6c66389a3,
44e82c93-ec24-433e-8d9e-e37fb1594f48,ad089495-98a4-4eb4-bbc8-bb4797db73f4,4e342201-9d9d-4ca5-98bb-9ee7ee30a480,
dcf4d714-bab3-4be7-b543-310fc2326c65,ad089495-98a4-4eb4-bbc8-bb4797db73f4,63b79636-121d-409f-aa5a-44bfe134e408,
625052b2-d091-473b-a23c-b58aa555feaf,ad089495-98a4-4eb4-bbc8-bb4797db73f4,78ab17e3-b50b-494e-b25d-974c95751fd3,
4631c544-471c-4b1a-b9ec-8e621f55bc53,ad089495-98a4-4eb4-bbc8-bb4797db73f4,8d90dfb0-c234-4014-8acc-238391ba917c,
a2efa008-db6e-4006-8264-63e6006afcc1,ad089495-98a4-4eb4-bbc8-bb4797db73f4,a64f8036-d566-4a62-a499-249f8607e8c6,
27e2c014-386e-4158-a548-adef22a5424b,ad089495-98a4-4eb4-bbc8-bb4797db73f4,cb30a847-23dd-4ff5-b5b9-12647369aa7b,
a63f0b53-52ff-4ced-81a8-b1ec31d18578,ad089495-98a4-4eb4-bbc8-bb4797db73f4,cfa573fd-5fa8-4f6a-a902-1054517fa568,
f5a2b839-d093-49b9-8c43-6c4029f741a3,ad089495-98a4-4eb4-bbc8-bb4797db73f4,d3f36ee8-8842-4ff6-8505-d7980959e6b4,
5c2cc4ff-d1f3-4482-911a-981f378a041c,ad089495-98a4-4eb4-bbc8-bb4797db73f4,dd2230ec-85f2-4edd-86a4-157420935e6d,
7a001c2a-1908-4135-b879-1a16c6b496eb,ad40cf5e-2bc8-43db-a224-2c2c6f949c67,1ec10181-924c-4953-b952-f7b8e3428585,
675e7375-2cac-4e55-9b81-fe7fa8013f9a,ad40cf5e-2bc8-43db-a224-2c2c6f949c67,2a2e292a-298d-467d-b97a-2186ac7e083e,
9ba26b78-025b-44b7-8098-84ef0bf20111,ad40cf5e-2bc8-43db-a224-2c2c6f949c67,7d40a632-a53f-4696-aef5-afe783c8e6e0,
f3f8c589-f252-45da-8704-a20fa8d98a00,ad40cf5e-2bc8-43db-a224-2c2c6f949c67,adf306d3-91fb-402a-b715-8006320d9714,
3d270be2-3559-4fae-a671-40c15271e632,ad40cf5e-2bc8-43db-a224-2c2c6f949c67,bfa4b772-1015-47f1-8b23-c5bdd68dc897,
b2468d73-9381-45ea-8cb7-eaf9ca7dc21d,aeab7fb0-386b-407e-9e2e-595b6a513021,18bd844c-197b-4c8b-a7b5-f075e05f9728,
1e663535-970f-4e6b-ba2b-64e126e1b3ac,aeab7fb0-386b-407e-9e2e-595b6a513021,22c0d22c-86d0-491c-9e5d-d0c7014f6561,
a4b7dc52-2e80-4c3f-9aeb-7795923e9f81,aeab7fb0-386b-407e-9e2e-595b6a513021,6fea476c-230f-4a0a-809c-d1b3e5aedd2b,
061fb720-e08c-427c-82d9-67451ad41d45,aeab7fb0-386b-407e-9e2e-595b6a513021,842f832e-a453-4a7c-9b6f-236b219e0115,
bc98f285-bc66-463b-987b-cbff70f55261,aeab7fb0-386b-407e-9e2e-595b6a513021,c0cd2683-7c2a-48e0-abc5-aac4c2ff4751,
bb82b586-37fb-44a3-99cd-472f715d11b2,aeab7fb0-386b-407e-9e2e-595b6a513021,d7cc11bd-dbf2-4693-984f-9946a05e9216,
1a3fc63b-119a-4c60-aa8f-978bb1febde9,aeab7fb0-386b-407e-9e2e-595b6a513021,ec63afc0-14d8-442f-a3c4-1f7a51b36cc3,
67dc61f0-7620-44b6-836b-044f5a5dba21,aeab7fb0-386b-407e-9e2e-595b6a513021,f4e6a2fd-8763-4aac-98ec-5b41ce66656a,
466d21fb-d905-4671-a8ca-db0fc2b9f914,aebd882a-a882-442c-bcdd-9fd3a9dc00e5,2ce86961-57fc-40af-9c12-ef03003b3791,
3fa4ff1e-e971-482c-ac42-ceb7a399fcc8,aebd882a-a882-442c-bcdd-9fd3a9dc00e5,afe80c9a-5159-487f-a64f-c17c38354721,
436d7648-407a-4247-8af8-737003ba8c66,aebd882a-a882-442c-bcdd-9fd3a9dc00e5,b049ba71-75e0-490b-afb8-e216e8c3dcba,
6e8b52f7-f8d3-4d92-8e57-e4fdbb424b46,aebd882a-a882-442c-bcdd-9fd3a9dc00e5,fc7b7d18-6a9f-4af6-851e-b49107537ffa,
2b9e2f23-23b5-4a9e-b0be-4a19446b6d45,afc3cbf6-4e00-447f-8181-dd3bf2a2fb9f,0188e8b8-ed36-4e7b-b5dc-eb7baffc3121,
ff101fca-84dc-49b7-8236-6fb0e3359341,afc3cbf6-4e00-447f-8181-dd3bf2a2fb9f,034fada1-aa27-4962-9bd5-bfee8f03b65e,
b8ae1eee-b1bb-4f80-a457-a4456051f0ec,afc3cbf6-4e00-447f-8181-dd3bf2a2fb9f,3606b920-5147-4fb0-80b4-64a8454d88bf,
f06ace1c-f73f-4856-b23f-8f10623535af,afc3cbf6-4e00-447f-8181-dd3bf2a2fb9f,48beeb3c-7132-4fe4-b61a-6557325bbcbc,
ab695af4-3208-4887-944c-82545b4d66e7,afc3cbf6-4e00-447f-8181-dd3bf2a2fb9f,58b1271b-94af-4052-b891-33e84c0a1c36,
3e7d4153-bb3c-4b36-bbd0-37db3fe9b530,afc3cbf6-4e00-447f-8181-dd3bf2a2fb9f,59f8bd60-6b96-461e-9951-37ba8e261856,
cb53de7e-e43c-4b9a-8bb6-7bfeb1bef463,afc3cbf6-4e00-447f-8181-dd3bf2a2fb9f,600823b4-1ce1-44f5-adfa-306c2c8a15a1,
e6813108-b6b5-4110-a8dd-d5f363b283e1,afc3cbf6-4e00-447f-8181-dd3bf2a2fb9f,6716c93a-1356-4716-8043-1aec81273755,
51e8251d-1c59-4e2e-b6ec-309accbd94eb,afc3cbf6-4e00-447f-8181-dd3bf2a2fb9f,6baed5a9-0909-4fc0-a1f2-7d33b0f8015a,
3fbcefdd-afce-466c-ba99-feeeaaa777bb,afc3cbf6-4e00-447f-8181-dd3bf2a2fb9f,6c69f4e9-e527-4fa6-ab11-d562ec06b7f7,
5bdb143d-7453-46bb-893e-50f082eacd48,afc3cbf6-4e00-447f-8181-dd3bf2a2fb9f,73a51987-3e31-4637-b9d0-f11aa0a7ac27,
84e08785-f34d-4aea-9ced-f51fda25ddba,afc3cbf6-4e00-447f-8181-dd3bf2a2fb9f,8970cd7e-aeab-46bf-be37-f59d456ba070,
5394af74-010f-487c-92c9-dd05f7decc7a,afc3cbf6-4e00-447f-8181-dd3bf2a2fb9f,a363a787-510f-4622-aed8-e86e62d62674,
0522583c-1d76-4f95-a3c3-71a1e4a1819d,afc3cbf6-4e00-447f-8181-dd3bf2a2fb9f,a517f442-735a-48b1-9f93-b9f1ddf42a06,
ad960dbd-e3a8-4f6e-b488-9caad24243ab,afc3cbf6-4e00-447f-8181-dd3bf2a2fb9f,ac7fd8fb-cdc2-4c4c-b610-34a7ce1008be,
b05e477c-4b2a-47e5-8b5d-0bb4fa0d58bc,afc3cbf6-4e00-447f-8181-dd3bf2a2fb9f,b6e6d888-dc72-44b9-939d-5c8d6a47dab3,
ab5329f3-9bcc-446f-81c6-427a0384a761,afc3cbf6-4e00-447f-8181-dd3bf2a2fb9f,d609091c-d420-4132-bd6f-8afddebd423e,
818212b9-7363-4678-8921-52a40959ec95,afc3cbf6-4e00-447f-8181-dd3bf2a2fb9f,d8ff605c-acb8-484f-acf9-9b13735c3579,
4b2bed65-3d98-4a9f-83e2-358157311b48,afc3cbf6-4e00-447f-8181-dd3bf2a2fb9f,daffa338-c6d9-45ec-934f-83be8b6a1623,
4ac501b9-3640-404a-8643-6a78ea364ee6,afc3cbf6-4e00-447f-8181-dd3bf2a2fb9f,dde45697-34f5-4c97-826a-c961ad03a5e0,
bfdf6f32-b5da-4592-b153-ecf9955c177a,afc3cbf6-4e00-447f-8181-dd3bf2a2fb9f,e9206cc2-605f-45ec-8c63-d13e945433a0,
dfc445c6-f7fd-43ee-a01d-6690d51a226c,afc3cbf6-4e00-447f-8181-dd3bf2a2fb9f,f4efd5cb-1883-4aa3-96b2-559ad944ad39,
75024cf2-1bed-450a-a2bf-c5119212a714,afc3cbf6-4e00-447f-8181-dd3bf2a2fb9f,f5339817-c4fb-4d72-accf-550e889e2db9,
f9cb39d5-d79f-41a0-80f2-4bc806efba37,afc3cbf6-4e00-447f-8181-dd3bf2a2fb9f,f7986a40-b723-499a-9cb3-eaa0e8de8226,
2080fb4c-f7cf-4f56-bcfd-caa453859491,b082da85-a8a7-448f-96ea-a63a481e1c27,33117274-0680-4831-a7dc-6301f32e6076,
4547c876-82e9-4f2c-8b03-8de6df8d090a,b082da85-a8a7-448f-96ea-a63a481e1c27,da6d8007-1112-4394-b79a-b8185e72f3a4,
429db303-c412-40cb-98d0-2bf693aa7f67,b082da85-a8a7-448f-96ea-a63a481e1c27,f3baf969-43c3-4b38-9fcb-4aef59ffb6fe,
5c74780c-4d55-4987-8a08-a984e3bff383,b1f2540e-e3f3-47ec-8528-43db80ae6f2e,135b1a71-9592-416a-b34e-48891e1772a6,
f4a4e868-3c45-4b4b-9ef1-373cec6f75f6,b1f2540e-e3f3-47ec-8528-43db80ae6f2e,18ddfd46-31a9-4660-b8cf-62b7062e1d86,
d6d943ca-d114-41f7-b78c-d528046a313f,b1f2540e-e3f3-47ec-8528-43db80ae6f2e,1a35d25d-be98-416b-9cc2-521d6afcf3c9,
621445b1-f5c9-48f1-bc34-203cf0788eb4,b1f2540e-e3f3-47ec-8528-43db80ae6f2e,24b4dd5b-c039-4490-8a6b-f86df8fa9599,
debaad13-f66b-4943-a4be-d6a13460432a,b1f2540e-e3f3-47ec-8528-43db80ae6f2e,2eea4858-66d2-4bb8-9f3e-7632a17e3cdb,
2dc81eee-f508-4754-af79-cea33c847a71,b1f2540e-e3f3-47ec-8528-43db80ae6f2e,2fe73dbd-f44d-461c-a4eb-42757403fb7a,
a79bdd2e-ae64-411b-9692-dc7f1dd92a07,b1f2540e-e3f3-47ec-8528-43db80ae6f2e,308705f5-e288-421b-baae-f5337778669e,
aae0c418-a113-4b31-a2ae-4bfe344f49ff,b1f2540e-e3f3-47ec-8528-43db80ae6f2e,4045a26d-183a-4a96-988b-56612343d26a,
57dc37d2-0be7-4fe5-8943-f8875665747e,b1f2540e-e3f3-47ec-8528-43db80ae6f2e,4756a56d-b13e-45b1-af17-678fd7c595c6,
c9d83547-6dc6-423d-bdfe-a4d78c370a1d,b1f2540e-e3f3-47ec-8528-43db80ae6f2e,479e3f89-fc99-4677-bf29-97994d91420d,
6195a3bf-e869-4f24-8945-95522180fb4a,b1f2540e-e3f3-47ec-8528-43db80ae6f2e,4ddd2d11-1d03-41dc-aa17-08133378660a,
ccdb0cef-5d16-437f-9bee-9e1541205250,b1f2540e-e3f3-47ec-8528-43db80ae6f2e,50bc298e-7354-415f-bd2e-142f822d75b9,
d2e2e897-fe01-4383-9d84-f072cdaa6567,b1f2540e-e3f3-47ec-8528-43db80ae6f2e,5a21d61e-8e5d-4a9b-8c2f-b7d1e21e9396,
0f6390d3-75af-4068-9bfe-27235695a08b,b1f2540e-e3f3-47ec-8528-43db80ae6f2e,5c72ef66-8492-43f0-91e9-6946a5605aa5,
1ad841ee-9225-43a0-951c-9b5f21140cd2,b1f2540e-e3f3-47ec-8528-43db80ae6f2e,67467f09-32ab-4e5c-b7e8-5845dd4a3411,
c745952f-83d2-45a5-bca5-a0f069674452,b1f2540e-e3f3-47ec-8528-43db80ae6f2e,67b6ca93-2b83-416d-9656-b58ba4c84e69,
d7dd6279-806c-4153-a461-a86d22ef1fd0,b1f2540e-e3f3-47ec-8528-43db80ae6f2e,6b2d9799-ba59-4623-874b-8518709809ed,
042c3f10-976d-4d2e-b5f8-3d8c99c4d352,b1f2540e-e3f3-47ec-8528-43db80ae6f2e,7a2aaa82-ed21-49cd-8f02-5d713fd9bb42,
a74da6bf-9d65-4f7c-9735-4324ecd1273d,b1f2540e-e3f3-47ec-8528-43db80ae6f2e,7d29a42d-5dd4-4751-8291-ab4155528fe8,
b1e4580c-0bfd-4f97-baab-7f5329b85c87,b1f2540e-e3f3-47ec-8528-43db80ae6f2e,7f16d9ac-4d47-417a-b0d5-fa99487d5712,
2587152c-0f8d-4d21-90c2-8279bc50151f,b1f2540e-e3f3-47ec-8528-43db80ae6f2e,84f49388-3e89-48be-b212-9c470d92ebe7,
59b171c4-8349-4f8e-8940-f11135e54021,b1f2540e-e3f3-47ec-8528-43db80ae6f2e,89441c50-a3d0-4124-a3be-52b690846ef8,
28e0ae86-c3a7-4b48-a457-00e75406e60c,b1f2540e-e3f3-47ec-8528-43db80ae6f2e,8e2fd284-9c02-4106-805b-f3f01c497051,
da7b4d44-220c-4a99-a3f8-5ff9cc0cb95f,b1f2540e-e3f3-47ec-8528-43db80ae6f2e,98ed9bdc-71e1-48c7-aa43-6551312180a5,
aa121858-3734-4279-b79b-7ce983f46ceb,b1f2540e-e3f3-47ec-8528-43db80ae6f2e,9bf832e2-d0be-44e4-a06d-fb21afb94a99,
df2bcc63-8174-4cd7-aea8-2a8e2d52c78f,b1f2540e-e3f3-47ec-8528-43db80ae6f2e,b80c4976-1751-4e7e-a532-04ee0f6f0cd4,
7e2c0001-c2f7-4a98-b0f4-dd79337034d9,b1f2540e-e3f3-47ec-8528-43db80ae6f2e,bfcfd83c-30dd-4446-8cee-207986b4ca42,
2eb7676d-433d-4169-85c0-9d2ff3f4d9c7,b1f2540e-e3f3-47ec-8528-43db80ae6f2e,cf9fa506-913f-471e-a2c1-cb7f44fc75dc,
cef6d75e-e7ed-4fdf-90d4-c08737aa7135,b1f2540e-e3f3-47ec-8528-43db80ae6f2e,d40100ba-e6ce-408f-bd09-c3542ccb16d5,
729988a9-ad66-42ca-a70e-b46477d1a804,b1f2540e-e3f3-47ec-8528-43db80ae6f2e,da376be7-8a2a-495d-81fe-a6bd87c31186,
59d2464c-eb1e-4acf-9876-79c8b5b6fcbc,b1f2540e-e3f3-47ec-8528-43db80ae6f2e,e4d523c4-b7d4-42c2-868d-2785c942e864,
988d2187-0144-4c2d-947f-7e36c99beff1,b1f2540e-e3f3-47ec-8528-43db80ae6f2e,e5279a7f-609e-43e8-b5e2-cd97aaa35ed1,
5bdd7cc3-39f6-4a77-9c5f-45205a8f4cba,b1f2540e-e3f3-47ec-8528-43db80ae6f2e,e8a80e04-31bd-4fe0-99d5-9a400c1c011c,
3565089f-9c3a-4955-84b4-ba797b090515,b1f2540e-e3f3-47ec-8528-43db80ae6f2e,ee2cce49-e36c-44dc-8ab0-99ef2114aed5,
9ac96994-10a4-4f0e-b2c1-5d3fe5a329c9,b1f2540e-e3f3-47ec-8528-43db80ae6f2e,f5209319-b807-4f88-947d-c3d738c35524,
3595f944-7f7e-42ec-987c-299cfea431c1,b1f2540e-e3f3-47ec-8528-43db80ae6f2e,f6f6a71f-9d49-4746-9e2f-2ec891c4b0b2,
31669cea-9e18-4c8e-9ff2-9c2c4fa8fd65,b2c6feab-544c-4f7c-ac19-c324351cb276,4103e17d-6307-475c-902b-87d5e0e251e0,
5c1694a5-3953-4942-9a80-37712206b4ff,b2c6feab-544c-4f7c-ac19-c324351cb276,7c71a9ac-1dd1-4c3c-b904-2be52f5f2a48,
71a3f721-5f91-4534-8be2-75bfffa2147e,b2c6feab-544c-4f7c-ac19-c324351cb276,bd0b9997-4f9d-4674-9969-c33e3effb5c4,
558ca6d9-3e6c-4247-977d-b3921fcf2e73,b2c6feab-544c-4f7c-ac19-c324351cb276,e3e0e48e-59f4-4c24-b44c-8898c6104bb6,
174f4742-e473-41d4-8e9b-de1a54678e73,b3489d84-c590-4516-a985-da0656fbe32c,4b89ee9a-3315-4d5e-80c9-38bef311c8c1,
517d5a5e-10df-4988-82b6-4f77426c93cf,b3a32154-f60d-485c-bd2f-cf4300afdf17,03cfc35a-7f67-4b47-9ee2-b6b149c30ec2,
03ba4e49-8175-41ee-bd5b-b53f7d2c83e4,b3a32154-f60d-485c-bd2f-cf4300afdf17,041a71ef-10ee-4a52-99c9-34bd136d6e2c,
89aeb5cf-e802-40d7-96d0-28305f4f2b9c,b3a32154-f60d-485c-bd2f-cf4300afdf17,0fa3ef95-7562-4e64-a22d-1ddbe46618c6,
ce5bc70b-dbfb-43a4-a98b-db753fe5e076,b3a32154-f60d-485c-bd2f-cf4300afdf17,23c75628-3a60-4446-a89b-3b3c9c831a54,
b3b1e6fa-b749-4987-9326-f9063802ffcc,b3a32154-f60d-485c-bd2f-cf4300afdf17,25a19ba5-24fb-45aa-bc36-892110004116,
a368fe11-e42e-4f21-9ee2-3dff4a455eff,b3a32154-f60d-485c-bd2f-cf4300afdf17,2ab9c657-6ebf-47ec-b44e-5fb28690acb2,
62e5fac4-594f-43cc-b902-a3d9ff28833d,b3a32154-f60d-485c-bd2f-cf4300afdf17,3c73ab1b-d5fe-4fc4-9c26-406232b963b5,
b1509415-cc73-4619-abf9-f13ee90061a1,b3a32154-f60d-485c-bd2f-cf4300afdf17,484489ef-aca3-440d-a645-d57505d00246,
c95c644c-9491-432e-b516-bf5bbc0d7c41,b3a32154-f60d-485c-bd2f-cf4300afdf17,5685b32b-0bf9-4b64-8173-737ca62ac3d0,
a3be8cc6-0270-4179-b0af-722ddf06069d,b3a32154-f60d-485c-bd2f-cf4300afdf17,57d6650a-7e53-4ebc-9c3f-b654f6dc2074,
8bcf77a1-3633-4b23-8eb1-99b892d83a1c,b3a32154-f60d-485c-bd2f-cf4300afdf17,5d3d1695-6e06-46c3-b0d0-c2f308c098c2,
2cd56a80-bfd5-42ce-a436-26e46e8c7e41,b3a32154-f60d-485c-bd2f-cf4300afdf17,5fbfaf7d-d0cc-4997-a7b5-7c844e3a950b,
e1f11f6c-d10d-4357-8427-545b26e63453,b3a32154-f60d-485c-bd2f-cf4300afdf17,6345b936-d364-462d-b8d2-765cfa005554,
8f69d011-9238-4a1a-91eb-14e4d5c7278d,b3a32154-f60d-485c-bd2f-cf4300afdf17,7d9db883-fc9b-455f-9cf7-c9ed3023277a,
dbbd7f03-2a86-46f3-bda1-1c70bdc4b904,b3a32154-f60d-485c-bd2f-cf4300afdf17,9d741160-a130-4abc-bd3f-42567beadb0e,
0720d0b2-2160-4862-811e-bf1e3e82884b,b3a32154-f60d-485c-bd2f-cf4300afdf17,a876ccfa-adac-480c-b9a0-4ee874b2fb33,
41f89bb8-0d23-4534-85b1-6fe3868eb547,b3a32154-f60d-485c-bd2f-cf4300afdf17,aad599dc-5cb0-4dca-8298-4bc3d81ba595,
3a135b11-00d2-4040-9a64-e562457737ee,b3a32154-f60d-485c-bd2f-cf4300afdf17,d76d9a5b-7257-4138-adad-c49e2263601a,
b666e772-fbf4-41b2-87fa-da8525219f18,b3a32154-f60d-485c-bd2f-cf4300afdf17,e563a8ad-71a6-45d1-8245-1dc1a3b7fc41,
6ba7384b-d855-47a1-b109-6040daeb6597,b3a32154-f60d-485c-bd2f-cf4300afdf17,ebd45846-262d-428d-a2ff-89a3a4870e42,
80be6349-07dd-41f7-96eb-01a8d308ad9e,b3a32154-f60d-485c-bd2f-cf4300afdf17,ec3a5047-feeb-4a84-b790-2eab2c66ced6,
2e09c545-1682-4c75-9df8-b080af43ab18,b3a32154-f60d-485c-bd2f-cf4300afdf17,edd28d8a-74b0-48be-9458-1f7ed2df52a9,
adb90127-e568-4793-a343-58af10b2e96c,b3a32154-f60d-485c-bd2f-cf4300afdf17,ef9c40c8-7063-42cf-a099-e3808980f79d,
05ef72a3-68f3-462d-9d53-416699de08a6,b3a32154-f60d-485c-bd2f-cf4300afdf17,f97a2ada-b813-42d6-b255-3ff511961d91,
94c75484-9b22-4e5d-a0df-7c047dc2ba34,b3a32154-f60d-485c-bd2f-cf4300afdf17,faec5822-cd89-4c31-acf9-00226ac0e26f,
dcd861cd-475e-478a-a474-9bc4a6123685,b3a32154-f60d-485c-bd2f-cf4300afdf17,ffc3c591-af6d-4b9c-acb8-28a39b176920,
74017811-1e6d-428c-bdf0-2d3e894a0ece,b3af57df-b9ae-432e-ad25-1fdb787b019a,03afe12b-d2b5-4ffe-9651-78500c0480ad,
9d6fa723-470f-46d1-8d78-f0c0592afbd9,b3af57df-b9ae-432e-ad25-1fdb787b019a,68c179bf-1032-49ec-85fb-e39022e53f41,
7ccd4ccd-01fc-403a-875b-9e1d48bc88eb,b3af57df-b9ae-432e-ad25-1fdb787b019a,6c372c17-1748-40bc-94db-1fb04c525d7a,
835c85d8-a07d-48a3-98d8-5229cded69a8,b3af57df-b9ae-432e-ad25-1fdb787b019a,8b76a5fd-04e7-426f-ad50-b4e079c656ef,
20c0ed98-1dc4-4c66-8a8b-6d564034731d,b3af57df-b9ae-432e-ad25-1fdb787b019a,b5687e47-d5aa-4e20-b87f-59d92f901141,
b2578061-874a-4db5-a9fc-d93b5ba82075,b3af57df-b9ae-432e-ad25-1fdb787b019a,b807a0bc-c200-4257-b113-47ebcecec346,
213b5699-2827-4482-89b1-2119c54cd2cc,b3af57df-b9ae-432e-ad25-1fdb787b019a,da5ba146-d684-463a-95ee-74469f48dfb8,
e156b673-d78e-48d7-927c-9d7a4969e26a,b3af57df-b9ae-432e-ad25-1fdb787b019a,f20a2752-e819-4231-9b91-7c4cb7256061,
4bd95170-dfdb-4f71-88a7-3677432eb89f,b3b01d76-2b39-4274-92bf-dc8fe6a8cbe3,00e55dec-a0ef-42bf-b0e6-428e91d15e45,
0c0ce53c-0e4c-4339-9bbc-6a2de78518b6,b3b01d76-2b39-4274-92bf-dc8fe6a8cbe3,00f29ad3-47de-4325-a421-c26050152f6d,
a334d1e9-4c37-4f54-9bc1-de5680e720a5,b3b01d76-2b39-4274-92bf-dc8fe6a8cbe3,09a55e67-4d32-48ac-97a2-4be0535d9126,
946bb634-9d4f-4dc4-ba3b-3c0ef9fcb45e,b3b01d76-2b39-4274-92bf-dc8fe6a8cbe3,0acce96f-4410-4ed8-8d11-4e52d8ad6042,
4fad9f9c-e472-4f1c-b04d-97ae2479d735,b3b01d76-2b39-4274-92bf-dc8fe6a8cbe3,0b44e7f8-b753-4a74-bf07-8c12b5789961,
d70b370c-155a-4cbf-a8f1-cadf11fdedca,b3b01d76-2b39-4274-92bf-dc8fe6a8cbe3,0bbb3d86-35b6-4e9e-a7b5-b3d17d4e7344,
31117b09-77c8-4479-8129-3f36e38eaa6c,b3b01d76-2b39-4274-92bf-dc8fe6a8cbe3,0c6bdba1-1928-4039-845c-54c87beddb46,
4c911327-4aad-4668-9f88-e48664f98398,b3b01d76-2b39-4274-92bf-dc8fe6a8cbe3,0fb5eeff-8ffd-4281-883f-e15eb510aca6,
cfe9c5c1-04a9-428e-b282-e515bf065a81,b3b01d76-2b39-4274-92bf-dc8fe6a8cbe3,110176f5-2407-4d02-a492-b896269eaf0e,
71676293-ac32-4f7f-91f7-35c136b18c2b,b3b01d76-2b39-4274-92bf-dc8fe6a8cbe3,116c77e8-f66f-4da1-aa57-c88ebe0dc18f,
19c90045-508a-4fb5-a86d-25e45da70c44,b3b01d76-2b39-4274-92bf-dc8fe6a8cbe3,14964919-bdab-4a09-ae5e-94e327752e00,
d8ee40b2-f5d8-4af7-a07f-0c0906975eef,b3b01d76-2b39-4274-92bf-dc8fe6a8cbe3,16100377-a3a0-47ce-ba42-403955e77ced,
05d3df69-415f-4585-ae70-aa5119bc7aa1,b3b01d76-2b39-4274-92bf-dc8fe6a8cbe3,18d80ce9-3914-411d-bb46-f138dc721ddf,
34d895a7-cd8c-4da6-b538-3126b4a4b5f4,b3b01d76-2b39-4274-92bf-dc8fe6a8cbe3,1f5a462f-a568-4ed7-a049-553ec23726e5,
7d56f2b8-2a50-4329-abac-d0df4b8641c2,b3b01d76-2b39-4274-92bf-dc8fe6a8cbe3,2215fddf-aefb-4a51-ab4d-f2f004157c4b,
34dfd981-b4e6-4552-acd2-9b7204f2f36b,b3b01d76-2b39-4274-92bf-dc8fe6a8cbe3,229d22c3-685f-48f9-ab36-6c98166e4335,
2663a180-c08a-4ac1-b97e-15a588eaad90,b3b01d76-2b39-4274-92bf-dc8fe6a8cbe3,320be666-d88a-4a31-a1a2-3d3ee3ee5841,
3ff3ebf2-e87e-46cf-a177-37f32ea21fae,b3b01d76-2b39-4274-92bf-dc8fe6a8cbe3,3ec5af18-b5b6-4fbb-bbf9-c215d309b8a9,
a7dbe468-d038-4931-b38c-6d31d0e03c51,b3b01d76-2b39-4274-92bf-dc8fe6a8cbe3,41cd476a-db38-4c87-b206-75b59a1ceb82,
4e9d4a62-f3ce-49d3-9d0d-fb44e0b467fb,b3b01d76-2b39-4274-92bf-dc8fe6a8cbe3,4a1bf1a2-e5c1-415e-acfe-36fb20b353d6,
269787b7-fe89-48fe-80ae-d4aca095de73,b3b01d76-2b39-4274-92bf-dc8fe6a8cbe3,4f00afc6-3de2-4355-90b2-f893b9893bf5,
49b16fc9-a9ef-4835-8b85-ba82ce815750,b3b01d76-2b39-4274-92bf-dc8fe6a8cbe3,54d168b7-8f6b-40ba-9796-3c007f2c83d9,
bac01a8c-11dc-4c7c-b825-b67883ddb26b,b3b01d76-2b39-4274-92bf-dc8fe6a8cbe3,56018412-1e80-4ef2-8711-f3e3b62dfc8a,
66ccdd64-b1e2-4672-8434-9519c0a4a62f,b3b01d76-2b39-4274-92bf-dc8fe6a8cbe3,595aff74-ef9f-4740-bdc0-065ef57067e2,
bc997034-a9da-45bf-bece-d020d09aef6d,b3b01d76-2b39-4274-92bf-dc8fe6a8cbe3,611b40da-30be-40d8-bf5e-aa4de60b2105,
4857c6f0-37f2-48a3-96f6-3c956028d438,b3b01d76-2b39-4274-92bf-dc8fe6a8cbe3,6bbba877-5890-416c-9a61-84be0c0c4e51,
210dfb21-4200-4d13-bdc7-9d6e468c1748,b3b01d76-2b39-4274-92bf-dc8fe6a8cbe3,702a9e6a-aeda-4d82-af6d-84f040eea9fb,
1385eb43-9768-4afd-bd33-9db8910c2c81,b3b01d76-2b39-4274-92bf-dc8fe6a8cbe3,7061a901-0e58-4192-8fcf-43dd460767c8,
76f561d5-0660-49ed-b9dd-b46c508a62b8,b3b01d76-2b39-4274-92bf-dc8fe6a8cbe3,74a1ca6a-99d6-49d8-989d-251007a3978e,
3ef251b7-0589-4a24-ae0d-f7ef1316d171,b3b01d76-2b39-4274-92bf-dc8fe6a8cbe3,82e7e587-4b20-4653-a5a8-3735107426ab,
fb22bbe1-7be7-4274-92cf-6cfe9c125de0,b3b01d76-2b39-4274-92bf-dc8fe6a8cbe3,82f7dca3-defd-4f8b-9d55-ca08272e9334,
75f36724-d79a-4468-a9c2-d93458d38b71,b3b01d76-2b39-4274-92bf-dc8fe6a8cbe3,84579870-b4dc-440b-bf32-34aa982c9d0c,
331793a8-9c9b-474a-ad97-987132a092d3,b3b01d76-2b39-4274-92bf-dc8fe6a8cbe3,856abd23-237b-47e8-88dd-cf48031a1734,
efb95d29-3d2a-4694-a7e6-8af7577a9c88,b3b01d76-2b39-4274-92bf-dc8fe6a8cbe3,86cc5e28-69b4-4534-a473-0064cc825458,
6c71af5d-194d-4ed8-ad59-78d522f8675a,b3b01d76-2b39-4274-92bf-dc8fe6a8cbe3,87c342a7-6cee-4313-a0fa-30e102f7922d,
fb759918-c201-4a85-8acc-6d5cd2997533,b3b01d76-2b39-4274-92bf-dc8fe6a8cbe3,8b3e9372-7105-470c-b848-9a2a0137136b,
b5a2920b-0977-40b6-98d1-1b4d21f1f5a3,b3b01d76-2b39-4274-92bf-dc8fe6a8cbe3,8d2597d2-d392-4eba-a8f5-9d552ee9d976,
42f3e9c5-dc40-48e3-91da-869e34e57997,b3b01d76-2b39-4274-92bf-dc8fe6a8cbe3,907ca31f-4fb6-4caf-a88b-30d1b9d15881,
ff4ebcb8-7a34-4e0e-b695-1e3fd8e1ace8,b3b01d76-2b39-4274-92bf-dc8fe6a8cbe3,90e0de12-5249-416f-bc59-5738a05fc7d2,
b4c50fa2-d380-4401-ad1c-1f3834ab8f0f,b3b01d76-2b39-4274-92bf-dc8fe6a8cbe3,923e68f8-0802-46ff-a5be-d414f177507d,
6a744872-9315-4ee5-9b17-52eb76709f23,b3b01d76-2b39-4274-92bf-dc8fe6a8cbe3,93c0834f-a0a8-42e2-b96b-03423550122e,
4d721a15-51f7-4ed6-96c3-ddb22a11f3f8,b3b01d76-2b39-4274-92bf-dc8fe6a8cbe3,93cc0ab3-0181-4a72-aba8-ff2576b554ab,
6e617ea3-a452-4113-b055-56750f758b4f,b3b01d76-2b39-4274-92bf-dc8fe6a8cbe3,9416f474-f21d-474d-ae25-770623f6384d,
679a345a-0477-4536-8b5d-3e31eea02c80,b3b01d76-2b39-4274-92bf-dc8fe6a8cbe3,964ffc02-1e99-445d-89e0-f097230b8664,
5a2a1591-2289-44af-b798-419351bacad6,b3b01d76-2b39-4274-92bf-dc8fe6a8cbe3,97ba6b5a-1644-4397-847c-b38e9dcaa387,
2c750a75-2288-44f1-81be-2b1e1e1baa34,b3b01d76-2b39-4274-92bf-dc8fe6a8cbe3,a05ce1ed-b864-49de-903e-b33cf1608fea,
6e1abd79-1288-4c16-8fd2-e3c3c9168c3d,b3b01d76-2b39-4274-92bf-dc8fe6a8cbe3,a273ff16-5915-4049-8693-9522cb133d21,
520ba863-6996-497b-93f9-7e50fe2fb276,b3b01d76-2b39-4274-92bf-dc8fe6a8cbe3,a481dcb9-b0df-4433-8ff8-375ccae2b8a3,
f574640e-6147-4615-86d2-57e53e275ab6,b3b01d76-2b39-4274-92bf-dc8fe6a8cbe3,a4e7eca4-bb78-4c0c-b2c7-5f0f7fe83143,
ee37dbb3-f3de-4877-8b68-b93d31c49320,b3b01d76-2b39-4274-92bf-dc8fe6a8cbe3,a62fe5ed-aa01-425f-8159-e05268cee9b6,
7867e930-3edf-431f-9da1-5220a98bce66,b3b01d76-2b39-4274-92bf-dc8fe6a8cbe3,ab6b62c8-fe9f-4ec9-90d7-223ad2911a6d,
7143d6c1-03ce-423a-8632-c1d7aeb001ad,b3b01d76-2b39-4274-92bf-dc8fe6a8cbe3,b3544983-1ac7-488c-8692-b3095fc304a3,
32ab75c0-eff2-4765-af60-b77212ad0bee,b3b01d76-2b39-4274-92bf-dc8fe6a8cbe3,b63d76c7-1a5a-4a2a-a5e4-c93db7ce89e9,
fc8d4927-7c55-4487-9880-b5dad31b4c81,b3b01d76-2b39-4274-92bf-dc8fe6a8cbe3,bad0a4d3-f66a-4e89-b87e-f6072076d638,
4994044e-cb89-453e-a1fd-62c272a6c11d,b3b01d76-2b39-4274-92bf-dc8fe6a8cbe3,bf6f9336-8221-45cd-800e-4824319e0131,
2e204c0e-a6a7-4606-95e9-56a689527f82,b3b01d76-2b39-4274-92bf-dc8fe6a8cbe3,c0a33804-045f-4a64-8739-3a0cd68eb51d,
5986a016-7380-43fd-89c4-e05bc7dda054,b3b01d76-2b39-4274-92bf-dc8fe6a8cbe3,c5b13e3b-65e6-4aca-95f3-a1b106b7aae6,
46f7f681-55ba-4993-8b9b-424683b02b1d,b3b01d76-2b39-4274-92bf-dc8fe6a8cbe3,c7e77023-fd04-4c18-9815-85c59d03106e,
4d4feae0-8fc9-46fb-849a-76534950914e,b3b01d76-2b39-4274-92bf-dc8fe6a8cbe3,cd560e43-f775-4717-aec7-443b72ca4cd5,
dc7fa7ce-1782-4dfd-a71f-c474bd033c64,b3b01d76-2b39-4274-92bf-dc8fe6a8cbe3,cdadb96d-d4a7-4e1e-b8a3-03a3b65681a1,
c370f285-6b98-4be3-a9bd-f0755fd882f1,b3b01d76-2b39-4274-92bf-dc8fe6a8cbe3,cf3592a8-8b7c-423a-9761-f728c74d0e05,
3025de42-5a91-4dc7-b5b5-74dadccd4ef2,b3b01d76-2b39-4274-92bf-dc8fe6a8cbe3,d327695d-d749-478d-b116-f7d27bbef5fd,
c01cce2c-516d-4eea-81dd-08566284d37e,b3b01d76-2b39-4274-92bf-dc8fe6a8cbe3,d53a950e-bee4-48fa-aae8-6eac904138f7,
132b6dd4-d46e-446b-912d-350b9d25d7f0,b3b01d76-2b39-4274-92bf-dc8fe6a8cbe3,d5f0626f-d932-4db2-9cc0-00b39df07bc0,
c537974b-3911-4533-9421-fa6e93f431e9,b3b01d76-2b39-4274-92bf-dc8fe6a8cbe3,d9efd812-5991-4a0e-aef2-a33da1052ed4,
5f8a577a-3df1-4c9a-836c-9cb65ff3ec87,b3b01d76-2b39-4274-92bf-dc8fe6a8cbe3,db52fc2b-954a-41d2-9aaa-f8659c8cdc86,
56c4a190-4db5-4cae-9ce1-fadfadb1184d,b3b01d76-2b39-4274-92bf-dc8fe6a8cbe3,dc3c5b16-2277-44c5-bac4-5eba1ee8f346,
765ad691-1965-4fa5-bd5a-85f96f4cc8ec,b3b01d76-2b39-4274-92bf-dc8fe6a8cbe3,eccc75da-529b-4782-9ab9-42564d4cd068,
6453fae5-3750-420f-a645-17d58f70dda6,b3b01d76-2b39-4274-92bf-dc8fe6a8cbe3,ed230064-1df4-4b94-adeb-2587717a9690,
1b8c4dcb-4719-4d73-9af5-c207b56fac54,b3b01d76-2b39-4274-92bf-dc8fe6a8cbe3,edd69ddf-18cb-4b2c-8780-373dadb737d9,
df4aecd3-e53b-4b71-ab36-e59f9d211cf7,b3b01d76-2b39-4274-92bf-dc8fe6a8cbe3,f14e579f-6d85-4ba3-8fe5-e677bf99ab1f,
1b3ded23-64d9-4316-989a-d8781ebacd14,b3b01d76-2b39-4274-92bf-dc8fe6a8cbe3,f403b181-c79a-4154-919c-32f2e264cd04,
cbe522b8-49a1-4b00-a672-e7adb235de43,b3b01d76-2b39-4274-92bf-dc8fe6a8cbe3,f452b471-1760-458e-86a5-425cd32f6423,
4a8b1e05-14b0-46b2-b84b-92b343011c6f,b3b01d76-2b39-4274-92bf-dc8fe6a8cbe3,f46ae491-a68d-4376-9901-3e561bb8c867,
6e2c36c1-06b7-4b12-a8e8-61a016b80650,b3b01d76-2b39-4274-92bf-dc8fe6a8cbe3,f6c99b37-03ee-4539-889f-8c65f0e2cc19,
d45f0366-3857-449a-8ad0-696d5f58740a,b3b01d76-2b39-4274-92bf-dc8fe6a8cbe3,f7d73166-52ff-4358-b428-c7f0d90b5523,
e3ce766d-04e5-493b-8fc0-caf6b9891d66,b3b01d76-2b39-4274-92bf-dc8fe6a8cbe3,ff214b95-0cb2-4bf4-ad67-7ff03a5fc6f6,
aa3e5c8e-dc09-4e67-8e76-c63d3bbdaece,b598f9e7-7edf-42a8-8f99-a406f01b52b3,141df44d-695f-4464-802a-d8fb7a6be534,
d736dd55-924d-4bab-a082-e1b0fe514aa8,b8b15c9d-d4df-4eb2-9bb9-9d072ea05436,a022ebd7-76cf-4428-a928-e75a6d9fed3e,
085bdbb2-6219-41c8-9444-1328c73f92a6,b945aa6d-9bd8-44ac-84d4-94e422e887f0,0c2635d0-d918-4273-a3c1-1dc8a0113e94,
ea69e6a0-852d-47be-916b-14f3b2d0d200,b945aa6d-9bd8-44ac-84d4-94e422e887f0,1102cdab-1cee-4bc2-8cff-973c3100851f,
5bb2e9e0-3c50-4c90-b7da-b0b3574e7c0f,b945aa6d-9bd8-44ac-84d4-94e422e887f0,36f1b895-13bf-4aca-a133-fef785bbc3d0,
0c2b6ed1-858a-4564-9a6b-0f6c375ecd9e,b945aa6d-9bd8-44ac-84d4-94e422e887f0,37849043-4a2c-410d-976d-0cc5bce576ee,
27b56780-8d3b-49e6-a9fd-29c66273c3a1,b945aa6d-9bd8-44ac-84d4-94e422e887f0,419c4bc7-ca07-4d22-8855-cfe434fb4fc0,
021f8f5d-d148-46e2-82be-434755034a25,b945aa6d-9bd8-44ac-84d4-94e422e887f0,4a8aecda-cb09-4fa7-9b97-8c0ec1eb3c2b,
4c5e51f6-ea36-4890-9024-38f8b7ad3813,b945aa6d-9bd8-44ac-84d4-94e422e887f0,567e7fac-bee6-41d3-bd77-a433be659f00,
1a330f06-8e65-4c61-a5b5-953acac41885,b945aa6d-9bd8-44ac-84d4-94e422e887f0,596e7ba4-23c8-4396-aec4-257ee118cbc1,
12883b1c-9ec2-4b71-9634-d01454cdf947,b945aa6d-9bd8-44ac-84d4-94e422e887f0,5cd4b7e9-e879-4558-80d0-33387474ec4f,
1fdb4104-b532-4511-a8a1-0f6a4ef3c945,b945aa6d-9bd8-44ac-84d4-94e422e887f0,6eb533fa-d3d0-45a9-895f-09ca94718933,
486057cb-2b4e-49c5-860b-284aadf4f36c,b945aa6d-9bd8-44ac-84d4-94e422e887f0,781273bb-74a9-4dce-bd84-ebabba146733,
4a5200e4-eff5-45c3-b8b7-19dbfffeff03,b945aa6d-9bd8-44ac-84d4-94e422e887f0,7b11f2bb-d4d8-455a-83d8-783ece1e1eb0,
c01a342a-e887-4645-8f99-c03b9b182708,b945aa6d-9bd8-44ac-84d4-94e422e887f0,81b383a4-f114-46b2-bd70-4db5b70afb17,
7e92744a-0769-45e3-9069-ac33035da3b4,b945aa6d-9bd8-44ac-84d4-94e422e887f0,9e22f0b2-af9d-4ef2-959c-aaf46e88b075,
d02cb7da-b205-4c7f-83ef-6203c558167c,b945aa6d-9bd8-44ac-84d4-94e422e887f0,c3b967e0-8be9-48ff-9e24-411f710de7b3,
91ce5d47-8436-47d5-b739-02cb5a7f2ef4,b945aa6d-9bd8-44ac-84d4-94e422e887f0,c5eb4ac9-fddd-48fd-ad79-0dbacaec0028,
7333daa5-0a54-459e-b27a-d211236b6219,b945aa6d-9bd8-44ac-84d4-94e422e887f0,cbf63f7e-cef3-46e9-b175-1b41b5f43802,
e956b6f2-b71d-4b4d-8df7-fc7cb5b17cf8,b945aa6d-9bd8-44ac-84d4-94e422e887f0,cf60d8ff-8b6c-413b-8326-62f80993281c,
58e6ad90-fdd0-4103-982f-d6c72ecb3593,b945aa6d-9bd8-44ac-84d4-94e422e887f0,d093a1e9-940f-4b72-a810-b6114424d7fd,
ec96b411-400c-410d-b54b-c0d80ddeff0b,b945aa6d-9bd8-44ac-84d4-94e422e887f0,fc5be04c-20c3-4ad9-b16d-311ff533b7b0,
fa633cf5-f07e-4183-a766-fea09f65e4e4,b9deb814-9807-4ee5-83d2-8a08abd72f31,07599d57-42fb-47a9-95ed-319a636fed50,
579adbaa-e226-4e1f-a1b2-2ab97596d4c8,b9deb814-9807-4ee5-83d2-8a08abd72f31,0ad83bc0-8cdf-4fdc-ad6b-4625075047a7,
0f149731-654f-4a9f-b481-53c406b35bb1,b9deb814-9807-4ee5-83d2-8a08abd72f31,0b351e17-b2e1-4fbc-a57b-3f0a18a503b7,
291b02df-8f33-471f-8b4c-17cc1f7223f9,b9deb814-9807-4ee5-83d2-8a08abd72f31,0e60c029-03b3-43df-a3b3-7bba90c643ea,
46e94fd9-00cf-4ea1-a919-77e8e2112201,b9deb814-9807-4ee5-83d2-8a08abd72f31,0f5e4e35-7962-494b-a4a7-864ef8b1a042,
8ad1f642-dae9-41fd-b073-6a38d223e4d8,b9deb814-9807-4ee5-83d2-8a08abd72f31,11ce9ab3-083b-4822-8f24-2dd9fa0def4e,
7741be1b-a2f4-4bc3-b009-b977b6680a1e,b9deb814-9807-4ee5-83d2-8a08abd72f31,13ade7d1-0918-494c-9893-e4be411aa9e6,
d48e24ae-ed48-44d7-9b65-a17ce3f81dd0,b9deb814-9807-4ee5-83d2-8a08abd72f31,143f05dc-cddc-46fc-984a-1baf9db8fd6a,
1250031c-dbd1-41fc-b448-e1b70963ae7b,b9deb814-9807-4ee5-83d2-8a08abd72f31,1ab57155-bcec-4c57-8779-18f33bf6ce98,
18be1229-b90e-42ef-a226-de1866f69141,b9deb814-9807-4ee5-83d2-8a08abd72f31,1ea0774b-b2c0-4393-9982-c14bb36850d0,
3ab53c19-2ead-4fdf-9fb0-daf09aa9b1e1,b9deb814-9807-4ee5-83d2-8a08abd72f31,20e56676-9f9f-4ca2-b4fb-a703313c1ab3,
2169450b-a672-467a-8ea9-53c16cd581bf,b9deb814-9807-4ee5-83d2-8a08abd72f31,27bda4c8-ca08-422e-a56d-8e0b98179615,
b202377f-a4b3-40a0-931b-cf4999776110,b9deb814-9807-4ee5-83d2-8a08abd72f31,3929fc13-4373-4b2f-9363-a430f57b780c,
3dce896f-3ef9-40fe-8863-9ec7d3720a8d,b9deb814-9807-4ee5-83d2-8a08abd72f31,417045af-73a8-46fc-9a63-17f3a9b28b59,
3383bdd2-97ed-4f48-b5c8-5ddc728eedcd,b9deb814-9807-4ee5-83d2-8a08abd72f31,429d13a7-e34f-462b-a543-af566a322a66,
bd4748f3-d34b-4bee-90ef-3ce78cc7ce52,b9deb814-9807-4ee5-83d2-8a08abd72f31,48901afe-b794-4989-b7bd-260c3e1a1a84,
d48c1edc-de9f-4d62-a642-30460d6dafff,b9deb814-9807-4ee5-83d2-8a08abd72f31,49227f24-397b-4051-8dc9-6773dfe8dd25,
b0a658bd-3adb-494e-b694-4fb2d80cdeee,b9deb814-9807-4ee5-83d2-8a08abd72f31,4de1aaed-8475-442c-b4b1-67b2e53f916a,
afbf98a3-e60b-4fbe-bd72-7d0fdc250b27,b9deb814-9807-4ee5-83d2-8a08abd72f31,52760272-c56f-473f-a0b6-168d9d971942,
4bbd142d-3268-4768-9e5a-1b0e5e726af9,b9deb814-9807-4ee5-83d2-8a08abd72f31,612784de-c3df-4abe-a3fd-b945d76f9f9a,
d7e92ac9-67ad-40be-8179-5fd12e4a2480,b9deb814-9807-4ee5-83d2-8a08abd72f31,621e2c60-21a5-4831-8178-8dcfa5e87dc3,
f91f1b46-e2e0-4514-a1fa-5c80242953f2,b9deb814-9807-4ee5-83d2-8a08abd72f31,62cea99b-1c0a-4aee-b6a3-051db074e587,
1c1ebab5-9d62-488a-a91a-445542b8a672,b9deb814-9807-4ee5-83d2-8a08abd72f31,65796a02-88e5-4650-9fa7-941547104e82,
f3a5db6b-4dc2-4699-a7a8-f356e2b5cb41,b9deb814-9807-4ee5-83d2-8a08abd72f31,685d0270-7da0-493c-97f2-a6da2111dd03,
13476f5b-4f8a-423d-b35a-c7f5a830da42,b9deb814-9807-4ee5-83d2-8a08abd72f31,85f2a421-459b-4145-9332-b70d87c23e88,
c12df517-c822-4bcf-9272-795de1d96440,b9deb814-9807-4ee5-83d2-8a08abd72f31,8f2419d9-6da8-4587-adf5-2078ffccaf56,
5e98ae77-fe58-4727-8cb6-9a63c1fe451c,b9deb814-9807-4ee5-83d2-8a08abd72f31,948d4ef4-2d8e-4b0d-944c-37ea1ced8868,
070f499f-6841-4fe5-987b-3c7afa72056b,b9deb814-9807-4ee5-83d2-8a08abd72f31,99369bd1-3ecf-4540-8193-1644c4dc7439,
2a8755e7-996d-4553-8c21-3a4918f158e7,b9deb814-9807-4ee5-83d2-8a08abd72f31,9fe8d53a-7e19-4015-b951-9e1c07bc0978,
b20d6dc9-cac7-44af-b74a-05e4bdd84abb,b9deb814-9807-4ee5-83d2-8a08abd72f31,ac578e08-b136-46a5-a318-d18327a63f96,
8dc0d640-6a5f-465d-984f-b8b551ff1c8a,b9deb814-9807-4ee5-83d2-8a08abd72f31,b4a6b999-bd43-4c08-9e58-039d0d9450de,
c1608c20-7804-4a1e-b9af-279fef908267,b9deb814-9807-4ee5-83d2-8a08abd72f31,b522baf7-f618-4a2a-84da-afd886eafbda,
c17ce5ae-3a97-476e-9ade-9acfe2f6c032,b9deb814-9807-4ee5-83d2-8a08abd72f31,c3fa43f9-4648-4ab4-9de4-2f78bdd29b6b,
cdc77928-9266-4b7d-92f8-844ddab48a2f,b9deb814-9807-4ee5-83d2-8a08abd72f31,c623fa99-044f-40c2-9089-11aa243dab93,
ab891f14-3ae8-4034-90f8-1a8d71ebb44e,b9deb814-9807-4ee5-83d2-8a08abd72f31,cd85be06-71cf-458e-8b6f-07a8265fdc19,
c4d981bf-8c6f-40e6-b6d0-1b899c08c1a8,b9deb814-9807-4ee5-83d2-8a08abd72f31,d1bfcd7b-8fd9-4c3b-857f-2c7916af382b,
726899cc-ac6f-40a3-8968-f7cddc3a2484,b9deb814-9807-4ee5-83d2-8a08abd72f31,d2d4308c-bf56-4476-b993-1b885d3b5ecd,
5ac09767-54ff-49e9-b84d-59e72cbbe9bb,b9deb814-9807-4ee5-83d2-8a08abd72f31,d787890f-c62a-40a1-a2ce-b6f0f5071952,
2cfde0af-ef33-46ee-8641-effde9acb5c1,b9deb814-9807-4ee5-83d2-8a08abd72f31,de09f738-bfff-4022-8b9e-730f6d6796b6,
1d35f310-e57e-4239-8c88-efc906412274,b9deb814-9807-4ee5-83d2-8a08abd72f31,dfa2d2cc-e018-4dff-9e9e-8002da8b5e74,
39fdcff1-4e9c-480f-9af2-3e212be815a4,b9deb814-9807-4ee5-83d2-8a08abd72f31,e3439ab3-3fad-4406-8e0f-5ec151bcd1d8,
a5877c02-8a20-4dda-9a68-0176f84ad94a,b9deb814-9807-4ee5-83d2-8a08abd72f31,eaa0467d-b8f2-49e9-88fb-ed34316cf143,
72bb1009-e499-484f-883b-b3e4187ab7ab,b9deb814-9807-4ee5-83d2-8a08abd72f31,ee2faa56-42e7-4e00-9393-6028892d2caf,
a42dd397-481e-4412-8937-b582235a1911,b9deb814-9807-4ee5-83d2-8a08abd72f31,f0cb6be7-1373-4910-a0ff-fcf6a6996e91,
ea9fa5a6-2c1a-471d-a760-99b550153b47,b9deb814-9807-4ee5-83d2-8a08abd72f31,f2a1ce0c-a3e2-4c4a-9ea6-7f1f60eca58d,
ddfdf846-2c11-4921-8274-0e65989d8231,b9deb814-9807-4ee5-83d2-8a08abd72f31,f76c4db1-cb38-4114-83fd-481f9f35776c,
a6c82b75-f2a6-474a-9df4-d4c4e37c983f,b9deb814-9807-4ee5-83d2-8a08abd72f31,fc51519a-091b-453b-8dce-63eb074a5be2,
434849aa-6eee-4e27-9f03-3fdd839f3ecb,ba6165c4-a9eb-4862-ad39-9f04eda43fa3,5e71c45f-722f-49e1-b355-e18adebd2ea9,
ab96ab12-29c9-4a19-8e3c-7f167c65dab1,ba6165c4-a9eb-4862-ad39-9f04eda43fa3,63747113-815e-42f0-a92d-0ef12cc31b8a,
d99a1188-e9af-4a75-a8f7-206b24a54fe3,ba6165c4-a9eb-4862-ad39-9f04eda43fa3,63a3f6fd-54c2-47f4-9fff-8403d4e1d199,
5ecf17b9-f3b7-4db4-b07f-3921c1c90f18,ba6165c4-a9eb-4862-ad39-9f04eda43fa3,a25000ca-f5e3-4049-b91b-37ec5e443f0a,
62b9fb5e-e810-4555-a327-87a4ba57046e,ba6165c4-a9eb-4862-ad39-9f04eda43fa3,a57a185d-1251-4778-9ad3-f7583c008441,
3b0ef23f-fa45-4387-97c3-0999ba6c0265,ba6165c4-a9eb-4862-ad39-9f04eda43fa3,f36ba396-0b5b-46ee-8200-90b4010d4d0d,
ccd928d4-d7df-4e84-941d-0948d3c8abb0,ba6165c4-a9eb-4862-ad39-9f04eda43fa3,f8109fc1-5651-4efb-99a5-3c7252918a1f,
a0a27ef9-646f-4159-9971-154247ccef55,bbc9717c-877b-4b45-97ca-37094e81106d,2f55d66a-a4cf-42f9-ab86-68b88d8d2dae,
716ef18d-6267-4af2-a7dc-d6d4143686d9,bdb3272d-8739-4076-8745-2e60fa2dbb45,049fa80b-b580-4a0a-894c-1018ffb4c4d6,
50752b69-b9da-4a7a-a611-ae185eac572a,bdb3272d-8739-4076-8745-2e60fa2dbb45,205520c5-1ec5-4e84-9077-cec7e8902c45,
3646a4f4-2409-4a78-a1e2-381954d989d7,bdb3272d-8739-4076-8745-2e60fa2dbb45,2a827468-6cd8-49b2-ad04-b94e4816a300,
51c6ac72-30b3-4e08-b7e2-49b8215c5385,bdb3272d-8739-4076-8745-2e60fa2dbb45,2a838ac9-e948-4e2d-8517-b5ce9bbb2b17,
0a29bc50-8755-41ac-9804-0045038bc5b8,bdb3272d-8739-4076-8745-2e60fa2dbb45,38c69a93-dd32-4dde-9dcc-47525e9e3e09,
ebed8438-a2d8-485c-9ac7-7443a9a481e1,bdb3272d-8739-4076-8745-2e60fa2dbb45,3fa7a220-fe12-415f-9f38-66fa66ac4710,
c06cc96e-7eb8-495f-bb19-e0f541e468e6,bdb3272d-8739-4076-8745-2e60fa2dbb45,43d19e5d-700a-421a-bdb1-b07583b6a0ae,
f292f778-331a-40b0-9b6a-74fe994cb319,bdb3272d-8739-4076-8745-2e60fa2dbb45,4c00293e-7ada-4eaf-97e9-7eb1525235d4,
24b3dac5-2995-41d7-ac96-693fdae1e370,bdb3272d-8739-4076-8745-2e60fa2dbb45,51038a11-a0e9-4cce-bbbc-2403dae1fc9b,
4fd1239c-078a-4e09-b369-62859e7b5580,bdb3272d-8739-4076-8745-2e60fa2dbb45,55022f0d-b1a8-48f4-a822-1c5033c1edbf,
5e785465-d495-4f47-b659-9dc19eb161f2,bdb3272d-8739-4076-8745-2e60fa2dbb45,553a11d6-32d4-4ec3-9965-221e4aacb6c8,
94755813-19f4-4cc1-baf0-ca5efecc2663,bdb3272d-8739-4076-8745-2e60fa2dbb45,6813a999-4a25-4f22-8590-ebbc79742c02,
31fd249f-ff99-4439-b3be-f79e05aa8274,bdb3272d-8739-4076-8745-2e60fa2dbb45,6b8a7a2d-b44b-4f20-8851-f2fa910492c5,
8a2b48d3-358f-4187-9662-1faa62da7962,bdb3272d-8739-4076-8745-2e60fa2dbb45,6cdd8dce-d2f6-408b-9466-039ddb89a79a,
1b6d151c-04ec-43b4-8cae-c54572a5fb75,bdb3272d-8739-4076-8745-2e60fa2dbb45,7b109f47-9062-407f-abc3-92a7c9d48b05,
1a06fd5f-b02e-494a-9b0b-81f6a8239aae,bdb3272d-8739-4076-8745-2e60fa2dbb45,7c989b42-2df8-4a7f-b893-00718d99b7f8,
9e406fb5-337a-4983-855c-09e6b7e0af34,bdb3272d-8739-4076-8745-2e60fa2dbb45,7d1f6df1-892f-44cc-9f50-4cbd15c7098e,
aa8f7f4b-263d-4b8a-a739-156b3ecb8873,bdb3272d-8739-4076-8745-2e60fa2dbb45,7f9476e1-db38-4cd2-9b73-a6b150a359ca,
9cad331f-b3ff-46f0-9e76-c0a680866179,bdb3272d-8739-4076-8745-2e60fa2dbb45,83e84c2e-b6f2-4395-b30e-b080a8c113ce,
921b9a8b-a79a-4f6c-bddd-ebb272e71bba,bdb3272d-8739-4076-8745-2e60fa2dbb45,89f9781d-9cc9-4e7a-a030-82e627d3e971,
240a8232-0457-4fd2-9f54-1155025b243b,bdb3272d-8739-4076-8745-2e60fa2dbb45,8ad90ba7-bd41-4bf0-a211-da1e6418469f,
6837149e-49c5-4695-b67d-07b3c44a6383,bdb3272d-8739-4076-8745-2e60fa2dbb45,9d4995e4-b953-482a-a190-f2c2c753bd20,
28eeac20-d2e0-42ec-bc53-45bb6ab233fe,bdb3272d-8739-4076-8745-2e60fa2dbb45,9e69eefd-6d7a-4961-9309-159191eea8af,
77673f51-8ec6-4c9c-8921-04684e0f0b05,bdb3272d-8739-4076-8745-2e60fa2dbb45,a28eb6c3-e395-4d85-a6e6-d8c025c8e19c,
c45c3574-5806-416d-8feb-0b8db776ed43,bdb3272d-8739-4076-8745-2e60fa2dbb45,e107733f-596b-433d-964d-37ab31e23ceb,
d81dceba-6125-4432-a39f-f0b1f4f2b7db,bdb3272d-8739-4076-8745-2e60fa2dbb45,e8b47cf3-1c3f-4e8e-b1e8-65caf95bc647,
01bfd3f3-930b-4ba1-babb-2c413d7939c7,bdb3272d-8739-4076-8745-2e60fa2dbb45,ec9c0bc7-0a56-4405-b8ba-36e85035abdb,
86c73def-a2fd-429b-9c73-ad90121db27b,bec6e31d-0b03-4328-9deb-3c4b74dff665,39d27530-6119-43e4-8e0f-80216e3924bd,
131ed45d-d893-4202-8e0a-53fd00229703,bec6e31d-0b03-4328-9deb-3c4b74dff665,3b546874-40b2-4d61-ac17-b28f34a6ae8b,
634ce8d4-4c27-40f9-918b-0bf3d926d454,bec6e31d-0b03-4328-9deb-3c4b74dff665,559930a1-f529-40cd-9f90-f387e619aab3,
dc826278-2b6f-43c6-8c94-4dd5cf225768,bec6e31d-0b03-4328-9deb-3c4b74dff665,5b1e1b4b-9ba4-4c9b-894f-b620f49892ce,
5d85eb6a-82d9-4509-a9be-f64df1c6966f,bec6e31d-0b03-4328-9deb-3c4b74dff665,5b72141b-1edd-4e1d-864a-f3892afa92db,
ca437cac-200b-4d6b-a4f4-c5980ec935fd,bec6e31d-0b03-4328-9deb-3c4b74dff665,641531e6-15d6-4ca4-a744-3266bea96a65,
08b497e6-63d5-4b56-b215-c8ea38204989,bec6e31d-0b03-4328-9deb-3c4b74dff665,7ee94b9a-9697-4089-bf39-4710e90e03f1,
505ba043-0db1-424a-8f76-d86a05552a90,bec6e31d-0b03-4328-9deb-3c4b74dff665,93786ea0-5e71-4c66-88eb-d7e453180e27,
b7379af0-9497-4d63-af45-a5f743b5148d,bec6e31d-0b03-4328-9deb-3c4b74dff665,c8f43f83-d7da-4a5c-a0c8-ae099aedc9fb,
2ecb3a50-d750-40d9-96dc-7af969e35b75,bec6e31d-0b03-4328-9deb-3c4b74dff665,f39ffd4c-58e7-4b02-8fff-a257b704f01b,
315c1567-8de5-4c3b-9668-b6fcafeb1a54,bed5ce31-3eae-44be-ac17-2957d8801767,05c33f2f-7cea-4e89-a5e1-bef796e8f3ed,
f67f8ded-4623-49f4-bfc5-0497f73012c7,bed5ce31-3eae-44be-ac17-2957d8801767,0b2f89df-92ce-4b60-ae81-750c83bca112,
ecfcb912-7888-403b-beea-c86c8a6ff465,bed5ce31-3eae-44be-ac17-2957d8801767,149a0f01-ef28-4bb9-a611-e498c9549232,
0ce933e5-b2de-4655-8fb6-b16849cba465,bed5ce31-3eae-44be-ac17-2957d8801767,16ebea77-be0b-4ae9-87f1-55c7e86a9e53,
0bd9f70e-410c-4921-a4b8-0fd607bff911,bed5ce31-3eae-44be-ac17-2957d8801767,18b255fb-3ca2-48a4-a924-ddc75da96ad9,
83431e0c-cddc-498c-878d-352fca921b4f,bed5ce31-3eae-44be-ac17-2957d8801767,19cbe56f-824c-4e36-a5a7-fcbcc93795ef,
46967d96-55c6-4ee6-a31d-23c5e2022326,bed5ce31-3eae-44be-ac17-2957d8801767,1a490d10-11f4-45d4-920e-90818c10f9dd,
a0f871ee-7127-4bad-867d-cff7e030b859,bed5ce31-3eae-44be-ac17-2957d8801767,1bd08b4d-d98b-4911-a5b3-3b063c4e9a51,
c7ee8ea9-016e-4cf4-ac25-8a6a5d68c625,bed5ce31-3eae-44be-ac17-2957d8801767,32476c1c-374e-4966-97cb-9d48af2961d0,
58d3445c-8aa4-4d0e-b87a-92047f566301,bed5ce31-3eae-44be-ac17-2957d8801767,49a7d763-881f-4122-a843-07fe3bdb78d3,
309e45be-2d43-4d76-9326-deceeadcfed2,bed5ce31-3eae-44be-ac17-2957d8801767,4a7800b8-aa4d-4765-b350-decb547b4ac4,
087bdeb9-3e5a-4339-81a7-f6254d745c04,bed5ce31-3eae-44be-ac17-2957d8801767,50446115-42c0-43b6-a275-5e1bb9ad46e1,
48eafbdd-05be-465d-a7c1-b8bc4b9e0fee,bed5ce31-3eae-44be-ac17-2957d8801767,59a9cce3-4d8e-4b9c-bd0e-e2d095d186f6,
762e5622-69f5-4d9b-9a71-95b58b2cb92d,bed5ce31-3eae-44be-ac17-2957d8801767,5a599c4d-52c2-4b15-932d-f4227acdcf99,
b0db21c0-06dc-4a66-9c12-f6f7716ea314,bed5ce31-3eae-44be-ac17-2957d8801767,5d5423c2-c837-4e70-a11b-88c49e97c2f3,
e6908dce-9381-4796-9f14-cdeef9d98f91,bed5ce31-3eae-44be-ac17-2957d8801767,6d4fbbcd-6165-4e52-9b64-8ea00468d43e,
56ed0d27-f218-48d5-a261-c52674164564,bed5ce31-3eae-44be-ac17-2957d8801767,6ea947a5-0b04-4286-ba7d-4f4fe162ab28,
5e867004-d0ec-4125-bac9-77affa8f1613,bed5ce31-3eae-44be-ac17-2957d8801767,85c601ea-e877-4e3b-94d5-e9b849eec475,
17e765c1-509a-4517-b5ab-f1b2c5daead9,bed5ce31-3eae-44be-ac17-2957d8801767,8f154315-1ff4-4dfa-867e-8eb6bc075332,
17c0dedf-6f2c-413b-af3c-8cab1a4c7db1,bed5ce31-3eae-44be-ac17-2957d8801767,8ff4c322-b925-4ee9-8145-72e6a81a2221,
a78fdcbe-29e9-4eed-92e4-53f6567a94e3,bed5ce31-3eae-44be-ac17-2957d8801767,a25ab2b5-b2cc-45e9-b25c-c1ae908b80d2,
4606ff9c-a75d-4cc2-8efc-60048694252f,bed5ce31-3eae-44be-ac17-2957d8801767,a4030b16-d7f3-4df1-8820-a0b125366f6b,
65d88efa-9983-4fc0-88ec-51221a62e699,bed5ce31-3eae-44be-ac17-2957d8801767,a64d25eb-7803-4a8a-bd58-2859c6baf88e,
849b2996-55a3-49c9-9662-d9aaafaae3de,bed5ce31-3eae-44be-ac17-2957d8801767,b2e918f4-2e3b-4b07-a807-7707b925eb9c,
c6713428-285e-40ea-988b-79eb9289f54c,bed5ce31-3eae-44be-ac17-2957d8801767,b33f1c08-7001-4a80-a808-a1d025c6d62f,
cbba4a47-1895-458d-baa0-54939c9d5a57,bed5ce31-3eae-44be-ac17-2957d8801767,c00a3f92-7ebc-4726-b723-f339315629a0,
ed74930a-f350-45f4-83d4-2c5dbb86271c,bed5ce31-3eae-44be-ac17-2957d8801767,cf491973-5d89-4eee-bc33-9ae2557a815a,
fc2af45b-7cdd-4717-af0e-486d373bacac,bed5ce31-3eae-44be-ac17-2957d8801767,d3ee8f70-c635-4ce1-a2f4-ec47dce87211,
17f41496-aa34-41f4-adb1-69fb0ce1fae6,bed5ce31-3eae-44be-ac17-2957d8801767,d8fdebca-a328-43ef-baaf-4446cf8b9308,
1ea3f41a-c561-43a0-8a93-bdf68d71f112,bed5ce31-3eae-44be-ac17-2957d8801767,dcc0548a-1762-4678-b2a7-cb0a6c0f8712,
3ca974df-6ecd-458c-82b2-5cf5bc155aaa,bed5ce31-3eae-44be-ac17-2957d8801767,de6f0f8b-7726-4ad3-b9a8-cb4b2936bf1f,
c1337a14-d173-49f3-9cbc-86b44fa425d0,bed5ce31-3eae-44be-ac17-2957d8801767,e0c97838-1375-42b5-8e86-79bea583d6f3,
d04bd2a4-9b32-4780-b47d-b6a29c9091fc,bed5ce31-3eae-44be-ac17-2957d8801767,ec2f8b92-0b06-4a52-8654-e227dbc26c4a,
17a6e598-62a6-4300-92bd-08b631f22023,bed5ce31-3eae-44be-ac17-2957d8801767,edc9fc56-40a4-4ac2-a1c3-af1a37176d43,
63a8bcde-1100-4efc-a060-7dff9f0ec071,bed5ce31-3eae-44be-ac17-2957d8801767,f4c73cb1-54da-47a4-b18f-69e5cb5fd21f,
d3126665-e841-481d-b0c7-b00adc893377,bed5ce31-3eae-44be-ac17-2957d8801767,f60c3c46-995a-448b-9135-44724d97b468,
d5b4d6e3-c6c0-46c3-8444-a81d20c7e400,bed5ce31-3eae-44be-ac17-2957d8801767,fa63eb8e-789e-47fc-92ec-46c2120d7298,
3e706f73-9ce6-4c53-a3aa-519e7004b1b8,bed5ce31-3eae-44be-ac17-2957d8801767,fd58deb0-e223-4b0f-ba22-1f2c7a4581e3,
2c651d68-6b0b-4688-8c24-4187dd155ee0,bed5ce31-3eae-44be-ac17-2957d8801767,fed7b1d8-9a46-4a38-b27b-abe57c159946,
2290577d-63c6-4963-ac8c-10adfaa1e223,bfba870f-7614-4dea-9a56-7e3a1f89ba76,13e68628-efad-4807-92bf-8c00fc1965b1,
a2bbea24-d131-4fea-8438-0dc2a9a214d2,bfba870f-7614-4dea-9a56-7e3a1f89ba76,22fb68ed-6f8a-447f-aefe-45896bb90730,
e0c4fde5-1837-4c61-a7fb-e20bf02c7929,bfba870f-7614-4dea-9a56-7e3a1f89ba76,2c60a8cc-df5a-4191-860d-f2eb76732ce4,
be87ae93-df3c-47bd-b3be-b7206a49491b,bfba870f-7614-4dea-9a56-7e3a1f89ba76,2e0b3bb1-1c21-4155-993e-82fad314d84c,
a1c0617e-6a7d-480d-bf0f-690bef2b79fc,bfba870f-7614-4dea-9a56-7e3a1f89ba76,506ef7ca-da2d-4c8d-8993-92ebd463f1e6,
f54213da-ab2b-4024-9a52-2915066efb49,bfba870f-7614-4dea-9a56-7e3a1f89ba76,8a72b9c0-1c93-4ed6-8773-9381235b77d4,
e2947505-a34f-4019-a582-4d49461ebad1,bfba870f-7614-4dea-9a56-7e3a1f89ba76,97a75ddf-c5a0-42d2-9b83-694a83f233df,
5676f0d4-0e02-481a-b266-6b62df7e6dab,bfba870f-7614-4dea-9a56-7e3a1f89ba76,b493c10a-154c-4e33-8c80-aebe070eee05,
f866419c-76a6-4c6c-99f2-b728f24d91f4,bfba870f-7614-4dea-9a56-7e3a1f89ba76,d73f7ed2-81ef-4a9d-90ad-4ba64208515b,
5ef8051f-8923-4cf1-907f-09d34f35c6b5,bfba870f-7614-4dea-9a56-7e3a1f89ba76,dfc0176a-3ad7-4502-9542-15bded6a5e42,
1a44aea0-dfed-45f7-8433-905c9c6c242b,bfba870f-7614-4dea-9a56-7e3a1f89ba76,fe56b1b6-ce0a-4648-97c1-1df5c0b868cb,
7761030a-cbd8-4607-8f8b-07332032bf51,c3a259a0-8b97-413b-9a51-54c5c0042ef4,3bd2101f-ff2c-466d-b0c2-0dd22f2c6e86,
70adf2aa-b091-4575-a724-8ceb32f934d1,c3a259a0-8b97-413b-9a51-54c5c0042ef4,3fbc736c-47f6-4443-88a0-1334bc6c104a,
d51f052e-1346-4ed6-a6f7-9d425b6efb08,c3a259a0-8b97-413b-9a51-54c5c0042ef4,8d9b5495-ed6d-46db-bbc2-2a5e6303dccb,
ac7e60bd-328b-4810-b0c0-f2457b9ba57d,c46bb472-a37a-4642-85e9-1099d5e482a8,06d09818-3676-4660-ab0a-66ed7be804e8,
4aa61ccf-e1fb-48e7-859c-cca083c9de59,c46bb472-a37a-4642-85e9-1099d5e482a8,21c3aa29-7b75-4bec-9e3a-12a7de84ff11,
932772b6-269e-4c2b-bf4a-f460cf0a67b0,c46bb472-a37a-4642-85e9-1099d5e482a8,29a1d458-e80c-4040-a9e0-c1d65a80b569,
07db7ac3-ab8c-4ee2-89e9-c697745cd97f,c46bb472-a37a-4642-85e9-1099d5e482a8,3edfe821-7404-48bc-bb31-85fa9b9bf05c,
4056df13-2a40-464a-bef6-b39df5613750,c46bb472-a37a-4642-85e9-1099d5e482a8,49df425c-5e1e-44b6-9c44-7cd434b89b3e,
5e33ed12-a051-4049-97d3-4c4f30356bf1,c46bb472-a37a-4642-85e9-1099d5e482a8,5a76af85-c697-43a7-b32b-2d76f3fb5225,
5f3921b4-dbca-4d1b-a9a3-d0c0b8a15364,c46bb472-a37a-4642-85e9-1099d5e482a8,6067584d-7ac0-4180-8123-0cfdf2e475a2,
760519c8-4428-42c4-bfa4-d766491b38d3,c46bb472-a37a-4642-85e9-1099d5e482a8,9941da01-03e5-4960-96f9-d6c22f11c55e,
81c8ea10-6c03-4c90-95e2-229723a47b5e,c46bb472-a37a-4642-85e9-1099d5e482a8,e73cd9f1-6bd0-4c95-94fd-00a58d050023,
3c6df1df-cd3c-40d7-9556-92a4d639deaa,c5011ce6-1f41-4f3c-badc-d0bc3eb2e485,383fe9c6-17e1-425b-90d3-d333868d9fb9,
0e11d22f-054b-408c-bccc-1e255e649225,c5011ce6-1f41-4f3c-badc-d0bc3eb2e485,a1ff92ee-d624-4cfd-be8f-852a8cb49d83,
f82af6f1-c47d-48c3-a5ce-525458470f34,c5011ce6-1f41-4f3c-badc-d0bc3eb2e485,d245c5e2-be44-4ec1-abae-fda33a993a6d,
47aaf4d0-e837-4865-b753-f32a6ee280de,c6ebb0bf-ffa6-4b0a-9378-0bd3d631387d,58c8fc6a-6413-4cb4-8e0a-06db6ce0e792,
55a52c79-f320-4055-99d2-260fff8e3def,c6ebb0bf-ffa6-4b0a-9378-0bd3d631387d,979376c5-8f94-408a-9624-a530bed3b252,
39f57ada-44b0-4828-b02a-e32ccf161401,c6ebb0bf-ffa6-4b0a-9378-0bd3d631387d,9b88fcbb-77e1-4ff8-be76-c25dad367c8f,
a6bd2e5d-af27-4944-9ace-f90f1627585f,c6ebb0bf-ffa6-4b0a-9378-0bd3d631387d,d1576985-15aa-4294-9ed0-5d151add08f3,
a384d249-891c-4e0b-86ae-63b0933dc60c,c803bf5e-15fc-4a23-a6d3-80e10823a764,1543e72c-ab1a-4695-8140-0394163d4c87,
be1d6013-6149-42a2-8424-cbe3c7d7f3b2,c803bf5e-15fc-4a23-a6d3-80e10823a764,44e4383e-dd9e-4fc3-b50e-51573a6c482c,
e4cec33c-5c7c-4fd3-94e6-0ca6f6c93347,c803bf5e-15fc-4a23-a6d3-80e10823a764,4db07cd0-0ccb-4f51-92e6-cc3f99a587bc,
99e35fa5-9c6b-4a56-8517-2f54ad682802,c803bf5e-15fc-4a23-a6d3-80e10823a764,51f9331a-7687-4d5c-a5af-d3797b30f237,
b64bbcf1-2a0e-498d-97a8-ceaf7ff72d80,c803bf5e-15fc-4a23-a6d3-80e10823a764,56b083c3-b622-4144-98dc-230ad8186572,
d34dba23-8a20-4085-a522-390142cbd426,c803bf5e-15fc-4a23-a6d3-80e10823a764,65d39b0c-018d-475c-b931-ba486a0be94e,
91b9da9a-e315-48e8-a367-fb3e4dbef5f8,c803bf5e-15fc-4a23-a6d3-80e10823a764,7ecb0027-0d8c-4517-8a40-8baf88c9d90c,
a5716eac-a537-4f7c-bde7-cd8b3f759c37,c803bf5e-15fc-4a23-a6d3-80e10823a764,80658f83-dfb9-4ab3-86c3-f632fe3e6269,
ad92d8a8-0e38-4307-8afb-a4c8d43d52f5,c803bf5e-15fc-4a23-a6d3-80e10823a764,bfce1bd5-ca95-4497-af34-fd211acf8cda,
dfbb96c2-ed7d-4773-910e-0cc7c5a24dce,c803bf5e-15fc-4a23-a6d3-80e10823a764,d81ee8f8-d649-421d-b98a-d510de443af6,
f7b6ca9d-b695-4f13-b333-2a6b2bb66f76,c80eb192-36c0-4162-8172-526b8aae587f,06fc3c3f-3199-4f3c-9eb3-911ad8d558c5,
5f7999f5-9883-447b-ad9e-5ba839746439,c80eb192-36c0-4162-8172-526b8aae587f,1222eaf4-d0dc-4b41-b1b7-389e3899ac90,
1bfa6c45-e171-48ed-ae9d-44f663a8c06c,c80eb192-36c0-4162-8172-526b8aae587f,1fd811dc-9c8c-40a5-82a3-33ee826ea88d,
86e964c9-8182-4ef9-b426-d15901adfb3e,c80eb192-36c0-4162-8172-526b8aae587f,2314cc6b-72f5-4a56-b8a5-95f67b83999b,
6b7c5535-6a31-4810-809e-454f6f82c225,c80eb192-36c0-4162-8172-526b8aae587f,28623be8-d5e5-4d12-a5ed-8a38e116b104,
53790c53-b3be-473e-8537-1d1a2e9d9912,c80eb192-36c0-4162-8172-526b8aae587f,2e4f2bd7-6a1c-40b7-ab72-4c99134059a5,
1bc78fe3-5243-48d8-ac08-34e05977bd08,c80eb192-36c0-4162-8172-526b8aae587f,849276c2-523b-4e1d-8af7-355f356c2b62,
9d7d8d4c-5b4e-4959-959c-d20e55611c3e,c80eb192-36c0-4162-8172-526b8aae587f,8c414c47-663c-4acb-ba94-9be3c392cc42,
b0adabb8-a0e7-4676-b3c3-ff085b3cb7b0,c80eb192-36c0-4162-8172-526b8aae587f,92d77386-f9bc-4be0-8376-eef2cba52468,
ec259bd3-1ece-40b0-9988-c27ee2f59a9c,c80eb192-36c0-4162-8172-526b8aae587f,9ee5ec57-82c3-4cb7-8e9e-da5774334d9d,
0db24fcc-b509-45f8-8a28-2ed03e4a7f42,c80eb192-36c0-4162-8172-526b8aae587f,e1fcfd1b-8232-4250-9cf7-5fdfd304b7d7,
3eb05209-09e2-450e-83db-1b3a28b118fe,c80eb192-36c0-4162-8172-526b8aae587f,efa0e74c-dc82-4b30-b699-6b353fe9e1b2,
03228a3f-603c-46d9-9427-3c25cf851e96,c80eb192-36c0-4162-8172-526b8aae587f,f1f23689-3135-47b5-a45b-8e22c3b6584e,
d20758df-6d68-4de0-b7b6-43b086a0aced,c80eb192-36c0-4162-8172-526b8aae587f,fb9ce3b1-5eda-43f3-8e3c-33532e7f42db,
6f4b11b0-6cee-47ab-8110-bedade1ffd40,c8614af9-849b-4e88-90bd-2cc85e8affef,407ef8b2-ad56-46a1-bdaa-e5ce80b3740e,
a8921b3e-566a-413a-b473-5e0de97b4232,c8614af9-849b-4e88-90bd-2cc85e8affef,5ebea1ea-9f03-4d8b-b05d-d23460643c63,
97c756cf-4678-4602-8add-6c842f7bcf11,c8614af9-849b-4e88-90bd-2cc85e8affef,768f2b2b-6112-4f88-b199-2cf952c8be98,
996acda8-cf79-4757-8040-ba833e5c5e06,c8614af9-849b-4e88-90bd-2cc85e8affef,e291639e-ef3f-48a2-af2c-2384cd4aa184,
46078069-95bd-48fd-bbb7-ae74d58caa30,c973aebd-bafc-4a7e-a360-de6829cfd413,1a5b0d4a-9680-498d-addb-174e75f1ef24,
a02a4a45-09be-4d26-82d6-b491972b0b0d,c973aebd-bafc-4a7e-a360-de6829cfd413,2aaef8b2-42e5-43a9-a34a-6a45acd3f147,
a27765d3-f011-4dc3-b10e-6fa8e077d9e8,c973aebd-bafc-4a7e-a360-de6829cfd413,3547da24-af48-47e1-a643-7d52afa323b7,
eeaab807-1b78-4e4a-b501-f082543e530a,c973aebd-bafc-4a7e-a360-de6829cfd413,35ce1528-22fc-4fa5-b42a-f096cc180270,
e8a39fe3-d8e0-406a-b5b3-e6e23fc0cf94,c973aebd-bafc-4a7e-a360-de6829cfd413,58847e85-4f9e-4239-bf9d-796909c1b3a4,
16569e43-f21f-4075-b95e-8d0359432eef,c973aebd-bafc-4a7e-a360-de6829cfd413,68386c24-b388-46cc-8097-bf57b9afcb37,
f31bdfab-6441-4706-87a9-f2472c914c03,c973aebd-bafc-4a7e-a360-de6829cfd413,743a88b5-a913-4774-ad1a-be78a66df746,
60b13d24-4059-4a81-99c5-eadab8fb5875,c973aebd-bafc-4a7e-a360-de6829cfd413,968a46be-8c82-46b8-9f07-adf83c09906e,
2f0aca7d-abc7-4a00-9fdc-6f39fea6f797,c973aebd-bafc-4a7e-a360-de6829cfd413,9b1f4b38-94ec-43ec-a6c3-5bea66657d98,
3569bb23-0102-43da-a625-adff5ccdc756,c973aebd-bafc-4a7e-a360-de6829cfd413,b85007b0-a63a-4428-92eb-ce7e4f4c8337,
ada57227-1ff1-4fb9-ba6a-505af6b63f3c,c973aebd-bafc-4a7e-a360-de6829cfd413,da3012d0-f2bd-4a02-97f2-cfbe8262ba47,
67691333-ce5d-429e-8003-fe9552de4c7f,c973aebd-bafc-4a7e-a360-de6829cfd413,e381d6a8-bcf7-4617-906c-bdfa2c1609ce,
b7b30aff-69e0-4501-acb8-8d73423fbdfb,c973aebd-bafc-4a7e-a360-de6829cfd413,f1801c0f-22a0-4b17-90f2-08e1a8b39cfa,
086f702d-3fb1-4aba-9599-d1b3b9065548,c9a4387a-f546-41b4-ba39-23fc74f99f18,07d801f9-e3eb-4721-b5ad-79ab57013af3,
32268d31-0c8d-4e8d-812d-eba7bf7c8b74,c9a4387a-f546-41b4-ba39-23fc74f99f18,1763e028-e09c-42e2-a545-e47a65ca72b3,
dc935b1a-43ab-4a8f-b046-c02f3b9010b5,c9a4387a-f546-41b4-ba39-23fc74f99f18,20c59f66-7fba-4417-8d03-8b7a9878650d,
2412f0b8-b4aa-4149-b45f-7c4f1389250f,c9a4387a-f546-41b4-ba39-23fc74f99f18,2a2d5d73-03d0-4a90-a038-0cc5704bb9b0,
e80d3db9-705d-46e9-9cef-18f7498f362a,c9a4387a-f546-41b4-ba39-23fc74f99f18,670ed40b-4327-4535-a992-a9db636ac6ca,
5fc75a42-110f-4df9-bc41-0da09aef3b38,c9a4387a-f546-41b4-ba39-23fc74f99f18,90eedc95-9efd-4ae2-8beb-c0731b609292,
ae262f6b-b04f-43c4-9ffb-043a71f58c90,c9a4387a-f546-41b4-ba39-23fc74f99f18,975c9975-c124-44c9-b2b5-8c7506be2e23,
0b973d0d-f6b7-43cc-a562-9a96419d3a95,c9a4387a-f546-41b4-ba39-23fc74f99f18,a697de10-8fed-47fb-b8f8-d8415574caa2,
4ef43527-34a7-4f66-9488-31a48f12d942,c9a4387a-f546-41b4-ba39-23fc74f99f18,a9aed3de-62fe-42e3-a385-07833a0baabf,
f3d29f3d-c599-4c32-b178-936fd0793f65,c9a4387a-f546-41b4-ba39-23fc74f99f18,b168deba-4d57-495f-8abb-3eec5ae5807e,
5e58e3ff-ae6f-41d9-839d-2fb96f74e382,c9a4387a-f546-41b4-ba39-23fc74f99f18,c2b1e704-9f13-4a95-818b-d5d4790b054a,
af1d4a57-a5ef-4833-923f-deca62a21d15,c9a4387a-f546-41b4-ba39-23fc74f99f18,c59685a1-c905-4a8c-a9bc-d44118893c4a,
7ea1ab8f-eae6-407a-a8aa-47dadc170294,c9a4387a-f546-41b4-ba39-23fc74f99f18,c7b37b9e-0bc6-4818-83e2-4ad3da56273a,
063dd336-3bb3-4f6d-b975-970f105aed46,c9a4387a-f546-41b4-ba39-23fc74f99f18,d4993041-aa72-40af-9fed-2535be57e4fb,
1e1702a3-5d0f-4efd-aa89-9ddfc33e68db,c9a4387a-f546-41b4-ba39-23fc74f99f18,e6b179a6-0248-42eb-96e5-1c1c24ce918b,
171a6dfd-9d61-42c3-af1b-7a73d4deb21e,c9a4387a-f546-41b4-ba39-23fc74f99f18,eca24901-ca57-4654-b105-65582331282f,
3847cf01-0072-4047-8d19-03c6d08db92c,c9ca15eb-cd12-45ce-bae6-10b8d7071b8f,01dd0f04-3289-45c2-9dd9-f5600c25a02c,
a749e937-2018-4520-9709-cab79492c33e,c9ca15eb-cd12-45ce-bae6-10b8d7071b8f,05d6eb28-2e7d-473f-aaea-c2a67549e7f1,
19eb5bac-cf03-4b94-bcdf-d03c9256865f,c9ca15eb-cd12-45ce-bae6-10b8d7071b8f,0953abad-1a5d-438f-af49-6ff060ba6f0d,
9b0cfa35-7eac-4653-84a8-4b11ff325ef6,c9ca15eb-cd12-45ce-bae6-10b8d7071b8f,0960a666-544e-4d9c-8c4b-729ad77e83fa,
0919559a-dbe7-47cb-8454-210d611cbafd,c9ca15eb-cd12-45ce-bae6-10b8d7071b8f,0c3cc4d4-ab81-451f-8815-52383841eac1,
b4787553-f0de-4b9f-9da2-94cc696d6cd6,c9ca15eb-cd12-45ce-bae6-10b8d7071b8f,0c86fde1-1fae-4433-b127-fbd0691a2cb9,
cddf5da8-d3ba-40ca-b3ec-1448e03b7f13,c9ca15eb-cd12-45ce-bae6-10b8d7071b8f,2ac96584-dc3e-4ba3-84ad-ea38c75f7779,
3c1a3388-65b2-48ce-8865-eca1e177c478,c9ca15eb-cd12-45ce-bae6-10b8d7071b8f,37e4f26f-5579-4ea9-814d-5e42b2391b70,
641a4d16-1004-4768-93cb-408b087e4b3e,c9ca15eb-cd12-45ce-bae6-10b8d7071b8f,4fe8ed7e-5511-434e-9c29-558ac6d2d519,
8034e3a8-22ee-4994-aacc-951808bdebf4,c9ca15eb-cd12-45ce-bae6-10b8d7071b8f,5394b70c-67a1-4684-8754-7bf66dba1bb3,
9d276aed-b220-4fa6-a076-d0033cb7414b,c9ca15eb-cd12-45ce-bae6-10b8d7071b8f,68d40d64-06a9-4c36-acf2-c8f651bfff85,
c846725b-4599-4eda-9f49-cbdf7dac75fa,c9ca15eb-cd12-45ce-bae6-10b8d7071b8f,7b4cddcd-efb5-45fe-9b15-b66d2392caa2,
49a5cbc5-e75e-41e5-9252-75ca737cd9ab,c9ca15eb-cd12-45ce-bae6-10b8d7071b8f,83105b77-8e72-4011-a109-daf1d7e678bc,
bbd04fdd-1234-496d-b63c-6bb02ef76cf6,c9ca15eb-cd12-45ce-bae6-10b8d7071b8f,8356555a-ac1e-4d2d-a094-966216da5035,
c33092d1-f6fb-4c1c-bc65-44861c477e40,c9ca15eb-cd12-45ce-bae6-10b8d7071b8f,8ff8189a-a69d-4c8b-b65a-c96a8cce9ba0,
87621fe1-ca88-48bf-b015-726f99991c27,c9ca15eb-cd12-45ce-bae6-10b8d7071b8f,90113ec2-aae3-456e-be79-21aa030bda66,
6b68dea7-75b0-4dd1-b323-3f761be134f8,c9ca15eb-cd12-45ce-bae6-10b8d7071b8f,960e4d05-b6d6-4848-a250-9fd02b6caca6,
335c7204-c3e4-4e8f-aaab-9319ec761d2f,c9ca15eb-cd12-45ce-bae6-10b8d7071b8f,98636363-7309-4b96-aee2-7d31ee3b6d3a,
33e0a659-b6ba-430c-a527-000bd3a1b20e,c9ca15eb-cd12-45ce-bae6-10b8d7071b8f,ad50f51b-b5eb-483a-99b0-f48f328c5111,
49278447-af7d-4310-9627-aae470d7ae9d,c9ca15eb-cd12-45ce-bae6-10b8d7071b8f,d3041a0c-cab5-4d6d-87ba-746b07a5bdb0,
ef4bd6f0-1180-4a55-911f-2acb47d3b4ed,c9ca15eb-cd12-45ce-bae6-10b8d7071b8f,dafe3408-ccac-4ac0-9579-ce1fb57b6047,
ce6f39dd-6d6c-4ff7-9caa-3ef57353277a,c9ca15eb-cd12-45ce-bae6-10b8d7071b8f,db260ad1-0283-4ba2-8df4-4e50d44760eb,
704f7bc7-a8e6-46d8-b7d5-2c07f66d4c30,c9ca15eb-cd12-45ce-bae6-10b8d7071b8f,e1a7d460-410b-4d42-a70b-75a9ced7a2aa,
6505d590-4259-4271-ab88-e6dd7441dc7e,c9ca15eb-cd12-45ce-bae6-10b8d7071b8f,f6abe3a4-5c71-4cc3-9cc8-778d1a2bdd0b,
e51bbd29-64d5-4ec2-999d-a567d6f29116,ca844ec9-6455-4530-9c29-e5cffb17c734,1523f710-8126-48bd-be8c-68a4adf3e9c6,
753203d9-1a44-4afe-bd1f-465ff67db42c,ca844ec9-6455-4530-9c29-e5cffb17c734,685da299-8680-474e-b350-ef722339f7c4,
bf6bb416-a53a-48aa-9562-3dc99819e7be,ca844ec9-6455-4530-9c29-e5cffb17c734,88c8c7c9-a59f-4a7a-b007-20f22bdb5d73,
6cfae475-c538-42c9-a99c-c4fb7691e592,ca844ec9-6455-4530-9c29-e5cffb17c734,8a898ea4-70bd-481e-a69e-e158dc35dc16,
0a546fc5-0eba-4b60-8c72-c21ec8cc8731,ca844ec9-6455-4530-9c29-e5cffb17c734,acea8a12-7350-4e44-bf26-f1944b419dcd,
848fe598-acd4-4c3f-8399-fa4eb178d853,ca844ec9-6455-4530-9c29-e5cffb17c734,c8d02f6f-447b-49b1-a3a0-8ace100cabe0,
4c2de4dd-d541-470b-bcb4-d2ed397a79f1,ca844ec9-6455-4530-9c29-e5cffb17c734,d7592f27-2f98-4f37-9e19-05010adede79,
1be8dea1-db20-4234-bf1b-1257d2677731,ca844ec9-6455-4530-9c29-e5cffb17c734,d9e9d9fa-383b-45fd-b032-361fea8bdfef,
a1113a26-fe32-4a6c-a3c5-fe87f4e1f5be,ca844ec9-6455-4530-9c29-e5cffb17c734,e6e019ac-274c-49a9-95a3-135339100fee,
e1105a0c-bdde-4ee9-8e0e-6bf39832c956,ca844ec9-6455-4530-9c29-e5cffb17c734,fcc3559d-5058-4939-aadc-7766a94f480c,
69017720-93f7-451b-89d6-659fa1702cc5,ca9cbc0d-a759-4798-9e70-37c1ab04435c,650f33b2-8c2d-402f-9b49-8e859959a8b9,
9fb52bb1-70b8-4e5a-9cb7-4d8a4135d44b,ca9cbc0d-a759-4798-9e70-37c1ab04435c,655b4edf-0fdb-4323-a32c-55e411643edc,
33b343e8-8ea1-4244-90bc-a56f45b85b38,ca9cbc0d-a759-4798-9e70-37c1ab04435c,ec1dc393-8ba2-4f36-9339-4c5ad6a667fb,
bc7ea9eb-10ed-4f52-8ba5-b77ba319c407,cb8d5bfb-995a-4be5-b558-8853517ea299,022fd9d6-5050-48c8-8e03-5682cf555b95,
2ab1b5bb-b4b5-4040-8e40-d6cbae3b97e7,cb8d5bfb-995a-4be5-b558-8853517ea299,1fe6a4cf-9a74-4bc5-a114-32bee6c53e99,
de108845-558c-4b00-bacd-528ed8100481,cb8d5bfb-995a-4be5-b558-8853517ea299,27389a87-9f02-47be-8cfe-2c7c333e97a9,
7e486eff-a79e-4a63-9741-5085bbc69be9,cb8d5bfb-995a-4be5-b558-8853517ea299,47f7e13c-bbab-4bfc-8b0b-41af4ae00939,
decb936d-0428-43e1-a77b-b14cc2229927,cb8d5bfb-995a-4be5-b558-8853517ea299,4c544585-eed7-4d35-a4ba-c7f6c8137a1a,
1f0f8c26-45ac-4695-81eb-1b825ce72b17,cb8d5bfb-995a-4be5-b558-8853517ea299,6009e24e-aa3c-4abf-a107-78bd0ceac248,
8bffdbc9-5d17-437a-af71-9fdb52366d61,cb8d5bfb-995a-4be5-b558-8853517ea299,6d6eed70-3e09-4d2f-9573-d1e224457dfb,
863db696-4d88-427f-89f8-da3ab56fd84c,cb8d5bfb-995a-4be5-b558-8853517ea299,7e808cdb-7e81-4104-b53b-162528d69fc0,
b4c613e1-bbfe-42e4-b0cd-e3dd1369f442,cb8d5bfb-995a-4be5-b558-8853517ea299,8c74af63-7259-48b9-b0fd-f727b309d890,
180c301e-8063-41fc-9fcd-499426b9bb58,cb8d5bfb-995a-4be5-b558-8853517ea299,9c2bfb31-c2cf-4747-9029-3ba32f9208f4,
fc9e5e8d-de9a-43c5-93b8-445dd948dd05,cb8d5bfb-995a-4be5-b558-8853517ea299,a1b99b48-0716-4c45-a63a-9842e4cc46d1,
89cd93cf-07c4-40fd-b84c-1f1e512a59d1,cb8d5bfb-995a-4be5-b558-8853517ea299,a731a492-2424-4c43-aeb6-4325cd65c1b8,
590dd8c2-4a4b-4ea7-ab05-fbe674e77df1,cb8d5bfb-995a-4be5-b558-8853517ea299,bbd4d0c4-9135-435f-8abb-5b86d89a0a56,
03dae256-f1f4-4237-8f2d-4ea892a78f31,cb8d5bfb-995a-4be5-b558-8853517ea299,c63b791e-3312-46fd-8ab2-e3816e4375a9,
a5cc4b2c-0ed3-4fe1-b64d-bd8af635de89,cb8d5bfb-995a-4be5-b558-8853517ea299,ce262774-30b6-4bd8-96eb-05f5f2464399,
d757b461-ad9b-4762-a5c2-504e9de9e405,cb8d5bfb-995a-4be5-b558-8853517ea299,e3acda7b-a0d3-494c-ad29-612c8da34ef7,
0c8298f7-86d4-4667-9f62-9769607bea0f,cb8d5bfb-995a-4be5-b558-8853517ea299,ed3ecbb5-79a0-4fd6-a282-4df06397d0a8,
eb29219f-c7e7-4ba9-844c-7907895cea99,cbec4b29-188e-4b66-b488-c781c923dc74,03938100-792d-45ba-84e5-2c9088a91fb3,
a91a47d6-70db-4ca0-b348-09d5467a67ea,cbec4b29-188e-4b66-b488-c781c923dc74,03f06813-ce73-4efb-bc8a-3a5722dd5ee9,
7a283b78-1823-47e2-b890-e646eb972641,cbec4b29-188e-4b66-b488-c781c923dc74,0adbdf53-7a72-4f9e-a208-5a49b391be11,
385bb0cc-2c8f-4248-bad6-4267ae046668,cbec4b29-188e-4b66-b488-c781c923dc74,164d6462-466d-4e35-aeee-64d32566c12c,
2b11e134-6518-4fac-9d2a-4291d83ed341,cbec4b29-188e-4b66-b488-c781c923dc74,1af27ba8-ed59-4862-9b45-7b466b548749,
9cbf0b0f-ab96-47be-93d6-a0b40f9fe0a5,cbec4b29-188e-4b66-b488-c781c923dc74,1bed1d20-6c33-4d12-b609-a095aa538130,
12503bce-5324-4046-a053-af85999d27d7,cbec4b29-188e-4b66-b488-c781c923dc74,1e638efc-7e5d-46d3-94a2-81c5f3c51779,
60980582-9813-4f22-b0f9-a589a04e104b,cbec4b29-188e-4b66-b488-c781c923dc74,20a977a9-34bf-4f23-83eb-b8325d145338,
44b78c9d-ce9e-41bf-bd34-36b7c7bd9ad5,cbec4b29-188e-4b66-b488-c781c923dc74,266bb422-80a0-4ea9-9dfe-95346ccd3213,
3aa8a86c-d12f-4bbf-a2d9-70c541fcdaf1,cbec4b29-188e-4b66-b488-c781c923dc74,471136a1-ec63-42ed-bc82-7745b3104dda,
65e92c5d-1f01-4f26-acbb-83bb0cc56747,cbec4b29-188e-4b66-b488-c781c923dc74,5eeaa093-4ddc-4f72-89fc-6b0b5b292390,
6a16756e-d88e-46af-aa17-e2cca094ed1e,cbec4b29-188e-4b66-b488-c781c923dc74,691e7024-efcc-4a00-98fb-9923b9c6cd5b,
5e696815-d1d5-491d-ab61-c941c5df3e72,cbec4b29-188e-4b66-b488-c781c923dc74,74be8f92-9e38-491d-bf64-da1103c1ccda,
6eabd24b-39b3-4e9a-8e70-bd64ab317685,cbec4b29-188e-4b66-b488-c781c923dc74,7960767c-42cc-487f-b8c7-c6ec92a56c4d,
0af15ef1-065f-4590-a303-cd7167932a03,cbec4b29-188e-4b66-b488-c781c923dc74,7fbd05f9-cd5b-44f8-a557-9d899dd30fe2,
2037a367-130a-413e-b277-125736e1bb94,cbec4b29-188e-4b66-b488-c781c923dc74,7fc91a96-faa2-4a0b-b0d1-7b79437e4155,
b0f3f8fc-0a68-4277-b5b7-08ca156adf5d,cbec4b29-188e-4b66-b488-c781c923dc74,81587165-dd38-484a-959a-0ccc9b16019f,
e81dd3af-179a-4a32-9c70-491151f15e3e,cbec4b29-188e-4b66-b488-c781c923dc74,89148d52-1609-41f7-bf9d-4a7b0d192c5d,
10146979-68f9-4089-93c0-b6076243cae9,cbec4b29-188e-4b66-b488-c781c923dc74,9bff6d76-1d08-4af4-8b8c-056f2c04e95d,
c3af88c6-7740-4004-8edd-45d861127e34,cbec4b29-188e-4b66-b488-c781c923dc74,ba9b3d3f-d74c-4f7f-a5e9-794b8598cb50,
dd0daf20-5b2f-4081-a60d-c35ea091ea80,cbec4b29-188e-4b66-b488-c781c923dc74,cc092357-085a-4703-81ea-7a968805da4e,
b8b81ff5-3c7d-426b-bce4-1af9a9166099,cbec4b29-188e-4b66-b488-c781c923dc74,cf2cd137-42a3-4894-ad84-1c75242944b0,
db272258-bb84-44b0-b06f-5dd4b12f481c,cbec4b29-188e-4b66-b488-c781c923dc74,d7fc47a2-341b-4b91-8b1f-5a55c76f3504,
8762d7fd-a68f-47c9-8eee-2f9ad0141962,cbec4b29-188e-4b66-b488-c781c923dc74,f5a08434-5b8d-44af-bbc2-ce48f89804dd,
e6ff3ae8-d64a-4b1d-b205-72ae22206de6,cbec4b29-188e-4b66-b488-c781c923dc74,f92b14db-2cf6-4306-bd45-d1d3381c1f8d,
c28e14fa-ef0b-44bd-a25d-9ee5ce072384,cbec4b29-188e-4b66-b488-c781c923dc74,fc4ac815-a789-40a3-9e26-05d25f4f06dc,
bf97eef4-7b3c-4625-9f81-744cfc417fda,cc3c2c1d-0c57-4824-9fad-453708be3f34,0b5477fa-60ce-4299-80f0-018b0f179deb,
dea9a3c4-7b88-4e4f-8145-af1430e5d99c,cc3c2c1d-0c57-4824-9fad-453708be3f34,141da894-870c-4f27-b0a7-2ad36cf43949,
e575b867-ba3f-4e3a-b6a6-e065e16bcc59,cc3c2c1d-0c57-4824-9fad-453708be3f34,38610ac1-d9b1-4172-8081-53bf9943f37f,
a670eb7a-8985-4849-86d5-c172b679b838,cc3c2c1d-0c57-4824-9fad-453708be3f34,3b1cbca8-fb2c-4863-8be3-bd86dee1deff,
329b2ee3-636b-4d3b-94f9-e7493406271b,cc3c2c1d-0c57-4824-9fad-453708be3f34,d86945ec-a820-438d-a3a3-11f8cfc6401e,
a5b14e24-a964-4555-af87-d88f5e10b0d0,cc3c2c1d-0c57-4824-9fad-453708be3f34,ed6d2cb2-3235-4a65-9881-1ea7a17a0a34,
ccf9d30d-a45f-46b6-9896-bbab8dc467cb,cc8e14e6-daea-4323-8765-c4efeb57ad4a,33a2776f-f630-4d9b-875c-44b8e85f75d7,
09546837-38b7-4581-835c-4150d6d49ba1,cc8e14e6-daea-4323-8765-c4efeb57ad4a,a6dd3359-5c69-42d7-9a17-b00f9b593fd4,
bd347eca-d640-4f65-a00d-db8a9b17015e,ce1f83ce-2184-4d7d-a15a-82cd88705ef3,0cd0f961-5721-4430-a2f1-8b980a437e7b,
27ae895f-24f0-4b8a-b8bf-a34e969c0cef,ce1f83ce-2184-4d7d-a15a-82cd88705ef3,2cc2eef4-de4a-44db-a421-9e47d2f8fd57,
fd92728b-6fd5-4aa3-b3bb-ea5a32ddd966,ce1f83ce-2184-4d7d-a15a-82cd88705ef3,378bdbbc-588a-4f6c-b2aa-2f6bbfe80665,
88203699-066c-4ab7-8cbf-419668f587c5,ce1f83ce-2184-4d7d-a15a-82cd88705ef3,49d7c831-31e6-472d-9d0a-5036e8756445,
4b631d70-00c3-47ef-a518-54e9808776c6,ce20716d-d0a4-4743-8029-a167e85ae200,98ed4fd8-79fb-4fd7-9fad-5d6d2fda3409,
83729463-eed4-4019-9041-e69278f171a5,ceaad6fb-37a6-47d2-9054-cfa964838dd6,0c170b3b-3e90-4bde-93b8-546e42c80934,
629ea3cf-55ba-4a42-b754-c864f9ac5231,ceaad6fb-37a6-47d2-9054-cfa964838dd6,140d501c-c982-464f-8cdc-92cfee3ace47,
9702b954-d300-465b-8afe-215c2212a6fb,ceaad6fb-37a6-47d2-9054-cfa964838dd6,17a69a7d-dfa4-46bb-8623-c0476ea8e206,
deda3873-de64-40a8-86b3-2a7d7aaa4496,ceaad6fb-37a6-47d2-9054-cfa964838dd6,28ba0314-1fe4-4f36-ae32-4de06eaa4a97,
696614ec-163c-44d1-ae8f-b94be9c8ce4d,ceaad6fb-37a6-47d2-9054-cfa964838dd6,295d391c-6233-4840-b719-d018e1b3419c,
35ea2516-446b-4f18-8fd8-53e3c147da95,ceaad6fb-37a6-47d2-9054-cfa964838dd6,430d29f1-b83b-4442-9877-4325cec4696f,
d53f5dd9-fdd2-4ab4-917b-caa71c0c9410,ceaad6fb-37a6-47d2-9054-cfa964838dd6,6e9afb17-ec4e-40d9-82b0-ad029822bcb3,
4e97e335-e1f1-4958-b805-45ff03d7a69b,ceaad6fb-37a6-47d2-9054-cfa964838dd6,722a792e-07ab-4eb9-9a4d-79c873a92cd4,
7c9ea587-9e7e-4081-8c13-e7e4bd92357d,ceaad6fb-37a6-47d2-9054-cfa964838dd6,7d57a93d-23f5-401a-92fc-15e6f0d37f65,
12c512f2-1f1a-4b01-bc4a-a786b705bbf3,ceaad6fb-37a6-47d2-9054-cfa964838dd6,948dd710-4bf1-48de-88d2-06a71cca2a92,
0df6297d-861f-4ba8-ac8f-76682d71a594,ceaad6fb-37a6-47d2-9054-cfa964838dd6,9bfa6401-cad3-46cf-8358-557c092d9a28,
9e09b6fb-e516-4ca9-88a2-31ea8d29e3db,ceaad6fb-37a6-47d2-9054-cfa964838dd6,9ed027e7-fbac-469c-bc1d-203191be3c2d,
164c1d93-dd76-492a-a4de-10ff7fd8b5cb,ceaad6fb-37a6-47d2-9054-cfa964838dd6,a17269d9-01fe-450b-9c4c-4aa1efc4c4f5,
6f2a4e21-2905-4226-8ab0-8a595c54b845,ceaad6fb-37a6-47d2-9054-cfa964838dd6,a3ca6ab3-69b9-4009-8737-fd84ccf831e1,
d6c19d1a-5f7a-4728-9a15-8484e47a3148,ceaad6fb-37a6-47d2-9054-cfa964838dd6,a64dfa5b-0960-45e0-8a3d-e9f249e60a21,
4b1d869b-b086-41a1-9842-e65cf9151c4a,ceaad6fb-37a6-47d2-9054-cfa964838dd6,c3ee11f1-4539-496d-888b-0fb18ab19564,
4739fd24-c31a-4467-a70a-ed6211bba300,ceaad6fb-37a6-47d2-9054-cfa964838dd6,cc16ccce-87a0-4927-859c-c581ce6831c5,
7e68fe35-6c56-4650-90a9-79e76c83f66e,ceaad6fb-37a6-47d2-9054-cfa964838dd6,dac01c4c-e0e2-47ba-9fc9-216a2a0e5d1f,
c80590bd-9559-4789-89ac-d93f2e9f361e,ceaad6fb-37a6-47d2-9054-cfa964838dd6,fa22d251-81ea-432a-a80b-84fa736621ca,
77b5a7c2-1b65-49dc-ac85-e55557c6179a,cf3ef913-cbe4-4c45-99c6-1757f209c7da,2c849a7c-6a13-4db8-a40c-1c0ab3e6e210,
3b83c555-0383-46d0-affa-cf7b34c51ed7,cf3ef913-cbe4-4c45-99c6-1757f209c7da,59370b31-74e1-452f-af41-db2483a745e2,
9d5f0d7f-5a9a-4ca1-9a76-188996862950,cf3ef913-cbe4-4c45-99c6-1757f209c7da,c133df8e-7931-4c05-ba13-812f517e023c,
8e2b4b7c-be1b-415f-a782-6695580c6cc5,cf3ef913-cbe4-4c45-99c6-1757f209c7da,e4f540ee-cb6b-4c4e-8688-953e2139e12a,
e746befe-4571-448c-8c36-2bdca37f1bb2,d078e7e7-a24b-4540-a16c-81de8c3d39e0,5d8a89fe-48d3-475f-ac56-bc7ab1de00cc,
73d39f10-4bf8-4f9a-8dae-3bf34a247410,d078e7e7-a24b-4540-a16c-81de8c3d39e0,785ce910-7036-4797-88a1-9636573883d4,
7248138f-683a-47ae-bca9-57f1c5526096,d10e648d-8be0-449e-b6e0-4500538c90b4,1e171bed-5209-4319-8faf-49985ab5a20c,
82183bf7-8b25-4644-a4cd-3e2f17fed5cf,d10e648d-8be0-449e-b6e0-4500538c90b4,33e806ec-0a30-41c0-9726-bd2afaf9d2a4,
30ae909e-fdea-4e23-87fc-60f88b1226a5,d10e648d-8be0-449e-b6e0-4500538c90b4,3c529d51-a1c3-4a02-8355-f437580f16ad,
0366a370-fe48-473e-a0c1-a9e0ff698359,d10e648d-8be0-449e-b6e0-4500538c90b4,519d145b-7f19-42fa-bca2-42ec2911d8be,
3817ae98-72cd-4ab7-bca1-b6db2168025d,d10e648d-8be0-449e-b6e0-4500538c90b4,520b81f5-788f-4a29-9a16-60df8d78df19,
4920b2f1-5c71-4d23-b684-6f803f1386da,d10e648d-8be0-449e-b6e0-4500538c90b4,855700c6-3393-421f-a037-f881470b2864,
32a82cef-b5c6-4f42-a4d0-20f6a832dfa9,d10e648d-8be0-449e-b6e0-4500538c90b4,a9ae9172-6682-45c6-b161-f8955bc43021,
4d765f4a-06a1-4e8d-850d-089b8b76fa8a,d10e648d-8be0-449e-b6e0-4500538c90b4,a9d4f27e-55f8-4f73-a764-b45f47e424a6,
dc518cf4-11e5-4483-ae54-3063fb1e8caf,d10e648d-8be0-449e-b6e0-4500538c90b4,b378cc8d-232e-4eaf-b046-a3877f780d65,
06b2f9b6-d526-44db-91be-1e3ee280727b,d10e648d-8be0-449e-b6e0-4500538c90b4,c9582b73-2805-47fd-95e3-911a8662e337,
1307572c-199a-4c44-b9e2-8e34ada08556,d10e648d-8be0-449e-b6e0-4500538c90b4,d3354d9e-9690-4359-a0b9-8422cb66b67e,
a3985a52-8bc1-4af3-a07d-12af0d33ef6e,d10e648d-8be0-449e-b6e0-4500538c90b4,e4f7a388-670d-46c1-beaa-ef0f0be3b939,
69c5e34e-c5f6-4b4f-8f0c-8218d44dbe96,d10e648d-8be0-449e-b6e0-4500538c90b4,f847c1ad-f95e-43a3-99f8-75d704b21975,
4dd9d433-cede-477a-a01d-f7b042523635,d144f4bc-c300-48f3-93c3-6371b8ce14a4,1a192dc1-ae28-4ed2-94fd-a16f753b722e,
352824a5-be3c-4bf7-a11e-55267dabfffc,d144f4bc-c300-48f3-93c3-6371b8ce14a4,1f6817f1-3e56-46b3-a260-9553c5fd2355,
6e46c5d1-01b1-46ff-abb6-bbd7681afa3d,d144f4bc-c300-48f3-93c3-6371b8ce14a4,484d23ca-a25d-4424-906b-1b4d7a50abaf,
a0ed6d55-c1cb-4555-bd79-682b613f6d4c,d144f4bc-c300-48f3-93c3-6371b8ce14a4,4f57a713-58dc-4c94-a7d8-621ea2d1d15c,
7b115bdd-ed28-4384-a9e3-dedf46e32e9f,d144f4bc-c300-48f3-93c3-6371b8ce14a4,f319452c-9f4b-48b2-84fd-082d57b37f6c,
f1c762d7-feda-462f-b9f5-2925d6ff0ce7,d26a8638-69a7-4bdd-9062-a0bede263c1f,91b678c8-8dd1-427a-93d7-b0301ac77e5f,
2f353701-bda2-4250-a7e2-6affc79f115e,d2dcd5f7-bbcf-4160-b9cf-9158caec5ab6,1ea0804c-2316-47fd-b62a-aa859e0feacf,
00b43bc3-9822-4e3b-bf77-74c17a46d612,d2dcd5f7-bbcf-4160-b9cf-9158caec5ab6,4d8d3a87-a166-4070-b542-a4fba7652364,
fd90b6a9-b450-4613-b482-bf57a4d18f3c,d3741741-17b0-490b-991f-c0dc985efdb7,006e02ad-cfaf-4e79-ac9d-5729c37b5b48,
46f1f5d3-b98b-44c2-8d76-6f0bb09b9755,d3741741-17b0-490b-991f-c0dc985efdb7,3b415345-720a-443f-9fbb-1398b2250d96,
61ae6d62-4c52-4d86-88c8-ac8fac9b5479,d3741741-17b0-490b-991f-c0dc985efdb7,980aea82-3f3c-4d27-beca-f8e695a23913,
73714d4c-2e89-4383-9057-111c6d7aec17,d3741741-17b0-490b-991f-c0dc985efdb7,bd7d0fab-ddee-4055-8de7-bb6b55343a19,
1c26107d-1d1a-4917-890c-f746e614a207,d3741741-17b0-490b-991f-c0dc985efdb7,c0d555d2-6833-4400-b391-246b897a22aa,
86a770db-b400-47aa-8d00-e085250cfcd6,d3887631-c0cc-4a65-a92f-c4314f084d2a,000058e9-caca-41f8-8ef0-cf20cd06f972,
20372afe-9594-4c0b-943f-4c62bbc37a1e,d3887631-c0cc-4a65-a92f-c4314f084d2a,0c75482c-4818-49ff-9f2d-219d599897d9,
65f2aee4-b74f-4782-9212-9ff5a8c4b9fa,d3887631-c0cc-4a65-a92f-c4314f084d2a,1112f925-b6ab-4d11-baf3-d75412152aca,
51ef4461-0db0-41cb-a9a5-efcf3db689c0,d3887631-c0cc-4a65-a92f-c4314f084d2a,1cda52b0-4add-4637-a24e-ecdc23f14758,
c6079289-50a8-497b-b614-bb8bd6adc7c1,d3887631-c0cc-4a65-a92f-c4314f084d2a,2f1bb5cb-7ae4-47ef-bd6b-e55e8180e578,
6bd2b517-41b2-4d4e-a96a-dc58180d4e8f,d3887631-c0cc-4a65-a92f-c4314f084d2a,3702957f-6dac-4f7c-bd27-67147d81507e,
24fe8eaa-e6ca-44cd-87ec-e26d66c1be88,d3887631-c0cc-4a65-a92f-c4314f084d2a,412e439c-bbe5-48c4-bcf1-e46874e4335b,
7166db5b-caa6-4dc5-94ef-97c981d78b56,d3887631-c0cc-4a65-a92f-c4314f084d2a,43d636ce-8ec2-444c-ac3e-417f7927bb0a,
691f9d23-b430-468b-9b1a-d3c91820b71b,d3887631-c0cc-4a65-a92f-c4314f084d2a,49d99291-61c2-428b-9a64-c2c147beed45,
6b7d2d3b-c550-4957-8073-0ab4616f1bb9,d3887631-c0cc-4a65-a92f-c4314f084d2a,4b82fad3-233d-48e4-9009-0fbfece16f51,
cd14080b-3a87-4582-a44a-6c54e29b5d0a,d3887631-c0cc-4a65-a92f-c4314f084d2a,4bb337ec-c4b4-4550-a2b7-036fc9b8d7a9,
ed5043aa-0611-404d-b83a-037c326992b5,d3887631-c0cc-4a65-a92f-c4314f084d2a,4be7b156-11bf-40d5-87e6-e073dd3c0d59,
a9eec441-244b-4a1c-99d4-4833e2f925bf,d3887631-c0cc-4a65-a92f-c4314f084d2a,4ce19037-24dc-4c41-9917-c86f6d04a63f,
606f457d-c460-48d4-be0c-68fb80986407,d3887631-c0cc-4a65-a92f-c4314f084d2a,524e532c-07ad-4141-b31e-8c5c4c1c4ec5,
c5b5b96c-7ded-460a-8f52-3cbfd5d1c568,d3887631-c0cc-4a65-a92f-c4314f084d2a,5ed03114-aa22-49f8-a7d0-1b52d2369ade,
6c65cbc9-a825-49fa-a689-fd89b57cbb3f,d3887631-c0cc-4a65-a92f-c4314f084d2a,615c26fb-af50-4c66-8bea-e17c5360bd21,
9bead76a-6582-4430-a2df-f480718613db,d3887631-c0cc-4a65-a92f-c4314f084d2a,6354ec2e-18c2-4c91-ae7a-727c28cb4ae7,
21aa80f7-c375-4330-b4bb-52e67a1790a2,d3887631-c0cc-4a65-a92f-c4314f084d2a,63e42b86-e4ff-4589-a8fa-9dcb2acf9802,
73497bc8-6ca4-44b4-9396-626dfc5f0b9f,d3887631-c0cc-4a65-a92f-c4314f084d2a,65d96f7f-eddc-48fc-bd66-2cd85a74df23,
4db0cdf1-e75d-4e49-b392-723a474ceb05,d3887631-c0cc-4a65-a92f-c4314f084d2a,6788e755-9efa-4d80-bead-6badce0b11a7,
5a35a356-43cb-436d-bee6-9b1b568787b5,d3887631-c0cc-4a65-a92f-c4314f084d2a,6d4e3b69-53b0-4c96-880d-f4911bfdadac,
a62adf01-8367-44db-bcbd-3092f6160f5f,d3887631-c0cc-4a65-a92f-c4314f084d2a,704473ba-b751-4f13-8ef7-7f92b41130af,
b7b15b23-74ea-405f-975f-6275e3536c6c,d3887631-c0cc-4a65-a92f-c4314f084d2a,708f0134-ff2a-467e-af51-f75ecd03499e,
a05818b0-8cc7-4c61-8698-bf5a6279e2b0,d3887631-c0cc-4a65-a92f-c4314f084d2a,7de3ba77-5b24-4235-a114-59c65e35ff6e,
7e08cdb9-f44a-4fdb-aee2-dfb67fa412d0,d3887631-c0cc-4a65-a92f-c4314f084d2a,861036f3-d166-4c03-af91-cea8b6f4d6df,
425d428e-d570-48cb-b88a-959bc23cd86f,d3887631-c0cc-4a65-a92f-c4314f084d2a,88043275-a5fe-446a-87a3-88aecc61c9dc,
a1e02e2e-681d-48c9-8eb1-3deaeb7beaa7,d3887631-c0cc-4a65-a92f-c4314f084d2a,a6c52f7b-1941-410e-8e53-e0c638a114c2,
3017a344-d66d-4d71-8f99-eedc0e9528c4,d3887631-c0cc-4a65-a92f-c4314f084d2a,a763d341-6c16-43d4-9ae1-75658a2e9a68,
878fad1c-81c3-4350-bc02-eb760204726c,d3887631-c0cc-4a65-a92f-c4314f084d2a,ab18d683-247d-48c9-9126-40f27d258908,
e1a6243c-db8a-4e4c-bce0-670c1bcd23b6,d3887631-c0cc-4a65-a92f-c4314f084d2a,abfbdf25-a83a-40da-b2db-f7c54f544991,
4f452201-92e7-4efb-8008-162ce9df6953,d3887631-c0cc-4a65-a92f-c4314f084d2a,b2901225-3be8-40d7-b41a-e86112979ee5,
f4de8fca-cd79-4ee6-bed2-3209543ef631,d3887631-c0cc-4a65-a92f-c4314f084d2a,c2810e17-3465-4460-bce8-cd58664be09d,
51b91118-9b0f-4ff1-ae05-e3c5cc214762,d3887631-c0cc-4a65-a92f-c4314f084d2a,c357ef38-d503-43a8-b87b-d827bf1c006e,
19ecebe0-786c-4779-b519-5c9f705274d0,d3887631-c0cc-4a65-a92f-c4314f084d2a,cb77f8c5-c965-4891-81e2-aaace7efb6c5,
e1aad902-79e0-4d89-8c9e-3f8546210a99,d3887631-c0cc-4a65-a92f-c4314f084d2a,cbb6c6f9-8050-4ecd-9cef-a1315a2a983d,
c83ad703-fae5-4ff8-8927-bc3500ffe507,d3887631-c0cc-4a65-a92f-c4314f084d2a,d1abc92a-eaad-498c-b1a7-5518f1f61fdb,
0729c074-fb66-40b8-9e6e-3951e0317c76,d3887631-c0cc-4a65-a92f-c4314f084d2a,d6c6bab8-0958-43f0-8f7e-24e4ae0dfe16,
c6fefd42-73f7-4dcc-84f3-3d86fa250e9c,d3887631-c0cc-4a65-a92f-c4314f084d2a,e4aa5c37-0711-4bba-b919-ce88217adf8f,
e357914b-3824-453c-9afb-b5ba6eac75b1,d3887631-c0cc-4a65-a92f-c4314f084d2a,e868de2e-6b13-4a39-bbc2-364b7a6e8557,
abb882b2-25ea-4d04-b89d-3f5cd016f32e,d3887631-c0cc-4a65-a92f-c4314f084d2a,efbb30d8-a0a6-4a99-a37f-420b62ff2921,
d008e10c-e311-4e47-b770-c50e07e3dd4c,d648bcef-5092-4b1f-ab0f-23261d81a02b,1a0248ad-fff9-4bed-82a6-bf6dd191824a,
677f1903-603b-4ac1-a5da-45a112fae114,d648bcef-5092-4b1f-ab0f-23261d81a02b,341b073a-3a4a-4e45-b21e-e2e5c687b377,
062ba532-1b5d-45c6-b987-d8dd72a524ce,d648bcef-5092-4b1f-ab0f-23261d81a02b,3af9ee83-0dc6-443e-83b2-669dc46a7e84,
1715fd93-010f-4b43-93a9-5cc98a98ae47,d648bcef-5092-4b1f-ab0f-23261d81a02b,6e1fe644-f260-4c7a-86db-8f2e9a5a7e66,
8569bd57-e4d7-4a76-acc4-67c033289459,d648bcef-5092-4b1f-ab0f-23261d81a02b,774ea517-1e0f-4123-8e68-d59460d4721a,
edf508e8-b778-4c38-ac6b-88452551ab1f,d648bcef-5092-4b1f-ab0f-23261d81a02b,b2d8ff64-3535-4d8a-a053-ed13d166286b,
b7b49858-f1c5-4892-9d5b-492469b81acc,d648bcef-5092-4b1f-ab0f-23261d81a02b,de53ff03-cb33-4566-bf42-e80cc1559752,
2c1fd517-2f7e-4df4-8fde-3a92b8d8b875,d648bcef-5092-4b1f-ab0f-23261d81a02b,e24cdb56-6dc6-4969-835e-9e63c3bb91e0,
d504d5ae-d872-4010-9607-21f1bb575c3c,d8d08180-7d6d-409a-9781-19ca99802dfd,1bf2b2f1-f7de-4e03-84d8-cc45d608092d,
2898d1f0-bb7b-4d77-b8a7-248d62c59403,d8d08180-7d6d-409a-9781-19ca99802dfd,2522a7c5-c06a-495e-b21b-339712a815ff,
39a41273-16fe-41e3-8888-b032644e663e,d8d08180-7d6d-409a-9781-19ca99802dfd,2abb872e-a766-437d-b584-aedf79e11ad5,
90be2e80-3789-40dd-a108-2aec20f3a5d0,d8d08180-7d6d-409a-9781-19ca99802dfd,489de14f-64fe-422b-bdd8-feb3fb97b32b,
9270b40b-a36d-463e-baf0-ceb571993834,d8d08180-7d6d-409a-9781-19ca99802dfd,73fc94dd-a671-4f5b-99d7-00118dc197eb,
21ff271a-861c-47b6-b38c-3608067bc635,d8d08180-7d6d-409a-9781-19ca99802dfd,7ad6a19c-0768-4245-badf-ccecc0e6def4,
86c2bb92-dc47-4233-b5c8-d331b32d9c43,d8d08180-7d6d-409a-9781-19ca99802dfd,9f1afaa4-d1b5-4eaf-8b45-920c1025144e,
9aa5d4dd-f3a2-494d-96d2-010f5e756ca9,d8d08180-7d6d-409a-9781-19ca99802dfd,9fe50ce6-e41c-4e0d-b9dd-2cffea1ae505,
8fae4ddc-cf37-4988-a379-1070be009177,d8d08180-7d6d-409a-9781-19ca99802dfd,a7bb3914-64f6-4542-880c-af51f9adef95,
77792a77-8214-4d91-831e-43d3603aa3f6,d8d08180-7d6d-409a-9781-19ca99802dfd,adfd1800-9b7a-4919-aeb6-9792c0a2d080,
a64c986b-16b9-489f-9a3e-027a93a8495a,d8d08180-7d6d-409a-9781-19ca99802dfd,b0efbdef-edb0-412e-a407-09804800ae1f,
5203aa1e-2a67-4ea0-9224-875fa6a61fba,d8d08180-7d6d-409a-9781-19ca99802dfd,e6a0479a-c0a9-4d45-abf3-3439d21e784d,
712f2724-4c6f-4308-b2d9-ab5059775964,d8d195f2-d3bf-4fbd-8154-9da23cc185b4,08bf73f2-e3c0-4385-b1e1-b03884dd979c,
33b67660-10c3-4b6f-871f-41a3cf8b5aa6,d8d195f2-d3bf-4fbd-8154-9da23cc185b4,0b461836-ac61-49e7-9104-4d7f59ab2505,
37a566a4-be09-4005-b579-11e3788c0f36,d8d195f2-d3bf-4fbd-8154-9da23cc185b4,0d328ebe-617f-4b1c-a654-06d80c6bfdd9,
43b784db-a41b-49b0-9084-c4e06176eea2,d8d195f2-d3bf-4fbd-8154-9da23cc185b4,1aa56898-468b-46a8-8348-8068612bf044,
d56fa8e6-0bb8-483f-811f-243218cdb337,d8d195f2-d3bf-4fbd-8154-9da23cc185b4,35efc45a-608e-459e-996d-fb1ead8be392,
cb622cb3-4f83-4e35-9b69-b09c5a8048a0,d8d195f2-d3bf-4fbd-8154-9da23cc185b4,39881f10-3f01-43e8-af55-a9c8eba835d7,
3ab7d261-12ab-4404-bd64-9c93033efcaf,d8d195f2-d3bf-4fbd-8154-9da23cc185b4,417da09c-c74f-44dc-8773-b74ad11c9bb5,
0a311b8c-2ea9-4dd6-a00a-13bc605332f5,d8d195f2-d3bf-4fbd-8154-9da23cc185b4,4c9f2f83-b576-4242-82f0-1cb51b868da5,
7ca3e3ad-e12b-42d3-bca6-f8c4386f293e,d8d195f2-d3bf-4fbd-8154-9da23cc185b4,573d0e5f-a973-47e8-ae94-3fbf42a9e686,
4266205f-e6f0-419c-b5f5-fe49110659ba,d8d195f2-d3bf-4fbd-8154-9da23cc185b4,58ecb1c1-7ea7-433f-9c39-110a5938027e,
cf74e82e-420f-4758-864a-e30c759411c4,d8d195f2-d3bf-4fbd-8154-9da23cc185b4,5ad6a661-cc65-4fb3-ae94-47730a95c918,
3b869574-3f82-429e-b58a-ba7db3ad7547,d8d195f2-d3bf-4fbd-8154-9da23cc185b4,5ff627ff-feef-408a-8ef2-2b0ed175ba56,
aaa52894-e478-4056-83d1-e077d31d1b0f,d8d195f2-d3bf-4fbd-8154-9da23cc185b4,61e4d742-54aa-46e5-a0cd-66c121cba842,
ac54bbca-2e88-4e9a-871b-d49e2b958438,d8d195f2-d3bf-4fbd-8154-9da23cc185b4,62274c14-3dac-482a-ba7a-a87160bc2a26,
7442166b-029d-4733-b9fe-8504144be3bb,d8d195f2-d3bf-4fbd-8154-9da23cc185b4,6f528fdb-990c-4d26-a407-e2acc2d9f311,
46d49fc6-338f-43ca-beb0-26e9989a1725,d8d195f2-d3bf-4fbd-8154-9da23cc185b4,7064dc2d-d2d5-447e-9531-aeb27af97746,
66949984-a1d3-4b40-bb03-1e84e6d82773,d8d195f2-d3bf-4fbd-8154-9da23cc185b4,72b010c3-4d90-4c18-ac2c-e170f04f44a6,
c866921e-afaf-4307-a5e3-09e6c4c9dc8f,d8d195f2-d3bf-4fbd-8154-9da23cc185b4,740acf25-432c-4abe-9e3a-94ae1dcafca6,
bb54b126-598a-4d5e-b088-ce9540884366,d8d195f2-d3bf-4fbd-8154-9da23cc185b4,75e39f93-0eb0-439e-833b-845d23b327df,
630163d1-bc76-4b70-8136-2cd914ae1c24,d8d195f2-d3bf-4fbd-8154-9da23cc185b4,7b23da9a-6ae9-4ee4-9c9b-bd0e2eb72e72,
e6336f36-5987-4109-9c8b-824f8f5c89e4,d8d195f2-d3bf-4fbd-8154-9da23cc185b4,82e69929-b3f9-4347-af85-a5040199747f,
8ee03bc9-6ef3-4d98-b0a4-7c4f6db6859a,d8d195f2-d3bf-4fbd-8154-9da23cc185b4,895f7898-af17-47be-b05f-587098b10bed,
4a898446-7277-4bb2-9b17-938aaf202895,d8d195f2-d3bf-4fbd-8154-9da23cc185b4,933a6c75-e126-49d2-8477-1ee1b41b385f,
a889f563-81ad-4858-85e4-7e71af59eee9,d8d195f2-d3bf-4fbd-8154-9da23cc185b4,93aedd15-6c93-498a-8a61-b26cdfa40b67,
b98c2f84-c71e-4883-9cba-01b1cd6b1416,d8d195f2-d3bf-4fbd-8154-9da23cc185b4,a65bffc4-b977-4f2b-9fc3-cb91016e5361,
c61f3cb7-6573-42d9-86a5-8b6f80f82658,d8d195f2-d3bf-4fbd-8154-9da23cc185b4,a7480038-ec94-4fc0-962d-61d12ea62a30,
83c5c58f-3662-4a72-8c64-610b6994f726,d8d195f2-d3bf-4fbd-8154-9da23cc185b4,aedf8c72-c702-433d-b38f-1340261d4fef,
833d4823-4404-40f1-8939-88233b1da0a3,d8d195f2-d3bf-4fbd-8154-9da23cc185b4,b91276e1-4f1e-49ec-8c5f-a0b3c6ef897f,
8c01cf91-61d7-41b2-8ca2-75a20a81994d,d8d195f2-d3bf-4fbd-8154-9da23cc185b4,ba5a97b6-7354-47a5-a0d5-e1c4cce59ba9,
5027885a-6121-4511-8ae4-27465108b27b,d8d195f2-d3bf-4fbd-8154-9da23cc185b4,c9deb0e1-6d2f-43a8-9f6d-5cc29793e994,
8cd7e7e2-6c58-49a6-a0fb-67bb046b99e2,d8d195f2-d3bf-4fbd-8154-9da23cc185b4,cd43d020-2783-4d5c-98ef-2c9ce876c2dc,
26d69dc1-0eb5-4681-b34d-77ea4afe2719,d8d195f2-d3bf-4fbd-8154-9da23cc185b4,d8a0601d-88eb-4e0d-8f48-fabbe30c120d,
b4e6cbb0-d49c-4d04-b036-e47f24edef56,d8d195f2-d3bf-4fbd-8154-9da23cc185b4,f7a7337f-505f-4a65-85c8-2a3ced795289,
22cd1316-64ef-40fe-b455-9117ab63273d,d9328b2d-97dc-45bb-a89b-181be62c05ad,1f1636e6-d842-423f-bd36-ebdd223a2164,
0971dd17-f8d1-4a25-9a91-276231d4a13a,d9328b2d-97dc-45bb-a89b-181be62c05ad,68ffa7ba-1514-49cb-b87f-d04fff0a8667,
36d57778-c77a-45c7-98e0-2e17be5c91fd,d9328b2d-97dc-45bb-a89b-181be62c05ad,941664a8-4af7-4000-940e-8e21cd3b07b4,
efe12df1-497f-43f9-b7a5-4f1e0c7bff8d,d9328b2d-97dc-45bb-a89b-181be62c05ad,cc14a87e-910a-4386-b99a-2fd801867a4e,
50a10021-31bc-4ee1-87e2-be95787893f4,d9426381-4a07-4fae-9afe-cd2b8e110b63,09270dca-5970-4735-98fa-7ca7a4d213b4,
5d2bee04-1b4f-4dd4-976d-9f1106b17238,d9426381-4a07-4fae-9afe-cd2b8e110b63,16ca64f6-fe3f-4701-8372-a8df98f09398,
ec53c395-fbae-4a52-8093-9a9b190b5b8a,d9426381-4a07-4fae-9afe-cd2b8e110b63,17879658-656a-4d19-9fce-a61bd757ab87,
e21012e8-af19-4bb6-8430-0f8e0c351d1d,d9426381-4a07-4fae-9afe-cd2b8e110b63,b9f1a7d3-9dad-4730-ad34-fa3a0fffe965,
f436fd06-f9b6-492c-9ac4-11f404983f77,d9426381-4a07-4fae-9afe-cd2b8e110b63,d40a452d-dd58-4cf6-ab1e-caaf7b715f73,
6034852a-6814-470b-b89b-6169504e8c83,d987c65c-05d6-402f-bf5a-6b2551048979,048c5dd4-4af0-46c9-afb0-79eed665e908,
67f48d0d-4108-413f-ba2f-faf8818535a7,d987c65c-05d6-402f-bf5a-6b2551048979,108075d2-dfd1-4d3b-a775-be03b3efd04c,
5f338f7d-fc3f-40d3-a630-9687672be928,d987c65c-05d6-402f-bf5a-6b2551048979,33b106ad-56f6-4f5e-9351-d2f3ef35489d,
f95d57ff-46a8-4e76-9b11-c643386f5267,d987c65c-05d6-402f-bf5a-6b2551048979,4888cdbe-4d52-4fde-a6af-606ab814872e,
05f35320-fcd8-4019-bac0-557d67c4e02c,d987c65c-05d6-402f-bf5a-6b2551048979,52a5a39f-dc3e-436c-8f7b-2c4f85734a41,
ccae7b94-a485-43bd-9773-a9d4b630d784,d987c65c-05d6-402f-bf5a-6b2551048979,56d3f030-b9d4-473b-b39e-14471488e1f6,
e999d343-ee40-4e07-927c-c6608ee7586a,d987c65c-05d6-402f-bf5a-6b2551048979,65f2fe88-1591-4f9e-a580-02dddc8f31e6,
31e0b8e4-235b-4a3d-8384-d1dd36b14933,d987c65c-05d6-402f-bf5a-6b2551048979,bd7e987b-2b14-4881-b0ac-3abfd3fceb4d,
0188e3c1-1184-4679-9ef4-b60772d4134f,d987c65c-05d6-402f-bf5a-6b2551048979,c03406ef-d0ce-485c-9be2-8e7c0c920eaf,
8c1a4101-f7cd-4c5e-bb20-42a6e8b43ff6,d987c65c-05d6-402f-bf5a-6b2551048979,e03719d4-cfb1-40b7-8c53-cc77071d6942,
c9176357-d468-44ec-bfa3-9ef03810b018,d987c65c-05d6-402f-bf5a-6b2551048979,e41ecfee-a177-4082-832d-1f481aba0b2d,
a81643f4-1a35-441d-88aa-2f541996b4ee,da3f28d0-6c12-4b8f-8e81-648700acddc8,e01061e0-9379-4698-9cf9-bc73712168d9,
d6f28b69-2c80-4590-9813-9fcff9f0ab57,da6829c9-3f04-4b70-ac13-e7e96819f072,0e321d83-166d-4574-92ab-aa4fc9343d47,
42cb7cc8-2f1b-4298-899b-8f0301976c69,da6829c9-3f04-4b70-ac13-e7e96819f072,291638b7-f8c3-4456-bfe8-06ec2bd1154a,
72e62984-6e4d-4c0f-8813-b59a6abcf7fd,da6829c9-3f04-4b70-ac13-e7e96819f072,2b7ae17c-cfa1-43a3-b87d-cd3546f31efc,
eb8ae743-03bc-4a16-a98a-9a346474b98a,da6829c9-3f04-4b70-ac13-e7e96819f072,308c42bb-3841-493d-a78f-364469c3b0c2,
27a4cf4f-05cf-45ab-8061-ea660257116b,da6829c9-3f04-4b70-ac13-e7e96819f072,46e0946d-2841-4e5a-80f2-9a34f5b00d74,
e95e2956-19ec-432e-b32e-b818406c9dd7,da6829c9-3f04-4b70-ac13-e7e96819f072,65781496-6075-43a9-8325-f1bacae3a4dd,
2fdd3ccd-c1c2-4914-a6f2-2f012efc9c1f,da6829c9-3f04-4b70-ac13-e7e96819f072,6b3ca855-7613-491a-9b75-3439e75cc8a7,
4c3579a0-fa67-49bd-945e-7dcf40e7f8b9,da6829c9-3f04-4b70-ac13-e7e96819f072,7b4965a3-8bcc-471c-b23f-5c89272ca4a2,
b0990cfe-a2a4-44da-8f44-b0ff9496f418,da6829c9-3f04-4b70-ac13-e7e96819f072,a79f49a4-b476-41cc-a81f-c66a58d3ad18,
b7367568-df82-485d-8600-999e178f7b2d,da6829c9-3f04-4b70-ac13-e7e96819f072,a7b57934-d192-41b4-9f2d-6b3a5c7c0cf4,
8ca072aa-ca11-44a3-acfc-c22a9f221410,da6829c9-3f04-4b70-ac13-e7e96819f072,b11549a0-5dcc-468f-8a91-ae8fc9a3fed3,
b3c5861b-9685-4ac6-a5fa-774e3deef650,da6829c9-3f04-4b70-ac13-e7e96819f072,b6a58313-0a40-4f59-9607-486902b526de,
c60447b2-5452-4d7b-9dc5-bcf72522dd8a,da6829c9-3f04-4b70-ac13-e7e96819f072,babb91b3-a7a4-4164-9fa8-9445a26dbd84,
649fdacb-df22-4d35-86f4-9b3d59ee139a,da6829c9-3f04-4b70-ac13-e7e96819f072,bb562a16-d6fd-418f-b7e7-cf43e4b61331,
78d681de-e43f-41c0-b784-fb987574b924,da6829c9-3f04-4b70-ac13-e7e96819f072,be4de616-e07d-4367-ab90-6259f13bc719,
bda015a3-1359-48e6-a4bd-fd552488560e,da6829c9-3f04-4b70-ac13-e7e96819f072,be531ea8-771a-4f9d-85db-7fa5a491057d,
dd67b116-27ee-42a9-8227-09e846f9ac02,da6829c9-3f04-4b70-ac13-e7e96819f072,da136da2-ba4a-4aa9-9cdb-0383637d975c,
3fe0e761-27de-46b0-a462-1e3a512d4543,da6829c9-3f04-4b70-ac13-e7e96819f072,e5fd6f33-3c27-43aa-9c8e-b525d78d8c05,
f0065599-5eb4-409e-a144-2cf4e02c5563,dac7c8ff-e7c3-4e62-abeb-45f2a7af1f1a,041798d3-5971-47f3-8f2d-906f9f935235,
9ecfff56-57c8-4e76-b23b-7f35309342de,dac7c8ff-e7c3-4e62-abeb-45f2a7af1f1a,0ac1ac7c-aae3-409f-b755-57c1344cb936,
ab43abc6-91d8-45d3-9dba-235ea1ff77b2,dac7c8ff-e7c3-4e62-abeb-45f2a7af1f1a,177436e2-6d81-454f-86d2-f0b29ba0f54c,
ed41c0bf-7471-4598-89f9-02899cc2f649,dac7c8ff-e7c3-4e62-abeb-45f2a7af1f1a,21e012c7-f86c-488b-a460-2504752a71a2,
e919dcbc-69b1-4ce7-8aa9-84b7089ebebb,dac7c8ff-e7c3-4e62-abeb-45f2a7af1f1a,247d8a59-fb8a-4a4e-8d37-5f16696eda97,
47662139-c083-423c-abaf-2e79b71b694d,dac7c8ff-e7c3-4e62-abeb-45f2a7af1f1a,3013563e-b887-4fee-9509-fc0a3809da00,
35d610f7-8b66-408c-ac8e-6bbd847c238d,dac7c8ff-e7c3-4e62-abeb-45f2a7af1f1a,31bb5077-52e9-411b-9d5e-23fe10ae47a6,
df03132f-1a2f-4e53-bbb3-ba40d1f50e16,dac7c8ff-e7c3-4e62-abeb-45f2a7af1f1a,330227c2-d489-4d24-bda1-7f098e0f4f4c,
27a9c20f-414c-4dce-b624-4351ceb32b99,dac7c8ff-e7c3-4e62-abeb-45f2a7af1f1a,45da355b-9741-4d0b-977a-036803b90c32,
346a71e2-5039-4565-9d53-8e776e97a8b4,dac7c8ff-e7c3-4e62-abeb-45f2a7af1f1a,48b7ee1c-29f6-4f40-98eb-f159278303f9,
f405e856-f696-482c-82ce-9d1565228941,dac7c8ff-e7c3-4e62-abeb-45f2a7af1f1a,4a40dbb2-f499-4406-8e29-fd688d5bb39b,
b9394a00-614c-4a3a-81b6-47326e0da647,dac7c8ff-e7c3-4e62-abeb-45f2a7af1f1a,4a8f53c9-c953-4eb5-84d4-3a981144c3ca,
272cbc60-9a96-4e1c-982e-8b4e921ca099,dac7c8ff-e7c3-4e62-abeb-45f2a7af1f1a,4d3c3250-9fe7-4941-9681-e9855514e5e5,
750d5adb-2f12-49d5-bed6-d36f093851bb,dac7c8ff-e7c3-4e62-abeb-45f2a7af1f1a,4fc0acfd-debd-4575-a831-93224756aef5,
21b63fe2-b745-412c-949d-c4e3acc64e60,dac7c8ff-e7c3-4e62-abeb-45f2a7af1f1a,67170b79-8d1f-4f41-bdb0-1ebc4ceeaf2a,
0ab931a1-b0be-4246-927a-3f0730ca4189,dac7c8ff-e7c3-4e62-abeb-45f2a7af1f1a,6b502808-89c8-40d9-a56d-59c079dc2d16,
7cbaa5f7-ff1d-4df9-9890-d6eb0075d992,dac7c8ff-e7c3-4e62-abeb-45f2a7af1f1a,736f6573-4bff-4f0c-83fd-1a6caa67aa56,
2962c259-bef5-49e2-8c6b-abe836ca4a71,dac7c8ff-e7c3-4e62-abeb-45f2a7af1f1a,76349465-6abf-4cb2-81f4-5658c7848e66,
65fa32bf-9eb9-4092-8afb-7b32f69002e0,dac7c8ff-e7c3-4e62-abeb-45f2a7af1f1a,76afc9a7-828b-4228-a999-0efe5c4707e4,
90c1a15b-0a65-4b1e-88cc-3194be137c4c,dac7c8ff-e7c3-4e62-abeb-45f2a7af1f1a,79c646e4-ce6e-4bdc-8084-b219d9709df1,
c71bd251-0bf2-4198-85c7-e47fc0b3ad72,dac7c8ff-e7c3-4e62-abeb-45f2a7af1f1a,7ceb23fc-f5c7-482b-a630-4229eb55a860,
49d3d95c-c570-4c1a-8033-77b6f556df79,dac7c8ff-e7c3-4e62-abeb-45f2a7af1f1a,7ed5f45c-4e83-477a-86fa-a5165fe51bd3,
c274ba68-1d43-4998-8850-5ca241490775,dac7c8ff-e7c3-4e62-abeb-45f2a7af1f1a,ad70849e-20ec-4864-8ea5-bbd6820799ad,
cfed1657-3633-4409-a834-4d6a93df9acd,dac7c8ff-e7c3-4e62-abeb-45f2a7af1f1a,cb5adbac-edeb-47e9-8dd9-f20e37bf55d6,
9ba3c61a-a087-43d2-a64b-7d9621af665f,dac7c8ff-e7c3-4e62-abeb-45f2a7af1f1a,dca2381d-64f2-44b4-bd39-2d90baf4c4dd,
65caaa80-cf42-4160-872e-15152892833e,dac7c8ff-e7c3-4e62-abeb-45f2a7af1f1a,e53a7dd2-8f85-472d-b46d-c98a7a04ab91,
ee52ac81-b626-4a83-aaa9-4fa51addeed5,dac7c8ff-e7c3-4e62-abeb-45f2a7af1f1a,e6e362b2-fcf7-4a3d-a2f1-1e2c57a50e3d,
21e74ff2-ce6e-435e-ae12-2333617118cf,dac7c8ff-e7c3-4e62-abeb-45f2a7af1f1a,e80acd30-28c3-4158-a718-5a8e3a8f4a88,
c032a6bf-6e68-4372-8adc-340553d1515c,dac7c8ff-e7c3-4e62-abeb-45f2a7af1f1a,ee450692-32a5-476a-8fbf-15715e3f5418,
659e4dc9-0ff8-4b54-98cf-88572a0e1a0f,dac7c8ff-e7c3-4e62-abeb-45f2a7af1f1a,f060f4fa-ce9a-49a2-b0b5-24ed7983c5c0,
5d5a7209-c216-445e-8cf0-bb2912583d72,dac7c8ff-e7c3-4e62-abeb-45f2a7af1f1a,f1d37ecf-4f09-41b3-b4c3-92ab2103a85d,
541dfb4a-6f4f-40dd-97f5-62dd92abadf8,dac7c8ff-e7c3-4e62-abeb-45f2a7af1f1a,f9cd5c50-a73b-4f8e-8481-ff5510857913,
f3a23aa2-4c0b-4a3f-913f-94244695d440,dafb67f2-573c-41fc-afac-4c594de5ca89,c71a99a9-f398-4fa7-b5c1-d1dad136413d,
a28a013c-5fc4-4236-afc0-152f01ea4116,db2597ed-28c3-4170-8176-0d27d14b54e6,0bd96587-d726-4788-9580-b85ed3768c09,
17fbfef7-c08b-4d1f-a2e7-7bcada469723,db2597ed-28c3-4170-8176-0d27d14b54e6,13b6e8ba-63da-41ae-b5b6-18cc6703d1d8,
2d304588-77a2-428a-8d45-853152f08856,db2597ed-28c3-4170-8176-0d27d14b54e6,302b4641-f8d8-4031-b8e2-d19f510bd93e,
95d0b09d-754e-4c7d-a7b9-59059e77a07b,db2597ed-28c3-4170-8176-0d27d14b54e6,3246e0ba-bb78-48a7-b0fb-db8aa156539a,
846e14d3-1bc7-4b3d-8e53-6ca15f95c7ac,db2597ed-28c3-4170-8176-0d27d14b54e6,3b070f86-11a3-4927-b172-62cc265b500d,
f3553fa7-60be-43cb-adc4-c9de2ef64d5f,db2597ed-28c3-4170-8176-0d27d14b54e6,6037b606-89ac-461a-88b8-2f86c031e034,
9c50fff0-2b4d-412a-96c4-983ef30c8c3b,db2597ed-28c3-4170-8176-0d27d14b54e6,76ac7813-4e13-4647-8219-b8f9d4089dcc,
7e88968d-fd45-4c42-9bb5-a48d3c2a70a2,db2597ed-28c3-4170-8176-0d27d14b54e6,7efe61eb-3e40-481c-86bb-a404ca4ce670,
d2ba5221-f05d-4a35-a08f-c6a97f4da5e8,db2597ed-28c3-4170-8176-0d27d14b54e6,a2f0e3ba-e74a-4142-aafc-8f8d41506813,
c96d717d-f7bf-4abe-85cf-855ce463b50b,db2597ed-28c3-4170-8176-0d27d14b54e6,f8d58762-dcd1-482f-956d-3a16474bfa74,
69cd04df-1ce8-4e72-ad36-4f7b3aef6052,dc540fbd-c72c-4120-ba99-2e0a8d5df7da,019e8520-3aa3-443d-9eb7-d7acf1f967d6,
8532b2b8-4660-45c8-8b4c-db7ef7126718,dc540fbd-c72c-4120-ba99-2e0a8d5df7da,2be681b2-4f36-4b07-b6da-b7f95f4e3cb9,
696b89cb-0a0b-40ad-958a-170e39723b2c,dc540fbd-c72c-4120-ba99-2e0a8d5df7da,3d018dca-bcda-4ecc-9fe4-6982d3f297b9,
e877707e-5214-4851-8957-5fa21b466d64,dc540fbd-c72c-4120-ba99-2e0a8d5df7da,47ad1fe3-0583-4016-8533-622cfaa13a1c,
23947245-7091-4fde-88d5-bf74a587f8e8,dc540fbd-c72c-4120-ba99-2e0a8d5df7da,47cdb83d-5679-4e41-a059-e36ed6624131,
1ff382dc-2a65-43b9-9b2a-9c940514364a,dc540fbd-c72c-4120-ba99-2e0a8d5df7da,50c4c579-56d6-44d6-b1a8-ea9da9e0dfee,
ec45635a-5dbb-4395-b10c-e53f18ca592d,dc540fbd-c72c-4120-ba99-2e0a8d5df7da,99f1d663-f147-449b-82ce-d782a4d2dcf3,
18ba2aae-d53e-46a7-a700-d691a6d0cfa2,dc540fbd-c72c-4120-ba99-2e0a8d5df7da,a0beddac-cf5e-47fe-8a68-464dbba474d0,
78bd1b97-5c57-40cf-bee8-760e16d16cc5,dc540fbd-c72c-4120-ba99-2e0a8d5df7da,dd1434f2-eee8-44be-b9a2-7a66cea0681e,
170b33e5-0ca7-425f-9eb9-907e66c54e12,dc540fbd-c72c-4120-ba99-2e0a8d5df7da,e2e3ca53-7a9b-417b-8520-974e732e0379,
6ea5c9c5-1618-4703-9f64-4a0ebf3b71e7,dc540fbd-c72c-4120-ba99-2e0a8d5df7da,fa2e8e4a-5275-405a-bb49-c9c56ac95da4,
97c68bde-ff38-44ac-b5a2-728d0791c116,dcb6ce0c-81f6-4fd6-912d-e1230df0236d,224bc5a2-a8af-4b98-9abf-0ba21aa59a0d,
dc8898d9-66a3-4f06-b3dc-825ad98db33d,dcb6ce0c-81f6-4fd6-912d-e1230df0236d,311e3570-1272-4124-b45b-38aec7552353,
d7efdceb-9d01-4298-ab1c-ec3d44630622,dcb6ce0c-81f6-4fd6-912d-e1230df0236d,34ed95f2-a41e-49de-bccb-ef7a6e324007,
4e940180-ceeb-4ba0-a7cd-e65427c01dc2,dcb6ce0c-81f6-4fd6-912d-e1230df0236d,5096bfc0-ec6e-4d52-8b89-54320f2833a9,
c4dcc8fd-dbb7-48c5-b886-80dd4102abeb,dcb6ce0c-81f6-4fd6-912d-e1230df0236d,68cd0feb-7b86-4897-b8d2-b2ce00c351c8,
e22006eb-bb42-41e8-868c-93762aaf68cb,dd8c9fd0-5764-4d72-ba2c-3c8b01165f28,04bd9772-b795-40ae-bda2-72927d0279ef,
29e50c76-ad41-4fd7-9aae-a0854b871259,dd8c9fd0-5764-4d72-ba2c-3c8b01165f28,3faa0220-fdfa-4c71-84fe-53718bc0e09c,
153d69f8-1a89-4c20-8854-0e2f746c7cf4,dd8c9fd0-5764-4d72-ba2c-3c8b01165f28,8670fbd1-884f-4d10-b26a-09330706239f,
568c6291-bef0-43b8-894e-6b681b4a9d22,dd8c9fd0-5764-4d72-ba2c-3c8b01165f28,8f75b7fa-fd27-4ccc-aa1c-9efcb53010a9,
fdcb2ee0-eb05-4b6e-8186-b8945546eef9,dd8c9fd0-5764-4d72-ba2c-3c8b01165f28,90b202e2-2a1d-41d2-b1e5-ad2fe163d05c,
8fb5df4b-2d37-451b-99ae-a80febc328dc,dd8c9fd0-5764-4d72-ba2c-3c8b01165f28,98d2b65f-fa07-41c8-9cd6-2dd30f7a3ba1,
2887779f-3e35-4344-a4c5-aef39d4e8513,dd8c9fd0-5764-4d72-ba2c-3c8b01165f28,a426d305-e9b9-4bed-b565-d89a99447553,
36b1662f-95dd-41c3-b58d-f8b65b40252f,dd8c9fd0-5764-4d72-ba2c-3c8b01165f28,b010d978-19a5-4347-a15b-2ded04522295,
3efa4a37-0d03-486e-a74c-9059527972ec,dd8c9fd0-5764-4d72-ba2c-3c8b01165f28,c19aab2b-e697-4fb5-b449-ddebcea2d055,
361835a3-8f18-4ad0-9399-a06e2368829f,dd8c9fd0-5764-4d72-ba2c-3c8b01165f28,c6184391-9f1c-438f-8e58-152cb08f029a,
35c43436-d45b-4bbc-98e9-618f457d09e2,dd8c9fd0-5764-4d72-ba2c-3c8b01165f28,c65db79f-f5e1-4360-9bab-b12636a8919c,
eb6ac7ed-05df-4b36-b056-164eb5a6cfb9,dd8c9fd0-5764-4d72-ba2c-3c8b01165f28,d45d8036-dacd-4369-a2e9-b177c7f674c4,
64c7e5b1-c4ee-45e1-91b4-123ab76acd61,dd8c9fd0-5764-4d72-ba2c-3c8b01165f28,dc80dcd0-41b8-47a4-bfd7-46b4c6bced9d,
c2b23f90-6531-4fc8-a112-e8e4cd15dbbf,dd8c9fd0-5764-4d72-ba2c-3c8b01165f28,dd45e1ee-69ff-4864-a733-01d84805ea74,
d676e0ad-669a-47d2-9880-dbdf3065e86f,dd8c9fd0-5764-4d72-ba2c-3c8b01165f28,df3bad14-2e2a-45ec-b0e1-655c0ce8eda0,
2714e076-acc1-406e-880f-7cfdfa341de2,dd8c9fd0-5764-4d72-ba2c-3c8b01165f28,e470eb05-ec79-42d7-b09b-54a8d51155c8,
f0997ebc-7476-4ef6-a1de-0e5ff1700c1f,dd8c9fd0-5764-4d72-ba2c-3c8b01165f28,eb0844f8-d4bb-4f05-8298-3ab770285bf5,
0ebfcd1b-4f78-4585-bef7-2c40b29f9b2e,dd8c9fd0-5764-4d72-ba2c-3c8b01165f28,f105ddf1-eb5b-4bc4-bcd6-34aebf509b50,
1e7117d7-e68d-40e6-94b5-efb23d8cf6e3,dd8c9fd0-5764-4d72-ba2c-3c8b01165f28,fd0f448d-eb6a-485f-8f38-7dff30a08d4b,
6521ed95-27ac-4fe4-937d-50c84f0ae0e0,de1e7fda-9ce4-4308-968b-7a0dba3c04b7,03eea8db-96b3-4305-b445-b9983f8b8853,
a47e09db-2486-4ae3-9269-14abe0f8709e,df8aced9-4b03-4463-b0fd-eb7038b24dd2,53cd4813-0599-4bc5-8280-b310c7b0ef4f,
d5177bc2-1101-410a-83c3-782a11ef2624,df8aced9-4b03-4463-b0fd-eb7038b24dd2,a14d9060-43a9-4021-988a-15b77eafa03e,
1ee14bf6-df05-4471-8063-f618171c0829,df8aced9-4b03-4463-b0fd-eb7038b24dd2,ee5a5225-cb48-42f6-9ee3-3a94115fac6f,
f99df2d9-70aa-4f56-8d98-6c23802b1ca0,e0d4ebfa-9e58-415d-aac1-1b88a1a6418b,058a8e50-c79d-40fb-aedd-3be2b29ddb90,
3b2f16de-f222-4fd9-9581-a9cfaa7f8fed,e0d4ebfa-9e58-415d-aac1-1b88a1a6418b,0b87c78d-adf9-4de0-b6a8-75715ef211fa,
22084c97-1990-4b28-859c-96c509f49229,e0d4ebfa-9e58-415d-aac1-1b88a1a6418b,36c7c43f-f560-4d9d-9b8c-e4214cc78fe8,
b79a8655-68da-4492-a609-068818f523dc,e0d4ebfa-9e58-415d-aac1-1b88a1a6418b,7300d278-4d44-45a7-a8bc-7b252c965a47,
b14ceb84-d215-478e-b14b-940e6a577f00,e0d4ebfa-9e58-415d-aac1-1b88a1a6418b,76ac35f5-b223-4616-9a0d-9fc472dfcd10,
c88dfe44-8a77-441b-b0e3-247725aba304,e0d4ebfa-9e58-415d-aac1-1b88a1a6418b,799e8668-0fa5-4387-aa71-6bd6f9212333,
e746f7d2-9408-4592-9237-8b176df1cdea,e0d4ebfa-9e58-415d-aac1-1b88a1a6418b,822c0716-9196-4faf-8891-42599beb1c4a,
6f1a4cd2-e27a-4159-b88a-09fe1e5722fe,e0d4ebfa-9e58-415d-aac1-1b88a1a6418b,96b365f1-b947-4793-957f-626d0ba00c61,
c594d11f-3957-4aa6-86dd-b9d188ffaf49,e0d4ebfa-9e58-415d-aac1-1b88a1a6418b,9ff9aebf-3300-4295-89ab-1c09922a9c40,
be2af3e7-b982-4294-b05c-e8055e87d865,e0d4ebfa-9e58-415d-aac1-1b88a1a6418b,ad4066f6-150b-4a9a-977e-0f1f40e2b444,
dc0ebf42-2f28-4800-a223-003ed2bb79f8,e0d4ebfa-9e58-415d-aac1-1b88a1a6418b,d1e535e9-26bf-4f70-a4e1-92a729e1474c,
eabbe304-8448-43b7-ad2c-5d61577ffdd1,e0d4ebfa-9e58-415d-aac1-1b88a1a6418b,e6df8ac9-1ca1-4c26-be15-be25bdf05d7b,
3e35446b-4fec-4dae-a086-d55622c209a7,e0d4ebfa-9e58-415d-aac1-1b88a1a6418b,f0ed47c4-63b4-4f9f-9f3b-8b9f42d41f3d,
283172f3-7a50-4b12-9cc0-e72ca1b4a15f,e2959029-6c95-4542-afa9-0192556c5689,80ae77bc-4894-4ec6-a804-c735802cba98,
8ca8c165-22ae-4ac8-a8a2-c68402d8873a,e2b30fbf-31e3-4aef-862a-354ae5e780bb,0b3dfcd5-9952-4329-9d78-62e704e5b7ef,
e7cfcab7-e840-4c46-89ac-527521956818,e2b30fbf-31e3-4aef-862a-354ae5e780bb,60469ccf-3b96-4492-810a-3bb9704ec589,
7e891e34-a1f4-478d-a701-df03391f21a6,e2b30fbf-31e3-4aef-862a-354ae5e780bb,7c3c37bb-c888-477e-a9ff-ebf6c9f958ea,
13c6147d-178b-4cc0-a99d-d80aeca0fa5f,e2b30fbf-31e3-4aef-862a-354ae5e780bb,ac0c2989-dcc8-42a4-af83-78155de9d209,
6ee733cb-6457-4349-9e93-f92dee1ae941,e2b30fbf-31e3-4aef-862a-354ae5e780bb,d84366f7-8f51-4e85-8f46-1589e983555f,
6bafe6b9-8cd8-40f7-b9bf-108d3bd6c1fa,e2b30fbf-31e3-4aef-862a-354ae5e780bb,e583cd10-cc6b-44c0-a84e-96503c934749,
3bbb617e-df68-4234-a2b8-13935ced341c,e38b1662-b710-4f0a-9f8e-43ba26b9c1be,5226cffa-efb4-4694-9430-8dc53be6eaee,
ad1bc8c5-04da-4512-ab29-7c1d9e32b740,e38b1662-b710-4f0a-9f8e-43ba26b9c1be,6a48677c-8d38-4342-982c-bc3b6130d1e1,
a2982b50-d9c0-453e-888a-e7ee5eb2783f,e38b1662-b710-4f0a-9f8e-43ba26b9c1be,97873091-9d84-4414-829b-9799b975dd55,
68ff5022-2756-4b75-860a-998f0ded234e,e38b1662-b710-4f0a-9f8e-43ba26b9c1be,9bd7d28e-2983-43fe-a279-c64768bc1914,
3b35fc01-64e7-4b0f-b5ce-664f5921d475,e38b1662-b710-4f0a-9f8e-43ba26b9c1be,bc7b5c50-0718-4c5a-9e35-4c295d512fdd,
08bb2d3f-4d44-448e-878a-aa24d16b58d2,e38b1662-b710-4f0a-9f8e-43ba26b9c1be,c3906478-5c47-433e-9841-b3c4f37ec031,
650ff5df-1ee8-445b-abc8-4d61fdda2ba4,e38b1662-b710-4f0a-9f8e-43ba26b9c1be,d977db7c-9c68-4a2a-91d5-675105ee78fe,
7a6591e0-9f42-4406-b109-fc169dc36bcd,e38b1662-b710-4f0a-9f8e-43ba26b9c1be,eed2b7cf-636d-4c34-9a21-d9ce369e1813,
ab9d2e27-ca64-4b42-be39-b8b5abeeda74,e5686f83-e5f7-42cf-bea0-32c210489f61,1f25c1d9-a342-4492-a336-30a38747c192,
dc5b19b8-e799-416e-ab76-6425c9536016,e5686f83-e5f7-42cf-bea0-32c210489f61,56e5e22b-3600-447e-9481-63dfa310bf7b,
18fcf090-1377-4853-baaa-6d57a0519d78,e5686f83-e5f7-42cf-bea0-32c210489f61,77af04c9-5a7a-4c2b-9d55-a70cf7982a33,
8a881d4d-81d8-4057-b41a-5e88a8127ccf,e5686f83-e5f7-42cf-bea0-32c210489f61,95717cba-5249-46bb-84e7-f309638610a7,
a853e1ba-558a-4e65-b340-3ebf4b0c4085,e5686f83-e5f7-42cf-bea0-32c210489f61,b481e5e9-4c14-4713-9f82-4db756f0d59e,
c85c51d7-5b5f-4c85-894b-8a1cb951a6a9,e5686f83-e5f7-42cf-bea0-32c210489f61,c3f442a6-70d3-4e6d-9cd3-aa5a30dae536,
f9d37056-e21b-4725-b14c-dc6695d66c74,e5686f83-e5f7-42cf-bea0-32c210489f61,d592f36a-b180-4a53-bdf6-7063a837afff,
2dd49712-1e10-4780-92b6-48eff3d63fcc,e5686f83-e5f7-42cf-bea0-32c210489f61,e391252c-6c3a-417e-93ae-22a2a2e55a78,
c8a5d1da-ec77-4dae-8c94-ab76c39d1ad9,e5686f83-e5f7-42cf-bea0-32c210489f61,e79c9b3f-628c-4767-b95b-4b19f58c3a1b,
443b4047-ed17-45c1-aa32-e19766c63702,e5686f83-e5f7-42cf-bea0-32c210489f61,ece412c0-e48c-43d0-bbd9-d4e050cd2a1e,
7f88c923-d7ea-4008-866b-84b0fc77e937,e5686f83-e5f7-42cf-bea0-32c210489f61,f425efa9-259c-44f8-a70d-a3f12832583d,
3c879472-b359-4c9c-8617-78ff60778f33,e5ba2b84-f479-414a-b64e-a5df3b66f612,0d462ccf-a15a-484d-85a1-4c2e37d79055,
bac16b4a-9015-40de-ac51-959c8a8465c0,e5ba2b84-f479-414a-b64e-a5df3b66f612,2c6f8e7a-77ce-4ee7-92db-be336684412a,
93d3d968-c6b9-448a-b2bc-845a6585e255,e5ba2b84-f479-414a-b64e-a5df3b66f612,6f9650f5-8e07-412f-bd40-bc55bdf525bb,
39cfb30a-7e07-4f7d-9e67-49b314fcd444,e5ba2b84-f479-414a-b64e-a5df3b66f612,743269f7-eb19-401f-a1e5-42a0944d3101,
3de81957-9d5b-4d79-b0df-28c673405a15,e5ba2b84-f479-414a-b64e-a5df3b66f612,7da0d785-f836-4ca1-983d-7bae41eb5f52,
822d5e7f-d462-4436-976e-e8455a6b1bab,e5ba2b84-f479-414a-b64e-a5df3b66f612,8259d9b8-da3f-47c6-9dce-1deddef6abca,
e17bad40-a8dd-47f6-951c-bdbaa126e40b,e5ba2b84-f479-414a-b64e-a5df3b66f612,8591aa30-fcd1-4984-9156-dcbe35b38587,
d9f52c82-f27f-43c0-98c1-e6c6ae3aa816,e5ba2b84-f479-414a-b64e-a5df3b66f612,db760ce1-ceb0-4b2c-983b-35b8997b038f,
a0824200-5125-4601-b86d-daad9a2d8bdf,e693e118-2270-415e-943c-9d58644697e5,0f807431-b11c-46c1-ba6b-7b1855205ed2,
f2301725-a99b-4d80-bd62-aa859b2fc13c,e693e118-2270-415e-943c-9d58644697e5,3ed25704-143e-4b3e-9c4a-49e588941e6f,
0c671d88-fe74-4bb4-b29c-ecf456f254ea,e693e118-2270-415e-943c-9d58644697e5,4062457c-9b09-4afb-a938-b3aa5140b3b9,
c7342825-cafd-4ed7-b304-cdd4557c1690,e693e118-2270-415e-943c-9d58644697e5,c4873bfb-0fb2-4356-a163-94c998f79eeb,
862b2328-2852-4ac9-8732-20fb4067bece,e957a316-da1d-4604-af43-300dffc067a5,1eb8e11e-9834-43c2-905f-b62972283dc0,
4d6c58f2-2048-4373-ae58-d8b4c008ff67,e957a316-da1d-4604-af43-300dffc067a5,1fa38a48-afbb-4f97-89b7-92103c5ebf77,
60f4b70e-4f43-404e-839c-52f409a65294,e957a316-da1d-4604-af43-300dffc067a5,59379559-ea5b-4c99-bb01-6e17d0f980f6,
9c676d29-2cf9-4a08-8ef9-5798208ad5cc,e957a316-da1d-4604-af43-300dffc067a5,5d86b1b5-89c8-41e9-9187-c8a5b7fef1ae,
ff0dd7ec-8678-4a0e-bb0e-5ce273891b5f,e957a316-da1d-4604-af43-300dffc067a5,627e3316-f31b-4a7c-9f36-08684b23270a,
392be9ee-0a7b-42a9-82c7-afba561c09b6,e957a316-da1d-4604-af43-300dffc067a5,6379f7fd-f487-45b1-9ff6-2deb27139310,
cd264bab-6f00-4b32-a218-7ded38aad7e4,e957a316-da1d-4604-af43-300dffc067a5,759f678b-6f89-4bfb-9ded-f23f2ca2d6bb,
9d79a77f-038c-4a69-9d0c-aec923ec5692,e957a316-da1d-4604-af43-300dffc067a5,8cdb3a5f-6287-4b37-8d32-87e0ebf59a52,
512fe26c-90ed-4b70-bc9d-7d26c421ca69,e957a316-da1d-4604-af43-300dffc067a5,9ed05018-cd0b-42f6-8b0c-2f8e757d0b10,
9dc9721a-c199-4e04-b06f-49b54835499d,e957a316-da1d-4604-af43-300dffc067a5,9f6708c1-7035-40d7-93ec-3f6f3c0527a7,
895ce3d5-aa96-4bbd-9888-0e53a901ff53,e957a316-da1d-4604-af43-300dffc067a5,b77361fb-9a0b-4724-baa8-c205bea0ffa1,
cc53dadc-8485-4592-bcf7-fce7828b8861,e957a316-da1d-4604-af43-300dffc067a5,bcdbc516-6df1-4e5e-a43b-3aa1479311c1,
4a1fbabc-65b2-4899-ba5c-8ccaf0eb0d14,e957a316-da1d-4604-af43-300dffc067a5,cea415f8-edb2-4b0b-a033-c73f09a11ff5,
537e4675-7a94-4e2b-91af-5f5b373c615e,e957a316-da1d-4604-af43-300dffc067a5,d0baad4d-f245-43e6-b592-3e143c2cec5f,
9e7b4c94-3603-4d00-bf43-5c819f038b60,e957a316-da1d-4604-af43-300dffc067a5,e69eaeb6-5b97-4e02-b1a9-6a9fe6d7d5ae,
6ae2988a-4fd6-4575-af7c-6de4c98c0c63,e957a316-da1d-4604-af43-300dffc067a5,e8e99ee3-b714-44d6-a1d2-f5b450668f68,
4572dd87-0b2b-4166-9257-90fb05036aad,e9ac8421-6241-4388-b675-d098c5ee1d1e,04d1ad59-dec1-4cb3-bd07-8271226fc25c,
80fe0040-9bd4-4138-ab40-75c5879c1849,e9ac8421-6241-4388-b675-d098c5ee1d1e,060b4569-7c97-428e-abfd-c94ed667dab4,
68b55513-9ad3-4bbe-99db-308874d6b710,e9ac8421-6241-4388-b675-d098c5ee1d1e,06175094-d9fb-4c2c-adc7-0e7ef6a1094b,
6b43ebe9-085f-43fb-a116-00e83da76ff2,e9ac8421-6241-4388-b675-d098c5ee1d1e,06e809c9-ebbf-46a1-baf9-d35b652812e2,
2a0026bb-7377-4277-994b-143c8ad81cde,e9ac8421-6241-4388-b675-d098c5ee1d1e,07b28aba-d5aa-4dbc-bb94-e5473e2e4b4f,
007677b1-0d8b-4fe8-80aa-d8510d7a066a,e9ac8421-6241-4388-b675-d098c5ee1d1e,0ac2b81d-f679-48a0-a5fb-68db3acdb5cc,
277fc9f9-e036-4836-bdc0-b10a276cca9c,e9ac8421-6241-4388-b675-d098c5ee1d1e,0eb186a9-8db7-426d-95e0-595e17a21951,
d07b36ee-4007-45dc-a71d-90f625372b11,e9ac8421-6241-4388-b675-d098c5ee1d1e,12165b63-552f-4780-bfe8-de5ac3a1fdd1,
074a4c4e-9f07-489e-9558-33506d025623,e9ac8421-6241-4388-b675-d098c5ee1d1e,12f663b5-2822-463c-a700-e30f2d010be7,
c2734235-3110-4fdc-b92f-b55018d87236,e9ac8421-6241-4388-b675-d098c5ee1d1e,14d9f192-7afd-42eb-b62c-26a4c094dd2c,
677a836c-8969-474b-9146-8c8d33a5e965,e9ac8421-6241-4388-b675-d098c5ee1d1e,1690ef60-a443-4e6d-9043-9b0bd44020b8,
e5f828c3-80d8-45db-8c42-c95e710c78e7,e9ac8421-6241-4388-b675-d098c5ee1d1e,17d13d72-67f6-4e30-976d-7cbd73f17f85,
db9207bc-8fbd-4147-8122-ed41e1e4873a,e9ac8421-6241-4388-b675-d098c5ee1d1e,1b113c66-0dfe-43cf-8654-d0ef0ea6d348,
4e24840f-7b23-4fa8-9434-59b39f3b43d0,e9ac8421-6241-4388-b675-d098c5ee1d1e,1e7e6855-c0bb-49fe-a9c2-daa3a55ac3d5,
c94d439d-1e62-49e3-a9c6-9bf6fe06e596,e9ac8421-6241-4388-b675-d098c5ee1d1e,2152020c-980e-479a-a014-4068007ded0c,
f42ddf85-2ab0-4b32-96a7-e968c0427b64,e9ac8421-6241-4388-b675-d098c5ee1d1e,2f5d2f8a-d417-4e8c-a4bb-89aee76b7f15,
2812ffb7-52b2-4118-ad9a-3e420095058f,e9ac8421-6241-4388-b675-d098c5ee1d1e,3389b09f-b69d-47ab-af89-4a52b1975504,
ae692304-cad1-4cfb-82d4-86b6aa305ea8,e9ac8421-6241-4388-b675-d098c5ee1d1e,395f9685-26e0-40f6-971a-6b98dbc5b0ef,
1f633e12-6a6f-4bc8-8ab5-393b9f643854,e9ac8421-6241-4388-b675-d098c5ee1d1e,40f7e952-e757-4792-9585-f962ea55d02f,
a872abad-683e-4860-9604-d1b59c501443,e9ac8421-6241-4388-b675-d098c5ee1d1e,45915ed9-b413-467d-9e35-d6f212bc5d01,
926a6115-5162-4656-9b75-1ef496302728,e9ac8421-6241-4388-b675-d098c5ee1d1e,49e3aa4e-b8a4-4c13-a166-ca5442cb4bc3,
55617b4d-4709-4a36-a413-7e1f962f9fc2,e9ac8421-6241-4388-b675-d098c5ee1d1e,51690a8a-9a01-46fe-ae3a-bfd172beacec,
4dffcde5-36f0-4ee7-a6e9-7f7e5f8aaeb4,e9ac8421-6241-4388-b675-d098c5ee1d1e,543a4f5e-9638-4b9a-b30b-aee7f7ab2fbc,
dedfb89e-bdad-4d70-9519-801b1c08f4a8,e9ac8421-6241-4388-b675-d098c5ee1d1e,56ecd466-b5b4-490d-b3a0-f2edb8f758e0,
0935a16b-41a6-426e-a7d3-32fb2af4a3a6,e9ac8421-6241-4388-b675-d098c5ee1d1e,589fa3a3-990b-44ed-b0a5-09b03c930a93,
ef04712b-4e62-4681-8f3e-cfea1335053b,e9ac8421-6241-4388-b675-d098c5ee1d1e,5d36c33a-a3b8-4321-b987-f0dab9b619a0,
f7038455-f05c-400b-84ec-07322778b294,e9ac8421-6241-4388-b675-d098c5ee1d1e,69193f74-9bc3-41cf-be0c-dd93473125af,
7b6a3a6b-0370-4572-b8fb-205b5f822c7b,e9ac8421-6241-4388-b675-d098c5ee1d1e,69e21d71-877f-4f0b-abb5-d5faa27f9e9d,
06528c8d-e3e7-4d9c-a679-7be067ae4d87,e9ac8421-6241-4388-b675-d098c5ee1d1e,6eaf2a7d-8808-4221-873b-32c200df29f5,
07cb6771-897a-4a19-ba94-5c36310d4c41,e9ac8421-6241-4388-b675-d098c5ee1d1e,717783c1-da0d-4866-9257-6e27c8742b36,
68c1ad1c-993b-4acb-aa79-4d98868b71c8,e9ac8421-6241-4388-b675-d098c5ee1d1e,7891f4a4-d2f3-4dfc-b812-ee019bca3a01,
4332b3aa-ec30-4c17-bc50-922c279eaf56,e9ac8421-6241-4388-b675-d098c5ee1d1e,7a96d2be-099e-4006-a4f9-01af29536444,
c1c33217-211c-440b-b717-094ef2d4e856,e9ac8421-6241-4388-b675-d098c5ee1d1e,7b442edd-66de-4b1d-a1e7-e06c11ea343e,
3355770b-6480-45b5-8a57-fa6b71b33e93,e9ac8421-6241-4388-b675-d098c5ee1d1e,7b77911b-bea1-4535-8008-140214a782a1,
b797a8c1-fe48-4c4c-b69f-ecb9a67072a3,e9ac8421-6241-4388-b675-d098c5ee1d1e,7e2964fd-0ea0-400f-b474-146b84b2782d,
0357d4b7-e1cf-484e-a501-03addfb70df0,e9ac8421-6241-4388-b675-d098c5ee1d1e,82a23065-462b-42fa-b5eb-a0adfade8379,
5e62c856-d768-491e-a028-75dcdf37a9fb,e9ac8421-6241-4388-b675-d098c5ee1d1e,8755b940-a2d6-4c57-ad83-5416e0432aab,
aeb9d3c0-f81f-424a-bae0-da62c4110715,e9ac8421-6241-4388-b675-d098c5ee1d1e,87728f6b-6f55-456d-bcd1-5188baa49a94,
20abfe13-6565-41d4-8c6b-3cc881be93de,e9ac8421-6241-4388-b675-d098c5ee1d1e,87b884e1-4e77-4479-8c0a-0ff375ef4086,
09603128-9a3f-4829-89a1-57895567033c,e9ac8421-6241-4388-b675-d098c5ee1d1e,8cf4cff4-83c7-4803-9ebb-b8c05541a5e5,
446bd3ff-df06-46c9-85ab-9a49c04eab0f,e9ac8421-6241-4388-b675-d098c5ee1d1e,9095af95-3d71-4bc5-88df-85c9f652c1c1,
5678febd-2a12-4e31-9ceb-6dd37a833b82,e9ac8421-6241-4388-b675-d098c5ee1d1e,92df112d-3ac2-4d54-ab54-d01893483a4a,
c45b4dbc-ed05-4578-b3da-7921e1e8f90e,e9ac8421-6241-4388-b675-d098c5ee1d1e,958cfc61-4b59-4709-8b81-1aabb2de123d,
4733293e-fb8f-47c7-b53f-11d075a5d802,e9ac8421-6241-4388-b675-d098c5ee1d1e,9b85fd08-20b1-47b2-b484-9f3ea42f4df0,
924bd042-fc12-419c-8f1a-ff58d85b4e21,e9ac8421-6241-4388-b675-d098c5ee1d1e,9cb63af5-75cf-4063-b89c-1a45e5b34415,
63c8b9e9-4dc3-42ca-833a-f52832878e8b,e9ac8421-6241-4388-b675-d098c5ee1d1e,9cc72ccf-1d34-4fb0-b166-f2fa89833055,
152abde6-1ebb-42f9-a8eb-dfe70f1fc2a9,e9ac8421-6241-4388-b675-d098c5ee1d1e,9d1c2587-342f-479d-9d7d-76583bff2053,
70a75aee-658a-46a5-9c46-5cda857c4dee,e9ac8421-6241-4388-b675-d098c5ee1d1e,9e2f2a8b-64b1-4552-b7cf-e07b50708282,
90808fde-150f-4ff4-8869-076fc81eb3a5,e9ac8421-6241-4388-b675-d098c5ee1d1e,a02876b7-e61d-416c-8c79-358dee3c155a,
b9f120c3-d7bf-459e-8fb5-629feb858ddb,e9ac8421-6241-4388-b675-d098c5ee1d1e,a2ae9a22-e963-4299-9faa-48ebf0599e71,
1228ac99-1f20-4670-b978-0c83c05514e4,e9ac8421-6241-4388-b675-d098c5ee1d1e,a72b2921-f2ab-4779-b366-83590d8ad699,
08f15486-b6c3-4b65-8cb6-5c7d502f804a,e9ac8421-6241-4388-b675-d098c5ee1d1e,ab0603b0-c89a-4959-93d0-8d12330a1df2,
6a8cc50a-c5b8-41cb-b888-64225a51209f,e9ac8421-6241-4388-b675-d098c5ee1d1e,ab616315-2d29-4c63-b31e-85f9a1799d5d,
9e33b1e4-afde-4874-9ba2-5fdee45e3cbf,e9ac8421-6241-4388-b675-d098c5ee1d1e,abc1d4ec-01eb-438c-af97-4befcab5816e,
c0ea314a-214b-4bb3-b845-d7e1fd7bf867,e9ac8421-6241-4388-b675-d098c5ee1d1e,ae1a50bd-b9f1-4b99-aa97-e8115d9eb128,
41f8b00f-ca72-4a87-8b9f-fcd09e95c575,e9ac8421-6241-4388-b675-d098c5ee1d1e,ae74ae45-8b39-4cc8-979f-03e93831da98,
0dd52d28-d010-4f4c-bf1f-de1142da7ef6,e9ac8421-6241-4388-b675-d098c5ee1d1e,b3eb25b5-2bda-4715-b7d1-687688901911,
80b13c50-70c8-426d-9276-a2895ad1f1c5,e9ac8421-6241-4388-b675-d098c5ee1d1e,b47752e1-8dcb-4e6f-b33e-507a61eda5f8,
a6497fc7-89dc-493d-8693-c1d9eea43229,e9ac8421-6241-4388-b675-d098c5ee1d1e,b4ccf5a3-c1ae-4853-89c5-b046446cd806,
3d902cbb-fa4d-4b40-9e05-3a4c9a373aee,e9ac8421-6241-4388-b675-d098c5ee1d1e,baf47a02-468b-47b1-a884-344b7a26d4c3,
83845e08-8e28-4fa6-8a4a-e74f1e9f2025,e9ac8421-6241-4388-b675-d098c5ee1d1e,beaa80c1-e929-46f4-8e20-cf245e5d8b7b,
c68784a0-e741-4ea7-8319-317831856522,e9ac8421-6241-4388-b675-d098c5ee1d1e,c56a7049-9b0a-4ad5-b964-0c958ac16ea5,
e4130115-20d3-4360-a9b6-b084e9b18c78,e9ac8421-6241-4388-b675-d098c5ee1d1e,c78d94c3-d0b6-456d-a6c8-61ff4f93ec72,
51cf45ec-14c8-475e-9b23-a56a147ea9d5,e9ac8421-6241-4388-b675-d098c5ee1d1e,caa8d44d-a8c1-4466-9f0f-830a15d83ccc,
7167f62d-87fd-4c4f-9b24-5e2eb9f2d61e,e9ac8421-6241-4388-b675-d098c5ee1d1e,cebbbceb-0578-4644-bc0f-11b4f7296542,
4a29a6bf-0f3f-4de8-9590-2daa8627fcd5,e9ac8421-6241-4388-b675-d098c5ee1d1e,d49efe53-7060-41db-a015-e509ff3249bd,
d599e74e-f41b-4a01-b693-39196ac3729a,e9ac8421-6241-4388-b675-d098c5ee1d1e,df5a6656-7371-4a22-b829-0ce3afba8ddd,
271d21d9-ea00-4d44-bc5a-3e2fc6b36e8f,e9ac8421-6241-4388-b675-d098c5ee1d1e,e1fe12f6-462f-4a1e-9cdb-9e3f3180411b,
370c46f5-e6b5-47bb-ace1-1c232bfba752,e9ac8421-6241-4388-b675-d098c5ee1d1e,e81a8193-00da-4953-815f-27fc11d6b66c,
b8392d55-e561-4611-bdc8-23b4b42b4c62,e9ac8421-6241-4388-b675-d098c5ee1d1e,e83209a4-8937-4438-bea2-0e51ef56e0ef,
93f5f970-f76c-4640-a04a-0a61277c8361,e9ac8421-6241-4388-b675-d098c5ee1d1e,e87160bc-60dd-41eb-a996-405d8ac2f593,
cc0cfaa5-f57e-4213-8dbc-eed87c85ebc4,e9ac8421-6241-4388-b675-d098c5ee1d1e,e8dca8df-1b51-4030-a02c-2e0eb5931bbd,
204826d0-3fff-4891-9067-80bab025c6ca,e9ac8421-6241-4388-b675-d098c5ee1d1e,e8e73ff8-a65b-49b4-930c-119d1e862a89,
5e7f9a12-207d-4e35-a009-96f9c7672b63,e9ac8421-6241-4388-b675-d098c5ee1d1e,ea3cc09e-3a30-474a-bce4-459640314e6a,
fd0b436f-aa5b-407f-9e44-d07ca27b8c52,e9ac8421-6241-4388-b675-d098c5ee1d1e,ea7c4bc4-6728-4454-b539-86c857ca2df2,
cd030022-c572-4721-a9d2-ce40096612e2,e9ac8421-6241-4388-b675-d098c5ee1d1e,ecbd7242-fb8a-4559-8f57-6a8901c13293,
31b6e613-4897-4fb9-ae99-83dc67bd038c,e9ac8421-6241-4388-b675-d098c5ee1d1e,ef9f24f9-2406-4e64-a67a-9f875910f198,
d25bde40-e9b7-449c-87be-3ec4dabd394c,e9ac8421-6241-4388-b675-d098c5ee1d1e,f3fe18dc-cec2-4f2c-83e4-51744e96eca0,
93d0bb66-ce1b-436e-9d99-438fbfc6dd23,e9ac8421-6241-4388-b675-d098c5ee1d1e,f410a0ca-7bd3-425f-836d-a7e851f60278,
29e4c0cf-6ac5-4562-8fc1-a36e06719083,e9ac8421-6241-4388-b675-d098c5ee1d1e,f91982fd-66ec-49bb-b254-1fa87e0f3da8,
726db4c5-0e7c-42dd-aae3-ee0d36ae5462,e9ac8421-6241-4388-b675-d098c5ee1d1e,fa37d6a0-24fa-4bfc-aef1-0a1441ee746c,
eb537aba-6a8d-499d-93fd-98653934de65,e9ac8421-6241-4388-b675-d098c5ee1d1e,fb746990-5ee1-4d34-ad0b-ac754c351df1,
1b6732b1-3971-4ff7-bcf9-cff3b69f5529,e9ac8421-6241-4388-b675-d098c5ee1d1e,fc1e45ee-acff-4064-ba5b-3b17fc40d505,
9bcc28e5-ff78-43a9-b274-ec940db2006b,f2046ca3-6200-4d6a-b9c8-de757c033ef5,0430c4c6-5e24-4503-a11e-797731fdae49,
6d013045-8daf-4f1f-94c2-250d88ca8a3b,f2046ca3-6200-4d6a-b9c8-de757c033ef5,04cf50ab-4d80-41e0-9cf6-770ca86ef355,
cd72b3dd-5201-4d11-b144-8ce68ac8ef7b,f2046ca3-6200-4d6a-b9c8-de757c033ef5,1f3d491d-1b68-4717-a081-7f536249f16f,
b258e9e4-a772-4887-9ba8-5ba1d9a2e1ad,f2046ca3-6200-4d6a-b9c8-de757c033ef5,2ca4ca8f-d860-4af3-ade2-aff5e59597d6,
b4c9e311-ba85-475b-9276-e67291ff81db,f2046ca3-6200-4d6a-b9c8-de757c033ef5,39abadee-fa77-48e6-9352-009a09e6b320,
1deda482-29ff-4606-ac77-a0efc1daecb5,f2046ca3-6200-4d6a-b9c8-de757c033ef5,45c158a5-8ff9-4652-811e-ff610e808737,
6548d1aa-eae0-459d-9c65-9adb13825a43,f2046ca3-6200-4d6a-b9c8-de757c033ef5,523c2b4d-d86c-400a-920b-bcb5c3a1e113,
c7055215-e3b2-4465-9d2d-a4b58a932eda,f2046ca3-6200-4d6a-b9c8-de757c033ef5,546ba440-143d-47ec-9fc4-9680d9a2f149,
c28ea506-2c8f-4e87-944b-54203ec8ce29,f2046ca3-6200-4d6a-b9c8-de757c033ef5,63cb6a06-c6d2-4c9e-9799-fa6dc14bcb73,
ad7f468d-6231-411b-b54c-99ebfe73dc95,f2046ca3-6200-4d6a-b9c8-de757c033ef5,6660b38f-88f4-498d-b583-79df06c1d9f3,
3148c93e-3dca-4ba2-bde5-dbb6ea1c99f3,f2046ca3-6200-4d6a-b9c8-de757c033ef5,6d083838-af22-45b6-aa0b-67a93816d65a,
7a52c4a1-987c-4862-ba7c-43ec2b9d3b6f,f2046ca3-6200-4d6a-b9c8-de757c033ef5,6f29100d-f6c9-4194-bae3-3e983b062b26,
72d87516-73ba-4a2d-b44c-63e0cbb97033,f2046ca3-6200-4d6a-b9c8-de757c033ef5,7080d7a7-dc68-40e8-8c97-c96f4d68d1bb,
061a5f9d-1ef6-43ff-98d3-a7f5afbf8a85,f2046ca3-6200-4d6a-b9c8-de757c033ef5,71cd0320-9d13-4aa0-8aa7-acf8fd34bdb7,
100b5ac7-d3c0-4cff-9233-e94f87242e82,f2046ca3-6200-4d6a-b9c8-de757c033ef5,76d0a27f-5eb0-41ae-99cc-cd64b55121d8,
e612f4c7-7c6f-4ba3-9731-b7d5cba9aecb,f2046ca3-6200-4d6a-b9c8-de757c033ef5,84807a5c-83eb-441e-b50c-98e9fa6fa443,
6698054e-cca7-4d33-8532-0b9a3867aa55,f2046ca3-6200-4d6a-b9c8-de757c033ef5,88941d9f-83f6-4793-b6dc-a21988d2fdd2,
c69dc106-55d7-451c-9e2e-b43f81c9982a,f2046ca3-6200-4d6a-b9c8-de757c033ef5,94df1ae0-abe5-450c-9dc6-eab5e4b373e5,
3d33cde5-867c-40c0-8795-faee2883c7d2,f2046ca3-6200-4d6a-b9c8-de757c033ef5,954269e7-b2a6-436e-a8c0-e9fd1bfaf49e,
708c3342-2db0-4b68-916e-0cc8fd370992,f2046ca3-6200-4d6a-b9c8-de757c033ef5,a124aeff-f75e-49f2-bf2c-d9bbff688bbe,
44bcb287-0fca-44fc-9fd2-9f3d35cd03dd,f2046ca3-6200-4d6a-b9c8-de757c033ef5,a454c8bb-263f-4290-9e4f-4aab26c808cf,
fec29460-691c-48a9-b77a-81bfdfaf7ea7,f2046ca3-6200-4d6a-b9c8-de757c033ef5,a5f55fd8-e996-4253-86e9-4246eb6d42cd,
bd8f297b-f37f-4b25-a119-b6d8964a506a,f2046ca3-6200-4d6a-b9c8-de757c033ef5,a974f682-3c2d-4f25-82de-626e69a489a2,
d22bb9ba-8e23-4495-bb03-07af117f6cb2,f2046ca3-6200-4d6a-b9c8-de757c033ef5,ab01616c-8a36-4ba7-959c-4be72c7d83be,
f47ed40a-2049-4086-88ed-661ccd25de62,f2046ca3-6200-4d6a-b9c8-de757c033ef5,bda37f08-124b-44de-938e-9a70f2f37592,
96a11144-7556-4f8f-95cd-3b27fdbb9e37,f2046ca3-6200-4d6a-b9c8-de757c033ef5,d5669c8e-3741-45b4-9142-df1724fe33a8,
147ed6b6-07bd-43fe-8504-5baeb95f9411,f2046ca3-6200-4d6a-b9c8-de757c033ef5,dbd4932d-9fe2-4072-9954-bb3b65d3d03e,
fd114dd0-59f6-4cde-829d-7be305c02ce6,f2046ca3-6200-4d6a-b9c8-de757c033ef5,e639ef12-2d7a-438b-a0b2-f28c0d3ffe3b,
3ba0e6ae-e640-4832-88a2-fe4c8399d297,f2046ca3-6200-4d6a-b9c8-de757c033ef5,fcd28bb2-c474-4d55-930a-065fab7fb5a4,
ce3e4b45-9ed4-445a-9b81-b05c83d21129,f48630e0-61bd-4f9e-bf86-d287d02a43d0,03d48d56-e492-47e1-8d00-748064373bf1,
d06ff50f-24e6-4a23-8e20-429898ebd12c,f48630e0-61bd-4f9e-bf86-d287d02a43d0,2b7a55a8-1aec-4486-bb13-80b7d25ad5a2,
ea09a01f-c176-44ab-85db-2eb0c0226896,f48630e0-61bd-4f9e-bf86-d287d02a43d0,5357df88-204d-49fd-a4a3-d2ae2e024630,
c76fcc5e-6f5e-4213-b752-cc36802aa78d,f48630e0-61bd-4f9e-bf86-d287d02a43d0,6265281e-17c2-4c4f-b6c5-57df90fa6ac0,
a59e5c38-8dad-4c81-ad35-cc4409703d58,f48630e0-61bd-4f9e-bf86-d287d02a43d0,65c4b0ae-09a7-4950-a736-8d4d5f02a1b4,
da71a4b0-d5c7-4d8d-9c3c-9981eabef744,f48630e0-61bd-4f9e-bf86-d287d02a43d0,8483f761-4074-419b-b1aa-6216af6f4f91,
fcb4f3a7-fe5a-425e-a6ae-6ac52384ff27,f48630e0-61bd-4f9e-bf86-d287d02a43d0,8794fe8b-b549-4dba-b84e-2b96746d05b3,
071fbbe2-d1eb-4bac-bec5-3cabcad4d90a,f48630e0-61bd-4f9e-bf86-d287d02a43d0,8a538a3a-3cb7-44cf-bcee-d061284551a8,
64661d64-f1eb-43ea-befa-841b4d73e222,f48630e0-61bd-4f9e-bf86-d287d02a43d0,9b44f334-4d13-46e1-a87c-a2c9b14c6fba,
0843d4ad-80a1-4295-841d-9e68ac12440f,f48630e0-61bd-4f9e-bf86-d287d02a43d0,9c8c8ccd-545a-4c49-a59b-63ad8fca6be9,
eff5d920-7d20-49a8-a90d-664d5e6bfa05,f48630e0-61bd-4f9e-bf86-d287d02a43d0,b1c785a3-a336-4bcb-88eb-d95ea68ff62f,
e1abc12f-f47c-45a0-b448-7cb4ea6b86a5,f48630e0-61bd-4f9e-bf86-d287d02a43d0,befa5cb0-371d-4ccd-8f59-326ac24c62b1,
c174929b-e50a-4f24-8f9f-e41b1351ada0,f48630e0-61bd-4f9e-bf86-d287d02a43d0,dc5bd777-841f-45a4-8fb0-b99eddcdbe4a,
50f95f39-98ea-4fac-bef2-1c93bafe32a1,f48630e0-61bd-4f9e-bf86-d287d02a43d0,e3ba129c-eaef-424b-8b9d-8a7645d2ea70,
80a27f92-28b2-4b9c-adcd-1ce88b1b52a8,f48630e0-61bd-4f9e-bf86-d287d02a43d0,ea463deb-c42d-44ee-bfc0-7809d44ac380,
e67eff62-0cac-48c0-8370-cba039d7fe68,f6c69341-dced-41f1-9f9c-896a8563af1c,5d4db974-9b9d-4865-878c-f2b76472c6c9,
1561c5b4-1e53-49ef-ba27-763b5674067c,f6c69341-dced-41f1-9f9c-896a8563af1c,5fa0db45-de05-4eca-9d70-be2a29b9797c,
96df5a47-b9eb-48f3-822c-e5f99acd425b,f764e6f2-1b72-4bf1-948c-c40157dcc263,13165ee2-19cf-493e-82a5-1b9e09bcb7ad,
c90ca218-1cf9-4e2a-8707-3a1ef76b89c4,f764e6f2-1b72-4bf1-948c-c40157dcc263,4d7345b5-704b-4d3b-9ebe-66114f6d76ac,
8aa1e20f-5a13-4e4a-8f23-252004614bd8,f764e6f2-1b72-4bf1-948c-c40157dcc263,59370bd5-0631-45bf-8aa0-23d5a0c2368d,
72becf98-8dca-4e32-aee3-ed4eebf2fc51,f764e6f2-1b72-4bf1-948c-c40157dcc263,5ccefc3a-f9af-41e7-8ccb-a49fc7367d10,
1a5879ab-bce0-41fd-96c8-32559b3dc33c,f764e6f2-1b72-4bf1-948c-c40157dcc263,7e2a2640-6c4b-40f6-b82b-82cfd217fd73,
07f9a853-5d8a-465a-9367-4ced482eae3b,f764e6f2-1b72-4bf1-948c-c40157dcc263,821dae8c-46e5-4d45-9030-7b40773e72cc,
2e8e6a9d-ccea-4382-b948-ed985c97cdb7,f764e6f2-1b72-4bf1-948c-c40157dcc263,89a4df9d-b58f-4898-a504-5efabca74f3a,
f543f534-c42a-411e-b3f4-4581ddce819c,f764e6f2-1b72-4bf1-948c-c40157dcc263,9854506c-de0a-415a-b021-db9262a9db87,
ad75dc07-5d77-49c7-9448-fdfd23d3aa4d,f764e6f2-1b72-4bf1-948c-c40157dcc263,a166c6e1-362f-4c17-aa69-c89c17885a60,
75a9fbf6-212a-428a-be42-856b8cc76713,f764e6f2-1b72-4bf1-948c-c40157dcc263,aa4fdba4-6c09-4d1c-9d34-c3bebe5f15ff,
74d59006-4d24-4419-a332-fb58aed71d2e,f764e6f2-1b72-4bf1-948c-c40157dcc263,d2ee019d-eb0f-4936-a84a-04d33fdb3a3c,
5092d78a-1239-40fe-b936-9bd37b1c1982,f764e6f2-1b72-4bf1-948c-c40157dcc263,fa67a42b-e397-4184-83c8-e56822e2af07,
07d4ee26-3711-47d4-9890-c5f08934a8e5,f88bab06-0d2d-429e-98f4-261a1c7fd440,156d32ce-c6d4-4e2c-ae78-506d13a64109,
b4711cc6-2b8d-4d90-8f6e-bda1313ef301,f88bab06-0d2d-429e-98f4-261a1c7fd440,2282f6e6-4590-4514-8a0f-72067458b7d2,
4d8eef02-3bb6-4689-902a-431bfb135c85,f88bab06-0d2d-429e-98f4-261a1c7fd440,339794b4-fadf-4743-9b59-6b1a6b3e1241,
3d50ecfe-72bb-4330-bc39-69ee18441cce,f88bab06-0d2d-429e-98f4-261a1c7fd440,3e06fafe-7590-4d52-a480-408c8b347864,
b98efb4b-7499-48b1-b2bf-83085d0624a7,f88bab06-0d2d-429e-98f4-261a1c7fd440,60967c7c-c6bc-4e7e-95c0-010e32afa11f,
19c6cb2d-384d-40e2-bd26-77594635e61e,f88bab06-0d2d-429e-98f4-261a1c7fd440,73df60fe-35c1-4ad5-892d-1854b864c48b,
52953b60-95e0-4503-95da-1874d3b60b7f,f88bab06-0d2d-429e-98f4-261a1c7fd440,778e7157-449f-4a28-a0d8-1537eda71644,
20a13e31-7e49-4323-8b5e-c9457fcc0da5,f88bab06-0d2d-429e-98f4-261a1c7fd440,9b2b9fa2-053f-4ede-92fb-21debbcaad8d,
03f3b501-d376-4480-b2d0-2ba783a0682c,f88bab06-0d2d-429e-98f4-261a1c7fd440,af4b0f4e-9c98-45e6-b35e-6d8fe581ef55,
795b3c3f-d699-4773-a92e-3152b3d6545f,f88bab06-0d2d-429e-98f4-261a1c7fd440,cf478f89-66f2-473c-9e5d-dbff7a5527c7,
c4f590bf-7816-45a4-ab05-a8bf73d3c6ff,f88bab06-0d2d-429e-98f4-261a1c7fd440,d4cc3c9c-3c8a-43f7-8efc-f4f0cc3a3a56,
e928ab63-ac05-4719-be71-267eb695b79e,f88bab06-0d2d-429e-98f4-261a1c7fd440,e3758351-dfaa-4ce0-906f-b24260bbc30f,
d3b98c76-2d74-4402-864f-d1d76c395abc,f88bab06-0d2d-429e-98f4-261a1c7fd440,f9c6bfc5-c517-4a06-bc88-bca3014d0317,
0a2acf6b-5d9c-48cc-a77b-4415421a602a,f8bd4ade-03d4-47b4-9ff6-1ef8e33b9f69,3f4e74e5-a7a5-48f5-9e95-b902573d3ed0,
2e2df1c7-c56c-4886-a450-1b8e76002131,f8bd4ade-03d4-47b4-9ff6-1ef8e33b9f69,6b2a466a-1646-4717-a841-86dc227c6f42,
e0a8499a-f80a-489e-aefc-f2a0b987bac3,f8bd4ade-03d4-47b4-9ff6-1ef8e33b9f69,fba2aa5a-edcf-4aba-959e-eab482aeb022,
10336060-4910-4c9f-98e5-9ac95a04ea03,fae2fe6e-bf82-4334-91e3-76c58a3e722d,080ba0fe-d9db-4925-a2ed-30eaa894237a,
587f3462-d2ca-41e8-9aaf-727d6d7a4811,fae2fe6e-bf82-4334-91e3-76c58a3e722d,09cefd57-eda4-4269-9632-538599f165c1,
b53bf0db-853b-4657-9e0b-04bed0d0a09d,fae2fe6e-bf82-4334-91e3-76c58a3e722d,0dbc00a4-1296-4f58-82d2-6c44e909eec1,
7d71b1d7-e681-431f-b7ae-18771f36ea4d,fae2fe6e-bf82-4334-91e3-76c58a3e722d,10c3dd30-1adb-4bcc-9b5b-a495f37a5543,
aecd998b-c0b3-47ce-bc8d-10acdd774511,fae2fe6e-bf82-4334-91e3-76c58a3e722d,12187055-da8c-45db-9ac3-cb2ce1ca8ab3,
83a8f7b6-ec71-453a-b362-8080bb1f7d2d,fae2fe6e-bf82-4334-91e3-76c58a3e722d,1ce47b8b-4545-48ae-a52d-befe678647be,
167e9e5a-4034-4452-86b7-c96acb8f65cd,fae2fe6e-bf82-4334-91e3-76c58a3e722d,1d30cc47-77dc-484e-8f62-dc4268c867f3,
aee8f074-512e-435c-8997-b49c66c01f41,fae2fe6e-bf82-4334-91e3-76c58a3e722d,22010809-bef2-4dca-8c46-b606be9150c8,
b16ff4d4-fbd7-4c7d-ac57-7c13fddfa73b,fae2fe6e-bf82-4334-91e3-76c58a3e722d,2c67651c-dc2c-40fb-bd8b-e2a5a0d171ed,
255b8301-f9f1-4926-8a57-325462354717,fae2fe6e-bf82-4334-91e3-76c58a3e722d,2f9977d4-f0d0-4831-9bdc-d0f1fdaefb29,
12260191-b7bb-45af-818e-8e3abf8406f6,fae2fe6e-bf82-4334-91e3-76c58a3e722d,2ffda8fd-b33b-4b6a-bf7c-c3df75e633c9,
fa091a7f-84eb-453a-8a75-dfeea8dbdf19,fae2fe6e-bf82-4334-91e3-76c58a3e722d,30c41636-894c-4254-8a5b-c5b2fc59ef97,
547923ea-cc54-4906-9237-6464f4b503e1,fae2fe6e-bf82-4334-91e3-76c58a3e722d,31b598b5-eb68-45f3-825c-17ec9597da8a,
1275de50-eedc-4473-b0d0-53b9f69af61d,fae2fe6e-bf82-4334-91e3-76c58a3e722d,36995751-4133-45f4-b159-cef931125ea7,
31ae71be-8757-4993-a87b-38354696b972,fae2fe6e-bf82-4334-91e3-76c58a3e722d,38e28427-2064-451b-b194-33f32db744d5,
a0f38fe0-2efc-4584-b972-fc4e11045da2,fae2fe6e-bf82-4334-91e3-76c58a3e722d,3920a320-4728-480a-bfbb-bb6a0097c50b,
168c395b-4a8f-4d0f-8f27-9bc2144ff42e,fae2fe6e-bf82-4334-91e3-76c58a3e722d,3a5d6647-e0fd-4853-818e-eeee3354e050,
a8c9c160-6160-4571-8a78-f3e50a37cc31,fae2fe6e-bf82-4334-91e3-76c58a3e722d,3b106d4e-30e4-4b12-93d0-e87d3d97a0ba,
ca242816-7d1a-4df6-843d-577054c144e0,fae2fe6e-bf82-4334-91e3-76c58a3e722d,3b706bc7-dd8a-44af-a381-5620729c81a2,
d0c3b7ab-ee5b-4546-a567-763a1d3ea3d6,fae2fe6e-bf82-4334-91e3-76c58a3e722d,3ce449c4-8936-41b5-98cb-44750c2c1855,
25a9ce24-c22c-41db-9002-d3268775f8f2,fae2fe6e-bf82-4334-91e3-76c58a3e722d,405543d6-b801-4ae0-81f5-88340f1b524b,
3692838d-f742-404d-8d92-aa8128d27bd5,fae2fe6e-bf82-4334-91e3-76c58a3e722d,4818387d-057c-479f-a148-4ac5940400fb,
dbbde68b-0bf8-4990-8a17-96e5ab1cb861,fae2fe6e-bf82-4334-91e3-76c58a3e722d,555b93e2-1e43-4e39-a0c1-d7bcdc7f4b65,
12fdf511-df85-4f26-9dc6-474e36c51620,fae2fe6e-bf82-4334-91e3-76c58a3e722d,566863f6-3cd5-4b3d-bd56-342982d8ef51,
ebf9dcc5-20d8-4436-8d85-a5c3b7aad19d,fae2fe6e-bf82-4334-91e3-76c58a3e722d,58bbe67e-8735-410f-abe9-75ef53979a29,
ea7c2450-4816-4595-97ec-51799cfca12a,fae2fe6e-bf82-4334-91e3-76c58a3e722d,59021615-1749-406d-abe8-9f91f933d5da,
a19b2bd0-a0b5-4f06-8cba-d2e22a71ee62,fae2fe6e-bf82-4334-91e3-76c58a3e722d,5a3b7b54-9e2c-4894-a43e-6f9f4193ad8b,
919d9d65-aba6-4fa1-a0b3-5220589f192d,fae2fe6e-bf82-4334-91e3-76c58a3e722d,5fe728c6-eaab-482b-a7a2-7a65f891d383,
9e6bd6dd-47da-46c1-a8b7-cfb5dc6e29c7,fae2fe6e-bf82-4334-91e3-76c58a3e722d,65f560db-913e-407a-b1a8-05212bde22f2,
f36c7b74-194c-4731-8e24-35c2729b336d,fae2fe6e-bf82-4334-91e3-76c58a3e722d,6cb4e38c-0942-4759-b7eb-e2fd83ade552,
1e8392af-aae0-4e1d-a60c-ec48d129ba77,fae2fe6e-bf82-4334-91e3-76c58a3e722d,6e042109-e1e5-4743-99c9-c927f6324484,
ff51c7cb-f431-4bb2-88ab-e560df84c05e,fae2fe6e-bf82-4334-91e3-76c58a3e722d,6ed00e30-ecdd-47cf-b092-063425fc9d2c,
80772129-b4b6-4e98-aa4a-655ae3074cc8,fae2fe6e-bf82-4334-91e3-76c58a3e722d,776fb17c-5052-4cea-9a54-d7530ca1f044,
42bc16b1-43f3-491e-b73b-2250e6670483,fae2fe6e-bf82-4334-91e3-76c58a3e722d,7938e7d8-f4cc-4486-8bb3-b9f48b33c5d0,
3f91ae60-b6f6-4404-a3f9-fa40b9ba7e4c,fae2fe6e-bf82-4334-91e3-76c58a3e722d,8192c7ad-c706-466e-9d32-0e2c75114634,
b6525f83-24fd-4e39-9900-33e1755297e9,fae2fe6e-bf82-4334-91e3-76c58a3e722d,85632a41-b7a4-4af5-b465-d8b2f70a5205,
5fe7642b-bd49-4872-a727-3c7df4d8d90a,fae2fe6e-bf82-4334-91e3-76c58a3e722d,86664da4-bd03-4b5c-b42b-3ddcf4029540,
22a0c843-2abb-46ec-add3-98e322333c34,fae2fe6e-bf82-4334-91e3-76c58a3e722d,90ee3b7d-943d-485b-8f77-113938a48e33,
969fa984-8cbc-4c1f-8a8a-763541058327,fae2fe6e-bf82-4334-91e3-76c58a3e722d,99511796-bce0-4679-b151-b0fd2108b152,
4eeb733a-5e7e-41fa-b722-69a04fe4f0f2,fae2fe6e-bf82-4334-91e3-76c58a3e722d,9c1ef8e7-aa1e-42a6-90fb-ef21fd6ce12d,
91a4de9b-3701-49ff-95d4-f671ee899f84,fae2fe6e-bf82-4334-91e3-76c58a3e722d,9ef68073-b26c-4049-b530-a3948231a430,
e6b1a816-d936-404c-aa82-c6789982a8a5,fae2fe6e-bf82-4334-91e3-76c58a3e722d,a5111fef-3ba6-409d-bba5-e417e4e85a30,
6d54ffa5-6d3b-4568-a074-be22c82305a1,fae2fe6e-bf82-4334-91e3-76c58a3e722d,a8a62dc3-e8c2-4e44-8c91-51eefde96986,
1bdfc5ff-e033-4d19-85e9-ce7ae54eb5e8,fae2fe6e-bf82-4334-91e3-76c58a3e722d,a90c7250-545c-4cd5-9e11-ded023817efb,
6479a011-5824-45ab-bcfa-cfa52b673f2c,fae2fe6e-bf82-4334-91e3-76c58a3e722d,ab77a4e3-5d77-4cad-aeb2-265ca9a976ef,
557bdcfb-648e-4b6b-833e-1a10e3ff069c,fae2fe6e-bf82-4334-91e3-76c58a3e722d,affbb805-a315-4c16-a91a-89f3ae0d9492,
318dcae8-c93b-407b-853d-2c5dc4f8e615,fae2fe6e-bf82-4334-91e3-76c58a3e722d,b2c2e1ec-7a83-4e2a-a881-874a4f7cf806,
63f9cf42-d34e-4da5-b413-8731055eebf2,fae2fe6e-bf82-4334-91e3-76c58a3e722d,b5a9c683-7522-4633-9a0d-5febeb861faf,
bf3a6d78-36dc-4926-beb3-dcb7f97c6587,fae2fe6e-bf82-4334-91e3-76c58a3e722d,c6f96dba-8bb0-4efe-ba4a-4f3174924151,
eaa582c8-461e-42f4-88b9-ae1eac23aff7,fae2fe6e-bf82-4334-91e3-76c58a3e722d,cb29d08f-74e3-4a87-a5de-8a65d8142cbc,
16f3330c-34a3-441f-9840-639a0c31dab0,fae2fe6e-bf82-4334-91e3-76c58a3e722d,cd50381d-cfd2-4185-9a11-52b1d49d88c9,
da464c69-b067-4273-87c1-dce1624a71c2,fae2fe6e-bf82-4334-91e3-76c58a3e722d,dcb32208-2a64-4275-b592-1030b82c1060,
d86f5271-70b6-4f18-a95a-b0241eabc653,fae2fe6e-bf82-4334-91e3-76c58a3e722d,e936e7fa-9b06-45bd-9a12-3d2846d5bcaa,
077bff36-2c3c-4cae-883d-72f3c9992d93,fae2fe6e-bf82-4334-91e3-76c58a3e722d,ea4991b9-83bb-4196-8d60-ad30535e3001,
5e5d4115-bf53-4e4e-a84f-f192e71d6f96,fae2fe6e-bf82-4334-91e3-76c58a3e722d,f68bf95a-47f7-42ce-93ad-d42641c9a3db,
98df9a61-eccc-4681-8b97-f8e0b99ab670,fae2fe6e-bf82-4334-91e3-76c58a3e722d,f9d8ec12-0af5-47a0-be63-a95a3a17e8dc,
51a4dc96-0b2e-4540-9e7d-8e43db4cffbe,fae2fe6e-bf82-4334-91e3-76c58a3e722d,fb25aa9d-997a-4f07-beed-d192e09dee42,
e82a0382-143e-4acf-a8b0-8da0d9a7c7af,fae2fe6e-bf82-4334-91e3-76c58a3e722d,fe32028f-0d01-4b4a-bf33-4f45099e46d0,
10860c92-2f50-4076-9ceb-a212a4ac268f,fb324c39-5892-429b-8dd6-baacbe40363f,0e6def90-28ec-4662-923f-4ee7b051ecb6,
ca17a644-1462-4901-a67f-b44770d2b85e,fb324c39-5892-429b-8dd6-baacbe40363f,2cf19cba-ec4c-47db-8460-e23e992f2316,
60dbcba7-b90c-4b7a-97a7-f10de65e26fa,fb324c39-5892-429b-8dd6-baacbe40363f,4241bd81-285f-4040-9e61-927ca94de46f,
41c817e7-c1b2-4446-a9c2-9675c9e3b0ed,fb324c39-5892-429b-8dd6-baacbe40363f,a16177d8-d6b6-4f58-abd9-014da90f691b,
0a5484ea-a05d-4600-b464-1a64d95a4123,fb324c39-5892-429b-8dd6-baacbe40363f,b751087d-6288-4f54-8836-5a8a3704f8e6,
3210f609-d8b8-473f-9996-2338977518b6,fb324c39-5892-429b-8dd6-baacbe40363f,f57715b7-a04a-4889-8b56-ff4ddac3654a,
4095dc3a-460d-4bda-8142-40171510e884,fd17de8a-026f-4090-958c-1058e92fb14a,67e67e2a-ddf8-4539-be23-b44bb86b9202,
9b4d13b7-b9af-4c98-ace8-3287112fdb29,fec2ed94-9790-486f-a4eb-b54d6bad3555,1371df9c-8478-4952-b7cf-cc20bab55b92,
fd8f6e3e-cfda-44c5-aba3-3ca6a2b5e9f3,fec2ed94-9790-486f-a4eb-b54d6bad3555,7466f67e-d5e8-4efe-a0c1-873268e1f2a4,
6b545819-ec69-4df8-b2c3-3668c8c4fd3e,fec2ed94-9790-486f-a4eb-b54d6bad3555,7d3acb76-0a0e-42b7-9099-4a335a8e8e46,
e7d71082-8d0e-4785-9025-52c2395c5185,fec2ed94-9790-486f-a4eb-b54d6bad3555,a4003321-7bfc-4680-bc10-cbc746950750,
4fee95a5-20f0-400f-a4a6-0793e66a9f1e,fec2ed94-9790-486f-a4eb-b54d6bad3555,ad4963be-2ac5-44c8-90ee-971754b6db65,
f3fa205e-0a7c-49f8-b39a-05bc63570dd8,fec2ed94-9790-486f-a4eb-b54d6bad3555,f0c62dc5-a0c0-4d53-80b1-061b2afd1237,
bf33baec-524c-4874-a094-233b77883e03,fed1387c-b249-46b1-b30d-665df3485ef1,48c2e59c-dd54-4155-8ad1-2afc402b39bd,
