id,district_id,jurisdiction_id,subdivision_id
76606e10-ff52-4b36-959c-070b0f1ec805,0305c344-4250-4a80-89ff-457128b66765,02585b44-7a1a-4431-b221-cc3f6bd32cfc,
e9e177ab-334b-4ee7-baa9-3d1de66e45cd,0305c344-4250-4a80-89ff-457128b66765,07691b7b-f87c-4089-95c5-396f5365f270,
627515c3-5e8d-4fc7-abd9-f055127ad4f1,0305c344-4250-4a80-89ff-457128b66765,08638d01-dbbb-4aa4-a2e0-3d6947a79ca4,
d3994780-60ee-4937-8cc4-37edff64f703,0305c344-4250-4a80-89ff-457128b66765,08a3a9d9-b90c-49e7-8e93-41433b0957c6,
9130710f-9b3d-47c2-a657-7bc6164a7afb,0305c344-4250-4a80-89ff-457128b66765,0f437713-68e7-48bb-b749-19e6574e5bde,
cf21759c-544a-4af5-9738-8b4b6775afe4,0305c344-4250-4a80-89ff-457128b66765,0f78e77f-2d31-4e68-8a74-17f7292b1ff5,
3de3ac2b-c4e2-4317-bbed-95855b4ad726,0305c344-4250-4a80-89ff-457128b66765,10a26c63-b8d1-46a2-8d9d-6dffb22e3e4d,
ae42a47f-87c1-414c-a032-529d21b165c3,0305c344-4250-4a80-89ff-457128b66765,10cf409d-6132-45fb-bac4-3e21cb19eb1c,
3aa6836e-4ac7-440d-bea2-9983ed113a97,0305c344-4250-4a80-89ff-457128b66765,149c4917-5291-4e35-9e70-0a5568da405b,
8fb7110d-9eb1-4fbc-bc18-1569940ba2c8,0305c344-4250-4a80-89ff-457128b66765,251f4c64-6b5e-4d8c-9462-99d7dfab953d,
edcb3832-5945-4c80-b366-b455c9e9ab2b,0305c344-4250-4a80-89ff-457128b66765,280aa9fb-68e6-4c2e-8546-3cd3bee3b9ff,
41dd8606-8db2-42f2-be08-78f25aa0ceab,0305c344-4250-4a80-89ff-457128b66765,33bf4f36-325a-4ca1-ae39-ff2d685d94e1,
80eb7ea3-dd89-43fe-9eda-fd9fae6bd963,0305c344-4250-4a80-89ff-457128b66765,342f0a45-528f-434a-bfed-ae4136d0d35d,
ab2cabd9-8c8a-4f52-be0b-efbaaba0625f,0305c344-4250-4a80-89ff-457128b66765,3d2009a6-c925-44f0-8a9a-d0d976715bcf,
7cd87d82-22c2-4610-ab5e-b8b8d18f404c,0305c344-4250-4a80-89ff-457128b66765,3dc68465-4372-4130-a10f-46288c391f68,
288e9528-f9ed-4330-b7ba-7af2147c98ce,0305c344-4250-4a80-89ff-457128b66765,3ebf5d77-5607-4589-887d-f363eb69cdfb,
c17c9119-d19a-4878-bff3-384a6fc83f77,0305c344-4250-4a80-89ff-457128b66765,3fa99dd0-fa28-4d88-8964-85bc19b19048,
762bf9ac-39d5-4e5c-b0e9-e1064fb25ad2,0305c344-4250-4a80-89ff-457128b66765,43dea2e8-d24b-4ba3-8938-b732bab34756,
d0fdc186-8796-447c-a629-aa492ae86f77,0305c344-4250-4a80-89ff-457128b66765,4e447bf7-d9b5-4045-a454-bd75970d5076,
b040a86b-2efd-40b3-8847-deedce1787cd,0305c344-4250-4a80-89ff-457128b66765,52e191c5-137f-4edc-bd3c-b81feaa9c2be,
ecac195e-f1f6-4055-852c-5145e44d4f83,0305c344-4250-4a80-89ff-457128b66765,53ac01b3-b89e-423f-88bf-154df0787f36,
b25eb378-690e-43f2-a7f4-38b4812221be,0305c344-4250-4a80-89ff-457128b66765,5480da78-5c87-4308-b0cd-7e247e912880,
beb68add-d96b-4287-b74b-94c3f73cd9c4,0305c344-4250-4a80-89ff-457128b66765,56295b49-096d-4cda-86ea-1c06b5402fab,
40108f72-b145-490c-a1c2-85c1de907e65,0305c344-4250-4a80-89ff-457128b66765,5abb36b1-5539-41c0-8600-3e131f0cc91b,
81f019e2-60f0-4ee2-a7f9-4c3466e08339,0305c344-4250-4a80-89ff-457128b66765,5bd324b3-8549-4cc0-8a5d-c68e836eb09b,
d15dffe0-e091-47ec-a676-4741513f1020,0305c344-4250-4a80-89ff-457128b66765,852f5dcc-a0ab-46be-80b8-81abecedccaa,
9912fa4e-0b5d-4a16-b3cc-bff096b0f1a8,0305c344-4250-4a80-89ff-457128b66765,9d6cda88-a1eb-4430-927b-2082ce868f8f,
16d862d8-344d-467c-b181-248482723517,0305c344-4250-4a80-89ff-457128b66765,a0106710-22b1-474f-a78e-f37c24448f73,
ec566264-9030-44da-8954-f28e358e754c,0305c344-4250-4a80-89ff-457128b66765,a0ea7f0b-b1b4-4eff-831f-ff1de2db72b8,
fc02be64-748f-4559-a798-d1281c85dd5f,0305c344-4250-4a80-89ff-457128b66765,a85860e7-45eb-4cb8-99fe-54dd822c676b,
179a0a9c-e747-43a8-b400-c709282ac038,0305c344-4250-4a80-89ff-457128b66765,acf50b85-98a1-438b-901e-0edf29069b4c,
28723406-0e11-4dfb-bf56-d9cd206cb3c7,0305c344-4250-4a80-89ff-457128b66765,ad2cc8fe-4a7d-4835-892b-5cd563f63417,
32ca6b78-47f0-47d3-b536-dd74db76667d,0305c344-4250-4a80-89ff-457128b66765,ae80e05a-99a0-4363-b98e-18285255408f,
70ce1c12-7fff-4894-ab9d-029e025022c6,0305c344-4250-4a80-89ff-457128b66765,b1b4ec5f-f226-40b7-95d6-57e83622ac3d,
a053434e-1360-4062-81bd-c18a788a7a20,0305c344-4250-4a80-89ff-457128b66765,be99f45e-b9f1-4bb5-bdc2-dbcb71826188,
799132c9-13f5-4875-9e06-b645cb49a945,0305c344-4250-4a80-89ff-457128b66765,c37dec14-7397-4576-b2e8-567338f5cfc8,
528cd1d0-b06c-4bab-b932-5d7b058b9e9d,0305c344-4250-4a80-89ff-457128b66765,c65ff037-3f11-496d-b6ef-ae4649e99209,
fd8b73b2-1f76-4c89-9438-68eb9729df9b,0305c344-4250-4a80-89ff-457128b66765,c79c5950-0d4f-4f77-bcbe-26af52718bae,
b663fa3b-dd9c-4191-824d-b70e8757ede1,0305c344-4250-4a80-89ff-457128b66765,cea24877-b192-4184-a033-cdb2251ed634,
fb7e26b5-333c-4ab8-8562-009a2d1c7be9,0305c344-4250-4a80-89ff-457128b66765,d1f2957a-6c50-45c0-ac06-e31874d8fd69,
22f08724-6cfe-4de3-8240-9be017b59e31,0305c344-4250-4a80-89ff-457128b66765,e247d303-5fc6-4ce2-8807-5f0d938892b6,
2c5fb435-4113-4362-b53f-fcc3f4fb9fca,0305c344-4250-4a80-89ff-457128b66765,f3d01208-c276-4298-a2ab-6c76738fe592,
9b506487-0daa-4970-9e1e-89f2d6b6d183,06743b0c-8be4-4b0d-b3c4-0b90234787fe,2c6f8e7a-77ce-4ee7-92db-be336684412a,
8827cf08-f767-4686-bcf8-73fc6a9b6981,06743b0c-8be4-4b0d-b3c4-0b90234787fe,6f9650f5-8e07-412f-bd40-bc55bdf525bb,
78e0734a-3d86-423f-b7ae-891acf931b3d,06743b0c-8be4-4b0d-b3c4-0b90234787fe,743269f7-eb19-401f-a1e5-42a0944d3101,
178d5444-3ab5-4e98-a461-a8bb286df6a0,06743b0c-8be4-4b0d-b3c4-0b90234787fe,8259d9b8-da3f-47c6-9dce-1deddef6abca,
ffb9de0a-4e42-4a89-8984-a7dacd00f250,06743b0c-8be4-4b0d-b3c4-0b90234787fe,8591aa30-fcd1-4984-9156-dcbe35b38587,
72b22c7b-8960-4b3d-87ec-03f47b401883,06743b0c-8be4-4b0d-b3c4-0b90234787fe,db760ce1-ceb0-4b2c-983b-35b8997b038f,
0831aaae-7353-450b-aba8-c724e504c49e,06cc38df-7206-4542-bee8-3b735a073c1a,022fd9d6-5050-48c8-8e03-5682cf555b95,
640072f7-7947-438f-bd46-4632ab4633fd,06cc38df-7206-4542-bee8-3b735a073c1a,1eb8e11e-9834-43c2-905f-b62972283dc0,
00cae1e4-6ca3-4a52-a58c-3db1569f23c4,06cc38df-7206-4542-bee8-3b735a073c1a,1fe6a4cf-9a74-4bc5-a114-32bee6c53e99,
7b3539a2-6627-4c3c-a464-a09d21c66f8c,06cc38df-7206-4542-bee8-3b735a073c1a,27389a87-9f02-47be-8cfe-2c7c333e97a9,
75691b18-b69c-4816-8001-2a890f53b83e,06cc38df-7206-4542-bee8-3b735a073c1a,430d29f1-b83b-4442-9877-4325cec4696f,
b71e1276-045a-490b-bdfa-3dd7b3161afa,06cc38df-7206-4542-bee8-3b735a073c1a,47f7e13c-bbab-4bfc-8b0b-41af4ae00939,
8cc6cce6-dadb-477a-9373-ed27e1370d2c,06cc38df-7206-4542-bee8-3b735a073c1a,4c544585-eed7-4d35-a4ba-c7f6c8137a1a,
7f78b3b2-2e14-48a2-8489-0e2f1e9082bc,06cc38df-7206-4542-bee8-3b735a073c1a,6d6eed70-3e09-4d2f-9573-d1e224457dfb,
98bd93d9-64e4-4155-bbb8-79e35f8abc78,06cc38df-7206-4542-bee8-3b735a073c1a,7e808cdb-7e81-4104-b53b-162528d69fc0,
cfe71f38-eb6e-4fe1-912b-06e275a33ae4,06cc38df-7206-4542-bee8-3b735a073c1a,9c2bfb31-c2cf-4747-9029-3ba32f9208f4,
86b8adb1-5850-4f79-b87f-9b26e9448a5b,06cc38df-7206-4542-bee8-3b735a073c1a,a1b99b48-0716-4c45-a63a-9842e4cc46d1,
7a796b3c-5de6-44a3-b4bf-d8968dc86692,06cc38df-7206-4542-bee8-3b735a073c1a,a3ca6ab3-69b9-4009-8737-fd84ccf831e1,
398df5d6-290b-45c7-91dc-a15bc92d9b06,06cc38df-7206-4542-bee8-3b735a073c1a,a731a492-2424-4c43-aeb6-4325cd65c1b8,
e6770dda-89d9-4b25-88ec-06681b0c8e4d,06cc38df-7206-4542-bee8-3b735a073c1a,bbd4d0c4-9135-435f-8abb-5b86d89a0a56,
2ff84524-5dec-4045-b28b-bb07b9ffd42e,06cc38df-7206-4542-bee8-3b735a073c1a,c3ee11f1-4539-496d-888b-0fb18ab19564,
c0cb2d9c-2a77-4f0e-ae29-e36a679c101a,06cc38df-7206-4542-bee8-3b735a073c1a,c63b791e-3312-46fd-8ab2-e3816e4375a9,
d2818407-9284-4c93-a831-c196a8e44cb1,06cc38df-7206-4542-bee8-3b735a073c1a,ce262774-30b6-4bd8-96eb-05f5f2464399,
f43ae7e3-4374-45dc-a813-8f2e14e758a9,06cc38df-7206-4542-bee8-3b735a073c1a,e3acda7b-a0d3-494c-ad29-612c8da34ef7,
2b8ae441-42dd-4c8c-b4a1-c6dc34bc22e3,070f1940-1f98-48f1-b035-682a13212964,38e30413-34ae-42aa-9224-a8a39348a042,
797df389-04c4-44b1-b1f0-30f3e70fe09d,070f1940-1f98-48f1-b035-682a13212964,59d909fc-88dc-412f-a9af-670cbed30363,
a4d82a64-fb81-497a-85eb-3ca3e87ee885,08075d32-b184-4707-a309-60e8ed46128a,a1ff92ee-d624-4cfd-be8f-852a8cb49d83,
fc57f749-bd73-409b-b9e7-e55ba868800b,08075d32-b184-4707-a309-60e8ed46128a,c3635501-e1ef-44eb-aade-4e44f9dff2f9,
d12661c4-090a-4777-ab0d-a2eb85ea4b1f,08075d32-b184-4707-a309-60e8ed46128a,d245c5e2-be44-4ec1-abae-fda33a993a6d,
76b5df8c-83f4-4310-8c2f-ac803869f271,08075d32-b184-4707-a309-60e8ed46128a,f97e9c68-5567-466c-bd11-d42fcacb0c03,
482930b4-a962-418c-a7dd-a484f2d50a17,08475369-b1f5-4c18-b720-a75d43919ba1,224bc5a2-a8af-4b98-9abf-0ba21aa59a0d,
91e1c937-50a3-4624-8a2a-1b4790f3f1be,08475369-b1f5-4c18-b720-a75d43919ba1,311e3570-1272-4124-b45b-38aec7552353,
8f725ddf-ffca-4bac-822f-bd63a5c49c3d,08475369-b1f5-4c18-b720-a75d43919ba1,34ed95f2-a41e-49de-bccb-ef7a6e324007,
e4b8dd20-164a-426d-849c-abe740930a42,08475369-b1f5-4c18-b720-a75d43919ba1,5096bfc0-ec6e-4d52-8b89-54320f2833a9,
e38761bc-6b23-4457-9328-4258aca2dab8,08475369-b1f5-4c18-b720-a75d43919ba1,68cd0feb-7b86-4897-b8d2-b2ce00c351c8,
25a1b822-149e-4107-88da-2c900551eed9,08a91eb8-995d-403e-a73e-967d11fd80f5,021ab92f-0eb6-45e4-8b76-a518bb196575,
374c370d-6c3d-4a1b-b5b3-3aae62a09e2a,08a91eb8-995d-403e-a73e-967d11fd80f5,024351e2-2181-4a52-8c22-615933f3b22c,
73089df4-8214-4e30-89e3-4de00f1a4bf9,08a91eb8-995d-403e-a73e-967d11fd80f5,028c5d7c-c61c-4414-82a2-065ba28391ee,
a4d6a5e4-7e97-446e-a060-fdc1b11d89cf,08a91eb8-995d-403e-a73e-967d11fd80f5,0fe19f1f-16ef-4bf1-88c3-15cbb173c747,
3b1bb787-77ad-4b39-a381-861c81f9a6f7,08a91eb8-995d-403e-a73e-967d11fd80f5,1bc23a1a-94c4-46e0-a923-9d0adfa3ce37,
f1f94fab-a7eb-422a-acb8-96fd3d39296d,08a91eb8-995d-403e-a73e-967d11fd80f5,22ebd420-0eac-4581-bac1-aab7d532c545,
938828c4-d1ca-4c4e-af28-6bb8b8fb0130,08a91eb8-995d-403e-a73e-967d11fd80f5,2990bc78-0a61-4b91-a144-80d9be63700a,
4c3385f9-b9be-4204-9f63-53c116d446ba,08a91eb8-995d-403e-a73e-967d11fd80f5,2fd4d3ff-2e57-41c3-8c01-0eec02bbe2f6,
a8b8e242-7e3f-44d6-bbbf-9be047ee59d2,08a91eb8-995d-403e-a73e-967d11fd80f5,3d414537-f115-47e7-9d9a-3bc582da65c6,
2299ec6d-535e-479f-92e9-e9fa77b114fe,08a91eb8-995d-403e-a73e-967d11fd80f5,3dab5c79-d887-4def-8c02-13bc5eaf9559,
3c8a2a16-5119-4048-a190-aa932daf290e,08a91eb8-995d-403e-a73e-967d11fd80f5,3e62ca25-2885-48b6-9e83-c4832e64246a,
7a368c9d-732a-4405-9121-11e3b3cc6a9e,08a91eb8-995d-403e-a73e-967d11fd80f5,3f4bf2bb-d87f-4460-b0cc-852af5626906,
fa7e1c8a-664b-40c9-9642-93d2111b76d6,08a91eb8-995d-403e-a73e-967d11fd80f5,4af465d8-b64d-43ab-8854-6d03b1f3ca26,
58796284-c7b5-48ef-8879-eee27141d3c3,08a91eb8-995d-403e-a73e-967d11fd80f5,4dde3fb8-8e67-4f43-a0d0-2038dc0d9227,
25afdbcc-ccab-469f-b619-416193898227,08a91eb8-995d-403e-a73e-967d11fd80f5,4e02126e-f85d-4c6b-8c84-837bbee04c59,
fa7b5cc3-ab26-4efd-8f5a-0bfb2841f2f4,08a91eb8-995d-403e-a73e-967d11fd80f5,563fd636-10b7-43b4-ad44-c0cd2d40abd2,
7e40b880-028a-41a6-8d97-e7229b58748f,08a91eb8-995d-403e-a73e-967d11fd80f5,5b06aebe-7510-4f5f-b8f0-92e9b9dea321,
38c709f8-26f0-48f8-80bf-4ded3e24ca6a,08a91eb8-995d-403e-a73e-967d11fd80f5,5fa9ad7f-71be-44e6-b0ec-c9908f1c5716,
842b8dfd-2eb6-429f-9546-e45b33473cef,08a91eb8-995d-403e-a73e-967d11fd80f5,73137e02-ca85-48db-b4b6-7612998cfc2d,
d851be5b-ee54-4c4e-916a-b4e56af19d12,08a91eb8-995d-403e-a73e-967d11fd80f5,732cb60a-ce94-4e82-9e39-e5dff5b20014,
b6ba8fd6-1e8b-4d39-a478-6bb59dc26873,08a91eb8-995d-403e-a73e-967d11fd80f5,78a84155-6869-4872-8559-36e97815a3af,
1a8628c6-3abd-4c33-bc4f-0e00100cd62c,08a91eb8-995d-403e-a73e-967d11fd80f5,78b0df6d-ec12-40f2-aa22-fe29bf27b24c,
307aa5c9-6f40-4e66-8371-0ff817c7a0d3,08a91eb8-995d-403e-a73e-967d11fd80f5,7d2963ce-0f7a-4a82-bec9-4f71ba8a04f3,
d8aa044d-7b4e-4f32-8867-87e7142150be,08a91eb8-995d-403e-a73e-967d11fd80f5,7e06b617-b6bb-4404-aab6-57650ac874b0,
ebc26ee6-5df9-49c3-be05-3ebfa8913bc9,08a91eb8-995d-403e-a73e-967d11fd80f5,7fe0455b-5dc9-46ff-b5ca-45b2d7e8814a,
93ed43bb-f1fe-4ab3-8d87-f7dd16531e72,08a91eb8-995d-403e-a73e-967d11fd80f5,88c9a6db-b863-4906-b8c1-cbf8ea4a86d5,
a5edd062-d172-484b-9165-ee5f33c25222,08a91eb8-995d-403e-a73e-967d11fd80f5,8ca3a082-91bb-483e-afc7-24541fc4c7eb,
b31031b2-fc32-4829-9de4-8ea2bb4d4dce,08a91eb8-995d-403e-a73e-967d11fd80f5,8e543644-d733-408e-bd5f-179ccc49d972,
3abbbda2-16cc-4ce9-a61d-7f6f2148d93b,08a91eb8-995d-403e-a73e-967d11fd80f5,90899414-49c6-4733-baad-f21a676d4982,
4656eea0-c74d-43a2-990e-5afe15f808ad,08a91eb8-995d-403e-a73e-967d11fd80f5,92dd6ad7-02f8-4fa3-ab4c-892172d135ce,
f3e7f9be-109e-4721-afdf-72b804d6949a,08a91eb8-995d-403e-a73e-967d11fd80f5,954d1ea5-12de-4108-9e03-ab9ee9bf02b4,
72ca0439-fb91-44b5-8cda-38fbce00d3d8,08a91eb8-995d-403e-a73e-967d11fd80f5,9fcc6177-8b5b-4000-a8e8-45cf950f2d4a,
478c9c23-33d9-46ea-8fc7-1a395cda870f,08a91eb8-995d-403e-a73e-967d11fd80f5,a32b6234-43a2-41bf-af80-dc519f10d06a,
4fba8b87-983f-4261-b596-2a36c55cce2a,08a91eb8-995d-403e-a73e-967d11fd80f5,a5969719-259f-40b0-836b-ca5c3f4fd015,
c197ed92-8b26-4db3-9d98-f0e67f446c0e,08a91eb8-995d-403e-a73e-967d11fd80f5,aac8bbc4-0e2c-46a8-9d2d-b2c3d85bda2c,
f68317e9-3c97-47c3-95d1-c5484a305436,08a91eb8-995d-403e-a73e-967d11fd80f5,ab43d015-c82f-4040-9f13-3f1ccdc0517d,
5269dd53-3a2c-4fbe-b27c-b5ef9b96ff5e,08a91eb8-995d-403e-a73e-967d11fd80f5,b3945a1b-62cc-4f3e-be35-c6476d9fda5a,
8918b733-9985-4c61-8147-9718c68582d6,08a91eb8-995d-403e-a73e-967d11fd80f5,b92d7129-b68e-4cda-8f37-e1c59c6c66de,
b35065a4-2fc3-4344-9145-a49f8ec1e17a,08a91eb8-995d-403e-a73e-967d11fd80f5,bedc9580-26d8-4296-87e5-88a7540d8b15,
1175695b-de60-41c1-b970-1cffe13fd9a0,08a91eb8-995d-403e-a73e-967d11fd80f5,c4761e9d-8486-40a1-aa95-5267bfb4377e,
41c18e26-fc0a-4d12-9a17-109503af2fc5,08a91eb8-995d-403e-a73e-967d11fd80f5,c96c55d3-611c-4283-9a63-9c4b675db40b,
49f25d9b-d01f-4e36-993f-6e90a18bb9dd,08a91eb8-995d-403e-a73e-967d11fd80f5,e34b48bd-b87a-4391-8e93-97114e6b2ef2,
f5c6f059-afbe-47ec-aa2b-32d0c23cc3c5,08a91eb8-995d-403e-a73e-967d11fd80f5,e3592784-92e8-4d82-9cf9-66c4055271a6,
b2004c82-abdb-41f2-aefa-ca9163b1d320,08a91eb8-995d-403e-a73e-967d11fd80f5,e444e64e-f2e9-4f43-8b9d-c946a28738c4,
0653c1f8-1ee3-409c-89ee-c6d2acb67300,08a91eb8-995d-403e-a73e-967d11fd80f5,e5b56667-6f40-4e9f-9a46-75b0fc2a2e9e,
a75d82b2-7ecb-455a-aae6-c63c07097d9b,08a91eb8-995d-403e-a73e-967d11fd80f5,eacf8d84-481d-4d12-9447-1b2d0a35d1e9,
0289c9e4-0140-44ae-9649-fffad5f7d2f7,08a91eb8-995d-403e-a73e-967d11fd80f5,ec066cb2-12a9-46e0-980f-1b25a41accbf,
7d480446-609c-493d-9a46-86d3071686d2,08c8e47a-6f45-4769-b7cc-4e90ccaf9e65,11016ec0-44e4-48d5-acd4-b06d5a964969,
2b885b8d-a6f5-49df-a15d-18d8f7997037,08c8e47a-6f45-4769-b7cc-4e90ccaf9e65,415b42cd-c4fd-496b-9b26-b3d06f600acf,
b283cf09-6238-4829-acfb-a43556a6807a,08c8e47a-6f45-4769-b7cc-4e90ccaf9e65,5d06e78d-7fa5-4790-b51d-c1a64b48e164,
85f349d3-40d4-4b80-8a26-3aa9ab354e42,08c8e47a-6f45-4769-b7cc-4e90ccaf9e65,663068b0-d8a6-42f8-ae2a-a80e06e41378,
f74ac684-d169-41bb-a10f-deb763e90b9e,08c8e47a-6f45-4769-b7cc-4e90ccaf9e65,761a3d42-78f1-4848-a350-3665c7571984,
6a442078-db54-4f48-9a16-975f99aec459,08c8e47a-6f45-4769-b7cc-4e90ccaf9e65,8786dbca-dc96-46ad-8f55-cc0bc4c95193,
af0419da-7e2b-4223-b49e-c0af8e33bce7,08c8e47a-6f45-4769-b7cc-4e90ccaf9e65,93e1794d-ba86-4247-a381-d5906f1b0545,
e935ad56-b534-457b-ba19-8e9b7998195d,08c8e47a-6f45-4769-b7cc-4e90ccaf9e65,b7d2b472-ecaa-4f37-97dc-cc20b9632530,
5a417299-d183-4195-ae04-2e929bd34268,08c8e47a-6f45-4769-b7cc-4e90ccaf9e65,bc2b68bd-eb79-48b2-bf38-0d8a38a4b383,
80d3df7a-fa47-4f8b-be66-62684b27b00a,08c8e47a-6f45-4769-b7cc-4e90ccaf9e65,d5596785-bdd3-417d-bf4f-b0b043594735,
a018ba20-64af-41b9-afb8-79fd975eead1,08c8e47a-6f45-4769-b7cc-4e90ccaf9e65,ebed2c43-1b9e-404a-a24b-4e0cd67c4bc3,
eafcafff-aec5-4b8e-8641-1b7a70cc67d8,08c8e47a-6f45-4769-b7cc-4e90ccaf9e65,ff5d5385-2f8c-4559-9876-77a93eab1960,
309edec8-8741-43e1-8e82-cd3a97671422,093cb3eb-1d73-438b-aeac-6faea40d83a7,de10200a-f541-476a-b332-48562f718899,
ca240021-2a33-48c2-9b27-72b0d296e78d,09fc3044-c0fb-4bcb-bd8f-c53de05f3d5a,0222548c-9838-4772-84bb-905927cc8acb,
362fe8b1-f0b1-428f-9a8d-e51d73ff5d48,09fc3044-c0fb-4bcb-bd8f-c53de05f3d5a,0375045c-ec0c-45f2-81b7-b114ee442eac,
ee278c21-14e8-4ef9-85a2-f83700ce9878,09fc3044-c0fb-4bcb-bd8f-c53de05f3d5a,046c855d-34c3-4c78-a7dd-14eb64954bba,
2ea6268f-8d09-43cb-a3de-13d65e1350c1,09fc3044-c0fb-4bcb-bd8f-c53de05f3d5a,08cb0e75-6ccb-4c8e-b1b6-e6534a9fda19,
b9cdbd5e-fe4f-4cce-8b51-e59976bc8041,09fc3044-c0fb-4bcb-bd8f-c53de05f3d5a,09f0a3e5-fd9a-49cc-b157-c1b35322451c,
af2cffb3-1e1a-4323-a504-bc789259c1ae,09fc3044-c0fb-4bcb-bd8f-c53de05f3d5a,0c059c31-bdc2-47f5-a7ca-86a6ffdfda43,
bcf38086-c85d-4f3b-b5f5-903aebd7ec5f,09fc3044-c0fb-4bcb-bd8f-c53de05f3d5a,0edc99e2-a24a-4bcb-9616-fdc0b6d93409,
1d10b6dc-62b7-45c5-b5db-3e46ef1f8856,09fc3044-c0fb-4bcb-bd8f-c53de05f3d5a,0f0b96cd-6c02-49c7-b5c3-7df957ecd727,
9e6a7123-fff6-4ea4-8952-8266f0bed1e6,09fc3044-c0fb-4bcb-bd8f-c53de05f3d5a,109ac41b-a07d-412a-a695-a33dcaa32407,
fe07b7bf-f29a-4d46-97d1-413104c6f948,09fc3044-c0fb-4bcb-bd8f-c53de05f3d5a,142bc769-9fa6-4869-b825-e3ad2beef220,
2e6bd3ca-30cf-41e8-97b0-b2e625ce699d,09fc3044-c0fb-4bcb-bd8f-c53de05f3d5a,195089c6-63ea-4c52-90e8-ed10cf101237,
2d6c2fb5-150f-42e2-9907-fb367a88e47f,09fc3044-c0fb-4bcb-bd8f-c53de05f3d5a,1954cc8f-a8c1-401b-a6d6-acc4accbe01c,
70abcdf3-d1d5-47ba-bcbc-823a5fee58c7,09fc3044-c0fb-4bcb-bd8f-c53de05f3d5a,1edb00e7-dbb8-4479-ab47-6d5972e88b1e,
8fa8e523-4601-4240-9258-a2be3c371221,09fc3044-c0fb-4bcb-bd8f-c53de05f3d5a,22c311ae-4f54-416c-85d6-7f6dee5a709b,
f8fdab17-85a5-4851-a44a-13ad330de354,09fc3044-c0fb-4bcb-bd8f-c53de05f3d5a,2430c40e-84c7-4f02-a6da-7e717100ab0d,
68ffd44c-7715-4ec9-a1df-a94d9ea9ec50,09fc3044-c0fb-4bcb-bd8f-c53de05f3d5a,2daa7f70-1a6e-4b1a-ab18-fefb0f765ebc,
42499e36-0aa7-488a-a4c9-6a126b47dcae,09fc3044-c0fb-4bcb-bd8f-c53de05f3d5a,2fb74a4c-79a7-47f6-b029-cdd74c09686f,
ce8c8dc7-c87e-4c8e-8334-500ba1c979af,09fc3044-c0fb-4bcb-bd8f-c53de05f3d5a,374ebbfa-bbfe-4046-84ad-9a2b11b063aa,
700f65d2-f638-4966-acd9-6f42502e2a11,09fc3044-c0fb-4bcb-bd8f-c53de05f3d5a,4477dfb9-9bda-4a2e-80b2-5771aff15667,
a69321f0-dfce-45ec-8ed1-a1b28444b863,09fc3044-c0fb-4bcb-bd8f-c53de05f3d5a,4b228dc7-5c23-4ccf-be72-50f1087165f7,
ff0d10c5-e044-4fbf-979d-74956945612a,09fc3044-c0fb-4bcb-bd8f-c53de05f3d5a,56d6f61d-46fe-4df4-a098-502e02f12e01,
881027e1-2166-4d0a-80d7-5adbe55816ff,09fc3044-c0fb-4bcb-bd8f-c53de05f3d5a,57346106-82da-4a3b-88f4-5d8ae148207e,
70ae9834-c6f3-4818-88ea-cad13a0088d8,09fc3044-c0fb-4bcb-bd8f-c53de05f3d5a,58a35faa-2975-41e4-8666-86722c3167c9,
12e0e185-bd34-40b9-9047-a8bf99b7d85a,09fc3044-c0fb-4bcb-bd8f-c53de05f3d5a,590a6f14-5270-4bdf-ae77-d6212589a7a2,
f6682cac-2420-4e75-8758-58d6dc595d1c,09fc3044-c0fb-4bcb-bd8f-c53de05f3d5a,596576e7-aae3-473f-9983-0193fb8d17e7,
6160e011-477c-499b-aaf1-a319c8d8bfb0,09fc3044-c0fb-4bcb-bd8f-c53de05f3d5a,5a0ce885-c1be-49d7-a8ff-6bcce255f6c4,
a70a7c55-a3db-4c63-bd12-2d463535c844,09fc3044-c0fb-4bcb-bd8f-c53de05f3d5a,60280376-a04b-480a-b6ab-e4f6bd6f7692,
06a463f3-d360-46a1-a522-f7f2570d6426,09fc3044-c0fb-4bcb-bd8f-c53de05f3d5a,602a8af7-1ad5-4ad7-9454-741da5367965,
59460468-b92f-4dd3-a012-866d12efc340,09fc3044-c0fb-4bcb-bd8f-c53de05f3d5a,6222afed-3951-4d93-85df-6dbb823f3a68,
bcb94e65-3abd-4c6e-96ae-a1a8cc4941fd,09fc3044-c0fb-4bcb-bd8f-c53de05f3d5a,6ae5e0dd-232c-435a-a8be-524deac8f5a9,
73f3e7ea-1cd0-4500-ab49-19d385952d98,09fc3044-c0fb-4bcb-bd8f-c53de05f3d5a,6b9d4e1b-6361-4280-a943-687e2ccaa84d,
0cbfb4a7-e37c-4f59-945e-01309f2893b5,09fc3044-c0fb-4bcb-bd8f-c53de05f3d5a,70c5348e-9118-4faa-935f-db383b8437c6,
c5c1b0f8-6753-4275-b5d5-ee5d6759233c,09fc3044-c0fb-4bcb-bd8f-c53de05f3d5a,797d9586-e258-4d89-a350-e4d3603dec8a,
0a4f476c-7330-4d50-9e0d-bd1540b8bb02,09fc3044-c0fb-4bcb-bd8f-c53de05f3d5a,7cfa653a-3871-4ca6-87fd-b834c68cc2b3,
6ff395d7-5633-4d57-9eec-82e0dd6d782d,09fc3044-c0fb-4bcb-bd8f-c53de05f3d5a,7e6cb74c-4759-4598-8d18-077caa8bbd08,
7dc2bb2c-97cb-4f24-8bdb-19285b22b953,09fc3044-c0fb-4bcb-bd8f-c53de05f3d5a,83b94e77-41c3-4a49-97db-eb65809ef49c,
6b7c108e-93b2-45f7-a6c7-bb954f512b60,09fc3044-c0fb-4bcb-bd8f-c53de05f3d5a,90265b80-3a0f-471e-977e-ec31a052711f,
c4ef0937-0dbb-4e99-9705-6cde467b6211,09fc3044-c0fb-4bcb-bd8f-c53de05f3d5a,9851b746-09aa-45a1-a2a8-2b669befd4c7,
f10825b6-8c8c-4022-a0dc-0ef5bb331cc3,09fc3044-c0fb-4bcb-bd8f-c53de05f3d5a,9c90e276-9103-4925-bc4e-9ba8ca0f0b21,
50341c4f-0082-443f-ab4b-a2969e5d88a2,09fc3044-c0fb-4bcb-bd8f-c53de05f3d5a,9ee9df0e-9a26-4365-a40d-75fa45802a22,
e7412787-26db-4c62-9ae0-f84f6851442d,09fc3044-c0fb-4bcb-bd8f-c53de05f3d5a,b806e020-db82-4519-a744-2f3f259e7d01,
514623cc-8ae8-4ef3-b343-97558d18e988,09fc3044-c0fb-4bcb-bd8f-c53de05f3d5a,b8b02d41-f5f0-42a8-8168-0b6ab11687ed,
ba627034-3891-431a-a758-6a1e283fb3c4,09fc3044-c0fb-4bcb-bd8f-c53de05f3d5a,be482049-dec9-44a1-a3b2-b98489e399d5,
64b1da1d-59fa-4c8e-be99-254eff5e4224,09fc3044-c0fb-4bcb-bd8f-c53de05f3d5a,c070961b-72bb-4236-b295-e41fcd355e35,
38c87588-1c38-453b-93f3-c3077b760d4f,09fc3044-c0fb-4bcb-bd8f-c53de05f3d5a,c664e354-bb9e-41d4-8244-1562fb4531f5,
1ffd6b72-d052-4f46-8b6f-697593bc6f6d,09fc3044-c0fb-4bcb-bd8f-c53de05f3d5a,cc9f7b95-dc9b-4e2b-8b7c-b371482cddbb,
085f8f2d-116d-4926-9d6b-b990ccab7f0d,09fc3044-c0fb-4bcb-bd8f-c53de05f3d5a,cecd03c6-6a5d-41bc-8060-d5733a2343e7,
64acb133-b811-4f1d-9eb2-81c6a07af2bc,09fc3044-c0fb-4bcb-bd8f-c53de05f3d5a,d696de94-22a2-44b7-92e1-9a9952219f67,
38529fe6-b51e-470b-8f4c-831eb891ef54,09fc3044-c0fb-4bcb-bd8f-c53de05f3d5a,daf6bc65-be90-4f28-ab41-0deaedf8bc25,
422b307c-846e-415b-8529-8d7c6430227f,09fc3044-c0fb-4bcb-bd8f-c53de05f3d5a,ea852c97-e228-4586-b46e-b62475617887,
4b8dadd7-a95a-462d-8440-001c18c8d541,09fc3044-c0fb-4bcb-bd8f-c53de05f3d5a,f9c01b93-90f5-407f-8ae8-ff02b8c6b7b5,
ce2a08b0-8cad-4db6-9b8c-ad4a025ff680,0a713ea3-15d4-405d-9157-512a79d004f6,0cbeec54-dbbc-4ee4-8080-43c895712952,
2e3b6c12-99c9-47bb-a9ec-2ef998c86bfa,0a713ea3-15d4-405d-9157-512a79d004f6,c07bbe8c-1110-4569-9bba-173b917fe8fd,
89c4e04a-dd0d-4dab-8026-831c1007faf1,0a713ea3-15d4-405d-9157-512a79d004f6,c85b7af5-f5e5-48a5-b0aa-93d3f80a85fc,
dddc80b3-20c0-4013-b31a-0b3627f7acc7,0adc44f3-a66c-4a57-92c2-154b5d074b59,35910ff4-0ec5-4052-8b2a-6cbb2ee3ae14,
4aa563e3-7788-4e4a-bd70-7f460b967cd3,0adc44f3-a66c-4a57-92c2-154b5d074b59,89d59e57-d7e4-472e-b67e-2d10e262e28f,
0f5b2c59-4269-4d22-a256-c5950bacb132,0adc44f3-a66c-4a57-92c2-154b5d074b59,a3b7e91a-df12-47c2-a3b2-36add41cf7bc,
a9a13795-8099-4a5c-b514-94246cea58a7,0adc44f3-a66c-4a57-92c2-154b5d074b59,abf3b211-9807-42ce-b2fd-21834c65d935,
8186e211-673d-42a6-acb0-35d6d29e129f,0adc44f3-a66c-4a57-92c2-154b5d074b59,b2f0d754-4f04-4091-8081-7f42384dd22f,
9d088af6-b522-4588-aa0a-a1e6116e2dfe,0adc44f3-a66c-4a57-92c2-154b5d074b59,e2636969-8bd3-45c4-9d7e-3069e59a43b9,
41bed2cb-9a6f-4fe7-8bef-52ef5b5b47bf,0adc44f3-a66c-4a57-92c2-154b5d074b59,ec7bd8d6-49d5-4597-bac8-b5b2e23b7e6b,
a29ac10b-9ae1-4be8-b561-1f77c9142112,0b54b8c1-09c8-4ba2-b753-c82007a74101,3c529d51-a1c3-4a02-8355-f437580f16ad,
81b17d6f-627e-442e-875c-c3d3cdc629e7,0b54b8c1-09c8-4ba2-b753-c82007a74101,519d145b-7f19-42fa-bca2-42ec2911d8be,
7a7f19e1-1438-4118-a350-e11b52aecf11,0b54b8c1-09c8-4ba2-b753-c82007a74101,520b81f5-788f-4a29-9a16-60df8d78df19,
483b82fa-bd90-4edc-a555-1f229aab6198,0b54b8c1-09c8-4ba2-b753-c82007a74101,607604dd-d5ec-4a01-bcba-a73cbd31a369,
321a9c54-c907-4c43-8338-79e63f1fcdd6,0b54b8c1-09c8-4ba2-b753-c82007a74101,97e72020-c4b9-446a-ba84-f961eb17de01,
9936178a-b6c3-4d88-a6e2-4b56d8e5de20,0b54b8c1-09c8-4ba2-b753-c82007a74101,a072b8e0-b4bc-4ab8-b3d8-952774699e90,
3f8f0c6c-24dc-4733-9e8b-8c43e488bd6c,0b54b8c1-09c8-4ba2-b753-c82007a74101,b9e61446-1a0c-4aed-8a48-0a33ae2ab3b5,
480b00ed-3d60-496a-acc0-c453d2ff25ed,0b54b8c1-09c8-4ba2-b753-c82007a74101,c69282dc-946b-48fd-bf6e-36ef9164f47e,
b447d53c-1969-47a3-95ab-d4a5ecc2d33f,0b54b8c1-09c8-4ba2-b753-c82007a74101,f3edb58b-f91e-4820-a511-6107f523a932,
8307ab73-c8fb-4372-8a32-bf7b072de5f5,0d5c8180-6fe7-44ff-93a8-35a0c6626fbb,00ab54fc-2529-4be9-8e04-1da78bd98031,
0ce63ddd-8ba0-4a0e-91ef-e20902eb1f6d,0d5c8180-6fe7-44ff-93a8-35a0c6626fbb,0ba7d6a9-aa48-4a0a-a3f7-77d323b65176,
1dae76fa-90ec-44b8-9ca0-a59b90722158,0d5c8180-6fe7-44ff-93a8-35a0c6626fbb,1a14d5f9-6e1e-42ea-a872-cad1fff1dd94,
f8ba491c-2dd4-421b-a992-657ffaaf79e5,0d5c8180-6fe7-44ff-93a8-35a0c6626fbb,235c4eaf-6eaf-4740-98e1-415d8b73e2b3,
5f5d7a59-1198-4ced-a529-9a15c86c3d83,0d5c8180-6fe7-44ff-93a8-35a0c6626fbb,4bc8d529-821e-4656-bf79-7a196c0bc0f4,
82fab8fa-808e-4181-8fd3-1509f934f094,0d5c8180-6fe7-44ff-93a8-35a0c6626fbb,7a297f4c-6ea1-4157-8110-18ba7f06bede,
35e67a30-171f-4521-ba15-3126775e2f8e,0d5c8180-6fe7-44ff-93a8-35a0c6626fbb,992a696f-c59f-4dc0-807c-5ba91ae69d5a,
3dffb3c0-ae2c-497f-9840-950297fccf54,0d5c8180-6fe7-44ff-93a8-35a0c6626fbb,9ce4e7f8-8614-41ea-9ac8-a588f4bb7f57,
d5b0b0fa-c6f0-4236-92df-ec01f27c7db6,0d5c8180-6fe7-44ff-93a8-35a0c6626fbb,abc681dd-cdae-4229-86df-0b808bda8999,
773a0fd5-9cf9-4873-8777-17c0748c949e,0d5c8180-6fe7-44ff-93a8-35a0c6626fbb,b12f515c-f00a-4d24-a922-9e2e57d9fdfa,
7c1fd9fc-6f91-4f74-b006-2178f372e8e0,0d5c8180-6fe7-44ff-93a8-35a0c6626fbb,b1545208-1d40-47c0-b3b5-b834dd191dab,
62830148-01f6-4f8e-acec-a86065d63c45,0d5c8180-6fe7-44ff-93a8-35a0c6626fbb,bfa040bb-bc27-4597-9ee6-99a6c0de0c7c,
656b7c40-38c6-4b7c-9de2-95df6f03d742,0d5c8180-6fe7-44ff-93a8-35a0c6626fbb,c142e7ca-310c-45bf-9710-17a0c0ada26b,
eaa098ce-ebaa-4eaf-a3dc-f9a74f45b9ef,0d5c8180-6fe7-44ff-93a8-35a0c6626fbb,c3913911-3eaf-4d28-9660-a6f3986e0f39,
275133ea-95af-4dc9-9f1e-deaf0e4d8c14,0d5c8180-6fe7-44ff-93a8-35a0c6626fbb,c65db79f-f5e1-4360-9bab-b12636a8919c,
3fcfc6e3-9d97-4f74-8c2b-0b55cabf9cef,0d5c8180-6fe7-44ff-93a8-35a0c6626fbb,ca16cb0b-590f-4ff8-82a2-eccf98ca7566,
50208ff2-a6dd-4aa4-a8e3-4e8102d185ba,0d5c8180-6fe7-44ff-93a8-35a0c6626fbb,cdc9bdf1-0bc3-41ec-b287-cb26f73e9df4,
6149597a-4585-4ad6-85d4-dce43e06b72d,0d5c8180-6fe7-44ff-93a8-35a0c6626fbb,de1a699c-956e-45d3-9f03-74fd58efd76a,
1383ff72-7223-4867-a948-70768c46edd0,0d5c8180-6fe7-44ff-93a8-35a0c6626fbb,df21b648-60a3-40cb-aad9-dd0c975caf5d,
08321865-9119-40e9-93b9-2f6e88c97f97,0d5c8180-6fe7-44ff-93a8-35a0c6626fbb,e86b8c9a-1175-4d3c-8bad-448a7f6eea65,
4e496ec1-f40b-4e9f-888b-51762531391f,0d5c8180-6fe7-44ff-93a8-35a0c6626fbb,edcfa46b-8081-4056-b3a2-dc24c2978655,
0fa2b5e2-dcb5-4897-9c6a-2b8ad9289b0c,0d5c8180-6fe7-44ff-93a8-35a0c6626fbb,f263df0c-efc5-4e7f-9190-866f51a93c8c,
d9a27c73-6245-4a0e-a6c2-b8458127fea9,0d5c8180-6fe7-44ff-93a8-35a0c6626fbb,faf08cc3-0ff9-48c4-906a-be7696614cd1,
d482c0fd-9769-472f-af16-8ffe24d8b04a,0d5c8180-6fe7-44ff-93a8-35a0c6626fbb,fda51874-0d24-488c-ae83-f201461dbfa6,
e0fe4871-1579-4b72-93fc-b14a115aded7,10bdbfa3-d235-4bd1-a7ab-f14f30ef4f9c,56e5e22b-3600-447e-9481-63dfa310bf7b,
d9031db7-0c8a-473d-87e4-77ccbce38627,10bdbfa3-d235-4bd1-a7ab-f14f30ef4f9c,77af04c9-5a7a-4c2b-9d55-a70cf7982a33,
06655c81-995e-4e4b-b100-6e567f45db0d,10bdbfa3-d235-4bd1-a7ab-f14f30ef4f9c,95717cba-5249-46bb-84e7-f309638610a7,
a5485cc1-44dd-46d3-892b-d2cbdfe8bded,10bdbfa3-d235-4bd1-a7ab-f14f30ef4f9c,b481e5e9-4c14-4713-9f82-4db756f0d59e,
935527eb-d46c-4525-b7db-1c32f69c284c,10bdbfa3-d235-4bd1-a7ab-f14f30ef4f9c,c3f442a6-70d3-4e6d-9cd3-aa5a30dae536,
81f7298e-1c0f-4ee2-9c9d-66fad396c66c,10bdbfa3-d235-4bd1-a7ab-f14f30ef4f9c,c89ab1bc-5561-4200-aee5-79a6b7f518b6,
67c60568-5419-4296-a920-169d46becf7f,10bdbfa3-d235-4bd1-a7ab-f14f30ef4f9c,d592f36a-b180-4a53-bdf6-7063a837afff,
52db6aa0-3ef9-440c-b360-cacc4501e07c,10bdbfa3-d235-4bd1-a7ab-f14f30ef4f9c,e391252c-6c3a-417e-93ae-22a2a2e55a78,
fc5ac2e0-bc8e-446a-93f1-537efa126191,10bdbfa3-d235-4bd1-a7ab-f14f30ef4f9c,e79c9b3f-628c-4767-b95b-4b19f58c3a1b,
3f35d37f-cf5f-4284-9ac9-24f1df5f5240,10bdbfa3-d235-4bd1-a7ab-f14f30ef4f9c,ece412c0-e48c-43d0-bbd9-d4e050cd2a1e,
3a4e091c-5e2b-4730-8ff2-09007596d05b,10bdbfa3-d235-4bd1-a7ab-f14f30ef4f9c,f425efa9-259c-44f8-a70d-a3f12832583d,
9e8bd452-31dc-4069-8ba1-021991ac0e1a,116e15d9-74fd-4651-9878-9134289bf7af,3547da24-af48-47e1-a643-7d52afa323b7,
f01f400f-9b72-4222-b51d-68b8bbc4eeb8,116e15d9-74fd-4651-9878-9134289bf7af,35ce1528-22fc-4fa5-b42a-f096cc180270,
f89c9192-19e6-4a8d-9ce6-08d80d1a862c,116e15d9-74fd-4651-9878-9134289bf7af,425e9cc6-5cc1-4ee8-9117-e7917b6122b8,
b62c0dcc-195b-4726-9fa8-51cf60e4e5af,116e15d9-74fd-4651-9878-9134289bf7af,68386c24-b388-46cc-8097-bf57b9afcb37,
5cc10d22-f0cb-4ba4-9adb-887727465b87,116e15d9-74fd-4651-9878-9134289bf7af,743a88b5-a913-4774-ad1a-be78a66df746,
a2db0ff0-4d4d-4e1d-9e7b-e9d57a995ccb,116e15d9-74fd-4651-9878-9134289bf7af,93e70e00-a43c-43f6-a6d2-911d8675c4e7,
5dcca408-c302-4209-a2b9-c829a6e9f3a8,116e15d9-74fd-4651-9878-9134289bf7af,968a46be-8c82-46b8-9f07-adf83c09906e,
0dd71a73-6124-412c-bca4-fee7ebf3c67c,116e15d9-74fd-4651-9878-9134289bf7af,9b1f4b38-94ec-43ec-a6c3-5bea66657d98,
f7ee7fb3-fc85-4bda-91bf-45b165d43926,116e15d9-74fd-4651-9878-9134289bf7af,bb82a6a7-1c6b-4cc8-81f8-ca39cc8b7d22,
b3020b28-23a1-47c7-ace9-20d1cd16e1dd,116e15d9-74fd-4651-9878-9134289bf7af,da3012d0-f2bd-4a02-97f2-cfbe8262ba47,
3308e9c9-9714-4a7d-8d87-d5558e518dfa,118e0343-b9c7-4369-be10-dada92fb56a5,00cff039-5701-4fb8-89f4-ea96ff286ed9,
76e45e25-8bfa-4314-bb9d-e30595425faa,118e0343-b9c7-4369-be10-dada92fb56a5,373c784e-57be-4b01-8c5a-dcb9c3139a09,
42a47f46-b7d1-4135-9aee-10f049a5b8b2,118e0343-b9c7-4369-be10-dada92fb56a5,3ee49b58-4a29-4870-a42c-733ed15a7b51,
6f65e191-d592-4434-84ce-2825a487c82f,118e0343-b9c7-4369-be10-dada92fb56a5,880b5356-6e26-4c01-ad6d-9e1ebc450f35,
9c313b91-1908-4e9e-8969-ad3ced6963df,118e0343-b9c7-4369-be10-dada92fb56a5,aab25dc6-b03b-4a14-b28d-6f59aee0f78c,
8ae4eb47-d000-4d86-9062-054315b91e73,118e0343-b9c7-4369-be10-dada92fb56a5,c3a4aa20-d699-4b3c-8af8-a6267b4774ba,
d2bd013e-bcb1-4f35-8bb9-c7ee73ea902c,1392e0c4-245a-4e36-abf7-84bc5216884c,1822674f-a8da-40af-91d7-91ead1aab2fd,
8c7ecab2-c2b7-4bb2-a83e-62bbc08c3786,1392e0c4-245a-4e36-abf7-84bc5216884c,988973b4-922d-4636-8834-b9582885b024,
da917773-e75f-48e3-b740-22c11e689276,1392e0c4-245a-4e36-abf7-84bc5216884c,ffd9aa34-6a7b-4148-a350-46c35650706a,
be964d1d-c41b-4c21-9650-6219527ba522,144b6ce2-20c1-4c53-b95f-d6fb4960ea44,5d3a5693-ba08-4dab-b937-c8b77cb5e3f9,
7ac81fd3-dd56-44d2-bf53-6aa5d0622254,144b6ce2-20c1-4c53-b95f-d6fb4960ea44,6bebce45-6ae7-44f4-a933-143d763a26a8,
d81d255b-5734-457d-93d1-273183aba602,144b6ce2-20c1-4c53-b95f-d6fb4960ea44,7ba0b3db-acfe-4c6b-bb25-0d73a4a4a988,
fd7aa452-9100-436c-895e-02d620af3796,144b6ce2-20c1-4c53-b95f-d6fb4960ea44,7f15b0ba-261c-446f-8696-1d27af03b0a3,
218875e4-ef0d-429e-8008-4c37b4f3a424,144b6ce2-20c1-4c53-b95f-d6fb4960ea44,b88fc3f4-072e-470a-ba01-474b04f12a52,
e20621d3-2bca-43d4-a8f8-356f5d53ae89,144b6ce2-20c1-4c53-b95f-d6fb4960ea44,e4770172-7a73-49e3-a5f9-568786252a01,
0afb89a6-37be-4f32-8a7a-748bf3b78c82,15356cec-594e-446d-b61e-8b6efe67c8fe,18bd844c-197b-4c8b-a7b5-f075e05f9728,
29c48d10-3e78-435d-b28f-4ad6ee8c1387,15356cec-594e-446d-b61e-8b6efe67c8fe,6fea476c-230f-4a0a-809c-d1b3e5aedd2b,
d4d2926e-7167-4f80-98b0-ecfcba130d46,15356cec-594e-446d-b61e-8b6efe67c8fe,842f832e-a453-4a7c-9b6f-236b219e0115,
da806cc5-8215-4b64-8a27-05ec2dfe68e6,15356cec-594e-446d-b61e-8b6efe67c8fe,b9e392bd-c861-491e-a5a0-a343c2821b02,
8afe2573-4427-4d94-9bbb-e20cbf43dc48,15356cec-594e-446d-b61e-8b6efe67c8fe,d3b25523-7606-49ec-9a2f-edd5d48d63ba,
26109e35-d5d9-4893-b393-c54e7c886092,15356cec-594e-446d-b61e-8b6efe67c8fe,ec63afc0-14d8-442f-a3c4-1f7a51b36cc3,
7a495b27-1c0c-40d9-b739-7344acb78d96,15b33664-51cf-4b4b-8114-947c04d4635f,416dadac-3882-4dde-9881-de8df60ad0d5,
099a72ed-7c5e-4af8-ac46-6bf997536a74,15b33664-51cf-4b4b-8114-947c04d4635f,82125019-bca7-4d44-8824-315818a40b46,
4358ac16-3a70-4525-931e-183dac4a9a94,15b33664-51cf-4b4b-8114-947c04d4635f,895f0030-d16f-48f5-821d-cc2289b942ff,
bd4cfca6-4ed3-4c26-894e-dac4b37bf695,15b33664-51cf-4b4b-8114-947c04d4635f,c7ccce7e-7a59-4267-8a6c-b94b550c9036,
610c3955-6b4a-4a57-ba86-aa47fb7a142e,168e5e15-e6e0-4423-afd5-f38abbb9f8e5,05fb2769-bcfc-491b-90fb-8e40cb2d2a71,
19f157b3-c538-4872-893c-8332d1c9fcd9,168e5e15-e6e0-4423-afd5-f38abbb9f8e5,24cfefdf-f095-4f20-b1fb-040a5452baaa,
6051574a-dddf-4611-9205-25a1991124a6,168e5e15-e6e0-4423-afd5-f38abbb9f8e5,2ab37456-7c4f-4aaf-b9dd-75a2d5841629,
3cb2ddc2-a68c-4786-8965-3a57aef0dbf5,168e5e15-e6e0-4423-afd5-f38abbb9f8e5,3e8c24d3-2aa1-4678-adc5-6d70b83f0de3,
8ec25b3a-ad73-41a8-a521-26c7a8877885,168e5e15-e6e0-4423-afd5-f38abbb9f8e5,402f7911-6c33-488e-ba2d-2a689abe5c04,
447e99ea-5554-49de-89e2-8fec49bd29af,168e5e15-e6e0-4423-afd5-f38abbb9f8e5,45404bfe-cd52-4317-a69a-5328109a4dc5,
d02b927b-ebd1-4e0b-ad18-6ad7732e3812,168e5e15-e6e0-4423-afd5-f38abbb9f8e5,46a6c88d-5974-4a13-abac-554d2be26489,
49ea83c6-bed3-4702-a507-43d1476f8308,168e5e15-e6e0-4423-afd5-f38abbb9f8e5,5a80253a-873f-4354-9049-ef2e08da608c,
38ab1495-ddc8-415f-a94e-748462f76877,168e5e15-e6e0-4423-afd5-f38abbb9f8e5,8562cfc7-e2ad-4c98-a361-f9a4ff937c23,
32a76ab9-24c2-4116-beec-f37cba989436,168e5e15-e6e0-4423-afd5-f38abbb9f8e5,a932a280-1168-42fa-b003-ce1d2955d517,
cfffa3a8-69bb-4a8a-87a8-f3858ff6449e,168e5e15-e6e0-4423-afd5-f38abbb9f8e5,b006bb37-c3f0-42c9-97f8-56e21a96c4f1,
9721fac0-f442-48d1-b4df-5e38097acf53,168e5e15-e6e0-4423-afd5-f38abbb9f8e5,b62dbb39-380a-40ec-8283-36d46535189f,
f93a26b8-e918-4b0f-8511-62c348c0140b,168e5e15-e6e0-4423-afd5-f38abbb9f8e5,bdd03ece-a68c-4e3e-bfbf-d318cfda4edf,
d3b5aead-0a41-484d-891e-e3b827f8efc1,168e5e15-e6e0-4423-afd5-f38abbb9f8e5,e7737791-2d97-41b4-b5c9-8ac6b60e971b,
64b4fa68-695a-4347-9a5a-f6ebc55f34e7,16ae95e2-cce0-4767-9bc5-7b23d55a0ec9,0633c006-00c9-4845-bfcd-031fc25d4f01,
ff3e54d3-d3c3-4ed2-b789-21abb5ce2db1,16ae95e2-cce0-4767-9bc5-7b23d55a0ec9,078d4b6b-8fc9-43ac-8aa7-4b6fd75b1484,
9e7e1566-a2ff-490a-990d-261041ee2097,16ae95e2-cce0-4767-9bc5-7b23d55a0ec9,0bf6f034-7d36-4fe7-8b42-f61d7dbcea88,
a361d9cd-3670-433e-a36c-407bf8b97865,16ae95e2-cce0-4767-9bc5-7b23d55a0ec9,0c278201-e71c-40dd-a92d-d7fbf6eef843,
e4405519-f5c3-4480-83bd-8543411b5fa9,16ae95e2-cce0-4767-9bc5-7b23d55a0ec9,0e70912d-02a2-4efd-b38f-22fb79196529,
5c41bba4-8416-46ee-83c0-3c6e69f9acc2,16ae95e2-cce0-4767-9bc5-7b23d55a0ec9,1006e980-121b-4184-92e3-0afb414ecdcb,
6eb868f6-de2e-4514-a6b5-39f5a381f165,16ae95e2-cce0-4767-9bc5-7b23d55a0ec9,112c6c74-d7bc-4f45-bc4e-26ab6e555d83,
3ae10d50-e4f0-4be0-86dc-b40a042442e3,16ae95e2-cce0-4767-9bc5-7b23d55a0ec9,1161bb91-7db9-4f77-b9d0-d05c20213a48,
961940ad-70c7-4a3e-83a1-1b6387fa9770,16ae95e2-cce0-4767-9bc5-7b23d55a0ec9,1f5a4041-d7b8-42af-b60c-80bcb68a84c9,
85ff8786-03e6-45ee-a9da-2a5f332ca650,16ae95e2-cce0-4767-9bc5-7b23d55a0ec9,23251348-b705-4a03-95fd-7208654575ce,
82252c3c-3d8d-443e-9b3d-07fd4f7be586,16ae95e2-cce0-4767-9bc5-7b23d55a0ec9,27c71a24-7bef-4185-99c6-71d49f04e70b,
ec2455dd-1309-4572-a03d-58d8347a4f66,16ae95e2-cce0-4767-9bc5-7b23d55a0ec9,294b2cb4-cba8-431b-a9c0-18c2fb8b7ee7,
570c3a09-1e35-4d30-b3bf-9de3c699c829,16ae95e2-cce0-4767-9bc5-7b23d55a0ec9,297c53ab-d168-4503-bb45-266364336e22,
a14530f7-6ee9-492c-9845-0182b8205346,16ae95e2-cce0-4767-9bc5-7b23d55a0ec9,2b795e3d-51b4-434c-a8b6-ea9a9c322e4c,
0263009d-8473-4c50-aa2c-8a6a9779b6f0,16ae95e2-cce0-4767-9bc5-7b23d55a0ec9,2c5535ca-aa6f-414d-b834-614119f66bcf,
b67836af-5c99-4919-8af0-1f8152bbeb93,16ae95e2-cce0-4767-9bc5-7b23d55a0ec9,39424ce3-df0c-41ea-a70f-cb243b6ba340,
41690f1a-9580-4084-9728-7d27c6354fd0,16ae95e2-cce0-4767-9bc5-7b23d55a0ec9,49045dbd-b5a2-4eff-a416-e335599410f6,
729b60a3-0875-4253-8ed7-24e838f5d0d6,16ae95e2-cce0-4767-9bc5-7b23d55a0ec9,5484291f-b2aa-48c3-a85d-9d43bcc3124b,
902b0ee8-c42d-434f-86a3-16dddee29e73,16ae95e2-cce0-4767-9bc5-7b23d55a0ec9,5b759d70-1843-40d2-8f93-448c3683f77f,
b4704f22-72fc-4480-aa6c-bd4bb5d62c02,16ae95e2-cce0-4767-9bc5-7b23d55a0ec9,627c1e10-c0c6-439d-85d0-53da4b232ba2,
6e89bb35-7580-40a4-8a56-1dfe13721f54,16ae95e2-cce0-4767-9bc5-7b23d55a0ec9,6660f599-9690-4794-a62e-11719275709b,
e74372e6-fd93-400b-8254-8050c09842e1,16ae95e2-cce0-4767-9bc5-7b23d55a0ec9,6789d2bd-2780-4c09-b01b-3aa8cb4b46bb,
0f9c0d21-f0a1-4273-b69a-652c2c8e7317,16ae95e2-cce0-4767-9bc5-7b23d55a0ec9,6ee7e64c-3e9d-410f-aa9b-6c8b51dfa66d,
137e14ce-a8f0-41d9-90d7-6f02b9bb4379,16ae95e2-cce0-4767-9bc5-7b23d55a0ec9,75e85d6c-31eb-4c1a-8d7a-1e4a46218f0c,
1d73b212-93ca-457f-80a7-b4ceba2f62ca,16ae95e2-cce0-4767-9bc5-7b23d55a0ec9,7ebfce4f-aa88-43a1-bedc-be172c5526b5,
7c9679c8-658a-4437-91a6-661efb44e0cd,16ae95e2-cce0-4767-9bc5-7b23d55a0ec9,88cf9134-dc1c-498d-a69e-4a4a2f3544b9,
0b48d633-de8f-4c6b-a3b6-78e9d555e28e,16ae95e2-cce0-4767-9bc5-7b23d55a0ec9,8f47a450-bbef-4cee-857b-4b8fa591259e,
2f83c238-1788-41d1-830e-18e5136c29d9,16ae95e2-cce0-4767-9bc5-7b23d55a0ec9,a6942d88-8872-412a-b0f4-8a2c91b9bf9f,
7b69e039-78b4-43a6-ab73-8a3e972badd6,16ae95e2-cce0-4767-9bc5-7b23d55a0ec9,aa91df40-f1ad-4874-ade6-14e88f9969f3,
17a19099-a500-4251-b626-18543b470a14,16ae95e2-cce0-4767-9bc5-7b23d55a0ec9,b6ce6a5f-dc61-46f1-8be2-70a967456c72,
1ce88fae-8008-404e-bf1c-5cec28709776,16ae95e2-cce0-4767-9bc5-7b23d55a0ec9,c5b65b85-157b-4990-9b23-fa64716c450a,
1ba6919d-63fe-46c7-95b0-7013246f134c,16ae95e2-cce0-4767-9bc5-7b23d55a0ec9,dbfb0bfa-7202-4630-9b95-487a60fb3dd4,
f5a8f163-37cc-4164-a417-7e6d759b9ddd,16ae95e2-cce0-4767-9bc5-7b23d55a0ec9,e8201a50-02e6-400c-87fb-0cd053ace481,
b7931909-e147-48a0-8530-431fbe36e69b,16ae95e2-cce0-4767-9bc5-7b23d55a0ec9,ea87565b-a55f-4808-96ae-0b7ce5d000b5,
d3afc030-71a7-4683-8676-eee4fb34d15f,16ae95e2-cce0-4767-9bc5-7b23d55a0ec9,f30a8a3a-9246-4c22-bb2a-6b24b9292072,
d6dd6705-6341-4809-9834-ea7029278fc8,16ae95e2-cce0-4767-9bc5-7b23d55a0ec9,faddbe96-44ee-433d-8d2c-4451dadaf291,
35928d71-6043-4a5e-8dbc-13308d306fec,1716970b-79b7-4b43-b5ca-cd2d4b6efdee,09513738-8753-416b-a3e7-c7842a6ea4c4,
59f0fe77-93b0-4c8a-8f6b-0dd4b9ed075e,1716970b-79b7-4b43-b5ca-cd2d4b6efdee,1606ad57-6dd8-45b0-8642-74bfda220c56,
d5888b5a-b0ea-43cf-8818-a0302742f53f,1716970b-79b7-4b43-b5ca-cd2d4b6efdee,1fee5099-220d-4f99-84d6-3e450a0f05ab,
f75339b9-57b4-479d-a4f6-32577722a0d6,1716970b-79b7-4b43-b5ca-cd2d4b6efdee,25af7839-e448-42f4-b6cd-ada76d098673,
3513fa44-8922-4b1e-a5e3-938fd69cd826,1716970b-79b7-4b43-b5ca-cd2d4b6efdee,28677874-94b0-4b4f-bfa1-083ed7d1f7aa,
fb42b6d7-407e-4de7-9009-61854af9a801,1716970b-79b7-4b43-b5ca-cd2d4b6efdee,2c6709c0-d9bd-4278-b00a-58745301805f,
922a7a03-aba4-4ea2-a733-07f560b6d364,1716970b-79b7-4b43-b5ca-cd2d4b6efdee,35cb0897-64d9-434e-ad38-580bb4d15c3b,
72165963-dfad-4ab3-80d7-c6c64fa4945e,1716970b-79b7-4b43-b5ca-cd2d4b6efdee,35e76aef-a007-449d-99fe-8266d5264ba7,
8dbfdc5e-97a2-4e27-ab1a-3c1beee3544d,1716970b-79b7-4b43-b5ca-cd2d4b6efdee,3f48cff5-1b86-4f00-8334-c12c6542e04b,
18a9a8bb-99b6-40d1-995a-80b4ad7ad958,1716970b-79b7-4b43-b5ca-cd2d4b6efdee,403e1868-4c88-433a-8727-e5b174d0f7c9,
cb9219cf-82be-46cb-b58f-e3490bc76c2b,1716970b-79b7-4b43-b5ca-cd2d4b6efdee,41e5b75d-b858-498c-8054-93e0fcc5e269,
0f268611-86e8-4c59-892a-b1cdbc1e76b5,1716970b-79b7-4b43-b5ca-cd2d4b6efdee,4bc08cb1-97d9-4204-b61c-3a4e9bc089f8,
d27a6cff-072b-403f-98d3-1f946039571e,1716970b-79b7-4b43-b5ca-cd2d4b6efdee,517f13f6-3995-45a0-be1b-31e668435825,
32c75759-c076-466e-88d1-988d74293d03,1716970b-79b7-4b43-b5ca-cd2d4b6efdee,53f1c13f-d15f-4c6e-ae0e-497c2407afc3,
fd9b98a6-7bb7-4fe0-8b8d-83a8dc3ce38e,1716970b-79b7-4b43-b5ca-cd2d4b6efdee,5dddc3eb-16d7-4505-9e2a-1c3c15c9fc61,
be0389ac-079b-4ed6-af0a-84714a072b4b,1716970b-79b7-4b43-b5ca-cd2d4b6efdee,6701c687-deb7-4d75-b267-ccc51c9fc82b,
5dba7713-2696-41a2-98ce-2c47410b7a6a,1716970b-79b7-4b43-b5ca-cd2d4b6efdee,68191a62-201a-4790-b51f-844d3d5501d3,
a87fe150-2268-443e-bbea-fb9a0c60eccd,1716970b-79b7-4b43-b5ca-cd2d4b6efdee,71b7cf66-d479-4111-be52-b9a9a4f90d6e,
0dc29903-81f5-4208-9267-3829b3af1221,1716970b-79b7-4b43-b5ca-cd2d4b6efdee,822e2e9e-2371-4bf2-b290-ac43d4cd2dd5,
15d68194-ddc0-42fa-8404-f3ec1fb16e45,1716970b-79b7-4b43-b5ca-cd2d4b6efdee,98def029-6d5e-4c09-8803-aa1727b89c02,
ddb35968-d5dc-475a-81ab-64f1323070f4,1716970b-79b7-4b43-b5ca-cd2d4b6efdee,99e417be-739b-482b-a7fc-c5345f6980ce,
064901fa-c664-4269-bdac-fd8cbd4a37c6,1716970b-79b7-4b43-b5ca-cd2d4b6efdee,a5329510-1cdc-45a8-9b14-90f6ff182389,
4381efb6-fb2f-4847-abe5-7cf4597f3fd2,1716970b-79b7-4b43-b5ca-cd2d4b6efdee,a6b66c81-adee-452d-989e-5df5f7db3aa6,
71522cea-f4f6-4e97-9221-51c3321ab9ac,1716970b-79b7-4b43-b5ca-cd2d4b6efdee,b2e1ecab-66b6-4d65-935c-115add31244f,
8515f41c-586b-45fb-baca-5b7012194a2e,1716970b-79b7-4b43-b5ca-cd2d4b6efdee,b7c3431f-1487-4b0b-98a1-9b7b3aaa0ea7,
3f386246-fb20-474b-931e-acb18a2e5f99,1716970b-79b7-4b43-b5ca-cd2d4b6efdee,b826fa35-a511-4841-9f04-43581aa28ee2,
41709c14-57b9-4218-bd65-8bd0cee3bb14,1716970b-79b7-4b43-b5ca-cd2d4b6efdee,bc3c6037-c993-4937-aebf-e447ae30b190,
91d6a2d5-8346-4f76-adcb-64ad64a96a87,1716970b-79b7-4b43-b5ca-cd2d4b6efdee,bf00b1fc-e682-40e1-ad25-0699faa1b7b6,
3df9ac57-9fe6-42e1-82e6-967330034ea4,1716970b-79b7-4b43-b5ca-cd2d4b6efdee,c5819395-b370-45f7-8e1c-3f54af7dbbf4,
9cec4ace-6641-406e-9979-f8ac1695b3c9,1716970b-79b7-4b43-b5ca-cd2d4b6efdee,ccc6ae45-527c-40bb-a69f-7b547d4fc0af,
3ddb55b9-4757-421d-9400-60b6a1484952,1716970b-79b7-4b43-b5ca-cd2d4b6efdee,e9b13620-1bb8-4b5d-82cb-899aabac7ec7,
2ff7d40c-426a-4ded-be31-998917edb1b9,1716970b-79b7-4b43-b5ca-cd2d4b6efdee,f1ff77b1-2547-4940-94ec-f75673c29333,
6f8b75ec-74d1-4a2d-9f3f-c04600215c36,17bcda3e-b71a-4f54-b242-11e333926512,383fe9c6-17e1-425b-90d3-d333868d9fb9,
69db0ab1-524e-420d-ba09-2c99240adc7f,17bcda3e-b71a-4f54-b242-11e333926512,53cd4813-0599-4bc5-8280-b310c7b0ef4f,
e4dbe6c6-5a48-4fd6-9d25-a0844bf5be9d,17bcda3e-b71a-4f54-b242-11e333926512,ee5a5225-cb48-42f6-9ee3-3a94115fac6f,
ed09d65a-8b7e-4a6c-b90b-ac32f739fee9,17dd9840-a46a-4b4e-befe-fb714233218b,25e4ca32-695b-42ba-abfb-bc8e8ef76343,
c64cbb66-a98d-46f3-92d4-2059cb52d114,17dd9840-a46a-4b4e-befe-fb714233218b,2eb9a6b1-4235-446b-9534-67f156ec4ace,
1e04c7d6-05fb-4554-b994-01672f601f99,17dd9840-a46a-4b4e-befe-fb714233218b,4df75309-cf35-4142-a6bb-4400d889d78b,
a04e785f-3697-4ed0-ac82-339309ca1edc,17dd9840-a46a-4b4e-befe-fb714233218b,e004b3ce-73e8-46f7-a575-89ca8edb148c,
50a0ef6c-2b97-4cbd-a7fb-1067801d73b7,184c3853-0063-4a96-9978-b0f911a23722,129c74f5-230a-49f5-8e01-d68f2dbd44e1,
a422c15d-a773-4606-8e6e-82e0add753b8,184c3853-0063-4a96-9978-b0f911a23722,2f61608b-af0d-48d6-a094-bc0750664441,
eb86472a-8679-405c-8f86-c7dea19c5e3a,184c3853-0063-4a96-9978-b0f911a23722,65bf4bde-cf6d-40ff-ad99-130d09dbf428,
c8cfd6f6-958f-4277-b0c6-1485ab724208,184c3853-0063-4a96-9978-b0f911a23722,67b07981-0728-465d-a8a8-6a1289d4e76d,
1e38ce24-36fd-4cf5-9ce9-e4a06f39c05b,184c3853-0063-4a96-9978-b0f911a23722,7edaca6a-b582-46f4-840b-6a9c6569cf96,
79eab9f6-17aa-4d6f-9848-1b80fae090b3,184c3853-0063-4a96-9978-b0f911a23722,8ecd34cc-8c61-4c25-9ebf-e4938f4d1ae1,
73370bb2-e927-44d4-ad13-fe3b66f91e4a,184c3853-0063-4a96-9978-b0f911a23722,964d8d31-5557-446b-b7c0-c2b1a4eaa0c2,
29533ea4-4ca6-4eaf-9c74-2e9b5539d4cf,184c3853-0063-4a96-9978-b0f911a23722,968006b0-77d2-4580-a7d0-8b49270837f2,
34b6220f-16bc-45a8-a699-7a226b955e43,184c3853-0063-4a96-9978-b0f911a23722,a037691c-0191-4a62-8d07-a14adf14744a,
5b09db0f-55ad-4cff-bf06-fe4d0324000e,184c3853-0063-4a96-9978-b0f911a23722,adb8df88-6feb-43c0-b9ed-cf67b5ef68aa,
e91cff21-d49c-4936-9c38-92696023ec36,184c3853-0063-4a96-9978-b0f911a23722,be2427ef-b41a-4b0c-9990-9cbce0a211bc,
42ecb7af-3160-4e32-92e5-27dd62290f04,186eaca9-792a-41c7-a392-511f87412046,0babce4c-d251-4bf8-a373-c6e4bc65681b,
9d008b87-1432-424f-a395-8070be54928c,186eaca9-792a-41c7-a392-511f87412046,1f77206d-52be-4107-b798-a080b628f9fb,
48e8ac43-1b54-4057-b759-26a64f71ddb0,186eaca9-792a-41c7-a392-511f87412046,242a5e58-ec80-4109-9e74-f5baa93d64bb,
f1de8c9c-494c-4c07-8137-cff54bbd9ea7,186eaca9-792a-41c7-a392-511f87412046,293e996c-111b-4479-9f2f-728871366df0,
d1ac99a1-b502-4c5f-81df-7943c52bffc7,186eaca9-792a-41c7-a392-511f87412046,387e48cc-950e-4b60-a5fc-eb870782e20d,
f68e7933-001b-4ec8-bed5-739d884edb5d,186eaca9-792a-41c7-a392-511f87412046,388f4ea8-9831-405a-a631-5377f3df528c,
d77e71d4-8b96-401e-9049-131d378f716b,186eaca9-792a-41c7-a392-511f87412046,3dc7ca09-166d-44da-947b-9c0f778738d4,
fe51925b-21c8-4ea3-848d-8801466c1968,186eaca9-792a-41c7-a392-511f87412046,3f563025-ed70-44a9-a7f7-a19080085a33,
778f3a6f-d15c-4c7b-a5a4-21a131067d79,186eaca9-792a-41c7-a392-511f87412046,417da09c-c74f-44dc-8773-b74ad11c9bb5,
d61ad1a9-f8ee-4c87-8410-eb053e729909,186eaca9-792a-41c7-a392-511f87412046,495254e5-679e-410c-a3a5-89c6781d7f11,
4278cdcc-b79b-4dcf-bf8d-003b76579d3b,186eaca9-792a-41c7-a392-511f87412046,517afd81-c3bf-4317-ba78-768e6d035033,
fd3bfee5-69f9-4d83-a999-f5f273196c95,186eaca9-792a-41c7-a392-511f87412046,5bbd4e6d-a938-4e24-99af-04851ebec215,
1210eb93-5637-47cc-8e6f-5c17a338e862,186eaca9-792a-41c7-a392-511f87412046,5c7ddf23-7fcd-4264-a2e8-a058f68abb68,
28aaaf2c-33bd-4771-b507-d49dfd2e62e8,186eaca9-792a-41c7-a392-511f87412046,6cec9b77-fa6e-4530-9de6-c6b3cbe32986,
dc2f71e2-1da1-45ea-b7c6-9a3a720f7d14,186eaca9-792a-41c7-a392-511f87412046,6d17dc5a-f643-4596-b44b-4127e584bfcd,
66c14a5f-519b-44fb-b342-b33d320f7c72,186eaca9-792a-41c7-a392-511f87412046,740c3d9e-97af-4e4c-bb70-05f06d95a26f,
4bd242e7-8fd5-4986-a8d3-8cf994334637,186eaca9-792a-41c7-a392-511f87412046,74b8932d-7c95-4503-8a56-5305ee260817,
02b2baa9-d9d5-4813-84a7-44c66cef4be6,186eaca9-792a-41c7-a392-511f87412046,9463b7be-7b20-4d04-b4a4-8af321d4754a,
914ead35-280f-4407-ab25-6e9dd8ebe496,186eaca9-792a-41c7-a392-511f87412046,a45f99e7-9675-4e92-978c-49c2d33620b4,
35d0b274-b18e-423e-9aee-ea1d949dcd18,186eaca9-792a-41c7-a392-511f87412046,a672cd1c-c293-435e-a3c0-7c934cdc7f36,
063afd32-21ee-4516-a10e-6b04766fc029,186eaca9-792a-41c7-a392-511f87412046,ac70e92a-b295-4ef4-885c-ae73e5c3b882,
081c35db-e417-477a-aed1-1c89e5100a18,186eaca9-792a-41c7-a392-511f87412046,ade87215-b726-489a-8c96-2e77ec6ca6fc,
3bacbd85-e155-448f-9b38-b7df62b14a42,186eaca9-792a-41c7-a392-511f87412046,b6641bbb-d584-4c57-88be-658f89bcb752,
ed864609-ea18-4850-b229-eb1c80a94864,186eaca9-792a-41c7-a392-511f87412046,b6c511be-8406-4dd2-b841-19244c74b76b,
2ac5b190-9715-4c1b-95d6-8910d84e860a,186eaca9-792a-41c7-a392-511f87412046,ba4a289f-2fa5-405d-a358-43f56c7b63ad,
807e5049-e1a9-4545-82c5-8df8dfa97877,186eaca9-792a-41c7-a392-511f87412046,c2de1ed4-4571-4775-976f-a3715687b1ba,
b7a57a03-5e3d-4456-9b2e-dd8f61db0190,186eaca9-792a-41c7-a392-511f87412046,c4d90994-8ed9-4273-b3a9-aeff669d62be,
da04125b-8ee8-498b-9d09-fe7e35ac4d38,186eaca9-792a-41c7-a392-511f87412046,c58b9e5c-aa1f-4b50-9e7e-b895f1f1435b,
c7939f59-56ad-476f-8b6a-f06271f905cd,186eaca9-792a-41c7-a392-511f87412046,cbd50c42-4dad-4caf-b338-6e36fb6d72fd,
d7fc4c2d-4537-4115-b59f-a06decb7ce0b,186eaca9-792a-41c7-a392-511f87412046,d36305ec-a2f0-4086-9572-095decc632bb,
ce27c6e3-9163-4e62-ac4d-94ce395ad90f,186eaca9-792a-41c7-a392-511f87412046,dc265190-f5a9-4cdf-b125-f38fb22633e0,
a564e552-2010-4a60-9c12-59e0edd2553e,186eaca9-792a-41c7-a392-511f87412046,de951e60-d69f-43df-9900-3057a562c39e,
c9a23d17-3c6a-4ef6-a2a1-f0a1ed90e3fd,186eaca9-792a-41c7-a392-511f87412046,e09fae52-0fc8-4953-b8db-53f7a13d2a03,
d8a24875-e601-4d95-a691-091c1305b27e,186eaca9-792a-41c7-a392-511f87412046,e294ca6c-f38f-4e13-9c66-649650ef1b9e,
a205bf65-2b01-4799-8486-9ccbad3b5827,186eaca9-792a-41c7-a392-511f87412046,edd43ffc-7004-4cc6-b17d-dc27e82be4d7,
00ff86f8-0b0e-4cb2-9770-fc5a375866c7,186eaca9-792a-41c7-a392-511f87412046,f3266881-1686-44b4-a850-5c4ced14684d,
87efee08-bc26-4bfb-b829-1bc35ab8442b,186eaca9-792a-41c7-a392-511f87412046,f3726ffe-c40a-4414-bbad-63fca0d91c8c,
641fc860-53d5-42a8-a3be-e32f1c6f33b0,186eaca9-792a-41c7-a392-511f87412046,f91cf756-5370-44ae-bd35-3b0ffeedf262,
d1519eeb-5d56-42a1-bb48-cda676818bdc,1a8952cf-8579-4c0a-8285-14cefb7042eb,7d40a632-a53f-4696-aef5-afe783c8e6e0,
f2f7d105-b071-4333-92f9-ae4f77d8c583,1a8952cf-8579-4c0a-8285-14cefb7042eb,c71a99a9-f398-4fa7-b5c1-d1dad136413d,
d10166e4-f65c-44f6-b70e-bd550947e62a,1a9e15c9-4b89-4848-aeee-1359b5d9cc5a,e01061e0-9379-4698-9cf9-bc73712168d9,
35f70e86-3d4d-4f59-97ab-35e8619adaaf,1acfee3d-195d-42c7-8f86-86d5b52ca4a1,20e0e605-85e3-433b-b3d5-9bd3f180c511,
dcdcdff6-04b1-4296-b301-e3170531680d,1acfee3d-195d-42c7-8f86-86d5b52ca4a1,33117274-0680-4831-a7dc-6301f32e6076,
fc706d2b-1682-45c2-910f-a7671e92f2bb,1acfee3d-195d-42c7-8f86-86d5b52ca4a1,34d73f9e-08c7-4d4c-8cb9-781cc03800b4,
d8643dba-3e58-41ff-8599-bcb41b1b4ec1,1acfee3d-195d-42c7-8f86-86d5b52ca4a1,b8ebb55f-4793-4459-b0ad-7aa9163791dd,
752b9fd6-1d2d-42ff-82b0-98b659d8c783,1acfee3d-195d-42c7-8f86-86d5b52ca4a1,c94f8876-6eb2-4a55-b186-582e19adc968,
1746d13e-fc8d-41ef-9180-f3e6c642cdfe,1acfee3d-195d-42c7-8f86-86d5b52ca4a1,f3baf969-43c3-4b38-9fcb-4aef59ffb6fe,
2152dc39-8c86-4396-92ca-9afaf194c4c2,1cf8a883-980a-4c7f-ba1d-de90188425d4,314018fc-aadf-42e0-852c-dbf6c66389a3,
70977f9b-94a8-4c75-9efd-b6703c863944,1cf8a883-980a-4c7f-ba1d-de90188425d4,4e342201-9d9d-4ca5-98bb-9ee7ee30a480,
6fbabe70-b6b3-484b-943a-8e1135bbef0a,1cf8a883-980a-4c7f-ba1d-de90188425d4,78ab17e3-b50b-494e-b25d-974c95751fd3,
88399494-4a42-4f19-8413-b46d6d79ca17,1cf8a883-980a-4c7f-ba1d-de90188425d4,8d90dfb0-c234-4014-8acc-238391ba917c,
7fdc7b44-2c0a-46bb-80f4-844dc16c4bd6,1cf8a883-980a-4c7f-ba1d-de90188425d4,9aee6693-96a0-4710-8602-b629b40b02bc,
18fee573-a78f-491f-9e2c-abbbab77b022,1cf8a883-980a-4c7f-ba1d-de90188425d4,cb30a847-23dd-4ff5-b5b9-12647369aa7b,
fb6bbc4f-e2c9-4ab6-9edc-b78d8de2412d,1cf8a883-980a-4c7f-ba1d-de90188425d4,cfa573fd-5fa8-4f6a-a902-1054517fa568,
1011fefc-8ab0-4c65-a30c-90386833f25c,1cf8a883-980a-4c7f-ba1d-de90188425d4,d3f36ee8-8842-4ff6-8505-d7980959e6b4,
15dac1fc-fd36-463f-93e8-c184ba5a6f75,1cf8a883-980a-4c7f-ba1d-de90188425d4,dd2230ec-85f2-4edd-86a4-157420935e6d,
6841aee7-d9ab-40b6-9e54-ad8a49ddde06,1d19c253-00ab-4067-ac7e-396454ad5da9,1d4aa315-f38b-4891-9e17-2de215698333,
7ada31db-c2ca-4619-a04e-f864cf8f1122,1d19c253-00ab-4067-ac7e-396454ad5da9,2be02684-377f-42c1-b42e-ee2c6be7c998,
92158bfb-58db-4ad7-b405-cc3b393a28f2,1d19c253-00ab-4067-ac7e-396454ad5da9,487cc030-53d6-4d1a-afc5-9e75dda891f4,
60fe891b-f427-40c4-a27c-c878ea804583,1d19c253-00ab-4067-ac7e-396454ad5da9,50d440b7-5488-4a65-9847-53f101f159a0,
cf5cc630-1b9e-49e7-a5b6-7deda75105e1,1d19c253-00ab-4067-ac7e-396454ad5da9,6ccc5859-2c3d-489e-9832-1870796dff16,
45b762cd-e0ea-4b17-aa2d-7ebdde2789af,1d19c253-00ab-4067-ac7e-396454ad5da9,7f0e7640-0dae-4bd6-ac2b-a42507d50dcc,
4a77d48d-e8a2-466b-8391-d9ff0538e16b,1d19c253-00ab-4067-ac7e-396454ad5da9,7fc7f506-89df-4e73-83b3-a6287d9b4fd9,
8b6383cf-6091-4ea8-a355-4a8dbbe871a9,1d19c253-00ab-4067-ac7e-396454ad5da9,82d4de31-4be9-47dd-a4cd-842152fe9358,
a5c5e1c5-b317-492d-884f-ea56ec5bcc0f,1d19c253-00ab-4067-ac7e-396454ad5da9,844978e6-7204-4798-9eef-7c1a42ea5dcb,
f44a35c0-475d-44d4-b677-76a2eeac1cb4,1d19c253-00ab-4067-ac7e-396454ad5da9,96076f7d-7139-4fca-8fed-3cd68e96ac1c,
aa0b8d03-191f-456c-8563-92a743e4c3cd,1d19c253-00ab-4067-ac7e-396454ad5da9,ce57797d-52a6-455a-b961-f7f096ed768f,
d526dc6f-d660-4661-a67e-ef06c5f6c77a,1d19c253-00ab-4067-ac7e-396454ad5da9,d07d5c43-5fb0-4e26-a5cf-b4bba9b82231,
892bccd3-26ad-49d6-bb43-6f5aa814960b,1d19c253-00ab-4067-ac7e-396454ad5da9,d75efa8d-2a6e-467d-925f-25478bddd1ad,
b19ef5e0-7e30-4082-b676-cca43ad4cbb2,1d19c253-00ab-4067-ac7e-396454ad5da9,d8f9c981-94c1-4df9-a4cb-87039f97b1a2,
96d61864-51f9-4c30-9b9f-e057750c735c,1dd8e187-26a0-4b8e-988a-f2a7fc67e71c,01dd0f04-3289-45c2-9dd9-f5600c25a02c,
767b3aea-75b2-481b-ac01-aa1faa5c4883,1dd8e187-26a0-4b8e-988a-f2a7fc67e71c,0953abad-1a5d-438f-af49-6ff060ba6f0d,
51bdb455-dbee-40a2-ad45-b09c6731dcd1,1dd8e187-26a0-4b8e-988a-f2a7fc67e71c,0960a666-544e-4d9c-8c4b-729ad77e83fa,
8852247c-85a0-4aba-b9fa-f862ce252822,1dd8e187-26a0-4b8e-988a-f2a7fc67e71c,0c3cc4d4-ab81-451f-8815-52383841eac1,
a557434a-6299-420e-a5ac-f4a04a3f915c,1dd8e187-26a0-4b8e-988a-f2a7fc67e71c,0c86fde1-1fae-4433-b127-fbd0691a2cb9,
8e57845f-9c35-4b31-bbe6-c580ab073440,1dd8e187-26a0-4b8e-988a-f2a7fc67e71c,2ac96584-dc3e-4ba3-84ad-ea38c75f7779,
b8afa49c-3399-4dc0-9bc1-5604bfd33cfa,1dd8e187-26a0-4b8e-988a-f2a7fc67e71c,37e4f26f-5579-4ea9-814d-5e42b2391b70,
50dda8d0-e72b-41e4-aa2a-b4dab4eca01e,1dd8e187-26a0-4b8e-988a-f2a7fc67e71c,4fe8ed7e-5511-434e-9c29-558ac6d2d519,
35972d78-2a51-4d83-b966-bfda1cbe88a7,1dd8e187-26a0-4b8e-988a-f2a7fc67e71c,5394b70c-67a1-4684-8754-7bf66dba1bb3,
19a2b73b-87c6-4fdd-b4ca-21612c9f7f10,1dd8e187-26a0-4b8e-988a-f2a7fc67e71c,7b4cddcd-efb5-45fe-9b15-b66d2392caa2,
b6e5579e-eb23-4aea-9c2c-591c19f55d70,1dd8e187-26a0-4b8e-988a-f2a7fc67e71c,83105b77-8e72-4011-a109-daf1d7e678bc,
3e1ba90a-eee5-492d-9524-ccc8e3c4f794,1dd8e187-26a0-4b8e-988a-f2a7fc67e71c,8ff8189a-a69d-4c8b-b65a-c96a8cce9ba0,
8bf11e09-f521-4291-811e-9de6cd0db260,1dd8e187-26a0-4b8e-988a-f2a7fc67e71c,90113ec2-aae3-456e-be79-21aa030bda66,
00d022aa-2490-4286-a63b-1b1ad0daab44,1dd8e187-26a0-4b8e-988a-f2a7fc67e71c,960e4d05-b6d6-4848-a250-9fd02b6caca6,
c2c3ebd0-6f49-43dc-b0eb-07c466f63d66,1dd8e187-26a0-4b8e-988a-f2a7fc67e71c,d3041a0c-cab5-4d6d-87ba-746b07a5bdb0,
217b9721-94c3-47ca-a3df-84dadfb6a5b0,1dd8e187-26a0-4b8e-988a-f2a7fc67e71c,d3730369-cff6-44cc-bb3d-b27991df93f7,
2d3d7768-780e-4347-81c2-f7728d88372b,1dd8e187-26a0-4b8e-988a-f2a7fc67e71c,dafe3408-ccac-4ac0-9579-ce1fb57b6047,
e0b16cb0-881b-468d-938a-14762984e378,1dd8e187-26a0-4b8e-988a-f2a7fc67e71c,db260ad1-0283-4ba2-8df4-4e50d44760eb,
78840088-13e7-46a2-b1fe-2a8ee0e5b390,1dd8e187-26a0-4b8e-988a-f2a7fc67e71c,e1a7d460-410b-4d42-a70b-75a9ced7a2aa,
11777112-babc-4e8a-9f35-cdb966741c3e,1dd8e187-26a0-4b8e-988a-f2a7fc67e71c,f6abe3a4-5c71-4cc3-9cc8-778d1a2bdd0b,
88c96714-2b13-4fe9-bf70-6e13fab8e66c,1e67c000-de54-48aa-a287-f0ee377a5835,06f0dc5c-2765-41cd-996e-3f7b97ef4d3a,
c54c8053-83f2-4e8a-a010-a17fc16a5e3d,1e67c000-de54-48aa-a287-f0ee377a5835,08e087ec-aee0-4f32-b1e9-58effe401097,
9335f218-c634-47d3-8c18-f27de9378877,1e67c000-de54-48aa-a287-f0ee377a5835,1c686e30-80bc-409b-8e58-1dcdb8446c3c,
b02ef6af-6342-4a3d-a171-dcac096df9dd,1e67c000-de54-48aa-a287-f0ee377a5835,1e2c2cb2-7fde-43cc-921c-1218d7e3b875,
6cdc1b6b-3998-472a-987d-2fa1f62d295e,1e67c000-de54-48aa-a287-f0ee377a5835,200fbdd7-9efc-4ea6-baeb-4d78c23d6a11,
92c317b9-438e-4bac-977d-a69bc823a16b,1e67c000-de54-48aa-a287-f0ee377a5835,240e41c5-075d-453b-8d80-978a6b1a55f1,
7bbc4091-8625-4227-ace6-c0ff7070400e,1e67c000-de54-48aa-a287-f0ee377a5835,25af03f7-11c6-4896-af2e-7197c1b03136,
37958d60-598d-4f24-905d-39196324872e,1e67c000-de54-48aa-a287-f0ee377a5835,282e483c-c670-4d58-a726-98830f1b0125,
f8734d40-0e50-406f-ac73-3260cc748cc0,1e67c000-de54-48aa-a287-f0ee377a5835,2999136e-78fd-43d5-b017-7f05424772fa,
db012857-8d43-413b-93de-f93f58f09989,1e67c000-de54-48aa-a287-f0ee377a5835,2d2780b5-0faf-4bd5-a1fa-85de56173223,
cd2b1caa-60fd-495f-a170-1f31ce3e1bcf,1e67c000-de54-48aa-a287-f0ee377a5835,2db0a379-b875-4a3e-8008-5a8aef8b4619,
859d5780-4c54-48fd-8f57-4242aa6d4761,1e67c000-de54-48aa-a287-f0ee377a5835,37ad572f-5224-4604-abeb-e81d6156fd30,
bf524ab4-395b-4071-8636-990d4985d674,1e67c000-de54-48aa-a287-f0ee377a5835,3cf0e4f4-9cb6-402f-9d33-5b6aedbdde28,
18c05f9e-407b-4e6b-81ed-a0f65d6a130c,1e67c000-de54-48aa-a287-f0ee377a5835,3fda8d48-69bb-42e0-899d-a91c93c36362,
0d3e620d-fb88-4e4d-9516-147951fa6ded,1e67c000-de54-48aa-a287-f0ee377a5835,408ee1ab-af74-4de5-bfdf-ec07cd697c3c,
cd0df359-8031-494a-b26f-e112290334a1,1e67c000-de54-48aa-a287-f0ee377a5835,41d69112-e16e-4f33-a950-9277ec035ec0,
c360fd3e-43cd-41c4-925d-4b0004374768,1e67c000-de54-48aa-a287-f0ee377a5835,43e3da9f-035c-4635-9d69-11b7f8b9eec2,
710b284a-9c89-444b-b97c-d2ae15582f9e,1e67c000-de54-48aa-a287-f0ee377a5835,6159fcb6-bce9-46dc-8197-97b39c52a72f,
66811941-1025-4fdb-8ed6-85a29c61f4ca,1e67c000-de54-48aa-a287-f0ee377a5835,63533ca8-459b-4c0e-92d2-ff8a80269abb,
7d4a5eed-8414-4419-be6e-bec46f181512,1e67c000-de54-48aa-a287-f0ee377a5835,639733e0-b5c6-40fd-a95b-1bd2682f0fdd,
00287548-aa54-42f1-865e-12d3ea306721,1e67c000-de54-48aa-a287-f0ee377a5835,63cf7ac1-7285-43c1-b2e7-8f42050dc43d,
b4652ca6-db47-45a7-839f-49cd32881cc3,1e67c000-de54-48aa-a287-f0ee377a5835,681e7382-164a-4cae-bcbe-1020534d6235,
d3848deb-0731-457a-92a8-6f03e5994d54,1e67c000-de54-48aa-a287-f0ee377a5835,6a48ed85-6853-497a-9ca3-683830dc973c,
dbcea3d7-27b3-4520-866f-d260e12eb870,1e67c000-de54-48aa-a287-f0ee377a5835,70ea77ff-7749-4bf2-b915-123d5e2588df,
c22a3bbc-a550-43ab-b589-bc3f8c1aeb50,1e67c000-de54-48aa-a287-f0ee377a5835,76e49415-6208-41c9-a8c2-c5d30435153c,
700b09ad-9df7-41cb-9901-9d70fdd7de6e,1e67c000-de54-48aa-a287-f0ee377a5835,782c94d6-5304-40f6-afaa-52f683f949af,
3eb14855-37d8-4649-b2f7-ef79768c0ebd,1e67c000-de54-48aa-a287-f0ee377a5835,7ec1c93d-a3db-4963-847e-ca6ce23e8aa2,
8354acd8-4960-472c-b5ac-e274718ccf7f,1e67c000-de54-48aa-a287-f0ee377a5835,84f8de82-8b7b-4bc8-b3ba-a357e2d29000,
10d0d23f-857f-47f3-8759-243bdabd54c7,1e67c000-de54-48aa-a287-f0ee377a5835,8b43e56e-f8a7-467d-8da0-042338ce560c,
1bb0f64e-732a-4718-b71e-7f92fa153654,1e67c000-de54-48aa-a287-f0ee377a5835,8b8831dd-6e3e-464c-97d6-0ec5da42e076,
8df61a77-8bd8-443b-b702-64923e429ddc,1e67c000-de54-48aa-a287-f0ee377a5835,95143f84-a941-4c78-9c64-db6bd12d2559,
f0abfdbf-2934-4a85-9c5f-d7f4abcd55e1,1e67c000-de54-48aa-a287-f0ee377a5835,97be671d-6ccb-4125-b2dd-76e77711c7a6,
f5dcb73f-8808-464c-96a1-cc5dc1c1f2f3,1e67c000-de54-48aa-a287-f0ee377a5835,98375758-3e8b-48b4-8e7f-f2abcb6b292e,
a8cf100e-331f-4324-a642-c21512f7ae9c,1e67c000-de54-48aa-a287-f0ee377a5835,b81930bf-bf65-4a74-b52a-2f0c73e4f0ba,
d119cbfd-b385-48ec-81df-295fcb770bfb,1e67c000-de54-48aa-a287-f0ee377a5835,c01ff7b4-0f38-46bb-ab06-0acf9a0c4d22,
a0f315bc-e626-4fcd-b94b-585be80c90cb,1e67c000-de54-48aa-a287-f0ee377a5835,c6f82f7a-adae-4090-a89e-b4c9ac367bb9,
de29aad2-4e1b-41d2-94fc-36ba4ce5464c,1e67c000-de54-48aa-a287-f0ee377a5835,c70e87b6-c3d9-4477-bec3-6b75c1d25d83,
7d72b44f-2950-45f9-9ef5-25a7df58fed3,1e67c000-de54-48aa-a287-f0ee377a5835,c73f8fc9-c98a-4df5-81ed-792eebd7abf1,
8141263a-9054-48f7-ad62-8fe0cd7a60fe,1e67c000-de54-48aa-a287-f0ee377a5835,c7ef083b-b91d-40ea-bc9b-c84f2cedf752,
516a9c02-1e26-4a3c-a4ed-070085f01d2c,1e67c000-de54-48aa-a287-f0ee377a5835,d4a3eb74-eb95-4027-814f-2f6b79ada764,
c16ca096-d47f-42cb-bfa1-f3eb693322d6,1e67c000-de54-48aa-a287-f0ee377a5835,ed5a29e3-a2df-4cb5-a02d-cf8fdb70d385,
a6c5b8c8-943c-47ae-bbbf-612e90d5999d,1e67c000-de54-48aa-a287-f0ee377a5835,f53174c7-7eda-46a4-83b8-4f232a4be454,
c3f90afc-148c-4531-ae21-2dab36ae0cac,1f39fdc3-9745-4644-af2d-905f479a136a,3aab90b0-a483-4d3e-8b5d-53a6391a980b,
5035cb69-4f28-43a9-ba4a-853b38c10d08,1f39fdc3-9745-4644-af2d-905f479a136a,6a252b70-a202-43cd-8b5b-5940b633e9b8,
28a6cd03-0457-4c75-98c3-8b17e1bad49b,1f39fdc3-9745-4644-af2d-905f479a136a,c1e9c378-0a78-4df4-a6f7-cae8c97408c9,
068ae8b2-b53f-4306-a43b-04c6926214bf,1f39fdc3-9745-4644-af2d-905f479a136a,c298b72f-0d98-4eb6-add4-f2242cd24db6,
07507ac7-bb5d-4c2f-a5ca-817ceebfda65,1f39fdc3-9745-4644-af2d-905f479a136a,e142e3bc-c97c-436a-901c-fc8fc9bad129,
22c1f765-a496-4583-9739-e494c9383ca7,1f89509a-bc21-4b30-9642-fc2a39fa904d,0ac7789a-99ff-4d1c-bb18-f3cbc0079aad,
f124a903-811e-4082-ad69-262d33d86114,1f89509a-bc21-4b30-9642-fc2a39fa904d,0c5a570e-3990-48c6-9829-d3594c5d7371,
ebb608c3-27f8-47d2-8a25-cbda569d70ac,1f89509a-bc21-4b30-9642-fc2a39fa904d,163bd0d7-6c88-4b77-9f0a-a4e29323c80d,
2737ae1b-61c8-40e2-b80e-c9373b93988a,1f89509a-bc21-4b30-9642-fc2a39fa904d,495154cf-30d5-4424-a4a6-37eec0b68c24,
fd667b72-6cc4-45a6-a0cc-2aedcb1cb313,1f89509a-bc21-4b30-9642-fc2a39fa904d,925618a6-1eb9-4786-a4c8-d463a26e15f4,
83cc49b2-cf3a-4106-8c77-099ebbf4e77e,1f89509a-bc21-4b30-9642-fc2a39fa904d,a09df490-50c7-4c74-899e-01ea50870419,
8c4e656a-bd7b-4518-9036-4f467702527f,1f89509a-bc21-4b30-9642-fc2a39fa904d,b4772cc7-674d-476a-8986-b0ca37ba5b48,
4d1fbec3-2054-42e6-a47f-50db26757c9c,220462d0-823b-4fa4-8d6e-6e0e4262dedc,17485da2-1d4e-4f0d-ac9b-52fbf30fe146,
69b5aae3-ab2d-4e2d-892c-4407681c1b02,220462d0-823b-4fa4-8d6e-6e0e4262dedc,7ecf4e41-2059-4b8a-96ed-5611a698ff1e,
00ae421c-b2e8-4ee5-9e7f-6399132442c5,220462d0-823b-4fa4-8d6e-6e0e4262dedc,9f391f1f-e1d4-4848-b0e3-e8bb4736c37e,
38fdf26b-c91a-43ad-9e7a-9912b5b4a891,220462d0-823b-4fa4-8d6e-6e0e4262dedc,c5d3ff8c-f655-45ca-a1b2-cc822ce7b160,
bb8b9370-5f1d-4fcd-8246-d3eb374ee7d5,22ea704e-e1f4-4162-b61e-641014e9d253,03ce509a-72af-4bf7-9a9a-5258360ff66f,
9a870d71-453e-40bb-bd03-8c49bb0085df,22ea704e-e1f4-4162-b61e-641014e9d253,122241cd-6767-4aa3-bedf-6c40303dcf82,
a376dc8e-14c6-43cd-bcf0-bcb9911ccecb,22ea704e-e1f4-4162-b61e-641014e9d253,12415810-a679-4e8c-b4ef-8d57343accf0,
9c2152de-1fb0-4e32-8425-e45f688246fa,22ea704e-e1f4-4162-b61e-641014e9d253,1375c5fb-ee88-43e0-957f-4e6c8b065225,
68106e21-f39e-40ee-878f-4d26af3812c4,22ea704e-e1f4-4162-b61e-641014e9d253,14824661-d7d0-4f64-8af2-0ba1008047ab,
d5584707-8dbc-41aa-afe2-ccf63497f560,22ea704e-e1f4-4162-b61e-641014e9d253,1a4cf073-38c0-49dc-8824-5049f9d0dcb1,
e82bf810-4de3-412c-8a5d-515ea4a91907,22ea704e-e1f4-4162-b61e-641014e9d253,296dbcf0-ada0-468b-a300-bcc93ca827ae,
89a0db7a-fbe8-4123-8c9b-b2ad87ff7a0b,22ea704e-e1f4-4162-b61e-641014e9d253,3bd13f70-944a-476e-95fa-7e94e55ee2b1,
548cb3d7-9fe0-4a53-97e8-d110b1a68db2,22ea704e-e1f4-4162-b61e-641014e9d253,408ed0cd-9012-4e6d-bd4f-eeb884192108,
4c2730ce-7a23-4bf5-bc0e-e1ec95120770,22ea704e-e1f4-4162-b61e-641014e9d253,42989167-da32-4fc7-b9e4-8bb5a211704a,
7aa663b7-24b4-43ee-ad09-aa19d4f07caa,22ea704e-e1f4-4162-b61e-641014e9d253,44bf10c1-122b-4460-a1ca-e5abba92b943,
c624779a-4bb0-4238-b2f3-69808c18f032,22ea704e-e1f4-4162-b61e-641014e9d253,4a6203c4-a373-43d2-b44a-81aa1106bf50,
a60bd189-6faa-4414-8bf9-342463a1af67,22ea704e-e1f4-4162-b61e-641014e9d253,4c7cb4ef-8c90-4453-abcd-368d9ddaa3f7,
dccf7b82-f628-47c7-8b02-ec66299b9ca9,22ea704e-e1f4-4162-b61e-641014e9d253,7844f49b-4a84-4994-a25f-215b2a447fb7,
89ed0230-04f4-485e-b78e-f53845987d32,22ea704e-e1f4-4162-b61e-641014e9d253,817bf4f7-1cf9-4cd7-bbb9-ccfcbc5cb9d1,
ad5c4f55-36fb-470c-9b2a-50b6c91b98d1,22ea704e-e1f4-4162-b61e-641014e9d253,8dd993f5-fcbb-4350-8f7a-77af0b813488,
7b8037b5-f73b-49cb-aff6-80d65e9e3422,22ea704e-e1f4-4162-b61e-641014e9d253,a909572e-2dbe-4951-828b-493aed884b03,
d69aac06-5619-4570-88f0-5495d6f9d291,22ea704e-e1f4-4162-b61e-641014e9d253,ad728276-b923-4624-b29a-aa3ac128f14f,
d84ad460-441f-4e74-aac3-e8965e4d7828,22ea704e-e1f4-4162-b61e-641014e9d253,b5d8d8aa-0013-4b65-9e3c-096c34e4b91f,
5ce26f69-c812-4756-a64f-78a6aef7dcf8,22ea704e-e1f4-4162-b61e-641014e9d253,cda0c979-f0b2-4209-b030-a1a3fc3701c5,
792a0234-5a94-4fa3-a732-dd0e2d9b1e2c,22ea704e-e1f4-4162-b61e-641014e9d253,d0827cb7-06d9-46d4-88f8-fd3c1d40b12d,
5b4b0ace-1ed0-4915-9215-5802163917b4,22ea704e-e1f4-4162-b61e-641014e9d253,d0e55563-8975-444e-be2c-36ce7cdbbebf,
95f2b38b-e671-4e67-9894-2ba071b49021,22ea704e-e1f4-4162-b61e-641014e9d253,d669aa5d-6d38-4e5e-a038-f69c7bd8218e,
7bef3dca-d018-433d-82c9-fea87fbfc6dc,22ea704e-e1f4-4162-b61e-641014e9d253,d6d7fa86-549c-4995-8a13-8c445fda8045,
8031db05-0826-4ad0-90dd-d94e5ae015c4,22ea704e-e1f4-4162-b61e-641014e9d253,d915ad83-74d8-45f1-bc56-d52deec8b38d,
8a105984-45d2-400c-8235-89e95da822cd,22ea704e-e1f4-4162-b61e-641014e9d253,daed66fe-818c-4f39-a801-0daca6860355,
7d77af2c-fadd-4b17-aabe-708148bfd565,22ea704e-e1f4-4162-b61e-641014e9d253,dcf56a44-5974-44c7-954b-8bb47f8c1217,
d1e01ec2-9584-4313-b067-e179d5835579,22ea704e-e1f4-4162-b61e-641014e9d253,e81c36e2-97d5-4494-8625-d6f79892fcdf,
d5c12088-07dc-4ba1-a873-13e8aeb46456,22ea704e-e1f4-4162-b61e-641014e9d253,f67ff41c-9ad8-4922-acd1-d6bae60659a8,
d85ff58f-4b12-4601-80bf-368cd2169b27,22ea704e-e1f4-4162-b61e-641014e9d253,fe54d104-32d0-4ae8-9357-0f9def19e00f,
71451521-5c3d-4a25-85b2-1eadf31086c8,23384a09-e0d6-464c-ad13-6067733e661d,a022ebd7-76cf-4428-a928-e75a6d9fed3e,
18f82943-1a43-4bb0-89b3-90d80540cfeb,23384a09-e0d6-464c-ad13-6067733e661d,a6b0c470-9c8c-4ebb-a21f-7877789d3064,
49fd99ed-180d-4418-9516-52ac9040d8c4,2348a67c-a15f-42a8-9985-ee8b39955a98,0bf0eb35-6dfc-48a7-8c46-f4341a74da08,
4d83b69b-682d-445f-8480-8e6cf8f035e5,2348a67c-a15f-42a8-9985-ee8b39955a98,1a3a6d6f-63c1-465d-a993-e9ec14c0301d,
aac3e662-83f0-4079-9ff0-d46797925343,2348a67c-a15f-42a8-9985-ee8b39955a98,1a5b0d4a-9680-498d-addb-174e75f1ef24,
2f31fc71-9192-4cc6-9f3d-3ea6dc72c311,2348a67c-a15f-42a8-9985-ee8b39955a98,2aaef8b2-42e5-43a9-a34a-6a45acd3f147,
8b2cb214-4f90-4acd-bc20-7cac243d1863,2348a67c-a15f-42a8-9985-ee8b39955a98,30440d80-6f5e-4696-8a6a-b14635496864,
9c3f37bf-9a2c-4593-8be1-5b4f9632458b,2348a67c-a15f-42a8-9985-ee8b39955a98,5677bbc4-923d-4248-a7c4-3c640ef977e8,
0b542360-4df2-4774-8ddb-88aba9810ab8,2348a67c-a15f-42a8-9985-ee8b39955a98,58847e85-4f9e-4239-bf9d-796909c1b3a4,
1ec88459-fb75-4045-b061-bdbde408f2b9,2348a67c-a15f-42a8-9985-ee8b39955a98,acb9a407-c69c-4c2d-b9d2-4ce3826e865b,
8dcca7ff-2d63-4bba-a7d6-46b8137e3196,2348a67c-a15f-42a8-9985-ee8b39955a98,b85007b0-a63a-4428-92eb-ce7e4f4c8337,
213ded6c-fa2e-4160-90dc-17ba6afaac18,2348a67c-a15f-42a8-9985-ee8b39955a98,cb7880cb-aef6-47da-9596-05814ba491e0,
8ee846e7-042b-4121-9c86-5b51265d7a35,2348a67c-a15f-42a8-9985-ee8b39955a98,de9348cd-dc85-4ab7-af86-4d40e58b0c1d,
36eb35a3-5f73-4dc3-8f15-39138dc3916d,2348a67c-a15f-42a8-9985-ee8b39955a98,e381d6a8-bcf7-4617-906c-bdfa2c1609ce,
f6288264-5434-420e-9081-2db74c8b5e2c,2348a67c-a15f-42a8-9985-ee8b39955a98,f02ead19-aa11-4405-9abe-49cd21acfc61,
fcbccb89-302f-425b-aeb9-0b57d509604a,2348a67c-a15f-42a8-9985-ee8b39955a98,f1801c0f-22a0-4b17-90f2-08e1a8b39cfa,
fc59bc0b-cc10-448c-95e5-a174cd492d72,26b7a550-1971-46b7-907c-d35b204c6281,05723777-fc20-4f64-80a3-a7144833ca31,
f32f9cb0-cb07-4e4a-8143-11be0c151f41,26b7a550-1971-46b7-907c-d35b204c6281,250e612b-e823-45ec-b35e-b36eb3622c53,
b899c7e5-304b-4db6-acc0-5e233c8c7fc2,26b7a550-1971-46b7-907c-d35b204c6281,2c60a8cc-df5a-4191-860d-f2eb76732ce4,
8d320d78-301e-40e5-bb09-9b94aff382d6,26b7a550-1971-46b7-907c-d35b204c6281,30b4067e-c898-4b52-b67a-179b6f06c2b4,
ee812932-28f4-4fb9-a09c-ea08b9bd30ac,26b7a550-1971-46b7-907c-d35b204c6281,420c4583-7e3f-42a7-9beb-bb7f69bcae1c,
26e582af-1e77-42a0-8bc2-c36806992c41,26b7a550-1971-46b7-907c-d35b204c6281,5a99f078-2618-4f61-a215-ada1fb75e01b,
692686a6-af0e-45ea-b8de-95612a80c061,26b7a550-1971-46b7-907c-d35b204c6281,5e1e0930-efbe-45a3-8eb3-08a005ca7fcf,
8077833e-1d13-4d26-ad24-c341b41651f6,26b7a550-1971-46b7-907c-d35b204c6281,97a75ddf-c5a0-42d2-9b83-694a83f233df,
e598f1a1-21d5-4118-98f9-70acd5f7f059,26b7a550-1971-46b7-907c-d35b204c6281,b48b8fa0-35fd-4702-933c-fb005de25107,
f5b6cc41-a646-4e75-a669-b08bd6faf904,26b7a550-1971-46b7-907c-d35b204c6281,c8cbe7e9-d902-47b7-be74-c26274771f2d,
2aad7038-86cd-4cae-b261-9ae7440bcc1c,26b7a550-1971-46b7-907c-d35b204c6281,ff6da511-6411-48a6-810f-d41e909ac9fe,
7927ffa7-55f9-4f8c-97fc-86a27f63b1b1,28bd4507-733e-434a-a125-c5371fca6cd1,3eb24143-64e2-49d8-aa5d-9925af4ce094,
f1c45c80-6ab1-4f2c-a04a-5d72a5ae200e,28bd4507-733e-434a-a125-c5371fca6cd1,46139794-e82f-4ee6-a1e8-a366a039d08b,
64c8ef8a-a17e-45bb-a96b-2c41a7a75e1a,28bd4507-733e-434a-a125-c5371fca6cd1,6b7c2890-2319-4c57-ac4b-b2ce950c4559,
68a1d6cf-ab31-489c-844b-1ac78c784b08,28bd4507-733e-434a-a125-c5371fca6cd1,6d0e1c39-0fdd-4267-bebe-573214dbb5a3,
09bc8054-4814-4daa-b6ff-8cfe8d00c7f3,28bd4507-733e-434a-a125-c5371fca6cd1,72a6d300-27c8-4714-bcea-b2c271ccbdbc,
93036ef4-576d-4782-860c-fbb80a6c1b20,28bd4507-733e-434a-a125-c5371fca6cd1,809a952e-e94b-4b1d-af1c-0814cfb98436,
0f73a31b-06f3-497e-b3e2-5d409921ccd1,28bd4507-733e-434a-a125-c5371fca6cd1,8c89f17a-b679-45c3-9be1-8e27a50c19d8,
dc36ea8a-cf99-43d0-b812-f93c5bedce2a,28bd4507-733e-434a-a125-c5371fca6cd1,94859ca2-0e56-402c-a907-4d8054bcadfc,
91d1fcfd-4deb-4ab7-ab42-0d6fd28ea75b,28bd4507-733e-434a-a125-c5371fca6cd1,959b1201-c673-48ef-bda6-6c3330fba5b5,
43b726be-daa6-4bdd-bb72-01061691f0d0,28bd4507-733e-434a-a125-c5371fca6cd1,aeb6c3e5-4c00-4b18-b205-a23be54fcec2,
51013e8c-31b8-4db6-9cef-b49001a9ed60,28bd4507-733e-434a-a125-c5371fca6cd1,b56fc884-0f27-4cbb-bdb5-5d2da7705cf2,
43bf6832-a2bc-4d15-b489-ffef65b089cf,28bd4507-733e-434a-a125-c5371fca6cd1,b5aba977-70b2-4114-8279-2dd821958d32,
7f20947a-063d-49d8-99b6-183298fddf7c,28bd4507-733e-434a-a125-c5371fca6cd1,ba3b7304-8927-4203-a4a9-455177b774eb,
391dff32-b4f5-4fad-905f-49bd7e77971a,28bd4507-733e-434a-a125-c5371fca6cd1,cbc6c225-8319-4289-87e7-1faae780b18f,
01775c50-677b-4b18-a8d3-133ae014324e,28bd4507-733e-434a-a125-c5371fca6cd1,d6517c1f-fd88-4bc4-bfbf-431a6046ded6,
fcfd7d1f-0108-41d2-8e2c-04ce336baac9,28bd4507-733e-434a-a125-c5371fca6cd1,ff577320-3265-4d43-9361-9e2dd33e46c3,
3bcff32a-feb4-4b85-bd9a-52a02a83d10f,29aa15cc-f02b-4953-9bc6-282ec39db8b2,04bd9772-b795-40ae-bda2-72927d0279ef,
796a2305-bdcc-4c8b-a69b-eba37e860f86,29aa15cc-f02b-4953-9bc6-282ec39db8b2,14162fb9-aeea-4b0b-901e-e53197127c52,
3693a936-cfa4-444f-8fca-e071d4db9f76,29aa15cc-f02b-4953-9bc6-282ec39db8b2,3faa0220-fdfa-4c71-84fe-53718bc0e09c,
a0c12bde-7233-42a8-86d8-9e74504e7278,29aa15cc-f02b-4953-9bc6-282ec39db8b2,6f177549-71c7-462d-8803-45439063fa2f,
4c6525c6-d2d0-4b04-94ec-603cccd4c9d7,29aa15cc-f02b-4953-9bc6-282ec39db8b2,8670fbd1-884f-4d10-b26a-09330706239f,
7ba8dffc-6a80-46aa-bd4d-6e749470f2a4,29aa15cc-f02b-4953-9bc6-282ec39db8b2,8f75b7fa-fd27-4ccc-aa1c-9efcb53010a9,
403ed578-650a-4cf6-8aeb-d21acbd74140,29aa15cc-f02b-4953-9bc6-282ec39db8b2,90b202e2-2a1d-41d2-b1e5-ad2fe163d05c,
1063ac08-82ae-4f30-8fac-1425d176f424,29aa15cc-f02b-4953-9bc6-282ec39db8b2,98d2b65f-fa07-41c8-9cd6-2dd30f7a3ba1,
37cff5c9-d1c8-4f5f-b97a-0c40385b5d15,29aa15cc-f02b-4953-9bc6-282ec39db8b2,a426d305-e9b9-4bed-b565-d89a99447553,
c1fd4a0f-f46f-4cf1-a7ea-43de131710cc,29aa15cc-f02b-4953-9bc6-282ec39db8b2,b010d978-19a5-4347-a15b-2ded04522295,
be8a499b-9739-4dbc-9f24-da1af7032078,29aa15cc-f02b-4953-9bc6-282ec39db8b2,c19aab2b-e697-4fb5-b449-ddebcea2d055,
db4cc2c2-2364-4a25-ab02-20c4616ce06b,29aa15cc-f02b-4953-9bc6-282ec39db8b2,c6184391-9f1c-438f-8e58-152cb08f029a,
1b9c7f6d-ffb3-4fdd-85ac-935e719f0f27,29aa15cc-f02b-4953-9bc6-282ec39db8b2,d45d8036-dacd-4369-a2e9-b177c7f674c4,
eb290c11-3054-4563-aa00-50a717b09781,29aa15cc-f02b-4953-9bc6-282ec39db8b2,dc80dcd0-41b8-47a4-bfd7-46b4c6bced9d,
02321340-e0e7-40f8-82d2-38e695582888,29aa15cc-f02b-4953-9bc6-282ec39db8b2,dd45e1ee-69ff-4864-a733-01d84805ea74,
ae63b8e4-30e8-4f92-b9d8-2b25a458a621,29aa15cc-f02b-4953-9bc6-282ec39db8b2,df3bad14-2e2a-45ec-b0e1-655c0ce8eda0,
23ed3518-425c-4adc-9adb-b9c226184934,29aa15cc-f02b-4953-9bc6-282ec39db8b2,e470eb05-ec79-42d7-b09b-54a8d51155c8,
1fcae909-8473-474c-a9fb-6d2764efb947,29aa15cc-f02b-4953-9bc6-282ec39db8b2,eb0844f8-d4bb-4f05-8298-3ab770285bf5,
3d39cf91-971c-4fd5-8fbf-a86ab2314fc1,29aa15cc-f02b-4953-9bc6-282ec39db8b2,f105ddf1-eb5b-4bc4-bcd6-34aebf509b50,
ebebf256-2b7f-4661-b876-9f169f1b0a6d,29aa15cc-f02b-4953-9bc6-282ec39db8b2,fd0f448d-eb6a-485f-8f38-7dff30a08d4b,
bd871534-c58d-4e1b-adc6-1babe2cbdb58,2b8f9075-b78f-4a8d-a6a7-787387ad8134,13165ee2-19cf-493e-82a5-1b9e09bcb7ad,
c9b6d1b6-2dfa-4be2-baa1-81c868b1154f,2b8f9075-b78f-4a8d-a6a7-787387ad8134,4d7345b5-704b-4d3b-9ebe-66114f6d76ac,
900f1442-0a14-4d5e-96ea-43ecaa4edf6c,2b8f9075-b78f-4a8d-a6a7-787387ad8134,59370bd5-0631-45bf-8aa0-23d5a0c2368d,
e52290ef-9fe1-4847-9a02-b19fac077b79,2b8f9075-b78f-4a8d-a6a7-787387ad8134,5ccefc3a-f9af-41e7-8ccb-a49fc7367d10,
d006575d-5487-424e-b4c4-60e00bd57f08,2b8f9075-b78f-4a8d-a6a7-787387ad8134,7e2a2640-6c4b-40f6-b82b-82cfd217fd73,
bbc28fe0-7a8e-4c20-9d3a-a375cfdb0317,2b8f9075-b78f-4a8d-a6a7-787387ad8134,821dae8c-46e5-4d45-9030-7b40773e72cc,
8ebc08f8-e629-42dc-9e3b-7109e400881d,2b8f9075-b78f-4a8d-a6a7-787387ad8134,89a4df9d-b58f-4898-a504-5efabca74f3a,
bd320a8b-86fb-4dbf-9619-f4d462e5ad03,2b8f9075-b78f-4a8d-a6a7-787387ad8134,9854506c-de0a-415a-b021-db9262a9db87,
a6aeff78-96e4-4865-8449-6a537cc23363,2b8f9075-b78f-4a8d-a6a7-787387ad8134,a166c6e1-362f-4c17-aa69-c89c17885a60,
33a70eba-739f-47c4-8f53-574f185fc454,2b8f9075-b78f-4a8d-a6a7-787387ad8134,aa4fdba4-6c09-4d1c-9d34-c3bebe5f15ff,
b89aad57-59f4-4741-8b03-a51668a3ea59,2b8f9075-b78f-4a8d-a6a7-787387ad8134,d2ee019d-eb0f-4936-a84a-04d33fdb3a3c,
d54807dd-7485-4fc1-b6de-74ad38f19162,2b8f9075-b78f-4a8d-a6a7-787387ad8134,fa67a42b-e397-4184-83c8-e56822e2af07,
9d66ad78-2e82-4c4b-a450-ae20b7c5462f,2b92e4df-aa73-46bd-8fd2-b8345aa2b102,1ec10181-924c-4953-b952-f7b8e3428585,
7fc6479a-7238-4b3c-827c-e2501d87e24f,2b92e4df-aa73-46bd-8fd2-b8345aa2b102,2dc8d5d3-654f-4598-be21-4c3976423d46,
2ff18378-67da-4bd7-a3b7-bd9507d7749f,2b92e4df-aa73-46bd-8fd2-b8345aa2b102,37df1750-9548-47ce-a8cb-14a6480b1081,
e746a9d5-1c06-4429-b6ff-472e99d14387,2b92e4df-aa73-46bd-8fd2-b8345aa2b102,adf306d3-91fb-402a-b715-8006320d9714,
22041428-cfea-4c64-93d8-bdbf8b67064a,2b92e4df-aa73-46bd-8fd2-b8345aa2b102,b2ae0781-c686-489e-8966-48a5e1bd2ad6,
31d67590-d3ea-4615-a489-032c7c0dc959,2b92e4df-aa73-46bd-8fd2-b8345aa2b102,c26b545d-8bc4-4ae5-b457-9b85c35270db,
3497841e-e08f-4fbf-8b65-244bcda2e3ba,2b92e4df-aa73-46bd-8fd2-b8345aa2b102,d8d3474e-548b-49ec-b965-d653cec70f5d,
7bc47cc6-9391-41a2-8bb1-014fb564b8b0,2b92e4df-aa73-46bd-8fd2-b8345aa2b102,e22290dd-668b-4713-88fc-2e8cdafbfa10,
c7a25e46-eabe-480d-be91-8737a1c26de1,2b92e4df-aa73-46bd-8fd2-b8345aa2b102,ee14f2d5-760b-4490-8c02-828d69ea6205,
d57bdf90-cfa0-4da2-bd77-378ce493d2b8,2c30061b-0f80-41a9-bf32-c70ee98ba2d0,1f1636e6-d842-423f-bd36-ebdd223a2164,
bf098f20-ca99-476d-81dc-241fd71126b4,2c30061b-0f80-41a9-bf32-c70ee98ba2d0,68ffa7ba-1514-49cb-b87f-d04fff0a8667,
456f11e4-3b5c-4b39-9ae0-a192c7404af3,2c30061b-0f80-41a9-bf32-c70ee98ba2d0,941664a8-4af7-4000-940e-8e21cd3b07b4,
c5247e02-40a2-4743-bb49-471dc4137a8f,2c30061b-0f80-41a9-bf32-c70ee98ba2d0,cc14a87e-910a-4386-b99a-2fd801867a4e,
2e56c322-bc9c-47f9-8153-10dd60e3a88e,2c813b33-cac3-4c76-bc69-9630e45c1b54,000058e9-caca-41f8-8ef0-cf20cd06f972,
2a3610bc-f0ce-4ddb-b9b4-21ea6d5f2fd3,2c813b33-cac3-4c76-bc69-9630e45c1b54,0ac1ac7c-aae3-409f-b755-57c1344cb936,
5dda383a-bef9-4185-b6e0-651acd6056ee,2c813b33-cac3-4c76-bc69-9630e45c1b54,177436e2-6d81-454f-86d2-f0b29ba0f54c,
3530156c-3e4d-479d-b0e6-21cfa72b1243,2c813b33-cac3-4c76-bc69-9630e45c1b54,1cda52b0-4add-4637-a24e-ecdc23f14758,
f2b4e097-0b9e-4f7c-8781-403ac0a75757,2c813b33-cac3-4c76-bc69-9630e45c1b54,21e012c7-f86c-488b-a460-2504752a71a2,
a6712905-d803-4365-ac1f-da0025c8ce9e,2c813b33-cac3-4c76-bc69-9630e45c1b54,247d8a59-fb8a-4a4e-8d37-5f16696eda97,
a801d96d-fb60-45ce-9424-e57abe0566e1,2c813b33-cac3-4c76-bc69-9630e45c1b54,3013563e-b887-4fee-9509-fc0a3809da00,
8334ef04-06d5-4ca9-a7c2-34f0f889fbe5,2c813b33-cac3-4c76-bc69-9630e45c1b54,31bb5077-52e9-411b-9d5e-23fe10ae47a6,
e1a1a740-4939-4166-ae9a-6ab0171ad1ff,2c813b33-cac3-4c76-bc69-9630e45c1b54,330227c2-d489-4d24-bda1-7f098e0f4f4c,
9131a167-014b-4174-b834-07a6f6daa675,2c813b33-cac3-4c76-bc69-9630e45c1b54,3702957f-6dac-4f7c-bd27-67147d81507e,
03c18194-2d6f-45ac-8822-3819acf8c068,2c813b33-cac3-4c76-bc69-9630e45c1b54,412e439c-bbe5-48c4-bcf1-e46874e4335b,
98fd7070-c67a-4dde-ba1a-017f6df0be8b,2c813b33-cac3-4c76-bc69-9630e45c1b54,45da355b-9741-4d0b-977a-036803b90c32,
83695016-ff87-4bb6-90ba-2afb76e59add,2c813b33-cac3-4c76-bc69-9630e45c1b54,4a40dbb2-f499-4406-8e29-fd688d5bb39b,
c9edf087-3d43-41da-9423-6143f0b4d5c2,2c813b33-cac3-4c76-bc69-9630e45c1b54,4a8f53c9-c953-4eb5-84d4-3a981144c3ca,
f8281957-5ac0-4417-aec7-63b32b17b22a,2c813b33-cac3-4c76-bc69-9630e45c1b54,4bb337ec-c4b4-4550-a2b7-036fc9b8d7a9,
d5c89331-3fb0-48cb-a149-be06fa7e1717,2c813b33-cac3-4c76-bc69-9630e45c1b54,4be7b156-11bf-40d5-87e6-e073dd3c0d59,
0bcb149d-42fc-4dd0-a7aa-6ff812fd94dd,2c813b33-cac3-4c76-bc69-9630e45c1b54,4d3c3250-9fe7-4941-9681-e9855514e5e5,
bb4eb02d-3a16-4703-8cd7-624372b336fb,2c813b33-cac3-4c76-bc69-9630e45c1b54,4fc0acfd-debd-4575-a831-93224756aef5,
0a5330c4-2e94-47d4-a78a-ab89139d45da,2c813b33-cac3-4c76-bc69-9630e45c1b54,63e42b86-e4ff-4589-a8fa-9dcb2acf9802,
a8c92a60-2717-46dc-9691-805db32351dc,2c813b33-cac3-4c76-bc69-9630e45c1b54,65d96f7f-eddc-48fc-bd66-2cd85a74df23,
a80e6eee-11db-420b-b485-212ae108b731,2c813b33-cac3-4c76-bc69-9630e45c1b54,67170b79-8d1f-4f41-bdb0-1ebc4ceeaf2a,
aa98d583-62ef-48a7-b905-8c93e2b6085a,2c813b33-cac3-4c76-bc69-9630e45c1b54,6788e755-9efa-4d80-bead-6badce0b11a7,
0b12110b-5021-4936-bad9-cb1e969f415c,2c813b33-cac3-4c76-bc69-9630e45c1b54,6b502808-89c8-40d9-a56d-59c079dc2d16,
bc010944-6dde-4f60-9fb2-df464a9e3ee5,2c813b33-cac3-4c76-bc69-9630e45c1b54,704473ba-b751-4f13-8ef7-7f92b41130af,
f04f67f9-d252-4f55-aede-43b5f0038cc1,2c813b33-cac3-4c76-bc69-9630e45c1b54,76349465-6abf-4cb2-81f4-5658c7848e66,
6fafea87-c76d-44b3-ab1f-1ad1d7a1099f,2c813b33-cac3-4c76-bc69-9630e45c1b54,76afc9a7-828b-4228-a999-0efe5c4707e4,
5814fee8-82fa-4da4-a360-c4edde0ef366,2c813b33-cac3-4c76-bc69-9630e45c1b54,79c646e4-ce6e-4bdc-8084-b219d9709df1,
0df5026d-6897-4374-8ad1-4e398480a441,2c813b33-cac3-4c76-bc69-9630e45c1b54,7de3ba77-5b24-4235-a114-59c65e35ff6e,
315609c2-6611-4525-bf5a-cfa2e64d01c2,2c813b33-cac3-4c76-bc69-9630e45c1b54,861036f3-d166-4c03-af91-cea8b6f4d6df,
c6438d58-c2f2-4388-9f37-43c8ca37dc03,2c813b33-cac3-4c76-bc69-9630e45c1b54,a763d341-6c16-43d4-9ae1-75658a2e9a68,
6902951c-f901-4a98-a9bf-fd9fd15be908,2c813b33-cac3-4c76-bc69-9630e45c1b54,ad70849e-20ec-4864-8ea5-bbd6820799ad,
c7ddf5e5-40a8-4ef8-ad48-fbf641b1e42b,2c813b33-cac3-4c76-bc69-9630e45c1b54,b2901225-3be8-40d7-b41a-e86112979ee5,
a36e0995-ce1f-451d-b158-dfe69b81f958,2c813b33-cac3-4c76-bc69-9630e45c1b54,c2810e17-3465-4460-bce8-cd58664be09d,
66750a6a-830d-47e8-903a-bc513ad81112,2c813b33-cac3-4c76-bc69-9630e45c1b54,c357ef38-d503-43a8-b87b-d827bf1c006e,
240d4496-ce2f-4331-90d7-d77883068caa,2c813b33-cac3-4c76-bc69-9630e45c1b54,cb5adbac-edeb-47e9-8dd9-f20e37bf55d6,
c7b837e3-9bc7-4418-824d-e2a4370260f1,2c813b33-cac3-4c76-bc69-9630e45c1b54,d6c6bab8-0958-43f0-8f7e-24e4ae0dfe16,
18de55ad-9cf5-42f6-ab13-6f609c68091f,2c813b33-cac3-4c76-bc69-9630e45c1b54,e4aa5c37-0711-4bba-b919-ce88217adf8f,
3e3de90d-da24-4c8c-b07f-ab991643426f,2c813b33-cac3-4c76-bc69-9630e45c1b54,e53a7dd2-8f85-472d-b46d-c98a7a04ab91,
2fc195e0-bf3d-439c-8229-dce11bb27179,2c813b33-cac3-4c76-bc69-9630e45c1b54,e6e362b2-fcf7-4a3d-a2f1-1e2c57a50e3d,
b16f4166-a752-426d-a108-1cdd62485a7b,2c813b33-cac3-4c76-bc69-9630e45c1b54,e80acd30-28c3-4158-a718-5a8e3a8f4a88,
8a8a8a54-a992-477b-a874-890d1bfad0a9,2c813b33-cac3-4c76-bc69-9630e45c1b54,ee450692-32a5-476a-8fbf-15715e3f5418,
f9d7908b-fd4d-416e-a7fd-e4bb07128ed9,2c813b33-cac3-4c76-bc69-9630e45c1b54,f060f4fa-ce9a-49a2-b0b5-24ed7983c5c0,
a39e52a0-addc-42dd-a337-208e9c1e55b4,2c813b33-cac3-4c76-bc69-9630e45c1b54,f1d37ecf-4f09-41b3-b4c3-92ab2103a85d,
3ccf2cae-a2f4-4d25-a26a-bd0aa032780d,2c813b33-cac3-4c76-bc69-9630e45c1b54,f9cd5c50-a73b-4f8e-8481-ff5510857913,
6ed368eb-8640-49c6-a44b-ee697e2f69cc,2dfe0064-953b-45af-a171-9debc896c22a,4ff3e1c0-e4e9-401f-b4c0-ce41d9254ccc,
b9582ab3-8e1e-4894-bede-01bb1b2f66e5,2dfe0064-953b-45af-a171-9debc896c22a,62df92e3-7298-4438-ae2a-7629ab7029e3,
0c757bfa-8325-4d4c-9ea2-6798effd64ca,2dfe0064-953b-45af-a171-9debc896c22a,63b79636-121d-409f-aa5a-44bfe134e408,
62d5a850-b887-40c7-95e9-9bc3bc381fbd,2dfe0064-953b-45af-a171-9debc896c22a,6b76efe4-1cba-45c7-b2b8-ce20047ea46e,
1bb4e622-4479-4aff-a33d-bf815f37a0c3,2dfe0064-953b-45af-a171-9debc896c22a,6f0b16a0-9f59-49f8-82cb-2ab105e73e89,
f6c3e9e8-536c-4c5a-8c08-66e40bba3a17,2dfe0064-953b-45af-a171-9debc896c22a,836c38f0-b265-45a4-b07a-0455c1b34914,
f77bf722-a8ea-4af3-adcb-5de19a3f66f5,2dfe0064-953b-45af-a171-9debc896c22a,94a12922-98ca-4fb8-9350-7c7f470386fd,
67084910-f897-440d-b682-1d2bd4885e70,2dfe0064-953b-45af-a171-9debc896c22a,a64f8036-d566-4a62-a499-249f8607e8c6,
6da62bf7-3801-477a-b2b8-046406b6ed89,2dfe0064-953b-45af-a171-9debc896c22a,fb4f729c-5bc0-4330-9982-3cb5bed95d29,
20614964-44a3-4b84-b01f-1213a55be7b6,2e4df3c7-dc6f-489e-acc9-66967b84d070,0efb9a59-8ffb-4f02-bc14-3941c63cc06d,
ac94f1be-ab52-4897-94a9-3de56b4337d9,2e4df3c7-dc6f-489e-acc9-66967b84d070,40160327-ffd7-4101-abaf-9bb7e178c4d3,
f6dd24e9-ade3-4c1a-a1a6-22818ffdc187,2e4df3c7-dc6f-489e-acc9-66967b84d070,4cde2776-f939-42ac-9a97-b180dc6eb650,
ffe99a4f-969d-4fdb-9e2e-00f0163e80f5,2e4df3c7-dc6f-489e-acc9-66967b84d070,774ea517-1e0f-4123-8e68-d59460d4721a,
65d50618-2dbc-4b76-a1c1-59d6ded2c820,2e4df3c7-dc6f-489e-acc9-66967b84d070,8965f352-f339-4924-8c75-17086958f03f,
4f3d45dd-1286-4f87-97ae-896d4012ee87,2e4df3c7-dc6f-489e-acc9-66967b84d070,9b3f9a8e-ac50-4fae-ba41-6c5624ddce75,
17fa2494-6083-4539-9723-ec6bad9c7552,2e4df3c7-dc6f-489e-acc9-66967b84d070,9c15146b-1556-4323-b80e-8ec5cb5b64ac,
b3c6cd68-ef9c-49be-a0f7-ae445a79da78,2e4df3c7-dc6f-489e-acc9-66967b84d070,a518f37e-e4e4-4ec7-8c67-104ffa2fe5bb,
9deea4bf-9739-4723-b523-b09d82f015db,2f36fad8-c2d8-4d87-ae4a-76f6c9590b1d,c2f90617-d881-4efc-b928-0e5c68f5e0c0,
f7d43a8e-f8a6-4a1d-866b-b392a4cd13e3,3100eb07-3855-4b80-a1c4-caa2e6ea66d6,011cea1d-3b54-4294-8809-39a3b32aa888,
d4099734-af5c-443c-8ea8-a1d5ed6ee0ec,3100eb07-3855-4b80-a1c4-caa2e6ea66d6,197b04c0-7f68-4069-997c-4a4df80f90bf,
04814682-7b2b-43a8-97df-909013e41eda,3100eb07-3855-4b80-a1c4-caa2e6ea66d6,293a8956-cd5e-4b4a-bb04-d96562a76e65,
7bba077b-a264-4e65-ac86-4fe327ef88cc,3100eb07-3855-4b80-a1c4-caa2e6ea66d6,8b889612-d97f-4fc5-aa2f-b74ee94aae32,
3de7b5f4-b807-47d9-8b91-ba64bcbbeaa1,3100eb07-3855-4b80-a1c4-caa2e6ea66d6,95e568fd-c8d1-4494-861d-e8ed75560cd8,
8749be15-2338-4361-976f-ce57b582bfc4,3100eb07-3855-4b80-a1c4-caa2e6ea66d6,9f53fa1f-cdd4-46e4-baeb-3eabd9e6653c,
e1a20317-193e-4135-81d7-5f3007d366c2,310de2b4-a4b0-4770-8d03-d8c41877e11b,38ab7c3c-81a5-4ff2-a0e3-783a1e57207a,
c185d938-28a2-405c-9d50-adb52c06b224,310de2b4-a4b0-4770-8d03-d8c41877e11b,3b1df7d8-b78e-4dba-90b3-0abcd55b79b4,
0699c816-78c9-44ca-8d11-9dc0f1093be9,310de2b4-a4b0-4770-8d03-d8c41877e11b,8fb0c742-6ef7-427b-a586-e6642e3083cb,
5b8dd48a-7013-46fe-894a-89a21ed16875,310de2b4-a4b0-4770-8d03-d8c41877e11b,a4d4f561-e26f-4d97-a9ce-d1f2ce31f030,
6cd60c20-6d45-40d7-9465-6a2d81fbc89e,310de2b4-a4b0-4770-8d03-d8c41877e11b,fbbf91b3-6583-4978-8219-4c285b0fd5ea,
d23f7e2a-4d2d-4fe3-b7e8-4826b1c1982e,327a8e25-7a3d-4503-90a7-3b172177f078,b4afc0ff-4ce5-4dad-a0bf-b8caf0cab2f3,
1c954b21-2c86-40ff-96dc-c3b72f4c8354,327a8e25-7a3d-4503-90a7-3b172177f078,d30d946e-4c3c-4a90-b208-4b37d4dd73fa,
3b2a6578-3a6d-4f71-aec6-b4b88b2793c9,337d2c6c-7d75-4158-93c7-b9c40f852656,969cad98-c4e1-4119-bdcc-75f7825f9f09,
a7d540e5-e8b9-4b4e-a046-50c04571cbe3,33898224-ce61-4933-9a7b-bb240975d9fd,78c6e0f9-41f9-49fb-8d53-4d602a759288,
e36a6d97-e49a-4043-a1b0-2bd50d05d6c2,33898224-ce61-4933-9a7b-bb240975d9fd,95bfb764-88de-46f2-adcc-0db9b54f6347,
608078f4-27f0-49f5-80e2-33b6a688d33b,33898224-ce61-4933-9a7b-bb240975d9fd,aa573f4d-a83f-4feb-8666-8e77c31e3b48,
66d0c11f-2f27-49b2-a624-9ad1b978d156,34b5d589-f730-4840-ab3e-7b5149f0cbf3,785ce910-7036-4797-88a1-9636573883d4,
a0b01cc6-a6cb-45e5-8a6b-a240dd835ff7,34fb7593-c583-406c-9613-c54a83fe3192,080f2b7e-45fb-4495-982f-bb8ebebf6fd0,
9ade0b91-5804-4ac4-a859-7d30973910de,34fb7593-c583-406c-9613-c54a83fe3192,2023b19a-1662-4180-aa7e-ba3208328991,
849889f1-c866-430b-a453-7ac90e7a4003,34fb7593-c583-406c-9613-c54a83fe3192,67da240c-9dcd-4a4c-98e6-bd888ff635c0,
d20d9489-4d02-48a6-a41a-37a24f7a1062,34fb7593-c583-406c-9613-c54a83fe3192,6c8c0f00-851e-4219-9745-d8a66eb37ce6,
0d45b214-6444-4738-9d07-6b98abeb42aa,34fb7593-c583-406c-9613-c54a83fe3192,716de2b5-e528-4a67-b944-2e8c3eafa51a,
8ffbaece-6387-4492-8c2b-c4b0dd399e66,34fb7593-c583-406c-9613-c54a83fe3192,b7835e47-7e74-49c3-877f-eb270ad33b8c,
7a2bff5a-ae14-4e12-bb45-6ac8d73838df,34fb7593-c583-406c-9613-c54a83fe3192,df54f7ed-8742-404e-92e5-1cd6114f81df,
04482e03-9420-49ee-b8c3-2f84abebd5a0,34fb7593-c583-406c-9613-c54a83fe3192,f6b31e75-0aa5-4939-8f2a-8b0fb7feb874,
b6a1c6ba-7b34-4855-bb51-a988c89dad30,34fb7593-c583-406c-9613-c54a83fe3192,f847c1ad-f95e-43a3-99f8-75d704b21975,
5b7c1aae-cebf-46ff-8d88-1257ba33be30,3865ea7c-9a31-4351-b7e4-a1f0909d7c7e,0633e920-36cf-4fc1-9cc3-cdf9f85d66f7,
23e603eb-e078-43cb-a299-ac92d1568d59,3865ea7c-9a31-4351-b7e4-a1f0909d7c7e,101d2565-8882-4be7-a2b0-70ef209e3a72,
6a97bf05-b673-4473-a2ad-840863f38ded,3865ea7c-9a31-4351-b7e4-a1f0909d7c7e,529483f5-d8bc-40a9-b205-a1d64e2436dd,
d0465652-ebb9-46ba-a207-9fd78b6777a7,3865ea7c-9a31-4351-b7e4-a1f0909d7c7e,69884761-1c89-48d6-9855-8eac8cfaab2c,
417b6513-2b9b-48fb-a82a-34fc1f8ff733,3865ea7c-9a31-4351-b7e4-a1f0909d7c7e,80acb2bb-016e-416f-b38e-e722ddf731bd,
5bebfb4b-d3e7-4303-bad7-2e38fbaeb7d1,3865ea7c-9a31-4351-b7e4-a1f0909d7c7e,975c0f0f-0a8b-448d-a059-a0025024b0dc,
4698190a-8ecd-4015-8776-d27815d9c0a8,3865ea7c-9a31-4351-b7e4-a1f0909d7c7e,99bbaf19-ac65-4f13-98b8-0673ca24fdca,
86ddb477-5fb5-49af-9d2a-9276928e8abc,3865ea7c-9a31-4351-b7e4-a1f0909d7c7e,9c3e5303-b011-4e9f-b03a-a69f70fd3b9c,
d648d25b-e914-45b6-ae83-ff8299a81921,3865ea7c-9a31-4351-b7e4-a1f0909d7c7e,a6151c2e-254e-4a1f-b49d-fee65bba96d7,
f29edb1a-de99-4693-bef7-798b91d3ec8e,3865ea7c-9a31-4351-b7e4-a1f0909d7c7e,f0e27677-536a-476e-a6e5-d09b34e641d6,
d1709f2b-1f50-4118-945e-22ff244bebe4,3865ea7c-9a31-4351-b7e4-a1f0909d7c7e,fd0cc971-13e4-4225-8e9d-6bacb2ecc1ca,
daa517c6-f976-4007-93aa-c0a8f4b012cf,39f91ef5-0951-44ee-8fa5-8671fb860d0c,0ae5a468-f0b3-4fa2-812b-779c2a6f02dc,
1936b981-ad7d-42cb-8480-3dc993f38529,39f91ef5-0951-44ee-8fa5-8671fb860d0c,2271beaf-05c2-46af-9d78-70092f85dfc7,
908c3fe4-95a9-4fd4-bc41-dc73bab5dd8e,39f91ef5-0951-44ee-8fa5-8671fb860d0c,352d301a-7627-4899-9dc1-f68cac183a7e,
7f7cdfe5-1358-47c4-9966-81727032b60d,39f91ef5-0951-44ee-8fa5-8671fb860d0c,37b2d99f-4462-4dc1-8cfb-58559e8a9c5e,
284106d5-fe80-4d22-b7e8-271c007fdd5d,39f91ef5-0951-44ee-8fa5-8671fb860d0c,583335a1-832c-4cd8-aca5-c7aba0eda4f8,
46689fc1-22cd-48cc-87eb-16db16b005eb,39f91ef5-0951-44ee-8fa5-8671fb860d0c,7bfbc0bf-e4ce-4d6d-9639-341c99271db4,
efd69e13-f398-4f1e-8d71-fcb9b54bfbf4,39f91ef5-0951-44ee-8fa5-8671fb860d0c,8aaab3d4-ec54-42ad-ab9a-25607d44df0c,
e2fd7e92-05aa-4345-bffa-e23871d78171,39f91ef5-0951-44ee-8fa5-8671fb860d0c,add75c46-0c56-4a3d-bf85-55772f3b1ae1,
45b4c003-96b7-4fc7-80ca-153ae526d8c8,39f91ef5-0951-44ee-8fa5-8671fb860d0c,b8557638-7d50-4d02-9cf8-67bc780df729,
4bc031b1-9409-4cd5-b8a1-0e7f3a50f808,39f91ef5-0951-44ee-8fa5-8671fb860d0c,e0ae4edb-47cc-4ef7-b370-4c0eac5dae64,
88129653-bb1d-4fb9-a097-5616fbe9fbbd,3c2ed8c5-1f7c-4683-b825-c45a71097156,03af3065-1f3a-4a55-8f58-dbadc89285e4,
9f5ec55d-ab7a-4335-82d0-8b5c6a4e23ad,3c2ed8c5-1f7c-4683-b825-c45a71097156,0460d60b-13ff-438a-9f0e-9071142ba678,
d8d7fee7-f1d9-48cd-b710-717c510e47ce,3c2ed8c5-1f7c-4683-b825-c45a71097156,08eb249d-796d-4b36-a51e-f10d51cad62e,
8e447918-5f6f-473b-99ae-f52a7b328590,3c2ed8c5-1f7c-4683-b825-c45a71097156,155aa8b4-b077-4ce9-817c-c65441c842e3,
21773028-012f-491c-93c4-10013874099f,3c2ed8c5-1f7c-4683-b825-c45a71097156,183fc768-36c8-4662-aa81-1cf1bce1e2ea,
4ae42b07-cb08-476d-84ef-08179e0b6394,3c2ed8c5-1f7c-4683-b825-c45a71097156,183ffde7-b42a-4edf-8086-2159eed843c3,
8dc91286-416e-42d3-8599-cd5617a3d79f,3c2ed8c5-1f7c-4683-b825-c45a71097156,26283739-4277-4f31-b7f1-dc45db2ef61b,
e4bdc361-a692-437f-bf55-4232f23d8708,3c2ed8c5-1f7c-4683-b825-c45a71097156,27c47f2f-43a3-4af8-ad9c-d00de8f3c616,
bb88f56a-fe72-4d6b-8348-54a9ddef0451,3c2ed8c5-1f7c-4683-b825-c45a71097156,2d399d4c-de36-49f5-946b-342431530992,
f5ec9a99-c7cd-4380-8565-8e4a07899f6a,3c2ed8c5-1f7c-4683-b825-c45a71097156,2fba2339-0757-438d-8f0e-7c05d80550bc,
112ccca4-83b2-457a-b974-d7e9993da5d2,3c2ed8c5-1f7c-4683-b825-c45a71097156,35de921a-4a49-48b8-8d81-2fa6ac5b8cfc,
9e3ace5f-4a41-4911-bc95-76ba0473058d,3c2ed8c5-1f7c-4683-b825-c45a71097156,4293ef6f-26c5-4538-a2b8-7d075981ead5,
56d26816-ee82-413f-889d-640de40172de,3c2ed8c5-1f7c-4683-b825-c45a71097156,5494bca2-d930-4fc0-85c6-5e73201db24d,
0140dca8-56bc-404c-afa7-ba7cb7e0eaf4,3c2ed8c5-1f7c-4683-b825-c45a71097156,5fa9d31d-0d2e-4125-8946-d019c963b9d7,
bcbe49cc-800e-44b9-b732-ecd3f4f44afc,3c2ed8c5-1f7c-4683-b825-c45a71097156,5ff5ee37-efc2-44f5-900d-6b9d5390838a,
b1d001da-5321-4721-9935-460374dfecae,3c2ed8c5-1f7c-4683-b825-c45a71097156,61893e28-a62e-4c7c-93fc-19a7f656c778,
e973ee7c-78ce-4543-842e-5d1e47f97845,3c2ed8c5-1f7c-4683-b825-c45a71097156,644c7060-c6ce-4a07-ba09-ec06c197bc31,
07070eaa-40b0-47e6-ad14-c8b1fde40c37,3c2ed8c5-1f7c-4683-b825-c45a71097156,68d60826-dded-4529-a655-1406118210e8,
17cd6289-fbe3-4127-b4c7-ece9c12eb792,3c2ed8c5-1f7c-4683-b825-c45a71097156,6be89dd5-c438-4605-875e-27a599d11a4f,
6320c570-5513-4928-b53e-9d19f3e5063f,3c2ed8c5-1f7c-4683-b825-c45a71097156,6d91bc47-e5e3-4ab2-b1b4-db8452763db5,
4a19776a-49c7-4dad-9703-a5bed080a15a,3c2ed8c5-1f7c-4683-b825-c45a71097156,7554018e-a680-4885-b5aa-88acdf235830,
ff77e7eb-9d99-43e6-8b9a-a0a36e99bea4,3c2ed8c5-1f7c-4683-b825-c45a71097156,766ff239-e1f4-4940-bc1b-e634931f9e15,
bbdae203-ee6a-4014-bdfa-7ff64a1e71fc,3c2ed8c5-1f7c-4683-b825-c45a71097156,831f2f64-29b4-413c-a44a-b971c7b793ff,
c99268cc-1085-4668-94ac-abad3a6f5349,3c2ed8c5-1f7c-4683-b825-c45a71097156,85063526-ebdb-4d83-a94f-f66f23d08373,
25226260-9f31-457a-b097-fdac20843f3c,3c2ed8c5-1f7c-4683-b825-c45a71097156,8a35d01c-4ca6-4993-ac47-4f00d80c6e90,
f3ec8645-091a-4c41-858d-c7d8a19512f2,3c2ed8c5-1f7c-4683-b825-c45a71097156,92d5ecb8-7525-4b9b-983a-f37445f6cbb8,
1c1d0d22-5d4d-4417-8865-92ea68e77b58,3c2ed8c5-1f7c-4683-b825-c45a71097156,a08eb952-53f1-4be4-bdb6-77703747f8b8,
006d22d0-5440-4c85-bf74-56115c56a988,3c2ed8c5-1f7c-4683-b825-c45a71097156,a2fa6148-2299-4076-bc1c-2169024f0482,
8565abcb-2c0b-4a58-99d3-a8cbe566cc57,3c2ed8c5-1f7c-4683-b825-c45a71097156,a5d84695-36f0-4e62-95a2-133fe19ed5c7,
a0e171c3-140a-4bf6-a314-e4f0eb8cbc36,3c2ed8c5-1f7c-4683-b825-c45a71097156,aa6c39b1-18d3-414a-b0a0-2683fe1d63da,
b42b05b5-0ad4-4500-b266-f6a5ed2e28d8,3c2ed8c5-1f7c-4683-b825-c45a71097156,abb3b4ef-0f95-4a2c-920e-e95c9b3959ff,
ff517fc5-5af1-4c20-b0ec-f371cc3a4a9b,3c2ed8c5-1f7c-4683-b825-c45a71097156,b9daa069-0808-4040-8641-ada6e125eecc,
e094af44-1ac9-44c8-9b6f-bc604d268cc1,3c2ed8c5-1f7c-4683-b825-c45a71097156,be491d64-7078-4530-b3ae-42012694b958,
42ba286c-c970-4700-b405-3f3c07dffb10,3c2ed8c5-1f7c-4683-b825-c45a71097156,c8f7e2e6-55b1-4f77-88b7-4c0f0dfa15de,
002c7a97-ce48-4e15-8391-56ccce04b3bb,3c2ed8c5-1f7c-4683-b825-c45a71097156,caa2656a-e63c-419b-abe6-c0ffa29ee630,
763c9981-27ee-4d66-82e1-ae219ce129df,3c2ed8c5-1f7c-4683-b825-c45a71097156,cc31cac5-9aec-42d6-8beb-416ee3934772,
bba1f8da-0776-48fb-b466-afc770a9b7c7,3c2ed8c5-1f7c-4683-b825-c45a71097156,d092d8d9-f7b0-4523-a9ec-7a731a9170f6,
93a5ce96-f923-4d79-8ed4-04708ea1260a,3c2ed8c5-1f7c-4683-b825-c45a71097156,e7777799-eda5-447a-8fc8-a93e061f5dcb,
9722ddab-3031-4561-b92c-90f985f7f0d5,3c2ed8c5-1f7c-4683-b825-c45a71097156,eb90198a-4f8a-4fb5-9371-785d9b675255,
a4700b01-9cef-40ff-b64e-03d2cbd51ca9,3c2ed8c5-1f7c-4683-b825-c45a71097156,f6978592-be7a-41c3-a11a-667b98131c5e,
74906ee8-925c-4512-a480-c7594a8dbe1d,3c2ed8c5-1f7c-4683-b825-c45a71097156,fda85c77-e9a2-4b25-9e8d-bf6b43194d56,
4a48ae0b-6d18-4ddd-aeb8-d029ba2784c0,3c40976b-5b85-46af-8559-6c793000aff1,03eea8db-96b3-4305-b445-b9983f8b8853,
12522f2f-0384-455c-9625-1a9321a78614,3ef571be-f531-40e1-b3d7-ce14e6dcb86b,0c3f7547-3fb3-49b7-8287-dd83ea5285d8,
0412c30a-2e91-47af-99cf-6ada57ec5618,3ef571be-f531-40e1-b3d7-ce14e6dcb86b,141da894-870c-4f27-b0a7-2ad36cf43949,
64a223e2-0a2b-4898-8c6a-42674320daa4,3ef571be-f531-40e1-b3d7-ce14e6dcb86b,422cb881-c99a-4fc0-b1bb-5c9ef45e180c,
22254bcb-b9c4-4a81-8887-7db3a8df45aa,3ef571be-f531-40e1-b3d7-ce14e6dcb86b,c28f12f3-ff29-46ab-a2c0-503d9706e0c4,
a22c4561-fa09-49af-88d5-e8259f443bfb,3ef571be-f531-40e1-b3d7-ce14e6dcb86b,ca8ed892-c55f-4198-941d-98500f2fb578,
affbcc2c-ff18-4ac0-a1b3-b53e21a17597,3ef571be-f531-40e1-b3d7-ce14e6dcb86b,d21902d2-df6c-478f-b3b5-e0191ac2d152,
863b5245-0895-4b97-8c96-e8c82cbe4d8b,3fa2791e-8249-4190-9eb6-257b101b0246,3cc7be41-1af8-4bb1-9f02-3659977f0a79,
7b30eaf5-e07b-4972-bf3a-3c2a0425deb9,3fa2791e-8249-4190-9eb6-257b101b0246,4982bb46-9dc6-45f1-9f05-9e8049596944,
a4c4dbd1-0bf7-4a15-b169-cf5fa372091c,3fa2791e-8249-4190-9eb6-257b101b0246,5dc11ed1-6849-4a93-803b-8108a4509d39,
7581ee79-e42f-4c19-80bf-4e886486f682,3fa2791e-8249-4190-9eb6-257b101b0246,c52ce7bc-2aa2-499d-96f5-212a93c0589f,
8bc30827-664a-41d5-9a95-daad4b5e2f4f,3fc125d1-3b25-45f5-8141-0d7d1604d83d,03cfc35a-7f67-4b47-9ee2-b6b149c30ec2,
1a13281b-920d-4cef-9f4d-f4fcb01c9f69,3fc125d1-3b25-45f5-8141-0d7d1604d83d,041a71ef-10ee-4a52-99c9-34bd136d6e2c,
3ed7738f-2654-4fdf-910f-8adabb725c3f,3fc125d1-3b25-45f5-8141-0d7d1604d83d,0fa3ef95-7562-4e64-a22d-1ddbe46618c6,
bbcf5012-3fb6-4453-9d60-3125b3d8e328,3fc125d1-3b25-45f5-8141-0d7d1604d83d,23c75628-3a60-4446-a89b-3b3c9c831a54,
00da9f56-ca59-4db5-a8c7-2fe09bb27822,3fc125d1-3b25-45f5-8141-0d7d1604d83d,25a19ba5-24fb-45aa-bc36-892110004116,
94d64f67-b178-4b0e-b8b0-e5d84549c969,3fc125d1-3b25-45f5-8141-0d7d1604d83d,2ab9c657-6ebf-47ec-b44e-5fb28690acb2,
420ee109-8ccd-4270-beb7-db616b7e7fd7,3fc125d1-3b25-45f5-8141-0d7d1604d83d,3c73ab1b-d5fe-4fc4-9c26-406232b963b5,
ef19f6e4-f1b9-49f5-bd0f-d7c7b63b2385,3fc125d1-3b25-45f5-8141-0d7d1604d83d,484489ef-aca3-440d-a645-d57505d00246,
97b662d2-e1df-4000-9f0e-a02d88a51279,3fc125d1-3b25-45f5-8141-0d7d1604d83d,5685b32b-0bf9-4b64-8173-737ca62ac3d0,
c2259b73-e179-49ee-938c-addee578580b,3fc125d1-3b25-45f5-8141-0d7d1604d83d,57d6650a-7e53-4ebc-9c3f-b654f6dc2074,
7bd3ab29-e12f-43bc-ad14-b4e8c48a7ac7,3fc125d1-3b25-45f5-8141-0d7d1604d83d,5d3d1695-6e06-46c3-b0d0-c2f308c098c2,
5f57c3cd-a48b-443d-8aa4-00acc89b41bd,3fc125d1-3b25-45f5-8141-0d7d1604d83d,5fbfaf7d-d0cc-4997-a7b5-7c844e3a950b,
3cbad5cf-e56d-467f-b636-bec39a76d795,3fc125d1-3b25-45f5-8141-0d7d1604d83d,6345b936-d364-462d-b8d2-765cfa005554,
ca60f2c5-f761-4eab-97c0-affa2cf28fa1,3fc125d1-3b25-45f5-8141-0d7d1604d83d,7d9db883-fc9b-455f-9cf7-c9ed3023277a,
2d49afeb-c802-423c-80b2-79560ca2e96f,3fc125d1-3b25-45f5-8141-0d7d1604d83d,9d741160-a130-4abc-bd3f-42567beadb0e,
7e6057b7-2efa-47b4-a231-78934c6acb44,3fc125d1-3b25-45f5-8141-0d7d1604d83d,a876ccfa-adac-480c-b9a0-4ee874b2fb33,
2864049e-305a-4a67-9215-db7c1e878fbf,3fc125d1-3b25-45f5-8141-0d7d1604d83d,aad599dc-5cb0-4dca-8298-4bc3d81ba595,
a03c5685-eb46-45df-b374-db8d73a05c7b,3fc125d1-3b25-45f5-8141-0d7d1604d83d,d76d9a5b-7257-4138-adad-c49e2263601a,
3786f111-e0a3-46c0-9735-b622c34f2bcc,3fc125d1-3b25-45f5-8141-0d7d1604d83d,e563a8ad-71a6-45d1-8245-1dc1a3b7fc41,
5e73608c-1268-4e93-81cd-7739f08299cc,3fc125d1-3b25-45f5-8141-0d7d1604d83d,ebd45846-262d-428d-a2ff-89a3a4870e42,
469ac5f6-4cc4-4650-b0e4-441dcea34864,3fc125d1-3b25-45f5-8141-0d7d1604d83d,ec3a5047-feeb-4a84-b790-2eab2c66ced6,
1005be04-cab5-4dbb-9d1a-b1a721a35a09,3fc125d1-3b25-45f5-8141-0d7d1604d83d,edd28d8a-74b0-48be-9458-1f7ed2df52a9,
efaa6432-18fa-4cc9-bc21-2d24d37c1ffa,3fc125d1-3b25-45f5-8141-0d7d1604d83d,ef9c40c8-7063-42cf-a099-e3808980f79d,
8df00d1a-a309-4e1a-8a65-567a0787e484,3fc125d1-3b25-45f5-8141-0d7d1604d83d,f97a2ada-b813-42d6-b255-3ff511961d91,
4ca07f9f-641a-412b-9262-8e513c1a25e4,3fc125d1-3b25-45f5-8141-0d7d1604d83d,faec5822-cd89-4c31-acf9-00226ac0e26f,
e7a3e389-e5ca-4779-9030-4534b7b15b50,3fc125d1-3b25-45f5-8141-0d7d1604d83d,ffc3c591-af6d-4b9c-acb8-28a39b176920,
4a200af6-ae05-408b-becc-20fb3c1a1a89,40414cf7-4e16-4993-bd4f-8c411d66107b,02691c41-9f00-4ef5-8cf0-668e7607fea3,
4689569e-aa0e-48e2-b51f-4787a6a1e1d5,40414cf7-4e16-4993-bd4f-8c411d66107b,0641c92c-d3db-4a72-952d-66209c9b98ed,
7773228b-d915-4521-aa39-14a00da50c99,40414cf7-4e16-4993-bd4f-8c411d66107b,10940f2c-ea91-4732-b0e7-43a2b2ef2968,
bff4172c-63b9-4b1b-860d-b92b93a4a9d7,40414cf7-4e16-4993-bd4f-8c411d66107b,119cf5f7-2f29-4f35-a835-7788886f7a07,
86870b07-a618-4c0c-bc7a-6b84e2a1b5b6,40414cf7-4e16-4993-bd4f-8c411d66107b,22424411-11c1-4d6b-81dc-6d4d2781c20e,
3559a451-1baa-4537-ae74-0ffac8852da7,40414cf7-4e16-4993-bd4f-8c411d66107b,2e026dee-ef76-45b8-b950-615759718316,
d70c04cc-e609-452d-95f5-baf851ee7c0a,40414cf7-4e16-4993-bd4f-8c411d66107b,4390421f-bd49-4ccc-9503-023b08be8f19,
0a2b7bd1-c4e0-47c1-b425-01dee2d96fef,40414cf7-4e16-4993-bd4f-8c411d66107b,48318436-74ec-47e8-b5ce-ec598723c0a6,
7ce59d7c-d9b5-405c-9b16-c331d6d5e8ac,40414cf7-4e16-4993-bd4f-8c411d66107b,49bc5cd9-2e56-45ab-a371-1ce50662794c,
649ec7dd-5397-4fce-b161-9f3d5c2e7467,40414cf7-4e16-4993-bd4f-8c411d66107b,4b500812-13b7-4cfc-804b-e80750beba88,
c6279edb-0f16-4a58-a10a-55c36f5a0266,40414cf7-4e16-4993-bd4f-8c411d66107b,4d3ada0f-8c25-4eac-9602-6beca9f73355,
4151756c-d50e-4004-8b84-2442b77935f2,40414cf7-4e16-4993-bd4f-8c411d66107b,4e11f17a-6c58-4d21-ae65-5a187bd3a2db,
d3e059eb-ac04-4fb3-973a-a18f73f82d7d,40414cf7-4e16-4993-bd4f-8c411d66107b,51e6fec0-2969-40a3-942c-1e2f7e182517,
b921040c-4c82-46b0-905e-498758ac009f,40414cf7-4e16-4993-bd4f-8c411d66107b,5e08d63c-da64-46dc-a9b0-9ae6c6ddf56d,
24915837-3ddf-43b6-85a2-374b5d227b89,40414cf7-4e16-4993-bd4f-8c411d66107b,604dda75-ab25-442a-b6c0-69c600cce43a,
0c2c4d05-6cfe-487c-9692-bc12ee29184b,40414cf7-4e16-4993-bd4f-8c411d66107b,6c872380-0294-4f53-9b89-b0ea88f1876d,
4c26ab22-a92b-4f09-a1b5-5da19c6b3676,40414cf7-4e16-4993-bd4f-8c411d66107b,720a788a-3788-41de-8805-30c6f57d2df9,
d71da84b-48dd-4665-b57e-812a7d1bcc9b,40414cf7-4e16-4993-bd4f-8c411d66107b,720abc0f-b51d-45dd-8f07-bb3ff5e1d290,
3f587289-6e53-40bb-a475-166a6454378b,40414cf7-4e16-4993-bd4f-8c411d66107b,7ddc95ba-aa56-4b52-9ca9-7254945d33ea,
4b2e9b79-ec6b-42d3-9019-0485e3994853,40414cf7-4e16-4993-bd4f-8c411d66107b,8e5d9654-3fe6-4779-84e2-f3e2ac5ab76b,
8ad6cb20-293e-4d4f-8d31-7177c402d66f,40414cf7-4e16-4993-bd4f-8c411d66107b,919ce35e-ccc2-4040-81eb-27ee1397d0fa,
137e5add-4605-4706-a10b-59da6c97ad14,40414cf7-4e16-4993-bd4f-8c411d66107b,93ede414-57da-43e4-98ae-120acb356f0f,
16ffc765-32fc-4f37-820a-66eae895999b,40414cf7-4e16-4993-bd4f-8c411d66107b,9457edf8-e750-42f2-9e00-56a0ed8730e0,
4613b164-7324-4a1b-aed2-9c1e374cfef5,40414cf7-4e16-4993-bd4f-8c411d66107b,94e2b411-2070-4e26-8476-9f13acd735a4,
7755d82f-0ccc-4e8d-8ccd-1e2607b0d45f,40414cf7-4e16-4993-bd4f-8c411d66107b,956ff2d2-0cd3-4633-b6f9-a7ebbd2210e0,
f516ac11-630b-41b9-bf80-99a3518b2929,40414cf7-4e16-4993-bd4f-8c411d66107b,98b89fbd-3939-42ad-8f39-2c71498c3b0f,
82ccb539-f2a5-4945-8de7-20442dc0762d,40414cf7-4e16-4993-bd4f-8c411d66107b,aa052c8a-99bf-4909-b91d-5ef2aa14e7ff,
bfd3854b-e04d-45ff-925d-8f41adaa3ff4,40414cf7-4e16-4993-bd4f-8c411d66107b,b0b1ed57-f35c-479e-be40-0c01f98e878b,
50f86a87-1f7e-4b23-8508-3fb9e10f21d8,40414cf7-4e16-4993-bd4f-8c411d66107b,b7e047ec-c478-4b6b-a0e3-c68d0ea9205e,
c003483f-640b-4503-bd5f-16e51a9ac68a,40414cf7-4e16-4993-bd4f-8c411d66107b,b890b3a8-a198-46a3-aeb9-f5683eb5c798,
ca2f2b96-d563-4bc3-9708-d976da897aec,40414cf7-4e16-4993-bd4f-8c411d66107b,be8e781c-c25f-411f-9731-429e77d65ef2,
7be323bf-eaa7-42c6-b945-2c69f3947819,40414cf7-4e16-4993-bd4f-8c411d66107b,c01678ba-49a6-4fbf-93ca-4b8d175ff8bc,
fd06f284-8741-4d15-a817-0bab4186771e,40414cf7-4e16-4993-bd4f-8c411d66107b,c161bff6-b040-45ee-ab5d-1c6e86cbcea2,
a77075e4-0143-4c6d-928d-c1265f34f42d,40414cf7-4e16-4993-bd4f-8c411d66107b,c37dd3f4-adbd-49ee-abde-5063c59ddbd3,
b254b153-95c0-44f1-8cb0-2a8b2fb23c4d,40414cf7-4e16-4993-bd4f-8c411d66107b,cbbaf29c-cf9f-4599-b7a4-8a134efb348c,
cea30e8d-9229-4929-bb5d-35a7c482456c,40414cf7-4e16-4993-bd4f-8c411d66107b,d0214d86-c382-4467-b6cc-539bd7ea4a8d,
d02d4c01-e81b-4a03-8c9c-7acea50bda98,40414cf7-4e16-4993-bd4f-8c411d66107b,db33f891-ba3d-4fef-8c47-7f1cf92441d3,
8ef62243-00c4-4feb-99f7-77125c9da8e5,40414cf7-4e16-4993-bd4f-8c411d66107b,e09c8ad1-ccb5-4028-b224-76114fd5d51f,
80abd315-54d5-41a2-991b-04dfb42eb00b,40414cf7-4e16-4993-bd4f-8c411d66107b,e671dea1-c224-4e6d-a8fb-e249c95a4f3a,
66cdb3f9-d223-403d-91d0-2eab308b2647,40414cf7-4e16-4993-bd4f-8c411d66107b,ee812e26-80a6-4575-b3ed-b5dfe36687e6,
53bc1c42-5627-462a-bdd7-6e48cb10acbf,40414cf7-4e16-4993-bd4f-8c411d66107b,f320fde1-215b-449f-a70d-21ab44ed2c80,
863de065-e445-4797-954e-5e63c4fce4de,40414cf7-4e16-4993-bd4f-8c411d66107b,fd4da1ea-e7d4-4e68-af48-814e1c30e105,
cacd14a1-13ee-40e4-811c-3c6c223dcba9,40414cf7-4e16-4993-bd4f-8c411d66107b,fd6a8ddc-81e6-49a1-a6e7-939a3144b976,
998f70c4-9de9-47fa-97e0-b09029be5a77,40414cf7-4e16-4993-bd4f-8c411d66107b,fe3d7455-cdbe-45b9-b34e-86d7edfd344e,
b499b8cb-975a-420b-86ad-23b751945dbe,40f9a7cf-caa4-4fee-94ee-93823be54927,009f8c08-f1cd-476b-aa7a-dddfa5afb80c,
8ee48f39-da44-4fcd-a177-8c17bdc0f265,40f9a7cf-caa4-4fee-94ee-93823be54927,03b11253-b85e-465b-a848-60314aa8423a,
863c865c-45f8-4883-8aa5-3025fe54781d,40f9a7cf-caa4-4fee-94ee-93823be54927,068a8277-138b-4b74-972d-c8a8d1d46883,
679c38cf-cc45-4e07-bf89-b343315c4d81,40f9a7cf-caa4-4fee-94ee-93823be54927,0b21839c-5739-426b-adb1-a5a2075082f9,
991fd9eb-2206-4d4a-98a3-ea7113f22736,40f9a7cf-caa4-4fee-94ee-93823be54927,0e7eef6e-3554-4d13-b308-9c9b82ee5b52,
762425e1-ae03-40e9-9a63-088788d72de8,40f9a7cf-caa4-4fee-94ee-93823be54927,11c9557a-86d6-4713-a217-1975b0fd256b,
f50f25f7-a18a-4d20-a70c-a834bd087768,40f9a7cf-caa4-4fee-94ee-93823be54927,185e7549-5bcf-4c89-9ae2-29ae642a20a4,
7d70b138-6f78-4658-8d97-71b97b1b84ac,40f9a7cf-caa4-4fee-94ee-93823be54927,1925fd52-f086-4be5-b42f-92cccfe6a42d,
d66e18e0-6507-4ed5-aba9-485f5dd60b19,40f9a7cf-caa4-4fee-94ee-93823be54927,19f9d892-94e2-4d1e-970d-defd26886c9a,
d2c78859-aee1-4d37-abd7-5c712c65ae75,40f9a7cf-caa4-4fee-94ee-93823be54927,2078a48f-ddf8-46cb-ba59-7701a08b283f,
8571ffdf-71dc-4bf3-8ab2-bb1213e019fb,40f9a7cf-caa4-4fee-94ee-93823be54927,21012a36-c8c3-48e1-9e8d-942f72cb5d3b,
f1245946-7f3a-464c-b65b-643224e5dacc,40f9a7cf-caa4-4fee-94ee-93823be54927,236b757b-ad48-4230-a6fb-a2c1795341cd,
1f03e587-b344-4227-b9ba-c21a52720bd8,40f9a7cf-caa4-4fee-94ee-93823be54927,23da7787-4fbf-4bd3-8a1a-8b392b045356,
cb358ba2-24ec-4609-ba6e-498ff8e6679f,40f9a7cf-caa4-4fee-94ee-93823be54927,28581ec7-b51a-4c4f-a15e-f5ed8d2214f1,
c201f1ff-6279-4411-9eda-d11b8f7e0d1a,40f9a7cf-caa4-4fee-94ee-93823be54927,29ccc957-a6e5-48e0-bc30-0d7202b2fbdd,
51d9aaf7-4ffe-483f-98df-a55e851b6038,40f9a7cf-caa4-4fee-94ee-93823be54927,2bb252ff-e0a4-48cb-b27c-7440f78e8cfb,
910e6a0c-8ee9-4ce4-9910-636af75e0b92,40f9a7cf-caa4-4fee-94ee-93823be54927,31bb9e1b-de20-44df-8271-ac86c1550d89,
c2097618-7da9-4c60-8085-13afa63d771b,40f9a7cf-caa4-4fee-94ee-93823be54927,32611fb6-520c-4a6a-ad69-f0870e190195,
ba702a11-0f7d-4a85-a51c-c79337bd6b75,40f9a7cf-caa4-4fee-94ee-93823be54927,36d735cd-fb7f-4819-9670-2fe0173655d4,
3a1adf7b-8b41-4526-ac4b-69c012c64876,40f9a7cf-caa4-4fee-94ee-93823be54927,39094d21-f366-49e5-a0ea-2cbf48557215,
c704b0b0-7bfc-49f5-b6b2-1d36910415b5,40f9a7cf-caa4-4fee-94ee-93823be54927,3bfb0fc6-dae7-4022-b49a-eea24112823d,
1ad2dedf-c9dc-44e3-8482-8f9e9607c8c8,40f9a7cf-caa4-4fee-94ee-93823be54927,3d70f69d-b6f4-4b40-8a8f-620f9b94a706,
7bfa83d6-ba5f-4a17-a710-46ad9e71d2bb,40f9a7cf-caa4-4fee-94ee-93823be54927,3df8cf69-dea6-4158-98ce-01db66139618,
3f961d8e-ba66-44c9-84ce-7edb9be547d2,40f9a7cf-caa4-4fee-94ee-93823be54927,3f77fd5d-db75-4838-8d58-79a637abcb36,
88748feb-aecb-4471-8a4d-af37549fb8c9,40f9a7cf-caa4-4fee-94ee-93823be54927,41ff8961-2df3-4727-ae24-fa69752523ce,
daa56ff3-8555-4374-a819-b1d3aca34007,40f9a7cf-caa4-4fee-94ee-93823be54927,422de6b5-4acc-4cc3-a424-e76129c1527c,
bdb02cb9-db95-40d1-a749-cc4c995e9c26,40f9a7cf-caa4-4fee-94ee-93823be54927,478064fc-04b9-4f17-9eaa-4e83434deaca,
5c5cb7be-a9af-4266-bdd2-eca9978adbb1,40f9a7cf-caa4-4fee-94ee-93823be54927,4be288e7-5d7a-4cd7-aba9-f906941f4703,
b211ca32-ab78-4aa6-aa4a-b3d571331225,40f9a7cf-caa4-4fee-94ee-93823be54927,52941138-2d8f-40b3-b8ee-0aff867d88e7,
dc491888-3154-4fb7-89d8-07af58e78d1f,40f9a7cf-caa4-4fee-94ee-93823be54927,55e66683-a614-4c85-aabe-258f38925e49,
6dfc4083-e34c-4bda-994a-2fb1e2a2399c,40f9a7cf-caa4-4fee-94ee-93823be54927,56f2e8ee-1ecb-40b6-8b53-ffa01d91bbf4,
a5377a17-fbc1-4146-8fb7-290cce87468f,40f9a7cf-caa4-4fee-94ee-93823be54927,5dd3ebc1-af01-4fcd-b53c-191937d8db95,
9701e8c5-1e55-416c-9330-1bd314239841,40f9a7cf-caa4-4fee-94ee-93823be54927,63b5765d-9dd8-45c8-ab2b-493ef17a0873,
ad6f7e2c-4a6c-4b1d-badb-70acec3b9278,40f9a7cf-caa4-4fee-94ee-93823be54927,65675608-0b7d-46ff-977a-ebaea140a11e,
56230990-3894-40c9-b325-3a39fc3e6828,40f9a7cf-caa4-4fee-94ee-93823be54927,683c0406-b05d-4a37-9b23-12c6d76ff0a7,
4a9bbac4-b1b5-4222-9f10-6fc140162379,40f9a7cf-caa4-4fee-94ee-93823be54927,691da387-aca3-4211-8a20-e5b5816b614e,
3c43d61b-4b10-423d-a7eb-21d05903eaba,40f9a7cf-caa4-4fee-94ee-93823be54927,738ee0b2-4480-4edc-957f-5df263fdaace,
ad21128f-a5be-4535-8bfe-02c0f1dc9e83,40f9a7cf-caa4-4fee-94ee-93823be54927,76fdfa65-9cd5-47c9-90a3-012bb090467b,
aa2d5542-1642-45cd-986d-eca4948398d7,40f9a7cf-caa4-4fee-94ee-93823be54927,7793162a-7722-403e-bb50-bf6fca5a4b67,
f6797c3e-9ea0-4038-8ada-810ceea67d03,40f9a7cf-caa4-4fee-94ee-93823be54927,7b023223-29c8-4d6e-841a-f177b4f116fe,
e6ce7628-eb01-47e5-8899-da2ebcbaaa9f,40f9a7cf-caa4-4fee-94ee-93823be54927,801c66f3-1a95-4df1-a069-72b0522656fc,
95a3632a-95e2-4af4-b3ed-44c2456a699d,40f9a7cf-caa4-4fee-94ee-93823be54927,83933111-6955-454a-bd74-0a0be39911d0,
6d8dd7b4-550e-4ced-bf6e-89ee5b7ac67c,40f9a7cf-caa4-4fee-94ee-93823be54927,8557af43-a136-402b-87b9-215988a3127f,
c4bfc732-d643-41ec-be92-64a0e643a3a1,40f9a7cf-caa4-4fee-94ee-93823be54927,89a18889-ade2-4ae0-93a8-e726955dcc1d,
8b78d902-0b4f-4ac4-b298-004dace61072,40f9a7cf-caa4-4fee-94ee-93823be54927,89c6a88d-ca0e-4329-a3f5-1a2728d90838,
e8f6b0ee-63f7-4099-b699-f242b89a99ad,40f9a7cf-caa4-4fee-94ee-93823be54927,8f2c4701-ac2d-45a2-8977-2efcf7c832fc,
a75cfb92-146e-4988-8f38-fe8cd7487917,40f9a7cf-caa4-4fee-94ee-93823be54927,93ea9218-485b-4670-96fd-c605071e9719,
ab45671f-2014-48ee-b134-5ba5d773a0b2,40f9a7cf-caa4-4fee-94ee-93823be54927,954a2691-dfda-467b-9cb1-53cf5607ba4d,
bc162602-f80f-4e41-9795-e10bd09017d7,40f9a7cf-caa4-4fee-94ee-93823be54927,98d445ce-87e6-4a65-93ca-022ecf15dc9e,
8454fb79-ba93-431c-991d-5d5a2924184d,40f9a7cf-caa4-4fee-94ee-93823be54927,9979bbcc-155f-43f6-b318-9c570133a25d,
7d37eea2-853c-45b9-9201-52d05b97f031,40f9a7cf-caa4-4fee-94ee-93823be54927,9ac5ff47-f4af-40aa-ad58-603b0074f9f8,
79ad63d1-a6ce-42cb-9977-9cbb112bb1ab,40f9a7cf-caa4-4fee-94ee-93823be54927,9e1d235a-d274-4b51-89c7-6d284ac3d31c,
91aa8079-46e8-4120-9d2d-7b1c2187c9d5,40f9a7cf-caa4-4fee-94ee-93823be54927,a36583ea-da98-4975-a1d6-4f26c31e4359,
40bbc063-46a6-4f3b-b139-8ddcbee70e0f,40f9a7cf-caa4-4fee-94ee-93823be54927,a566fe4d-3050-4a74-acda-c5e4a1ea7e76,
76cdeafb-757d-445f-8027-950e05114ebf,40f9a7cf-caa4-4fee-94ee-93823be54927,a82185f8-a09f-4272-afe1-e7b28a37db29,
48f0c631-8959-4762-ac83-19b13876baa9,40f9a7cf-caa4-4fee-94ee-93823be54927,a9ff9798-726d-482e-8c08-e434bb39315d,
cabd5dd2-c7a7-484d-9203-2bf62f33ae5b,40f9a7cf-caa4-4fee-94ee-93823be54927,ac16c4dd-1348-4881-81bc-f8cdbcde47c4,
a98b1037-c67f-4c98-95be-7b745baf0a70,40f9a7cf-caa4-4fee-94ee-93823be54927,ac96c36e-0ae4-423f-9605-b5eed95e750e,
6ee7437b-7dcd-4b94-965c-88d7e4eb273f,40f9a7cf-caa4-4fee-94ee-93823be54927,b083268c-50cc-4b1c-abb4-15c6e4cfe5fb,
b5e22f8c-a3f3-4db6-8c14-11af6292173c,40f9a7cf-caa4-4fee-94ee-93823be54927,b1133607-7216-4e14-8633-9780e44b54c0,
1ef0fe83-669d-4c59-bc28-911ccfcdb673,40f9a7cf-caa4-4fee-94ee-93823be54927,b650ac42-7564-4eb8-b3a2-0ee29cb75b69,
6b1bfa3f-ea5b-48c4-9b37-ae7273517c0e,40f9a7cf-caa4-4fee-94ee-93823be54927,b682baf4-7414-4722-b4fb-c82c343a41d6,
52ab7d21-5e03-4af8-8cca-aa8e1c312323,40f9a7cf-caa4-4fee-94ee-93823be54927,b7e2d243-3122-4824-9a06-c2d787a917c5,
53eedfb9-5449-4542-9ac0-8f444adc0d08,40f9a7cf-caa4-4fee-94ee-93823be54927,b8f2198e-7df0-4f84-b13c-32914155aed6,
e2f0f6f4-0579-48be-be15-6de5a88ed669,40f9a7cf-caa4-4fee-94ee-93823be54927,bb55b0a2-c1f0-4790-8c40-a43440b55a46,
f60263e8-a38d-4e1c-88db-57191442c00f,40f9a7cf-caa4-4fee-94ee-93823be54927,bbedbfdd-de81-45b5-9b26-dfff9f2ed465,
50259ac3-aef2-4d9a-9d90-cde3898344b3,40f9a7cf-caa4-4fee-94ee-93823be54927,c1f3fda6-0fd9-490a-9303-da398ad32d14,
cc71be99-5ae2-4c6f-9dc9-2b61a4664f13,40f9a7cf-caa4-4fee-94ee-93823be54927,c2e16feb-6fff-4c17-ae97-db433632997e,
497e5e8f-dac1-4416-b131-bbe5b3a3d3c1,40f9a7cf-caa4-4fee-94ee-93823be54927,c3652c96-3a66-4e84-989a-5b5403c2d0aa,
ccc19426-cc3c-4003-8606-0c8a0c20fb32,40f9a7cf-caa4-4fee-94ee-93823be54927,c42c1833-f7d0-4b02-b69a-7894b31f5518,
8d24029a-805c-44cb-9e45-0aefc17760f1,40f9a7cf-caa4-4fee-94ee-93823be54927,c608e230-2c58-4407-a9bd-6d54b9dd9e08,
9c604f32-c7ef-4117-b704-6eb13d717739,40f9a7cf-caa4-4fee-94ee-93823be54927,c6bda9ca-2c8d-4c77-a7d2-4b364ce11658,
323ff2e3-5133-4fd7-b4f6-4c35b2022590,40f9a7cf-caa4-4fee-94ee-93823be54927,caba728c-e0b9-44cb-8694-f6dc50a409be,
8a56ad64-c07c-46a1-837e-16ffb0546a0b,40f9a7cf-caa4-4fee-94ee-93823be54927,cb08680d-eb64-44a2-883f-0c1b4f2a96c8,
fb6b1898-36cd-4fce-ac48-5097f5efdc54,40f9a7cf-caa4-4fee-94ee-93823be54927,cc010d4f-c8eb-455a-a34d-89feb8030ba5,
1482b68c-7aee-41ac-a8fe-b7622b7be5dc,40f9a7cf-caa4-4fee-94ee-93823be54927,ceb4f7be-6a19-4396-aff2-580d1168ac0f,
53cd01ff-6a4f-4c92-a03e-aa319b601958,40f9a7cf-caa4-4fee-94ee-93823be54927,d0031259-6817-4a22-acb9-0f79da803685,
20069467-cb7a-4f89-abe0-4dcf9e670562,40f9a7cf-caa4-4fee-94ee-93823be54927,da4b2323-fd40-4cdd-9e7e-6ef80fc79bdb,
f22f122a-67cf-438a-ae6c-eaccbf095248,40f9a7cf-caa4-4fee-94ee-93823be54927,dabff5cc-0f45-4223-b32d-5136412bb703,
f38fcc20-e02d-4c55-92da-03e1aec4720f,40f9a7cf-caa4-4fee-94ee-93823be54927,dfb1afc9-b91b-43ba-8407-c0e59e12213c,
4f6307a3-da93-4ded-8a41-4b83933f57c9,40f9a7cf-caa4-4fee-94ee-93823be54927,e2d74849-167a-430e-80b6-b7b41446e213,
64b6f22a-d09d-4a8b-800e-be3237e61631,40f9a7cf-caa4-4fee-94ee-93823be54927,e7a0e9a5-080f-4fed-b919-87212fded866,
f44a28fd-9948-402f-8d7b-e85c2c968ab1,40f9a7cf-caa4-4fee-94ee-93823be54927,ed62d557-e328-4e9f-bb7b-eb0c9f679cfb,
054da29c-5e7d-48af-9b75-4b5067b7f6b0,40f9a7cf-caa4-4fee-94ee-93823be54927,eeae1489-f7df-404a-a036-14eb89d7cf59,
90db5e71-71a5-45d8-9de2-a0fd5c701e65,40f9a7cf-caa4-4fee-94ee-93823be54927,f5de7c31-091b-4466-b4dc-9f9d3d36e656,
1cbda29d-ffcd-4bf5-8d42-16527c85e325,40f9a7cf-caa4-4fee-94ee-93823be54927,f6a11621-2fda-4be4-a257-451673c1ccaa,
08eaa842-0c0e-4322-9916-2fd8af608e15,40f9a7cf-caa4-4fee-94ee-93823be54927,fcb3e1f2-631e-4f5a-b18b-37317208547d,
821371c9-2b08-43cf-a322-434eb820b4bf,42282199-0ebb-4a82-8bb0-7fa112ca916b,1ea0804c-2316-47fd-b62a-aa859e0feacf,
54472424-f344-4df6-a53a-de80cf19b6ad,42282199-0ebb-4a82-8bb0-7fa112ca916b,4d8d3a87-a166-4070-b542-a4fba7652364,
a9a7f2f1-8f41-48b9-b1db-120b030fe4f1,42282199-0ebb-4a82-8bb0-7fa112ca916b,80ce47ca-21bd-4c28-a9e1-9e6e10e08135,
1c08b5f2-e938-4baf-adfe-545ba4126699,42282199-0ebb-4a82-8bb0-7fa112ca916b,a6d577a2-ed48-4c5f-86df-b093ab2f7816,
a27eee85-5dda-4f50-948e-1a9a5e46a149,42282199-0ebb-4a82-8bb0-7fa112ca916b,cc2a8ce2-2799-465a-b694-2972c25855d8,
d09dad03-0dff-4e5d-a058-37c6950c5c7e,42446b4a-871d-413b-af4c-a476ef04b668,0c170b3b-3e90-4bde-93b8-546e42c80934,
ca784761-3327-4682-84bc-b1e059b56a0c,42446b4a-871d-413b-af4c-a476ef04b668,140d501c-c982-464f-8cdc-92cfee3ace47,
0369fef7-a82c-4cc9-9380-2e4949e61acb,42446b4a-871d-413b-af4c-a476ef04b668,17a69a7d-dfa4-46bb-8623-c0476ea8e206,
68fb8631-f418-4d27-a3aa-e2811364cc60,42446b4a-871d-413b-af4c-a476ef04b668,28ba0314-1fe4-4f36-ae32-4de06eaa4a97,
fff1bbfb-d322-497b-ad06-fbd0f65dbcf8,42446b4a-871d-413b-af4c-a476ef04b668,295d391c-6233-4840-b719-d018e1b3419c,
7991d931-6002-48d4-9edf-10bba6fd650f,42446b4a-871d-413b-af4c-a476ef04b668,6e9afb17-ec4e-40d9-82b0-ad029822bcb3,
570c237d-81d3-4c57-837d-e8d89388788d,42446b4a-871d-413b-af4c-a476ef04b668,722a792e-07ab-4eb9-9a4d-79c873a92cd4,
8446497e-ad25-4c49-9ca8-a86ad3df9561,42446b4a-871d-413b-af4c-a476ef04b668,7d57a93d-23f5-401a-92fc-15e6f0d37f65,
fc76c33b-d49d-4507-a6ad-124dea7453ba,42446b4a-871d-413b-af4c-a476ef04b668,948dd710-4bf1-48de-88d2-06a71cca2a92,
e0a62342-67fc-471d-8a9d-65ec297d54ec,42446b4a-871d-413b-af4c-a476ef04b668,9bfa6401-cad3-46cf-8358-557c092d9a28,
dd307e17-f100-4e16-87aa-ed1201106146,42446b4a-871d-413b-af4c-a476ef04b668,9ed027e7-fbac-469c-bc1d-203191be3c2d,
46431f46-403b-4a90-9065-4c9185da93e9,42446b4a-871d-413b-af4c-a476ef04b668,a17269d9-01fe-450b-9c4c-4aa1efc4c4f5,
a0da66b9-e684-470a-974c-57af993472d4,42446b4a-871d-413b-af4c-a476ef04b668,a64dfa5b-0960-45e0-8a3d-e9f249e60a21,
33a74dc8-f249-4f27-80b0-e8b60e1b2f7e,42446b4a-871d-413b-af4c-a476ef04b668,cc16ccce-87a0-4927-859c-c581ce6831c5,
8f185853-0f46-4e4b-9df9-d26ef674f96d,42446b4a-871d-413b-af4c-a476ef04b668,dac01c4c-e0e2-47ba-9fc9-216a2a0e5d1f,
96b4da10-ba03-42bf-a7df-3a76dffcb27a,42446b4a-871d-413b-af4c-a476ef04b668,fa22d251-81ea-432a-a80b-84fa736621ca,
63492f94-1025-4723-be43-c53a2e5934da,440cd7d9-541d-4594-b8f2-7c9903d71df0,0e6def90-28ec-4662-923f-4ee7b051ecb6,
7716a915-325d-4312-875e-810c1cf96268,440cd7d9-541d-4594-b8f2-7c9903d71df0,2cf19cba-ec4c-47db-8460-e23e992f2316,
e71eeeab-42cd-49c4-889c-70f62c523391,440cd7d9-541d-4594-b8f2-7c9903d71df0,4241bd81-285f-4040-9e61-927ca94de46f,
ef53cd32-d1db-4adf-80e6-2c4b6c08414a,440cd7d9-541d-4594-b8f2-7c9903d71df0,a16177d8-d6b6-4f58-abd9-014da90f691b,
afeaa078-78aa-4bf3-bda5-2774afcc8025,440cd7d9-541d-4594-b8f2-7c9903d71df0,f57715b7-a04a-4889-8b56-ff4ddac3654a,
d586e07f-9faf-4a0b-90e2-2b441e62c73a,44828528-19ec-46eb-9b7a-c1b26f77dbdf,2f55d66a-a4cf-42f9-ab86-68b88d8d2dae,
5683d401-4c19-4088-a53e-6c1936848545,44bf0fc0-b1e9-40fe-9307-c9aa59d0ce74,48c2e59c-dd54-4155-8ad1-2afc402b39bd,
d468aa25-3e46-48bf-adac-3c8473c6bf8e,456447a3-502c-48e0-9fc0-1de96eeddf55,08bf73f2-e3c0-4385-b1e1-b03884dd979c,
be4f9639-d112-4d1c-bfe9-e0a957876298,456447a3-502c-48e0-9fc0-1de96eeddf55,0b461836-ac61-49e7-9104-4d7f59ab2505,
7e0416e5-2aca-4242-8991-bf7b5e5cdccd,456447a3-502c-48e0-9fc0-1de96eeddf55,0d328ebe-617f-4b1c-a654-06d80c6bfdd9,
a8da9be1-4c84-4cb6-b28b-fa9f7d7ba3fe,456447a3-502c-48e0-9fc0-1de96eeddf55,35efc45a-608e-459e-996d-fb1ead8be392,
4c7ad1fc-59e7-4724-bdd3-8f1b2f2077b4,456447a3-502c-48e0-9fc0-1de96eeddf55,39881f10-3f01-43e8-af55-a9c8eba835d7,
d8490968-0666-4b8f-b36d-e017f037b10c,456447a3-502c-48e0-9fc0-1de96eeddf55,4a9d48d4-01fd-4290-9fb6-37e9b72a706f,
e4225028-2cb9-4314-bb5d-564db11bfe79,456447a3-502c-48e0-9fc0-1de96eeddf55,4c9f2f83-b576-4242-82f0-1cb51b868da5,
92457efb-c67e-47b0-9e7b-9079f7d09d75,456447a3-502c-48e0-9fc0-1de96eeddf55,573d0e5f-a973-47e8-ae94-3fbf42a9e686,
0877ffc4-e122-4914-9d84-7054a8ffcafe,456447a3-502c-48e0-9fc0-1de96eeddf55,58ecb1c1-7ea7-433f-9c39-110a5938027e,
ab600ba5-d57e-4675-9fe5-b1bd717b2671,456447a3-502c-48e0-9fc0-1de96eeddf55,5ad6a661-cc65-4fb3-ae94-47730a95c918,
2455bbe0-e0bf-49cc-83d8-ab55f6f4d038,456447a3-502c-48e0-9fc0-1de96eeddf55,5ff627ff-feef-408a-8ef2-2b0ed175ba56,
d9245908-bf8d-4708-b3ba-d496eddc194c,456447a3-502c-48e0-9fc0-1de96eeddf55,61e4d742-54aa-46e5-a0cd-66c121cba842,
23f300e2-51c5-4615-9c77-62a5211e2bd0,456447a3-502c-48e0-9fc0-1de96eeddf55,62274c14-3dac-482a-ba7a-a87160bc2a26,
ca0ab059-b45f-4665-85b4-c47c5b8466c2,456447a3-502c-48e0-9fc0-1de96eeddf55,6f528fdb-990c-4d26-a407-e2acc2d9f311,
e0b84230-f053-4173-9b12-bd19195bd2b1,456447a3-502c-48e0-9fc0-1de96eeddf55,7064dc2d-d2d5-447e-9531-aeb27af97746,
d5baff06-176a-42de-bf54-05a9e361dd5c,456447a3-502c-48e0-9fc0-1de96eeddf55,72b010c3-4d90-4c18-ac2c-e170f04f44a6,
b493b93d-76d1-4cd0-bbb9-a13adbfe1f71,456447a3-502c-48e0-9fc0-1de96eeddf55,740acf25-432c-4abe-9e3a-94ae1dcafca6,
c51a8758-28b7-4026-8762-90b037c1ce48,456447a3-502c-48e0-9fc0-1de96eeddf55,75e39f93-0eb0-439e-833b-845d23b327df,
c2362d7c-8410-48bc-8314-2b20d27713a8,456447a3-502c-48e0-9fc0-1de96eeddf55,7b23da9a-6ae9-4ee4-9c9b-bd0e2eb72e72,
4f1cfa73-b4d8-4e23-99cf-2b8032882e7e,456447a3-502c-48e0-9fc0-1de96eeddf55,82e69929-b3f9-4347-af85-a5040199747f,
b83b3e3b-a74e-465c-b6c5-ec5c965bc14c,456447a3-502c-48e0-9fc0-1de96eeddf55,895f7898-af17-47be-b05f-587098b10bed,
822e88be-4037-42f8-924b-7500c584291b,456447a3-502c-48e0-9fc0-1de96eeddf55,93aedd15-6c93-498a-8a61-b26cdfa40b67,
f4be6d5f-194e-4b79-a4a0-b512dafae2a9,456447a3-502c-48e0-9fc0-1de96eeddf55,a65bffc4-b977-4f2b-9fc3-cb91016e5361,
656114ff-7d8d-4ff6-9a0c-205ba8206a3e,456447a3-502c-48e0-9fc0-1de96eeddf55,a7480038-ec94-4fc0-962d-61d12ea62a30,
bd927c58-c1cc-4b99-912a-d999b800db48,456447a3-502c-48e0-9fc0-1de96eeddf55,aedf8c72-c702-433d-b38f-1340261d4fef,
b551f368-0fce-4ff5-8934-5ae4bf9b9867,456447a3-502c-48e0-9fc0-1de96eeddf55,b91276e1-4f1e-49ec-8c5f-a0b3c6ef897f,
f89ff6eb-c9f6-4f0c-9a01-10d55d6232b9,456447a3-502c-48e0-9fc0-1de96eeddf55,ba5a97b6-7354-47a5-a0d5-e1c4cce59ba9,
d3d6eed1-1864-4c2d-8fdc-d6e5d5a54f7b,456447a3-502c-48e0-9fc0-1de96eeddf55,c9deb0e1-6d2f-43a8-9f6d-5cc29793e994,
45127f3a-3e37-4749-93f8-340a5498952d,456447a3-502c-48e0-9fc0-1de96eeddf55,cd43d020-2783-4d5c-98ef-2c9ce876c2dc,
e57601f6-0654-42d4-baf7-4d0290db079d,456447a3-502c-48e0-9fc0-1de96eeddf55,d8a0601d-88eb-4e0d-8f48-fabbe30c120d,
8d807c28-6fbf-43d6-8f00-766e30a74e6e,456447a3-502c-48e0-9fc0-1de96eeddf55,f7a7337f-505f-4a65-85c8-2a3ced795289,
1786acd4-8194-4def-9db5-16d6858d4ad8,490f5c5d-d48c-4117-bfcb-11d5eb492a16,0dcb0c98-9de4-4c5e-ae38-13dcf8a9ee7a,
f1825662-3731-4237-883f-6e5a758cf656,490f5c5d-d48c-4117-bfcb-11d5eb492a16,b773b06d-4f2a-4e93-ae45-3f9417ec37b9,
eb9ad0a0-ad5a-4b4e-9a6d-4d9e2569fd66,490f5c5d-d48c-4117-bfcb-11d5eb492a16,cf96c6f6-0562-4dff-8667-f75d59d95f49,
505f5475-aacc-4bbe-9921-6eced481b8e5,4a9a64ba-27fb-435a-a29a-d0db636d32a5,205520c5-1ec5-4e84-9077-cec7e8902c45,
2d2931fc-ed63-4710-a4a0-5436e37f5b33,4a9a64ba-27fb-435a-a29a-d0db636d32a5,2a827468-6cd8-49b2-ad04-b94e4816a300,
9f6b8e84-1eca-41c4-ad86-a5a8c29b33c3,4a9a64ba-27fb-435a-a29a-d0db636d32a5,2a838ac9-e948-4e2d-8517-b5ce9bbb2b17,
d691bf4c-0b14-42b4-a826-dc6e6b8927fc,4a9a64ba-27fb-435a-a29a-d0db636d32a5,38c69a93-dd32-4dde-9dcc-47525e9e3e09,
ed3f0442-ca23-44fb-8a7d-a46d6ea0afc3,4a9a64ba-27fb-435a-a29a-d0db636d32a5,43d19e5d-700a-421a-bdb1-b07583b6a0ae,
4d24df2e-76d4-449c-8266-3ac7847a1ea2,4a9a64ba-27fb-435a-a29a-d0db636d32a5,4c00293e-7ada-4eaf-97e9-7eb1525235d4,
0a39c274-5ddb-441f-8f70-bc65a8a0a95d,4a9a64ba-27fb-435a-a29a-d0db636d32a5,51038a11-a0e9-4cce-bbbc-2403dae1fc9b,
2ecde058-1e59-4245-8250-661f5775ce60,4a9a64ba-27fb-435a-a29a-d0db636d32a5,55022f0d-b1a8-48f4-a822-1c5033c1edbf,
8ee6f87b-0f1f-4b1d-9bf9-ee2d18838877,4a9a64ba-27fb-435a-a29a-d0db636d32a5,553a11d6-32d4-4ec3-9965-221e4aacb6c8,
629f62b3-bfc2-4024-b0d6-96af3e204a57,4a9a64ba-27fb-435a-a29a-d0db636d32a5,6cdd8dce-d2f6-408b-9466-039ddb89a79a,
6bb7499b-1d90-4e4a-be61-ed989b5fcccf,4a9a64ba-27fb-435a-a29a-d0db636d32a5,7c989b42-2df8-4a7f-b893-00718d99b7f8,
6c2fc26f-2bcd-4fe2-a9c0-be5432389466,4a9a64ba-27fb-435a-a29a-d0db636d32a5,7d1f6df1-892f-44cc-9f50-4cbd15c7098e,
2d51a074-325e-4839-8efa-c0ad9d41d620,4a9a64ba-27fb-435a-a29a-d0db636d32a5,7f9476e1-db38-4cd2-9b73-a6b150a359ca,
1ac8b175-3b29-48df-b172-69277f1629ba,4a9a64ba-27fb-435a-a29a-d0db636d32a5,83e84c2e-b6f2-4395-b30e-b080a8c113ce,
4d85e2bf-bd92-4019-b0ec-446cd9165575,4a9a64ba-27fb-435a-a29a-d0db636d32a5,89f9781d-9cc9-4e7a-a030-82e627d3e971,
e453ce6a-610b-4c0f-ab8a-2a3bd250c9aa,4a9a64ba-27fb-435a-a29a-d0db636d32a5,9d4995e4-b953-482a-a190-f2c2c753bd20,
47c361b5-ad2b-4f65-915c-37525476f94f,4a9a64ba-27fb-435a-a29a-d0db636d32a5,a28eb6c3-e395-4d85-a6e6-d8c025c8e19c,
1d83b253-1203-402a-bca5-947146e30be4,4a9a64ba-27fb-435a-a29a-d0db636d32a5,cad8aa1a-e89b-40c1-a844-016a39a73d02,
73bfb27c-4568-41ca-9364-986de7545689,4a9a64ba-27fb-435a-a29a-d0db636d32a5,e107733f-596b-433d-964d-37ab31e23ceb,
4bbf00a3-6915-449c-a33f-3ce16240db77,4a9a64ba-27fb-435a-a29a-d0db636d32a5,e8b47cf3-1c3f-4e8e-b1e8-65caf95bc647,
7fab314f-f9be-4276-833a-6dcfe1721bd2,4a9a64ba-27fb-435a-a29a-d0db636d32a5,ec9c0bc7-0a56-4405-b8ba-36e85035abdb,
ea46719f-1889-45a4-a735-d1f6c84877a7,4b01f41b-eb8f-4db1-9b81-9103ec861d96,1222eaf4-d0dc-4b41-b1b7-389e3899ac90,
86eaa0d5-e564-427a-b207-45643ca36ec0,4b01f41b-eb8f-4db1-9b81-9103ec861d96,1523f710-8126-48bd-be8c-68a4adf3e9c6,
584d2936-557c-4cb4-a6e7-ee6b0f39bfa2,4b01f41b-eb8f-4db1-9b81-9103ec861d96,1fd811dc-9c8c-40a5-82a3-33ee826ea88d,
6967dd79-5d98-43b2-9400-106ad3225445,4b01f41b-eb8f-4db1-9b81-9103ec861d96,2314cc6b-72f5-4a56-b8a5-95f67b83999b,
0d6f2bd2-c828-4e4a-9369-d777b8e4c9f7,4b01f41b-eb8f-4db1-9b81-9103ec861d96,2e4f2bd7-6a1c-40b7-ab72-4c99134059a5,
cdb78297-86fa-432b-ad8a-c18fff6c1d0d,4b01f41b-eb8f-4db1-9b81-9103ec861d96,849276c2-523b-4e1d-8af7-355f356c2b62,
b1e49b49-196f-42bc-be56-35ae6c5a201b,4b01f41b-eb8f-4db1-9b81-9103ec861d96,88c8c7c9-a59f-4a7a-b007-20f22bdb5d73,
64c12e6d-1485-4d45-bb8a-84076d3373f1,4b01f41b-eb8f-4db1-9b81-9103ec861d96,8c414c47-663c-4acb-ba94-9be3c392cc42,
0099ee79-987b-4794-a854-181bab8bad87,4b01f41b-eb8f-4db1-9b81-9103ec861d96,92d77386-f9bc-4be0-8376-eef2cba52468,
032781af-bf63-450a-84e4-aae9aaedd5e5,4b01f41b-eb8f-4db1-9b81-9103ec861d96,9ee5ec57-82c3-4cb7-8e9e-da5774334d9d,
4e1b0839-2845-4f46-84f9-e2a422b9c72b,4b01f41b-eb8f-4db1-9b81-9103ec861d96,acea8a12-7350-4e44-bf26-f1944b419dcd,
612b2751-d4bb-4ce2-a563-4a63020c3200,4b01f41b-eb8f-4db1-9b81-9103ec861d96,c8d02f6f-447b-49b1-a3a0-8ace100cabe0,
505a2088-114b-43c0-8232-4700b4e6d6f1,4b01f41b-eb8f-4db1-9b81-9103ec861d96,d7592f27-2f98-4f37-9e19-05010adede79,
bcd72060-153b-4a5a-8bec-42c31d19f14d,4b01f41b-eb8f-4db1-9b81-9103ec861d96,e1fcfd1b-8232-4250-9cf7-5fdfd304b7d7,
15adfc86-bab4-4657-8c76-333454e5f7a4,4b01f41b-eb8f-4db1-9b81-9103ec861d96,e6e019ac-274c-49a9-95a3-135339100fee,
48e76198-f7b7-444e-afa8-bc07f6f89dc8,4b01f41b-eb8f-4db1-9b81-9103ec861d96,f1f23689-3135-47b5-a45b-8e22c3b6584e,
aa817d79-47c6-4734-8b83-64bc57e4c2aa,4b01f41b-eb8f-4db1-9b81-9103ec861d96,fb9ce3b1-5eda-43f3-8e3c-33532e7f42db,
036f375b-d784-4a8b-9d81-cb7475a9921d,4b14fa4b-8774-43ee-b059-8589b3edbdb9,0e321d83-166d-4574-92ab-aa4fc9343d47,
c23e1e74-abe3-48f3-a00f-65965c1351e7,4b14fa4b-8774-43ee-b059-8589b3edbdb9,291638b7-f8c3-4456-bfe8-06ec2bd1154a,
fc06a9a3-fffe-4639-9a41-8227a04fc239,4b14fa4b-8774-43ee-b059-8589b3edbdb9,2b7ae17c-cfa1-43a3-b87d-cd3546f31efc,
56882c13-e7aa-45df-aaf1-29fe3386e9c3,4b14fa4b-8774-43ee-b059-8589b3edbdb9,308c42bb-3841-493d-a78f-364469c3b0c2,
e5f88a7c-cc40-433d-bb4d-c72d06b91df7,4b14fa4b-8774-43ee-b059-8589b3edbdb9,46e0946d-2841-4e5a-80f2-9a34f5b00d74,
f0212133-e3f7-4fae-8fa0-efc91246352e,4b14fa4b-8774-43ee-b059-8589b3edbdb9,65781496-6075-43a9-8325-f1bacae3a4dd,
42f84b11-da43-4b50-b3e8-cce433a645ad,4b14fa4b-8774-43ee-b059-8589b3edbdb9,6b3ca855-7613-491a-9b75-3439e75cc8a7,
22d11e05-3f23-4c7f-9cb9-7c27de24028b,4b14fa4b-8774-43ee-b059-8589b3edbdb9,7b4965a3-8bcc-471c-b23f-5c89272ca4a2,
e0d50aa4-4b6f-4ea9-89b2-838375793549,4b14fa4b-8774-43ee-b059-8589b3edbdb9,a79f49a4-b476-41cc-a81f-c66a58d3ad18,
554ba3af-03cb-423e-874c-674e4b0f8d47,4b14fa4b-8774-43ee-b059-8589b3edbdb9,a7b57934-d192-41b4-9f2d-6b3a5c7c0cf4,
1b0c8f1b-6053-4d03-a4fe-cc2ce5641a36,4b14fa4b-8774-43ee-b059-8589b3edbdb9,b11549a0-5dcc-468f-8a91-ae8fc9a3fed3,
adc3949f-5398-4bd1-8670-7ec4ec2f3aef,4b14fa4b-8774-43ee-b059-8589b3edbdb9,b6a58313-0a40-4f59-9607-486902b526de,
717eb658-5cda-4ead-a4e6-2a9b4b5d1ddc,4b14fa4b-8774-43ee-b059-8589b3edbdb9,babb91b3-a7a4-4164-9fa8-9445a26dbd84,
2d6912ff-977c-4d6c-8498-e56b2f141074,4b14fa4b-8774-43ee-b059-8589b3edbdb9,bb562a16-d6fd-418f-b7e7-cf43e4b61331,
52e63cfa-b116-4fbe-b78f-5d5021f5fbcc,4b14fa4b-8774-43ee-b059-8589b3edbdb9,be4de616-e07d-4367-ab90-6259f13bc719,
0996f6e0-f3ab-4967-9568-c060cea26e1e,4b14fa4b-8774-43ee-b059-8589b3edbdb9,be531ea8-771a-4f9d-85db-7fa5a491057d,
99c8de3c-a3ff-4760-964f-1e6db0077a7d,4b14fa4b-8774-43ee-b059-8589b3edbdb9,da136da2-ba4a-4aa9-9cdb-0383637d975c,
bb5eb2f8-8dd9-4d1e-b859-83401e9dca32,4b14fa4b-8774-43ee-b059-8589b3edbdb9,e5fd6f33-3c27-43aa-9c8e-b525d78d8c05,
bfb8942f-0ffd-4d5b-b993-5b06a3b7efec,4bd3dadc-402f-4f4b-9503-8a83316d2baf,91b678c8-8dd1-427a-93d7-b0301ac77e5f,
a0ae9e69-eb71-4c2d-9e03-87a79237d7b2,4c219799-50f8-49f9-a109-7cb987b0219f,135b1a71-9592-416a-b34e-48891e1772a6,
a07fe5de-c57b-4340-9230-85c9ede38b61,4c219799-50f8-49f9-a109-7cb987b0219f,18ddfd46-31a9-4660-b8cf-62b7062e1d86,
98e98306-d053-4771-aece-bbcc8e6d2a12,4c219799-50f8-49f9-a109-7cb987b0219f,1a35d25d-be98-416b-9cc2-521d6afcf3c9,
2f2ac0fd-627e-40bf-adc7-1b6af13ec91a,4c219799-50f8-49f9-a109-7cb987b0219f,24b4dd5b-c039-4490-8a6b-f86df8fa9599,
f561744b-3cf2-42df-b884-f7487e996d5b,4c219799-50f8-49f9-a109-7cb987b0219f,2eea4858-66d2-4bb8-9f3e-7632a17e3cdb,
674b1f57-219c-4103-81b5-b15c0319b960,4c219799-50f8-49f9-a109-7cb987b0219f,2fe73dbd-f44d-461c-a4eb-42757403fb7a,
eab60898-be0b-4171-b29d-80b4f56719f0,4c219799-50f8-49f9-a109-7cb987b0219f,308705f5-e288-421b-baae-f5337778669e,
17715556-5e4f-40ba-9120-3a6aab0b85fb,4c219799-50f8-49f9-a109-7cb987b0219f,4045a26d-183a-4a96-988b-56612343d26a,
d56be7d2-07b0-4b43-831d-909364214057,4c219799-50f8-49f9-a109-7cb987b0219f,4756a56d-b13e-45b1-af17-678fd7c595c6,
8627430c-d4a9-46f2-80d0-39b2a6095edf,4c219799-50f8-49f9-a109-7cb987b0219f,479e3f89-fc99-4677-bf29-97994d91420d,
1c96b3d5-3949-435f-805c-ef3efbb3311d,4c219799-50f8-49f9-a109-7cb987b0219f,4ddd2d11-1d03-41dc-aa17-08133378660a,
0004b9fa-7516-4909-8d92-29162e13d862,4c219799-50f8-49f9-a109-7cb987b0219f,50bc298e-7354-415f-bd2e-142f822d75b9,
b108ce14-90a9-45e6-980f-548b1ad876f7,4c219799-50f8-49f9-a109-7cb987b0219f,5a21d61e-8e5d-4a9b-8c2f-b7d1e21e9396,
bb6861e6-caeb-4ad5-85c4-5c851520d012,4c219799-50f8-49f9-a109-7cb987b0219f,5c72ef66-8492-43f0-91e9-6946a5605aa5,
b6234509-5758-4152-8add-4f5c3bab18e6,4c219799-50f8-49f9-a109-7cb987b0219f,67467f09-32ab-4e5c-b7e8-5845dd4a3411,
9e077d99-e966-481c-aa75-c6c9f448a0e6,4c219799-50f8-49f9-a109-7cb987b0219f,67b6ca93-2b83-416d-9656-b58ba4c84e69,
78a4b1aa-c595-4038-b6ef-21666af75227,4c219799-50f8-49f9-a109-7cb987b0219f,6b2d9799-ba59-4623-874b-8518709809ed,
617ee7ab-5938-46f3-a6de-18a635e71c99,4c219799-50f8-49f9-a109-7cb987b0219f,776fb17c-5052-4cea-9a54-d7530ca1f044,
b610ce18-d6be-47e4-8231-5649f1952564,4c219799-50f8-49f9-a109-7cb987b0219f,7a2aaa82-ed21-49cd-8f02-5d713fd9bb42,
2de6725b-c440-4fb6-a4d4-f23c4a58db49,4c219799-50f8-49f9-a109-7cb987b0219f,7d29a42d-5dd4-4751-8291-ab4155528fe8,
49a684ee-5c1b-49f6-8f5f-3b652654974b,4c219799-50f8-49f9-a109-7cb987b0219f,7f16d9ac-4d47-417a-b0d5-fa99487d5712,
17cc7080-b571-44a5-a548-cd753ed778ee,4c219799-50f8-49f9-a109-7cb987b0219f,84f49388-3e89-48be-b212-9c470d92ebe7,
6361cd59-4770-484a-8f11-932fb06858cb,4c219799-50f8-49f9-a109-7cb987b0219f,89441c50-a3d0-4124-a3be-52b690846ef8,
3a84d601-31ea-4556-b495-f83702eb3d62,4c219799-50f8-49f9-a109-7cb987b0219f,8e2fd284-9c02-4106-805b-f3f01c497051,
f2c2e63b-bd52-4697-b86c-4f10b73eabf1,4c219799-50f8-49f9-a109-7cb987b0219f,98ed9bdc-71e1-48c7-aa43-6551312180a5,
9e766e85-5057-406a-af99-db036142a50e,4c219799-50f8-49f9-a109-7cb987b0219f,9bf832e2-d0be-44e4-a06d-fb21afb94a99,
4367e2d7-8d4d-4c6c-b101-d0d487b2178b,4c219799-50f8-49f9-a109-7cb987b0219f,b80c4976-1751-4e7e-a532-04ee0f6f0cd4,
514064e8-6469-4fc7-9464-44baf57f5478,4c219799-50f8-49f9-a109-7cb987b0219f,bfcfd83c-30dd-4446-8cee-207986b4ca42,
26391c17-d0f9-44cd-9c5e-e96d1aee9342,4c219799-50f8-49f9-a109-7cb987b0219f,cf9fa506-913f-471e-a2c1-cb7f44fc75dc,
608452db-33b3-4e1f-918f-d064f8843047,4c219799-50f8-49f9-a109-7cb987b0219f,d40100ba-e6ce-408f-bd09-c3542ccb16d5,
8bb65f66-3510-44b4-9944-34744b9bee35,4c219799-50f8-49f9-a109-7cb987b0219f,da376be7-8a2a-495d-81fe-a6bd87c31186,
185d4f07-5b77-4f3a-8341-7560940cc779,4c219799-50f8-49f9-a109-7cb987b0219f,e4d523c4-b7d4-42c2-868d-2785c942e864,
6488c8c5-970c-42cf-8365-8354a83bf0c0,4c219799-50f8-49f9-a109-7cb987b0219f,e5279a7f-609e-43e8-b5e2-cd97aaa35ed1,
4612a8a7-b181-4aef-9a02-71dc52f242c2,4c219799-50f8-49f9-a109-7cb987b0219f,ee2cce49-e36c-44dc-8ab0-99ef2114aed5,
3a261933-0080-4572-a005-cdea331ead2c,4c219799-50f8-49f9-a109-7cb987b0219f,f5209319-b807-4f88-947d-c3d738c35524,
fc9c34f3-65a0-44d3-939d-541760f53bf3,4c219799-50f8-49f9-a109-7cb987b0219f,f6f6a71f-9d49-4746-9e2f-2ec891c4b0b2,
760d1176-b90a-4ddf-96e2-1228c1cca796,4ca728a0-4d10-4c22-8cda-0a8b8316cb28,096633f0-6a60-47bf-9acd-916b327080d5,
a62d7a8a-ce6f-4389-816d-9a8dd1101790,4ca728a0-4d10-4c22-8cda-0a8b8316cb28,099916ac-abbc-4c1c-a31a-a939605098a5,
e9f6a9a9-ae95-4b9f-9322-fda17b4ce746,4ca728a0-4d10-4c22-8cda-0a8b8316cb28,47c8fd05-c993-4d01-bb00-bc554c08e32e,
72a3acd1-c498-466d-a949-ca98b9dce7e4,4ca728a0-4d10-4c22-8cda-0a8b8316cb28,b36a9782-f5ba-4553-a77b-855dd94d6e4c,
932ebf0a-55ce-4b4e-aac9-658d7605d139,4ce0d10d-9167-4f2b-bc42-d01dbf42b5bd,03f06813-ce73-4efb-bc8a-3a5722dd5ee9,
18096f2a-2e80-4247-b632-9f8112fc2c2e,4ce0d10d-9167-4f2b-bc42-d01dbf42b5bd,0adbdf53-7a72-4f9e-a208-5a49b391be11,
eff64b93-68c0-4ddb-b60c-76e18053f781,4ce0d10d-9167-4f2b-bc42-d01dbf42b5bd,1af27ba8-ed59-4862-9b45-7b466b548749,
d47bd9fe-53ca-400b-a225-45b3e65fdba1,4ce0d10d-9167-4f2b-bc42-d01dbf42b5bd,1bed1d20-6c33-4d12-b609-a095aa538130,
c520ba1e-d18f-44f3-a006-770eb1981648,4ce0d10d-9167-4f2b-bc42-d01dbf42b5bd,1e638efc-7e5d-46d3-94a2-81c5f3c51779,
fc71a4ed-0f5c-41a5-9c07-7e90f0c12a60,4ce0d10d-9167-4f2b-bc42-d01dbf42b5bd,266bb422-80a0-4ea9-9dfe-95346ccd3213,
878b776e-0081-4ea5-b084-1445de83e2ae,4ce0d10d-9167-4f2b-bc42-d01dbf42b5bd,471136a1-ec63-42ed-bc82-7745b3104dda,
fd08ac57-b8c5-43b7-9d70-0756b9f5ebb1,4ce0d10d-9167-4f2b-bc42-d01dbf42b5bd,5eeaa093-4ddc-4f72-89fc-6b0b5b292390,
4300fab4-5991-4a25-bc5c-363739792e40,4ce0d10d-9167-4f2b-bc42-d01dbf42b5bd,691e7024-efcc-4a00-98fb-9923b9c6cd5b,
9ae7b186-3390-40aa-9d3f-ab9dad00603e,4ce0d10d-9167-4f2b-bc42-d01dbf42b5bd,74be8f92-9e38-491d-bf64-da1103c1ccda,
0f8c1ac0-6fbc-49be-9880-df6ef4d8b0d6,4ce0d10d-9167-4f2b-bc42-d01dbf42b5bd,7960767c-42cc-487f-b8c7-c6ec92a56c4d,
d383cbcc-6059-4cfb-81a5-cee7ed30c924,4ce0d10d-9167-4f2b-bc42-d01dbf42b5bd,7fc91a96-faa2-4a0b-b0d1-7b79437e4155,
1521ca48-f33c-4573-8b40-3feb9bffd31b,4ce0d10d-9167-4f2b-bc42-d01dbf42b5bd,81587165-dd38-484a-959a-0ccc9b16019f,
fa39cb66-dfb6-49e8-ae13-0498009cc3c5,4ce0d10d-9167-4f2b-bc42-d01dbf42b5bd,9bff6d76-1d08-4af4-8b8c-056f2c04e95d,
7bbb5813-1307-4a1a-bd7c-6c023ba392e0,4ce0d10d-9167-4f2b-bc42-d01dbf42b5bd,ba9b3d3f-d74c-4f7f-a5e9-794b8598cb50,
5a4c60af-8d9e-4f55-b28f-47a88009f8e5,4ce0d10d-9167-4f2b-bc42-d01dbf42b5bd,cc092357-085a-4703-81ea-7a968805da4e,
cdf432c8-7108-4333-9428-0efbd9a26e29,4ce0d10d-9167-4f2b-bc42-d01dbf42b5bd,cf2cd137-42a3-4894-ad84-1c75242944b0,
cbcf35cc-3ee6-4dff-b338-183c77ec019d,4ce0d10d-9167-4f2b-bc42-d01dbf42b5bd,d7fc47a2-341b-4b91-8b1f-5a55c76f3504,
26ddf040-d9c0-4644-9bc7-99a31f6f2d85,4ce0d10d-9167-4f2b-bc42-d01dbf42b5bd,e59070db-ca23-4842-b96b-b25567947613,
61842189-3306-4d06-a6f2-59f8df23aeb5,4ce0d10d-9167-4f2b-bc42-d01dbf42b5bd,f5a08434-5b8d-44af-bbc2-ce48f89804dd,
cba2a4b5-99c6-41cb-909c-607e8165ac5f,4ce0d10d-9167-4f2b-bc42-d01dbf42b5bd,f92b14db-2cf6-4306-bd45-d1d3381c1f8d,
68b2344f-1179-4716-9c82-a41417288262,4ce0d10d-9167-4f2b-bc42-d01dbf42b5bd,fc4ac815-a789-40a3-9e26-05d25f4f06dc,
d1064c00-f1f8-4427-8ec1-81826d80253d,4eedddb6-3488-41b4-b346-3e01a1d414d4,3bd2101f-ff2c-466d-b0c2-0dd22f2c6e86,
1635e3ce-a66e-4913-aab2-4dfecb5eba93,4eedddb6-3488-41b4-b346-3e01a1d414d4,3fbc736c-47f6-4443-88a0-1334bc6c104a,
c4c1e72e-7f4c-4a8b-9dcc-6fc8a799ea38,4eedddb6-3488-41b4-b346-3e01a1d414d4,b9cd8a01-e1a7-4cfe-a046-13a6b7028adc,
9007aa91-e528-4abb-a1a8-3b772587d75e,4f9c6981-711d-4f5e-8ce2-56c1b6577472,38862beb-5e8d-4536-bbf9-6f8e5b09dd8e,
e6eda290-2a7e-4496-9620-eae1292673a5,4f9c6981-711d-4f5e-8ce2-56c1b6577472,53194437-9187-4d6e-a457-af1fee3e2bc3,
5a0981e7-9276-44cd-b89b-7c55977bca4a,4f9c6981-711d-4f5e-8ce2-56c1b6577472,5585d2e4-d749-4c59-b2a4-d2be86367e4f,
e3483a04-cbe7-4846-a067-70f1e8fd85b8,4f9c6981-711d-4f5e-8ce2-56c1b6577472,8b76a5fd-04e7-426f-ad50-b4e079c656ef,
d3e7631d-cbb4-4825-9118-4088b703510c,4f9c6981-711d-4f5e-8ce2-56c1b6577472,b7acfa41-b7de-4034-be2f-4d996fe4db38,
56b6a1f6-042b-4566-9214-1dee9b06b9a7,4f9c6981-711d-4f5e-8ce2-56c1b6577472,b807a0bc-c200-4257-b113-47ebcecec346,
b4367eae-6a85-4100-a69b-e4fae141f803,4f9c6981-711d-4f5e-8ce2-56c1b6577472,fc64a9ad-5b1c-45a0-ba55-8e6e6c84040b,
42ad2f77-5604-447e-831f-7b87ccbe47e6,51b46787-1582-4d26-a0cb-71b7cc44d596,2ed68e23-37bc-4f3c-9cbe-f6674e06114a,
f599a8b6-3338-4aca-9cf1-5373a6cb107f,51b46787-1582-4d26-a0cb-71b7cc44d596,46c945be-7c47-44cb-9710-c842e2dedeb4,
580b5562-333b-46b3-bf73-b27af1d104bf,51b46787-1582-4d26-a0cb-71b7cc44d596,97873091-9d84-4414-829b-9799b975dd55,
df27b136-3a26-4300-ac0f-bde35ab79415,51b46787-1582-4d26-a0cb-71b7cc44d596,a254f86f-5b93-47d6-9bb4-4ddb14635ffe,
38b09603-2f62-4d1a-a9c9-81c267cc007e,51b46787-1582-4d26-a0cb-71b7cc44d596,b9745c07-9c21-4d15-97af-d264c7ea055b,
cb4d83e3-3c2c-4bfb-81d6-cb86b2f6506d,51b46787-1582-4d26-a0cb-71b7cc44d596,bf356547-f22f-47b6-974b-44ed993e7d49,
d759ad04-636b-4b60-a390-a7701165f754,51b46787-1582-4d26-a0cb-71b7cc44d596,c3906478-5c47-433e-9841-b3c4f37ec031,
cc6a5b99-729f-4846-bc39-ea7344c8138a,51b46787-1582-4d26-a0cb-71b7cc44d596,d7f5a768-7345-49ac-a6ae-9f7fa6259a5b,
4d2ec8a5-9a84-4693-8e3e-323c14b1ed06,53ca9209-899c-465b-bc8c-8d142fa38b74,cb861432-f08a-422b-9b53-5badf2354e3b,
d04e6d53-e9c7-4acb-8ebf-35d6bce7bbcd,53ca9209-899c-465b-bc8c-8d142fa38b74,e1bf0185-5de5-484f-b84d-761335ecbade,
95fef36c-dfce-47c5-a942-836a3cdc7a93,55dff86f-9974-4ee4-aa1d-66b299a50b87,01729384-af19-4108-8938-562975ec47b5,
a0a1dada-f0c9-420f-ad19-0ce5b5ff3933,55dff86f-9974-4ee4-aa1d-66b299a50b87,05d5d0bb-bdf6-409a-9d8b-b3a2ba44acda,
602d0154-3272-4b6c-895e-75931de953a1,55dff86f-9974-4ee4-aa1d-66b299a50b87,0869012c-0ffc-4230-8123-eba0e219aa54,
8847a137-d579-4d53-b985-e3d0124b7ae5,55dff86f-9974-4ee4-aa1d-66b299a50b87,0ca17051-0007-4f86-9273-0f48f35826f7,
6b390a4e-5170-4d03-8f4d-e037fbd934b3,55dff86f-9974-4ee4-aa1d-66b299a50b87,0fbfc482-bf21-47ef-a3ac-1bcce030ce7f,
5089bab8-1cc6-4f6f-9d2e-21d3fbf916f8,55dff86f-9974-4ee4-aa1d-66b299a50b87,116f5bda-9456-49bb-b2b1-81b26274d434,
0f385e37-6682-4770-b2bf-d8d354c00da1,55dff86f-9974-4ee4-aa1d-66b299a50b87,2143a614-eef9-41ef-96c0-1f8668829706,
59c5b632-881f-4432-9fcc-517b59e2269d,55dff86f-9974-4ee4-aa1d-66b299a50b87,2178fcd7-9ccb-41d2-a112-f34e5e60abd5,
64b50b91-34c2-473b-8a56-5e078b95ea04,55dff86f-9974-4ee4-aa1d-66b299a50b87,2692a61b-9d6d-4b0c-bde6-f2724f5c085e,
a20748f9-6eb6-4239-97d5-174afc3454fa,55dff86f-9974-4ee4-aa1d-66b299a50b87,270f7778-c353-49e4-8802-0baf87f7cd53,
cba8a111-324a-42bb-b145-80c5b997b33a,55dff86f-9974-4ee4-aa1d-66b299a50b87,290cf0e0-71cc-45ec-b28b-c54bb565b973,
a7702127-a356-483d-b8df-e679ff5f55ff,55dff86f-9974-4ee4-aa1d-66b299a50b87,2dc2039c-bf50-42b7-a29b-acb81ab5d5d2,
4fbc93bf-32c8-4588-9af8-07fda6da778e,55dff86f-9974-4ee4-aa1d-66b299a50b87,2f3cb6c6-cbb2-44af-906d-f1a4e64d7265,
a2be35ef-f748-47c9-8fc8-0154c4567040,55dff86f-9974-4ee4-aa1d-66b299a50b87,3c5ae0fd-4934-4c17-9ea2-49aba6513714,
ddf508cd-c5c0-4e17-b13d-78e38959240b,55dff86f-9974-4ee4-aa1d-66b299a50b87,3df4f1ea-8b8c-4790-be97-a2f7babd0a41,
b87d7615-c5ed-4f0e-b6e3-67e8b0d25697,55dff86f-9974-4ee4-aa1d-66b299a50b87,4285f2e8-ae5d-4c4e-95de-3e77439bc710,
919cc0d0-43e3-4db7-af98-920a8e5364e6,55dff86f-9974-4ee4-aa1d-66b299a50b87,45636277-e7a1-4d0e-b1ee-2dc8816d009d,
a563a70d-23f5-4422-862d-a38df6b7511c,55dff86f-9974-4ee4-aa1d-66b299a50b87,4653b070-c1aa-45de-ac02-b9f93d488942,
a22b42e7-8001-4bd8-9e7e-671c3428949e,55dff86f-9974-4ee4-aa1d-66b299a50b87,4ab5dfc1-a621-4155-92e1-81620ac58c6c,
a85401b4-ffc7-4907-8c6e-46ae7f4c00cb,55dff86f-9974-4ee4-aa1d-66b299a50b87,4b77f6d3-3317-4cf2-aa31-25783e640931,
64282220-2573-4cb3-920c-5210a500e0d9,55dff86f-9974-4ee4-aa1d-66b299a50b87,4df5b5a7-e890-4183-8136-dce734dc317b,
d7045935-5f3f-43a0-b2cd-22d7a298ef02,55dff86f-9974-4ee4-aa1d-66b299a50b87,4e93b537-c16c-443f-8c73-152b649e6fe6,
55ec10d6-a52a-4437-a562-8a830177cb1e,55dff86f-9974-4ee4-aa1d-66b299a50b87,58d31c84-db79-4955-a849-5fae35649348,
2d74adb5-3fa8-454a-b6d0-e66354c979ff,55dff86f-9974-4ee4-aa1d-66b299a50b87,5f2dab23-a7c2-4ca2-a451-1b94367a5d34,
2b87b518-fc66-4fae-a9d0-f97ad86a9b67,55dff86f-9974-4ee4-aa1d-66b299a50b87,6819bff9-7f30-4a32-ad23-f35b914c17b2,
b10574ca-2288-4c7e-b5c3-50f05d8385ab,55dff86f-9974-4ee4-aa1d-66b299a50b87,69a2d1a3-76c4-4c09-bd66-9ee470c33ec5,
ec0ee065-54f2-4990-92e8-958c36f455e8,55dff86f-9974-4ee4-aa1d-66b299a50b87,6e194a7c-ee75-4500-957c-3e37bddd799d,
63634d8a-0738-4ccb-adc4-167672e7bd3d,55dff86f-9974-4ee4-aa1d-66b299a50b87,78cb20a9-cc92-40c4-8670-a509e93a74b4,
88c79ae4-adc0-42ae-8ba4-f2290b802a18,55dff86f-9974-4ee4-aa1d-66b299a50b87,7988f78f-d00f-48a8-ac7c-e271a1079d64,
7f48dd61-249d-4f73-9e7f-9cbf6744d10a,55dff86f-9974-4ee4-aa1d-66b299a50b87,7af9ef99-34da-468e-ba10-ef6b4e78886a,
df367bc9-cbb4-4b54-8975-505cb46ac024,55dff86f-9974-4ee4-aa1d-66b299a50b87,9602a6fc-d2a2-4851-98f4-41e6836b97e3,
aee97f3b-1161-4174-a564-be14fd5a520c,55dff86f-9974-4ee4-aa1d-66b299a50b87,966f5162-8b33-4980-86ad-2bcafd387b01,
5cd2da3b-d8ef-4cea-a092-48b5c7346c40,55dff86f-9974-4ee4-aa1d-66b299a50b87,96f7c19e-9b56-4b04-929c-622a72bc32bd,
b23f6bc4-ecb1-48ad-b5d9-3cdcebbac64d,55dff86f-9974-4ee4-aa1d-66b299a50b87,a4c84b59-36f0-4688-a10c-efb769b9ca6e,
d4a729b2-c907-4345-acf6-7c50ecef44f6,55dff86f-9974-4ee4-aa1d-66b299a50b87,a9a86049-0eec-4396-84a8-0d61a832999b,
a927eaf7-e21c-47d8-805d-6ffeb66070ba,55dff86f-9974-4ee4-aa1d-66b299a50b87,ace6cec2-c89c-44c7-bf1e-3a0df95d5ad3,
1818d2c0-ee07-4552-b1ae-2972108297ed,55dff86f-9974-4ee4-aa1d-66b299a50b87,ba74897a-452b-4429-9cdf-610b00fced4e,
6057612d-bc1a-45f6-b497-97079833a381,55dff86f-9974-4ee4-aa1d-66b299a50b87,bcb417e0-3abc-4eba-aa0c-9bfa1c02c076,
66ab38bd-543e-442e-84e6-108f31a3a9d6,55dff86f-9974-4ee4-aa1d-66b299a50b87,d55aedbd-57b0-4a04-9736-60fcf9918e5e,
b520c6e8-ba66-4fef-9bf7-ab61ad4d6d45,55dff86f-9974-4ee4-aa1d-66b299a50b87,d59b5a46-350f-4cd8-b1ba-153786423717,
29eae3ba-d6e4-4bb6-aa4f-ad9d776dc451,55dff86f-9974-4ee4-aa1d-66b299a50b87,d9cc264e-5aeb-46b9-b705-dd11305c4c0c,
f2e61cef-d120-4ddf-8b8d-b3bda79cb127,55dff86f-9974-4ee4-aa1d-66b299a50b87,da414d7e-c456-4fc0-b8d2-2aaaf4befccc,
9db69dac-ef0b-4b62-9e89-4984268e7394,55dff86f-9974-4ee4-aa1d-66b299a50b87,db091720-2aed-491a-b392-f461fe1022b0,
118d6315-9cd9-44c1-af34-721b9c17e6e4,55dff86f-9974-4ee4-aa1d-66b299a50b87,e3d27f06-4763-4ff5-9e1b-c175b7d4c638,
cc3de2f8-49b3-4840-ab3b-12fecfcb1101,55dff86f-9974-4ee4-aa1d-66b299a50b87,e454ad35-b81f-4e5e-90a1-124fd9169a74,
22caeedf-c256-4f6e-820b-16d1188d18bd,55dff86f-9974-4ee4-aa1d-66b299a50b87,ea3b0ab5-12fb-4cd2-a02e-3da4dca50f22,
31ef8b75-0f79-41a6-a6dc-b907a40f7753,55dff86f-9974-4ee4-aa1d-66b299a50b87,ebd7eb58-bf0a-4d14-8642-a23ad189140a,
b48ada2f-9e4a-446c-806b-53853558f609,55dff86f-9974-4ee4-aa1d-66b299a50b87,f73abb98-bd11-4e3d-a2d8-ffdf4a76d667,
ac014616-b705-4e0e-8797-639d24aba954,55dff86f-9974-4ee4-aa1d-66b299a50b87,fa0e40b5-8fdd-421b-9bda-20746a10fc6d,
4b0a5e16-3440-49ba-b8ce-e86a077ecb81,55e03967-4ee7-43c5-a5bb-67f0be450f74,15d52847-e336-4ba4-abe4-9da0890fc49b,
3df47c50-8fb0-4d91-b04c-bda1dbb0f33d,55e03967-4ee7-43c5-a5bb-67f0be450f74,31eac440-6091-460f-a22e-0943fcf086dc,
9b1cd131-0e05-4d80-bb05-a308ad776fb8,55e03967-4ee7-43c5-a5bb-67f0be450f74,6b4a4e7f-bbf8-446f-b20d-f336b474ae9a,
a126699c-9edb-42ae-88f0-024cc6dd0989,55e03967-4ee7-43c5-a5bb-67f0be450f74,859bafc4-8847-4e45-831c-6b13397a5671,
c1522a8d-81ea-4c1f-b55e-eef31eb9d9c6,55e03967-4ee7-43c5-a5bb-67f0be450f74,a54036cc-6c05-4306-8832-2e87994d5cd0,
6af20113-496b-4aea-a92b-5dbad00672e1,55e03967-4ee7-43c5-a5bb-67f0be450f74,bb2654fb-9a98-4886-a186-8c58fcb038d0,
f44e3ce5-1bc4-4164-8331-ba2df9419c09,55e03967-4ee7-43c5-a5bb-67f0be450f74,bc7cbfc2-ad47-44f5-8e74-ffd1ea01a718,
80437c9e-3305-4b13-aa98-9641deac1f4e,55e03967-4ee7-43c5-a5bb-67f0be450f74,e8ba9a5b-a439-4d4b-b700-28eae15b9b5a,
21dfc6d9-b275-4645-a4f3-be8c1432735c,5626609f-adf9-494a-8df8-66055ddd7ce4,12a1df6d-9654-42d6-80ac-e5fd26bc356e,
e57e0d4f-30e2-4c6a-812c-f0c848717f3a,5626609f-adf9-494a-8df8-66055ddd7ce4,1a192cf1-adc9-4506-96aa-b1e32eb487ab,
a912e198-c5e4-431d-9715-727312762560,5626609f-adf9-494a-8df8-66055ddd7ce4,21f9cedc-c655-44f9-a9d9-3202e5f70c2e,
79ca2dd2-019a-4bc0-94db-41ccf3a335e1,5626609f-adf9-494a-8df8-66055ddd7ce4,3364e616-ec14-4917-b721-e564e6cc3fd6,
81c08ef0-678d-41e0-b9ee-73431a958a87,5626609f-adf9-494a-8df8-66055ddd7ce4,3972dd10-cac0-4cc3-9535-5a2a6c65314e,
7a94a766-b5b6-43a5-ac0e-1539b32917aa,5626609f-adf9-494a-8df8-66055ddd7ce4,4a6baae5-3693-4671-a749-8113473b968e,
39eb1dd2-612b-465c-965b-0d420a3811ef,5626609f-adf9-494a-8df8-66055ddd7ce4,50575d39-34e2-4eff-a4fc-cbfbeaf7c0ff,
ebdd3fc4-6ba5-4f1b-b957-2a18a9bfb5fb,5626609f-adf9-494a-8df8-66055ddd7ce4,53f10714-485a-4a48-ae2c-703fcfd3b20f,
e8627979-aa51-43f0-96f8-f40e784fe404,5626609f-adf9-494a-8df8-66055ddd7ce4,5d7f7b07-b009-4ff6-8585-8d20f46764f5,
cdb92b8c-f3e1-45e8-8f1d-abf664952aee,5626609f-adf9-494a-8df8-66055ddd7ce4,6e92421b-700d-4acd-b7c1-512324ddea3b,
617d122b-2d69-4a8a-9770-0a85264d7cc6,5626609f-adf9-494a-8df8-66055ddd7ce4,97cc225a-13c7-4f77-81a9-859e66a033ef,
4d72dace-74e4-4664-a59e-50890cbb0d93,5626609f-adf9-494a-8df8-66055ddd7ce4,a40481c3-d999-4adb-8320-b409b9cb3789,
bf56a315-7631-400b-ab9b-859d3aee9066,5626609f-adf9-494a-8df8-66055ddd7ce4,c37e5bb5-7827-4ec6-b2dd-92075bc4df08,
42239c60-9c5d-4b0c-9cc0-085f9a4dd20e,5626609f-adf9-494a-8df8-66055ddd7ce4,cbc070c3-c194-4a95-80ce-b1073650135f,
547ce744-f144-40e9-927f-31190bc147aa,5626609f-adf9-494a-8df8-66055ddd7ce4,e56d1dfb-ab74-4aad-aae0-05e2c1014462,
9dbf45cd-6c58-4b1c-b269-b40403c3769a,56e1246a-db07-4cb8-9288-7d0576e5fe81,18a1824f-5be5-4b30-ab37-f5073a6f84c1,
eaee5c2e-a377-4076-a34e-175f477af977,56e1246a-db07-4cb8-9288-7d0576e5fe81,27cb0e37-fb7d-422d-9d41-b2a5882d8868,
e13f5629-6c3f-403f-90d3-9ba6e7d5fe42,56e1246a-db07-4cb8-9288-7d0576e5fe81,79639a5f-fc05-4d49-9173-a0429c5da49e,
08b229b6-2510-40d3-a16c-725aeb0e21b7,56e1246a-db07-4cb8-9288-7d0576e5fe81,96834a8d-7adf-461e-90d0-70032c826ff0,
4927fba2-a681-4648-a06d-92502e43639e,56e1246a-db07-4cb8-9288-7d0576e5fe81,ad9fec0c-3c2a-47e6-8a63-65a64e25b016,
0259e20e-e56e-4186-8810-189987e3109b,56e1246a-db07-4cb8-9288-7d0576e5fe81,baf41ab7-fd97-43de-8e5a-028c52b42724,
757957c2-86b7-4327-915b-2ad9a05bd0be,56e1246a-db07-4cb8-9288-7d0576e5fe81,cd9183c5-2dc3-42b8-a040-4fe54278becd,
63bd4db8-45c3-4962-8e5b-9170e6ec1148,56e1246a-db07-4cb8-9288-7d0576e5fe81,df7c81d2-3dde-4948-9831-e402022cf208,
9e817a55-18ea-4a94-ab18-de464988b8ea,56e1246a-db07-4cb8-9288-7d0576e5fe81,ef7d0ece-6390-4d32-a3aa-c8cd9542d901,
67e3f529-af9f-4c08-bf24-2d565cdae17e,56e1246a-db07-4cb8-9288-7d0576e5fe81,fbe3edc2-3461-4566-b918-d51f71d2d72c,
7d8487b3-f125-4ebe-9ff6-8641e5770529,56e1246a-db07-4cb8-9288-7d0576e5fe81,fdb9507d-8c83-4cd9-9778-9f03aa2f38f7,
99f653e1-89b9-4bea-a31c-78c0d97afd84,57f973b3-f0da-4017-be1f-a3db7077f804,8f33dfa5-bbf8-4979-b8e9-ce66c424fdb7,
98328695-6af4-4c45-9407-a68fbcf88a55,58687d8c-35ef-4f93-b87f-1f87bf1de0ec,04d1ad59-dec1-4cb3-bd07-8271226fc25c,
1d1404fe-9b3a-4ee3-ae99-d3ab13deb13c,58687d8c-35ef-4f93-b87f-1f87bf1de0ec,060b4569-7c97-428e-abfd-c94ed667dab4,
65732a21-68a8-41e3-af94-79462e7deff3,58687d8c-35ef-4f93-b87f-1f87bf1de0ec,06175094-d9fb-4c2c-adc7-0e7ef6a1094b,
90fa7993-0af7-4f09-8452-363cff949231,58687d8c-35ef-4f93-b87f-1f87bf1de0ec,06e809c9-ebbf-46a1-baf9-d35b652812e2,
fc55e6f8-d5c7-4fd5-a302-dfa4cc420781,58687d8c-35ef-4f93-b87f-1f87bf1de0ec,07b28aba-d5aa-4dbc-bb94-e5473e2e4b4f,
3631aa1b-2be6-46b3-8cdc-014ee1a5bec4,58687d8c-35ef-4f93-b87f-1f87bf1de0ec,0ac2b81d-f679-48a0-a5fb-68db3acdb5cc,
785c0a23-0fb2-4f61-9bf8-5b9c450024ef,58687d8c-35ef-4f93-b87f-1f87bf1de0ec,0eb186a9-8db7-426d-95e0-595e17a21951,
eb9a40c8-7f5f-45bd-ab9b-be285e39f433,58687d8c-35ef-4f93-b87f-1f87bf1de0ec,12165b63-552f-4780-bfe8-de5ac3a1fdd1,
cedd8846-99e1-4a60-ab29-75c1ecdca260,58687d8c-35ef-4f93-b87f-1f87bf1de0ec,12f663b5-2822-463c-a700-e30f2d010be7,
ac9ba455-892f-484a-bd0e-cc997b2025c9,58687d8c-35ef-4f93-b87f-1f87bf1de0ec,14d9f192-7afd-42eb-b62c-26a4c094dd2c,
eb273f92-24cc-452f-b79d-986faf97bf11,58687d8c-35ef-4f93-b87f-1f87bf1de0ec,1690ef60-a443-4e6d-9043-9b0bd44020b8,
46dcbfc3-a715-49f3-8844-c7b207b663f3,58687d8c-35ef-4f93-b87f-1f87bf1de0ec,17d13d72-67f6-4e30-976d-7cbd73f17f85,
47c3aa97-08da-46eb-8180-f9730e6b8c78,58687d8c-35ef-4f93-b87f-1f87bf1de0ec,1b113c66-0dfe-43cf-8654-d0ef0ea6d348,
ceef247e-bd58-4daa-8d3d-6d00bb37dc79,58687d8c-35ef-4f93-b87f-1f87bf1de0ec,1e7e6855-c0bb-49fe-a9c2-daa3a55ac3d5,
9a48251d-1b9f-48d0-9b0d-54bfb73bd465,58687d8c-35ef-4f93-b87f-1f87bf1de0ec,2152020c-980e-479a-a014-4068007ded0c,
d0a0c589-d6bc-43f3-880b-f1450b8a1c78,58687d8c-35ef-4f93-b87f-1f87bf1de0ec,2f5d2f8a-d417-4e8c-a4bb-89aee76b7f15,
db0d04a3-753f-44e4-9942-6c3b392c83e7,58687d8c-35ef-4f93-b87f-1f87bf1de0ec,3389b09f-b69d-47ab-af89-4a52b1975504,
f6a2e7a6-f602-4d85-a5be-12d5b20f3bc8,58687d8c-35ef-4f93-b87f-1f87bf1de0ec,395f9685-26e0-40f6-971a-6b98dbc5b0ef,
07f04f99-1cf9-474e-81ba-d00f279b05da,58687d8c-35ef-4f93-b87f-1f87bf1de0ec,40f7e952-e757-4792-9585-f962ea55d02f,
90ccfa39-d5cf-4477-b6e1-cd4d3f92f00f,58687d8c-35ef-4f93-b87f-1f87bf1de0ec,45915ed9-b413-467d-9e35-d6f212bc5d01,
93d6500a-dcbc-4bda-a9ce-24c993bc7cc1,58687d8c-35ef-4f93-b87f-1f87bf1de0ec,49e3aa4e-b8a4-4c13-a166-ca5442cb4bc3,
96fab24e-65c6-4abf-b7ef-a616817b12b5,58687d8c-35ef-4f93-b87f-1f87bf1de0ec,51690a8a-9a01-46fe-ae3a-bfd172beacec,
1db1b740-cf1d-4d3d-bb77-f79eace4d7ec,58687d8c-35ef-4f93-b87f-1f87bf1de0ec,543a4f5e-9638-4b9a-b30b-aee7f7ab2fbc,
282466d8-9314-409b-b97a-a30a0e350019,58687d8c-35ef-4f93-b87f-1f87bf1de0ec,56ecd466-b5b4-490d-b3a0-f2edb8f758e0,
2766792a-dba2-4eac-9df2-d950258f0e46,58687d8c-35ef-4f93-b87f-1f87bf1de0ec,589fa3a3-990b-44ed-b0a5-09b03c930a93,
93dde17c-0bc6-41c2-a902-559d12e2dc3a,58687d8c-35ef-4f93-b87f-1f87bf1de0ec,5d36c33a-a3b8-4321-b987-f0dab9b619a0,
9794b73c-0f57-4352-b81e-0bbda8a87807,58687d8c-35ef-4f93-b87f-1f87bf1de0ec,69193f74-9bc3-41cf-be0c-dd93473125af,
066453c4-3220-467b-91ed-1bfdacfbdc70,58687d8c-35ef-4f93-b87f-1f87bf1de0ec,69e21d71-877f-4f0b-abb5-d5faa27f9e9d,
e6456ad7-9957-442c-93e8-26943af8f36f,58687d8c-35ef-4f93-b87f-1f87bf1de0ec,6eaf2a7d-8808-4221-873b-32c200df29f5,
d9737fc4-7a79-4c90-8d13-8d600a8ade64,58687d8c-35ef-4f93-b87f-1f87bf1de0ec,717783c1-da0d-4866-9257-6e27c8742b36,
8d25306d-e32a-4cd4-9263-de63b07841ef,58687d8c-35ef-4f93-b87f-1f87bf1de0ec,7891f4a4-d2f3-4dfc-b812-ee019bca3a01,
5f5020f2-848e-48ea-b55d-4e061012a91e,58687d8c-35ef-4f93-b87f-1f87bf1de0ec,7a96d2be-099e-4006-a4f9-01af29536444,
4a9b71ae-f2b1-4882-b74b-be8df40584b5,58687d8c-35ef-4f93-b87f-1f87bf1de0ec,7b442edd-66de-4b1d-a1e7-e06c11ea343e,
122143c3-a540-4d5b-bf47-0c6a8ea197af,58687d8c-35ef-4f93-b87f-1f87bf1de0ec,7b77911b-bea1-4535-8008-140214a782a1,
c11298e5-89a4-4ab4-b4df-4a8a24141f30,58687d8c-35ef-4f93-b87f-1f87bf1de0ec,7e2964fd-0ea0-400f-b474-146b84b2782d,
eb9883d7-4fff-4c30-a167-c2a816df5539,58687d8c-35ef-4f93-b87f-1f87bf1de0ec,82a23065-462b-42fa-b5eb-a0adfade8379,
25698868-fff7-44de-b3cd-9433d66fdd3a,58687d8c-35ef-4f93-b87f-1f87bf1de0ec,8755b940-a2d6-4c57-ad83-5416e0432aab,
a24a17ae-c93e-4b52-86d1-85f9a27d26df,58687d8c-35ef-4f93-b87f-1f87bf1de0ec,87728f6b-6f55-456d-bcd1-5188baa49a94,
d5b8d1a6-3eec-479e-ad33-162905254b2d,58687d8c-35ef-4f93-b87f-1f87bf1de0ec,87b884e1-4e77-4479-8c0a-0ff375ef4086,
8c2ea903-dfb0-4686-815d-e3aff5bdd94f,58687d8c-35ef-4f93-b87f-1f87bf1de0ec,8cf4cff4-83c7-4803-9ebb-b8c05541a5e5,
6397e62d-e940-49ae-b162-168b36249af6,58687d8c-35ef-4f93-b87f-1f87bf1de0ec,9095af95-3d71-4bc5-88df-85c9f652c1c1,
167c599a-ab3d-4009-9f42-61f95b5d2a1c,58687d8c-35ef-4f93-b87f-1f87bf1de0ec,92df112d-3ac2-4d54-ab54-d01893483a4a,
74a60c57-31eb-4ee0-8e36-2cea12f9d390,58687d8c-35ef-4f93-b87f-1f87bf1de0ec,958cfc61-4b59-4709-8b81-1aabb2de123d,
1e4db98a-62a5-4220-af79-894e74bff2f9,58687d8c-35ef-4f93-b87f-1f87bf1de0ec,9b85fd08-20b1-47b2-b484-9f3ea42f4df0,
e30a7efb-0cf2-4131-8098-86a23bcdcca0,58687d8c-35ef-4f93-b87f-1f87bf1de0ec,9cb63af5-75cf-4063-b89c-1a45e5b34415,
2b981488-8c29-4740-b85e-a36e88e116b3,58687d8c-35ef-4f93-b87f-1f87bf1de0ec,9cc72ccf-1d34-4fb0-b166-f2fa89833055,
f4049aa6-ef75-49d0-9449-e65814bbcefe,58687d8c-35ef-4f93-b87f-1f87bf1de0ec,9d1c2587-342f-479d-9d7d-76583bff2053,
d05913bc-49e7-4e6f-a387-84b34b004acd,58687d8c-35ef-4f93-b87f-1f87bf1de0ec,9e2f2a8b-64b1-4552-b7cf-e07b50708282,
335e0d45-e626-41c8-bc49-bbb64aa4b31f,58687d8c-35ef-4f93-b87f-1f87bf1de0ec,a02876b7-e61d-416c-8c79-358dee3c155a,
8675cd40-ef1f-4383-9652-d3165aa3ec34,58687d8c-35ef-4f93-b87f-1f87bf1de0ec,a2ae9a22-e963-4299-9faa-48ebf0599e71,
0a904cec-5f13-46ae-aa72-cc92df855856,58687d8c-35ef-4f93-b87f-1f87bf1de0ec,a72b2921-f2ab-4779-b366-83590d8ad699,
1567e338-59df-47a6-ba34-e53f5c18369b,58687d8c-35ef-4f93-b87f-1f87bf1de0ec,ab0603b0-c89a-4959-93d0-8d12330a1df2,
7ac52b0b-f4c6-44d7-994a-7486c2d2df4c,58687d8c-35ef-4f93-b87f-1f87bf1de0ec,ab616315-2d29-4c63-b31e-85f9a1799d5d,
4f839069-f48f-4d0c-96b7-b3ad84b132ce,58687d8c-35ef-4f93-b87f-1f87bf1de0ec,abc1d4ec-01eb-438c-af97-4befcab5816e,
2de8be86-8a57-41b3-938d-11a7735b6ff3,58687d8c-35ef-4f93-b87f-1f87bf1de0ec,ae1a50bd-b9f1-4b99-aa97-e8115d9eb128,
aab028b3-ad70-475e-a89a-90946ef4d446,58687d8c-35ef-4f93-b87f-1f87bf1de0ec,ae74ae45-8b39-4cc8-979f-03e93831da98,
69898b78-5f60-42c3-aea1-fe0c034ed385,58687d8c-35ef-4f93-b87f-1f87bf1de0ec,b3eb25b5-2bda-4715-b7d1-687688901911,
b08b789a-be2c-47b7-bd42-93605802b9f0,58687d8c-35ef-4f93-b87f-1f87bf1de0ec,b47752e1-8dcb-4e6f-b33e-507a61eda5f8,
83768697-1e44-4ad0-89af-fecf1a85fb35,58687d8c-35ef-4f93-b87f-1f87bf1de0ec,b4ccf5a3-c1ae-4853-89c5-b046446cd806,
0c8f4295-a267-4222-be18-009130044d23,58687d8c-35ef-4f93-b87f-1f87bf1de0ec,baf47a02-468b-47b1-a884-344b7a26d4c3,
e8159535-7f18-49f5-bb58-766db3308a02,58687d8c-35ef-4f93-b87f-1f87bf1de0ec,beaa80c1-e929-46f4-8e20-cf245e5d8b7b,
cf6c0386-f319-4d4b-b416-3b41c28839fa,58687d8c-35ef-4f93-b87f-1f87bf1de0ec,c56a7049-9b0a-4ad5-b964-0c958ac16ea5,
47781efe-35e2-4505-bf0c-fba215ed48cb,58687d8c-35ef-4f93-b87f-1f87bf1de0ec,c78d94c3-d0b6-456d-a6c8-61ff4f93ec72,
023d482a-d424-46e7-9e04-21cbf9206bfd,58687d8c-35ef-4f93-b87f-1f87bf1de0ec,caa8d44d-a8c1-4466-9f0f-830a15d83ccc,
d6e86ea5-39e3-4e93-a896-16129b041db8,58687d8c-35ef-4f93-b87f-1f87bf1de0ec,cebbbceb-0578-4644-bc0f-11b4f7296542,
9132b838-994e-4168-ae53-ee7c2a32f77d,58687d8c-35ef-4f93-b87f-1f87bf1de0ec,d49efe53-7060-41db-a015-e509ff3249bd,
6ab79418-3fe7-490e-b4c9-832e9a073446,58687d8c-35ef-4f93-b87f-1f87bf1de0ec,df5a6656-7371-4a22-b829-0ce3afba8ddd,
3ec8da61-1f31-490a-a823-fa3c0cd127d4,58687d8c-35ef-4f93-b87f-1f87bf1de0ec,e1fe12f6-462f-4a1e-9cdb-9e3f3180411b,
83ae3e0d-5cb6-47b2-b0d1-baba4a726b77,58687d8c-35ef-4f93-b87f-1f87bf1de0ec,e81a8193-00da-4953-815f-27fc11d6b66c,
365613bd-2524-4249-9dbc-b1e5fe0ec9e3,58687d8c-35ef-4f93-b87f-1f87bf1de0ec,e83209a4-8937-4438-bea2-0e51ef56e0ef,
ff17f027-9f43-4d3a-9483-287ebe5b7dd3,58687d8c-35ef-4f93-b87f-1f87bf1de0ec,e87160bc-60dd-41eb-a996-405d8ac2f593,
d9805c66-6823-4dee-860a-d6d9a2f539ce,58687d8c-35ef-4f93-b87f-1f87bf1de0ec,e8dca8df-1b51-4030-a02c-2e0eb5931bbd,
363aaac6-8bb3-45b8-8e9a-cadd9322ae22,58687d8c-35ef-4f93-b87f-1f87bf1de0ec,e8e73ff8-a65b-49b4-930c-119d1e862a89,
3b631a43-1b12-44bd-980e-9141be02a515,58687d8c-35ef-4f93-b87f-1f87bf1de0ec,ea3cc09e-3a30-474a-bce4-459640314e6a,
f2505dc6-9896-4166-b32a-3627c9ac4090,58687d8c-35ef-4f93-b87f-1f87bf1de0ec,ea7c4bc4-6728-4454-b539-86c857ca2df2,
e41aa1fa-02a5-46c4-acf4-e8a32175acda,58687d8c-35ef-4f93-b87f-1f87bf1de0ec,ecbd7242-fb8a-4559-8f57-6a8901c13293,
01d97586-7c0b-4031-959c-f5daa38abcd1,58687d8c-35ef-4f93-b87f-1f87bf1de0ec,ef9f24f9-2406-4e64-a67a-9f875910f198,
252c6ba4-f35f-4931-b1b4-6753ca98a4b9,58687d8c-35ef-4f93-b87f-1f87bf1de0ec,f3fe18dc-cec2-4f2c-83e4-51744e96eca0,
6357f5eb-3b5d-4728-ba93-8f3bfeaa973f,58687d8c-35ef-4f93-b87f-1f87bf1de0ec,f410a0ca-7bd3-425f-836d-a7e851f60278,
c41a2bc0-1c45-4067-9687-9c25a40c4559,58687d8c-35ef-4f93-b87f-1f87bf1de0ec,f91982fd-66ec-49bb-b254-1fa87e0f3da8,
6a336c89-7933-4f04-93a1-6c77513eb45c,58687d8c-35ef-4f93-b87f-1f87bf1de0ec,fa37d6a0-24fa-4bfc-aef1-0a1441ee746c,
07dbc430-5654-4a7c-8416-9c9e6b06f2c7,58687d8c-35ef-4f93-b87f-1f87bf1de0ec,fb746990-5ee1-4d34-ad0b-ac754c351df1,
ca23c29a-af93-4819-8841-941794bd9e34,58687d8c-35ef-4f93-b87f-1f87bf1de0ec,fc1e45ee-acff-4064-ba5b-3b17fc40d505,
d7c71bf2-3efb-4513-a314-d8df93fd501f,5931a5aa-516e-41a6-b66f-705f19ae8320,cbbdaed7-90a7-4c1d-8cac-ae92868a5af7,
56881193-be54-4fd6-beae-571ea32df42f,5a7ed5cc-af7e-4409-98a5-a2e90e12ed00,1fa38a48-afbb-4f97-89b7-92103c5ebf77,
19fb8635-67e9-46d0-ba04-003e4cf07ed8,5a7ed5cc-af7e-4409-98a5-a2e90e12ed00,59379559-ea5b-4c99-bb01-6e17d0f980f6,
9beba330-8d22-4863-bd3e-b6215544e4d9,5a7ed5cc-af7e-4409-98a5-a2e90e12ed00,5d86b1b5-89c8-41e9-9187-c8a5b7fef1ae,
2c17aacd-de4c-494c-bd30-20f209cad7fb,5a7ed5cc-af7e-4409-98a5-a2e90e12ed00,6009e24e-aa3c-4abf-a107-78bd0ceac248,
f54f6c0f-ae49-4e1d-b66e-d961a29227e7,5a7ed5cc-af7e-4409-98a5-a2e90e12ed00,627e3316-f31b-4a7c-9f36-08684b23270a,
5056a794-d7ce-43fb-adc7-a10f2f4ac290,5a7ed5cc-af7e-4409-98a5-a2e90e12ed00,6379f7fd-f487-45b1-9ff6-2deb27139310,
02747f5f-ec34-4630-b6f0-b016b13218e5,5a7ed5cc-af7e-4409-98a5-a2e90e12ed00,759f678b-6f89-4bfb-9ded-f23f2ca2d6bb,
5a76bf9d-f35a-4037-bc37-3e8e217bcc2d,5a7ed5cc-af7e-4409-98a5-a2e90e12ed00,8c74af63-7259-48b9-b0fd-f727b309d890,
ee1ed9e9-a98a-476f-b43f-2eb7fbe7e86f,5a7ed5cc-af7e-4409-98a5-a2e90e12ed00,8cdb3a5f-6287-4b37-8d32-87e0ebf59a52,
be411a0d-c3b5-4e05-838d-2373594f395c,5a7ed5cc-af7e-4409-98a5-a2e90e12ed00,9ed05018-cd0b-42f6-8b0c-2f8e757d0b10,
8b0980f5-a209-4654-8387-cf675cfd3888,5a7ed5cc-af7e-4409-98a5-a2e90e12ed00,9f6708c1-7035-40d7-93ec-3f6f3c0527a7,
d1d27f03-77ad-4e40-b327-1f0abaf30568,5a7ed5cc-af7e-4409-98a5-a2e90e12ed00,b77361fb-9a0b-4724-baa8-c205bea0ffa1,
ce4da0df-0d43-4634-80a9-e90569771b9d,5a7ed5cc-af7e-4409-98a5-a2e90e12ed00,bcdbc516-6df1-4e5e-a43b-3aa1479311c1,
9cfb8b7a-5023-4b63-ab42-deb4d9d76aac,5a7ed5cc-af7e-4409-98a5-a2e90e12ed00,cea415f8-edb2-4b0b-a033-c73f09a11ff5,
fbf60260-2c13-4563-b75a-5698ce834ae2,5a7ed5cc-af7e-4409-98a5-a2e90e12ed00,d0baad4d-f245-43e6-b592-3e143c2cec5f,
aa1a14b8-0e84-46fe-af97-4f74e9f12a7e,5a7ed5cc-af7e-4409-98a5-a2e90e12ed00,e69eaeb6-5b97-4e02-b1a9-6a9fe6d7d5ae,
3b4731a2-cad4-4b3d-9680-fa939f0a0a05,5a7ed5cc-af7e-4409-98a5-a2e90e12ed00,e8e99ee3-b714-44d6-a1d2-f5b450668f68,
79ae290b-3fe3-4a9a-a424-8001132f12cc,5a7ed5cc-af7e-4409-98a5-a2e90e12ed00,ed3ecbb5-79a0-4fd6-a282-4df06397d0a8,
997f651f-a045-40c7-b26f-746d79a2baa6,5aafded5-0d0d-48c2-86f4-4824bf49ba79,945a7e29-0bb7-4fe3-b9d1-9118ff983d97,
ab1f2f2d-914f-4932-8893-e5c126010794,5aafded5-0d0d-48c2-86f4-4824bf49ba79,afec864b-6502-4202-bfeb-27c6f012e17e,
b1873209-cf52-47cb-8ddf-40c11948c2d0,5aafded5-0d0d-48c2-86f4-4824bf49ba79,b9468292-917b-4718-b43b-d98583f2907b,
342efb3a-0367-43c5-99fe-0d43b0e3d362,5aafded5-0d0d-48c2-86f4-4824bf49ba79,c75596af-5e75-447a-a1ff-44a9d5df51b3,
c95b4e5d-41c4-4c20-b3d6-ffa5a7c95ac3,5aafded5-0d0d-48c2-86f4-4824bf49ba79,e7c0d49f-e7f2-415c-9674-b2df80eb4ab5,
754d0749-9298-4a48-8f3e-1b03ac3485fc,5aafded5-0d0d-48c2-86f4-4824bf49ba79,eaf841a1-c304-496a-a12f-c27a0369dc6f,
fa31bb84-d3b6-4835-aae8-9bc12b35e9f2,5bc742d8-188d-44f2-bc7f-4efb4d6cba9f,0ef17b2d-5526-4b90-9339-f8879b3ef655,
5571864c-a7af-428a-b7b2-c6a1c94ab631,5bc742d8-188d-44f2-bc7f-4efb4d6cba9f,1e374b9d-c9a1-48ef-9c08-283d0157dcf1,
b79c1445-95d7-449c-b942-d16e43b2001c,5bc742d8-188d-44f2-bc7f-4efb4d6cba9f,47345a63-0b8f-4f69-ac20-021f33f24479,
78871304-03dc-4199-90fe-ddf5cee07265,5bc742d8-188d-44f2-bc7f-4efb4d6cba9f,486192b7-dfe4-4558-8550-ad28ea2e9d79,
18226173-2cef-4c4b-a7e5-2b9c2a8f92fb,5bc742d8-188d-44f2-bc7f-4efb4d6cba9f,5cab2893-0e8d-4499-977c-c7586f6a8ca9,
7c4bd833-9fc1-463d-a2b6-f03b4f0e8e59,5bc742d8-188d-44f2-bc7f-4efb4d6cba9f,7a9d7439-dff8-4c83-b2ca-a078c1003a8b,
7d014800-64f9-4bce-b7bf-22756da9ff56,5bc742d8-188d-44f2-bc7f-4efb4d6cba9f,84d513d2-8e2f-4661-8223-91c4be7a6f8c,
0859512f-6aff-4744-a750-ef3d72802a5e,5bc742d8-188d-44f2-bc7f-4efb4d6cba9f,be4733b0-fdd1-4f65-8f28-36922e60a4d8,
ce799dd7-b3df-4a23-8bb1-6fbb66768847,5bc742d8-188d-44f2-bc7f-4efb4d6cba9f,ce533910-30d9-4431-99a9-9d66c3be2015,
55b16bc1-a895-437e-bd86-e5de6d8b45ff,5bc742d8-188d-44f2-bc7f-4efb4d6cba9f,dbda0c13-3ba0-40af-87dc-4317b4e6211c,
22d255e5-9e9f-47f2-9e2a-fe58e7b8cc20,5bc742d8-188d-44f2-bc7f-4efb4d6cba9f,f319fb73-62da-4c1a-a7aa-67b87ed69df7,
f595722f-f05d-4b67-9e43-63289ff17add,5bc742d8-188d-44f2-bc7f-4efb4d6cba9f,f8ed3d0e-413f-422d-860f-af172848b8d0,
fc6b2717-5e3e-4fb0-8fff-162c9cbb1431,5bc742d8-188d-44f2-bc7f-4efb4d6cba9f,fb82517a-c733-4a43-abf4-c5d5af721a3a,
4291022f-b22c-4c1e-976e-023bea425755,5bca9a0b-86c4-4351-abe5-5d37fcbcde86,0a3cc2b4-033a-4f9c-9a82-e9da349322f3,
85217676-bcb1-4fba-98ae-7e7936965948,5bca9a0b-86c4-4351-abe5-5d37fcbcde86,1371df9c-8478-4952-b7cf-cc20bab55b92,
646e45d2-26f1-40c0-bcdd-ca1bfa744af0,5bca9a0b-86c4-4351-abe5-5d37fcbcde86,7466f67e-d5e8-4efe-a0c1-873268e1f2a4,
dfe75843-f3a0-423e-a033-cfe7478625b4,5bca9a0b-86c4-4351-abe5-5d37fcbcde86,7d3acb76-0a0e-42b7-9099-4a335a8e8e46,
a9925374-d561-4185-81e2-8b079c96e38f,5bca9a0b-86c4-4351-abe5-5d37fcbcde86,a4003321-7bfc-4680-bc10-cbc746950750,
a8929d37-4623-4610-82c9-1b18d58ceb5b,5bca9a0b-86c4-4351-abe5-5d37fcbcde86,ad4963be-2ac5-44c8-90ee-971754b6db65,
d38ea2d1-0730-4cec-883e-9753fdc4bbce,5bca9a0b-86c4-4351-abe5-5d37fcbcde86,cdefaf81-fc4b-4a55-87ec-66e9deb7cdc5,
4f27664d-a27e-496e-91b3-fd3836c69ebf,5bca9a0b-86c4-4351-abe5-5d37fcbcde86,f0c62dc5-a0c0-4d53-80b1-061b2afd1237,
b76ab483-fb8c-4766-a4d5-028e062a5901,5ca8468d-3973-499b-a836-de5264cedeb7,1b2516e8-af9d-4518-8d8c-5d90407ba59e,
5e3b34ef-0bfb-4038-a6ec-0c7c2170a4c5,5ca8468d-3973-499b-a836-de5264cedeb7,55caf635-d4d7-4bf8-8297-9fdcc64daa09,
070f0122-7d38-4f4d-9068-8c74c0c6cbfe,5ca8468d-3973-499b-a836-de5264cedeb7,574adfcb-9bca-4790-841f-c93edc6c19a8,
8143ed6c-e0e1-4c48-94de-9da4c1a7feab,5ca8468d-3973-499b-a836-de5264cedeb7,6bf7a58d-aaa7-417a-8a50-4fd38330df35,
35b688ad-3685-45b8-911b-23c7af960481,5ca8468d-3973-499b-a836-de5264cedeb7,6de5dd8b-902c-4bb6-a59f-d3ace5d7d472,
d86d260e-0dc2-4ddd-ba81-7b017f88613f,5ca8468d-3973-499b-a836-de5264cedeb7,7a49dba2-bac1-4666-b246-fabf85aa3830,
8f0b4908-7261-4477-8b3c-270cc8b94e34,5ca8468d-3973-499b-a836-de5264cedeb7,7ff64c4b-3611-4b25-939f-dad0a1280a67,
6f622457-9e6c-4bb4-ab8d-f4b919d45986,5ca8468d-3973-499b-a836-de5264cedeb7,87da9e80-6b0c-4564-9e50-6f5f3b96eee2,
8b693f3f-f1c1-462a-9ddf-f7f1b64f33ba,5ca8468d-3973-499b-a836-de5264cedeb7,a211cea3-8522-409c-9d5c-3c1571ea81e4,
e3e3b3ad-6a49-41f2-90fe-39914619e0d4,5ca8468d-3973-499b-a836-de5264cedeb7,af3afc39-e78c-4d84-880e-566af7d34499,
42eb6be4-1fbb-4a3c-8541-65c392767ddd,5ca8468d-3973-499b-a836-de5264cedeb7,bd836b33-ace4-4197-aed8-643bfd37d27d,
7a11837e-edf0-49b1-9ea0-daaf1ccd4804,5ca8468d-3973-499b-a836-de5264cedeb7,cd76166c-10c6-4cd9-88ee-9d6b224c656c,
a91c5a60-e07e-40f8-aefd-e0d4564c254d,5ca8468d-3973-499b-a836-de5264cedeb7,f59eb797-3986-4b3d-90f1-d24c87e36afa,
97848f1a-e03d-47f7-817d-8d142a0d8efe,5ca8468d-3973-499b-a836-de5264cedeb7,fca4f73c-19dd-474e-860e-e79418d34f30,
cc835136-5663-428e-b8df-9f3af2430bb5,5cb51735-f42b-4a83-8b67-359c6ab4e24b,1ace79c3-3f90-4116-8998-dee15691e7e9,
574a83af-01d5-47d0-83be-6a119b7ae094,5cb51735-f42b-4a83-8b67-359c6ab4e24b,23b94945-eec1-4215-834d-7bad77b39c74,
d4bf772f-576b-4efb-9011-1ff310733607,5cb51735-f42b-4a83-8b67-359c6ab4e24b,3aa54969-99c7-4d68-93f3-b58aee542e98,
f52bca01-4f7a-4b95-aad4-8d520e967409,5cb51735-f42b-4a83-8b67-359c6ab4e24b,44e68c0d-1f3e-49da-9aee-e78b4c4d4496,
e3751295-3950-4ff1-9b68-2bd157fb4c51,5cb51735-f42b-4a83-8b67-359c6ab4e24b,8944ffe0-a5a3-45a6-899b-69d75359882f,
3151dfd1-7da7-4eed-bff5-9d0d1c7611b9,5cb51735-f42b-4a83-8b67-359c6ab4e24b,8e0da813-f0bb-4cf5-9d68-72155a55fdf4,
7b07027a-1333-4676-a141-78604fa6066c,5cb51735-f42b-4a83-8b67-359c6ab4e24b,8e3f8970-4159-4c91-b6c0-1202821d8c41,
b3863213-fe41-40ef-b3d0-e3a95f6a7ac4,5cb51735-f42b-4a83-8b67-359c6ab4e24b,9320ab03-5cc2-4985-a889-3b52140c0637,
50e47109-e6d5-46bb-8e4b-afe47aac302f,5cb51735-f42b-4a83-8b67-359c6ab4e24b,9349e060-0eef-4161-90c6-a789c460ee85,
bcc605a6-1bd0-44e7-a04a-d7da23f0b4f7,5cb51735-f42b-4a83-8b67-359c6ab4e24b,c59e2600-f280-4ae6-8b34-1537e932ddd1,
9fd83e18-c2dc-4f8e-ba98-a497d34e7e2d,5cb51735-f42b-4a83-8b67-359c6ab4e24b,fda76ebe-bd9a-4072-b05b-b59ed2fce299,
e3f38737-9015-49e3-ae96-002279db44e1,5db4339f-7c2f-4d93-a229-ac4d7d66d4d0,04d6d44d-b597-42e7-9831-fe720da998af,
d5d49e16-afeb-4d00-9650-1be0e30e7468,5db4339f-7c2f-4d93-a229-ac4d7d66d4d0,1fd2aa40-0174-4e63-998e-a76eadc4cbba,
0c1b60e2-f866-4997-8741-29ba7ed2ffe0,5db4339f-7c2f-4d93-a229-ac4d7d66d4d0,3733eea2-f023-4cec-b549-f4753067e78e,
6aba3ce5-b788-449c-9e11-2e3a21d1814c,5db4339f-7c2f-4d93-a229-ac4d7d66d4d0,41b1fb98-b6f1-4321-9f45-29b2f12bfbbe,
35ddaa1b-329c-46a3-9c09-e84d4ecbee77,5db4339f-7c2f-4d93-a229-ac4d7d66d4d0,673d6b66-8eec-45af-be11-5999777ba7bb,
cbb99671-6338-4828-a6d9-ed8e49b59453,5db4339f-7c2f-4d93-a229-ac4d7d66d4d0,68c179bf-1032-49ec-85fb-e39022e53f41,
31ae8320-9bd9-4a34-9a49-a871b57e6a28,5db4339f-7c2f-4d93-a229-ac4d7d66d4d0,6d1b945f-fdb1-479c-972c-dbfcf24ea738,
2d2ed767-b298-4789-885b-791b139f20dd,5db4339f-7c2f-4d93-a229-ac4d7d66d4d0,758df589-8b57-4854-a6a3-56a5165b6b20,
9e86f6ed-a36e-4b7d-ba17-82d27da78ccb,5db4339f-7c2f-4d93-a229-ac4d7d66d4d0,b751087d-6288-4f54-8836-5a8a3704f8e6,
36d4b500-9c18-4724-8af0-792a86fa6b35,5e79bf0f-e646-44fc-bae4-e0a46ad3de16,024bec24-95a4-49b9-b917-65e0d64cebaf,
aa423eb7-faf8-41b6-99e2-afd890f7c1db,5e79bf0f-e646-44fc-bae4-e0a46ad3de16,02b2352a-17b4-4379-84be-cc2251275d4d,
584b5741-4d64-4cab-b713-d00c5248c19e,5e79bf0f-e646-44fc-bae4-e0a46ad3de16,02d14469-2b4a-4dff-8500-88c063cc1f2d,
68d9368b-b48d-4c26-a803-057c7a214c11,5e79bf0f-e646-44fc-bae4-e0a46ad3de16,0ad7969a-f971-4d26-957a-b39079915ba2,
ec4149e2-0e1e-4e71-ac75-f43f5734a3a9,5e79bf0f-e646-44fc-bae4-e0a46ad3de16,109ba8f5-83df-4f14-ba44-809d2ccdd6c3,
89dc4f5d-2c32-4832-a9be-fc812ed6124e,5e79bf0f-e646-44fc-bae4-e0a46ad3de16,1b8d3cff-328a-49f0-b2ed-5cdf7bfbcfb3,
867012c3-f9b6-44f4-8f30-2a80cfc6395a,5e79bf0f-e646-44fc-bae4-e0a46ad3de16,1f44f696-6f7c-404c-88ec-72a981afbeab,
31df0040-0232-4974-a39a-927fb0679941,5e79bf0f-e646-44fc-bae4-e0a46ad3de16,4d92940f-83bc-49c7-8671-459b179b1149,
aa066563-a2f0-451c-82df-7aeaaba80d06,5e79bf0f-e646-44fc-bae4-e0a46ad3de16,4ddd1611-89ad-4129-8000-d2f7cd7cc5da,
e4e19d54-8632-486c-afe9-d4b1bcf5a85a,5e79bf0f-e646-44fc-bae4-e0a46ad3de16,52d60900-70f4-4ccb-bb88-5ba71f073d65,
7fade537-352e-4918-b8ca-4a8d253d2bee,5e79bf0f-e646-44fc-bae4-e0a46ad3de16,5ae3997c-8217-4af1-8905-0bd27d734cf1,
c475936d-3e59-45fd-a423-1e4faa56d93a,5e79bf0f-e646-44fc-bae4-e0a46ad3de16,67199149-0701-4eec-beec-6e19890d120c,
9f85e0aa-c4ba-4d6c-8ac9-2e644bc451be,5e79bf0f-e646-44fc-bae4-e0a46ad3de16,6a233dcc-ec89-4f04-84bb-36c95e99fd47,
52ac4607-9e1e-4895-932a-3545e2fef271,5e79bf0f-e646-44fc-bae4-e0a46ad3de16,6a3856ad-d267-42bb-85c7-83ca0262d1a2,
9649335a-46a4-4355-bdc5-93706e2b0bea,5e79bf0f-e646-44fc-bae4-e0a46ad3de16,6c22b100-e594-488c-99b6-8617efab91e3,
31abc5d0-0739-4a36-9e7c-6c27f8bc5ce7,5e79bf0f-e646-44fc-bae4-e0a46ad3de16,6fe3ff59-0492-4e06-a662-06dea7a668c6,
943dd9a0-3a0d-4df8-91bf-50a9a75261ea,5e79bf0f-e646-44fc-bae4-e0a46ad3de16,89b6b3c8-93b8-48e5-a859-9fadcdd83a07,
9f427123-b933-4ecb-ace4-3cfbaf14ca89,5e79bf0f-e646-44fc-bae4-e0a46ad3de16,8fb5419f-7c98-4a6e-a0b7-80f1590fc3a1,
a05bb69c-50e5-441c-bb73-da887c7f27f1,5e79bf0f-e646-44fc-bae4-e0a46ad3de16,926474e5-d435-4489-9705-b033d7243e62,
de53e962-c47f-4ca5-9f2e-bdde4baece9b,5e79bf0f-e646-44fc-bae4-e0a46ad3de16,9287a9aa-cb4c-4b66-8947-47c08f4055df,
7456a702-672c-4a5f-a959-8cb96cc1bc98,5e79bf0f-e646-44fc-bae4-e0a46ad3de16,a7f15eaa-e3ec-4d81-adb1-1ac1d13b5922,
c6517960-69db-49c2-b843-7101254b9090,5e79bf0f-e646-44fc-bae4-e0a46ad3de16,aeb664d5-807c-4311-9af0-8dfae7cddbcc,
9d4bba96-9f79-4d3d-87b7-3d84639721c5,5e79bf0f-e646-44fc-bae4-e0a46ad3de16,b6a5bd3c-f4ea-4264-951a-a8e2971fbe6d,
2d9f3e66-3d78-46a1-b905-4d15ed9343b3,5e79bf0f-e646-44fc-bae4-e0a46ad3de16,b6ef8c4b-5ac4-498f-a2da-00ca200ec965,
8a9f87e0-d572-4d57-94e4-26c68dd64dd6,5e79bf0f-e646-44fc-bae4-e0a46ad3de16,ba86b5a9-b722-485d-b106-2ff3de21b7b6,
488b393f-8988-430f-bda0-4421ff2b4a0a,5e79bf0f-e646-44fc-bae4-e0a46ad3de16,bef37065-2c0e-487c-b0c4-18d09288cbdd,
8f06ce68-b99f-4998-bc1f-e15db69883c3,5e79bf0f-e646-44fc-bae4-e0a46ad3de16,c1094a94-a09f-4285-a00f-6988dcef2649,
0942affd-47ab-4cef-9ae4-4f2cb08fdf64,5e79bf0f-e646-44fc-bae4-e0a46ad3de16,c20b581b-65e0-47b0-ac11-89e73fa7fed5,
1840d4e1-721e-41ed-9d9f-26f5e668a2a5,5e79bf0f-e646-44fc-bae4-e0a46ad3de16,c9feedc3-6c02-45fd-a9e2-549cae1910fd,
5aa4333a-bced-458b-982e-bc6b5de4c2f4,5e79bf0f-e646-44fc-bae4-e0a46ad3de16,d31b1655-e26b-4241-9f0d-a17ea55da659,
f159d13d-3737-479f-b6e2-678b16505ff2,5e79bf0f-e646-44fc-bae4-e0a46ad3de16,ec9f6d28-0882-4a45-943e-45417b06526f,
5cc646d0-e66c-4175-986b-8861873ed290,5e79bf0f-e646-44fc-bae4-e0a46ad3de16,eeb8c834-c0c5-47ac-a158-05ec1686d9ab,
7ea49d60-bd30-42d9-890a-ca55a36841e6,5e79bf0f-e646-44fc-bae4-e0a46ad3de16,f1433b10-df0c-4397-bdf8-81791d8cd8d0,
17d37cc7-a8d4-4cbb-959b-0e3a9e3578d1,5e79bf0f-e646-44fc-bae4-e0a46ad3de16,f5b02c67-5897-4b38-8dcf-101d0502be83,
fe54d8fa-1102-46d8-95d9-c192cfc6177c,5eff714d-ed87-4ca7-9390-5f8dff6d329a,0748c37f-9338-469d-b7a5-141a3808e7d8,
08a5d0bc-99a9-458a-8a52-a502a111b92b,5eff714d-ed87-4ca7-9390-5f8dff6d329a,0e03e153-6264-4f1c-aa07-952cd44765e6,
9f8c14e7-52f5-4e2d-a530-3a393ccea2ed,5eff714d-ed87-4ca7-9390-5f8dff6d329a,210ffdcb-0f14-4878-b1e9-1db97b0c9914,
281ec583-18f8-42f9-850e-4cfb526712dd,5eff714d-ed87-4ca7-9390-5f8dff6d329a,3f44a161-5c98-4099-84ae-51a59d9d3718,
b17b076b-faaa-4b20-a53c-872fe80a659e,5eff714d-ed87-4ca7-9390-5f8dff6d329a,4d377808-b475-44ea-aece-c71f1cb862d0,
a905e257-3b1e-4747-9bb2-ba1e09b476c2,5eff714d-ed87-4ca7-9390-5f8dff6d329a,566b47e2-783c-45ca-8ca2-13823e143e24,
b2bc32a4-0916-49dd-8ffb-86399e31368e,5eff714d-ed87-4ca7-9390-5f8dff6d329a,68b1d96d-125f-4abd-9379-f746fa2d300c,
643e5b57-7ec2-4821-a8f5-536dbfbeecf4,5eff714d-ed87-4ca7-9390-5f8dff6d329a,85846336-4f75-4b70-9557-12a0ae77dc69,
9108e776-c43b-4575-b4b8-d1cabc24e41a,5eff714d-ed87-4ca7-9390-5f8dff6d329a,8fcad64f-f650-4b62-af2b-339b665ccd5d,
87c39f5a-1cda-4f34-95f3-26b5a808a38e,5eff714d-ed87-4ca7-9390-5f8dff6d329a,9865c0a7-cb69-4087-b9ee-da1f52b73c10,
bec9f742-9a00-45cd-bd60-c909ea468014,5eff714d-ed87-4ca7-9390-5f8dff6d329a,9ed86450-c499-4393-94e9-7c250816853b,
578126f1-0d48-435c-a1a0-d258bb214614,5eff714d-ed87-4ca7-9390-5f8dff6d329a,9f2093af-a167-4278-82ac-074cc31ebf4e,
889f0b00-8e66-4d2c-8ef6-04ee0481ae19,5eff714d-ed87-4ca7-9390-5f8dff6d329a,a74aaa18-b998-49ef-b636-425fe659b9c8,
880a7385-52ce-4b4a-925a-a35f92b786f8,5eff714d-ed87-4ca7-9390-5f8dff6d329a,aeadea7c-e4db-46e1-8f83-dc524fff66b3,
5a7bbe68-6b47-47ff-870d-4dd35dab440f,5f43bed9-0ae7-4fe7-8b0a-56a4fce9576e,0842d44f-d007-4921-8fbc-029741798333,
d85e6504-7ca9-4a20-95c9-81befa514209,5f43bed9-0ae7-4fe7-8b0a-56a4fce9576e,0c39e373-220f-4028-8af6-19f6ef0021d1,
751c7fd8-c43c-43c1-912c-7dc8e2833149,5f43bed9-0ae7-4fe7-8b0a-56a4fce9576e,2997c8c4-c3a6-4777-9633-1ffcb74c1e7f,
bdcc4e44-cee4-4b46-9fa6-15cd5ad67c6b,5f43bed9-0ae7-4fe7-8b0a-56a4fce9576e,2d325eda-6004-488f-a0e9-ef5f42aa7cee,
24fd250b-3f7e-499c-8b87-9d2d16ecec55,5f43bed9-0ae7-4fe7-8b0a-56a4fce9576e,3038d2cb-b69d-4fb4-8b5e-01ae9a78fa3e,
7a66199a-5a53-4916-a691-d0c4c55f621c,5f43bed9-0ae7-4fe7-8b0a-56a4fce9576e,31efed4a-1d21-474f-97f1-7a723f2cbab4,
7a0e68f3-19db-47fb-b308-0e4bbdafb36a,5f43bed9-0ae7-4fe7-8b0a-56a4fce9576e,3cd3ce60-29ae-4c5c-84ae-9d6133f34760,
3f59f2a7-2eab-4442-8ebb-777909efa6e6,5f43bed9-0ae7-4fe7-8b0a-56a4fce9576e,40ca7d8a-7c71-4bab-9935-3fda6dc271b0,
ce13dece-0866-49d7-8227-c4b4913460b8,5f43bed9-0ae7-4fe7-8b0a-56a4fce9576e,433b2b41-b61d-4a37-be65-9ebf49654fe4,
a81ac00f-117c-4192-9dbb-fe9913b7f63c,5f43bed9-0ae7-4fe7-8b0a-56a4fce9576e,529ad773-2bc9-4da5-92ed-6dce10c14eb6,
b57a9874-8b84-45b7-9944-22ea60fcfb0b,5f43bed9-0ae7-4fe7-8b0a-56a4fce9576e,57619ead-0a71-41a9-bfcb-b68da8a254c0,
4062ea4c-2b0c-488f-87a0-e217ccaa47cd,5f43bed9-0ae7-4fe7-8b0a-56a4fce9576e,59df483f-933d-4774-8bf7-2103062859af,
1c366872-2225-4625-a99a-f8a56c2ce6cf,5f43bed9-0ae7-4fe7-8b0a-56a4fce9576e,7d4a5c52-1618-4c59-a0a3-828c2020b327,
58438e06-5b44-4e46-92f6-cac01a38a36f,5f43bed9-0ae7-4fe7-8b0a-56a4fce9576e,841f7bda-1537-4752-8009-a47dba5ff3c7,
946eeaeb-a1b0-41c0-8bb3-8895e4b5b706,5f43bed9-0ae7-4fe7-8b0a-56a4fce9576e,b1e892b7-42fb-41ea-9041-23164be11fc4,
d463ced9-d489-4a8b-8410-48163edab6fd,5f43bed9-0ae7-4fe7-8b0a-56a4fce9576e,b39c33e3-b4d7-4e15-9b1f-498eaaa26b60,
05bd8837-1cc7-47e9-87ef-c92e71481598,5f43bed9-0ae7-4fe7-8b0a-56a4fce9576e,c9b12b63-7c63-433b-9d96-70173fe9d39d,
37867ffd-f5f1-426c-b02f-d30c55a48f4a,5f43bed9-0ae7-4fe7-8b0a-56a4fce9576e,cdf8696c-de77-463a-a4fc-e7875b387905,
776ae7d6-1cdb-4183-a90e-3d22ae36af2f,5f43bed9-0ae7-4fe7-8b0a-56a4fce9576e,cf38e1ba-69d2-4d03-8df7-4a5352a8c355,
8bf83a3d-eda5-49bc-98ff-a2678030d5cf,5f9cabb0-67e4-46e2-8655-723458b1be07,29dc82e6-5277-488b-863a-cd35c1d9bdad,
7786f1ed-84aa-4852-8f5d-f3c6289a4dc3,5faa85d5-2ff0-4187-ae0d-4184cb7b2d6a,28623be8-d5e5-4d12-a5ed-8a38e116b104,
01db8ffa-2bc9-4e06-8279-79edfc495e97,5faa85d5-2ff0-4187-ae0d-4184cb7b2d6a,4f79d745-378e-483e-934b-13d0e55d6021,
66e0f79e-5e1d-46e3-bcad-98586509ab9a,5faa85d5-2ff0-4187-ae0d-4184cb7b2d6a,685da299-8680-474e-b350-ef722339f7c4,
de053b2b-d37e-45c2-9246-df76e8b9ff0a,5faa85d5-2ff0-4187-ae0d-4184cb7b2d6a,8a898ea4-70bd-481e-a69e-e158dc35dc16,
9aa677cb-8687-440b-ab29-77a5e00b2ed0,5faa85d5-2ff0-4187-ae0d-4184cb7b2d6a,d9e9d9fa-383b-45fd-b032-361fea8bdfef,
e108bed9-1265-4ba0-a7d3-f75a1740ce06,5faa85d5-2ff0-4187-ae0d-4184cb7b2d6a,fcc3559d-5058-4939-aadc-7766a94f480c,
06a35f6e-8dc8-473b-b9fa-48f68fe321c5,611f50c0-525f-48f4-a3a3-fa3d1dfa8611,03d9a8df-5839-44c5-babf-5250941021bc,
1e5f172f-391c-4a84-8b3f-9c53a20d7717,611f50c0-525f-48f4-a3a3-fa3d1dfa8611,08cecd0c-4210-4d34-99f7-c224c3f7ddcc,
86f160a3-510c-45c5-bea9-1cb2a6a8087c,611f50c0-525f-48f4-a3a3-fa3d1dfa8611,0c75a6b2-ab56-4537-803f-a59f3bd5a696,
038c3e38-e5a9-4d91-9be7-aa973f092958,611f50c0-525f-48f4-a3a3-fa3d1dfa8611,10ed7e80-0caa-4cad-8e5e-fa115450a86a,
9dd1b7db-36a1-483a-87d4-4c17275abea2,611f50c0-525f-48f4-a3a3-fa3d1dfa8611,180d897c-60c1-4f6e-8e8c-b965b4114cc7,
2295dfb2-ef27-4d84-b1c9-783ca6417535,611f50c0-525f-48f4-a3a3-fa3d1dfa8611,217edd04-6f32-428c-b6c6-c4c1c19c1677,
a7dc87e4-10d4-424e-8944-1e814843395e,611f50c0-525f-48f4-a3a3-fa3d1dfa8611,281bb9a7-aa3f-4275-9ece-76289c5fef88,
b307495d-6b1f-4f9a-af1a-26eef57a2f77,611f50c0-525f-48f4-a3a3-fa3d1dfa8611,29b9990f-5587-4332-95fa-342b3f695cba,
57219952-2387-4553-9c74-5c65b371d328,611f50c0-525f-48f4-a3a3-fa3d1dfa8611,309bd776-b180-4ea7-b024-cbc0c9755219,
ce14ba2e-ab03-4363-a5a0-4d98c621430d,611f50c0-525f-48f4-a3a3-fa3d1dfa8611,32751701-7c98-4c9b-80f7-cb9171e28bbb,
51e5e850-37c1-4a78-a508-7d6fe2b745d3,611f50c0-525f-48f4-a3a3-fa3d1dfa8611,36d5113f-ddc0-4a05-bcd3-c13b5d2eb95d,
39111b55-a9e7-43ba-80ea-74c690fe83d7,611f50c0-525f-48f4-a3a3-fa3d1dfa8611,385f1ea2-b577-4191-b2bb-5db64a80d28d,
cc423bbf-03a4-4b14-87ef-5624bfbadcf8,611f50c0-525f-48f4-a3a3-fa3d1dfa8611,3f1d40c4-d32e-433b-9cf6-f584b2b843c0,
b0c109c8-bb6d-4855-a435-0e9e888ca57c,611f50c0-525f-48f4-a3a3-fa3d1dfa8611,4064c0d8-5279-4929-82a6-8f9a4d13a3f1,
79ed5478-5b55-4cff-a6d9-8274e6b516a9,611f50c0-525f-48f4-a3a3-fa3d1dfa8611,4640b89b-1234-4be7-850a-4cc4800bdb3a,
661e3511-c95b-4643-b76b-6fb0a4f689e2,611f50c0-525f-48f4-a3a3-fa3d1dfa8611,49c665e7-5ba8-4c38-ac24-efff5f43cbb3,
cb5a24bf-526e-44ea-b6cd-96245d96d41e,611f50c0-525f-48f4-a3a3-fa3d1dfa8611,5234b201-f619-4ded-8d66-031a0d253d78,
0c72cda1-29f2-4590-ab97-b4650788feca,611f50c0-525f-48f4-a3a3-fa3d1dfa8611,5b188ddf-ca00-403c-894c-6e0bcfec89d3,
835248e6-23d6-41e3-be4b-7c190795aa2c,611f50c0-525f-48f4-a3a3-fa3d1dfa8611,5c9396bc-9bca-44a1-a115-6887056445ae,
f46371b9-927c-4821-9073-b94ea9c134cd,611f50c0-525f-48f4-a3a3-fa3d1dfa8611,601d2b23-afd5-4a0f-961e-53b91edd5073,
34ab8ef9-ec2f-44cd-9207-ccbd348ab281,611f50c0-525f-48f4-a3a3-fa3d1dfa8611,63638524-e638-441d-b676-e8e8b1231727,
99e6e839-9c81-41ab-8f94-5c91f8cb5802,611f50c0-525f-48f4-a3a3-fa3d1dfa8611,6b3908b1-338f-47f8-9482-6937ac7e96ed,
7230f7eb-209f-413f-aa0c-064c2769e9fb,611f50c0-525f-48f4-a3a3-fa3d1dfa8611,7193dcf6-c48e-45f2-b426-205faf812eea,
a49fe125-8dea-460b-99cb-a6ddd94a9135,611f50c0-525f-48f4-a3a3-fa3d1dfa8611,76147327-2745-4120-b06e-b8df2a3a9c68,
1f6877c6-5078-4d78-9e52-be20a411bcf1,611f50c0-525f-48f4-a3a3-fa3d1dfa8611,86d0cf2f-a63b-46dc-8e04-361f63bfa341,
4e1a314a-ee0b-447b-82b9-2483c22dc8f1,611f50c0-525f-48f4-a3a3-fa3d1dfa8611,902bec18-efb7-46b1-aab7-926d6346b58d,
a2f9bcef-b3d8-4d95-8fbc-76ccfb3caecb,611f50c0-525f-48f4-a3a3-fa3d1dfa8611,92cf8e09-1f33-4248-bbd9-9e55f42598ce,
a16514d8-2574-4aa3-8c4f-eaf94971f68c,611f50c0-525f-48f4-a3a3-fa3d1dfa8611,99afd8c6-ebd9-4814-9f2f-b3530ba4d2b2,
dc382aea-1582-417d-92c7-1692e26a079f,611f50c0-525f-48f4-a3a3-fa3d1dfa8611,9c66da61-4583-4a8a-a0bc-5b0863ecd4dc,
ade39b8e-ec63-4509-8760-7303f58d5ed6,611f50c0-525f-48f4-a3a3-fa3d1dfa8611,9d2dd045-3b22-45f1-be45-8e5b8e8c892c,
7f9dfbda-3faf-47a1-ae26-b9edf4512f43,611f50c0-525f-48f4-a3a3-fa3d1dfa8611,a5805466-8b22-42eb-81c7-9c06da76ed54,
0daaad67-6d66-4517-8dbf-c461aae157b7,611f50c0-525f-48f4-a3a3-fa3d1dfa8611,a89b48ba-931a-4c12-9b75-57eb10331d42,
775334b6-5d7d-4e7a-be6d-462785629812,611f50c0-525f-48f4-a3a3-fa3d1dfa8611,a9e88fdf-4dcc-4ffd-a1e9-cc0e6e514b55,
79a16524-b0b6-4b3c-9112-c677f218718c,611f50c0-525f-48f4-a3a3-fa3d1dfa8611,acf80af1-900d-4e5f-96cf-fa185a0bb0e4,
82c179ac-e530-41f9-b209-32783920ff5c,611f50c0-525f-48f4-a3a3-fa3d1dfa8611,adfb8f46-8939-4668-9d8f-8dccc4ec0dbc,
bc57d6e0-d6b9-40ed-95eb-d884eb0eede1,611f50c0-525f-48f4-a3a3-fa3d1dfa8611,b088b4cf-a795-4f02-82f4-65b95bb6370f,
80e0d1de-0083-4ffb-a414-d4e244ed3b21,611f50c0-525f-48f4-a3a3-fa3d1dfa8611,b16da593-7b5c-4628-9b34-dda859f64126,
9aab7b44-85ef-48f4-a959-d65aa1167e7a,611f50c0-525f-48f4-a3a3-fa3d1dfa8611,b5ff0635-56cb-46c9-8487-cb8cab59d2a8,
09ae8315-1daf-4779-ad19-f1df631ccc70,611f50c0-525f-48f4-a3a3-fa3d1dfa8611,bfb03ca4-04a9-4a29-84e7-43a29f9f59e4,
3555f3dc-ac67-4415-b6e5-48f8f5a541a6,611f50c0-525f-48f4-a3a3-fa3d1dfa8611,c60a4729-a167-4920-9bbe-2aed374937f4,
2cab9522-60d5-4c31-a1f8-f04e19ba1f6c,611f50c0-525f-48f4-a3a3-fa3d1dfa8611,c75e2b14-38c8-406e-b07f-1664f431bdd3,
8240ca97-674a-41dd-9368-fe9a349e4cbb,611f50c0-525f-48f4-a3a3-fa3d1dfa8611,c90cd7d1-acb2-4820-bdd7-6da8b6aba49d,
06ad2f90-2a2f-438d-a308-8934075fd682,611f50c0-525f-48f4-a3a3-fa3d1dfa8611,d4d015e5-1722-4778-9a3d-8a1b80bb8d62,
e5664981-742d-4d9b-a217-9b73c3d5d65f,611f50c0-525f-48f4-a3a3-fa3d1dfa8611,e258a349-9f42-4caa-8c14-918738368dd3,
44e1e853-2696-45d4-b8de-d4bf65deba2f,611f50c0-525f-48f4-a3a3-fa3d1dfa8611,e5b9aa22-fd5b-49a4-bcde-930067c366c4,
1afe3615-1fc2-4986-b18a-c3961ebbb2d5,611f50c0-525f-48f4-a3a3-fa3d1dfa8611,e6cb8234-14f9-4997-9aa6-88f54d0e48a6,
d775ec43-3753-4ec7-a1db-1170894442ad,611f50c0-525f-48f4-a3a3-fa3d1dfa8611,e7e52d19-c816-45dd-b138-d562441f1c71,
30700d36-9355-4253-b094-668ecc69bd5d,611f50c0-525f-48f4-a3a3-fa3d1dfa8611,f570d626-e6b6-4de1-8a98-94fcdd62a667,
4f0dbee3-47e6-4852-bfd3-02fdba45dfd5,611f50c0-525f-48f4-a3a3-fa3d1dfa8611,ffffb8f5-8a40-4825-9b1b-58b2015cabfa,
1ffb97c3-fd9f-4b9b-85cc-e4939d3942e1,617f49ee-043e-421d-a59b-567b323720ee,29a1d458-e80c-4040-a9e0-c1d65a80b569,
19fc1560-9499-4845-9924-8d052d4510f7,617f49ee-043e-421d-a59b-567b323720ee,49df425c-5e1e-44b6-9c44-7cd434b89b3e,
ff7005a5-f888-4a66-aa26-c635acc384be,617f49ee-043e-421d-a59b-567b323720ee,5357df88-204d-49fd-a4a3-d2ae2e024630,
05625ba9-814c-424d-98d9-28df6bba1168,617f49ee-043e-421d-a59b-567b323720ee,6067584d-7ac0-4180-8123-0cfdf2e475a2,
24e3a7fa-0eea-44ba-82f6-2c9bc6269bb2,617f49ee-043e-421d-a59b-567b323720ee,65c4b0ae-09a7-4950-a736-8d4d5f02a1b4,
d0971bec-4567-4ffd-abc0-b8a8797325d2,617f49ee-043e-421d-a59b-567b323720ee,8483f761-4074-419b-b1aa-6216af6f4f91,
25fe1e4c-0891-46d6-a4fe-6162e2746dbf,617f49ee-043e-421d-a59b-567b323720ee,8794fe8b-b549-4dba-b84e-2b96746d05b3,
f93c62a9-9c21-4cc4-9bc5-137f2b16cf90,617f49ee-043e-421d-a59b-567b323720ee,8a538a3a-3cb7-44cf-bcee-d061284551a8,
7916779e-c793-413b-bdff-930666a57236,617f49ee-043e-421d-a59b-567b323720ee,9b44f334-4d13-46e1-a87c-a2c9b14c6fba,
0159015c-ce19-47af-8bbe-8f9b2b437077,617f49ee-043e-421d-a59b-567b323720ee,b1c785a3-a336-4bcb-88eb-d95ea68ff62f,
0c77ef64-8769-46d5-b229-88ab9c9ab670,617f49ee-043e-421d-a59b-567b323720ee,befa5cb0-371d-4ccd-8f59-326ac24c62b1,
52a51763-0cb8-46e0-8ef3-25ae3232a610,617f49ee-043e-421d-a59b-567b323720ee,dc5bd777-841f-45a4-8fb0-b99eddcdbe4a,
8deb2a2d-1093-486e-a236-6a8be9697363,617f49ee-043e-421d-a59b-567b323720ee,e3ba129c-eaef-424b-8b9d-8a7645d2ea70,
79a37284-5ef1-4bf6-b1db-f6399860be5c,617f49ee-043e-421d-a59b-567b323720ee,ea463deb-c42d-44ee-bfc0-7809d44ac380,
cfa06568-6154-4f4a-8a6d-1b381d016ed9,63bcc797-ff90-4b9b-8545-6740e230ae24,041798d3-5971-47f3-8f2d-906f9f935235,
5821b8f8-6682-4f97-bf17-4dccdbaca84d,63bcc797-ff90-4b9b-8545-6740e230ae24,0c75482c-4818-49ff-9f2d-219d599897d9,
df2332e2-1648-46f1-ab5c-31990cecf2d4,63bcc797-ff90-4b9b-8545-6740e230ae24,1112f925-b6ab-4d11-baf3-d75412152aca,
04beb5f4-e035-405b-a79d-dc7a5b7b05dc,63bcc797-ff90-4b9b-8545-6740e230ae24,2f1bb5cb-7ae4-47ef-bd6b-e55e8180e578,
e31c9fad-82b5-4dfa-a8c5-e7676c9030a2,63bcc797-ff90-4b9b-8545-6740e230ae24,43d636ce-8ec2-444c-ac3e-417f7927bb0a,
0aebd3fe-4fa7-4e41-ae94-197bbb45ea0f,63bcc797-ff90-4b9b-8545-6740e230ae24,48b7ee1c-29f6-4f40-98eb-f159278303f9,
b7e8b5a6-ab89-4213-bedb-2d2e39a8c224,63bcc797-ff90-4b9b-8545-6740e230ae24,49d99291-61c2-428b-9a64-c2c147beed45,
01f12187-1bfd-4138-8493-6727baa85b69,63bcc797-ff90-4b9b-8545-6740e230ae24,4b82fad3-233d-48e4-9009-0fbfece16f51,
b90317fb-3be4-4c01-9543-2824b00f5006,63bcc797-ff90-4b9b-8545-6740e230ae24,4ce19037-24dc-4c41-9917-c86f6d04a63f,
f8c798b5-ac24-4949-9f36-6dd07e478f71,63bcc797-ff90-4b9b-8545-6740e230ae24,524e532c-07ad-4141-b31e-8c5c4c1c4ec5,
f8865b96-d6e7-4ded-b202-b65c9114b42b,63bcc797-ff90-4b9b-8545-6740e230ae24,5ed03114-aa22-49f8-a7d0-1b52d2369ade,
6c707ccb-0111-4c34-ac98-c02b274ceb60,63bcc797-ff90-4b9b-8545-6740e230ae24,615c26fb-af50-4c66-8bea-e17c5360bd21,
acb7c9c0-a6e2-4ce6-9bf8-8db52d5de148,63bcc797-ff90-4b9b-8545-6740e230ae24,6354ec2e-18c2-4c91-ae7a-727c28cb4ae7,
e0d96cd8-91f7-4e1d-a281-01e1b1779c9c,63bcc797-ff90-4b9b-8545-6740e230ae24,6d4e3b69-53b0-4c96-880d-f4911bfdadac,
6903a630-60e4-44c5-8883-2342e9b0bd68,63bcc797-ff90-4b9b-8545-6740e230ae24,708f0134-ff2a-467e-af51-f75ecd03499e,
1fa9b024-31ed-49f3-afe1-2ba2aa9b83bc,63bcc797-ff90-4b9b-8545-6740e230ae24,736f6573-4bff-4f0c-83fd-1a6caa67aa56,
d01159a5-dbf6-409c-858d-a16fb8d8e8e4,63bcc797-ff90-4b9b-8545-6740e230ae24,7ceb23fc-f5c7-482b-a630-4229eb55a860,
b03c159c-b4ac-4492-a7dc-414b66f60fef,63bcc797-ff90-4b9b-8545-6740e230ae24,7ed5f45c-4e83-477a-86fa-a5165fe51bd3,
d72d36ab-002a-4fb0-bf48-5606fda13755,63bcc797-ff90-4b9b-8545-6740e230ae24,88043275-a5fe-446a-87a3-88aecc61c9dc,
dd80a1e7-6b24-4359-aae1-9ec14e0f918e,63bcc797-ff90-4b9b-8545-6740e230ae24,a6c52f7b-1941-410e-8e53-e0c638a114c2,
5eed7db9-3ab3-4e05-abd4-d31ef02eee32,63bcc797-ff90-4b9b-8545-6740e230ae24,ab18d683-247d-48c9-9126-40f27d258908,
7f8f6d41-a618-4e86-98a8-837d98646ef3,63bcc797-ff90-4b9b-8545-6740e230ae24,abfbdf25-a83a-40da-b2db-f7c54f544991,
07f691cf-6873-4091-8147-98890d1e82c2,63bcc797-ff90-4b9b-8545-6740e230ae24,cb77f8c5-c965-4891-81e2-aaace7efb6c5,
8c97627b-1ca3-4286-9386-ea7601da23fe,63bcc797-ff90-4b9b-8545-6740e230ae24,cbb6c6f9-8050-4ecd-9cef-a1315a2a983d,
e9d9424f-72ca-4ad8-865e-42af2fe4e720,63bcc797-ff90-4b9b-8545-6740e230ae24,d1abc92a-eaad-498c-b1a7-5518f1f61fdb,
2b940e3c-9963-4e6a-9416-aa4a14ec7e42,63bcc797-ff90-4b9b-8545-6740e230ae24,dca2381d-64f2-44b4-bd39-2d90baf4c4dd,
4266c213-6841-4c9a-bf76-11ffd5491dd1,63bcc797-ff90-4b9b-8545-6740e230ae24,e868de2e-6b13-4a39-bbc2-364b7a6e8557,
37a13fb9-9153-4c25-b83b-8e9b72a20758,63bcc797-ff90-4b9b-8545-6740e230ae24,efbb30d8-a0a6-4a99-a37f-420b62ff2921,
fde26e80-124b-4112-9c03-ad86378cfc9f,64766575-d97d-4040-ac16-8bbd0e731b85,04939616-b180-43e4-bdcc-c5cf0094c78e,
171c69b7-1c38-4265-9c9a-be75d5be70a8,64766575-d97d-4040-ac16-8bbd0e731b85,4676973a-ab2c-48e9-87e2-2de7d3f426b7,
434610bc-dc01-47d4-87d7-29d6c804c5b7,64766575-d97d-4040-ac16-8bbd0e731b85,9570c85b-5e76-4e71-a071-28f2d0996331,
e9b8e538-39b3-4dec-977f-230b4f3caa47,64766575-d97d-4040-ac16-8bbd0e731b85,9d16da04-80aa-4499-92cd-0733d8cbcdd1,
b574c0c1-0b5b-4f96-968c-cc77b478e808,64766575-d97d-4040-ac16-8bbd0e731b85,ad2ed904-d454-480b-9e0b-2634edaced1a,
9a1d2374-370b-4d7c-af91-83b5e291459a,64766575-d97d-4040-ac16-8bbd0e731b85,b9b9a46a-d20f-4990-ac99-e30b856348bf,
e8755ffa-28ea-4659-8bd5-16a56e36eb3b,65227644-21b9-406c-9418-c037ffef2f06,00b0bbee-ec91-46b5-8f32-d490ea38eb22,
880c5371-c646-4069-9ffe-f598947171ea,65227644-21b9-406c-9418-c037ffef2f06,041d8dcb-14bd-4f8a-a817-08246d7f5e9e,
f2967c94-7911-45bc-be4e-5a528ef560b4,65227644-21b9-406c-9418-c037ffef2f06,1679a9d3-cb11-48a2-bddf-47991c60efd3,
30613930-17b6-4290-9fc6-5ebdc903a914,65227644-21b9-406c-9418-c037ffef2f06,221a392f-8a00-4d5e-8a40-16a4b5341954,
740d4a96-48ad-4d73-96a6-32c6ad5dc1ca,65227644-21b9-406c-9418-c037ffef2f06,28c03b59-0ac9-4190-8fef-c3d485fb74bd,
a49665b9-1329-47b0-be27-4741b9e204bf,65227644-21b9-406c-9418-c037ffef2f06,299c42a2-cac7-437d-8ba1-01e495c64a6b,
3d0a0789-dfc8-4062-a3b2-131d8afb9f70,65227644-21b9-406c-9418-c037ffef2f06,3b6ca745-7abf-401f-a037-c347afe62a91,
553e1246-f455-48a8-a54e-3034dab18438,65227644-21b9-406c-9418-c037ffef2f06,3e95db46-60c8-46e3-ad8f-a8a51b3348dc,
3768a8a0-de82-42af-8477-81e11f02ec89,65227644-21b9-406c-9418-c037ffef2f06,49736a79-9d36-4316-9e0e-4aa43b4099b0,
7c3dbcba-8133-4c29-939f-f85770ddca4e,65227644-21b9-406c-9418-c037ffef2f06,4ad5c229-4e30-4eec-9ad9-f81052aa1e20,
b6ab85ac-c5c3-46ef-a337-218d96d1c81e,65227644-21b9-406c-9418-c037ffef2f06,4d80b954-e6e3-4342-8f8d-e79f31970e4a,
1d9c38da-5180-41b0-900a-251d92cec30e,65227644-21b9-406c-9418-c037ffef2f06,6873f12c-92d0-49df-9e4b-ed42d4486545,
48527153-9824-4db5-81fd-2624a35e4301,65227644-21b9-406c-9418-c037ffef2f06,69b20d1d-02dc-413c-ba73-13b35afc073f,
9feb25d2-9e53-42c0-ae10-b160cff1e58a,65227644-21b9-406c-9418-c037ffef2f06,72cc6775-cab0-481a-a698-c481efb4c085,
20efe08e-8527-4861-8753-114dd60d4a0b,65227644-21b9-406c-9418-c037ffef2f06,76165284-034c-4655-a0fc-90d2c9ece717,
2297d84c-9770-4480-9742-6c4dc875f04e,65227644-21b9-406c-9418-c037ffef2f06,7620f13d-ce2e-4e8b-839d-e72ecd3dab36,
caa2b22c-9897-44dd-bff0-0f6b92e788cb,65227644-21b9-406c-9418-c037ffef2f06,76376bec-42c3-4204-b2a2-0e18d3563187,
acfdba2d-955d-4dba-a67e-1e8143103fcb,65227644-21b9-406c-9418-c037ffef2f06,801044e9-36fb-4cc2-ab3b-625df95ed8ce,
ca969a0b-8ccb-4836-8df3-a6951c74c7f2,65227644-21b9-406c-9418-c037ffef2f06,a4bcc8e1-e409-497f-9dee-2e5561a4981c,
ecdfbb6a-b9f8-468d-adc0-bcbba6beca97,65227644-21b9-406c-9418-c037ffef2f06,b17729d6-a5f7-4f7c-840b-c20427bf5ab1,
24c99132-548a-4fce-9bbc-82aeb61e48ee,65227644-21b9-406c-9418-c037ffef2f06,b7ac1082-e950-467e-93de-3be1c928569c,
1bf8332a-b964-4204-8f93-a667657a8459,65227644-21b9-406c-9418-c037ffef2f06,b990780a-b053-4080-8811-809f7127c59c,
02a74009-e41b-490b-9b81-c448150f6acd,65227644-21b9-406c-9418-c037ffef2f06,ba40f7e1-577f-4491-a63a-a0fbbb7f646e,
b9c7e2bb-d382-4e1b-aa99-7790e121d8fa,65227644-21b9-406c-9418-c037ffef2f06,c04e5ad0-8c3f-4937-93b6-a5b000d66ace,
c600a6a1-3541-4860-8fc6-bb2e44600e93,65227644-21b9-406c-9418-c037ffef2f06,c946f7c9-ccbe-49a5-8aef-5305d145d578,
d1404d6e-a0c9-465a-ab87-86011e1ea11e,65227644-21b9-406c-9418-c037ffef2f06,de63b222-ddfa-4c54-9cf3-cb79813708ed,
550a0d39-6036-4233-964a-0c3043d89869,65227644-21b9-406c-9418-c037ffef2f06,e63ee5af-1afc-49ec-9d20-9479006359bb,
c9dec6ad-b040-4ce4-934a-2a542e942a12,65227644-21b9-406c-9418-c037ffef2f06,f032b5d3-6fc5-45bf-9acb-0e441dc6cb21,
bda92e0c-a60a-4e9e-aa7d-0a2033e0861a,65227644-21b9-406c-9418-c037ffef2f06,f3b28395-314a-4878-95e4-a1e9f581a957,
01be297e-ade2-47c4-8888-d8ad8d545571,65227644-21b9-406c-9418-c037ffef2f06,f5ee8e0c-9063-4ef9-bfc9-3c3d70c9c447,
53e106f9-449d-4f5a-84af-87de11930a2a,65227644-21b9-406c-9418-c037ffef2f06,fedeea92-b345-447d-a941-370503a0091a,
6228ccaa-7062-473a-a0bd-8802f707d0f4,65cf047a-3be8-4aba-afd8-eac4f14cd13e,0b2dd6e9-853a-45ae-9f9c-8c0a1c580663,
af4f6234-6aba-4754-a742-1f2adc8632db,65cf047a-3be8-4aba-afd8-eac4f14cd13e,304fd61c-b59a-4306-a2ae-874f9d77dcb4,
e1d4424f-312c-4abb-9e86-1dce29e282f9,65cf047a-3be8-4aba-afd8-eac4f14cd13e,b9f1a7d3-9dad-4730-ad34-fa3a0fffe965,
e6752a02-c8bc-4ddc-902a-5673ce698adf,65cf047a-3be8-4aba-afd8-eac4f14cd13e,d71e3131-b79b-4ee6-9ebb-e2c181437c7b,
462eda94-1643-468c-b4ae-a2c2457c74be,6603429a-420c-45aa-b819-04562cdd27ef,0a93c91c-1cd8-4dea-86a5-0eb2308b077f,
d677c24d-7fa1-44da-b82e-a86a2d3181f6,6603429a-420c-45aa-b819-04562cdd27ef,164d6462-466d-4e35-aeee-64d32566c12c,
1a5cb082-365f-4ed6-ba28-fa06635d4188,6603429a-420c-45aa-b819-04562cdd27ef,19237f4b-6f69-4862-8863-19197a7ec3c3,
204501e0-7279-42c1-9746-b53cab5ccdf3,6603429a-420c-45aa-b819-04562cdd27ef,22e4c836-8c0c-4575-838e-b16bffdffa08,
0ba39b62-2704-4f53-b4c7-9f7de16b0c77,6603429a-420c-45aa-b819-04562cdd27ef,32a3f20f-f462-4fa0-896d-1830bbe4c271,
e44bc912-31ca-4157-ad24-d4c696f7e952,6603429a-420c-45aa-b819-04562cdd27ef,34523855-5e67-44c9-95e2-1cfc89c52fc7,
1217e0fc-7bcc-4283-a03b-10101364c275,6603429a-420c-45aa-b819-04562cdd27ef,37fe4c18-44dd-46e6-b331-b8b38d969231,
8b28079a-4d0e-4c93-88ad-e005ce711e94,6603429a-420c-45aa-b819-04562cdd27ef,3903fd9d-5239-4a1f-9135-b44819b541a8,
7326a5e3-a1f7-4a00-8aa7-6a3886845907,6603429a-420c-45aa-b819-04562cdd27ef,46fd23a4-b508-4e12-94b2-96e86a74bb37,
58b9ec71-1656-4843-8483-15b54c8a2d5b,6603429a-420c-45aa-b819-04562cdd27ef,47049757-57af-4484-92e5-8bc931444d5f,
f7ca2ec1-aa95-47e9-a0ec-235bc048817b,6603429a-420c-45aa-b819-04562cdd27ef,556518e4-f5dc-4628-8cf1-41b7d645a502,
bce75863-a830-40f1-bba2-34ac277dd34f,6603429a-420c-45aa-b819-04562cdd27ef,6f1e4d44-1a02-4036-bfb8-d95cfab3fe40,
16884c3f-999b-46d7-b792-b7b681b1b971,6603429a-420c-45aa-b819-04562cdd27ef,760c33d8-56ef-4bce-98ef-6ae3d309595f,
92a5fd78-25a6-42d5-9f85-a777d4754054,6603429a-420c-45aa-b819-04562cdd27ef,7626ab3c-df97-4f7f-bee1-ff07a233bca7,
d970ee64-6c62-4066-aa36-b1eb77ab37a1,6603429a-420c-45aa-b819-04562cdd27ef,793752b3-c9d2-47ed-96c5-8e7cdb354644,
8600011b-bfa4-4d05-accd-74612793ecfb,6603429a-420c-45aa-b819-04562cdd27ef,7fbd05f9-cd5b-44f8-a557-9d899dd30fe2,
9b22a124-0f78-412d-b5df-ad758dc7b00e,6603429a-420c-45aa-b819-04562cdd27ef,89148d52-1609-41f7-bf9d-4a7b0d192c5d,
7a0eab85-50db-45ad-b046-a38d9d721b2f,6603429a-420c-45aa-b819-04562cdd27ef,b0c92b9f-fe21-469d-9af1-1f001279cb01,
894d343b-e0b2-4f66-a396-af71bcf970a3,6603429a-420c-45aa-b819-04562cdd27ef,b70a4670-5fe3-454a-ad07-a2ea46abba9e,
19cdc4f6-86ee-47a2-9375-8d8c7da22a5b,6603429a-420c-45aa-b819-04562cdd27ef,b97191bb-73c1-4499-bc72-d18be446d14a,
64473b90-8dfc-4014-8523-ca200d1a3951,6603429a-420c-45aa-b819-04562cdd27ef,d2976d81-ea38-4fc5-89f4-c3d80e811392,
3c2650ed-b1bf-4228-b2a8-e5157c9b63af,6603429a-420c-45aa-b819-04562cdd27ef,dcf025b9-e3aa-4065-91b0-887f249e6352,
4f9fb4cc-ec03-4cca-a3ec-c370f3d38909,6603429a-420c-45aa-b819-04562cdd27ef,e95353d0-f57f-41b5-b5ac-9f2e2acfe014,
d6a43cc2-cba5-4a42-89c4-3bc9afa8c4b0,6603429a-420c-45aa-b819-04562cdd27ef,ea74c95b-7171-4853-ab09-5d096be4abb0,
349f4853-8ca4-49d5-8afa-1832d69aedd5,6603429a-420c-45aa-b819-04562cdd27ef,ec3a9cd0-7cd7-4960-8ac9-eda0794ff65e,
20ab86df-120c-49c2-bb1a-adf1dcc95aaa,66b3e68d-cdf7-425f-a045-3b5b28c18b19,2282f6e6-4590-4514-8a0f-72067458b7d2,
93d45c4c-4665-4ff5-939e-6bbfe0089753,66b3e68d-cdf7-425f-a045-3b5b28c18b19,4d1a8a7b-9bc3-4680-9334-9cbfb338699a,
2639fe04-f783-4874-ad3d-5d438703689c,66b3e68d-cdf7-425f-a045-3b5b28c18b19,52dfd00d-696c-4691-82df-6dd0d3323cc8,
0a994917-6df2-4c7f-915b-e1eee5fcd117,66b3e68d-cdf7-425f-a045-3b5b28c18b19,60967c7c-c6bc-4e7e-95c0-010e32afa11f,
2f26ceaa-797e-4bac-bddd-4c70c8c21914,66b3e68d-cdf7-425f-a045-3b5b28c18b19,6843ab27-7d28-4375-8811-a1d8cb4f15d4,
75b7234b-3591-4aa9-b83c-969aeabe7455,66b3e68d-cdf7-425f-a045-3b5b28c18b19,f7c10895-60aa-4afb-b387-e006a5a781ca,
379647b0-5bc8-41b6-ae99-c09139c7c58e,66b3e68d-cdf7-425f-a045-3b5b28c18b19,ff3e7145-ab2e-49a5-af9f-d24c36002950,
958e3ee9-6a80-4e43-ba18-664a9b17a6e9,66cc9fe2-f6ab-4a3c-9fe3-79a9cfa0070b,4b4192a4-135d-46e0-b5dd-cac88d235391,
1c43cdcd-ad94-4be7-889b-c76215b25167,66cc9fe2-f6ab-4a3c-9fe3-79a9cfa0070b,5b535c53-a7fe-4942-9757-ad65567ef4b9,
82953dc7-1944-4ab1-8a12-9d2879e9adde,66cc9fe2-f6ab-4a3c-9fe3-79a9cfa0070b,6db39bf4-0c07-4433-96c4-b8b43e6e7d58,
35991d36-2281-4373-869f-967ccc2be18c,66cc9fe2-f6ab-4a3c-9fe3-79a9cfa0070b,79613886-2c50-449c-9869-5e23b0db0a89,
cb665449-740f-4801-b060-30df71eb362a,66cc9fe2-f6ab-4a3c-9fe3-79a9cfa0070b,85acec97-3632-44f9-86d7-feb719e30fe2,
8c27dadb-c088-45ed-8c59-067278a1176d,66cc9fe2-f6ab-4a3c-9fe3-79a9cfa0070b,90977950-07be-48f5-97ae-d1393c8ab512,
5a1b65e6-f9f1-457a-9af9-119d75c6bb3a,66cc9fe2-f6ab-4a3c-9fe3-79a9cfa0070b,90dc609d-a614-40d9-ac08-eafbc4ab782d,
8d052e4f-f8aa-49d8-883d-4012821ff04d,66cc9fe2-f6ab-4a3c-9fe3-79a9cfa0070b,b7c621f8-95e6-42a4-b7a3-e478fb1d0cca,
8d0cb22d-8b81-4c04-af2e-443fda5ede90,66cc9fe2-f6ab-4a3c-9fe3-79a9cfa0070b,dc694f32-c0e5-4bc0-be60-3d0000b8f3bd,
22ab5ba9-eeb2-47dd-9b55-ef6894cb4238,679fdc52-ea66-4dee-b82f-ac36455906f1,24ee4699-1701-40c1-960c-c51d91a0e138,
b8d229ec-6043-45cc-a520-6912a7c544e4,679fdc52-ea66-4dee-b82f-ac36455906f1,56a8c90e-a6ea-45d4-b63b-9d981b297b9c,
e948edcf-a15f-4fa0-a116-e3219a1b6b92,679fdc52-ea66-4dee-b82f-ac36455906f1,d583c4f4-a0ae-4090-b462-3035aa503a62,
56957226-31ae-4d26-91ea-ca036f30969c,6987dfef-e7c2-40a0-9107-870fcbebca92,2b9d22a4-8370-45c5-96cc-c16aa5966d71,
b7f74606-d200-417c-92bc-448ced5867e6,6987dfef-e7c2-40a0-9107-870fcbebca92,3210280a-c614-4db8-86f8-f67b81446faf,
4c169854-9a60-4dff-a92b-226b85d9864d,6987dfef-e7c2-40a0-9107-870fcbebca92,5613587d-9312-489f-9a65-6e845842f0ef,
df05a7a2-3817-43bb-b742-dc9ac5154bc5,6987dfef-e7c2-40a0-9107-870fcbebca92,985f636a-60fa-4eb6-a966-ae49e429b51d,
01d064ca-5dfb-4780-9411-cb4bb75f54e7,6987dfef-e7c2-40a0-9107-870fcbebca92,e2a5dc5c-d851-4dd6-9006-dc380fba4703,
8ed57f70-56e1-4f9d-a274-f6f06858f9bc,6987dfef-e7c2-40a0-9107-870fcbebca92,f1096af8-24c0-4653-a17d-3c359846d208,
b348862e-481d-4a1d-8e42-5c22b90c2c62,6987dfef-e7c2-40a0-9107-870fcbebca92,f401d5e3-2f5c-4002-97ef-0951e4ab7f3a,
3953e947-a999-41bc-a663-7d2003fb29cb,69c93c60-c2f6-4900-9b58-6ee8d137de33,0adacbfc-3984-4d0f-bfda-880ee9e21f7b,
930bb98d-8745-4376-9ecc-dd3142124998,69c93c60-c2f6-4900-9b58-6ee8d137de33,18ac08de-4c69-4776-b0e1-d7741cd1fb3b,
6a885694-16ac-4ca9-9ff1-f213eb2c8605,69c93c60-c2f6-4900-9b58-6ee8d137de33,24b3f2f5-d4fc-4387-8569-680ae9da447f,
a8c4aa26-8fb2-4dd9-a3e3-e25096c48c20,69c93c60-c2f6-4900-9b58-6ee8d137de33,3021d384-4c0e-45c0-8d7a-d94c8e12c8a0,
44950247-404f-4cbc-be1c-f9edd9564a67,69c93c60-c2f6-4900-9b58-6ee8d137de33,36c7c43f-f560-4d9d-9b8c-e4214cc78fe8,
cc132ff7-1386-47e4-b794-0236ccbb3784,69c93c60-c2f6-4900-9b58-6ee8d137de33,37334e07-9fea-435b-8fa4-15c09772535d,
1837fac3-d303-4e76-abaa-4d7b5d9fa780,69c93c60-c2f6-4900-9b58-6ee8d137de33,3b60f249-080f-4072-a5cc-c83f88baa467,
53342f2e-7837-442e-b2ac-c44753abf406,69c93c60-c2f6-4900-9b58-6ee8d137de33,3c9623c0-e383-4430-a73b-8a4bdd8fc5ed,
2be035cf-5dac-417f-84e3-14f22d5c24d1,69c93c60-c2f6-4900-9b58-6ee8d137de33,4bb229f8-a57f-40ec-91df-718bfa7dd642,
aed027ef-ffb6-478b-870d-f8c91ae0f3ff,69c93c60-c2f6-4900-9b58-6ee8d137de33,65224005-07f7-4280-be80-fba6b250fad3,
40339e77-50df-46db-ac0e-5aeedc9ca146,69c93c60-c2f6-4900-9b58-6ee8d137de33,6ccb737d-b060-4c44-92c0-f6acc700376b,
bdb8f8c6-ecf0-4369-a1b8-2d6dfccf6244,69c93c60-c2f6-4900-9b58-6ee8d137de33,7a50cb35-d9e6-49cd-88be-59cdc6d4e11d,
a2d1dd28-d8d2-42d8-9408-108931aec433,69c93c60-c2f6-4900-9b58-6ee8d137de33,87cee7e8-947a-4da1-b0a5-7fa02768ea84,
862caf09-7680-4906-a79d-d72e6b637fc8,69c93c60-c2f6-4900-9b58-6ee8d137de33,8f68af61-912a-421f-a9d8-bae37794f96b,
4f026ee4-01c1-42d3-945c-e05ef806f2d3,69c93c60-c2f6-4900-9b58-6ee8d137de33,97f4be42-4d53-4b8e-89bb-410696ed9b00,
de10741d-f8b0-4ec1-85b9-58b21ee6d26d,69c93c60-c2f6-4900-9b58-6ee8d137de33,ad4066f6-150b-4a9a-977e-0f1f40e2b444,
fe23f29f-593b-4183-a435-b63464da0828,69c93c60-c2f6-4900-9b58-6ee8d137de33,e149e009-b482-414f-b730-5ece55f46871,
f6f6b46d-91ce-4a3c-9d52-a7799e748667,69c93c60-c2f6-4900-9b58-6ee8d137de33,e6df8ac9-1ca1-4c26-be15-be25bdf05d7b,
afb15286-71e7-440f-8b90-44f8ea7f01cb,6d665cc8-4e8e-4410-a69f-0217368a3ce6,064d63a6-137d-4173-a4da-010a3ff0a52b,
ede90c70-c562-4cc0-9dd9-ec8f81f10d91,6d665cc8-4e8e-4410-a69f-0217368a3ce6,10b8c072-1c3e-4a48-825a-2ca82a4a8203,
980e4074-5435-42bb-aef8-755dbd4d311e,6d665cc8-4e8e-4410-a69f-0217368a3ce6,2484cb77-0074-43b0-be33-0284a6b5d755,
a0eb9b69-f719-4454-8b5d-dc2743878cef,6d665cc8-4e8e-4410-a69f-0217368a3ce6,4b0db1c9-7d41-443b-88ea-01623c4b9d6a,
a95c7cfa-2955-4893-80dc-a3929565b2b5,6d665cc8-4e8e-4410-a69f-0217368a3ce6,65f32723-098d-48d0-a311-0724d4584022,
38026fda-f1cc-4e08-93f3-c848111834a5,6d665cc8-4e8e-4410-a69f-0217368a3ce6,65fffb2e-e6d6-4e58-8226-8ccbf885b03a,
3071dfbe-5945-48ed-8249-79d89ea58b9d,6d665cc8-4e8e-4410-a69f-0217368a3ce6,7941f661-5ddd-49b5-b8e3-965d458e6c59,
f08dd06c-b5c0-4340-9b09-54feeefd1bd6,6d665cc8-4e8e-4410-a69f-0217368a3ce6,7bc9a0b4-1ba1-44e6-86f1-f41edd68f7c2,
554346a7-fb9a-41c3-a882-ddef1a27dce0,6d665cc8-4e8e-4410-a69f-0217368a3ce6,7ee8bfc9-8345-4c0d-b3be-77016d40d022,
c5236df0-b823-4ea1-8ee2-06e5fca1cc3f,6d665cc8-4e8e-4410-a69f-0217368a3ce6,8212b1e9-ff81-4b83-987a-a15c8ef8ffd1,
341d917d-1901-4eff-8e7e-d0e8a7d895ec,6d665cc8-4e8e-4410-a69f-0217368a3ce6,c75a9657-c86a-482a-a6d2-800ab977a1e8,
4d6fa652-fbea-4acc-9c63-44c82d94b6a8,6d665cc8-4e8e-4410-a69f-0217368a3ce6,ddf53e77-60bc-4be7-9b1f-57fd1d252fa1,
77a0c752-ac14-4781-b0b5-51b99d086aca,7013fafa-1ac6-4052-9b23-b87180607885,8a31f0c0-3b34-4273-9651-08db92e66cae,
05308a88-f29b-43f2-8f52-d3cb72e980f7,7013fafa-1ac6-4052-9b23-b87180607885,9999c3a9-e48f-4c69-b1f9-e660e6f2111b,
c3c66ce7-6038-4f18-a015-c4209f4c9cb2,7013fafa-1ac6-4052-9b23-b87180607885,bff263b1-94be-475a-b3b5-85f6515db502,
39cf0b4f-02a7-4866-bfa7-a77934e543d8,7013fafa-1ac6-4052-9b23-b87180607885,d5d20e4c-b219-4f0e-b05a-2056841cec68,
738d1bda-09e9-4d91-93bc-64a49d6cec15,70a6b882-9c0a-493d-9745-4abb837acd57,98ed4fd8-79fb-4fd7-9fad-5d6d2fda3409,
bba38ccd-aa09-451d-a76c-116485727bc0,7188a892-b469-4136-b071-ab7ad46a24f7,2abdb04b-dbc2-41d6-9a1e-f27baf05eb74,
16fc8984-70ce-45c0-bb90-2bdfb56abbe4,7188a892-b469-4136-b071-ab7ad46a24f7,5b1c8a34-9553-403b-9510-fccb1c016c64,
3aac5299-0f1d-4e38-a535-78f6049f975f,7188a892-b469-4136-b071-ab7ad46a24f7,bceafb72-d231-47ab-8b13-7ac498ebe741,
c2fa2713-7d61-44d0-8463-7d327ae26b3b,7188a892-b469-4136-b071-ab7ad46a24f7,bd84a5dd-44b3-4865-bf68-d71889b06b85,
e1b0675a-8512-49ea-8d7b-356553e7099f,7293f06e-b906-4efc-b0f4-b0de7eef6804,3212de9a-b50d-46ad-bcb8-7d371b525081,
05192333-ee90-4ab7-81db-6c57f751e4bc,7293f06e-b906-4efc-b0f4-b0de7eef6804,a6dd3359-5c69-42d7-9a17-b00f9b593fd4,
0b002ace-6be0-4f33-a322-cc23a1c3467d,7293f06e-b906-4efc-b0f4-b0de7eef6804,aeba6e20-083a-4bdd-ae45-6ef84bc56c73,
0e551350-7ab8-488e-965a-753624f5c089,75a2490b-2ee6-4101-967d-2f4f90ee80f9,5afe45e0-a453-485f-ab1f-8cef2e9d0002,
d1996513-ad72-43d2-9c29-13458a5060b3,75a2490b-2ee6-4101-967d-2f4f90ee80f9,5c49fc52-0b73-4121-95f2-b23b044dfd9e,
fd17d073-92c2-4b50-bcbb-f919d6ff2d54,75a2490b-2ee6-4101-967d-2f4f90ee80f9,7c2bd138-c5c1-4a0a-81ea-d17452f9d0b6,
41a83664-35f5-484a-94ee-7cee82a04866,75a2490b-2ee6-4101-967d-2f4f90ee80f9,9133cc9c-0700-47c4-943c-3eb278c6f3bc,
763ae38a-855f-4b30-b39c-0b06c7ddb15e,76f81812-172e-4e99-99fa-17f8ed717ee6,359c6c87-67fe-4377-8175-e669a2d28688,
e1e2b457-dced-4731-8180-22b800946d60,76f81812-172e-4e99-99fa-17f8ed717ee6,6d62af27-03c0-4805-a81b-d28c0bb9c0a2,
35a2d3ee-97c8-426c-89a9-a75ffdbc1536,76f81812-172e-4e99-99fa-17f8ed717ee6,7db11c66-48d8-43c1-bc49-7a32df08a286,
79551420-9521-4db9-af93-d36ed717b468,76f81812-172e-4e99-99fa-17f8ed717ee6,843c6f05-b006-4ec6-9399-3c8e57d5adbc,
2ef42cb9-fd07-48ba-bc3a-87d612c23a62,76f81812-172e-4e99-99fa-17f8ed717ee6,ad1fecc1-b046-4a1b-aed8-f38693668930,
93169844-f2b7-4c41-a71a-e055c985d391,76f81812-172e-4e99-99fa-17f8ed717ee6,e818fa04-9f5a-4116-8850-26b0e5e3a80c,
68bca24a-5cf8-4652-8062-6f114491abb3,7821721f-7e6a-44de-ad28-938575b0ae47,05cecc4c-76f8-400e-b289-c06c6784d95a,
c1331b94-2bce-44bf-a828-d48365c3000d,7821721f-7e6a-44de-ad28-938575b0ae47,451af09c-41eb-4d36-8b68-67ab05313748,
71ff2c56-14a2-42e1-adb5-7baaf19b7588,7821721f-7e6a-44de-ad28-938575b0ae47,751240fc-4681-4827-b8cc-a0e2ee29da30,
e90ef11d-002d-431d-86f2-a6e3322e8a74,7821721f-7e6a-44de-ad28-938575b0ae47,9430033d-1e0e-496f-9d81-c78e2f680972,
c01df4ef-847f-4413-98c1-aaa38e0db26a,7821721f-7e6a-44de-ad28-938575b0ae47,b88c48c1-24ac-4999-8d05-501a09baf79a,
34c91edc-7437-4901-81c7-51d31f5dda9c,7821721f-7e6a-44de-ad28-938575b0ae47,d2c245c2-b028-48f5-8ce6-314273b90f2c,
5c6de00d-b998-4e33-98a0-2e9f82e73d77,7821721f-7e6a-44de-ad28-938575b0ae47,d578f151-6c53-419b-8067-c10c036ba348,
18bd587d-184b-4c5b-b602-0d7ec6ed5d01,7821721f-7e6a-44de-ad28-938575b0ae47,d94d5615-a411-4175-9d6a-0c89878211f8,
e75b52fd-668c-4fdd-b903-85f8e6e538df,7821721f-7e6a-44de-ad28-938575b0ae47,e1d352a2-9f33-4346-abe7-25088c5f2f34,
37d770b2-b6ac-4935-8e60-265d9081c482,78c910b0-319f-4528-9bb4-5227e50a461b,bbfd7ba4-f0b0-4875-af79-4a2171d7bf11,
7b59b231-a291-4cd9-9aba-8a3f0d7c3e99,7af769d6-6ed7-4729-b694-ebd6dd85985e,14e11697-2a5d-409b-a666-ea9bf47e93a9,
b9fde26c-cc34-4953-a2c4-44e6019380dc,7af769d6-6ed7-4729-b694-ebd6dd85985e,3953708f-d46e-4bd8-8662-c3511853bae9,
3a944dff-fe6f-4d18-be1a-a7e9b14faba5,7af769d6-6ed7-4729-b694-ebd6dd85985e,8f1b19eb-39a4-449f-a97f-affedd0d9f7b,
72758179-6625-425a-98ae-eeb8a114e93a,7af769d6-6ed7-4729-b694-ebd6dd85985e,9c236ff2-62fc-4cb6-bec2-23e3db88ea07,
250b4c08-3872-43a0-9daf-40d85c32b21d,7af769d6-6ed7-4729-b694-ebd6dd85985e,b0eaca11-9bb0-43f6-8a2e-b4b946ce5b50,
f50636e3-feb2-43b1-9329-7f2508b94af2,7af769d6-6ed7-4729-b694-ebd6dd85985e,dfd60732-732d-47a4-9796-79488efdc07b,
8db3ee5f-70ab-4c93-a969-b98d71cae142,7af769d6-6ed7-4729-b694-ebd6dd85985e,ef2af570-555e-4d88-a005-6d2a91f20b48,
6eeea092-114e-41e4-8ee2-6d5ead957ad1,7b5576f5-e805-42b5-887f-fc329e457e7d,11ca106e-f909-4ad9-8eb7-c067090fe9dc,
19c20003-bb2b-4c69-8edb-6aee4fb44a7f,7b5576f5-e805-42b5-887f-fc329e457e7d,1aacc899-e766-440b-adb2-36e78de81c10,
084f694a-a0bf-4de8-bf35-4c7a081c8729,7b5576f5-e805-42b5-887f-fc329e457e7d,2b36f8c6-26a3-4538-bbaa-15a252539d75,
3222818a-a4bf-457b-abd5-20e71d662b7c,7b5576f5-e805-42b5-887f-fc329e457e7d,2f4aa92e-3155-4f50-970a-f060e680a4be,
2b60aeee-045d-4f48-9cb1-6de012ddad4c,7b5576f5-e805-42b5-887f-fc329e457e7d,4bdf5c6b-512d-43b3-87b1-cc18d24c8552,
578c3baa-8d28-4e3c-b27b-96aeac48fc2a,7b5576f5-e805-42b5-887f-fc329e457e7d,4e5e12cb-4d50-422a-84ee-0d2c0a14c8af,
b23c68e0-3fe2-40e6-b6ce-e27bd2c8a78d,7b5576f5-e805-42b5-887f-fc329e457e7d,6d527b23-3f50-4aa9-b537-91f051f2e6a8,
e28ef87f-1fac-4a65-bf42-7a7f368cd6e7,7b5576f5-e805-42b5-887f-fc329e457e7d,6ed3dc1a-1ca2-41f8-9156-9d25640a73a9,
fd71acf2-dae9-4271-8a52-256f33c3e520,7b5576f5-e805-42b5-887f-fc329e457e7d,7930fadd-8528-4bce-ae58-d357d6882664,
9db5b8f5-ea06-4e84-970d-09b57293b15f,7b5576f5-e805-42b5-887f-fc329e457e7d,94e88ca3-9c8c-4e79-b4e5-4a225d2b52a3,
2d2b6d3c-10b9-4ae4-810f-c5fb588e9431,7b5576f5-e805-42b5-887f-fc329e457e7d,a173a689-455e-44dd-82c8-f9719977c024,
50389926-4e50-4519-a414-aeaef8086e81,7b5576f5-e805-42b5-887f-fc329e457e7d,c519aa4e-5d90-4340-9718-a80ee38ad5e5,
7beca751-ba4d-4d77-bc69-3c96105294ea,7b5576f5-e805-42b5-887f-fc329e457e7d,e20061ca-d992-412b-8761-cdff1b25a494,
0efd16fc-09cc-4cdc-9614-a51b0c66849c,7b5576f5-e805-42b5-887f-fc329e457e7d,e9b10010-27cb-4241-9d32-c744a519f733,
d65cafb5-0958-49cb-8324-8003af7a4790,7b5576f5-e805-42b5-887f-fc329e457e7d,fe677327-bf0d-4202-993c-4f4af9e69ec6,
dfea0890-0f14-4d15-a554-98e9e49d641c,7ca41726-043d-4353-bb43-9c4c292560be,0a9c3351-6771-4e66-82de-ab5837aa1f4c,
170c1789-9df5-419a-91a2-c74c8df4228f,7ca41726-043d-4353-bb43-9c4c292560be,0b4c777d-da7d-4e13-8fa0-5d1560669649,
c2435e1e-2e07-4d3e-9546-b19a577e3887,7ca41726-043d-4353-bb43-9c4c292560be,149a0f01-ef28-4bb9-a611-e498c9549232,
c511fb41-f6d4-4ab6-8a21-9d66a958511f,7ca41726-043d-4353-bb43-9c4c292560be,176dcc6e-a24d-4315-ac7c-3bb7dc9116bc,
cccd6422-7243-49c5-bb4d-8997135bc3e7,7ca41726-043d-4353-bb43-9c4c292560be,1d1f2956-fdf6-43e6-9dc9-f9ca9a693b7a,
074edf3b-23a1-44dd-bcbd-0277ec84ef2f,7ca41726-043d-4353-bb43-9c4c292560be,1d2fef42-24b9-4d3b-be0b-a525e357d42e,
4e69fddf-3dd8-430f-b5de-305ae3c2546d,7ca41726-043d-4353-bb43-9c4c292560be,1ee5f907-b488-4878-8790-cd912d5a9518,
6951d8c4-9a34-4947-a14d-345db86a73b4,7ca41726-043d-4353-bb43-9c4c292560be,1f388aa5-e096-4875-8edd-94922eb48e0f,
896c68fc-b3d2-4e7a-ac9d-68b4dee70ae4,7ca41726-043d-4353-bb43-9c4c292560be,2211ee9e-0fbb-46b5-99c9-d951b10a2727,
dc4df5c6-f40b-4dd2-8063-5d580d5d2354,7ca41726-043d-4353-bb43-9c4c292560be,259e4054-4d8d-4d8b-8ddc-de3b53c362c7,
c1de703f-2f61-40ff-8845-a96d38496162,7ca41726-043d-4353-bb43-9c4c292560be,2a018aa4-a643-408b-87ab-09f5911908a0,
16d66cdd-5e30-4188-979b-5491612f4a7b,7ca41726-043d-4353-bb43-9c4c292560be,2bff2238-c392-4b14-a8a5-2d937111ba39,
04322867-70b6-4c8e-bf63-cd14c88e8490,7ca41726-043d-4353-bb43-9c4c292560be,2d772a9e-58b1-4c65-b327-d7ab03c6619b,
39c77bc2-95c0-4ae0-9a99-cf00b6f5b2fc,7ca41726-043d-4353-bb43-9c4c292560be,359d045c-1c68-4b6a-b9a8-9f7e8b4465e0,
5a44a27b-b34b-49b5-be08-dcfc985a8ae1,7ca41726-043d-4353-bb43-9c4c292560be,37feafec-d086-4f9f-8970-9b576d6ffa66,
92d49b3a-ba0c-434c-bddc-59227354b0ac,7ca41726-043d-4353-bb43-9c4c292560be,39f56e80-a36e-43fd-94ff-7cd590c2abba,
855c1f46-9981-48e4-a301-7a69e37f0f64,7ca41726-043d-4353-bb43-9c4c292560be,4ad76d17-bfac-4a8e-8421-bf57884294e4,
7aaae703-7d52-4ce8-bede-782412614253,7ca41726-043d-4353-bb43-9c4c292560be,4af933ef-b05f-48ff-842e-a4bede6a1414,
467800b4-f279-433d-8aa3-a8f017760707,7ca41726-043d-4353-bb43-9c4c292560be,5213ced8-28e9-4b27-bf7b-fa4618e1e12d,
d82ee9a9-06e9-4364-aaab-54b0d81f8e29,7ca41726-043d-4353-bb43-9c4c292560be,56a5d518-d088-487c-8a82-37e5065fb311,
5dc66bad-6629-4e7c-a0c2-646097f47d60,7ca41726-043d-4353-bb43-9c4c292560be,5a1546ce-4a0e-4b92-af2a-55b80fa57d5b,
53a9118b-732a-4fed-8960-e701847cb9c6,7ca41726-043d-4353-bb43-9c4c292560be,5bb02ab6-06dc-4e86-aba7-d50f14f5840d,
560434b5-c91e-4152-a45b-4bf1d5839e19,7ca41726-043d-4353-bb43-9c4c292560be,6225e488-bad9-4c2d-946a-4c419e23df48,
712bbc97-c74d-471b-b555-5ec374f14285,7ca41726-043d-4353-bb43-9c4c292560be,65b06893-c01d-4837-a998-ab0cc54e1cc4,
c8d97559-ae44-492e-a30a-b353503c5dc2,7ca41726-043d-4353-bb43-9c4c292560be,65f42c48-5be3-4a04-9283-ebbf9a67f35c,
7e2e5cae-dec4-4da1-b5d0-f74cbc3cc795,7ca41726-043d-4353-bb43-9c4c292560be,67fe3fe8-ee62-4230-8a42-e4c6348d7753,
233ada3e-f404-4fd7-8dbb-60d172481e3a,7ca41726-043d-4353-bb43-9c4c292560be,75b68892-d760-4766-bd0e-9ce989487ccb,
10307b57-8046-41ae-a3a6-2b0b82ac4c4a,7ca41726-043d-4353-bb43-9c4c292560be,879baa84-917b-4eda-bfaf-5bd8095715fd,
55a19783-16e9-4395-9a27-be47fe36ef3d,7ca41726-043d-4353-bb43-9c4c292560be,88bb121e-f871-4d39-9bdf-e8bc01e5e207,
1b790f27-e85f-4927-81e0-e5ff7023f88c,7ca41726-043d-4353-bb43-9c4c292560be,8a286c63-0c4c-49f7-bd60-549535d9fe32,
bb39fb4e-80ef-46df-afe6-47c506fd2169,7ca41726-043d-4353-bb43-9c4c292560be,8c70aeb0-0601-42ed-9faa-6f3ae990ad1d,
ad6a17e6-8e02-4c0e-b2b9-aef588652b2d,7ca41726-043d-4353-bb43-9c4c292560be,8f154315-1ff4-4dfa-867e-8eb6bc075332,
4b603e66-edf0-4eaa-8862-0de3871844eb,7ca41726-043d-4353-bb43-9c4c292560be,9094ae4e-5e9f-4dc2-a106-08f7a9118708,
0388f708-a604-4e7d-8a15-dc1343c8b5f8,7ca41726-043d-4353-bb43-9c4c292560be,9514a197-e0a4-413b-8f58-a3ac22616f1e,
64ef5aeb-3890-482e-9663-41b3c2c54cc8,7ca41726-043d-4353-bb43-9c4c292560be,95e70f2e-05c7-4e39-9fc7-a5837e8e7bd6,
a3858217-aeb1-489e-96c4-eca02e3ec73f,7ca41726-043d-4353-bb43-9c4c292560be,a0b7f9a2-3025-4d6f-8575-9a9c5e912a91,
da03e866-e470-45f1-8ae9-4eadb92dfe6b,7ca41726-043d-4353-bb43-9c4c292560be,ad41e9b8-1004-4df4-bff5-b85773faa202,
dca95707-3f27-4566-b2d8-44f3bcbf79a8,7ca41726-043d-4353-bb43-9c4c292560be,af7f4535-ee56-4a23-920c-8a25f2520a0c,
7906d11c-c406-4fac-b181-72b41cce3205,7ca41726-043d-4353-bb43-9c4c292560be,b2e3fb0c-a6b9-4dec-b036-f3861f2e5560,
545da50d-99f3-42e1-91c8-adae866bf071,7ca41726-043d-4353-bb43-9c4c292560be,ca28290e-0d6d-4eae-acd3-85a802b0c0d4,
d9a279d1-3a78-4e18-be34-e2e5fceeecad,7ca41726-043d-4353-bb43-9c4c292560be,cff05027-26fc-4ae3-94ee-52f3436c9259,
3430f8f5-ffbc-461f-b4cf-1b5e37b7b61e,7ca41726-043d-4353-bb43-9c4c292560be,d3ee8f70-c635-4ce1-a2f4-ec47dce87211,
71df8e56-f0ce-4d6e-9a77-98c0031f8dbf,7ca41726-043d-4353-bb43-9c4c292560be,d760b0b8-ed66-4932-9001-72dece0da528,
35219ac5-4126-4f4f-8bde-c5173817e5a2,7ca41726-043d-4353-bb43-9c4c292560be,d8599ee1-5bd4-4b82-a769-ed1524c16a97,
477281e5-7d87-4086-8cd8-92712ad2404b,7ca41726-043d-4353-bb43-9c4c292560be,dcc0548a-1762-4678-b2a7-cb0a6c0f8712,
3f308ca4-ffc2-4dda-9345-c241574bfd1d,7ca41726-043d-4353-bb43-9c4c292560be,deb56b29-a947-4123-8064-d864e70beccb,
44931a84-a9d9-4db6-b3a4-34f0f92c5c93,7ca41726-043d-4353-bb43-9c4c292560be,df7e4b1c-3a5c-4c26-a850-0c2ffbfa20cb,
3911613b-25bf-49e4-a345-ad2e1b7d9f6c,7ca41726-043d-4353-bb43-9c4c292560be,eb21cd06-d265-4e71-82d0-4fcdd33ab1e3,
e9da47b2-7a9f-45e3-99c7-77107d5ef210,7ca41726-043d-4353-bb43-9c4c292560be,ed0334cd-8352-4d12-bc17-3bf7ec978d3f,
65b2bbe1-da47-4123-93c7-7e973812a7f5,7ca41726-043d-4353-bb43-9c4c292560be,f620d833-92f7-4cca-8f51-3b7cc25ae33e,
b3bff021-dc1f-4890-a944-3f46ff8dd7a7,7ca41726-043d-4353-bb43-9c4c292560be,f7c5cb06-944f-4866-9fd4-33465384beb2,
b6c3e1a1-d08e-43e6-936f-0a4bfe3fac88,7ca41726-043d-4353-bb43-9c4c292560be,faa1222d-4b54-403f-9882-a890acb6b79b,
487c5b37-6a14-4257-a7a2-280cb7ca2955,7ca41726-043d-4353-bb43-9c4c292560be,fb57e0de-a21a-45e2-9bc1-90acd9dedabc,
426812e5-9be0-401c-aba3-8e29b4224eaf,7ca41726-043d-4353-bb43-9c4c292560be,fee1b192-5253-47b4-abb2-49db89052073,
f0606fd1-17bb-4d64-ac3e-875ba897f51c,7ca41726-043d-4353-bb43-9c4c292560be,ff4fed21-a364-40de-b6b7-897dbb3da3f7,
94a1dadd-d8ee-44b5-abe4-5e542f64d530,7d1398c2-5523-48d2-af47-956a2f9da812,2be681b2-4f36-4b07-b6da-b7f95f4e3cb9,
f3bc52db-0c81-46e8-a279-b8641a24bd28,7d1398c2-5523-48d2-af47-956a2f9da812,50c4c579-56d6-44d6-b1a8-ea9da9e0dfee,
27600fdf-49df-4c0a-a03c-f6d81b04fba5,7d1398c2-5523-48d2-af47-956a2f9da812,99f1d663-f147-449b-82ce-d782a4d2dcf3,
5386c222-541a-49fa-b775-0d5ab41727c7,7d1398c2-5523-48d2-af47-956a2f9da812,a0beddac-cf5e-47fe-8a68-464dbba474d0,
2a7763fa-c72b-4116-a9a6-f0c45d4ab91d,7d1398c2-5523-48d2-af47-956a2f9da812,dd1434f2-eee8-44be-b9a2-7a66cea0681e,
46b28109-62eb-4014-bd30-48e15a06ea89,7d1398c2-5523-48d2-af47-956a2f9da812,f96282de-b187-4a54-99cd-3555db16204a,
63c78725-6253-472f-ab3e-f0201a07d190,7d259000-936d-40cb-9e5b-d81b3a5d3125,09e8234c-b4d7-4fa3-a4de-81cf4ed15cff,
65727a4d-d03a-4234-b567-0615e90c47f9,7d259000-936d-40cb-9e5b-d81b3a5d3125,38c00311-4503-48c9-a3ef-ee7642744ba6,
73012a96-44ed-44ad-b00e-c56c322ee756,7d259000-936d-40cb-9e5b-d81b3a5d3125,46b3e9bc-ff79-4694-a781-156b9d418391,
3080a5b5-3054-41e9-9a1e-bdf13c5ee43d,7d259000-936d-40cb-9e5b-d81b3a5d3125,5394c718-ddbd-47ea-8e56-859220c81b53,
1ea30d7e-bccc-4eb1-8d65-b050e0bc083d,7d259000-936d-40cb-9e5b-d81b3a5d3125,74b46ec5-3df9-400e-808b-e9dee1106636,
fc27031c-92f1-45ea-ad90-52b50e438104,7d259000-936d-40cb-9e5b-d81b3a5d3125,764ce8c2-cdec-479c-b6a8-682b2374b823,
384732fc-a9aa-458e-8c87-79c627ce6e05,7d259000-936d-40cb-9e5b-d81b3a5d3125,7b87728d-7528-41a3-a5da-3e157c4daf61,
04718cfe-e5a5-40ed-b2b0-fbbb5f5df81c,7d259000-936d-40cb-9e5b-d81b3a5d3125,8fdb80d3-686c-4913-8fc6-48ef057a0554,
eff5568c-f602-47bc-bb27-296df1e859c0,7d259000-936d-40cb-9e5b-d81b3a5d3125,973a155e-6789-46c9-b1d8-0d8d05deb944,
1d731acb-2c9c-4b51-b3ac-4be94118d017,7d259000-936d-40cb-9e5b-d81b3a5d3125,c11a0086-464f-4d49-8414-9a4dec968cc5,
3c7341f0-93e1-4c1b-9085-6a77fd473044,7d259000-936d-40cb-9e5b-d81b3a5d3125,dcdb14c7-e460-4a46-a5cb-f54a348b83e1,
41c2e021-bd98-41e6-8367-5849ecefdd99,7d259000-936d-40cb-9e5b-d81b3a5d3125,e094efa3-d7b8-49e1-ae5d-1d9b1d78e7d7,
9acbdc06-ed3d-4f37-bd2c-e0a3bb534ef0,7d259000-936d-40cb-9e5b-d81b3a5d3125,e4698b26-3578-4aac-8d98-0c67f06f4a1c,
c6961e00-7747-4ba6-b7fc-e58146812e32,7d259000-936d-40cb-9e5b-d81b3a5d3125,f3378b59-4262-4655-bd66-f2169412f737,
6148087e-abe4-4441-8f59-ffb5ac710c1c,7d53a9a4-96fe-479d-867b-561e741b6108,08d513bc-87de-446e-af97-d4d9de7d65ae,
3178e1d9-2f39-4b6b-a07d-2ed51e31ed8c,7d53a9a4-96fe-479d-867b-561e741b6108,10245f63-649f-4c55-801d-c628d81a0b3e,
6aa97b86-0bf5-49ef-97f6-49394905d857,7d53a9a4-96fe-479d-867b-561e741b6108,179e4b03-3820-4943-bce0-12ece4e87b9f,
30dfb962-b1d4-459f-a539-ccb281c8f82d,7d53a9a4-96fe-479d-867b-561e741b6108,1dfa0eaf-6ebd-4ce5-8a6a-16e23444a0b7,
ec560dc9-6072-4c28-91ee-9d95a91a49b3,7d53a9a4-96fe-479d-867b-561e741b6108,20ac983e-13b6-4af9-8189-fb80e5920d0d,
879be9ea-4585-422a-9748-a4fd763a0cc3,7d53a9a4-96fe-479d-867b-561e741b6108,27721bd1-7207-4c8e-b62f-c8b6d56d67e8,
6884bb18-5d37-4347-8d43-99a8aeecd92b,7d53a9a4-96fe-479d-867b-561e741b6108,293432bd-07d4-4d92-b997-33951b624aa3,
62b9a835-ac5f-4d92-bcd4-ca11fc434fb5,7d53a9a4-96fe-479d-867b-561e741b6108,2ce30e30-6c97-444d-b219-787bfa0664b0,
8f1c2b0e-4b6c-43a5-ba0c-97537c6f78e3,7d53a9a4-96fe-479d-867b-561e741b6108,3ca8b648-3e02-4819-ac44-257e1da50c9f,
81d628f1-5147-4ab6-9391-7ebbf23fedef,7d53a9a4-96fe-479d-867b-561e741b6108,55086b16-691f-4bfe-a911-131c3b41f04d,
f69be8e4-9f97-4bd9-83c8-6b99f1a3fc7f,7d53a9a4-96fe-479d-867b-561e741b6108,56c48825-e3be-4de7-a757-91aaa8b27ccc,
5bff4f10-865d-4da6-8d43-aec89153d47a,7d53a9a4-96fe-479d-867b-561e741b6108,6975bcbf-2af0-438a-9a31-24240ae5c161,
c8c75ae6-bb93-4c5d-aba7-994208293d86,7d53a9a4-96fe-479d-867b-561e741b6108,6cf0adc1-d7d7-4495-87ea-486eeed73e1a,
b51e38f8-a3cb-4112-afb2-f6454250e803,7d53a9a4-96fe-479d-867b-561e741b6108,6e9acd83-ddc5-4706-b042-63c1084c9ae2,
088c88e0-4cbf-44a3-8b59-4637ee59cc3e,7d53a9a4-96fe-479d-867b-561e741b6108,90357400-f677-49af-9766-e3f9254a70d2,
c59b9756-edc2-4760-bc0b-a84ceaf0bbd2,7d53a9a4-96fe-479d-867b-561e741b6108,95c680f5-213c-478d-a488-c6d5c0ff6030,
fe4f1899-d489-4484-95eb-4c538b7b988f,7d53a9a4-96fe-479d-867b-561e741b6108,a2c8f7d4-c7b7-4c23-ba40-1cc3250345f1,
6db933df-a600-42f5-8bcb-bcb06285bce0,7d53a9a4-96fe-479d-867b-561e741b6108,a3f35622-1135-457a-98f8-c1986d0d6f8b,
c06b333c-e516-4100-9eca-f544ba37a679,7d53a9a4-96fe-479d-867b-561e741b6108,b0540958-d872-4090-8aa0-35548efc3b7e,
c0321974-3d7d-4979-aa7e-86d9046fda35,7d53a9a4-96fe-479d-867b-561e741b6108,b882159e-ee68-4618-a6a0-74bb48f9e1fb,
5a3a90f7-d1c0-4e84-9283-beaae5bb98fb,7d53a9a4-96fe-479d-867b-561e741b6108,ba57de6c-b21a-4f90-8961-878857b3fa14,
52a91993-81b5-4809-b494-cda2df708340,7d53a9a4-96fe-479d-867b-561e741b6108,c53ac1b0-dcf7-4676-b380-399075af62bb,
29bd6de5-e6f9-4e1d-9f20-7b72b135524e,7d53a9a4-96fe-479d-867b-561e741b6108,c7ebcde1-7adf-49e5-83a3-fb3aaf82a0dd,
bf49735c-540c-457e-875b-e175f8f81477,7d53a9a4-96fe-479d-867b-561e741b6108,ca712d45-cc72-407b-a966-7042e5db4522,
e7afac64-26b9-4551-8780-165727edb9f7,7d53a9a4-96fe-479d-867b-561e741b6108,f6b83fbd-af00-44a0-ab28-5915b5832894,
a0460d55-5972-424b-918d-e19affc0150d,7d53a9a4-96fe-479d-867b-561e741b6108,f715c095-469b-4ffb-bcfa-0fc5aa08d5fa,
7c77aa94-9032-433b-8fe3-3be417ea9416,7d53a9a4-96fe-479d-867b-561e741b6108,fb694de4-8690-4c53-84f6-2c6b1879d547,
b2d39bae-4450-4db6-9218-1c8e4d1d8cdf,7d5a7ae8-2363-48aa-a4f3-84686e8dfffa,0676d76e-8b95-401d-8815-b3089b6d8f61,
45455519-a103-4d7b-b8e1-6ee63215db76,7d5a7ae8-2363-48aa-a4f3-84686e8dfffa,2a2e292a-298d-467d-b97a-2186ac7e083e,
4b582ea9-6f99-4682-82ec-31ec090e71cf,7d5a7ae8-2363-48aa-a4f3-84686e8dfffa,47f016c4-ce56-4729-99b1-8c9ce7b9770e,
a0eb1c6a-1250-4c0b-8d6b-bce4b287eda2,7d5a7ae8-2363-48aa-a4f3-84686e8dfffa,497e3610-0b39-45e1-9d83-1525ed663ced,
fb2a7bc3-ec79-4aff-b37b-117a5641a8aa,7d5a7ae8-2363-48aa-a4f3-84686e8dfffa,52ebcd5b-6dba-4726-be26-856151e5cec7,
399d848a-5d65-4616-9b97-ae5a32fcfc84,7d5a7ae8-2363-48aa-a4f3-84686e8dfffa,7d5be1b8-cb4d-46ad-b103-7e75e2db0fb4,
3d2a7731-3299-4d44-909b-a33df355d6c1,7d5a7ae8-2363-48aa-a4f3-84686e8dfffa,b04de080-b7b0-4e44-9e43-e4110fc37068,
86e6816b-630f-4fce-a220-c714935958d5,7d5a7ae8-2363-48aa-a4f3-84686e8dfffa,bfa4b772-1015-47f1-8b23-c5bdd68dc897,
4bbc6d1b-d918-4ceb-b781-cb8dc845c2a3,7d5a7ae8-2363-48aa-a4f3-84686e8dfffa,e9738d3f-08ad-4d2e-b66f-f221ccc272fc,
dff6c2cf-5c37-4ad9-8a09-0231143c66c3,7d5a7ae8-2363-48aa-a4f3-84686e8dfffa,ff9fcd35-edc4-4cc6-ae0d-985bb3e4d062,
dcf9ce68-8086-4cd7-a7e2-64c2d78a3dd9,7e83a8ac-8deb-45e7-a66c-ecf640461892,100c7246-14c9-4a93-9221-edf7536d8e24,
4420e68b-762e-4e88-a15d-bd01d7cb0cbd,7e83a8ac-8deb-45e7-a66c-ecf640461892,1e171bed-5209-4319-8faf-49985ab5a20c,
426c85c0-9d6a-4ccc-9b99-fafc9d85134c,7e83a8ac-8deb-45e7-a66c-ecf640461892,33e806ec-0a30-41c0-9726-bd2afaf9d2a4,
d647026a-1caa-42fb-afc2-429562698ec4,7e83a8ac-8deb-45e7-a66c-ecf640461892,855700c6-3393-421f-a037-f881470b2864,
9b927cc9-de0a-498b-9b02-ea64de4806ee,7e83a8ac-8deb-45e7-a66c-ecf640461892,9bbbf33f-fa70-4a71-9961-379ec116dafc,
4ff47596-282c-46e8-92b2-a316c5ab37a7,7e83a8ac-8deb-45e7-a66c-ecf640461892,a9ae9172-6682-45c6-b161-f8955bc43021,
bac7dcfd-db93-45ad-91d1-c8d25674b3f0,7e83a8ac-8deb-45e7-a66c-ecf640461892,a9d4f27e-55f8-4f73-a764-b45f47e424a6,
0d52b5be-f5d6-47ea-a1bd-b2155e39e9dd,7e83a8ac-8deb-45e7-a66c-ecf640461892,b378cc8d-232e-4eaf-b046-a3877f780d65,
2fc37f9d-0ebd-4da3-8b3f-0bbde054e05c,7e83a8ac-8deb-45e7-a66c-ecf640461892,c9582b73-2805-47fd-95e3-911a8662e337,
b9c461b5-8848-44bf-a40e-7d1e1a5b7e14,7e83a8ac-8deb-45e7-a66c-ecf640461892,d3354d9e-9690-4359-a0b9-8422cb66b67e,
c6a4d851-3656-47b8-b271-7a69b93eb35e,7f4dc7a8-b96e-4e27-885a-eacc98fb6720,03047a12-9d7b-4cd7-9695-8712aba895c0,
4cad59e4-8fe4-40d6-8360-edb1bf277f83,7f4dc7a8-b96e-4e27-885a-eacc98fb6720,03d71d5a-a995-4ee1-8be9-8bc2e4c5eec7,
b6a0e0de-8795-4c49-a728-e15f73c97513,7f4dc7a8-b96e-4e27-885a-eacc98fb6720,0e54de5a-d13c-48dc-9783-44a761ca6e44,
431155ad-e4ef-4a88-8b6a-bd139287281f,7f4dc7a8-b96e-4e27-885a-eacc98fb6720,106fa666-4a22-4095-8d9a-9161b7fafc3b,
aac809b3-9af6-413d-b053-54062ff3592f,7f4dc7a8-b96e-4e27-885a-eacc98fb6720,10b1bc5d-0f22-4331-ba8f-c3607281c716,
794f92f6-c1ce-445f-ad09-44381270f67b,7f4dc7a8-b96e-4e27-885a-eacc98fb6720,122e265b-3b1f-4c2d-b533-cf1f12dd570e,
9b7bc499-f96b-41a3-b7f8-1198a85d5505,7f4dc7a8-b96e-4e27-885a-eacc98fb6720,13f4e689-e97b-489b-b40b-74119f70e901,
0779bc3b-4d6e-437c-9378-7aef67c4a038,7f4dc7a8-b96e-4e27-885a-eacc98fb6720,15624f06-2182-4dd9-958b-1ab2b8fc7aeb,
fd2db48e-07da-45e3-b4ad-3274ebc91a40,7f4dc7a8-b96e-4e27-885a-eacc98fb6720,203a3304-785d-4501-8282-67165a57ce93,
b4c0a1c2-2bd7-4c69-b184-f1780da28f4a,7f4dc7a8-b96e-4e27-885a-eacc98fb6720,24af5921-806b-45d5-b5e7-41a511436d4b,
9f310121-2ffb-4d56-8b7a-a196d7019349,7f4dc7a8-b96e-4e27-885a-eacc98fb6720,28ae77c5-af8b-46fb-9886-c7db3c6c282b,
ff7b738f-eb96-4850-b193-a302e56ec3f1,7f4dc7a8-b96e-4e27-885a-eacc98fb6720,3260b1ce-a7de-408b-b9b4-fc34509850f0,
af51fd06-17a7-497d-96ef-106788bc92de,7f4dc7a8-b96e-4e27-885a-eacc98fb6720,38ebecc3-e744-4752-9c1e-5989d6f9fb5b,
75c20984-44c1-4a60-8108-f1390c7889fb,7f4dc7a8-b96e-4e27-885a-eacc98fb6720,3ce45ed0-0c0f-434b-a27c-261ed542c551,
ad5d4ddd-241b-4574-adc2-dccf327b8461,7f4dc7a8-b96e-4e27-885a-eacc98fb6720,411d6f61-aa89-4f47-a028-a1a865d60314,
44327608-5120-4484-98dc-20f8c28d7660,7f4dc7a8-b96e-4e27-885a-eacc98fb6720,4169002f-59cd-4033-834f-6e913efa5bb9,
2dfc450a-52bd-4820-9808-c0270204cd1b,7f4dc7a8-b96e-4e27-885a-eacc98fb6720,48690afd-f74e-4b3f-87d3-e3ffd9b1a694,
b998831d-4c86-4efc-b695-7b16931ad2e6,7f4dc7a8-b96e-4e27-885a-eacc98fb6720,4b9b2fd9-7ee4-4ecb-ba38-fc6ba595b424,
24b688b4-7cea-40c1-98d4-11d9c28a6dd4,7f4dc7a8-b96e-4e27-885a-eacc98fb6720,4c971766-b835-45f2-857b-8ecfa06b844f,
82046fbc-0283-40f7-ba7f-e216534b7eee,7f4dc7a8-b96e-4e27-885a-eacc98fb6720,553a41a4-7c21-4b33-b5ba-c073ac6f1e5c,
9ec68fb1-df01-45df-8d14-463dd00661af,7f4dc7a8-b96e-4e27-885a-eacc98fb6720,55734046-3664-42ca-bad0-8f2e8f680d93,
4eb33b88-c8da-4808-806f-fcfdad120f20,7f4dc7a8-b96e-4e27-885a-eacc98fb6720,58d2fcd2-d197-421d-b852-be2cea2ecedb,
c3f0b6dc-ebf5-4382-94be-e44e6349bec5,7f4dc7a8-b96e-4e27-885a-eacc98fb6720,5a1e0231-5981-489b-b76c-200a750a5c33,
92893d5e-ea26-45b7-a9c3-a5d98b2b9e4f,7f4dc7a8-b96e-4e27-885a-eacc98fb6720,5bb64dde-1965-484e-8ec9-b1e620207e3c,
2ab30878-d30c-49aa-8117-7783038d6e5f,7f4dc7a8-b96e-4e27-885a-eacc98fb6720,5c675905-f762-4a45-ab20-61ddef15e2b9,
e672aea7-90f7-48f4-9392-658a8ded19fc,7f4dc7a8-b96e-4e27-885a-eacc98fb6720,624ee45f-415c-47f5-acd4-45e8c7ad26d8,
cc3b1107-3eb8-42e3-ad61-f0fe547f6de0,7f4dc7a8-b96e-4e27-885a-eacc98fb6720,62cba319-4b90-4be2-b3fd-ef144ca33a24,
f1fa2015-dd1e-4116-9b96-999295b23c11,7f4dc7a8-b96e-4e27-885a-eacc98fb6720,6ab06f04-4a44-4b17-b8d7-4af45d130cb1,
b6f3c813-672f-4179-af7a-7b53f7900987,7f4dc7a8-b96e-4e27-885a-eacc98fb6720,6ac52033-b7a1-4742-9563-320043262636,
23b05ca4-36e8-4bb5-8fba-84d621dbb5b1,7f4dc7a8-b96e-4e27-885a-eacc98fb6720,7180dd2a-d006-480c-a186-0096dbb5ad5f,
80ff7c86-f971-4d4c-a874-6704083fd382,7f4dc7a8-b96e-4e27-885a-eacc98fb6720,72c74f16-aed6-45b1-97a7-7c8a873a4452,
078fabd5-1e3c-4d87-9c5a-44bad6969c2f,7f4dc7a8-b96e-4e27-885a-eacc98fb6720,76ad13f0-b2e8-4bcb-8929-37ebf8a5b5b5,
d93976bd-074f-4e01-aa27-b29e5e3648d9,7f4dc7a8-b96e-4e27-885a-eacc98fb6720,784a9aed-9047-427f-a290-6df9e5340037,
d1294449-b534-4a65-85ff-73e2089bdf06,7f4dc7a8-b96e-4e27-885a-eacc98fb6720,793474e1-149c-43a9-8602-d57ef4860cc9,
ae24e9f3-80f5-458e-89ac-6d11006764e3,7f4dc7a8-b96e-4e27-885a-eacc98fb6720,7b0a0135-9a0b-40e5-a81d-c4278b782e11,
be2dbdf7-79b8-4717-88ce-7e36b45b6b69,7f4dc7a8-b96e-4e27-885a-eacc98fb6720,7e18ad56-2fe0-4d07-aff4-f550f2bb69c8,
87223c25-cd6d-43e3-b9b8-2f7e521fba07,7f4dc7a8-b96e-4e27-885a-eacc98fb6720,8ad8fa34-ca5a-48a4-b4f2-23637bffe046,
992d51bb-6a74-4967-a4fd-4d0769fc1ef4,7f4dc7a8-b96e-4e27-885a-eacc98fb6720,8fe328d0-1ef2-4809-a148-3bf5c3c3132a,
dde51d64-e8ea-4332-90f9-781ee23a7276,7f4dc7a8-b96e-4e27-885a-eacc98fb6720,9300adca-a728-488b-a268-2ad6f52fb8b1,
9d2d5a1e-a1b8-460e-b9bd-4d272fa2acbc,7f4dc7a8-b96e-4e27-885a-eacc98fb6720,96701b67-cb0e-4f0b-80f7-5dc34e048759,
6b645065-0ee5-4b97-9034-ebbcee5f00e8,7f4dc7a8-b96e-4e27-885a-eacc98fb6720,99257bd8-86eb-4282-8413-5daf19cd51e5,
545234c7-dc1b-474f-a736-be53c8f94ee6,7f4dc7a8-b96e-4e27-885a-eacc98fb6720,9ebfedd9-b714-49ab-98dc-cfcedcaf1b91,
18d1e2fa-d99b-4288-b9c7-ab3aaf120fa2,7f4dc7a8-b96e-4e27-885a-eacc98fb6720,abc44bae-c2d6-494a-a3af-49287b17f89b,
efd0ba28-3eaf-476d-8a27-9c40e4fb1ea3,7f4dc7a8-b96e-4e27-885a-eacc98fb6720,ade813e3-b407-4864-a0fd-80d8b9ee430b,
488c4645-4d71-4925-9ffb-7d5edb7899cb,7f4dc7a8-b96e-4e27-885a-eacc98fb6720,b1a058cb-0e1f-410d-bcfe-ddb6849224c5,
82488e14-8349-441a-929a-7d24924de780,7f4dc7a8-b96e-4e27-885a-eacc98fb6720,b53e69b7-eb1f-419d-a9ef-e7f2bf814e15,
59c0004c-dac6-4b43-8a71-68352840f86f,7f4dc7a8-b96e-4e27-885a-eacc98fb6720,b5b6769c-4115-4c3e-9cd0-c7e9758ff930,
3d7ffc3c-6d4a-4af2-8bac-b556c6fe03d4,7f4dc7a8-b96e-4e27-885a-eacc98fb6720,b8d31c05-01e2-492f-95c5-9246bc501d22,
66afa482-14dd-4bd3-a262-7b14912ceceb,7f4dc7a8-b96e-4e27-885a-eacc98fb6720,bfaee0aa-a2c2-4205-ad54-d84d5f472d4f,
ce456dc0-bafa-421b-8dbd-9afa1c0ed273,7f4dc7a8-b96e-4e27-885a-eacc98fb6720,c172ca1e-e34f-4144-b417-af96fcb54908,
a5b0c2cb-69b8-4ed6-b053-ed38c61bd7e0,7f4dc7a8-b96e-4e27-885a-eacc98fb6720,c3e8b60e-0eec-4226-b365-e289c6aa2b05,
999d68af-b2af-445b-8b21-2ee0096db492,7f4dc7a8-b96e-4e27-885a-eacc98fb6720,c6d29ab7-90a3-4c9f-be50-c5b43d374bfa,
eecab30e-40a9-4ed6-8d20-ce6f14991374,7f4dc7a8-b96e-4e27-885a-eacc98fb6720,cae3b53c-3edf-4744-a831-c04ff20e7492,
ed8cf91d-c923-4973-a55c-1821e3531335,7f4dc7a8-b96e-4e27-885a-eacc98fb6720,ccc46dc2-3ee7-40d1-a422-a72f57be044a,
f8d26598-1efe-466e-8a01-ae5f372e397d,7f4dc7a8-b96e-4e27-885a-eacc98fb6720,cdbdfaa3-1658-4f5e-a632-c1676cb6f6b4,
a1eb77ef-e696-4c8c-8cdd-2d455e8b851d,7f4dc7a8-b96e-4e27-885a-eacc98fb6720,d3285c23-a5dd-42b8-b546-5063a21acc5a,
c6eae9af-1eec-452a-9b13-f293a6b35c0d,7f4dc7a8-b96e-4e27-885a-eacc98fb6720,d7ba6801-ed66-4a32-8dfc-585b38fa1df7,
de0f84bb-0702-4230-adcb-edfb2a74655a,7f4dc7a8-b96e-4e27-885a-eacc98fb6720,dc7a637b-88e9-4402-ace0-80524f057007,
5684c4e8-2d06-4f89-ab71-8f724c3306f0,7f4dc7a8-b96e-4e27-885a-eacc98fb6720,df319ffd-1947-41a1-b2af-ef7d4dc96df6,
e6c6c4b3-d9c0-4e14-85ea-a98aeac60166,7f4dc7a8-b96e-4e27-885a-eacc98fb6720,e609549e-094f-4413-9acb-75b775e43858,
825a29da-8d18-41de-8b0c-2cde637f1b58,7f4dc7a8-b96e-4e27-885a-eacc98fb6720,eb33ac8e-05d5-4244-aaec-b45dfe3781d6,
2d8e15a4-361b-414e-9d83-5fd0a18c67d5,7f4dc7a8-b96e-4e27-885a-eacc98fb6720,ed97b821-7cad-43a0-ac2f-1511ef1bbfae,
5013280c-3bef-4667-81f4-813ebe5fe145,7f4dc7a8-b96e-4e27-885a-eacc98fb6720,f302c941-c7cf-4d03-a4aa-e162e4843a00,
7387d8ae-70a5-488f-b3d8-ff41ab7bd63b,7f4dc7a8-b96e-4e27-885a-eacc98fb6720,f35ca550-ecc9-41c9-a4dd-d767386e8e5d,
c89ec876-d904-412d-b3e9-b1c605ced693,7f4dc7a8-b96e-4e27-885a-eacc98fb6720,f4be4d86-b1dc-4308-bab5-0743b38623f0,
a12169d9-ea84-4f34-bf5b-a175a7f6968b,7f4dc7a8-b96e-4e27-885a-eacc98fb6720,facc2a72-959c-4307-819f-c23d5d0c19d6,
00daef07-9b45-4659-9cff-c2e2135d1f64,7f4dc7a8-b96e-4e27-885a-eacc98fb6720,ff180e70-190c-4ba0-8e97-51cf2f1b41c5,
51a13fe4-242a-4907-9302-762c47181552,7f4dc7a8-b96e-4e27-885a-eacc98fb6720,ffa15c29-e832-4131-9048-4fe1bd464ac2,
2fdf4259-8f6d-4d04-853c-73bc308d9edf,800b24db-7acb-4350-a386-f02ad08e06be,415bfdc6-df62-4dba-8ac2-050b20fd40c5,
f324c756-9142-4c60-ba03-50453cfb79ff,814d89bc-6814-47c4-91bd-ae1984fe39f2,0f34d4b1-59f5-4fb9-acec-f7049abf9787,
023a678c-be24-4740-aacd-324977c4f6bc,814d89bc-6814-47c4-91bd-ae1984fe39f2,1007d042-e291-4720-90e4-5f5549b9455f,
a05a2b17-6a87-4700-8fd2-d48150aa1668,814d89bc-6814-47c4-91bd-ae1984fe39f2,1444739f-6c29-45ee-b7a1-29c573373330,
213d7e9d-cbc9-4b52-a9c7-8ba83ec4073a,814d89bc-6814-47c4-91bd-ae1984fe39f2,1492c802-73be-440c-ac1e-ce192463ca32,
8425308d-8f5e-4991-8d21-307d66d7671f,814d89bc-6814-47c4-91bd-ae1984fe39f2,15c424de-61ae-43a9-84aa-90c83743c980,
1105f0f8-ee08-469e-a8fc-03fe815a03b4,814d89bc-6814-47c4-91bd-ae1984fe39f2,1c62633b-6935-4170-be36-d21ecd41e3dc,
46d0bed4-0dc3-4115-a7f7-c90a6cf0b6c3,814d89bc-6814-47c4-91bd-ae1984fe39f2,26442609-1f97-4af0-ac56-e6efaec9b818,
c677b3c3-d096-4320-9d5f-ce477e298787,814d89bc-6814-47c4-91bd-ae1984fe39f2,2a2561c1-2174-4bc8-8d7d-b46a77b0603b,
2bde349d-0259-4851-a971-69d988241c93,814d89bc-6814-47c4-91bd-ae1984fe39f2,3e416a54-3a46-4029-bb1f-fe9b15faeb92,
075457bb-52de-44e1-8588-d0cb22697b42,814d89bc-6814-47c4-91bd-ae1984fe39f2,4315adfb-f708-411d-a527-4c775627fb45,
dc5c8825-94eb-44ba-887d-dc7097531499,814d89bc-6814-47c4-91bd-ae1984fe39f2,4ba178bc-8658-47d5-9973-973c7819b5ec,
7d46bd93-f23a-4784-9239-0c4e426334fd,814d89bc-6814-47c4-91bd-ae1984fe39f2,8162a67c-133d-4010-905c-7e5ea8cb9ca8,
bac7da24-edab-4b8f-9403-09472f33d194,814d89bc-6814-47c4-91bd-ae1984fe39f2,8fe07f12-cd46-4a41-95b8-c1f21ceed651,
cd040bdf-7bbb-4929-9e86-b810c02e660f,814d89bc-6814-47c4-91bd-ae1984fe39f2,933af5e7-6106-4da5-a943-f9d786db28c0,
07c79609-9703-4dc4-83d7-3e556a7749dc,814d89bc-6814-47c4-91bd-ae1984fe39f2,9f3f1a1e-d3c0-481d-a71c-b9c6124d579d,
0996c7d9-13fa-48c1-bf96-3e419600e177,814d89bc-6814-47c4-91bd-ae1984fe39f2,bb902250-713f-4a6e-a92e-300b9873faca,
872dede9-34a2-4fae-b28e-0bc03b85b9a2,814d89bc-6814-47c4-91bd-ae1984fe39f2,bdbf60e8-fb9f-4fe7-8b19-d2bb41fcb7c7,
5c3d9adb-4d61-4564-b48a-447b0c3f26a6,814d89bc-6814-47c4-91bd-ae1984fe39f2,cb3eda4e-57f4-49fd-862a-f9678236f364,
6e269db9-1a3d-4a63-b32d-eea4183807e4,814d89bc-6814-47c4-91bd-ae1984fe39f2,d0896fc7-0992-46f4-9398-ef8cf1fa6fc9,
165d9647-f2c8-4c9f-90a7-ccd9cc4f72a7,814d89bc-6814-47c4-91bd-ae1984fe39f2,e93bbb63-d86a-46b7-85d6-ee5c60fc35c8,
550f9f88-f248-4f54-b950-4538da8d3856,81911f32-305e-4dce-92bf-45b38506501a,f36716ab-58c4-4bd2-8013-b2d319667bd9,
feab1d2d-fbe6-4f05-8735-864471b3f869,8277d66e-77ca-4d5b-b25b-72ce09945625,249b79e6-f12d-4ce1-a325-00698cef1a20,
01a588ed-dddf-46cb-a501-06f7fd0283c7,8277d66e-77ca-4d5b-b25b-72ce09945625,f0cb0c96-2ee6-4d11-87f1-ef5bf1721ef8,
1e4c7af1-bcb1-40c9-8e17-38cc84a14e7c,8282e4b7-bde9-4cc2-80d9-295a751cd121,34586501-7214-4b7f-b562-cab1e328e7e6,
870976f2-fd1f-487e-a254-3453f3fabedf,8282e4b7-bde9-4cc2-80d9-295a751cd121,aadec238-4775-4644-95ec-59a32eb36ed7,
f6492d9f-002e-4c74-bc38-a6ab8a51757a,8282e4b7-bde9-4cc2-80d9-295a751cd121,ab9d0d34-c13f-47e8-b33a-b5be3b2cae71,
e57a0fc0-c8e5-45e7-82c7-3d22297206e5,8282e4b7-bde9-4cc2-80d9-295a751cd121,ac01fe33-1bd5-4a5c-895a-849a1ccfcdd4,
5be85a23-d73f-4e05-86e8-0a70efc88d3c,8282e4b7-bde9-4cc2-80d9-295a751cd121,bfcb3eff-1f44-4827-837d-7a32b48a60f0,
36914d41-8a54-4852-bbba-1961c2bfa7ee,8282e4b7-bde9-4cc2-80d9-295a751cd121,e5701f6e-4aa0-497a-89e1-f73714152d52,
1f7458e6-212a-4827-83cb-fe7b09be0e9d,8282e4b7-bde9-4cc2-80d9-295a751cd121,ff22abe2-f249-4608-8cea-34fe70c794dc,
87e3fe19-5f98-4249-b7ee-1a6713dca6d1,82b9ed42-b639-4aa6-a26b-4bb0051ff3de,1a192dc1-ae28-4ed2-94fd-a16f753b722e,
18ef9f4b-cf5a-4a3b-90ab-2a32d66d8791,82b9ed42-b639-4aa6-a26b-4bb0051ff3de,1f6817f1-3e56-46b3-a260-9553c5fd2355,
5fc6f51d-675f-4df7-86c1-482048b2620b,82b9ed42-b639-4aa6-a26b-4bb0051ff3de,484d23ca-a25d-4424-906b-1b4d7a50abaf,
ad1c7487-5b81-4f72-a636-74e9e2f6d909,82b9ed42-b639-4aa6-a26b-4bb0051ff3de,f319452c-9f4b-48b2-84fd-082d57b37f6c,
b5a80878-d214-4eec-8a7d-f421f04a6994,82bee4cb-997d-4b3d-92c3-3094dc21dab8,11e0cfaf-9d56-400a-b13c-b37cbdb1a86f,
38244950-9213-4c53-a2c4-87099eff06cc,82bee4cb-997d-4b3d-92c3-3094dc21dab8,2e28fb8d-898d-41e8-ae77-ef1cd86f7115,
f25c9017-43e1-477f-9c10-9a56ecf6f0b6,82bee4cb-997d-4b3d-92c3-3094dc21dab8,32bb8484-5d5d-4e6b-9490-3c4c434d6b1a,
0ee9529d-5e01-430f-8cf1-1c0cb19dbc31,82bee4cb-997d-4b3d-92c3-3094dc21dab8,33b65355-7bbd-4fc7-a1c3-9caadeec352d,
83a34465-b2ba-4bcc-8f0b-4edaf1fab4f9,82bee4cb-997d-4b3d-92c3-3094dc21dab8,34efa440-4413-42d6-9375-5c6757e32d50,
a580c31e-b548-4295-8e83-06948c07f78d,82bee4cb-997d-4b3d-92c3-3094dc21dab8,388dff73-0ec1-498d-9018-99b28fcfa0da,
128568b1-1d55-43f5-8ae6-07fee47353aa,82bee4cb-997d-4b3d-92c3-3094dc21dab8,38b84592-3687-49dc-b8ba-fdb392d96e7f,
cf0ded0a-4274-4493-9e2e-b012711a0cb4,82bee4cb-997d-4b3d-92c3-3094dc21dab8,44bb6602-513c-4056-9640-bbcbe5ce4b3d,
dd3ab2f9-a803-4d8b-8271-63a6b7d161e9,82bee4cb-997d-4b3d-92c3-3094dc21dab8,44ddebbb-ebe3-4987-89e5-a54edd212b08,
3c4c5cb6-8faa-4b3c-acd5-323a1965cb86,82bee4cb-997d-4b3d-92c3-3094dc21dab8,574d9993-2863-45e9-a640-b47fc6cd455b,
cfe7936d-b25d-4372-bb27-8007084cb06a,82bee4cb-997d-4b3d-92c3-3094dc21dab8,5bab5d4d-d71c-48f6-a99f-f6667f978ead,
7d1c1db4-3332-4c86-b363-deada06e18a4,82bee4cb-997d-4b3d-92c3-3094dc21dab8,6040a29d-f8b7-47a9-8116-cf68e9f011f1,
68e51e25-5ee7-481c-b577-b3f48cc1c118,82bee4cb-997d-4b3d-92c3-3094dc21dab8,61256e24-cef1-499c-9537-61db6429ac5c,
2e6cb5a6-083c-4299-a320-4c0fdf34f88f,82bee4cb-997d-4b3d-92c3-3094dc21dab8,63f94fee-1c36-4823-a790-e8dadeac87b1,
3c2162f2-8bcf-4cfc-9e9b-f58469093d28,82bee4cb-997d-4b3d-92c3-3094dc21dab8,6d9f5aeb-f7be-428c-9599-538b2ec3e9d3,
c6abd309-ab01-4891-92fc-13c9b7f9ce70,82bee4cb-997d-4b3d-92c3-3094dc21dab8,71c5047d-8439-4cb5-a748-ad46a63ae524,
200e9699-7bf4-48ad-9dbf-40b0cf9579ed,82bee4cb-997d-4b3d-92c3-3094dc21dab8,76404772-581c-47f4-bc96-7eddf3269527,
be7c1335-3809-4add-9b01-da6685fdd878,82bee4cb-997d-4b3d-92c3-3094dc21dab8,7c86ff2e-f83e-493a-94cb-a80f5dfc2234,
46f510d8-a5bb-4b3d-a2b0-d5461329cd89,82bee4cb-997d-4b3d-92c3-3094dc21dab8,8cb46fbe-57ad-48b6-94b1-7755d66b9b38,
8818de6f-4b80-4e9d-a484-797becd01cf9,82bee4cb-997d-4b3d-92c3-3094dc21dab8,8fdb804f-3a89-407e-a3eb-b06bca79bc08,
c3fb143e-0a81-4700-abc6-d1411909d010,82bee4cb-997d-4b3d-92c3-3094dc21dab8,97a8df74-4fbc-4bd2-9874-b2a64135d204,
980e281b-39bd-4a5c-86b5-470086e968ef,82bee4cb-997d-4b3d-92c3-3094dc21dab8,a9f40cd5-62b3-41b3-90a7-d9478a71bd3f,
98a2f173-c5f2-4c4d-aa67-83c3f389132b,82bee4cb-997d-4b3d-92c3-3094dc21dab8,addb9de6-a537-447a-9aff-8bb9c1d274c0,
c4d9f9f5-ef91-4459-94df-dd5cae774ca3,82bee4cb-997d-4b3d-92c3-3094dc21dab8,aff1a8f2-94be-423b-a520-3db076e1c4b4,
65465ce0-2e62-4d48-988b-3997ff9a56a8,82bee4cb-997d-4b3d-92c3-3094dc21dab8,b01ef51e-4bce-452d-b83f-969dbec855a8,
ff4c7d66-f3a6-4487-8bcb-388fd7bbd052,82bee4cb-997d-4b3d-92c3-3094dc21dab8,c1a17ebe-5e45-4246-ad4a-f779a5909fcd,
8a20b867-5159-4a50-9e66-72863143df6a,82bee4cb-997d-4b3d-92c3-3094dc21dab8,c3a83b96-8779-451d-baea-5119683cd362,
2435cde2-99c6-4f5e-b708-c609d893a844,82bee4cb-997d-4b3d-92c3-3094dc21dab8,c6be1b21-26b3-42a9-81e6-aa1e9073f22c,
6628daa2-e067-4882-a57a-4c05514e3d33,82bee4cb-997d-4b3d-92c3-3094dc21dab8,ce97474d-415e-45d3-8534-0dd494384db0,
20cd242f-07f6-44a6-80a5-1f6f2592cd86,82bee4cb-997d-4b3d-92c3-3094dc21dab8,d99e55ff-d4d1-46cf-978a-b2e37093f90b,
4d75a3f4-cbc0-41ef-ad00-7b3bbad03e66,82bee4cb-997d-4b3d-92c3-3094dc21dab8,dd403e8a-88ff-4309-ba96-45eca338c6b1,
2b30700b-1587-460e-b3f1-c8d5da44dd15,82bee4cb-997d-4b3d-92c3-3094dc21dab8,de2461b8-a933-4296-bd9a-25296aaf2a14,
d8fa566d-ba4b-477c-968b-2fc20a3b04f2,82bee4cb-997d-4b3d-92c3-3094dc21dab8,de289919-07be-47e3-ac75-bdb370ed4e7f,
e4212da7-bc90-4add-bd42-1e14a86e2655,82bee4cb-997d-4b3d-92c3-3094dc21dab8,deb26ba4-88fa-4d31-9e66-0f6aeaa898c0,
fb42367a-d9ee-45cb-944c-b62dcc23bd7a,82bee4cb-997d-4b3d-92c3-3094dc21dab8,df175f80-f901-4799-a1b4-7ea5358b2b48,
eed4932b-5b77-4555-8243-3892a4d460d9,82bee4cb-997d-4b3d-92c3-3094dc21dab8,f712a0f8-09cd-461f-a6ca-1dcbb7622fed,
d86923bb-c438-4f4c-a51c-7c5670372b8b,82bee4cb-997d-4b3d-92c3-3094dc21dab8,ff96524b-57c0-4009-bcbc-ecbded2923e7,
3f95d1d7-5370-474e-b098-71280fbb9706,8359e0cb-9a1c-4aaa-913f-f39a6af95b49,a267d3e8-3d19-461c-ab45-204a28a37b49,
762ace18-7872-4b07-bd47-d8ca0bc8bb6d,83dc6928-11ef-41cd-843c-a9d93652ec49,093cf26c-4f44-4b71-bbbc-7b0c01eb32a1,
07bdc0ae-1d77-42d4-8347-04dafc37622f,83dc6928-11ef-41cd-843c-a9d93652ec49,2bff20d1-edf6-45da-a9d1-b6e31d3af111,
95aaa48b-5490-46c1-9b46-0a7bda1f34ca,83dc6928-11ef-41cd-843c-a9d93652ec49,575adc13-8368-4f78-af81-ace93f239a7e,
0d3fd06c-786d-4f06-9f58-1207dee8313f,83dc6928-11ef-41cd-843c-a9d93652ec49,abbccca0-ba6f-4d9b-9274-7b0787fa9a89,
a34655ba-9a42-4388-a6d6-39f40020ffdf,83dc6928-11ef-41cd-843c-a9d93652ec49,d0f0559d-0da4-46ac-b9f7-b879d18b6c7c,
0bb8daa2-27c7-46ff-9e2b-fc9b54a73b08,83dc6928-11ef-41cd-843c-a9d93652ec49,d992020b-f417-44a1-b505-abad49e8bf83,
84517774-3901-46d4-a9b1-b6478a20ded1,83dc6928-11ef-41cd-843c-a9d93652ec49,e619e472-d99e-4636-bf48-3b944392c35e,
c207601b-1b87-4a11-a388-9ef4d4cdea23,83dc6928-11ef-41cd-843c-a9d93652ec49,fa813453-4f6b-4f30-a129-106e15395519,
376dd25f-7844-4793-8974-9cd03fc84b52,85ae4e54-778f-43a8-b3be-fa2f75705c64,4efac09f-139d-488c-bc58-83cc4f2bc552,
2ab3f26c-1240-4906-811e-daf48df7802a,85ae4e54-778f-43a8-b3be-fa2f75705c64,6e8077e1-a6a4-4aad-a838-994d8edf83f9,
27e1859d-7091-423e-b6b4-8ee8bf6bce23,86436260-f16c-44c4-b916-3a9bf1908d35,65838bca-f386-4200-b6ae-91c1f125cf79,
bdc9b2d1-2563-4c88-9ba9-1c20111e9be5,880fb742-cb86-4068-bd89-b344a5706bec,03938100-792d-45ba-84e5-2c9088a91fb3,
1be53a08-a480-4a67-a584-fe8fa0dad1ec,880fb742-cb86-4068-bd89-b344a5706bec,20a977a9-34bf-4f23-83eb-b8325d145338,
602856f2-25f3-40b8-baf5-4996b6197c82,880fb742-cb86-4068-bd89-b344a5706bec,28b25fe7-2041-4dd2-898f-56c0204382f5,
a2017a6f-40d4-44c0-b716-5b4ba9cdecd3,880fb742-cb86-4068-bd89-b344a5706bec,41c1fd2d-a424-47f6-8e29-91e2fee4b589,
0fa78b62-ea15-475d-9e48-dad864343cda,880fb742-cb86-4068-bd89-b344a5706bec,4e655f17-cae0-42ee-aba3-b8ad726cedd3,
490268ae-8031-4190-8960-08063e6b1499,880fb742-cb86-4068-bd89-b344a5706bec,50352b05-fc18-426d-ae94-af2a72773160,
8dce17e3-822e-4de9-b5da-6fa07d0b4098,880fb742-cb86-4068-bd89-b344a5706bec,7799c916-4e3a-42ae-a3b1-ad526d178b41,
41c78ff5-bf7e-445f-b155-a84c6631a3c9,880fb742-cb86-4068-bd89-b344a5706bec,80456ae1-3aac-4189-8cf1-0ec808ee5d1f,
480670b3-932d-44ea-8000-82f996fa7438,880fb742-cb86-4068-bd89-b344a5706bec,9c33c58d-571b-45be-853e-d8105f0fe882,
ff61b7a6-4291-47ad-8848-77b972d5ee16,880fb742-cb86-4068-bd89-b344a5706bec,a0026e0b-4a32-4971-9f90-0b614d66b8b3,
2e0cb46e-67e4-430d-be2e-553766447e72,880fb742-cb86-4068-bd89-b344a5706bec,a6c34364-bf18-4e5a-ba3e-069d247268a5,
3f837548-cd58-47e5-aa9a-73a797186d9a,880fb742-cb86-4068-bd89-b344a5706bec,abe389c2-089e-46f0-8c28-4129c1a2d09f,
1ad91f6f-e922-4edd-a2d0-4f84f2a4fb04,880fb742-cb86-4068-bd89-b344a5706bec,af4ccdad-42ee-4846-9c31-2f830af94b81,
dd85a8d9-42f3-48ad-84bd-dcae8fd61840,880fb742-cb86-4068-bd89-b344a5706bec,caa24233-5ccb-4293-91c0-5c84f9542fe9,
6e77c51b-a039-42bc-b096-652f103827a6,880fb742-cb86-4068-bd89-b344a5706bec,d0962c01-3ee8-43ab-b3d3-c1af4f90f601,
a95f1f59-6656-4025-820b-e17a5aa307ed,880fb742-cb86-4068-bd89-b344a5706bec,dadec16d-4f14-4466-b0ef-74b30ecedd9f,
42f07572-301a-46d9-a4ff-8d670247e7c3,880fb742-cb86-4068-bd89-b344a5706bec,e731ce6d-d666-442e-a0c7-8907d2edb713,
7ca70c03-3490-40ec-aa32-21fb541b2463,880fb742-cb86-4068-bd89-b344a5706bec,e882f74e-db94-453e-ad08-d16c57117870,
9e3eda4d-b5d7-4484-9912-4c3ac0a5697b,880fb742-cb86-4068-bd89-b344a5706bec,ec71c69d-e6c4-46f0-a21d-234a19dd1655,
0ec7e178-fbac-41c1-9c49-cda9d9b72052,880fb742-cb86-4068-bd89-b344a5706bec,f09ce510-289c-42a7-83e7-7a43eb3bcd28,
33da010f-a44e-4e30-94f5-a1c570daee34,8ab32787-c0ce-437a-8a2c-e1d2f7e9651c,033153d0-fb7b-42d2-8154-c5c7d29d4bae,
a2371044-fe06-417f-abd2-a40dbd65db08,8ab32787-c0ce-437a-8a2c-e1d2f7e9651c,06f8ebba-c9da-4a4b-93e3-3df2a4490f0a,
ea1d6725-cc25-43d5-89b5-8585c7205820,8ab32787-c0ce-437a-8a2c-e1d2f7e9651c,0f51676a-95bb-46c0-be07-ca9e7b9e0d51,
b6a87475-1615-475c-af24-baf8b2b28878,8ab32787-c0ce-437a-8a2c-e1d2f7e9651c,1e0aa61c-bc74-48bd-8289-e279d3cfc599,
eb2d5a06-c028-4692-8760-fca474b12d95,8ab32787-c0ce-437a-8a2c-e1d2f7e9651c,25d160e7-63c9-46e0-bcbf-f40623e47b72,
8da5626d-7590-4521-8037-d15cfdef4cdf,8ab32787-c0ce-437a-8a2c-e1d2f7e9651c,2a837663-cc3e-473c-a001-c38abafed391,
16a269b0-bce1-4e2b-8dff-bf2a17794758,8ab32787-c0ce-437a-8a2c-e1d2f7e9651c,2fbaecbd-3eeb-480b-80cd-c2eeaf2c51b0,
b01640a5-7c2c-494b-9bc8-4d80158a9a0d,8ab32787-c0ce-437a-8a2c-e1d2f7e9651c,3103cc07-9082-46da-b5df-56ca816fade9,
30b9d94f-90bb-4644-9d8f-1de829e01c74,8ab32787-c0ce-437a-8a2c-e1d2f7e9651c,32c64e7e-3dba-478c-b1e6-0ccf54b34382,
4ec1052a-8123-46dd-8e61-c417fddf201b,8ab32787-c0ce-437a-8a2c-e1d2f7e9651c,395c4459-a971-4b50-9aaf-2dc91c4451bb,
8425f17a-0e29-4e6e-bf31-d1af163fef49,8ab32787-c0ce-437a-8a2c-e1d2f7e9651c,3e1fff7b-12cd-466a-8cfe-60db5ad203d6,
c23655be-5c9a-4ec6-9b3a-c86c3c66ebe5,8ab32787-c0ce-437a-8a2c-e1d2f7e9651c,40e14b0e-ea7c-4335-b6ea-3087134dfc51,
81c3971e-159d-4a07-a4d1-016d0c1686cb,8ab32787-c0ce-437a-8a2c-e1d2f7e9651c,42fae838-3721-4fdd-ab6f-88b2aae28376,
adece5f0-a7ae-4d9f-9052-018fcf0603ed,8ab32787-c0ce-437a-8a2c-e1d2f7e9651c,4539dabe-970f-4eda-9a19-25864ac34ee4,
0e8ab019-d7e6-445c-a2e8-9b63bb6dda0b,8ab32787-c0ce-437a-8a2c-e1d2f7e9651c,45bba93c-4f14-4cf1-ab47-fe19f047ec92,
5ea67caa-8c0a-4c42-9923-b9047a9ebba5,8ab32787-c0ce-437a-8a2c-e1d2f7e9651c,48a0999b-e7ac-470f-84e9-fe663dbd84fb,
91db19bf-dcc6-49cd-8cc2-3e6ae1a2386b,8ab32787-c0ce-437a-8a2c-e1d2f7e9651c,4baf7319-b817-49a1-9bde-30b3d1db0f48,
709204a6-97e0-447b-bbe4-68c42eea2ea3,8ab32787-c0ce-437a-8a2c-e1d2f7e9651c,4d9ba787-3cd9-430b-9d43-bae6b01219e3,
aa6afc54-286a-45ba-b253-e36d2bbd7a62,8ab32787-c0ce-437a-8a2c-e1d2f7e9651c,4ffb70fb-fe10-4bbe-9033-68c33ded5d75,
ea5bb533-3fff-451f-b0d7-f0f19450e6f1,8ab32787-c0ce-437a-8a2c-e1d2f7e9651c,51eaa848-a6b4-4822-86cc-4be44cd45e90,
5271240f-bf15-417e-b527-2524526d7c77,8ab32787-c0ce-437a-8a2c-e1d2f7e9651c,530109c3-1654-4550-8a72-4907534b90fa,
44ee6f43-6959-44f8-a48d-ec9975d7aafd,8ab32787-c0ce-437a-8a2c-e1d2f7e9651c,551e8908-d9ed-4118-9d8e-8727c7186a8b,
d644facc-0ef3-4c2b-9823-1758c12e5bf7,8ab32787-c0ce-437a-8a2c-e1d2f7e9651c,57a41204-40e8-4ef2-b154-145ed84c1e33,
b051f93d-12b1-4d12-91d6-65b56f7c3600,8ab32787-c0ce-437a-8a2c-e1d2f7e9651c,57efc3c0-c61d-45b5-8e50-794a779786eb,
9106e375-af8a-4789-abda-5f0a5b980b97,8ab32787-c0ce-437a-8a2c-e1d2f7e9651c,57f59645-7734-437a-808a-37631abbd5d6,
788102a1-1762-4861-8bdf-c5bc216af69e,8ab32787-c0ce-437a-8a2c-e1d2f7e9651c,5a34dff7-67ca-4fa3-8050-4ea062b21b04,
89bb1666-ac93-411e-a1b7-70cfc38a72eb,8ab32787-c0ce-437a-8a2c-e1d2f7e9651c,5ab7a990-6d85-42fa-b781-58b5589ce5be,
0d07b1e0-c052-4032-a180-ca50891552b5,8ab32787-c0ce-437a-8a2c-e1d2f7e9651c,5c2813b0-3c92-4f5b-ab88-de7a5e72210c,
b37f02d7-0d9a-4e52-9cb5-ddff659c9beb,8ab32787-c0ce-437a-8a2c-e1d2f7e9651c,5f2e43c3-bd9a-415c-9e34-8faaf261f07c,
82f85621-2c4b-4784-b188-4af035faeb95,8ab32787-c0ce-437a-8a2c-e1d2f7e9651c,62e3783c-3dfd-43d7-bc3a-2673e742d8bb,
f799842a-c046-44da-9933-ccf90c953039,8ab32787-c0ce-437a-8a2c-e1d2f7e9651c,67d60b9a-9957-405a-b690-b53259eacd62,
594c35ab-7a62-4117-ad5b-517f3371c1dd,8ab32787-c0ce-437a-8a2c-e1d2f7e9651c,6d405005-b5aa-47e1-81d3-09e40956c8ab,
c8391eec-3d96-4e1a-b4db-b534c6fe1d0c,8ab32787-c0ce-437a-8a2c-e1d2f7e9651c,6ea087ef-fad9-4ff4-8c20-b18d6b546a40,
e010958f-05e3-48d8-a8ff-a3df5ece08c5,8ab32787-c0ce-437a-8a2c-e1d2f7e9651c,6feb0dd3-d3fb-48a3-af1b-fa20881a433b,
825bcb39-fc9a-4c35-825d-9b583645496c,8ab32787-c0ce-437a-8a2c-e1d2f7e9651c,742aa71e-94fe-4f2e-80c2-dcd1d3384c3d,
2c60b462-d971-498e-ba7f-7dea14dcefe2,8ab32787-c0ce-437a-8a2c-e1d2f7e9651c,7441ba00-c39e-466f-9df6-c8b85341e595,
911fe77d-98b7-49eb-b9ff-a098cc8e42be,8ab32787-c0ce-437a-8a2c-e1d2f7e9651c,78cf0db8-13df-4e8d-8c0f-9274aaa48bda,
31a6b5fd-2ae9-4eec-b8ec-20e12555d053,8ab32787-c0ce-437a-8a2c-e1d2f7e9651c,78d5dd04-06c9-4408-9cb5-46dfa4acd62d,
d861d5ec-8275-405d-aaca-7905ffde0ded,8ab32787-c0ce-437a-8a2c-e1d2f7e9651c,79aa6157-aa58-40a2-9d1a-395d29ae8f67,
6b5b0dba-179e-4f2d-84a4-adfdcda2ee72,8ab32787-c0ce-437a-8a2c-e1d2f7e9651c,7ced51cb-1473-407d-83ae-5e89247fcfb5,
3d6d0d46-4223-47e7-aa36-9fc7a3191df1,8ab32787-c0ce-437a-8a2c-e1d2f7e9651c,7df6e56c-8fb6-450a-ab7d-eaffbf5360ab,
c48e21c1-19ab-43b9-951d-7467aca81230,8ab32787-c0ce-437a-8a2c-e1d2f7e9651c,7fbfbe6e-042b-4da4-80c4-8e5c9e5dc35b,
c292cf87-dd89-4011-896d-503ac31fc9be,8ab32787-c0ce-437a-8a2c-e1d2f7e9651c,80c15919-18ff-495e-b124-6348918dbfa6,
7d2c73c2-0ce4-4800-9606-082f450234a4,8ab32787-c0ce-437a-8a2c-e1d2f7e9651c,83d288b0-87b6-42ea-9159-4354e375a489,
d6d7b230-438e-493d-991d-0a15c605e9a0,8ab32787-c0ce-437a-8a2c-e1d2f7e9651c,84955732-dfbc-430a-8925-4a5503b1d109,
9ba24339-e554-4c73-9ac8-a04f47a0fb8f,8ab32787-c0ce-437a-8a2c-e1d2f7e9651c,86678588-766b-411f-991e-a9ee8af5a314,
5a0889cb-6718-43ad-bedf-30d657462bad,8ab32787-c0ce-437a-8a2c-e1d2f7e9651c,880efcf7-7f2b-473d-a5b0-8e25fcde0e89,
e3291332-e599-436b-9a0c-fe84c19bfc7c,8ab32787-c0ce-437a-8a2c-e1d2f7e9651c,8c816a06-e83f-46fb-a2a7-e4890b78afb2,
b0292a7a-e84c-487f-bd80-d3dde0ede72e,8ab32787-c0ce-437a-8a2c-e1d2f7e9651c,8e98a282-7120-4f33-921f-b8dd009bff5f,
4ccf2883-397b-4d7d-b949-6f0eb5d2860d,8ab32787-c0ce-437a-8a2c-e1d2f7e9651c,9287884e-daf1-476c-ab51-bd3c5581f921,
2409d624-1bb9-44fb-a699-58b306c442d6,8ab32787-c0ce-437a-8a2c-e1d2f7e9651c,93cc6039-9092-4e5f-84b7-77c7ebfe7789,
4fdf9af6-ec9e-4f7d-a0fc-73b0716845bc,8ab32787-c0ce-437a-8a2c-e1d2f7e9651c,949cb7d5-4113-440b-a1d8-97e299bb7666,
564c2fbc-a47e-4376-a4c4-54b3db381fba,8ab32787-c0ce-437a-8a2c-e1d2f7e9651c,987e39cd-29d2-4610-acea-22b3d32bb1f4,
84b9f503-5cb9-4dcf-b1ac-dca179520d6f,8ab32787-c0ce-437a-8a2c-e1d2f7e9651c,9bce23ae-1d9c-424d-8186-5919368ab76b,
05475cc7-74e7-4caf-b18e-fd9ec7806d47,8ab32787-c0ce-437a-8a2c-e1d2f7e9651c,b0b37d7f-4ea5-44e7-886c-397c187ed015,
08461e05-a657-4b7c-92b8-bc04b3a98cb6,8ab32787-c0ce-437a-8a2c-e1d2f7e9651c,b34f0085-28c7-4fb3-9761-99b294fa781b,
adbaa38c-45fb-41f9-aab1-b316f657c11a,8ab32787-c0ce-437a-8a2c-e1d2f7e9651c,b541aab2-e40f-4d7a-85c0-3edfb52e02df,
e1d13bf8-a602-4317-99f1-c6b0edc8a272,8ab32787-c0ce-437a-8a2c-e1d2f7e9651c,b58200d1-d954-4acd-8db9-14969aa131c8,
48508108-8f2f-4b73-863a-6ae088abc1a9,8ab32787-c0ce-437a-8a2c-e1d2f7e9651c,beead512-de3c-4b94-9062-37c8d027bf1b,
d138da35-3be9-4944-9d4a-4c8fe0ab2d3b,8ab32787-c0ce-437a-8a2c-e1d2f7e9651c,bfb7fa2c-a627-4188-9cb9-4de2f334db3c,
0cb57246-8a09-4dce-b75c-941de035a770,8ab32787-c0ce-437a-8a2c-e1d2f7e9651c,bfd00b45-4d0f-42d9-bb3c-be92bf6e5b29,
1af581b2-767b-4553-8199-a7c24e61905f,8ab32787-c0ce-437a-8a2c-e1d2f7e9651c,c05b26e3-dfba-4bf1-8592-b7e899afdc26,
7bc08e12-1ee5-4113-9fb2-2d69c0f39630,8ab32787-c0ce-437a-8a2c-e1d2f7e9651c,d06d50c3-8a31-4816-a245-890850cba9ee,
2228006d-64e2-40ff-856f-376df393d77c,8ab32787-c0ce-437a-8a2c-e1d2f7e9651c,d576d95b-8ee2-44d1-bc6e-2e7ab54dc507,
b6ce7e6c-e636-4c5a-9733-f46746d24eb0,8ab32787-c0ce-437a-8a2c-e1d2f7e9651c,d8ca060c-9150-4fa4-830b-b7b6606aafe1,
30fdfa8e-c908-4ac9-b2da-1e184febfa0c,8ab32787-c0ce-437a-8a2c-e1d2f7e9651c,e5b96a4c-39e6-457c-86f1-ade84169748f,
b1474c8e-6c17-4fc9-8267-71737eec01ec,8ab32787-c0ce-437a-8a2c-e1d2f7e9651c,e888023b-c7ce-4dc9-819d-4e30e24c0197,
f2ca5e2e-118e-4792-87bf-96e0950859b4,8ab32787-c0ce-437a-8a2c-e1d2f7e9651c,eac74506-2429-48e3-8758-94752dcecbfc,
bc55285f-d277-4617-ac75-c77020ac2f8f,8ab32787-c0ce-437a-8a2c-e1d2f7e9651c,ebed4327-a7dd-4633-a44d-f7b821a03c3b,
8039d125-6c80-4322-aabc-6b99e2e67967,8ab32787-c0ce-437a-8a2c-e1d2f7e9651c,ec008d25-54c6-40b6-8937-ffdd7e874252,
233ffa8b-6f11-4e37-9054-ea78a0c43584,8ab32787-c0ce-437a-8a2c-e1d2f7e9651c,f2f3eae5-a0a0-48df-902b-c4362f83c472,
3a534c35-c809-4ff0-b8b7-97c8c0c5f235,8ab32787-c0ce-437a-8a2c-e1d2f7e9651c,f43fa558-65a7-4b98-8c7b-3449aaf8766f,
80e60366-daf9-43cd-b881-c1aca79ec431,8ab32787-c0ce-437a-8a2c-e1d2f7e9651c,fd0ee8be-da09-4a32-aabe-ed4b74fcb176,
5e61d7e6-0fe2-4462-95f0-651c5c067ffe,8ab32787-c0ce-437a-8a2c-e1d2f7e9651c,fe504e7b-3f0d-440b-b7db-2d45a42690d9,
a5438e9c-0419-4484-832d-60efb8b747cb,8ab32787-c0ce-437a-8a2c-e1d2f7e9651c,fed26fd4-e581-401d-ac9e-414809f1ce96,
0601257f-2f45-4567-b073-7dc067e6bf03,8ab32787-c0ce-437a-8a2c-e1d2f7e9651c,fed3ff20-a701-4194-98ff-bf440512a009,
62f3d961-36d5-450a-9d04-5518791ba67b,8c5e2805-2e0e-42b7-9976-298a9b97a7a7,141df44d-695f-4464-802a-d8fb7a6be534,
0706fd71-f04c-495f-ad3c-a95cc6990a7d,8c5e2805-2e0e-42b7-9976-298a9b97a7a7,4fc8cf4b-8048-4567-b2bc-9593da7304e6,
50230371-f0b4-43cb-a0ad-6e575de19abe,8e27eb63-6cc7-4c78-8d92-61e1dbfd7361,0461a815-b8e4-4913-abfa-df9d02c3a054,
012009bb-fbe5-46f9-8656-208851eb0fb2,8e27eb63-6cc7-4c78-8d92-61e1dbfd7361,06b44f55-9648-41ad-bfe3-d3bd87f46861,
51dbf825-7ace-4b25-89aa-e5b84bb4e0f8,8e27eb63-6cc7-4c78-8d92-61e1dbfd7361,098eb28e-cb67-410b-9db4-5aa4ec70e632,
72d938a1-c96d-4ee3-b45e-9b650fc9d5fb,8e27eb63-6cc7-4c78-8d92-61e1dbfd7361,2b9db18a-da98-4e77-bfc7-3d330f09f1cd,
fe6bd3e4-10dd-4039-808f-ee7b15024c8b,8e27eb63-6cc7-4c78-8d92-61e1dbfd7361,2c172b9e-dd4f-4fac-8a9d-06128d2ce7c4,
e44971b9-b42d-44a9-8988-5b3654434f22,8e27eb63-6cc7-4c78-8d92-61e1dbfd7361,2d4e3957-24b7-4d68-9a80-6cbbf07d99cd,
312a723d-55ac-44db-a2f5-c08db0071f4f,8e27eb63-6cc7-4c78-8d92-61e1dbfd7361,2fa6e784-087a-4142-a948-50c4aaa4cddf,
7bd970ed-06be-41be-92a1-ad71f6ec9711,8e27eb63-6cc7-4c78-8d92-61e1dbfd7361,47da2786-00ae-42d6-952a-c407b925ec15,
523a5165-30ae-4d44-8b54-887515eb06e3,8e27eb63-6cc7-4c78-8d92-61e1dbfd7361,4ccb540a-bcd3-4907-869e-7187582da8e2,
3866d715-6542-4846-aa22-da174add6360,8e27eb63-6cc7-4c78-8d92-61e1dbfd7361,4d5a86e0-fd61-40f4-a800-5c0c637a958f,
54075b6c-de7e-436d-9fe9-c9be722d81aa,8e27eb63-6cc7-4c78-8d92-61e1dbfd7361,528c3e7a-a8d8-4128-93f4-0e8565198334,
2d9dc53d-6f57-471a-8d5d-74957e01f00e,8e27eb63-6cc7-4c78-8d92-61e1dbfd7361,54338fd3-c3e4-4e5c-b1f4-bc7d2ae853f1,
e1ba0bb6-1e58-41ed-9f42-73d60f28d83f,8e27eb63-6cc7-4c78-8d92-61e1dbfd7361,59c041e5-ba55-4aad-9e57-166f03e3834c,
d4bd97e4-934f-4f85-b72c-3020348c7865,8e27eb63-6cc7-4c78-8d92-61e1dbfd7361,5c0118b1-1046-48f3-bc8a-c83e811de5a3,
c75ac73a-d6e2-4fb4-9905-c0db85e37d5e,8e27eb63-6cc7-4c78-8d92-61e1dbfd7361,5c965b3a-5c8c-4aa8-8ab2-e22472f346c3,
3e3c13f8-af3a-4e6c-8df5-6a50a3989bf4,8e27eb63-6cc7-4c78-8d92-61e1dbfd7361,5f0dc43b-2c19-4eac-ba5b-c5893a05ff2e,
8b309302-88ac-4322-9929-fb422945dcb7,8e27eb63-6cc7-4c78-8d92-61e1dbfd7361,6133e3a2-0352-438d-bb69-4ff7e93964d4,
9365a168-a66a-4c4e-892a-d841ba8d83f9,8e27eb63-6cc7-4c78-8d92-61e1dbfd7361,6d67364b-25bb-41fe-b052-e43e66446072,
a1f1c747-567b-49fc-9d9e-078a9786a006,8e27eb63-6cc7-4c78-8d92-61e1dbfd7361,743a2057-0667-4313-bb45-def32119fa66,
abe890fe-8479-479b-a8c9-d8ce810e824a,8e27eb63-6cc7-4c78-8d92-61e1dbfd7361,7dd046f8-a38c-4171-9dbd-264e94d74dfc,
ee79ace8-8f0a-4d9d-8a71-0facdf636c2f,8e27eb63-6cc7-4c78-8d92-61e1dbfd7361,7e0887ad-29a5-43d1-afc2-e8e21c25421c,
b53fd464-53fa-4946-adc2-4fda97eab664,8e27eb63-6cc7-4c78-8d92-61e1dbfd7361,7f5cb247-9c9a-4aee-9ce4-c20531ebdb19,
8c5350c8-6486-42fd-8a66-c43e904df4f7,8e27eb63-6cc7-4c78-8d92-61e1dbfd7361,82c42224-f7f2-4bab-98d3-81c5235c5805,
c3ff635f-f08e-44c3-827a-b4999faf1f8e,8e27eb63-6cc7-4c78-8d92-61e1dbfd7361,86a2d6e0-c677-459d-8f4c-108187040878,
21e5068e-4f48-4f6b-9b71-f5cdd241b0a1,8e27eb63-6cc7-4c78-8d92-61e1dbfd7361,9050de7b-3364-4251-8c02-58f8fcb9ef4c,
ed2fe366-9b47-41ee-aad0-185c79612676,8e27eb63-6cc7-4c78-8d92-61e1dbfd7361,915c8727-6853-4a92-9e7e-cefd8c0775d7,
1a75d916-04ba-4416-bd60-536d182e0089,8e27eb63-6cc7-4c78-8d92-61e1dbfd7361,92ce7ffe-33ac-462f-b450-b6d584d14de9,
9fc03242-e7d3-4540-953e-5c4ac55abcce,8e27eb63-6cc7-4c78-8d92-61e1dbfd7361,95c3aaf3-ba0d-4c5a-a1b8-24fc46d03c01,
fa0f2353-dd92-4bfc-abb1-144620e65b75,8e27eb63-6cc7-4c78-8d92-61e1dbfd7361,96261db5-73fc-4681-ba1e-4ac7c2543bbe,
d86c3ac9-5f87-4c9a-961a-1cd7fdc9c720,8e27eb63-6cc7-4c78-8d92-61e1dbfd7361,97332d85-b294-489f-ad14-a416146bc73e,
599878a7-f3a3-4453-b99e-bd7050f1a5f0,8e27eb63-6cc7-4c78-8d92-61e1dbfd7361,9773726c-b9db-452d-a87a-5fc19e38f33f,
6639d000-446d-4505-bba2-68d88ea32326,8e27eb63-6cc7-4c78-8d92-61e1dbfd7361,a541b80e-a5d5-4189-857f-df9501337286,
0ba48e3a-fb18-46fc-b409-017e356a2411,8e27eb63-6cc7-4c78-8d92-61e1dbfd7361,a5ddf6ee-894b-4177-9bf3-9e896ae122b8,
451deeb6-3d89-400d-8726-8b97a63f5135,8e27eb63-6cc7-4c78-8d92-61e1dbfd7361,b4976565-ecb7-4e7a-b9fc-7d01dfa17609,
c0f13a49-71f1-4cc4-a7f6-77acb9c736bb,8e27eb63-6cc7-4c78-8d92-61e1dbfd7361,b9df3bc5-ec26-4286-bc7c-533c20a5eeff,
f25fdf48-e764-4d0d-9134-eef0ed352b51,8e27eb63-6cc7-4c78-8d92-61e1dbfd7361,b9f75bbd-e88c-4d0d-9794-827f638b9184,
67e82c0f-50cd-4513-9ee7-a938fce8db32,8e27eb63-6cc7-4c78-8d92-61e1dbfd7361,beb64aeb-316f-4da0-aa4e-fe9d59227e41,
1526431b-a234-4542-b9d3-b59928e21c80,8e27eb63-6cc7-4c78-8d92-61e1dbfd7361,bff90fef-f7c3-4025-951f-acdd53005307,
4ba0ecff-5e08-4fbb-aadc-bd709f725243,8e27eb63-6cc7-4c78-8d92-61e1dbfd7361,c69c4640-fe19-43b2-8b02-fa906648849a,
3f9f2d5c-7ce7-4791-8b2b-6bb7e342c68a,8e27eb63-6cc7-4c78-8d92-61e1dbfd7361,c703ff64-cf16-49df-9375-fff4b180ebe9,
c799e005-b078-45d1-8ca6-02eb4ac9ea82,8e27eb63-6cc7-4c78-8d92-61e1dbfd7361,c7eabe94-36f1-4d15-a07c-749fff685512,
1f462c53-5016-4798-ad60-87b93c17b340,8e27eb63-6cc7-4c78-8d92-61e1dbfd7361,cec315eb-9b5d-4ab3-bcae-3fd9abc1a077,
67985e72-e99c-437e-b710-439422777201,8e27eb63-6cc7-4c78-8d92-61e1dbfd7361,e0425d14-89a6-4347-8618-6fba4d28276c,
5e727933-6a2d-49a9-9eff-28ac26540d28,8e27eb63-6cc7-4c78-8d92-61e1dbfd7361,e915ead8-98b9-4600-80bb-1fd1d8d9916e,
72f90dfd-83b6-4e88-b404-c332f06d444c,8e27eb63-6cc7-4c78-8d92-61e1dbfd7361,fdefae1b-ed01-4380-9d7b-62e2d486db2e,
2e1d3713-1989-432b-90d7-1f251d116367,8e370679-cd76-4d0f-b482-26979599eafc,03afe12b-d2b5-4ffe-9651-78500c0480ad,
9e73b7d1-9b43-4e29-b197-ee0544a29032,8e370679-cd76-4d0f-b482-26979599eafc,6c372c17-1748-40bc-94db-1fb04c525d7a,
264e4462-b0a8-46c3-85d0-46b773db2560,8e370679-cd76-4d0f-b482-26979599eafc,b5687e47-d5aa-4e20-b87f-59d92f901141,
a7c91055-ef31-4707-9cf4-aac05aab70c0,8e370679-cd76-4d0f-b482-26979599eafc,da5ba146-d684-463a-95ee-74469f48dfb8,
035e55a5-fb23-492a-882a-c5af4e257686,8e370679-cd76-4d0f-b482-26979599eafc,f20a2752-e819-4231-9b91-7c4cb7256061,
15bb273b-3557-47a5-af73-e6d047c80b65,8f371f7b-de10-4de8-8793-49d38f8c67cc,2ba85d8e-a476-4da6-bbbb-6c55528f58ab,
3cc7292e-56ff-4d4b-a379-3a2d66244291,8f371f7b-de10-4de8-8793-49d38f8c67cc,4f57a713-58dc-4c94-a7d8-621ea2d1d15c,
a9364859-c4a7-4dc6-8bf3-bea96a869ed8,8f371f7b-de10-4de8-8793-49d38f8c67cc,78a2335c-3d6a-4bcc-a38d-5f10ac5b99ac,
5d3b206e-a777-42de-86d1-aa9619f17d38,8f371f7b-de10-4de8-8793-49d38f8c67cc,7bd5e3dc-c016-48df-8e8e-5eef4a21fc4f,
290fdbcc-1f89-4c77-8a27-fbd8dea23681,8f371f7b-de10-4de8-8793-49d38f8c67cc,8c3e3e63-07c8-4faf-ba63-2dc294f8e5d7,
749feca6-b909-4121-be9f-dc538ffad2a2,8f371f7b-de10-4de8-8793-49d38f8c67cc,8e2300f7-5b0b-4cfa-afd5-ce692e1b208d,
d908e685-e79c-4d9b-bb0c-a44fc24e3a27,8f371f7b-de10-4de8-8793-49d38f8c67cc,9cbaa8a3-a472-48dd-906b-e7410384a3b8,
789231dd-fdd3-43e7-a02e-1f1f2e0ad6ec,8f371f7b-de10-4de8-8793-49d38f8c67cc,a03718be-d850-4397-a7ff-1b328811d8ad,
4176fb01-306e-4da2-a58e-5e7ab76e56ec,8f371f7b-de10-4de8-8793-49d38f8c67cc,a2af8cf2-95aa-42b7-a4c2-01768ec3b319,
a32c5ed6-6046-4a3d-bc1a-9b83543c302f,8f371f7b-de10-4de8-8793-49d38f8c67cc,c2091fa1-8e5e-44b4-ba25-c52af926f7cf,
16d712ef-9fd1-4a34-9aeb-fb3835756f7c,8f371f7b-de10-4de8-8793-49d38f8c67cc,c44609c7-27f3-446a-8457-9faac6ebad34,
80c0a4ce-4d14-4d40-aafb-809eeb6cd934,8f371f7b-de10-4de8-8793-49d38f8c67cc,cbc06cd5-0161-419a-adb7-4fb86e46c47e,
40ce5b11-1cb2-4e77-bd9c-8c771c64ea55,8f819835-3141-4363-981d-f3304901c67d,023d36c7-67b8-4142-ab10-df88a6215a6f,
360b14dd-5d0a-4963-8498-21fa33af84ed,8f819835-3141-4363-981d-f3304901c67d,3afe01aa-26da-46dc-904f-3218adf82d62,
4f3edc6d-1988-43c8-a19a-164f8ae2b5be,8f819835-3141-4363-981d-f3304901c67d,3bf85cb9-e1ed-48cd-9f03-96bb5b5e4d63,
29c986eb-78b0-4d6f-9acb-7d2e83c2adad,8f819835-3141-4363-981d-f3304901c67d,3c4fd376-0048-44a7-8b96-754f7b7fa263,
8de2420c-bc96-4930-b13b-7cb6323117d8,8f819835-3141-4363-981d-f3304901c67d,44b0a1b4-bf70-4d92-b6e2-b991b2f1cc2d,
c87f8cf2-cdfc-4356-bea0-e2e625905993,8f819835-3141-4363-981d-f3304901c67d,68fb5eec-3621-4ccf-9446-ff20ddc519b2,
06d1de28-6055-4baf-95a1-51d1ccf18a8b,8f819835-3141-4363-981d-f3304901c67d,7b63f3cd-7c5b-41ff-a9e6-57d866d4a398,
19e51447-c77a-440e-96a1-4b0e85f9c5ac,8f819835-3141-4363-981d-f3304901c67d,94a1f883-6700-42ec-a61b-33c300d9e482,
bc1b8720-58ac-4438-8463-f597a2fbb5f8,8f819835-3141-4363-981d-f3304901c67d,ab5e556c-973d-4318-9d09-3bd6a5b1310e,
4fa7a5c8-a50c-4b8c-8795-83ad15dec863,8f819835-3141-4363-981d-f3304901c67d,ae2a1feb-a5fe-46be-83a5-80faeb89bea0,
1bec83eb-c88a-4441-ba25-1ba9054eceab,8f819835-3141-4363-981d-f3304901c67d,af699527-e618-422e-9338-f8b4761bf645,
48612821-8f0a-4264-a7ec-3d625b873481,8f819835-3141-4363-981d-f3304901c67d,ca17075c-3141-4fda-846b-a47779dc4c59,
edd22d50-a244-4c08-b303-ff4273c87601,8f819835-3141-4363-981d-f3304901c67d,caca110e-ef7f-4eaf-9725-5e2affcac699,
96bd1923-6af4-441f-a742-86ae44e33649,8f819835-3141-4363-981d-f3304901c67d,cb6c7e6f-9922-4d2a-a54f-f26a0c9571b5,
7795b651-7a7b-44eb-b02d-ec9e9491765b,8f819835-3141-4363-981d-f3304901c67d,d1cdb1d2-f3da-4078-ab3d-b140b4580006,
da00a69f-f954-4943-8a45-1725cad9481a,8f819835-3141-4363-981d-f3304901c67d,f70c5b2f-f17d-4aab-92e5-0f1e92fa1c03,
8db3ef36-be4b-4559-a0fe-758c8dd55a02,91e1d07c-3a52-4876-bf4b-4abf5781aec1,650f33b2-8c2d-402f-9b49-8e859959a8b9,
568543a0-4260-4fca-9667-af97afca428f,91e1d07c-3a52-4876-bf4b-4abf5781aec1,de5163e8-59bf-4cdc-b459-83d63a0cfdb8,
3fbf2a6f-9b9d-4405-8668-2e764b94ac2a,927164b6-479a-4b1f-ae90-05623a9d3189,1543e72c-ab1a-4695-8140-0394163d4c87,
5834b38a-089c-41f8-a08d-36cd24f0dac7,927164b6-479a-4b1f-ae90-05623a9d3189,44e4383e-dd9e-4fc3-b50e-51573a6c482c,
3f71e77d-abc8-4216-ba45-1e7d2c6edebb,927164b6-479a-4b1f-ae90-05623a9d3189,4db07cd0-0ccb-4f51-92e6-cc3f99a587bc,
5ad39654-1a62-441f-954f-4eeea97af5d6,927164b6-479a-4b1f-ae90-05623a9d3189,51f9331a-7687-4d5c-a5af-d3797b30f237,
e2eb985f-691e-4e93-90aa-f820f67977d4,927164b6-479a-4b1f-ae90-05623a9d3189,56b083c3-b622-4144-98dc-230ad8186572,
747b96aa-2081-4304-923f-f69fa95c5d91,927164b6-479a-4b1f-ae90-05623a9d3189,65d39b0c-018d-475c-b931-ba486a0be94e,
3d32b6f5-211c-4017-9c1f-d93a58516113,927164b6-479a-4b1f-ae90-05623a9d3189,7ecb0027-0d8c-4517-8a40-8baf88c9d90c,
962ea8ad-fb7c-42f1-87cf-ca43da5c5822,927164b6-479a-4b1f-ae90-05623a9d3189,80658f83-dfb9-4ab3-86c3-f632fe3e6269,
830799ac-5254-4eed-9887-1ac3ad808ed9,927164b6-479a-4b1f-ae90-05623a9d3189,bfce1bd5-ca95-4497-af34-fd211acf8cda,
13d73cb3-47bf-42ff-8d34-bb317a131640,927164b6-479a-4b1f-ae90-05623a9d3189,d81ee8f8-d649-421d-b98a-d510de443af6,
17620857-60b9-4e62-b3dc-029c3f2d0f68,93078ee0-f094-430b-99bc-cecf99f14919,18c0d3e3-e1e0-4863-98f8-6284af7731d5,
9b86f442-a646-4b44-a53b-1beedd29f379,93078ee0-f094-430b-99bc-cecf99f14919,4dc4a026-4519-4341-8152-e12c412b50c3,
6d6f5f9e-9d54-4967-9b8b-daeaf28be226,93078ee0-f094-430b-99bc-cecf99f14919,62e58f99-0b91-4dfc-b683-5ad2a7c2a2db,
f53f5d5f-6da2-44de-ab33-5679fde7cc17,93078ee0-f094-430b-99bc-cecf99f14919,8a466260-19c9-4712-b4cd-8424c2e386b6,
2e052594-eb96-4def-8888-2ff458484f0d,93078ee0-f094-430b-99bc-cecf99f14919,94ebd2cb-e37e-48ac-8b79-15d15a30b6e0,
e4536408-ed1a-47a7-a496-d4bca674740d,93078ee0-f094-430b-99bc-cecf99f14919,be9f52b0-9834-4c43-95cf-099a4ee4610f,
a0229d16-2770-4891-99ee-bed0c91508f5,93078ee0-f094-430b-99bc-cecf99f14919,d353dd5e-4fab-48f3-b45d-623a4256abae,
a790c9e1-e0c9-43dc-a69c-5fbcb9abd02c,9567bc2d-28ed-4459-9f07-554f9799bff2,11fc0242-d7dd-4bee-9997-fcaa76f6e03c,
e2db293f-c04e-42e4-90d5-656ea5f90f75,9567bc2d-28ed-4459-9f07-554f9799bff2,ce7e608d-4b53-4c02-ad9a-511bc3efcdb3,
e0f4df4c-8b3d-46ff-b868-f2a0438329a8,9653742f-0b6f-4adb-98a2-28da50deaba2,0c978a7d-b6a8-423d-81ef-9603d74ae9b9,
3087451a-3466-4bad-8efd-99d3eb97bf48,9653742f-0b6f-4adb-98a2-28da50deaba2,156d32ce-c6d4-4e2c-ae78-506d13a64109,
9b97f2fb-84f2-447e-aab0-30980377657d,9653742f-0b6f-4adb-98a2-28da50deaba2,339794b4-fadf-4743-9b59-6b1a6b3e1241,
9edeaeab-9de8-4533-8b16-52fbb28e2696,9653742f-0b6f-4adb-98a2-28da50deaba2,3e06fafe-7590-4d52-a480-408c8b347864,
07a528be-4304-4dff-b039-06a7e1532afc,9653742f-0b6f-4adb-98a2-28da50deaba2,73df60fe-35c1-4ad5-892d-1854b864c48b,
04f7dbe8-6eaa-4b53-8ff6-7d41c5333318,9653742f-0b6f-4adb-98a2-28da50deaba2,778e7157-449f-4a28-a0d8-1537eda71644,
aded616d-7048-4f3e-9f33-0e6db1b9c0bb,9653742f-0b6f-4adb-98a2-28da50deaba2,931fbf84-59f9-4e0d-aad4-44ee6607ce5c,
94027f1d-e19a-44b8-a8e6-2b2de2b2c8be,9653742f-0b6f-4adb-98a2-28da50deaba2,9b2b9fa2-053f-4ede-92fb-21debbcaad8d,
8c11c897-a9dd-4214-aaae-9fc31cebc2f2,9653742f-0b6f-4adb-98a2-28da50deaba2,af4b0f4e-9c98-45e6-b35e-6d8fe581ef55,
c663f648-02ed-4084-9893-118f4d0ba1bd,9653742f-0b6f-4adb-98a2-28da50deaba2,cf478f89-66f2-473c-9e5d-dbff7a5527c7,
eecab715-e0c4-47c0-8642-562822957d5e,9653742f-0b6f-4adb-98a2-28da50deaba2,d4cc3c9c-3c8a-43f7-8efc-f4f0cc3a3a56,
8a738dbb-2829-478e-9b34-c476e348ecf5,9653742f-0b6f-4adb-98a2-28da50deaba2,e3758351-dfaa-4ce0-906f-b24260bbc30f,
835dba2d-08f2-466d-a33e-4c5a6e70bfee,9653742f-0b6f-4adb-98a2-28da50deaba2,f9c6bfc5-c517-4a06-bc88-bca3014d0317,
18d4be76-902b-495d-8748-89044aec81ad,97a66446-9f29-42ba-baa2-f73a005b1758,7d204158-2f79-4cd5-bb42-580ef8d2ae23,
c27a67df-54d0-4e30-b878-f2fdcad92f5d,97bd74e9-91a8-4551-96f5-a1d25ae488aa,0e7bc965-07b6-465e-b0e7-6f8b7fe47fdd,
9e63e12e-e807-412e-a9a9-482a1ef12f9c,97bd74e9-91a8-4551-96f5-a1d25ae488aa,29f6c9c2-bc40-482b-ade6-954897b8c2f5,
0cf8a4c7-2a22-4b0d-8a78-030f0974354e,97bd74e9-91a8-4551-96f5-a1d25ae488aa,5efa5daa-4883-4908-b384-270d622da0da,
d277c64e-615b-43b9-9e33-0e34d21a8f15,97bd74e9-91a8-4551-96f5-a1d25ae488aa,6156252a-632f-4cde-a831-a047f9a5b560,
28c7f4b3-2205-4ea4-bbfd-64c1be8d901c,97bd74e9-91a8-4551-96f5-a1d25ae488aa,6477e555-41c4-4cb4-ac6c-f2ac0dcc198e,
869c3bae-a6b5-48a7-902b-14655c869959,97bd74e9-91a8-4551-96f5-a1d25ae488aa,8862edd4-c04d-45e7-a5b8-8d60fd2109d8,
d5633727-d85b-47df-abb0-935b42ddc0a7,97bd74e9-91a8-4551-96f5-a1d25ae488aa,aa56cf9a-be52-49a6-919c-ce8ed182915d,
41ff6800-49b6-4cb3-8a23-3e91e786eeee,97bd74e9-91a8-4551-96f5-a1d25ae488aa,bb96612f-c5d8-4531-8643-ed02afebac9f,
ab7b733e-0f8a-4269-84e6-300e3899cc97,97bd74e9-91a8-4551-96f5-a1d25ae488aa,bec8ad5c-b1f1-4703-be1b-bf14ebc23a6f,
996185aa-bbc7-4307-9660-1cb083caec86,97bd74e9-91a8-4551-96f5-a1d25ae488aa,ed08af9c-c9e6-4cc7-b64b-537770ce3081,
31e9e346-3b48-442a-82dc-8033c78731ae,9a53395b-44a4-494c-8eb8-89a6782ae8da,58c8fc6a-6413-4cb4-8e0a-06db6ce0e792,
d1da4263-b514-4965-ac2f-958d644e3b1a,9a53395b-44a4-494c-8eb8-89a6782ae8da,979376c5-8f94-408a-9624-a530bed3b252,
8906c5fe-b3b4-4012-9297-fbce41bb2f4c,9a53395b-44a4-494c-8eb8-89a6782ae8da,9b88fcbb-77e1-4ff8-be76-c25dad367c8f,
cb84e320-517d-4e4a-8be6-34ab621517e7,9a53395b-44a4-494c-8eb8-89a6782ae8da,d1576985-15aa-4294-9ed0-5d151add08f3,
450a0e17-8277-4627-b600-f0ca31cd7f41,9b15826a-3289-438f-8ae8-d22b8c3c5157,106eb00d-04e4-4ddb-a995-3a2788ef9363,
a57f368a-d0b4-4fca-b5ac-21c7f06ff0d1,9b15826a-3289-438f-8ae8-d22b8c3c5157,15fa84ea-27b3-456f-b6d6-d1d2b5bf4468,
c5acf0a9-c48f-41b7-8db9-d1c28a8da8e7,9b15826a-3289-438f-8ae8-d22b8c3c5157,407ef8b2-ad56-46a1-bdaa-e5ce80b3740e,
881681dd-c801-4bea-b0d6-fe845cef31c1,9b15826a-3289-438f-8ae8-d22b8c3c5157,5ebea1ea-9f03-4d8b-b05d-d23460643c63,
e05d9ac9-a8a1-42a9-8512-e65c5e974666,9b15826a-3289-438f-8ae8-d22b8c3c5157,768f2b2b-6112-4f88-b199-2cf952c8be98,
9caed67c-cdd2-405e-bde2-f1216ab6a0df,9b15826a-3289-438f-8ae8-d22b8c3c5157,e291639e-ef3f-48a2-af2c-2384cd4aa184,
7bef1123-a9bf-47ed-907f-4a95c1fc2899,9c6a7a92-60cb-4ab3-855f-ee3a13685094,5226cffa-efb4-4694-9430-8dc53be6eaee,
a6c44b9a-8f6a-4772-b944-47ea4d09346a,9c6a7a92-60cb-4ab3-855f-ee3a13685094,6a48677c-8d38-4342-982c-bc3b6130d1e1,
4c7c50f4-98b3-425e-9c27-0286a32010aa,9c6a7a92-60cb-4ab3-855f-ee3a13685094,8ad5d473-9d8b-4c1b-8de6-152332606eca,
5fe55a51-cd4d-4d84-9e04-d93f5312dc26,9c6a7a92-60cb-4ab3-855f-ee3a13685094,9bd7d28e-2983-43fe-a279-c64768bc1914,
bf860e1e-5c59-4afb-9c2f-50f77e48cbaa,9c6a7a92-60cb-4ab3-855f-ee3a13685094,ae66d756-8c6a-4c6e-b11e-d988ad88ad56,
cd89f271-08b3-474b-b0c8-a36f48708ac3,9c6a7a92-60cb-4ab3-855f-ee3a13685094,bc7b5c50-0718-4c5a-9e35-4c295d512fdd,
c6069e41-59fc-4104-96ef-3140f106ff26,9c6a7a92-60cb-4ab3-855f-ee3a13685094,d977db7c-9c68-4a2a-91d5-675105ee78fe,
ced38c22-cf4a-4826-9171-2eb73555c3cb,9c6a7a92-60cb-4ab3-855f-ee3a13685094,eed2b7cf-636d-4c34-9a21-d9ce369e1813,
5e35dda0-b529-4d8f-bfbf-ff35cdeaba22,9db35605-7ff1-4932-be1d-6a8305470366,082170de-2ad8-4b7d-b8a9-daca52774ad2,
6f62dc86-85b4-4264-b9fb-a23f62fc6adb,9db35605-7ff1-4932-be1d-6a8305470366,1481744e-4137-444e-8b45-6373fc5651dc,
57f5ce51-99e2-4613-8292-90cf5954b003,9db35605-7ff1-4932-be1d-6a8305470366,1ec558f8-ace8-4631-8a40-d7969dad9865,
f2f5cbfa-195d-4db9-9ec2-0c1be55edade,9db35605-7ff1-4932-be1d-6a8305470366,85dab882-3488-4a23-a4a6-e2d27f618e8f,
64aaad86-699c-48f0-82cf-ec9996660706,9db35605-7ff1-4932-be1d-6a8305470366,85e8e51a-d4e5-4293-b76d-d31703a7a502,
00c90aca-fb14-4352-8450-6fcc1cfcf321,9db35605-7ff1-4932-be1d-6a8305470366,8a9fb9cc-c3e2-421d-a52d-b378e36b3ee4,
ca3181e9-880b-438a-a694-afb93d8fca9d,9db35605-7ff1-4932-be1d-6a8305470366,9736970b-b6ce-4e5d-baf7-018fa52d0e6f,
befdf17e-c7f6-4515-b5f5-4387a4d1e923,9db35605-7ff1-4932-be1d-6a8305470366,d9795771-9a46-477c-8263-402f25c8e132,
06d0cf83-04cb-4f36-abf1-7650ffd0462d,9db35605-7ff1-4932-be1d-6a8305470366,dff9895e-44ee-40d8-a185-f18a5d711083,
6dfcc974-b761-42d4-a7b7-aeee9e2e8bf2,9dc534d1-fc12-40ea-99a5-c120728d50f2,00e55dec-a0ef-42bf-b0e6-428e91d15e45,
af30a280-1622-4a19-9e3a-ca7601136f96,9dc534d1-fc12-40ea-99a5-c120728d50f2,00f29ad3-47de-4325-a421-c26050152f6d,
649aec66-3554-4e21-961d-cb95146dddbe,9dc534d1-fc12-40ea-99a5-c120728d50f2,09a55e67-4d32-48ac-97a2-4be0535d9126,
2971346c-a7a8-460c-8db6-29e307c678d6,9dc534d1-fc12-40ea-99a5-c120728d50f2,0acce96f-4410-4ed8-8d11-4e52d8ad6042,
8d2b9fd8-0c56-4c8c-a915-e9b428c37e93,9dc534d1-fc12-40ea-99a5-c120728d50f2,0b44e7f8-b753-4a74-bf07-8c12b5789961,
faf4650f-7130-4be5-b97b-4c5489977969,9dc534d1-fc12-40ea-99a5-c120728d50f2,0bbb3d86-35b6-4e9e-a7b5-b3d17d4e7344,
1d97404a-48f3-47a0-b8f1-6e954e210b2e,9dc534d1-fc12-40ea-99a5-c120728d50f2,0c6bdba1-1928-4039-845c-54c87beddb46,
19d5f2fd-d4d9-469d-bf36-7fe90cda3038,9dc534d1-fc12-40ea-99a5-c120728d50f2,0fb5eeff-8ffd-4281-883f-e15eb510aca6,
1553c705-de1b-4384-aa0e-88d1a73a2ef5,9dc534d1-fc12-40ea-99a5-c120728d50f2,110176f5-2407-4d02-a492-b896269eaf0e,
350378d5-2d2f-48cf-a8ac-7d31b663bf3b,9dc534d1-fc12-40ea-99a5-c120728d50f2,116c77e8-f66f-4da1-aa57-c88ebe0dc18f,
d8d87de3-2ca2-4978-b9f9-4b17af3dc0be,9dc534d1-fc12-40ea-99a5-c120728d50f2,14964919-bdab-4a09-ae5e-94e327752e00,
797c246a-0fd6-4fb8-98d1-3b490623aaee,9dc534d1-fc12-40ea-99a5-c120728d50f2,16100377-a3a0-47ce-ba42-403955e77ced,
77540973-1957-40c0-b54a-fe6c2e3a38bd,9dc534d1-fc12-40ea-99a5-c120728d50f2,18d80ce9-3914-411d-bb46-f138dc721ddf,
7e349e93-ebff-4770-b893-9820c2364654,9dc534d1-fc12-40ea-99a5-c120728d50f2,1f5a462f-a568-4ed7-a049-553ec23726e5,
8c0d6803-6e02-4b5d-a499-0b9d565d29d0,9dc534d1-fc12-40ea-99a5-c120728d50f2,2215fddf-aefb-4a51-ab4d-f2f004157c4b,
06d6801c-90b2-4a7a-a54f-e31aee4e0506,9dc534d1-fc12-40ea-99a5-c120728d50f2,229d22c3-685f-48f9-ab36-6c98166e4335,
b2593a22-3d9c-4054-90d1-ff6404a93152,9dc534d1-fc12-40ea-99a5-c120728d50f2,320be666-d88a-4a31-a1a2-3d3ee3ee5841,
6ecc3257-f05c-4690-9785-7416258f8fb5,9dc534d1-fc12-40ea-99a5-c120728d50f2,3ec5af18-b5b6-4fbb-bbf9-c215d309b8a9,
9de40574-e08a-44eb-a2ec-70f24d177989,9dc534d1-fc12-40ea-99a5-c120728d50f2,41cd476a-db38-4c87-b206-75b59a1ceb82,
f0bd2c67-4b71-4929-93c3-df0c8be76709,9dc534d1-fc12-40ea-99a5-c120728d50f2,4a1bf1a2-e5c1-415e-acfe-36fb20b353d6,
fd24e5fd-e60a-4fac-9d0b-a1197f7c7ad9,9dc534d1-fc12-40ea-99a5-c120728d50f2,4f00afc6-3de2-4355-90b2-f893b9893bf5,
b8240e12-140c-48db-846e-4ad692e16ed1,9dc534d1-fc12-40ea-99a5-c120728d50f2,54d168b7-8f6b-40ba-9796-3c007f2c83d9,
41353315-d76f-4c9a-be50-2ace95b5df7b,9dc534d1-fc12-40ea-99a5-c120728d50f2,56018412-1e80-4ef2-8711-f3e3b62dfc8a,
1610d4b8-b377-49e8-aca9-3a8482d51bfe,9dc534d1-fc12-40ea-99a5-c120728d50f2,595aff74-ef9f-4740-bdc0-065ef57067e2,
8327decb-e6c1-4a7c-970f-9c153aaa2dfb,9dc534d1-fc12-40ea-99a5-c120728d50f2,611b40da-30be-40d8-bf5e-aa4de60b2105,
c84109e0-1b65-442f-9587-a8d78465c467,9dc534d1-fc12-40ea-99a5-c120728d50f2,6bbba877-5890-416c-9a61-84be0c0c4e51,
b13a2345-1d20-4015-a62d-c6d4d745fb37,9dc534d1-fc12-40ea-99a5-c120728d50f2,702a9e6a-aeda-4d82-af6d-84f040eea9fb,
93e9b17c-cd95-45f1-80f3-f405e51212ec,9dc534d1-fc12-40ea-99a5-c120728d50f2,7061a901-0e58-4192-8fcf-43dd460767c8,
f3e7da11-bbfc-444f-9a7a-5cdfc39837f4,9dc534d1-fc12-40ea-99a5-c120728d50f2,74a1ca6a-99d6-49d8-989d-251007a3978e,
997c4cb5-4919-48c2-9610-4541d7c25de8,9dc534d1-fc12-40ea-99a5-c120728d50f2,82e7e587-4b20-4653-a5a8-3735107426ab,
f70ce69f-7e03-4c41-a8ff-16201ef70837,9dc534d1-fc12-40ea-99a5-c120728d50f2,82f7dca3-defd-4f8b-9d55-ca08272e9334,
e8aedb37-4d16-45cb-afae-7e8629cde11e,9dc534d1-fc12-40ea-99a5-c120728d50f2,84579870-b4dc-440b-bf32-34aa982c9d0c,
9f2a3e35-4b9c-4505-bf8e-446ed84c5b46,9dc534d1-fc12-40ea-99a5-c120728d50f2,86cc5e28-69b4-4534-a473-0064cc825458,
c6266c57-ccbd-4b07-82a2-0f2fa77a7895,9dc534d1-fc12-40ea-99a5-c120728d50f2,87c342a7-6cee-4313-a0fa-30e102f7922d,
a529fafc-3104-49e0-ac55-03f501eeee7c,9dc534d1-fc12-40ea-99a5-c120728d50f2,8b3e9372-7105-470c-b848-9a2a0137136b,
0c9067a4-8212-430a-8948-8e439464c2d0,9dc534d1-fc12-40ea-99a5-c120728d50f2,8d2597d2-d392-4eba-a8f5-9d552ee9d976,
4e9263d6-adfe-4ae1-984e-238452c70cd7,9dc534d1-fc12-40ea-99a5-c120728d50f2,907ca31f-4fb6-4caf-a88b-30d1b9d15881,
a5c6771d-dd13-412c-9e5b-5f6f0f660ad3,9dc534d1-fc12-40ea-99a5-c120728d50f2,90e0de12-5249-416f-bc59-5738a05fc7d2,
26b41772-5618-4a5b-b049-428a0c34eb35,9dc534d1-fc12-40ea-99a5-c120728d50f2,923e68f8-0802-46ff-a5be-d414f177507d,
f9dcf9a2-c60c-4c31-87f6-67f610afa472,9dc534d1-fc12-40ea-99a5-c120728d50f2,93c0834f-a0a8-42e2-b96b-03423550122e,
2231944b-61fb-45cd-b503-f51c9f3365eb,9dc534d1-fc12-40ea-99a5-c120728d50f2,93cc0ab3-0181-4a72-aba8-ff2576b554ab,
6bff37b1-c767-433c-aa70-05afedfeb301,9dc534d1-fc12-40ea-99a5-c120728d50f2,9416f474-f21d-474d-ae25-770623f6384d,
9f335202-a0ca-47db-9016-7072e37b74b4,9dc534d1-fc12-40ea-99a5-c120728d50f2,964ffc02-1e99-445d-89e0-f097230b8664,
97aadf4c-2d26-45a2-9500-04cbd8835fd7,9dc534d1-fc12-40ea-99a5-c120728d50f2,97ba6b5a-1644-4397-847c-b38e9dcaa387,
7c5d13af-6e1c-4070-8f81-2eb54b9ecd4e,9dc534d1-fc12-40ea-99a5-c120728d50f2,a05ce1ed-b864-49de-903e-b33cf1608fea,
e164e77a-6b94-46b8-b153-c2084d7e2f2b,9dc534d1-fc12-40ea-99a5-c120728d50f2,a273ff16-5915-4049-8693-9522cb133d21,
6db9a541-64f5-460a-98a5-05006c07d01a,9dc534d1-fc12-40ea-99a5-c120728d50f2,a481dcb9-b0df-4433-8ff8-375ccae2b8a3,
f1fd9dfe-7b8e-41a2-8887-6ad7c11f4689,9dc534d1-fc12-40ea-99a5-c120728d50f2,a4e7eca4-bb78-4c0c-b2c7-5f0f7fe83143,
4a10872d-6da0-43e2-91bf-6c0a51a4180c,9dc534d1-fc12-40ea-99a5-c120728d50f2,a60bc42e-8b21-4df7-a0bb-99e15b8f6cab,
4f2be826-eb8b-4ba9-9f75-b03cc01fdce3,9dc534d1-fc12-40ea-99a5-c120728d50f2,a62fe5ed-aa01-425f-8159-e05268cee9b6,
1f156189-c6a4-471c-a00f-218330d63500,9dc534d1-fc12-40ea-99a5-c120728d50f2,ab6b62c8-fe9f-4ec9-90d7-223ad2911a6d,
7124f41c-3b87-4036-a06b-251c603200ce,9dc534d1-fc12-40ea-99a5-c120728d50f2,b63d76c7-1a5a-4a2a-a5e4-c93db7ce89e9,
ebca7a16-97ed-4444-99fd-622b72fc30af,9dc534d1-fc12-40ea-99a5-c120728d50f2,bad0a4d3-f66a-4e89-b87e-f6072076d638,
e586d6e4-7cfc-4927-90b7-881d93da6cd9,9dc534d1-fc12-40ea-99a5-c120728d50f2,bf6f9336-8221-45cd-800e-4824319e0131,
92a43f84-dd32-4539-8858-f1e1a1901641,9dc534d1-fc12-40ea-99a5-c120728d50f2,c0a33804-045f-4a64-8739-3a0cd68eb51d,
3f5f4ec8-7317-4577-8190-e79af889d386,9dc534d1-fc12-40ea-99a5-c120728d50f2,c5b13e3b-65e6-4aca-95f3-a1b106b7aae6,
1b25390c-e7c1-49c5-8dd4-8c16702b4148,9dc534d1-fc12-40ea-99a5-c120728d50f2,c7e77023-fd04-4c18-9815-85c59d03106e,
38d203f2-a02b-43f3-b53f-fcbf60c1be9a,9dc534d1-fc12-40ea-99a5-c120728d50f2,cd560e43-f775-4717-aec7-443b72ca4cd5,
c17cc12c-428b-404d-82c8-66002dfae9f9,9dc534d1-fc12-40ea-99a5-c120728d50f2,cdadb96d-d4a7-4e1e-b8a3-03a3b65681a1,
59208232-6baa-4ec5-98f8-177627f8f019,9dc534d1-fc12-40ea-99a5-c120728d50f2,cf3592a8-8b7c-423a-9761-f728c74d0e05,
6b900375-c66f-47a3-8ef2-9fa83e8a2ace,9dc534d1-fc12-40ea-99a5-c120728d50f2,d327695d-d749-478d-b116-f7d27bbef5fd,
cb44700b-735c-4f11-8458-829cec75c4cf,9dc534d1-fc12-40ea-99a5-c120728d50f2,d53a950e-bee4-48fa-aae8-6eac904138f7,
be59b695-b5b4-47e7-a6a2-8811a6ba6cbc,9dc534d1-fc12-40ea-99a5-c120728d50f2,d5f0626f-d932-4db2-9cc0-00b39df07bc0,
579a6db7-7ac4-40f9-bc6c-3ce86c82c595,9dc534d1-fc12-40ea-99a5-c120728d50f2,d9efd812-5991-4a0e-aef2-a33da1052ed4,
032ddfc5-e4fd-4dce-8be3-364976692836,9dc534d1-fc12-40ea-99a5-c120728d50f2,db52fc2b-954a-41d2-9aaa-f8659c8cdc86,
e2af1f7b-8fbf-43c3-886c-dd952b570f55,9dc534d1-fc12-40ea-99a5-c120728d50f2,dc3c5b16-2277-44c5-bac4-5eba1ee8f346,
6885280d-86fa-418f-98dd-35acd54041e3,9dc534d1-fc12-40ea-99a5-c120728d50f2,eccc75da-529b-4782-9ab9-42564d4cd068,
ae1b5a87-2ca3-4d76-9263-17be3f75d9fd,9dc534d1-fc12-40ea-99a5-c120728d50f2,ed230064-1df4-4b94-adeb-2587717a9690,
3e0a4aa7-2dd6-48ff-ab52-fd69af8077ca,9dc534d1-fc12-40ea-99a5-c120728d50f2,edd69ddf-18cb-4b2c-8780-373dadb737d9,
00efca41-393c-4981-9edb-02e04d5378e4,9dc534d1-fc12-40ea-99a5-c120728d50f2,f14e579f-6d85-4ba3-8fe5-e677bf99ab1f,
b7f8f24b-491e-4872-ac88-fda1294a681d,9dc534d1-fc12-40ea-99a5-c120728d50f2,f403b181-c79a-4154-919c-32f2e264cd04,
87bb48df-092f-443e-896e-cbbecdb6328f,9dc534d1-fc12-40ea-99a5-c120728d50f2,f452b471-1760-458e-86a5-425cd32f6423,
82ab4417-09ec-4c3f-97b9-db6243d8f1fb,9dc534d1-fc12-40ea-99a5-c120728d50f2,f46ae491-a68d-4376-9901-3e561bb8c867,
f360f160-449e-4286-b12b-16c64b242b62,9dc534d1-fc12-40ea-99a5-c120728d50f2,f5bc9222-464b-45cd-9970-a5b96585986b,
932140fe-658f-46c7-b0e3-863923c2ad85,9dc534d1-fc12-40ea-99a5-c120728d50f2,f6c99b37-03ee-4539-889f-8c65f0e2cc19,
0a805f49-00e6-458b-a7c1-8ebfad0f5457,9dc534d1-fc12-40ea-99a5-c120728d50f2,f7d73166-52ff-4358-b428-c7f0d90b5523,
3818d3ef-2fef-46de-84cb-1014a8e8a3b7,9dc534d1-fc12-40ea-99a5-c120728d50f2,ff214b95-0cb2-4bf4-ad67-7ff03a5fc6f6,
8423fb0a-1518-46bb-bc66-5db4a95793e9,9e485e43-9ecc-43c3-be5b-758a0481372b,13dff6b1-833a-45f5-a0d7-02599e1e1db6,
d6d56ea9-ebda-41ee-9dc3-8a35a9c7c5d5,9e485e43-9ecc-43c3-be5b-758a0481372b,22a7c4c8-dd4f-41df-8208-97ac028ce9c2,
de1d136a-ff4e-4820-a1d4-a40e2b961332,9e485e43-9ecc-43c3-be5b-758a0481372b,3c905dfb-572a-4442-b717-2bf561c87df9,
1db0e9b6-39e3-4f7c-bc67-f1de6fb3d3c1,9e485e43-9ecc-43c3-be5b-758a0481372b,419420f0-34c8-44b2-b2fd-38810e3d7621,
63201d0b-2673-41d2-a86d-50af2e309ae5,9e485e43-9ecc-43c3-be5b-758a0481372b,5191b098-342a-43b7-a740-708cd56fedad,
01a18d2a-340f-40d8-8915-7bc2feb300b7,9e485e43-9ecc-43c3-be5b-758a0481372b,8303a5d4-377c-4c7a-94e9-57efdb77e21a,
5d2359af-fae7-4f4c-bcf8-3aa8ed63a428,9e485e43-9ecc-43c3-be5b-758a0481372b,adac94a0-9a15-4935-948f-8948fa9ed131,
55fed232-ff4e-4189-9714-beea0038ea29,9e485e43-9ecc-43c3-be5b-758a0481372b,d21d1c4f-eb7c-4511-b426-969d624d9398,
7db161c3-605c-43fe-844e-a54fd2f9dca6,9eb05d70-313a-4eb8-8c7d-540f6066169b,0f807431-b11c-46c1-ba6b-7b1855205ed2,
81fd529f-3704-4990-beee-d06fcd67a164,9eb05d70-313a-4eb8-8c7d-540f6066169b,33a2776f-f630-4d9b-875c-44b8e85f75d7,
c1f18bab-2159-4a28-891a-148e01c355e5,9eb05d70-313a-4eb8-8c7d-540f6066169b,4062457c-9b09-4afb-a938-b3aa5140b3b9,
18ae0c3b-25a1-418f-9640-df4692a51e78,9eb05d70-313a-4eb8-8c7d-540f6066169b,c4873bfb-0fb2-4356-a163-94c998f79eeb,
7009b843-00a6-4fb7-a459-de136fdf730a,9fec4f92-fd49-491e-9285-e4d85146bc7a,1003404b-f987-4a43-a6d9-f02104dfa5f6,
f3334b44-2abc-4e44-a7d0-b057bfcf490b,9fec4f92-fd49-491e-9285-e4d85146bc7a,15f3143b-1120-4a58-b7f4-51adb37af447,
c0d86ad1-265a-45a0-9edf-e6dd8cb08ea9,9fec4f92-fd49-491e-9285-e4d85146bc7a,181a7e7e-3592-4e30-a447-e7642f82118d,
b38d5386-f30b-48b5-be9f-00eccaf646db,9fec4f92-fd49-491e-9285-e4d85146bc7a,2022c39e-1241-4c80-8eb1-e51ba4185d31,
809a23fa-cc05-42cf-8ef7-e640072fd063,9fec4f92-fd49-491e-9285-e4d85146bc7a,33e3490e-c470-4be7-847e-4fc3e10e0f0d,
529e274b-e6eb-4c85-825a-43da49e9a8c8,9fec4f92-fd49-491e-9285-e4d85146bc7a,88acbe4d-ba81-4646-90e6-1c7db98ba086,
7d8701af-7d47-4d0e-a57f-6d2507e633cf,9fec4f92-fd49-491e-9285-e4d85146bc7a,a98b8290-7b4f-451d-a76a-575447ec3e1f,
ac0250c5-867a-4887-9d46-4594e9ac445a,9fec4f92-fd49-491e-9285-e4d85146bc7a,c96e41cf-ada7-44b6-b38c-3d3c83878e44,
f875ab40-96de-4592-90e0-175633ded75b,9fec4f92-fd49-491e-9285-e4d85146bc7a,e6e30e76-957a-4ae3-99ad-411e29907e2b,
0c4a519b-1213-4904-92b6-450727f24a82,9fec4f92-fd49-491e-9285-e4d85146bc7a,f3c5ab0c-83fc-49c9-a393-4accb1969ae6,
d85c33c3-082b-4a58-a282-b5d11669074c,9fec4f92-fd49-491e-9285-e4d85146bc7a,f6de9da4-2f82-48eb-8c06-948a40219b7f,
609f12fb-233b-4b51-9bba-167a878437d8,9fec4f92-fd49-491e-9285-e4d85146bc7a,fa6bf859-1988-4efd-b0d6-e6f659f7d93c,
59e25d93-c4ac-43cd-922d-80629cf66589,9fec4f92-fd49-491e-9285-e4d85146bc7a,fb76ab03-0574-4747-bf2b-800660456e95,
9c937006-7b8d-4a9b-babc-be14a58c74fb,a1bd7327-18fd-4727-96e7-5be496822259,06ae81fe-5945-4e77-b993-8a97ac13d6cb,
0889fbdf-88fc-47c1-933e-6a32d3024d32,a1bd7327-18fd-4727-96e7-5be496822259,06b71f0e-e9b7-4b41-a094-53a93cd46e06,
7d752391-9058-4376-9a07-354c0a1a1050,a1bd7327-18fd-4727-96e7-5be496822259,093238e2-0646-441f-940f-7b323ca7ea89,
0981055f-ccc9-4766-a339-34e727239edd,a1bd7327-18fd-4727-96e7-5be496822259,09c50f1a-03d1-4c52-a3a4-d622d51a4d2c,
6679b9f4-2ff2-4639-8d16-ba5f1173aa3f,a1bd7327-18fd-4727-96e7-5be496822259,0b4a1ba9-0124-41ca-b0b2-b48e0ebe732b,
5b664a98-d1e9-411c-87ee-4991d866da7f,a1bd7327-18fd-4727-96e7-5be496822259,130de777-f3bf-4bf3-86b4-7febbeead552,
5c69bc14-845c-45d2-b177-ea5c120cfee9,a1bd7327-18fd-4727-96e7-5be496822259,191ca443-9e53-4f00-9846-5f788e542adf,
3b6e110e-9a1a-41fe-916f-41ca61f5637d,a1bd7327-18fd-4727-96e7-5be496822259,1bfb6327-a557-4779-bc00-a4d8d76692cf,
babc5250-7393-4113-aa23-fe8c9f2a4486,a1bd7327-18fd-4727-96e7-5be496822259,1db4a9da-f9b1-44e8-96ca-cbb1abae75d2,
a8b3401a-4e77-4169-b6e6-21cb8153cb8f,a1bd7327-18fd-4727-96e7-5be496822259,22d6bf70-b8e1-4200-aded-aaf091b4c224,
33549399-d685-4b57-b077-eb3bf5b8f59e,a1bd7327-18fd-4727-96e7-5be496822259,2393372e-f1a9-45ee-b59b-beeb98fda544,
d837bb20-f74c-4291-8cdc-b32545d6fca8,a1bd7327-18fd-4727-96e7-5be496822259,26731234-e979-478e-aa21-26f141b66664,
383f5093-77b2-4812-8c3c-4ea09699e94d,a1bd7327-18fd-4727-96e7-5be496822259,27a56fb3-71a8-48cf-b30e-60e1a159e99d,
908dee1d-1d34-46c7-b72a-a9ee04961b84,a1bd7327-18fd-4727-96e7-5be496822259,28c0c80d-2054-4fc4-9262-905a7d7d29e8,
f2905831-cdfd-4e7c-889f-dfc4cb89d06b,a1bd7327-18fd-4727-96e7-5be496822259,2db4d897-2078-45c9-acdb-524758feade6,
02f4ea7d-5218-450d-a137-0722f1207023,a1bd7327-18fd-4727-96e7-5be496822259,3007507c-8d09-4b15-bf9b-5056aa9a3a29,
709cb602-a6a5-4549-9c01-f9da1e30b46e,a1bd7327-18fd-4727-96e7-5be496822259,33c4d29c-f72f-4590-bec8-4d546de80aa8,
0443233a-ce83-4fe8-8c8a-2d1721834b1d,a1bd7327-18fd-4727-96e7-5be496822259,3482c43a-51d1-477e-9ef2-82d4d89d82db,
bcb09879-d927-42ad-a192-e0baed7557ea,a1bd7327-18fd-4727-96e7-5be496822259,34b59a08-693c-4acd-80df-8a594dc16f70,
bbcbd003-fd7b-4368-a88a-7a5dce046021,a1bd7327-18fd-4727-96e7-5be496822259,36b3fd19-cd01-41f3-9e38-8add3d3be0e6,
91aaf9a5-15b6-4537-b5d5-ed159c8d3e17,a1bd7327-18fd-4727-96e7-5be496822259,36c37bb4-11c6-4ef1-b7bd-a0484297e795,
4ba95c1b-bc09-42c7-9262-7b437f4b948b,a1bd7327-18fd-4727-96e7-5be496822259,3fca664a-e306-488c-b29b-d0826a686006,
6b79ae12-b6e7-425b-9109-3f8c40030997,a1bd7327-18fd-4727-96e7-5be496822259,44273c51-3cf3-4a25-990c-309b3afa2790,
c96b946f-106c-4100-98cc-4083ea5b58e3,a1bd7327-18fd-4727-96e7-5be496822259,4641287b-c26a-4f43-aad7-09fff3b347c2,
efded0cf-aea6-4366-8699-1c640efe7924,a1bd7327-18fd-4727-96e7-5be496822259,4b3e64fa-38f4-4414-8912-0bb7aea223f6,
6f769bd9-d33a-4cf4-8b83-27a8087ade27,a1bd7327-18fd-4727-96e7-5be496822259,53b06f75-afb2-4ffd-b8fb-fa332db5699a,
d7ac2536-a29e-4f0a-a5b9-dd4f17fd9103,a1bd7327-18fd-4727-96e7-5be496822259,53bb7739-0f81-4842-86b9-6a51b45ebc9d,
370aa2b8-bfcd-4cd2-8307-1735a7930de9,a1bd7327-18fd-4727-96e7-5be496822259,5977a111-3031-4efe-9f3d-48165f3725e3,
030163aa-7f17-4975-a2a5-bbd5df5d9874,a1bd7327-18fd-4727-96e7-5be496822259,5b4206d7-0104-48a3-a40c-700d5cd9b798,
48f9c813-3d01-4334-a0ed-9dcd95706ea8,a1bd7327-18fd-4727-96e7-5be496822259,5e9f0d0f-12e6-4856-8bb1-b446f2da7f6e,
a4c05454-8d04-4af8-9b74-6667039182e2,a1bd7327-18fd-4727-96e7-5be496822259,5ef4b2d8-6127-497b-9f10-7148ed1542db,
3338e679-217a-4b9d-a382-327196e0a92e,a1bd7327-18fd-4727-96e7-5be496822259,5f159cf2-64f1-4f7f-8b0f-124dd52b8d6f,
c02bfd86-e874-4055-916d-83406bb7bcd4,a1bd7327-18fd-4727-96e7-5be496822259,5fcb83d5-7584-4ce2-88d9-b0da96c16c0a,
9414a14f-c6ec-46dd-9a9f-f05f09d6518c,a1bd7327-18fd-4727-96e7-5be496822259,68cbe34d-4eb5-4a18-9b98-212d44a810b2,
04a690e4-cc3b-4b98-9be5-846efe7b8d0d,a1bd7327-18fd-4727-96e7-5be496822259,6a2df96f-21b0-40a3-bfd8-32c72e69e0e0,
a493912e-b236-4ea6-9359-57d8e763bbf3,a1bd7327-18fd-4727-96e7-5be496822259,73b3e802-0454-45a8-919e-4be4c3430551,
d42ae34d-1219-4462-bea4-9ab3e4d6ee96,a1bd7327-18fd-4727-96e7-5be496822259,74950f20-8a01-4d2a-8dfa-543bab05c10a,
471c9af8-33c3-4543-bb2a-623013e37c8b,a1bd7327-18fd-4727-96e7-5be496822259,751b0f71-c76b-49c1-9128-3166e66d3d50,
67279e24-ddcd-457d-9033-8592c5a9b215,a1bd7327-18fd-4727-96e7-5be496822259,7682b137-5922-4e8f-84e7-40957fd75cfa,
587ae07f-e3f2-4bc2-a505-93f22e1aea0f,a1bd7327-18fd-4727-96e7-5be496822259,78db8fb8-5cd2-4435-8ab0-cef29b9a014b,
4e3cfcde-b053-4313-a2d8-dda1bd43276d,a1bd7327-18fd-4727-96e7-5be496822259,7f1fa855-a4e0-45f0-b559-b1b8801ae1c4,
f0d2696f-f066-4cc0-a648-5d3aba0aa364,a1bd7327-18fd-4727-96e7-5be496822259,819ae94a-f368-440d-8910-88ab4a626b11,
7ed7fb6a-90b4-4461-8ba3-04578432fe8d,a1bd7327-18fd-4727-96e7-5be496822259,85d1c7da-0bb3-4d07-9a14-a1197d00358e,
3b211f55-0411-4618-978b-c790d407c54e,a1bd7327-18fd-4727-96e7-5be496822259,8f3f1caf-badf-48e4-a3cd-d1ba7736dd9a,
408e129f-afb3-4a62-a24b-acfbd501c13a,a1bd7327-18fd-4727-96e7-5be496822259,91442efd-e26b-4537-811e-2f4e1111cd0f,
ce5b9b77-3059-48d4-9e92-77b56ef07af1,a1bd7327-18fd-4727-96e7-5be496822259,9628b357-6d5d-4d29-b725-e4c69176f348,
65a4b90d-1e41-42a9-ab8f-8eb263f32ed1,a1bd7327-18fd-4727-96e7-5be496822259,9653a9bb-eb87-4df7-8640-51e8ef425fa2,
f02cdc50-a08b-4af2-8338-7b5e5ce55a44,a1bd7327-18fd-4727-96e7-5be496822259,969698f5-6fdb-4d1e-90c6-b0893c252366,
642e1fa4-09db-4066-916b-9c71ae111c78,a1bd7327-18fd-4727-96e7-5be496822259,96a6c618-d3c8-479c-a97f-1fae31590c06,
24b755dd-8383-4729-96b0-af5df8eb97d8,a1bd7327-18fd-4727-96e7-5be496822259,9da76b3f-6653-47db-b6bd-8deee1bca6d3,
80878da4-ffed-44ad-b030-52e6274508c8,a1bd7327-18fd-4727-96e7-5be496822259,9dc394bc-4b2d-4a3a-b5d3-035b04092e35,
e89e569f-4283-4d48-b77c-1f6798c19c75,a1bd7327-18fd-4727-96e7-5be496822259,9ffbf337-66ed-4f0f-a347-ff4417084fb4,
5cc3ebd4-f3f3-486a-bacc-be9d5a292407,a1bd7327-18fd-4727-96e7-5be496822259,a55b01ad-cf5c-43c9-850f-51230a850a7a,
e27c1e97-07ed-4f0b-b4c9-3c9c9d68f1c8,a1bd7327-18fd-4727-96e7-5be496822259,a600693c-393b-4d51-8f88-6254beebe40c,
cb7fc5ce-d2c1-4866-9b41-778c7763c086,a1bd7327-18fd-4727-96e7-5be496822259,b16829dd-de9d-42b6-b94c-74fd7fa9ed0c,
f830ae96-2bb1-4f53-91b6-e17d9a65c017,a1bd7327-18fd-4727-96e7-5be496822259,b35741c0-75bb-4013-a899-367c0f9d21a1,
62802853-d4fc-4d6b-baa2-492a0cee66dd,a1bd7327-18fd-4727-96e7-5be496822259,baea44e2-74a8-4486-8409-5ae4b70db292,
30f3b940-1e22-4cc9-b501-32dff9ae1d3a,a1bd7327-18fd-4727-96e7-5be496822259,c3943755-6e22-4465-a475-02df0fa921e4,
98a5b77b-c8de-41b2-ab66-1be7ca6c94da,a1bd7327-18fd-4727-96e7-5be496822259,c50f264d-3bf2-4ea1-ad4c-2162eda9b7ab,
b86029ff-8e90-4e66-a8a0-42dea95ce3cb,a1bd7327-18fd-4727-96e7-5be496822259,c523ebef-3c26-4a4c-87dc-d0d934f4a273,
2ad1011b-22c4-4bc5-a8ec-f0e2da06445e,a1bd7327-18fd-4727-96e7-5be496822259,c92dee25-cde9-4a74-bd67-20986c52a34c,
01947db5-1977-45b1-83ce-d659b3f5d5ff,a1bd7327-18fd-4727-96e7-5be496822259,cf372a1b-f0f3-4f76-a88c-28a603861e54,
c55d610c-ede5-4534-a115-ec945e890a85,a1bd7327-18fd-4727-96e7-5be496822259,d4d87e15-5acb-4c81-8b13-fe732fab5c32,
ba572b6d-5b56-480b-9d26-efd124d64549,a1bd7327-18fd-4727-96e7-5be496822259,d9f024fa-6b55-499a-ab0d-12a551e93898,
a528cc2a-8b50-4ced-92c5-506adaaee364,a1bd7327-18fd-4727-96e7-5be496822259,e4841ae9-3363-42bb-9fa4-73d68bdcc5b7,
a62b57db-f7b8-4e4b-ba9b-1f4b3ca453ef,a1bd7327-18fd-4727-96e7-5be496822259,e7b72552-e09b-4f59-8686-7931733938f7,
4b4c99d4-4498-437b-894f-ff183561b1b7,a1bd7327-18fd-4727-96e7-5be496822259,e8903f1c-6a4c-48b7-9c01-07468914655b,
cd41247b-e647-4342-9627-8f52f71af4b4,a1bd7327-18fd-4727-96e7-5be496822259,eca169de-fd6e-4af9-94da-5b75f06d8200,
85f83a8b-f3ff-481d-ad1a-347f90214579,a1bd7327-18fd-4727-96e7-5be496822259,f4732079-ea08-42c1-b58b-eb9a7953cdd9,
d26a2e45-93a1-46f5-a586-6fc44af3e004,a1bd7327-18fd-4727-96e7-5be496822259,f59677bd-63d3-44a7-9d3b-961980fa19ba,
e8da208a-1faf-4b00-b01a-e5a198a56a84,a1bd7327-18fd-4727-96e7-5be496822259,f5e2fdcd-521b-4920-9caf-798cfd9f3c56,
a7c3452b-36d2-43d1-b36e-0d205110ade7,a1bd7327-18fd-4727-96e7-5be496822259,f8cf83ac-9e87-45e2-91d7-8d75a4f0e6c0,
25c387d3-63b0-43c9-bbef-d5f77d4ac316,a1bd7327-18fd-4727-96e7-5be496822259,faee84f5-a4a4-4cee-9ecc-bbb8288ee8a8,
c51e03ae-729e-4fda-83d4-d0d1b43e0001,a1c90b97-6770-42f8-a962-4ed7b7136208,71fa2041-54a7-462c-b366-85b7f8a3b2e6,
8e7856a2-13a6-4eb9-af11-55513f880786,a1c90b97-6770-42f8-a962-4ed7b7136208,87487711-f38c-4357-9c1f-19f8ce2c630e,
22248ac5-dea7-4b90-b376-678d68b5a6a8,a1c90b97-6770-42f8-a962-4ed7b7136208,89833dd2-8995-43c2-a705-6c3d6a5a2adb,
89431fc3-a8a3-4ae8-b9b7-5d10a9d35a9d,a3625bf3-2d5e-42da-9db4-52cf6fccd177,078ee452-7af9-4d96-bb52-92dd6636e4f4,
6a041b71-2cb1-4b49-92c7-3389c5870e41,a3625bf3-2d5e-42da-9db4-52cf6fccd177,66372448-9304-4b21-9e6c-d07b35e2f1b0,
47f878f9-c7f8-4fcf-a8c4-4207a83da225,a3625bf3-2d5e-42da-9db4-52cf6fccd177,930ece8f-5200-4b84-948e-c8918c9d108f,
d63a6f14-12de-4ca2-8d75-8dffadb0b540,a3625bf3-2d5e-42da-9db4-52cf6fccd177,d258279e-b04b-4fb7-82a1-312de35a1796,
4c63da33-81ad-493a-80c8-1d7389ca2155,a3625bf3-2d5e-42da-9db4-52cf6fccd177,d5947f66-5c13-44c2-9c78-6dbadbd69beb,
059f7cca-9542-410e-b5ec-97c992eb1558,a3625bf3-2d5e-42da-9db4-52cf6fccd177,fbfa6617-40f6-47fd-99be-b044781ce007,
23d294d0-ec1e-411e-a029-95e9f7ac817a,a4108157-2d79-4cc6-b85e-2546f1ddfcf3,1393ace1-25e2-4eff-a0f7-cb1ead69dc90,
5eef249e-ff7a-4378-9937-3aa25bfd0370,a4108157-2d79-4cc6-b85e-2546f1ddfcf3,14d36c21-9f3a-4f2f-89e3-399bca39919d,
d5063322-6da9-4580-999f-5ef1fd54d338,a4108157-2d79-4cc6-b85e-2546f1ddfcf3,2091fb4b-3d3d-41d5-8576-0c686ed34314,
de95f235-0257-418d-a965-5587dee701e3,a4108157-2d79-4cc6-b85e-2546f1ddfcf3,24c7468a-d33b-4230-b587-87f48c34d881,
978a19a5-2ae5-486f-940a-118ca2778ad2,a4108157-2d79-4cc6-b85e-2546f1ddfcf3,3089625a-b8e7-427b-bfc3-a90061e4927a,
c9d512b9-cd06-4dc7-a4e8-2432bdc111e2,a4108157-2d79-4cc6-b85e-2546f1ddfcf3,432f4c6c-0f3d-45b5-93d9-1ec59614101b,
7fe74a0c-df30-448b-b0cd-14f4c3f80fa2,a4108157-2d79-4cc6-b85e-2546f1ddfcf3,4d8082d3-3908-4336-b1a7-def8333da9c4,
4241174a-b6e9-46e0-8dc8-d276bd2acee2,a4108157-2d79-4cc6-b85e-2546f1ddfcf3,714c594c-ea25-4554-9dea-3ae44161b204,
7262dd4c-2c85-4781-931f-ba21f951155d,a4108157-2d79-4cc6-b85e-2546f1ddfcf3,77f36bce-5247-4b54-98b0-68bbf81e8918,
987c23c5-3526-4df0-8768-31e8e5d03c99,a4108157-2d79-4cc6-b85e-2546f1ddfcf3,84f95dc3-0cad-40bd-899a-4b891aa52a8c,
c5b2ac90-9bce-4f94-b947-a775d79e7cbd,a4108157-2d79-4cc6-b85e-2546f1ddfcf3,92bd19c0-d45d-4202-9191-a4b2e66dc002,
1737f87f-1b8b-4e90-a626-3a1ae237d7a4,a4108157-2d79-4cc6-b85e-2546f1ddfcf3,96a3c13d-7345-46e1-a03e-2c03c1fdc9b7,
56aea458-8d83-41b1-9709-c479b1d3cda3,a4108157-2d79-4cc6-b85e-2546f1ddfcf3,a5da6250-3929-45d2-81d8-ca5ba8d73ed2,
9e5bf3cc-5cbb-4341-8f17-b6ac663b7fb2,a4108157-2d79-4cc6-b85e-2546f1ddfcf3,b2d65b1f-602f-42eb-b660-bb9a586efc20,
996ca4ce-7367-4eae-ad0a-008ec16ec778,a4108157-2d79-4cc6-b85e-2546f1ddfcf3,b84b7713-aa24-4677-a383-b6d96e493713,
f63d1a02-6e1d-431e-a552-a308cb0bd940,a4108157-2d79-4cc6-b85e-2546f1ddfcf3,ba10fba5-cd35-4eda-b550-0f76fbb1f217,
326e07fc-456e-487e-b4e6-33d842a50b7e,a4108157-2d79-4cc6-b85e-2546f1ddfcf3,bd9eec3f-cba7-4b6b-9f4d-6c2fe065be96,
a13f526b-6ac8-422b-a08a-78c396b63a9d,a4108157-2d79-4cc6-b85e-2546f1ddfcf3,c85e37ad-400f-4494-9504-b059f9b09524,
da908576-b0a4-48c8-9bab-c315745f8cf8,a4108157-2d79-4cc6-b85e-2546f1ddfcf3,daae1ec2-b016-4d89-bc1f-76ba92dcefbd,
fa10a563-e7f6-4cfc-a90c-fcfd6053724a,a4108157-2d79-4cc6-b85e-2546f1ddfcf3,ea127fc7-36f1-4544-a4b6-1881481f9b47,
da74339f-b562-48b0-8cb8-1c46ea886850,a53c7a03-aa07-433b-98da-866544100069,2ce86961-57fc-40af-9c12-ef03003b3791,
f57cf170-7a0d-481a-af97-64d358f65f49,a53c7a03-aa07-433b-98da-866544100069,afe80c9a-5159-487f-a64f-c17c38354721,
c34a5724-94c4-4f70-ace0-228e8ae0d40b,a53c7a03-aa07-433b-98da-866544100069,b049ba71-75e0-490b-afb8-e216e8c3dcba,
fee1e16a-893d-4195-89f6-19966937a34f,a53c7a03-aa07-433b-98da-866544100069,fc7b7d18-6a9f-4af6-851e-b49107537ffa,
bee25b17-9503-469f-8e01-0369d01fbd10,a559a81c-5fe2-4a39-b85a-a7d7a261a50d,268e1762-b8d8-4568-b45f-7337fa7b6c10,
03dcb0d7-f6b1-46a2-9eba-74557f250a54,a559a81c-5fe2-4a39-b85a-a7d7a261a50d,61b7f0ec-c5e9-4161-8a74-c985da705a8f,
87e23722-81d6-4962-8184-225fcadbc9bd,a559a81c-5fe2-4a39-b85a-a7d7a261a50d,cf4263df-9f3a-431a-a601-99506b34e074,
a6904ad7-c9d3-49da-be56-c5facf6bcb76,a559a81c-5fe2-4a39-b85a-a7d7a261a50d,d64bf8be-9f8c-4fe7-88ef-f9441bbc78ec,
cba104ba-eee3-483f-b52a-4e1ed8942eb1,a5dd9636-4f93-4b64-ba37-a125cbda7e61,2f6d11ff-81e5-4844-aca9-8a98ea0836fa,
0d9f7b1a-0eca-40bd-9273-9b56c09c0c60,a5dd9636-4f93-4b64-ba37-a125cbda7e61,49d7ec6e-066a-4b59-bae2-6c436e19dd84,
196a18e6-b4ec-4a17-886e-b60f05f945c9,a5dd9636-4f93-4b64-ba37-a125cbda7e61,fb002b14-9795-4731-9b92-3ee1079e027b,
7fdfa447-172f-4b87-87c6-5b9534e568c2,a650844c-79a2-4ecd-a292-d942631591ed,6b2a466a-1646-4717-a841-86dc227c6f42,
430ee4f3-1beb-4aa5-8c19-2a8c81c40410,a650844c-79a2-4ecd-a292-d942631591ed,dcc1e3a2-d5ab-4a0b-88c3-a2f73700d15b,
a42d2d90-5404-4b23-a3d8-1034de93a5e0,a650844c-79a2-4ecd-a292-d942631591ed,fba2aa5a-edcf-4aba-959e-eab482aeb022,
1b52b77c-6f27-4b62-88dc-1a15bd33f70c,a7c10461-5b9a-4109-9381-eaca29955e99,048c5dd4-4af0-46c9-afb0-79eed665e908,
a4a3eb59-2024-433f-a0e9-00b5c7a93757,a7c10461-5b9a-4109-9381-eaca29955e99,108075d2-dfd1-4d3b-a775-be03b3efd04c,
0367f392-2c7b-4e6f-898b-8b311d405048,a7c10461-5b9a-4109-9381-eaca29955e99,33b106ad-56f6-4f5e-9351-d2f3ef35489d,
2e4a0175-1a08-4a06-a0a8-86aa27fdf31c,a7c10461-5b9a-4109-9381-eaca29955e99,4888cdbe-4d52-4fde-a6af-606ab814872e,
c050cb8f-e42a-4ac6-b749-488f509c9d9c,a7c10461-5b9a-4109-9381-eaca29955e99,52a5a39f-dc3e-436c-8f7b-2c4f85734a41,
ae17d153-daee-4440-81c8-4546f7fdf494,a7c10461-5b9a-4109-9381-eaca29955e99,56d3f030-b9d4-473b-b39e-14471488e1f6,
d4a3c12d-5f3b-4120-a96b-6b33aaa7c286,a7c10461-5b9a-4109-9381-eaca29955e99,bd7e987b-2b14-4881-b0ac-3abfd3fceb4d,
df8613ed-cd43-4c26-bd73-371d964d184f,a7c10461-5b9a-4109-9381-eaca29955e99,c03406ef-d0ce-485c-9be2-8e7c0c920eaf,
1b434965-2208-4aba-81c6-7611ecae55f4,a7c10461-5b9a-4109-9381-eaca29955e99,e03719d4-cfb1-40b7-8c53-cc77071d6942,
72809d26-8d8b-439b-965e-17babecc33ba,a7c10461-5b9a-4109-9381-eaca29955e99,e41ecfee-a177-4082-832d-1f481aba0b2d,
453958f4-6880-4fea-85ac-5ae7629906be,a7f189b8-d184-46c2-b91a-cd7d9b6498ab,407451c1-aff9-431e-b7ef-f0c21e43e550,
74b01e96-e41b-405a-9ed2-774139e7f479,a7f189b8-d184-46c2-b91a-cd7d9b6498ab,65b48227-887d-49aa-a8c1-0a44bcd326a2,
d85cde25-1150-427b-b150-84964472b6d9,a7f189b8-d184-46c2-b91a-cd7d9b6498ab,7ebbbe0a-b4a5-4a18-bead-64fd7d630dc6,
332bb8f3-f0a6-43cf-ba78-926cb2977a08,a7f189b8-d184-46c2-b91a-cd7d9b6498ab,afc78972-2aaf-4dc1-87fd-a11f8919647a,
57fcb736-e1ea-4f81-bb61-801c4e05407c,a81e0336-6520-4d0d-80bf-8947583d9f37,12f91397-8475-4b8a-ad7b-0ba0e0b7d1e3,
ce55dde4-21a0-4070-95d9-b07367fad179,a81e0336-6520-4d0d-80bf-8947583d9f37,1bf2b2f1-f7de-4e03-84d8-cc45d608092d,
aad20229-c236-4722-9e2e-4cc78470a937,a81e0336-6520-4d0d-80bf-8947583d9f37,2522a7c5-c06a-495e-b21b-339712a815ff,
7ee0e4af-11e2-4088-bd19-16a7770f645b,a81e0336-6520-4d0d-80bf-8947583d9f37,2abb872e-a766-437d-b584-aedf79e11ad5,
ccb5593e-ffe1-4ee7-a842-ce83453e17c9,a81e0336-6520-4d0d-80bf-8947583d9f37,53412f3e-a0c4-4f12-85df-a206f2cabce9,
96002b66-fc0b-4747-93e0-4db419ddfbb0,a81e0336-6520-4d0d-80bf-8947583d9f37,62d4bc20-bfb0-4ca3-9dd4-a15577f128a9,
74deb894-b2df-4e70-a0d1-a5329b4d647a,a81e0336-6520-4d0d-80bf-8947583d9f37,73fc94dd-a671-4f5b-99d7-00118dc197eb,
ba8e129c-4e9c-4fe5-90bc-4a87512ab6e6,a81e0336-6520-4d0d-80bf-8947583d9f37,7b41092b-ca3e-41e1-b417-33d036b3ecee,
518f765a-7991-493c-9678-23ad2e54d15d,a81e0336-6520-4d0d-80bf-8947583d9f37,90a3009e-50e8-465a-89c3-9357f3b456f5,
7c5142f5-d3c0-480a-b972-6ef9d5a47ac3,a81e0336-6520-4d0d-80bf-8947583d9f37,9fe50ce6-e41c-4e0d-b9dd-2cffea1ae505,
1ed69abc-9e63-45da-bc74-bee5505d397f,a81e0336-6520-4d0d-80bf-8947583d9f37,a2ad84e0-95ca-496b-8544-3dba9938b5d2,
f4e79275-8855-4e48-b8fc-f07be366af60,a81e0336-6520-4d0d-80bf-8947583d9f37,a7bb3914-64f6-4542-880c-af51f9adef95,
79fc98c1-af9a-4d37-ae78-5eae1c78135f,a81e0336-6520-4d0d-80bf-8947583d9f37,b4e3c612-e816-4a96-aea7-4b560af5bfda,
1a452780-7e88-40ff-9702-50ed0db3803e,a81e0336-6520-4d0d-80bf-8947583d9f37,ecb4b57e-2f5f-48d0-aafd-74169bade168,
b1a4f9b3-2164-46e7-b761-28b0004f643f,a81e0336-6520-4d0d-80bf-8947583d9f37,ecffe3b9-c9ff-449a-9d09-3bff2e257eb6,
ec2a450a-d66d-487c-a5ed-50488199799b,a8ecf188-5e6c-4280-84bd-f84a2856d608,04376f8f-27a9-4d29-8830-ff875056daa2,
e7fcd22a-fb1d-46ce-9b08-caac9436bdae,a8ecf188-5e6c-4280-84bd-f84a2856d608,0f4a0804-eec0-4924-993e-0eca4e2eeed8,
dc3a837e-326b-4b4b-b42c-e0667fe672a7,a8ecf188-5e6c-4280-84bd-f84a2856d608,1429cd8c-1548-4b53-984e-b779bb1021f8,
e30f6ad5-9437-4b5c-bc1b-b79084873552,a8ecf188-5e6c-4280-84bd-f84a2856d608,227001e4-5b12-462d-99a0-28902d96ed24,
b43f4254-8e61-47d2-aed9-d057cda463a8,a8ecf188-5e6c-4280-84bd-f84a2856d608,4dd2e5c3-c04c-4105-9637-55561b928189,
b26bef4c-f168-4aca-b4f8-9f1fb50277ab,a8ecf188-5e6c-4280-84bd-f84a2856d608,68e0cf75-63d3-4cab-a13d-70719ad771c7,
6b2bfdb3-15dd-4128-bb25-7d7a27a06273,a8ecf188-5e6c-4280-84bd-f84a2856d608,69e03eb5-315d-425d-b6a9-8d0974ffcbec,
04215231-8d99-4055-8f86-162b319c8e6a,a8ecf188-5e6c-4280-84bd-f84a2856d608,a6b58db4-697b-4a29-9e9c-201718ab7783,
3f8bc079-4cf9-41fa-85a1-b84a68915c70,a8ecf188-5e6c-4280-84bd-f84a2856d608,a87a36bd-d4a6-4206-977b-37a3316e7455,
255ce481-c2ea-464c-a7d4-7fb09326d34f,a8ecf188-5e6c-4280-84bd-f84a2856d608,ceec1ade-9409-4f4c-ab55-48069f3f4925,
3ec0f422-8f68-4b2a-b8e0-fcb9f358467b,a8ecf188-5e6c-4280-84bd-f84a2856d608,d7d87d6e-e4e2-4702-9f91-826cffe68f20,
ede787d6-ce5b-436c-ada1-4d66d47c90b2,a8ecf188-5e6c-4280-84bd-f84a2856d608,e0deef55-3114-4552-9698-d577b71c82da,
d1b77d62-c87a-4448-8b69-2fdf7d63003e,a8ecf188-5e6c-4280-84bd-f84a2856d608,f609f67e-8162-47ba-9629-ae2c3bb5f24d,
e2821585-e194-4019-a710-634958931dcf,a94acb47-4172-4e48-ba9c-af5300bdde86,c94d1342-929a-47c1-bdc9-163902346082,
30375870-1593-4d38-9216-fe124f9850bd,a9574598-9ae9-4adf-9f5d-675d5c369c6e,cb4b4cea-31d1-42fb-abd5-4ea356de5f2e,
caaa9fbf-501a-475a-853f-086d6c86da34,a9e73a12-d5bc-4784-afe3-9701d41c2ac5,18997c71-912a-4129-8810-91dc4c10179d,
d4085a2c-8d04-4c6f-bae4-b595a3f66c44,a9e73a12-d5bc-4784-afe3-9701d41c2ac5,81cd6b23-1629-447c-af23-e15038f98d43,
1ba2ec8f-ec07-44f4-add8-2529358b4927,a9e73a12-d5bc-4784-afe3-9701d41c2ac5,b40e6877-34d3-423d-a703-5700a9a2fca8,
59cdc0b0-0fb7-4c0b-b9d8-cdcebe30af25,a9e73a12-d5bc-4784-afe3-9701d41c2ac5,f78c5b38-a2f0-440a-96c3-a9f19e7efd38,
b01c4525-5c51-4edd-aaff-a02225704d30,ac999a22-6c74-4e6f-9d60-c75594dfb239,07d801f9-e3eb-4721-b5ad-79ab57013af3,
87441527-1936-41f3-a72a-72277039178e,ac999a22-6c74-4e6f-9d60-c75594dfb239,1763e028-e09c-42e2-a545-e47a65ca72b3,
2ff64019-33d1-4354-916f-30197eee4ceb,ac999a22-6c74-4e6f-9d60-c75594dfb239,20c59f66-7fba-4417-8d03-8b7a9878650d,
e5302540-541e-4676-bf4c-39d15fccc408,ac999a22-6c74-4e6f-9d60-c75594dfb239,2a2d5d73-03d0-4a90-a038-0cc5704bb9b0,
b748a910-d688-4240-b038-d713911760b3,ac999a22-6c74-4e6f-9d60-c75594dfb239,670ed40b-4327-4535-a992-a9db636ac6ca,
cd514b3c-ecf9-43aa-ac30-11ed8edf11fa,ac999a22-6c74-4e6f-9d60-c75594dfb239,90eedc95-9efd-4ae2-8beb-c0731b609292,
caf9b0d8-a117-4a86-b584-0c87d70884ae,ac999a22-6c74-4e6f-9d60-c75594dfb239,975c9975-c124-44c9-b2b5-8c7506be2e23,
72e9e241-777b-4c05-86ac-63520ddb7c4b,ac999a22-6c74-4e6f-9d60-c75594dfb239,a697de10-8fed-47fb-b8f8-d8415574caa2,
6bbd9d36-5a42-46b3-9457-8246f1f83b0b,ac999a22-6c74-4e6f-9d60-c75594dfb239,a9aed3de-62fe-42e3-a385-07833a0baabf,
8a282730-87a9-4b9a-9380-1c5884c5127f,ac999a22-6c74-4e6f-9d60-c75594dfb239,b168deba-4d57-495f-8abb-3eec5ae5807e,
9183712b-b9b3-47f3-a782-c7d3c5ddfb01,ac999a22-6c74-4e6f-9d60-c75594dfb239,c2b1e704-9f13-4a95-818b-d5d4790b054a,
381a76d9-65b3-4d81-9299-09ecdc96099c,ac999a22-6c74-4e6f-9d60-c75594dfb239,c59685a1-c905-4a8c-a9bc-d44118893c4a,
95f802d4-8005-4f2b-afea-40ca06a7e586,ac999a22-6c74-4e6f-9d60-c75594dfb239,c7b37b9e-0bc6-4818-83e2-4ad3da56273a,
dff53e7d-0661-47f2-9109-5906cb0bf820,ac999a22-6c74-4e6f-9d60-c75594dfb239,d4993041-aa72-40af-9fed-2535be57e4fb,
08b81b91-5d7c-4f63-9104-b9f452962b39,ac999a22-6c74-4e6f-9d60-c75594dfb239,e6b179a6-0248-42eb-96e5-1c1c24ce918b,
74cc4e4e-cc1c-4d9b-a42a-95c4ed727b2f,ac999a22-6c74-4e6f-9d60-c75594dfb239,eca24901-ca57-4654-b105-65582331282f,
e910969f-12cf-4eb7-b8b3-fc54f5f11b39,aca80493-8408-431e-a2ee-f55a6a40d7fb,38610ac1-d9b1-4172-8081-53bf9943f37f,
69459b9a-ec47-48cd-806d-79deeb3da952,aca80493-8408-431e-a2ee-f55a6a40d7fb,99f0836c-cf50-4b1b-9660-e47c1f9fa495,
9017599e-50d0-4678-ac91-d5f3cf414f43,aca80493-8408-431e-a2ee-f55a6a40d7fb,bdb8af19-f2d1-45eb-ba20-65b1591740c3,
73357f9a-26ca-41bc-ba18-1457e1c8816c,aca80493-8408-431e-a2ee-f55a6a40d7fb,ee340c90-4814-40a9-8c10-2dd88b4d77bc,
028ed2a7-db08-4f1d-9a0f-f386690d97d8,acaf95c6-3208-4d95-89d5-08a985ddf81f,00a3e6a1-0d8a-44dc-8a8b-c941a0f69b48,
314267f5-7226-46cc-8579-0e1b3c38512b,acaf95c6-3208-4d95-89d5-08a985ddf81f,00bd103d-a1c9-4c97-af0f-661275295316,
219afd96-120c-419b-95fb-85c1827de4ba,acaf95c6-3208-4d95-89d5-08a985ddf81f,010fba4c-c678-497e-9402-4d27b6d8810f,
a826e32a-7ed2-437d-9da9-7b082136b16c,acaf95c6-3208-4d95-89d5-08a985ddf81f,0132f038-959a-4b37-8779-0fe5070ea03f,
9090224f-ae9a-416c-8c21-62b0166f945b,acaf95c6-3208-4d95-89d5-08a985ddf81f,017915c7-5b90-4f07-8083-3a431d9cd923,
9866d43e-10b0-48f5-a6c5-93e70863ca0c,acaf95c6-3208-4d95-89d5-08a985ddf81f,0179bf95-92df-4de3-81da-fda2e9d73a57,
7769caea-af59-4f73-a759-a2a55adf8529,acaf95c6-3208-4d95-89d5-08a985ddf81f,0226725e-bcc5-4ce8-9190-556c1cddc2c5,
4657f49b-9c63-474a-80ff-177f3bcf0824,acaf95c6-3208-4d95-89d5-08a985ddf81f,02727348-ae4a-4fdd-86ea-ea9b5586d927,
68f04252-c942-4128-bd0b-bc1ed6d6f877,acaf95c6-3208-4d95-89d5-08a985ddf81f,027cd27d-ff84-49f5-89bd-6362d89154ad,
02547e58-3459-4efe-972a-8e357c1f32ba,acaf95c6-3208-4d95-89d5-08a985ddf81f,052b0fe3-4be7-4d40-9ee3-601fc5f37038,
9edb71b7-8e36-43c0-a57f-8c71c1751696,acaf95c6-3208-4d95-89d5-08a985ddf81f,0539e3b3-150e-4d67-8763-87e8edab2d28,
2642b882-9a25-4c62-8f50-68ade0d57de8,acaf95c6-3208-4d95-89d5-08a985ddf81f,05caf4b3-9d0e-428d-a56a-9d7d442b793e,
ec182f96-5851-44ee-82d4-2816ed10c840,acaf95c6-3208-4d95-89d5-08a985ddf81f,0602aa1b-8cab-4ece-8ccc-5f9f518f742d,
7bc68a58-6e47-4fe3-bda8-5ab78fb02b81,acaf95c6-3208-4d95-89d5-08a985ddf81f,0637e371-fb0f-48b9-aa09-7ab174248d2d,
9a7aa55f-c4ef-4575-92d6-67cd0233e96e,acaf95c6-3208-4d95-89d5-08a985ddf81f,077355a0-f545-40f8-813e-6a24e5b37964,
bf12e54c-ebe7-4203-848e-5bcf4db3ec7d,acaf95c6-3208-4d95-89d5-08a985ddf81f,08091d2f-6998-4545-ad4b-91357c0e7310,
a20248e5-d3bb-4b96-9e72-3b0cd4b91f4c,acaf95c6-3208-4d95-89d5-08a985ddf81f,083e78c8-ad49-4822-ab4a-3bbeacddc1f8,
70ece629-508c-4b5a-b220-6f40c611d3c2,acaf95c6-3208-4d95-89d5-08a985ddf81f,08674f6e-ff62-4311-b870-cfa2a7fead05,
84a5b7d4-0d6f-4c04-8eb1-2b15ef6be55b,acaf95c6-3208-4d95-89d5-08a985ddf81f,086d3554-014a-4a41-b6bb-cf33d853c856,
079f0249-9c5b-4a3f-8b94-b2a1a146897a,acaf95c6-3208-4d95-89d5-08a985ddf81f,09a38921-8fe4-41a0-8740-8023737555a0,
aa60e886-020f-4b1b-bf09-a7794ce41346,acaf95c6-3208-4d95-89d5-08a985ddf81f,09cbea50-de00-4e1c-a4d8-4771d604c752,
1d0a0897-5136-48fd-98dc-3b9368059e99,acaf95c6-3208-4d95-89d5-08a985ddf81f,0a894c58-c42c-4dd6-9787-fa5e0697dc34,
9ed3607b-974f-4c3d-b1a6-a792b8b7a6f7,acaf95c6-3208-4d95-89d5-08a985ddf81f,0b00cbd5-b344-41cc-8393-b7b6221d412a,
adafa807-274a-4c10-b7dd-d5505d0bdb21,acaf95c6-3208-4d95-89d5-08a985ddf81f,0ca1b505-c81a-4a8e-9a81-ddbd91000600,
227fceaa-e003-4c85-8283-c715e018906d,acaf95c6-3208-4d95-89d5-08a985ddf81f,0ce49a16-44b2-4502-8fc5-8504d3a3771e,
dd7aea6e-736d-4573-b5f5-c3f5e98eb55e,acaf95c6-3208-4d95-89d5-08a985ddf81f,0d437678-7649-4ac3-83aa-dffe68594516,
c2f5207f-8c60-4484-a202-f9fc412ddae3,acaf95c6-3208-4d95-89d5-08a985ddf81f,0da23049-572c-4535-91b2-15042866a6e2,
090919b7-d4df-4fa8-9563-1890db1475a6,acaf95c6-3208-4d95-89d5-08a985ddf81f,0eda46b1-63b6-4d23-beb9-6b804d6f5916,
81826f3a-76a2-4bc6-8cac-4f85c7744a7d,acaf95c6-3208-4d95-89d5-08a985ddf81f,0f6eefba-58f1-41c6-b927-2fb628845978,
c1e20749-5921-4c6b-b226-8ed4477e9fe2,acaf95c6-3208-4d95-89d5-08a985ddf81f,0f8826da-0f29-4369-8336-5b2a6129c71f,
b36e22a2-fb6d-44be-bdc8-4fee8362fdca,acaf95c6-3208-4d95-89d5-08a985ddf81f,0fcf801b-efc8-47e2-b258-11ceac337a50,
e3d8af02-cd47-4428-a995-191e81394218,acaf95c6-3208-4d95-89d5-08a985ddf81f,10c102d5-890c-4a8b-94fc-9dc2d63e6ac4,
710d970c-df55-42dd-a51c-e2bde1d9f308,acaf95c6-3208-4d95-89d5-08a985ddf81f,11159f21-ed48-492e-ae35-19590c7bdf00,
d2e2e6bf-b2c6-408e-a20b-e4b9e276fcdb,acaf95c6-3208-4d95-89d5-08a985ddf81f,113bdad2-fee4-4053-8690-08377b2a019c,
c596e018-04c9-42b6-8368-b3960b25782d,acaf95c6-3208-4d95-89d5-08a985ddf81f,11626ebb-aed0-4f46-bc27-ab8d3db1d408,
48674d21-cfad-4b9a-858b-517a6cf7baef,acaf95c6-3208-4d95-89d5-08a985ddf81f,1244e94e-1233-4b61-9226-00ff0df86617,
55b8b4f2-1ffd-42dd-ab3f-6d69d0dd387d,acaf95c6-3208-4d95-89d5-08a985ddf81f,128a6e56-bc8c-4967-b51f-78dd24f30d3c,
b2ff6c2c-899b-4292-860f-c878e35ebfb5,acaf95c6-3208-4d95-89d5-08a985ddf81f,1355ba5e-3927-45cc-bfb8-a52fd2268b1d,
25bb906a-7ad0-460b-aff1-4c5bb471c0f5,acaf95c6-3208-4d95-89d5-08a985ddf81f,1366be33-dc7d-4757-a8a7-881c274c5ffa,
759a5d99-eef2-400d-b76b-da9267292699,acaf95c6-3208-4d95-89d5-08a985ddf81f,13e7899d-63c4-4f40-9918-539495e90489,
09094eca-e168-4687-850e-b3969b566982,acaf95c6-3208-4d95-89d5-08a985ddf81f,1451dd9c-6bcf-44fe-aaaa-84e57d41a6d3,
b7df4fa4-80f0-483f-844d-c5e838de21d6,acaf95c6-3208-4d95-89d5-08a985ddf81f,1462cf82-bbe5-456f-a0f3-5cbdbfd6e5b7,
bb64bbb8-85c9-4a19-8d5e-bdc2b6c84669,acaf95c6-3208-4d95-89d5-08a985ddf81f,150f73ad-2991-4596-9a28-e89c21d3d824,
a4c96d88-cebf-453d-97fb-7c6b47acc8bf,acaf95c6-3208-4d95-89d5-08a985ddf81f,15695bb4-020f-41b2-805b-d3f679bfaaf4,
ece3a801-38e0-4d3f-8ef0-736050a3c9dc,acaf95c6-3208-4d95-89d5-08a985ddf81f,161540ee-c536-4824-85b8-015bd09384ff,
acd6b16e-df67-4827-add6-3fe74bb57f29,acaf95c6-3208-4d95-89d5-08a985ddf81f,16cb08ea-4e4a-4ed9-a4c4-709de7aa1f91,
0db6db71-b738-453d-991d-fb392dca3eb2,acaf95c6-3208-4d95-89d5-08a985ddf81f,173e486a-1887-46ac-bb0d-05d6ff4b9d49,
b21e8594-8be8-449d-a9d2-153fb3302e4f,acaf95c6-3208-4d95-89d5-08a985ddf81f,17a6ac72-652e-40a7-acc6-ff635701c105,
00949501-558c-4f61-b95b-3be086991d75,acaf95c6-3208-4d95-89d5-08a985ddf81f,17a6eec9-5f21-4097-8063-e6de7d060bdb,
1693843d-df25-402d-bd36-a7f61ff6ec9f,acaf95c6-3208-4d95-89d5-08a985ddf81f,17c20a03-e237-4a88-b127-b5b437ed9704,
989afbc6-363f-4b41-947d-e40362700b36,acaf95c6-3208-4d95-89d5-08a985ddf81f,18b67a33-cad1-4178-8e65-152d3dd1fcd3,
8c8d4860-9e7a-41bf-8ae2-f0843612dea1,acaf95c6-3208-4d95-89d5-08a985ddf81f,18d6cda2-b4d4-4020-a7b3-1d89d486bc59,
c8a6bf74-0c10-4f92-8c57-29b7e9ad2a53,acaf95c6-3208-4d95-89d5-08a985ddf81f,19448c9e-03c0-4903-b38d-94b462d1e5c2,
c330ce29-4af9-4bca-89e2-28abe3dc8254,acaf95c6-3208-4d95-89d5-08a985ddf81f,19a331da-e3a0-477a-b5b4-b355cc9f1451,
5517f3e1-29d9-4626-b69a-e6902f634450,acaf95c6-3208-4d95-89d5-08a985ddf81f,19a953ac-2cfd-45b4-9a0b-8ef6702df3ef,
db0c26fa-b063-44b8-a7c6-fda33be008ab,acaf95c6-3208-4d95-89d5-08a985ddf81f,1afd6765-bf1b-44a1-b370-2a7f71bcfc13,
4cf508a1-41ee-486f-a41a-99b219f894b0,acaf95c6-3208-4d95-89d5-08a985ddf81f,1b0a06dd-83fb-43d2-8389-0166b3f13ff0,
394468ac-68c1-4a35-8fe8-f5a50a7bdace,acaf95c6-3208-4d95-89d5-08a985ddf81f,1b17c882-8271-448e-827c-6c0bf36b4eca,
f89f9515-b4b5-4ed5-a6d0-b06287c21b7b,acaf95c6-3208-4d95-89d5-08a985ddf81f,1c3a754f-bb9c-4b3d-b9a8-5272c33e5721,
3f471061-efb4-4615-89d3-c69d5d3e48c9,acaf95c6-3208-4d95-89d5-08a985ddf81f,1d570452-ae27-4838-8c5b-1501c53e2bcc,
dcaa448f-d9bb-4f8d-a885-7e903b1907fe,acaf95c6-3208-4d95-89d5-08a985ddf81f,1d71eec3-809c-4a8e-a8f4-f0671a4ffccb,
dec65e6f-e25b-44b7-9123-d8f3f77a1df7,acaf95c6-3208-4d95-89d5-08a985ddf81f,1d84dbf2-8d5d-48fe-a359-5356a3b8a71a,
fe78e0fe-d515-48bb-8a6b-13569c3d41e7,acaf95c6-3208-4d95-89d5-08a985ddf81f,1ecaff5c-ed48-4a6c-bb42-e1555e4cbdc9,
80e90c67-e9cc-4794-954d-c7f272e3737a,acaf95c6-3208-4d95-89d5-08a985ddf81f,1ee3b8f5-bff0-4299-b238-ac67f953ad70,
767da024-1fb2-4ccb-848b-e9299b204917,acaf95c6-3208-4d95-89d5-08a985ddf81f,1efebf7d-66e7-4a2b-b518-553f499f8f43,
28d405b0-8af3-4dad-89d3-3b0dda95eee1,acaf95c6-3208-4d95-89d5-08a985ddf81f,1f0a4bb4-a751-480e-87e2-bcc41fdb0777,
9097fd87-2a20-4cd0-8a75-260406f0c089,acaf95c6-3208-4d95-89d5-08a985ddf81f,20037679-3612-4d7b-b6c7-e10663abd26a,
5ac666a6-986f-4649-a826-bed13358b114,acaf95c6-3208-4d95-89d5-08a985ddf81f,2033ff3c-3d2e-4148-906e-46f507309846,
26995cca-5279-44b0-8931-841950ff369f,acaf95c6-3208-4d95-89d5-08a985ddf81f,2075716b-0ecb-441a-8064-18e382945f91,
54cae3d3-131a-4046-bc3d-2df0da57b886,acaf95c6-3208-4d95-89d5-08a985ddf81f,20ec6f99-26e5-41b0-a5ef-7f7a2fe15e1d,
eb3d755e-5016-481a-b939-005c081ce23c,acaf95c6-3208-4d95-89d5-08a985ddf81f,21a8caf0-6f64-4516-b81f-aae0a405450d,
c6936df4-f8fe-4b23-835e-00d5954b58ca,acaf95c6-3208-4d95-89d5-08a985ddf81f,21bff4ad-91a5-4cd6-b246-3ff8ea900b08,
1728bb6f-0064-4af9-8b20-b51238b4a721,acaf95c6-3208-4d95-89d5-08a985ddf81f,21ef4f3f-4032-4796-a1ef-81caf8b19ff9,
71856df7-d60e-4d45-9ecb-490f1a782419,acaf95c6-3208-4d95-89d5-08a985ddf81f,229091ce-0c1d-4a28-b332-f2ae5d273cce,
427bded1-07ec-4726-801b-865c274b3607,acaf95c6-3208-4d95-89d5-08a985ddf81f,2329c328-afb9-4f28-9c95-1f15d83498b7,
a0e28f75-a7a5-4c77-bb55-81a5aaa95548,acaf95c6-3208-4d95-89d5-08a985ddf81f,239dfd49-8f95-4da9-aaf9-f28fb6040a64,
53882b39-3bf7-470b-8eea-6f41cf1b929a,acaf95c6-3208-4d95-89d5-08a985ddf81f,24e3d584-3dea-4c83-869e-cdbb16d80aa0,
cdcace55-ee0e-42cb-8179-911c6351ab60,acaf95c6-3208-4d95-89d5-08a985ddf81f,25e24ec9-7c02-41d1-a5e6-e4caf1847b49,
c383e340-d113-4536-b6a8-d0745117892d,acaf95c6-3208-4d95-89d5-08a985ddf81f,26483d73-a828-4571-9ee0-751f55279798,
d1c1aa18-340b-41b3-a4ac-7693db95a586,acaf95c6-3208-4d95-89d5-08a985ddf81f,26664c46-3124-4ea1-964b-013323601c39,
80e47130-a849-4ad2-90eb-1fddfab23cbd,acaf95c6-3208-4d95-89d5-08a985ddf81f,2a2931da-88ec-477b-995e-117ce4f7298e,
d6e9c754-5707-4e38-8cf8-8d0cb132e0fa,acaf95c6-3208-4d95-89d5-08a985ddf81f,2a59386a-a2b0-420b-9e86-b21bed2f791d,
9cba27ef-ecfb-4da5-8345-2c69b89ebbea,acaf95c6-3208-4d95-89d5-08a985ddf81f,2b2e8cd6-baaf-490e-846c-fed86d9c88e8,
d9235b9a-1f7d-4409-a1f9-3268d4521877,acaf95c6-3208-4d95-89d5-08a985ddf81f,2b318c5a-ee2d-4405-90e8-ce310d80af81,
841ba446-4dda-4f61-ba00-8d0fe72673ba,acaf95c6-3208-4d95-89d5-08a985ddf81f,2b80f74f-6b0b-42a0-b134-f481205e9858,
338b48d7-eff9-42d8-8a83-9a5f92d33187,acaf95c6-3208-4d95-89d5-08a985ddf81f,2b9bd255-ef75-452b-b130-644fd2bd3cef,
759db12a-b376-4f5e-abb0-c1f27a4b6087,acaf95c6-3208-4d95-89d5-08a985ddf81f,2b9e642c-3ab3-4666-b426-ea0700cb050b,
6ae8334a-12c5-494e-ac80-adbf5d0283fa,acaf95c6-3208-4d95-89d5-08a985ddf81f,2c7bcef7-4db2-4479-9401-8933e3c4181f,
518302a6-8349-4f3d-94b8-7c20b93c4c35,acaf95c6-3208-4d95-89d5-08a985ddf81f,2d10d270-57a1-4e17-b90a-d80b7cd937ee,
5f5fa7ac-293e-4637-8bea-a3ae5c024757,acaf95c6-3208-4d95-89d5-08a985ddf81f,2d894c5d-1357-438b-a306-ac4db86882c1,
931a679a-e09c-4848-a1c3-2c5cc4e7bf87,acaf95c6-3208-4d95-89d5-08a985ddf81f,2e0dd843-1828-42fe-8b23-9f63bf69205e,
8f4becd2-e9a1-4c3c-b644-d8bef3b3eb67,acaf95c6-3208-4d95-89d5-08a985ddf81f,2ebe76c3-9ef2-4563-ba14-246f40a37ce4,
c29c7de3-fda2-46ff-a0c7-91d688655db5,acaf95c6-3208-4d95-89d5-08a985ddf81f,3008bc8e-ef80-4bdf-9f35-0d5742d21847,
b636423f-cf6f-4c50-8d1f-035339b889a4,acaf95c6-3208-4d95-89d5-08a985ddf81f,30edfe71-52dc-430f-9cb3-db7615dfb0de,
518e6ee4-e4cc-4d17-a560-834b0fa8339a,acaf95c6-3208-4d95-89d5-08a985ddf81f,31101bb0-518b-4d4b-b80f-6e444e064152,
3d5bd43d-4535-45dd-8b33-01e3b99ec915,acaf95c6-3208-4d95-89d5-08a985ddf81f,317449e3-a945-452b-a050-52462e1ff62c,
4a79240a-9990-48cd-b1a7-bac47fa56a5b,acaf95c6-3208-4d95-89d5-08a985ddf81f,317a10fb-ae7d-4834-bf54-31f131b85e8a,
91054711-ce96-427e-9bb5-205bc5e3c682,acaf95c6-3208-4d95-89d5-08a985ddf81f,31bd65ad-57d0-45eb-b0aa-395d7419f6ff,
1ffc5f50-6a63-4424-b3b0-3b5ddcb82437,acaf95c6-3208-4d95-89d5-08a985ddf81f,31c7bd4b-abb8-4267-9f05-9cca61433302,
4e8c4fcc-81d7-4252-a0a4-0aaa3ae96a5b,acaf95c6-3208-4d95-89d5-08a985ddf81f,31fef8b4-e05b-41c9-9434-2ef2c02333bd,
5df86f6c-494c-4434-9caf-9391cf6c0a6e,acaf95c6-3208-4d95-89d5-08a985ddf81f,327c07f8-4f97-4ff7-a977-22cedd9a896b,
43720d5c-96ea-4b3e-a647-11f68b20e6bd,acaf95c6-3208-4d95-89d5-08a985ddf81f,32d4c93b-f8e2-400b-957a-b23472bb83f5,
bdf199b4-de8f-4647-bdcc-572b23756ed3,acaf95c6-3208-4d95-89d5-08a985ddf81f,32fed73c-e610-4221-8fa0-b5b70ad3b929,
99ccea80-c270-4372-8a8b-63761cd84c3b,acaf95c6-3208-4d95-89d5-08a985ddf81f,33137c69-8083-413c-9e68-e7d5c07a5e79,
279c4ed9-6f7f-4cb5-af6a-20be26bee603,acaf95c6-3208-4d95-89d5-08a985ddf81f,33c46690-ef13-4974-9776-50530cdd068c,
b4467d60-93a2-457b-9aaf-0dff27ade8ed,acaf95c6-3208-4d95-89d5-08a985ddf81f,340aeeb6-4c5d-46a7-ae57-fb9e33275712,
9154221c-0774-4d5f-ad7f-f8c1a97aa75a,acaf95c6-3208-4d95-89d5-08a985ddf81f,34778646-a2ae-4a71-99de-849c13134041,
0db5033e-0b0e-4f31-92b4-9ec9de6d31dd,acaf95c6-3208-4d95-89d5-08a985ddf81f,34eac536-827d-4b1a-a9ef-af95bdd48687,
810f4862-95ac-4be0-b19d-83405ba30f8d,acaf95c6-3208-4d95-89d5-08a985ddf81f,34ef164f-00f2-41f4-86bb-863dcec3a315,
369176a9-3fb1-4529-8114-67f4a8ca642c,acaf95c6-3208-4d95-89d5-08a985ddf81f,353f509d-84f4-4f4e-b196-cd0b17ed66e2,
4b63c6c7-e1ab-4780-bc37-7bf021d1c0f3,acaf95c6-3208-4d95-89d5-08a985ddf81f,35b0a268-f8e9-4525-ba7d-e8ee5e0af9fe,
3b44726a-7554-4498-affa-23fc6604a76b,acaf95c6-3208-4d95-89d5-08a985ddf81f,35b12918-73a3-4e02-b4d8-23d71058d2fa,
e70fa2b2-05cb-46dd-9c36-46cdab4548fd,acaf95c6-3208-4d95-89d5-08a985ddf81f,35e63cfa-1da1-4d24-a793-8545305a27b4,
b0ddc093-f0b2-4563-9c37-4798dbc64f8b,acaf95c6-3208-4d95-89d5-08a985ddf81f,36163df1-8453-4fa1-b139-75cf9241dbda,
b18cac09-c496-45d2-a24d-978325624f1e,acaf95c6-3208-4d95-89d5-08a985ddf81f,3671ed1e-468b-4cd7-8c6c-1f2c0cfb15a1,
b5fc7bd9-eb8e-4a5e-9320-19f8d8052733,acaf95c6-3208-4d95-89d5-08a985ddf81f,36d58f7a-f661-4a5f-bffc-42f6cba6d65c,
39d44421-afc7-4f86-a92f-d368238d02f0,acaf95c6-3208-4d95-89d5-08a985ddf81f,3773db47-f335-4b64-836c-f87d17306bce,
fed380d9-1b4c-4d3c-9408-c8c43bfe90bc,acaf95c6-3208-4d95-89d5-08a985ddf81f,3809fec3-cf25-4462-8218-9a6a51d9d575,
20d72491-7f4e-4b8d-8ea4-1a76df21c8d5,acaf95c6-3208-4d95-89d5-08a985ddf81f,383d26ad-8a85-4167-a002-2ea2f624dba4,
fb12ad69-6bb5-43e9-8533-8410c877681f,acaf95c6-3208-4d95-89d5-08a985ddf81f,385fc61f-3620-473e-ba6f-cfbf39e9ff69,
2f724ffa-4f1a-4a2c-85db-2812da436142,acaf95c6-3208-4d95-89d5-08a985ddf81f,38a199a6-d69f-4c7a-8720-715412a68d76,
e5dbbee4-5121-4e90-a76c-879af3f0b863,acaf95c6-3208-4d95-89d5-08a985ddf81f,397f3d14-684a-4d96-8844-828af861de93,
c64e7976-acb9-4871-a5d0-ea4a7aca86b1,acaf95c6-3208-4d95-89d5-08a985ddf81f,3b76006c-5690-4be2-b0c1-5ce5028c60d7,
fd7a7c5f-f4a4-4833-a988-5a89989cb321,acaf95c6-3208-4d95-89d5-08a985ddf81f,3c779b6e-e1c9-40ce-aa62-e487727bcaf2,
a170bb24-98d7-4c3c-8ee2-0db955a62ad7,acaf95c6-3208-4d95-89d5-08a985ddf81f,3c7b8ede-8cdb-49b0-b1a5-6cd10a0e1f91,
f03f31c1-f3bf-4fa7-b310-aae5bea6a76a,acaf95c6-3208-4d95-89d5-08a985ddf81f,3d21a58e-fbe3-4569-95e2-1c8c2a59dca4,
c1512313-1cd1-4bca-ac3a-379180934710,acaf95c6-3208-4d95-89d5-08a985ddf81f,3d56cf5a-1d70-4a85-9e19-ff1553fb408b,
66604934-f3ff-466a-b7b8-960edd8c87ce,acaf95c6-3208-4d95-89d5-08a985ddf81f,3e5a487e-f4c8-4ed5-a8ca-30e6d2555fd5,
2af46169-8554-4159-95e0-e85e1f49e67f,acaf95c6-3208-4d95-89d5-08a985ddf81f,3eb616d6-9776-4778-9f14-31cc8ec44e5d,
893236a5-060b-479f-a396-c128a815af5e,acaf95c6-3208-4d95-89d5-08a985ddf81f,3f406138-e136-4e9d-9a15-7170486e7379,
1f7f9397-efb5-4d38-bb43-4e0446b8b80f,acaf95c6-3208-4d95-89d5-08a985ddf81f,3f899b1b-f5fe-4cb5-8ad5-5866d1df07f1,
90078557-100b-4511-9287-2ddc672183ea,acaf95c6-3208-4d95-89d5-08a985ddf81f,3fb67c8c-0d98-4fc6-894e-e0339e352ded,
bb313cd4-12b7-4f4f-8253-5392883f6ccf,acaf95c6-3208-4d95-89d5-08a985ddf81f,41648b10-9626-4f08-a3ab-997e3bd07e49,
b7469bcf-c562-47be-8191-c979f3011618,acaf95c6-3208-4d95-89d5-08a985ddf81f,417451b5-dddf-45d1-a0a4-86c38324ff1e,
af06883c-6001-4dc2-83a4-403660761dd1,acaf95c6-3208-4d95-89d5-08a985ddf81f,42269e3f-31c0-4533-892f-2fdee21a775f,
a547de4a-cfc5-4edc-8302-ea1a9082716e,acaf95c6-3208-4d95-89d5-08a985ddf81f,426ddef5-6c6a-4b99-b17f-850202e07bf2,
982d3d08-7849-4ae6-aa9b-6a6174bfe8bd,acaf95c6-3208-4d95-89d5-08a985ddf81f,428e8abe-0e59-44c4-a014-758883c55b90,
ac0ce4f0-cf72-4545-8b31-99514ba103ae,acaf95c6-3208-4d95-89d5-08a985ddf81f,428f3a51-55fe-429e-bab7-1872b2326e66,
64ee00be-603d-48ae-9620-5ce758dd9f49,acaf95c6-3208-4d95-89d5-08a985ddf81f,42fec048-f302-4f0b-a903-b32e9671bd18,
aaf023ab-3033-46d3-ae04-16047f0bbf82,acaf95c6-3208-4d95-89d5-08a985ddf81f,43191434-10d7-4c07-8420-772412b8f73f,
46eafc25-0735-4dd1-8cb1-d466faf11068,acaf95c6-3208-4d95-89d5-08a985ddf81f,448810f5-cc28-4205-bf0b-c3dc10caef2d,
edb646ec-5224-4cdf-97d8-358bec7a2bd4,acaf95c6-3208-4d95-89d5-08a985ddf81f,4492b25f-9061-4250-ba9d-8960f4b18dbf,
2d97c427-dddc-468f-b274-6cfbcdc08a2b,acaf95c6-3208-4d95-89d5-08a985ddf81f,459e3568-69d6-404b-95a6-ac2cc3739525,
81609ba4-1892-4de7-9782-4dec3286678d,acaf95c6-3208-4d95-89d5-08a985ddf81f,46813241-a55e-4937-86b9-4ee4336b29e4,
1e70c52a-3118-4a92-b561-854eaf2b8475,acaf95c6-3208-4d95-89d5-08a985ddf81f,46848dce-01a3-4ba6-a7bb-a733baa89dad,
f2117a18-8cf2-46ef-8123-9722a3227e7d,acaf95c6-3208-4d95-89d5-08a985ddf81f,47745516-9942-4e6d-bace-450df2072d11,
99bd8419-868b-41c6-8858-bbac7fdba84d,acaf95c6-3208-4d95-89d5-08a985ddf81f,47b27839-c2c1-408d-907b-f36b247108ea,
76be6e49-c6c5-4b7f-a5d0-3af1ee313310,acaf95c6-3208-4d95-89d5-08a985ddf81f,49b10448-b60f-452d-be6c-d893c563892e,
3f040fbc-880e-4283-8f44-946803b75ca8,acaf95c6-3208-4d95-89d5-08a985ddf81f,49d507de-8d1f-4cc7-8623-4d270ff2919c,
05df7124-4e4d-4a2b-9795-6b14d36fa881,acaf95c6-3208-4d95-89d5-08a985ddf81f,4ab92ef3-e7fd-4df0-8f0c-dbbd188effd3,
e193e9cf-01ef-458c-80b3-3f2d689e3ccf,acaf95c6-3208-4d95-89d5-08a985ddf81f,4ab97774-9f55-4027-bde1-b9d6b740930d,
141ba2b9-e742-46ea-872b-b53b3611bc16,acaf95c6-3208-4d95-89d5-08a985ddf81f,4adce0b9-935f-4ab5-9166-c8d5ca0058e3,
338820a4-3e60-4c68-8cf7-c92df3b79b08,acaf95c6-3208-4d95-89d5-08a985ddf81f,4b6a1930-0013-4b10-a543-1ad508297d01,
606c3da3-cdae-4683-a5ca-cc4111483537,acaf95c6-3208-4d95-89d5-08a985ddf81f,4b7a4ded-b4dd-48d9-a7de-5f4b6f9a03cf,
24650c0a-1be8-4aba-b6d3-bfbc9bacfa67,acaf95c6-3208-4d95-89d5-08a985ddf81f,4bc48d3d-7472-4194-abe1-af88bf3623a3,
8c3babca-c044-4ab2-abcb-2dfc5890f342,acaf95c6-3208-4d95-89d5-08a985ddf81f,4c416405-7690-449b-bbaa-2227d1ebb8d2,
3aaf6f49-3db6-4492-9459-b155d7850e50,acaf95c6-3208-4d95-89d5-08a985ddf81f,4ca50dea-947f-4629-9f12-e45a66728b80,
7aa8111d-4f46-4c60-aea7-77414031e2d3,acaf95c6-3208-4d95-89d5-08a985ddf81f,4d7211de-4edc-440a-9935-efc248a46f34,
0af1bce5-8b44-4e4b-bbb5-87e4cc6475af,acaf95c6-3208-4d95-89d5-08a985ddf81f,4da39877-00b0-43d7-add1-a7e9e6d89d5d,
6a06f049-e791-4585-b25a-4ff49559c1af,acaf95c6-3208-4d95-89d5-08a985ddf81f,4dab0eaa-edb3-448a-97a9-fa6adf2526e7,
e73e3b30-dd21-4aa8-8ed4-be3d47af45df,acaf95c6-3208-4d95-89d5-08a985ddf81f,4db70148-c7c6-4e35-9221-c6e74990297b,
0faab360-1a4d-4e54-85c5-741e99588fc6,acaf95c6-3208-4d95-89d5-08a985ddf81f,4e112e4e-5869-40f5-9f9d-16f665565e53,
14e97aad-0898-43e7-8401-8ea06c646568,acaf95c6-3208-4d95-89d5-08a985ddf81f,4e51b657-cbc7-47a3-b208-d70cf93136de,
80889440-e5c5-488a-ac92-ea0291c4a833,acaf95c6-3208-4d95-89d5-08a985ddf81f,4e6cbb28-78ff-42a7-9151-09ba759ea8a4,
7aad5768-d030-4f34-b4ff-7c3cc10f7c61,acaf95c6-3208-4d95-89d5-08a985ddf81f,4fdc9d34-a2da-4387-9395-fccb33d21914,
5749f8b9-741e-412c-9a6a-eb3283002c76,acaf95c6-3208-4d95-89d5-08a985ddf81f,51fc8b1a-864b-42de-b295-1c3849c2650d,
89ab7328-b1ae-4667-adb0-cb8dfe6a5caa,acaf95c6-3208-4d95-89d5-08a985ddf81f,522bf0eb-abde-4511-9727-6c15508b3fc8,
28f95026-eeba-45b3-9a29-10e3f8a2a63d,acaf95c6-3208-4d95-89d5-08a985ddf81f,526d92e4-0445-46a2-8d7d-aa9a2072055f,
118eaae6-63d7-4451-9806-5827c1828ad2,acaf95c6-3208-4d95-89d5-08a985ddf81f,52a732fe-0460-4adb-bfb9-ef13d04ed80c,
f06bc184-6a6d-427c-8597-016052049d8b,acaf95c6-3208-4d95-89d5-08a985ddf81f,52ff9c7a-47d1-4111-9266-c1328bed370c,
cf1723f5-d265-4576-b294-09e906166c53,acaf95c6-3208-4d95-89d5-08a985ddf81f,5383909a-b359-4485-a735-2329b3e51d08,
53a56959-583f-4a8e-9599-86bddf87bcfe,acaf95c6-3208-4d95-89d5-08a985ddf81f,54cdcb76-f1c5-4484-b347-ac1e2c82861d,
e9d08121-3e51-4d89-a25d-6c333a5649ca,acaf95c6-3208-4d95-89d5-08a985ddf81f,54d631d5-e2b3-4343-866b-bd2bdca8a978,
b60ed630-9505-4d9c-aeef-b90d8eb67e2b,acaf95c6-3208-4d95-89d5-08a985ddf81f,55b491ad-d49b-4d4b-934e-07ad5b73e0e5,
07faccdf-85af-4fa3-b262-2d15f5d1934d,acaf95c6-3208-4d95-89d5-08a985ddf81f,55c4c385-69cc-4f86-ac99-7d14f3112d2e,
31e77518-d843-44a1-97e2-ef36f2ba2088,acaf95c6-3208-4d95-89d5-08a985ddf81f,56195d00-dd74-4c51-a846-351a97bd8ad5,
642c4e51-3e4f-4d1b-95da-e45a7872f09c,acaf95c6-3208-4d95-89d5-08a985ddf81f,5651b2f4-c8c1-4bf9-935c-5942fec0461b,
97950b7e-c17c-4c13-855c-cdf31245ab8e,acaf95c6-3208-4d95-89d5-08a985ddf81f,57608be8-fef7-40d5-87f4-dd985a67fd37,
a8062b3d-411c-46d8-b3d7-e89a75a246f6,acaf95c6-3208-4d95-89d5-08a985ddf81f,59e7e460-2317-4196-80b4-ccbf604705e5,
da9080ec-3fe7-4095-ad73-d0a4eb356489,acaf95c6-3208-4d95-89d5-08a985ddf81f,5a056c43-0b71-4caa-a827-1ac11eb0fea8,
08b5e81a-fb27-414a-b012-4264e1fb766f,acaf95c6-3208-4d95-89d5-08a985ddf81f,5bc81f54-9df6-4eff-b776-d885a0f73345,
6f63da81-eb2a-4608-aafd-89270c621a88,acaf95c6-3208-4d95-89d5-08a985ddf81f,5bfa3405-ae65-4c5e-a27a-46021f2b2d88,
ae07814c-7c53-4e7b-8cff-8e9dac56b756,acaf95c6-3208-4d95-89d5-08a985ddf81f,5c12bf2d-8ada-4a22-962a-ebe26f56b330,
ff103649-b6ee-445f-a52f-dd2cab8a1227,acaf95c6-3208-4d95-89d5-08a985ddf81f,5c4f1569-fb2f-406b-bd39-3f30df73c40a,
50275532-99d2-4401-bc34-f029aa7ca7b0,acaf95c6-3208-4d95-89d5-08a985ddf81f,5c7f5afe-4efa-448c-b5c0-c10afcc50317,
5e200767-a89f-441b-a36b-3031de27900e,acaf95c6-3208-4d95-89d5-08a985ddf81f,5ca6b548-2cb4-470b-a2be-9cd205289235,
34b2b2d3-7209-489e-bdab-b1296513aa0c,acaf95c6-3208-4d95-89d5-08a985ddf81f,5d0a1dbb-5351-4462-9e9e-beeebd70f4f4,
5cd567b4-f013-4a67-bf54-28b03c044e16,acaf95c6-3208-4d95-89d5-08a985ddf81f,5d5f0dfe-58d2-4249-81cc-713ed5c73f32,
605867ee-ac3a-4b2f-bef1-b28cbdcb98eb,acaf95c6-3208-4d95-89d5-08a985ddf81f,5e839eb7-91fb-426f-8bf6-d5ba0e5b46d9,
8c950e8b-ebc1-4e82-a1be-7691dafe3099,acaf95c6-3208-4d95-89d5-08a985ddf81f,5f929c92-aa2d-4367-b8fe-ccc637f7b803,
81adb33c-6bd3-42b5-9a54-fdd4eebeb04e,acaf95c6-3208-4d95-89d5-08a985ddf81f,60788dd3-7ff6-4791-aa4b-c59f75858299,
f81dbcbd-e76b-4413-859c-ad3a36f56c0c,acaf95c6-3208-4d95-89d5-08a985ddf81f,6081981b-2d85-4173-8366-bd235409f7fe,
578eb394-9f93-477e-abef-6f05993ee4fa,acaf95c6-3208-4d95-89d5-08a985ddf81f,60f7c60e-be2c-42c4-b2b8-fb82248435cd,
036bc263-5055-4a37-a9e4-1a2a97dc34be,acaf95c6-3208-4d95-89d5-08a985ddf81f,60fb1a3d-7ecf-4e07-bcee-41cb0b7cd34a,
b7af6ccf-3601-4c7e-9eef-a17830d265e0,acaf95c6-3208-4d95-89d5-08a985ddf81f,618ad0dc-baeb-4897-8c22-2096f0379db6,
95f3a180-8757-423f-a9ce-d074925c5be5,acaf95c6-3208-4d95-89d5-08a985ddf81f,6203c17b-f9dd-431c-8017-a167314cc85b,
e379fe8d-4210-480c-851e-aca65ed165d9,acaf95c6-3208-4d95-89d5-08a985ddf81f,6266bdde-7a80-4c65-858e-edc11f4c243e,
c082885a-c082-455a-862d-753c50d69317,acaf95c6-3208-4d95-89d5-08a985ddf81f,63f41f98-2108-494b-8b3c-44e5c70fc8b4,
586e4f3c-2dba-4732-91cd-b4e8640a0159,acaf95c6-3208-4d95-89d5-08a985ddf81f,64361ef6-c8c5-4647-9d19-7b6c017afc16,
78f1e31b-83a9-43ba-a882-139cd42c3928,acaf95c6-3208-4d95-89d5-08a985ddf81f,6439a6bc-f907-4dff-a4a1-3aeec2c172e9,
3112ab20-c145-4702-9a53-1913befabfe8,acaf95c6-3208-4d95-89d5-08a985ddf81f,6488c691-001e-4ebf-b34b-a3fd974111b7,
74fcccd5-7f78-4371-b7e6-dc0f7dac4bc5,acaf95c6-3208-4d95-89d5-08a985ddf81f,64c7531b-4abf-42d6-897d-cafa5f24b802,
bb8a5821-6f84-4106-a24c-bc1263f883a5,acaf95c6-3208-4d95-89d5-08a985ddf81f,64f3a601-9612-400d-89ae-ce5d1476b87b,
dc0ad0da-dff5-497d-822c-bf5b18cbf08e,acaf95c6-3208-4d95-89d5-08a985ddf81f,65bcf67c-737f-469f-95b9-113772e5aa7b,
90df319d-de6e-4971-af9b-54095dea7356,acaf95c6-3208-4d95-89d5-08a985ddf81f,66ecc53d-8364-44f7-8de6-969cb13b1688,
f9f0a26b-eb76-4f85-9d2f-5563eb274933,acaf95c6-3208-4d95-89d5-08a985ddf81f,67397f4d-53bc-4e60-a611-00b332e75daf,
5c675cef-252b-40dc-a3e9-13fff7a9e505,acaf95c6-3208-4d95-89d5-08a985ddf81f,67806afc-f3f1-459c-8cf0-4cf4ab00bfd9,
caeac392-6e86-4917-9c08-ba7b758f25b5,acaf95c6-3208-4d95-89d5-08a985ddf81f,68752565-bd80-41d1-9df7-4fc05bb13d51,
2798e265-19b3-414b-a89e-b10d272c0db5,acaf95c6-3208-4d95-89d5-08a985ddf81f,68974078-aa01-49f5-adf4-2c63c30b5645,
d0184e61-23ea-42b8-900f-58524b6cb379,acaf95c6-3208-4d95-89d5-08a985ddf81f,69a14764-b5d4-4794-876e-e07884e772ef,
0bfabe73-c6bb-4a10-8e26-61a39b5a75a8,acaf95c6-3208-4d95-89d5-08a985ddf81f,69ef1d0f-9e40-435a-b220-1e2be1f0cdd6,
04d5651e-890e-47db-84ce-311be24d2291,acaf95c6-3208-4d95-89d5-08a985ddf81f,6a538eb2-559a-43a0-81ed-306c2060dcfb,
842c2918-a7d5-4f14-8efa-9f248b020306,acaf95c6-3208-4d95-89d5-08a985ddf81f,6a7fb789-9128-4b32-8abf-bf1cbae5a136,
ae4abc73-e87a-4a54-82aa-84f5ddcf40eb,acaf95c6-3208-4d95-89d5-08a985ddf81f,6ae9a542-050f-4a5d-a7f1-18ca02d0bdc6,
402af42a-ae68-400e-b25a-49af919ef9fb,acaf95c6-3208-4d95-89d5-08a985ddf81f,6c70314d-0a22-433c-812a-192d964267df,
228000ae-0f4d-4f83-a43b-c650ccda3827,acaf95c6-3208-4d95-89d5-08a985ddf81f,6cdc44d3-a509-4111-88cc-8a649d7872b6,
135126a5-0c39-4737-aa72-f087fe00935b,acaf95c6-3208-4d95-89d5-08a985ddf81f,6dc0ae7d-603c-4b21-858e-7470285b7de4,
7931659f-e0d8-42cb-840c-749cca270023,acaf95c6-3208-4d95-89d5-08a985ddf81f,6e1bc1a3-3ce7-4bc1-91ab-3e0533715731,
1d6e7454-64ca-4e1d-9e46-db25ff7c4fac,acaf95c6-3208-4d95-89d5-08a985ddf81f,6e50752b-d15f-4daa-aefd-dfd4d9a4f67e,
0261c166-f1eb-40f2-8a43-09def660fffe,acaf95c6-3208-4d95-89d5-08a985ddf81f,6e51945b-f4a3-4814-8b87-e56d20b15460,
310cc69a-9d50-4173-aa60-2832b0da393f,acaf95c6-3208-4d95-89d5-08a985ddf81f,6e705885-c1ef-406b-919f-de24b398362b,
ffd23209-7b03-4541-a4e7-4b8a9f1fbdb6,acaf95c6-3208-4d95-89d5-08a985ddf81f,6e7f9c9b-9ee2-4454-9230-61c0b526573d,
022fcc4f-da77-4447-aef3-f72ce348d1bc,acaf95c6-3208-4d95-89d5-08a985ddf81f,6f7a782b-3f95-48f3-876c-a8d41d3f38fa,
892a2eb5-b816-417e-87d4-f9b84b8385cf,acaf95c6-3208-4d95-89d5-08a985ddf81f,6ff546d5-9af5-4564-b07c-701952221cb0,
1523e1ae-a65a-4093-b50e-3289f9ac9ba2,acaf95c6-3208-4d95-89d5-08a985ddf81f,7048d84f-dc74-4071-babb-ce9436e69806,
20bdb0b0-89a7-4ef2-8ce1-c8da622328e3,acaf95c6-3208-4d95-89d5-08a985ddf81f,707734b0-7fe3-44da-93da-151c0da4d8cc,
bd938947-fc65-4403-8200-a6531feac70e,acaf95c6-3208-4d95-89d5-08a985ddf81f,71f9b8e7-c24e-4c17-8a60-cb54da491462,
6e2c1447-d268-460e-a307-04936f12b03c,acaf95c6-3208-4d95-89d5-08a985ddf81f,72b6e211-c7ab-4d90-b226-a74559b0217a,
a6724899-849f-4d17-ba0f-010fbd905a59,acaf95c6-3208-4d95-89d5-08a985ddf81f,72cd4b64-80c1-4c8e-b035-27836c05b457,
98a243c9-005d-411c-aafe-6dfe5cf355e2,acaf95c6-3208-4d95-89d5-08a985ddf81f,733dde98-9330-4957-93ad-5f8c307b217b,
903cfae6-8ae6-4b30-bbcf-1cbb6a143781,acaf95c6-3208-4d95-89d5-08a985ddf81f,74065e69-8c6e-4e33-8c2b-987ff4b9a36c,
6954adaf-e5b4-414f-830f-db010fed5dfc,acaf95c6-3208-4d95-89d5-08a985ddf81f,741f8f29-0938-48f3-a5ee-0a9b2419aaac,
80349973-5831-4a99-8d26-b4cdc1ba45f8,acaf95c6-3208-4d95-89d5-08a985ddf81f,74754866-75e1-468b-9ea4-6f2ed62488cf,
4531e30d-7a95-4d4e-a4c7-40a86c2b7dfd,acaf95c6-3208-4d95-89d5-08a985ddf81f,74a24118-ab83-4ddc-8190-8df45bd04b99,
ed495c0f-a9e3-4810-8273-8509518fb763,acaf95c6-3208-4d95-89d5-08a985ddf81f,75a9a371-5cff-4f15-af2a-b348e32748b4,
d6f1f3b1-e138-41f9-856e-d219e1cc0d74,acaf95c6-3208-4d95-89d5-08a985ddf81f,76539ff5-12f7-480e-8e47-5a6e52646fc7,
c4493bd9-6e7f-486c-b773-3bfa9703503e,acaf95c6-3208-4d95-89d5-08a985ddf81f,771372f2-2937-4fe6-acb6-35a21b6c4800,
9549f014-3324-4fe2-831e-d98f0a4fc15c,acaf95c6-3208-4d95-89d5-08a985ddf81f,773eb640-0fe1-4644-b8ad-44d3513a1807,
38ca4a25-5171-4cc7-a38c-c7a2e0cbc65e,acaf95c6-3208-4d95-89d5-08a985ddf81f,7747a246-01f8-47ec-8bdc-0586de81cfb6,
34e7d1a5-3d49-4e42-925b-4b7a559db9e1,acaf95c6-3208-4d95-89d5-08a985ddf81f,77498969-7535-4855-aa92-0acfcaef6653,
1cbd726f-4d56-442a-a466-6448d56ba807,acaf95c6-3208-4d95-89d5-08a985ddf81f,7822c09b-c26f-4ed4-a028-df33917e9a92,
8498774a-f210-42c4-8e79-85f7a3ae768f,acaf95c6-3208-4d95-89d5-08a985ddf81f,786432ca-9c11-4941-a5eb-afd816d06f35,
29f1da9e-3e67-4dce-b6c9-e3c2be0a92c6,acaf95c6-3208-4d95-89d5-08a985ddf81f,79396cbb-de50-47f4-b873-49ca404a23f1,
2eb9a708-bea8-4080-9244-5b52091bc3c5,acaf95c6-3208-4d95-89d5-08a985ddf81f,79afb0e2-f053-4b8a-a95d-0e195fb4dfa3,
1a76f449-b091-4e1e-bfaf-9f9707644746,acaf95c6-3208-4d95-89d5-08a985ddf81f,79b19ecb-27cf-49b2-a0af-e3e35a353792,
cb10421e-00bb-4a01-9ce1-0cfa42da6a61,acaf95c6-3208-4d95-89d5-08a985ddf81f,7a0833d9-40a5-446f-9c65-a2ac810f77ed,
6a0d44d4-e3d8-48e5-83e1-e969fad64f57,acaf95c6-3208-4d95-89d5-08a985ddf81f,7a60e1c3-d599-45ef-87de-eb876c6dd01b,
3c00854a-3388-4a30-ba6c-d2f4cbf38a53,acaf95c6-3208-4d95-89d5-08a985ddf81f,7b216bc4-ffc3-4f77-b5f6-31ece86914df,
dbc4c9fd-8f4e-4a8a-871f-738303737527,acaf95c6-3208-4d95-89d5-08a985ddf81f,7b2607e5-3e94-404e-b5df-474e2b7871f8,
f8c4da02-d20c-4fbd-b75b-297109d5f4f3,acaf95c6-3208-4d95-89d5-08a985ddf81f,7b87824f-103c-428b-b39a-38e12897a543,
3762680a-7ba4-4a13-a32b-4c1c44dea407,acaf95c6-3208-4d95-89d5-08a985ddf81f,7c21b588-cb7d-45a9-8dbb-5e0e599261b2,
6edd916b-5f73-4b42-aada-c841b1d44c74,acaf95c6-3208-4d95-89d5-08a985ddf81f,7c47af6f-902d-4099-8468-b9abc76b8a13,
facc393a-f65e-44c5-8440-420e190376e4,acaf95c6-3208-4d95-89d5-08a985ddf81f,7c7b7685-049d-426e-afb9-4c017acd1f8e,
29c11a7e-faf3-40aa-9fb2-efdd80979455,acaf95c6-3208-4d95-89d5-08a985ddf81f,7cddd591-7676-4e2e-aec4-5407195d6443,
b0b00746-2a13-4910-91c1-f5db72d7ba92,acaf95c6-3208-4d95-89d5-08a985ddf81f,7d449651-fc36-44fe-99d4-6de329bfe29a,
a29267dc-adcb-4189-86d9-27d413b3cdeb,acaf95c6-3208-4d95-89d5-08a985ddf81f,7e0cfe12-1fe5-4663-8f99-ac3866fbb2f5,
207f6423-b25e-4b36-9278-1e2e55856b1d,acaf95c6-3208-4d95-89d5-08a985ddf81f,7edc25f2-86fa-47c1-95a1-d8172e583e3d,
5f70167f-ab86-4109-81ae-a45255d8bdfe,acaf95c6-3208-4d95-89d5-08a985ddf81f,802996c7-e10e-4109-bb41-201a3483e4c5,
f4ae0d07-2c95-40d2-ae59-accbc8c43a33,acaf95c6-3208-4d95-89d5-08a985ddf81f,8089d11e-3947-4953-bbae-811f78837c6b,
3e16a095-f0aa-4ed7-abcc-2249cc7873c0,acaf95c6-3208-4d95-89d5-08a985ddf81f,80ef999b-0948-462c-bffd-e6e36de0bf90,
f4a5c0cf-6f0c-4556-b294-c73443af19ca,acaf95c6-3208-4d95-89d5-08a985ddf81f,81155453-93b7-49f8-878c-7db47bfea728,
1bc263da-92ec-4bad-ad4f-fff26bc2cc07,acaf95c6-3208-4d95-89d5-08a985ddf81f,81a90c4c-2354-4838-891b-8630a303944b,
14b175aa-ce2c-4aae-848b-f2e205badc34,acaf95c6-3208-4d95-89d5-08a985ddf81f,81d2f6ae-e6ee-4171-be14-1ba97eeec7a4,
54300103-4910-43a2-a0f0-ced75c7e43c6,acaf95c6-3208-4d95-89d5-08a985ddf81f,821f7c8e-7c51-4f4f-9872-34df3a8045a2,
cf2866d8-f0b6-4cac-9876-108d18204f17,acaf95c6-3208-4d95-89d5-08a985ddf81f,8275fb5d-415d-4699-8512-9c28bbe122e3,
737df40a-049f-4c72-843b-e8a45d17225f,acaf95c6-3208-4d95-89d5-08a985ddf81f,82db865d-9651-415c-a568-94561e0c04a3,
3ebf5d5d-a4a0-4221-98f2-107c3674ec6b,acaf95c6-3208-4d95-89d5-08a985ddf81f,83bed171-e9e5-4fcf-b3a3-6f1ae36739f4,
d7223a0a-dd66-4b87-8444-d244889b846c,acaf95c6-3208-4d95-89d5-08a985ddf81f,84ef7ad4-8c1b-46ac-9b47-5aade820002b,
7624d7b9-52af-4865-bc0b-fc23f74b7ed3,acaf95c6-3208-4d95-89d5-08a985ddf81f,851a8459-444f-480d-ad3c-e827fbd5f9cf,
a0928917-0e2f-42e7-b459-41fcf36cd008,acaf95c6-3208-4d95-89d5-08a985ddf81f,8570f7ce-0587-4f54-acbb-99effa4210bd,
8b6b73aa-0d0c-41a4-9db3-38699fe65fb8,acaf95c6-3208-4d95-89d5-08a985ddf81f,85824244-32e1-4ea1-828e-90e19d9020ca,
1e844a19-23c1-4047-8cd4-65ea3bf40b53,acaf95c6-3208-4d95-89d5-08a985ddf81f,85eb8989-5b14-419e-b4c0-12506d85b6ce,
17b02081-6e7b-4a89-a0f6-372a6953a9e2,acaf95c6-3208-4d95-89d5-08a985ddf81f,8712677e-1f1b-4d21-b261-c3385b064d57,
99c00e4e-272b-4729-a4d6-9aaf1c81dc02,acaf95c6-3208-4d95-89d5-08a985ddf81f,87654eb4-a12a-45a5-b213-82cf7b5f9aa3,
7a799b3f-e895-4900-86bc-9adb0620547b,acaf95c6-3208-4d95-89d5-08a985ddf81f,87783430-82e7-4d44-b037-00c9fdadf50b,
ce6d602b-dcd0-48d3-a7e3-cbe3fac7f189,acaf95c6-3208-4d95-89d5-08a985ddf81f,879409ee-10f6-4f5b-9be9-c57f28ab6a06,
560a5590-27dd-4c5e-9590-c1db6f1b1375,acaf95c6-3208-4d95-89d5-08a985ddf81f,880d97e2-aedc-4354-ac4b-51f9f71e0db4,
46fedb8f-713b-4d31-9f53-93c342cd446d,acaf95c6-3208-4d95-89d5-08a985ddf81f,880f663a-af7d-4f95-b4d2-72c7a00f94ad,
370ed7a6-49ed-4279-90eb-92261db6dcf8,acaf95c6-3208-4d95-89d5-08a985ddf81f,89d1d0d1-fd34-4ecb-bcc6-ca99db85969e,
915190e1-3823-4536-8f1e-dacec4c5706c,acaf95c6-3208-4d95-89d5-08a985ddf81f,89dd3d4e-cb39-46ac-86e4-3e72c3da78e2,
c997beb8-bc41-411e-ad30-a5d29d505656,acaf95c6-3208-4d95-89d5-08a985ddf81f,89defc47-f2a0-46a3-9908-9479b05eced2,
e3c3ede6-f544-4787-992e-01101955b4cc,acaf95c6-3208-4d95-89d5-08a985ddf81f,8a1e2bc8-9800-4eab-bcb5-07308923526d,
3b3bb9ae-c139-4b56-a1a1-d3197ea77d06,acaf95c6-3208-4d95-89d5-08a985ddf81f,8aac19ca-f14c-459c-8e33-28b98477e976,
be00631e-0ae1-4e9b-8929-34252f4e0d92,acaf95c6-3208-4d95-89d5-08a985ddf81f,8abe1d62-44e1-480a-abfe-d13a5b646cb1,
2a640cad-8381-4b93-956c-5e8ec14d218a,acaf95c6-3208-4d95-89d5-08a985ddf81f,8adaaafb-c7de-484b-b916-e0877f726b2d,
4ab0adf4-aefc-4971-a682-0bc5fd0b8811,acaf95c6-3208-4d95-89d5-08a985ddf81f,8b0d8488-861d-4a37-9850-ba674c0c6bc8,
5dc976c6-f2da-4f65-83fd-a3a084782e73,acaf95c6-3208-4d95-89d5-08a985ddf81f,8c11b3e0-5ad8-4d23-9b35-e4e3a9f3006c,
d0fff0c1-b102-42c4-81de-2eddcd620070,acaf95c6-3208-4d95-89d5-08a985ddf81f,8c69d477-58b3-471c-960e-113021968b8f,
e2910fa3-d58c-4cc2-a9e6-16e30094c7a6,acaf95c6-3208-4d95-89d5-08a985ddf81f,8cb80650-a867-475e-95cd-e67387a0b925,
e326e030-7c06-408c-9864-9d5ec86ccbe6,acaf95c6-3208-4d95-89d5-08a985ddf81f,8f35498c-fb51-49e1-9ea4-6b094366ea26,
824b971e-acac-4aae-8768-8854c656fb97,acaf95c6-3208-4d95-89d5-08a985ddf81f,901425a2-a0f1-4d6b-9e9a-9567dcd89236,
06096430-a314-445a-a44f-0ea66a145ae1,acaf95c6-3208-4d95-89d5-08a985ddf81f,904fe7bb-a492-43c9-ba67-677dcd5ef130,
cb62bc13-1e92-4889-b6f4-60f64308f970,acaf95c6-3208-4d95-89d5-08a985ddf81f,91b2b837-1ace-4522-a45e-88e7b28ae09a,
9e2b325e-0076-4a09-aead-f26696e8ea5a,acaf95c6-3208-4d95-89d5-08a985ddf81f,920c90f5-4c11-4069-a067-f46fa9d1526b,
6be9a4e5-f35f-4a3c-b43c-b0e51525ca8c,acaf95c6-3208-4d95-89d5-08a985ddf81f,92a026b1-c989-403e-a877-24be888e9a28,
5074c69b-1200-4ea9-b77a-0fdb5969efbc,acaf95c6-3208-4d95-89d5-08a985ddf81f,93152ca2-2236-404c-8f06-3280c4628dff,
80569b76-832c-44be-92ef-c1f5ef08324c,acaf95c6-3208-4d95-89d5-08a985ddf81f,93b0e880-1da5-4775-82d6-da9fa5d527b5,
2d631c0b-a785-4dd3-aed7-554ffedba96e,acaf95c6-3208-4d95-89d5-08a985ddf81f,94bcedaa-4744-4396-abb1-c579c4f00383,
e0aa535f-e1e9-4622-b9a9-8b52c79f2b84,acaf95c6-3208-4d95-89d5-08a985ddf81f,9525aac6-6131-4083-b6f5-cd2a6b3884dc,
57a16221-1df8-47c2-afd0-d58821456912,acaf95c6-3208-4d95-89d5-08a985ddf81f,95359271-f2eb-4c9b-b0c4-e39a8bbcf823,
b4a047a7-3471-4797-b837-7880da9517ac,acaf95c6-3208-4d95-89d5-08a985ddf81f,95e9da5e-6939-4371-adeb-a74dc9ad6f78,
b8df53a7-07e8-4afc-b9d1-cf8df357d621,acaf95c6-3208-4d95-89d5-08a985ddf81f,960c30fa-56d4-4749-bccb-9ad340907678,
622ae069-2629-4fb5-9006-287b35601d13,acaf95c6-3208-4d95-89d5-08a985ddf81f,965a188a-93b8-4465-acc1-b76db3d9850a,
e3cf7ec7-8779-4fb5-ab9e-144b318d3a67,acaf95c6-3208-4d95-89d5-08a985ddf81f,9667f99b-0cc6-4b37-ad79-e7c9e23ca10b,
e47d91da-fea5-4df8-a642-216433066d50,acaf95c6-3208-4d95-89d5-08a985ddf81f,96dbc704-1a43-4faa-b5b5-17986e1a0ada,
8e316d68-80c7-4c16-956f-6e15e6793c49,acaf95c6-3208-4d95-89d5-08a985ddf81f,970baee2-e229-4bdb-903a-8e658e7d679b,
4331875f-209b-45c7-8524-6a5b4cfc4efc,acaf95c6-3208-4d95-89d5-08a985ddf81f,97551527-4b78-4e45-89fa-de38700b5abd,
de1bdf7e-332a-4a7d-b7ff-e99f1d1d2057,acaf95c6-3208-4d95-89d5-08a985ddf81f,978f6556-fecb-43c6-b314-97a2b245f79e,
756fb9ea-47b0-4032-a168-9eae1e371bcc,acaf95c6-3208-4d95-89d5-08a985ddf81f,98416a7e-0e56-41e3-ab64-c60987f431e8,
1bf3be79-0905-4ce3-b80f-2f5539822412,acaf95c6-3208-4d95-89d5-08a985ddf81f,98a07696-d7c5-4df3-a7c6-6a0f3f17e5ea,
a2b19cb8-b800-4317-843e-a0e39989cf8b,acaf95c6-3208-4d95-89d5-08a985ddf81f,995f38a2-881e-4678-982d-8edf0cdf4a5f,
aae4e258-cdf8-461a-b6e4-a865fb3417c3,acaf95c6-3208-4d95-89d5-08a985ddf81f,998e7c22-c85d-454a-a314-4d7fd7563740,
b8dc72cf-e4e5-4d3c-9797-3564e2122585,acaf95c6-3208-4d95-89d5-08a985ddf81f,99b04ec2-bb9f-4bb9-a8f4-7167a24f1016,
bd7fb27c-3705-4e59-b62c-6114d61496a2,acaf95c6-3208-4d95-89d5-08a985ddf81f,9a761a47-b851-4739-8a45-1ac5312180c5,
9d25201e-9ae4-4299-9166-eae070268d48,acaf95c6-3208-4d95-89d5-08a985ddf81f,9aa392d9-7591-418e-a75b-74ee94f9ebd8,
9ef9625f-49f8-4ae6-b69e-8e4fdc60363e,acaf95c6-3208-4d95-89d5-08a985ddf81f,9ad2dee8-3813-4073-8fe6-ef3d455e207e,
46d66182-4e6f-48a9-b063-f02321fc2239,acaf95c6-3208-4d95-89d5-08a985ddf81f,9b01daaf-9b8f-442b-a0a5-809ee9f14235,
75c6d163-f4f8-43f6-a63f-8fa09b158729,acaf95c6-3208-4d95-89d5-08a985ddf81f,9b061616-ae00-4090-ae6b-f9f90022f7b5,
60154fbd-f084-450a-8ec4-63d6166a7c22,acaf95c6-3208-4d95-89d5-08a985ddf81f,9b1b2c51-de19-46a3-a39f-3fb95168031d,
bec68de2-c2c3-467e-9144-451f4cb92d80,acaf95c6-3208-4d95-89d5-08a985ddf81f,9b3488b8-f9a7-47e1-b8a7-af81c5353196,
b7cbc9e6-0b71-4a1f-b398-0b36d531edcf,acaf95c6-3208-4d95-89d5-08a985ddf81f,9b919100-da71-40bb-8db2-893a828804e2,
ac2dc7e1-d686-42ad-bf22-67e87f0bb01c,acaf95c6-3208-4d95-89d5-08a985ddf81f,9be026f7-ad8b-4087-be41-429750cb5447,
68c8ba64-c535-440b-ac4d-c0784c3ad8b7,acaf95c6-3208-4d95-89d5-08a985ddf81f,9c5b87f8-eece-40cd-9598-cb00caa09ee9,
30d2522a-ea01-4c8b-8b03-1a8c7b9cfa78,acaf95c6-3208-4d95-89d5-08a985ddf81f,9c908932-74df-4fa3-b981-02f36c505609,
ff56ea46-03a8-4997-aabe-6cb63a27f579,acaf95c6-3208-4d95-89d5-08a985ddf81f,9cbf5a11-4b75-4ca7-93b9-3ce66ef5314f,
a6219306-dbcb-4859-a78d-8411d526e457,acaf95c6-3208-4d95-89d5-08a985ddf81f,9d6fb4ba-22c0-42c7-be3f-c80ac8e44956,
1722fe08-64ac-442d-8aaa-6119c799630d,acaf95c6-3208-4d95-89d5-08a985ddf81f,9da927ae-530f-4184-a16e-aff0866d0951,
df832ee6-40f3-4002-9bf5-cee20283b642,acaf95c6-3208-4d95-89d5-08a985ddf81f,9de7dbed-da24-4aa6-9157-57a175f6301d,
ca1f6f9f-d020-442d-a066-a1fd13ca325f,acaf95c6-3208-4d95-89d5-08a985ddf81f,9e15c2b7-6a41-4085-853f-5feda5f5cc50,
84a255b2-38c6-4d10-be7a-8e2c46f42a4c,acaf95c6-3208-4d95-89d5-08a985ddf81f,9e492e6e-5679-4e47-95de-2280d23f8642,
6b57655d-d110-4c2f-9804-3e85e0ba3aa7,acaf95c6-3208-4d95-89d5-08a985ddf81f,9e5b8b84-389c-43ba-9b60-4eb78c6f9de0,
09088097-c74a-493d-85e6-a953a1b105aa,acaf95c6-3208-4d95-89d5-08a985ddf81f,9eec0924-15a1-4141-b65b-eac4ece5d93d,
868da7b0-7194-47e9-90fb-cd869756bda7,acaf95c6-3208-4d95-89d5-08a985ddf81f,9ef4dd04-1305-4a64-b7df-39e0d186763c,
1ed5bd5f-006c-4efe-a7bb-4b651d763f17,acaf95c6-3208-4d95-89d5-08a985ddf81f,a0d8ee3c-94f0-474b-b7a0-8846daceade3,
7e5b29af-f558-4bc9-bb32-8a2ebe1265dc,acaf95c6-3208-4d95-89d5-08a985ddf81f,a21553cd-d714-4268-a924-ecb7ea23c736,
61aadca6-6da7-4641-b1e9-92adaa7540e2,acaf95c6-3208-4d95-89d5-08a985ddf81f,a24964aa-8ead-44a4-9e55-02dc12d7cc76,
ecad39dd-3e9e-4e88-bae4-5b55a03f4b3f,acaf95c6-3208-4d95-89d5-08a985ddf81f,a2a53c26-1397-4e37-a788-5f93566a7eaf,
d653b00b-c8df-4b91-9d69-8fe4f8d7a089,acaf95c6-3208-4d95-89d5-08a985ddf81f,a2ba2a36-1bdf-4429-af88-1a0f98bbcf90,
edf04969-7d25-4db5-8d98-bd7eee7e0044,acaf95c6-3208-4d95-89d5-08a985ddf81f,a2e8ae4a-fe6a-4ecd-bcd9-2e555ec8f4f4,
242e5041-84b4-4c48-bc7b-df977933d775,acaf95c6-3208-4d95-89d5-08a985ddf81f,a3fa14fd-117e-4b46-a28d-6bb96ef1705f,
a1322d85-4d8b-4f0c-b360-0df32076179c,acaf95c6-3208-4d95-89d5-08a985ddf81f,a464e63a-7897-4533-9ba2-b0cba5f13235,
16757514-5d91-4079-b19b-2edd37981f31,acaf95c6-3208-4d95-89d5-08a985ddf81f,a4c1204d-bac3-476c-bf57-5b74ed84a4ae,
16223248-7953-4792-bf80-f7c7a6b7e58e,acaf95c6-3208-4d95-89d5-08a985ddf81f,a5263050-1c26-421c-94a6-0c76348e987a,
0dbd769d-ddba-46bd-8382-e1cbca608a0b,acaf95c6-3208-4d95-89d5-08a985ddf81f,a656e957-feb6-4ea5-b918-17dcdcf080b9,
f6160c86-7c21-4166-941c-d8ca9b208542,acaf95c6-3208-4d95-89d5-08a985ddf81f,a683b7ae-2b15-4076-bd00-964b330d5bc3,
76254207-521f-45e8-8563-6b4e9a2821df,acaf95c6-3208-4d95-89d5-08a985ddf81f,a688ba0e-4fa8-45a5-b961-f25c914bd54a,
6e3ea4f1-539a-40dc-a517-4384b4dad84a,acaf95c6-3208-4d95-89d5-08a985ddf81f,a6a35503-c245-4cd3-b7af-f404a5ca7cb2,
e75b0e64-9d98-4829-a645-62a0b53e22f6,acaf95c6-3208-4d95-89d5-08a985ddf81f,a6c519ba-4860-444c-a8d8-43697f5b00cb,
8a2d5f09-c804-4f9a-9752-dfbb24766d76,acaf95c6-3208-4d95-89d5-08a985ddf81f,a7bb794f-80c9-4a86-a0cc-eb4ed7efb5ca,
ac072dab-745e-42a5-a236-6eddb8207426,acaf95c6-3208-4d95-89d5-08a985ddf81f,a8b9c496-f655-4d7a-a752-511efd85ef52,
a0a15067-4e7d-4257-85c5-83ab8d356003,acaf95c6-3208-4d95-89d5-08a985ddf81f,a8d70bb0-4ca7-4c7b-b64c-dbff2cc6cad4,
6d6efecc-9e0b-441e-9232-14ffc0abbad6,acaf95c6-3208-4d95-89d5-08a985ddf81f,a94381d3-4f40-4771-9951-583d500fece8,
cc0293dc-a7c3-4bb3-9de9-0eb1a01d3535,acaf95c6-3208-4d95-89d5-08a985ddf81f,a9d60aa2-00a0-4ee0-b39e-08105b8523f9,
2c895790-d8d7-4c22-a145-65bd7ff216d2,acaf95c6-3208-4d95-89d5-08a985ddf81f,aa411c30-c3ce-4d2f-8712-dcee869a4cc0,
f7b50969-801c-4e4d-ada5-cef869ee8d66,acaf95c6-3208-4d95-89d5-08a985ddf81f,aa572801-891a-44de-a9b8-e38d1bbd82a8,
a7c6a902-98da-434e-9ba5-71bcced3f18a,acaf95c6-3208-4d95-89d5-08a985ddf81f,aa74db73-0a3c-426b-8dd0-527543e7d927,
2c9931c4-65ec-453a-9c05-ce18348acc74,acaf95c6-3208-4d95-89d5-08a985ddf81f,aaa2dbaa-51cc-402e-8bba-0a349dac5372,
67b3b54e-953b-45ca-9b43-a9be0869a9a4,acaf95c6-3208-4d95-89d5-08a985ddf81f,ab1b32df-6bad-4896-8f74-8d00ebcea192,
a4ca7e07-dcac-493b-91a3-457fae09d1e8,acaf95c6-3208-4d95-89d5-08a985ddf81f,ab522fc0-1724-4e28-9121-8ed5fe905f58,
8526c18f-4392-4693-92a5-a66f119ecfe2,acaf95c6-3208-4d95-89d5-08a985ddf81f,abe546ed-3777-49cd-af2f-ddef50e6cb5a,
a97538a3-0575-470a-bd3c-3a112101aaf5,acaf95c6-3208-4d95-89d5-08a985ddf81f,acc75c41-b051-4694-b08b-dffbe62d51ab,
f01ed413-5476-44ed-9c36-d1bfacbbe6e6,acaf95c6-3208-4d95-89d5-08a985ddf81f,ace73918-a4bf-4159-9f91-d84701533f57,
78a5d77c-713e-432f-8828-931d87836fc3,acaf95c6-3208-4d95-89d5-08a985ddf81f,ad2f1b4b-da83-4529-88db-d9c140c7be31,
ddd8adb5-1f73-4f0c-b70a-829336980fb3,acaf95c6-3208-4d95-89d5-08a985ddf81f,ade29167-0e1c-4f53-a153-9a7109818815,
f55161e2-cfe4-4993-934f-daa882b74be3,acaf95c6-3208-4d95-89d5-08a985ddf81f,ae540c74-68f8-4025-b067-6ba324247b9c,
3ae13561-7ff4-40ee-8b5f-d4e49095bc73,acaf95c6-3208-4d95-89d5-08a985ddf81f,af04ab56-8242-4dae-b779-95d5bad2faf5,
4efc554a-be7e-4ddc-ab17-ffeb2dc4adee,acaf95c6-3208-4d95-89d5-08a985ddf81f,af9c625f-d9e6-4818-8d66-ab058447ddfe,
826fb093-56f7-4446-b4e9-7fd66093eb2c,acaf95c6-3208-4d95-89d5-08a985ddf81f,afbdec39-aada-4584-afab-05c8d6a564e4,
903708b5-1e1e-4c0d-89f9-0cc2b2ae3e0b,acaf95c6-3208-4d95-89d5-08a985ddf81f,b05ca418-b3fd-475c-8302-a3f91dbad615,
22c6b51b-a988-478e-8701-7a5d7a2f57f5,acaf95c6-3208-4d95-89d5-08a985ddf81f,b1453424-c055-424f-87b4-07665036f6f4,
1a5399c1-a8b6-4df7-b4fb-2f8d91cf75a4,acaf95c6-3208-4d95-89d5-08a985ddf81f,b1482d81-7ea5-435c-b580-7aad716981b5,
a193bff4-7469-4dc1-a2b6-3f45138fb166,acaf95c6-3208-4d95-89d5-08a985ddf81f,b234ee82-d3c4-4866-8651-e66249b952d6,
78f570fc-122f-468e-807c-ac33e885272a,acaf95c6-3208-4d95-89d5-08a985ddf81f,b2b04df1-954a-4cf5-8f6f-8276e0234b1a,
2215a4ac-b374-41be-ac87-c110b072cf9a,acaf95c6-3208-4d95-89d5-08a985ddf81f,b2b4a46b-7485-4f7f-8ade-943be88de576,
44a83393-ad48-47a9-b0cb-f09cdaff8162,acaf95c6-3208-4d95-89d5-08a985ddf81f,b2ba1d1d-4cd0-4b7f-bfc9-585889c8db92,
59583960-6e01-4853-ab93-101b2819a129,acaf95c6-3208-4d95-89d5-08a985ddf81f,b2d907a7-c662-4d34-8897-45d425bfce96,
b6eca5c4-b196-4cf7-9bc2-5d402e471231,acaf95c6-3208-4d95-89d5-08a985ddf81f,b326f4a0-353e-4d51-aa7c-cc16b4a87928,
ac339c53-1d47-449d-b6b4-ea506691de1e,acaf95c6-3208-4d95-89d5-08a985ddf81f,b36d487e-047e-4ebe-91ee-786eb6b00d0b,
09b8e330-1a87-4d10-a1b5-4ee11bba4cb6,acaf95c6-3208-4d95-89d5-08a985ddf81f,b3843532-ae9d-4b3d-b135-552bbfa260d5,
7046edf2-ab78-4d5f-8a9f-684f856810b8,acaf95c6-3208-4d95-89d5-08a985ddf81f,b4c3cc9f-af4a-4468-8fb9-8d60e9340894,
aa6b8414-da2a-45db-9a2a-a4b196370884,acaf95c6-3208-4d95-89d5-08a985ddf81f,b557a578-d296-4995-abe7-b711eeaaf120,
f412490a-d2f9-4f72-97ef-d60be2467688,acaf95c6-3208-4d95-89d5-08a985ddf81f,b55e9240-d51d-4824-b1af-5fe5cc44394e,
78c4570e-6de9-479d-9f3a-135786593503,acaf95c6-3208-4d95-89d5-08a985ddf81f,b5bc4305-bd26-4764-a3d1-87fd0294a1bc,
23053d6e-f39d-4f1f-82fd-d3c5f93ea684,acaf95c6-3208-4d95-89d5-08a985ddf81f,b6287493-8fce-4ab0-8fa4-529027d9389c,
e1ea770c-1a14-4964-bd32-2b16b1f94ae3,acaf95c6-3208-4d95-89d5-08a985ddf81f,b68396f6-5574-4f63-92f1-7ee47fefc7e7,
f48f7113-0e65-4617-b9d2-860028ccc302,acaf95c6-3208-4d95-89d5-08a985ddf81f,b7d53ef9-aee1-4119-84cc-1f83dffdd6dc,
bcda609f-fc05-4c50-afa9-35f702cdcae4,acaf95c6-3208-4d95-89d5-08a985ddf81f,b80a5c36-842a-4bc2-a1ac-60396f8a1f2c,
3905401e-da6d-4a82-8c3e-0b7775cceca2,acaf95c6-3208-4d95-89d5-08a985ddf81f,b86064fe-c571-4caf-bee6-a656571333d4,
32461386-c482-4ae5-8f68-ec02627925d1,acaf95c6-3208-4d95-89d5-08a985ddf81f,b8866b13-654f-4335-9619-6634ddf9f3bf,
cdcd0d0a-03c5-4e60-953f-fdc9a9666ba8,acaf95c6-3208-4d95-89d5-08a985ddf81f,b897f950-05bb-4a21-80bb-ef1065bdd9d3,
72e263a4-0a01-4051-b124-e9e999adea66,acaf95c6-3208-4d95-89d5-08a985ddf81f,b9ba4929-0cee-4b45-ae10-2611fd876a04,
a3403328-dd70-4a70-ab4d-2a43587c1bc3,acaf95c6-3208-4d95-89d5-08a985ddf81f,baef0579-a1b5-4c79-9364-e660a52b4472,
99ba894c-d51b-4b81-837b-2e7c7fc28ecc,acaf95c6-3208-4d95-89d5-08a985ddf81f,bb55c37b-d22c-4f4b-98ff-b6c4acbb3b4b,
e9c19a94-8c07-4334-9536-52fbb1065ffd,acaf95c6-3208-4d95-89d5-08a985ddf81f,bb90d94d-08df-426d-af1c-509ce806881d,
ed37f5b8-23b3-4421-956e-fd26d612be41,acaf95c6-3208-4d95-89d5-08a985ddf81f,bbe1d60e-a964-4ea4-9cc8-0cfefb891ac6,
d5e1c068-f5bc-4d4f-a8a6-bc5bd227441b,acaf95c6-3208-4d95-89d5-08a985ddf81f,bbf5e2a5-22fb-4635-b1c6-00f924a2f8e6,
d5d15b7f-31f5-4f04-b05c-e811be7f8d44,acaf95c6-3208-4d95-89d5-08a985ddf81f,bc01cb97-0828-42db-b5ed-c55b5126d916,
84cbc428-e7d4-4269-9679-7e8b7b37c9d3,acaf95c6-3208-4d95-89d5-08a985ddf81f,bcfedd88-cac3-4952-ab2b-1f018f366071,
413784a7-b041-4df5-a415-c7faecc0d978,acaf95c6-3208-4d95-89d5-08a985ddf81f,bd500ff4-e45e-496e-aac2-4f3f6b01b672,
3739528d-5c4e-43e4-8787-19755961436a,acaf95c6-3208-4d95-89d5-08a985ddf81f,bd733901-d3b0-4359-a6eb-c57dd6206932,
590b644b-df1f-4ca1-bb06-56c91f6168e3,acaf95c6-3208-4d95-89d5-08a985ddf81f,bdd98e48-ab3d-4c9a-b7e4-235fd1944a51,
fb0257ac-448e-4801-b216-d7ae790bf4d2,acaf95c6-3208-4d95-89d5-08a985ddf81f,be064803-0c08-4779-9914-609e34f4bec2,
c005d370-d386-45c3-b481-6ca48223ef69,acaf95c6-3208-4d95-89d5-08a985ddf81f,be168daa-c9da-491b-8b7b-92d71a709694,
472a3379-2213-489e-afbb-cee880cf73c4,acaf95c6-3208-4d95-89d5-08a985ddf81f,be85eaac-0d86-421b-a942-f5a2fc99fbc1,
640d6bd3-a54c-4f93-bcc1-a20e4c96ca4b,acaf95c6-3208-4d95-89d5-08a985ddf81f,bf156be4-2de0-422e-a9f1-dd2e4398a1b8,
6ce261b5-2520-4ea0-abef-5cb06e777045,acaf95c6-3208-4d95-89d5-08a985ddf81f,c0022d44-e527-4c90-8c79-66f03f7a0c77,
df3f8783-05b3-4646-a954-c2a72f8fea13,acaf95c6-3208-4d95-89d5-08a985ddf81f,c006e6b0-533e-435d-b16b-b834380c3857,
b502e9cd-3038-48d3-89af-042504983a10,acaf95c6-3208-4d95-89d5-08a985ddf81f,c06f8de0-0a56-48fb-8aee-eca619579c79,
d7c5e15f-9640-4bef-b75a-ac4f1f867406,acaf95c6-3208-4d95-89d5-08a985ddf81f,c10acba7-e983-44d8-b9b7-35e4d310e45c,
b2076a1e-2265-4bc0-bf33-8e958afbc43e,acaf95c6-3208-4d95-89d5-08a985ddf81f,c1299d0e-f322-4f13-b2c7-67b9ce921653,
4c2b3d5e-55c6-46fa-b632-f9c108fba67b,acaf95c6-3208-4d95-89d5-08a985ddf81f,c1c67e7e-f255-4e93-9ef9-b6cf90973376,
bbe9ed56-9000-4b43-9e6b-5e9dfc2eae8e,acaf95c6-3208-4d95-89d5-08a985ddf81f,c1d6f1d1-1724-40ae-85a1-af8b09ca5f97,
d461ee8f-e8b5-4337-afe0-291d24af062f,acaf95c6-3208-4d95-89d5-08a985ddf81f,c2334094-d242-4a3c-9117-8a60480d7496,
dd817338-ffc2-44e4-a453-4f23523196c7,acaf95c6-3208-4d95-89d5-08a985ddf81f,c255d742-539f-4efe-98a2-8498fbc02e79,
4357f10d-ec57-4677-a1cc-e41b650e3c50,acaf95c6-3208-4d95-89d5-08a985ddf81f,c2eb158a-141c-4673-b81f-1bda532a92c9,
0dbe143f-1f57-4621-a240-75029f657258,acaf95c6-3208-4d95-89d5-08a985ddf81f,c2f4676c-5923-4323-8e56-d78b30ed38fb,
46032410-8265-467f-932e-068bba26c8a9,acaf95c6-3208-4d95-89d5-08a985ddf81f,c3d3514a-2ce6-42ee-8a47-9923db5a5628,
2b0b178f-4517-4c97-a95b-6953bba77310,acaf95c6-3208-4d95-89d5-08a985ddf81f,c3f1143c-5ab0-4965-a27c-937b3140e448,
4f57cad0-d1ec-4b63-87a9-7979711797b0,acaf95c6-3208-4d95-89d5-08a985ddf81f,c47c9371-6f08-426f-a715-01a03740ee6f,
c2577789-02ba-4deb-b22c-bf9b6ef0bed0,acaf95c6-3208-4d95-89d5-08a985ddf81f,c4f5bb71-a7cf-4358-b15c-08f21ce34fc5,
71f835a8-3425-4d0b-b3e8-c6c46870ae6a,acaf95c6-3208-4d95-89d5-08a985ddf81f,c4f7401b-736f-4e51-adde-7017961a81f4,
75e8a421-7735-49f3-b3d5-510c98e958d3,acaf95c6-3208-4d95-89d5-08a985ddf81f,c556de28-f6be-4b4a-bcbb-73bd8f0d9802,
3a7fd5f9-30dd-474b-9687-84fdecab6f34,acaf95c6-3208-4d95-89d5-08a985ddf81f,c5a328a4-5996-479a-9546-faeb138d5c1c,
3de2dfc2-0e09-411c-b7f1-1f026bd75ba6,acaf95c6-3208-4d95-89d5-08a985ddf81f,c5f84de0-17da-4fa8-9eb7-d1a9609d3203,
d8d050ef-2ba4-4c7c-9660-1ffc9b0a733b,acaf95c6-3208-4d95-89d5-08a985ddf81f,c6c1016a-59d0-4f04-a6ca-4a845dd77afd,
64ec8872-b355-42aa-9f34-ef73c02c5ebc,acaf95c6-3208-4d95-89d5-08a985ddf81f,c6d5a28c-df92-454f-a5fb-272a8ac3eac7,
b62c55df-0224-4455-974b-361d2465454d,acaf95c6-3208-4d95-89d5-08a985ddf81f,c6df55f2-cef2-4ed3-9071-c3749bfa8829,
3e778cff-3300-4ea9-885e-8d6138349e2e,acaf95c6-3208-4d95-89d5-08a985ddf81f,c75450c1-743d-43f9-bdc4-1ff31cca582a,
95e4a087-bb31-4783-bc18-2edcfd6f189a,acaf95c6-3208-4d95-89d5-08a985ddf81f,c7b623ab-94de-4010-b961-2872a7f6c960,
75edbc8e-fd24-4f05-a037-e14479aa7fb3,acaf95c6-3208-4d95-89d5-08a985ddf81f,c7e2c1ae-28e6-4987-8568-9c6a49f10e79,
af48bcc7-ad19-4a7d-b87a-1da7b767f2e6,acaf95c6-3208-4d95-89d5-08a985ddf81f,c7f81452-a974-47dc-8b78-e3fe95bc55f7,
f0c1be3a-9f47-49ba-9211-58d52cd60fef,acaf95c6-3208-4d95-89d5-08a985ddf81f,c8241037-19be-40dc-bdbf-dd26f35d4cc7,
1a8d666b-2672-430b-8bc1-dec1c28d2cd6,acaf95c6-3208-4d95-89d5-08a985ddf81f,c8c608cd-55f4-4307-809f-9b204c7ea804,
fdbc2d8f-3cd6-4a48-9cc3-ebcf871c1788,acaf95c6-3208-4d95-89d5-08a985ddf81f,c8d2e866-b7f2-4031-ad2b-0ec1126db444,
6b544bfe-357c-4a76-8089-f5a4501f1a98,acaf95c6-3208-4d95-89d5-08a985ddf81f,c8e31c0f-f13f-410a-ac93-ad802a874a72,
f784c7e6-7497-4442-a3f1-b8419ef3960b,acaf95c6-3208-4d95-89d5-08a985ddf81f,c93db947-4ada-4b4d-a123-794297c784a9,
00dfd0eb-5245-41e3-afd9-601d88fe879f,acaf95c6-3208-4d95-89d5-08a985ddf81f,c95109d2-8bbb-4130-850e-7a1fdfe76c63,
b64612a9-5758-4c27-8975-bebc55239405,acaf95c6-3208-4d95-89d5-08a985ddf81f,ca11f0af-8f73-4fb7-97b2-024e50fd429a,
af555ef3-0f4d-40d4-a86b-da5932f20fd4,acaf95c6-3208-4d95-89d5-08a985ddf81f,ca248d6f-7e20-4b9e-81be-b93a73a0de85,
03ea55c6-9e4a-428e-9d19-94606ea74cf9,acaf95c6-3208-4d95-89d5-08a985ddf81f,ca2f6a02-fb36-4237-a6c2-a7b2d27c068e,
25d448b4-5a37-41ef-b0ee-bd98f9b5b32c,acaf95c6-3208-4d95-89d5-08a985ddf81f,cb84136f-a857-44f2-b777-113b69e33a03,
dc6165fb-c825-439c-b0a2-9467be04f5a8,acaf95c6-3208-4d95-89d5-08a985ddf81f,cb866864-1300-4e2c-a7ae-c563cea9615f,
85f0e149-d367-4cee-85fc-a0d22e4c472b,acaf95c6-3208-4d95-89d5-08a985ddf81f,cbaede6b-06ba-4e95-8103-1a9a92be8f52,
3cfc75dd-a33c-4eea-9f3d-a3a4625d451b,acaf95c6-3208-4d95-89d5-08a985ddf81f,cc9b1e28-e22e-49ca-b055-c4b4482a9875,
a71ad0cd-0468-4abc-8ec5-ef0b83515e79,acaf95c6-3208-4d95-89d5-08a985ddf81f,ccba8361-29fe-43d0-b56e-6c64d901c0b9,
ed688f17-2dea-4ae3-9a0c-87783c5a3ac5,acaf95c6-3208-4d95-89d5-08a985ddf81f,ccc6e755-9e98-4b8e-9488-2d296608c4a4,
1fe4cff3-4032-4c2a-abde-00bedabafda1,acaf95c6-3208-4d95-89d5-08a985ddf81f,ce1f82b8-a2b4-4dde-bdc5-97dfaa249448,
50567865-5cef-4a3e-af56-9c72dd4a5484,acaf95c6-3208-4d95-89d5-08a985ddf81f,ce63f262-3bc2-48d1-8f95-f976aab59461,
901bc5a0-f3f1-4cb8-9902-99748f1113c3,acaf95c6-3208-4d95-89d5-08a985ddf81f,cecfb143-89ec-48f6-9eee-6aa8a46620c7,
b2e962e4-8c6e-4714-9915-dcd42a2e165b,acaf95c6-3208-4d95-89d5-08a985ddf81f,cef23662-896b-48b7-8697-cce71fb169dd,
b0152c25-fc1d-4604-8911-f75077c3d780,acaf95c6-3208-4d95-89d5-08a985ddf81f,cf95a86a-8598-48a9-9891-6f058606cffe,
d0fd41c3-427c-43cf-931a-4d217876fa28,acaf95c6-3208-4d95-89d5-08a985ddf81f,d03db9d7-ad67-45bc-8c6e-ffa8d1331bc9,
d2b4b177-542d-48f3-9261-348c8da69ce8,acaf95c6-3208-4d95-89d5-08a985ddf81f,d08402d8-6cd0-447f-8610-36e4daf7e149,
a682f9a8-4169-4a35-8272-595b1cc5981d,acaf95c6-3208-4d95-89d5-08a985ddf81f,d0b22b79-5d37-4335-9fb0-b4882ef1ab81,
fa32bfff-c402-4e60-bb36-1fdea2b78cbf,acaf95c6-3208-4d95-89d5-08a985ddf81f,d0fab0ef-00a4-4408-88d9-43591e5b9530,
6972fe4b-f221-41a9-a89c-97d2e939b112,acaf95c6-3208-4d95-89d5-08a985ddf81f,d1040d5f-b524-454f-8c67-01f3ad974aad,
1b359564-0280-4fb3-92b2-a176f46ba3fc,acaf95c6-3208-4d95-89d5-08a985ddf81f,d1c73c3e-e7ef-4e1f-b81d-be947b88402c,
7ddd950d-d8c1-4054-ad27-3fa639c65b35,acaf95c6-3208-4d95-89d5-08a985ddf81f,d242ddb7-be92-464b-941a-3a6052cc1833,
ca68dd5e-0361-4d0d-8777-85467bd6bb0c,acaf95c6-3208-4d95-89d5-08a985ddf81f,d28179e3-03a0-41f9-86b5-1b78f97acf81,
0a12c622-34fe-4a75-b4eb-99827fd81efb,acaf95c6-3208-4d95-89d5-08a985ddf81f,d3bb64fd-4691-45a4-a792-b0672fe0d185,
98f90f05-849c-48a4-a0d8-047c88b54dda,acaf95c6-3208-4d95-89d5-08a985ddf81f,d4b0d860-d5d2-4bf8-9b97-895ebf79ab71,
6b780f28-8d53-40a3-a3ad-018198461606,acaf95c6-3208-4d95-89d5-08a985ddf81f,d4bc3c66-f23e-4d82-a0fb-58d273b52e0d,
45ea888c-4578-4d24-957f-3af34e447ad0,acaf95c6-3208-4d95-89d5-08a985ddf81f,d579ea5a-4923-4b40-b8bf-ea4a78939c58,
71ae310b-8ae2-471e-8b94-b5f3b781816f,acaf95c6-3208-4d95-89d5-08a985ddf81f,d6ee325c-e804-4e51-aa8d-8e2ac85310ad,
151232a9-28c1-4f0f-b7aa-8e45103c1389,acaf95c6-3208-4d95-89d5-08a985ddf81f,d731c8f7-4c29-4eec-954e-c934e762aa08,
1072147b-2973-43fe-8088-81d94eff6958,acaf95c6-3208-4d95-89d5-08a985ddf81f,d7f11eac-a04a-41c4-8760-9e3b2b304af9,
1b466b30-0bfa-4f7a-b3dd-231bfdee99c7,acaf95c6-3208-4d95-89d5-08a985ddf81f,d8290d5a-72e7-44ba-be37-8af0523eb6bf,
5a480ead-2787-4c05-9d8c-4bf06c5929f6,acaf95c6-3208-4d95-89d5-08a985ddf81f,d8642f13-b67a-47f7-a191-97939f917b31,
6986a223-60b5-41dd-960a-d3195613e4d2,acaf95c6-3208-4d95-89d5-08a985ddf81f,d9b07ef8-692f-45de-8571-fa2bb031dd52,
4a64e145-7ad8-4967-853c-a17ed53659b7,acaf95c6-3208-4d95-89d5-08a985ddf81f,da5c2707-5f3b-4ef9-ac92-7681f174d1fc,
9d8b04aa-39f7-4a9d-8168-78b85dfe81e9,acaf95c6-3208-4d95-89d5-08a985ddf81f,db1834cf-a2bd-4b75-8869-08dc796676a2,
1711a3cd-2bb6-4c0f-9115-64bb7dae5e74,acaf95c6-3208-4d95-89d5-08a985ddf81f,dc603e1b-c509-4138-8741-ce8ecd74d2c9,
ec09c153-92c0-43d4-ba2c-7a60d1fb4cfe,acaf95c6-3208-4d95-89d5-08a985ddf81f,dca59acd-bbe0-4d73-8c05-77f6f49e6e2d,
c4049a5e-a6ef-4cbc-b890-0382144f1de8,acaf95c6-3208-4d95-89d5-08a985ddf81f,dcd1d30f-04f0-44f0-bac7-14d77d23d41f,
0e511696-c2ae-4c81-9ce8-5f8b70a84ffe,acaf95c6-3208-4d95-89d5-08a985ddf81f,dd37766b-3953-4941-bc60-be61684788b9,
9edf0594-3379-479c-9955-0af50460031d,acaf95c6-3208-4d95-89d5-08a985ddf81f,dda4dcbf-e0a4-4375-88d0-ae13a3395d9d,
e67dc559-9fc5-4e8b-9e1a-475cd70e71b0,acaf95c6-3208-4d95-89d5-08a985ddf81f,ddb7b9fb-2a52-4145-bf13-51a357f72850,
4d43017b-8adf-43c9-b6cc-3ef3ff954e60,acaf95c6-3208-4d95-89d5-08a985ddf81f,de7e8583-120d-4b66-9cb2-e1397f206167,
5d865d54-7cf5-435d-af33-7ab237462759,acaf95c6-3208-4d95-89d5-08a985ddf81f,dec270e1-2f32-42d0-b19e-0813553a9870,
4d440696-ff41-4c7f-8d6e-d3b4c445c607,acaf95c6-3208-4d95-89d5-08a985ddf81f,df8ece6a-1ea6-4bcf-a837-253fd4d8239b,
edc02220-3f87-4187-9d0d-275f304fd323,acaf95c6-3208-4d95-89d5-08a985ddf81f,e110f5cc-9485-4417-accb-56dd88c38630,
9aad441c-53f2-465c-bb81-b3af32af91f9,acaf95c6-3208-4d95-89d5-08a985ddf81f,e1173598-d200-4bcb-ba35-5661937f1a68,
a552a8df-f297-4307-9744-68dbb1426d37,acaf95c6-3208-4d95-89d5-08a985ddf81f,e1322a5a-d41e-4e53-817e-f667e5532dd0,
32ebc5d4-cc64-48f4-80b7-37f5ed3c4af5,acaf95c6-3208-4d95-89d5-08a985ddf81f,e17ff0ef-8fd6-40a9-94e0-eaba35dacc9e,
10dbb7d1-8cfe-41f6-b235-1623466fe38e,acaf95c6-3208-4d95-89d5-08a985ddf81f,e18010ac-2144-4d05-b13b-044be9a8c3d6,
d7181698-cb61-4a76-91dc-74cb7c6a4c76,acaf95c6-3208-4d95-89d5-08a985ddf81f,e2f58965-40c8-4973-86e2-2367c3cd9d48,
d8851914-c743-49ac-8a08-f9f971f66d73,acaf95c6-3208-4d95-89d5-08a985ddf81f,e30c065b-9fc6-4d68-bb80-4fbc71594c28,
e8cdf6dd-8243-46f0-9d3c-3ae753ab13fc,acaf95c6-3208-4d95-89d5-08a985ddf81f,e3670e54-631d-47ea-8969-e79a25247ba8,
01d3555c-a576-4a7c-8bf9-f6096c666cf0,acaf95c6-3208-4d95-89d5-08a985ddf81f,e3c5c4cc-d103-4973-90a6-11a657bc020b,
5e971486-63f5-43d8-b4e7-9582b91ac451,acaf95c6-3208-4d95-89d5-08a985ddf81f,e3e25e09-3082-452c-a769-b97db0ee085e,
d3e53ad7-c108-48ed-af82-c8c7d8f0991c,acaf95c6-3208-4d95-89d5-08a985ddf81f,e3e2f17f-5945-483f-99cb-1a44de134516,
0e879c53-7646-4015-8d91-d1157cea7664,acaf95c6-3208-4d95-89d5-08a985ddf81f,e3e50e22-8d20-4743-afbd-1ffe1d623e45,
243cc785-d3c3-4ce0-abba-46ee7f1480b7,acaf95c6-3208-4d95-89d5-08a985ddf81f,e43755c6-0dc1-490e-8bf0-f17b47cb4ee8,
278c92ec-5967-45ad-af15-3889908a79bd,acaf95c6-3208-4d95-89d5-08a985ddf81f,e4b77066-fa44-4d35-be81-9e6eb0c97d70,
99d03bc1-ce2e-4be1-8bbc-1173a57eaef8,acaf95c6-3208-4d95-89d5-08a985ddf81f,e4f163a2-2ab4-43a0-92ff-44281e9b1faf,
ffcb629e-d568-4af1-b886-44a9279da6de,acaf95c6-3208-4d95-89d5-08a985ddf81f,e4f26faf-7e97-42b6-9ad8-ea1b84e701e4,
bce0ca09-857e-4c62-85f6-34cba4f7af99,acaf95c6-3208-4d95-89d5-08a985ddf81f,e54ccd07-26ad-412b-b3f8-6b2fd906f024,
0bafe266-eb05-427a-b77b-5f9da287d096,acaf95c6-3208-4d95-89d5-08a985ddf81f,e55cb240-0e8e-4b4d-b0cc-346fc4eb3170,
332412cf-482a-4019-8082-3096b6bbf673,acaf95c6-3208-4d95-89d5-08a985ddf81f,e5a0ae06-dafc-45c4-a3e1-1725b98526ba,
f61cff80-fcb5-48c1-b1fd-33c48026cba2,acaf95c6-3208-4d95-89d5-08a985ddf81f,e6266aff-3d6b-45b1-acfe-ffe8ffb73637,
1c9aeb0b-c7ef-44cd-9d9d-a745c025df8f,acaf95c6-3208-4d95-89d5-08a985ddf81f,e693d991-1f27-4477-af10-c2afa28e0fae,
3ef9db0a-e39c-4a80-8cc6-d5f605f261ce,acaf95c6-3208-4d95-89d5-08a985ddf81f,e6a9cd5b-d825-42b0-911a-87a1431e4004,
7546f8b9-d0ea-4d01-8e66-3dea7ecd74d7,acaf95c6-3208-4d95-89d5-08a985ddf81f,e758aa4e-747e-4ddf-86c5-ff460d8de1a6,
6c210db3-9842-40f5-9507-dda6ea87092d,acaf95c6-3208-4d95-89d5-08a985ddf81f,e77a2683-a1b3-408b-b779-4463ffe0ef96,
fa55bb6c-b7cf-4b44-982a-456f5be96662,acaf95c6-3208-4d95-89d5-08a985ddf81f,e7e95fcb-2d5a-48b0-9159-cd2a870cdf47,
2f301929-5729-41fd-b9bb-4f0a9003396f,acaf95c6-3208-4d95-89d5-08a985ddf81f,e85c6a5c-8c8a-4124-9c8f-8d4a4f77bc1d,
ca06d536-626b-4f9f-9f92-1e8df3b39e66,acaf95c6-3208-4d95-89d5-08a985ddf81f,e9ac9329-cf68-40ef-9aa0-3f1bf8a3f6d1,
621f0fd2-afb0-4440-9440-a0af92eb19f6,acaf95c6-3208-4d95-89d5-08a985ddf81f,e9edd238-7dc9-4517-9ae9-28eac4be7349,
c691e5eb-be35-485b-9fd3-042d7a0e90c3,acaf95c6-3208-4d95-89d5-08a985ddf81f,eab25be1-2dc2-46ef-8d95-4bd2d1c8ee00,
1830eb23-792f-415e-86a9-621e36d2c86a,acaf95c6-3208-4d95-89d5-08a985ddf81f,eab9e8b9-0112-40ef-bcf4-99f0781aba88,
9efd8aa0-0aae-4067-aaa0-ef33dbdcec72,acaf95c6-3208-4d95-89d5-08a985ddf81f,ebacfe69-9885-4926-88f0-976d7d593a6e,
b0343dc5-3a30-48ff-97a3-157c93453f9a,acaf95c6-3208-4d95-89d5-08a985ddf81f,ebe810a0-da8e-4d48-a802-04fa21dc65db,
e3effcca-6bc3-45b4-99b7-84fa049a7bee,acaf95c6-3208-4d95-89d5-08a985ddf81f,ebf81ce2-8606-4be3-a90d-732339f49dee,
da94328c-ce32-4eb4-85dc-9b70a7d6af77,acaf95c6-3208-4d95-89d5-08a985ddf81f,ec222f75-8835-4d05-b042-749cc6006fd0,
87edb433-0ea1-4725-9e88-cd2984aa36b8,acaf95c6-3208-4d95-89d5-08a985ddf81f,ec3581f3-fbb9-4c68-9c0f-9455d3db71fc,
7a616286-8a3c-4f79-8382-371993f3e46c,acaf95c6-3208-4d95-89d5-08a985ddf81f,ecc5dda6-d8e5-4ee7-9371-2a1bf65ecba9,
49a5cb86-6fd2-4e8a-8ee7-c27179852713,acaf95c6-3208-4d95-89d5-08a985ddf81f,ece34210-2611-4782-9491-39ad279eae0c,
5f9be64b-5e94-4d45-a3cd-6cec6a357621,acaf95c6-3208-4d95-89d5-08a985ddf81f,ecf0c951-57fb-408e-804d-a2a28143353c,
927963ac-1683-426e-accc-8683af08dd26,acaf95c6-3208-4d95-89d5-08a985ddf81f,ed66e8b1-33b7-4967-b80d-c40aac0860ee,
a092b9d2-e741-437a-bd66-056a272793b0,acaf95c6-3208-4d95-89d5-08a985ddf81f,ed99e12e-c4a0-43a5-8b97-3cc36d645eeb,
1bdef6f5-6e6c-4c47-a8b6-d945335981b7,acaf95c6-3208-4d95-89d5-08a985ddf81f,ee0b8ddd-f044-4f65-9959-9a79e786149f,
44252b88-fac5-4d27-988f-3c46aa647353,acaf95c6-3208-4d95-89d5-08a985ddf81f,ee405baf-7a97-4f90-b7d8-9965b6bf7ac3,
245eb20b-9822-45cd-b4ee-5abc7d0188ab,acaf95c6-3208-4d95-89d5-08a985ddf81f,ee4b7100-0987-4b0c-b115-5cc28c527828,
9efc3fa6-0e15-4940-91cb-8a0ebb2a3ea9,acaf95c6-3208-4d95-89d5-08a985ddf81f,ee9f4590-ecaf-4857-962e-5b3cd5189d4d,
f19e1db1-c4d0-48c5-8a6c-818163f69299,acaf95c6-3208-4d95-89d5-08a985ddf81f,eece1fcc-61f3-4b02-a985-3a284323d406,
979fca16-61f7-441c-8747-7eb8c0f0f124,acaf95c6-3208-4d95-89d5-08a985ddf81f,ef14ee7a-3b48-4b57-8452-cdf1f247df03,
8a28d9dd-0617-4246-b394-141cb55dcb3d,acaf95c6-3208-4d95-89d5-08a985ddf81f,ef26e730-1c5a-4234-ba2b-f0bb5704a523,
b08deed9-8096-4016-9159-0c34ee4fd4d9,acaf95c6-3208-4d95-89d5-08a985ddf81f,ef63c2f3-8ca2-42a2-bd19-6aa8e03e2fe4,
a6291d2e-a154-4465-9d30-4ed2852873b2,acaf95c6-3208-4d95-89d5-08a985ddf81f,ef9ac07a-8c04-46cb-b6b1-b32f7af42760,
db30503e-fd94-4495-9b3a-763379eb3d76,acaf95c6-3208-4d95-89d5-08a985ddf81f,efcb5ef6-ee2a-4fb3-9fa2-5b7821da44b1,
a4ce3336-2a4f-404a-9c9f-e948908b7e19,acaf95c6-3208-4d95-89d5-08a985ddf81f,f01a4bb6-1be1-4073-ac34-c16594a03a3c,
cc8acef7-64e2-48c3-8b1c-ed9cdc18de54,acaf95c6-3208-4d95-89d5-08a985ddf81f,f044f7c8-5ceb-4481-8777-07a38d187f54,
eb5b26dd-d5c9-48f5-b69a-62cf3cd0f20d,acaf95c6-3208-4d95-89d5-08a985ddf81f,f0ef41a8-7ba5-4522-a44d-e1d8d25f4e33,
2da1f8a5-9705-40f5-aa65-2fd870ef6395,acaf95c6-3208-4d95-89d5-08a985ddf81f,f1ddd5e1-464f-47e9-ad75-ffebcbe8dbab,
f5a7783d-9ecd-4af3-bce6-6f9c3bc6588b,acaf95c6-3208-4d95-89d5-08a985ddf81f,f219b10d-e562-410a-8305-e60543c7b692,
d6473095-ff6a-4d89-af72-7865fac4a387,acaf95c6-3208-4d95-89d5-08a985ddf81f,f2550048-85d6-4c27-83e8-99686d1e622a,
bb601567-523c-414f-9c29-5c94ea2f681e,acaf95c6-3208-4d95-89d5-08a985ddf81f,f36b96f3-b5c6-42d5-8118-15dd8c615dc7,
e3114aeb-aa94-4b89-9d5c-9f4ead95dc0e,acaf95c6-3208-4d95-89d5-08a985ddf81f,f3b29d7c-34bb-493d-a13a-b55d7f4f7d97,
f3e807db-2f35-4d4f-8918-6a8daf877d19,acaf95c6-3208-4d95-89d5-08a985ddf81f,f4afb9e4-e952-43da-930b-f3c433107881,
4ee9667b-1262-48ed-bd16-11e898fedde2,acaf95c6-3208-4d95-89d5-08a985ddf81f,f4b44acc-caf1-4e8c-a219-74ed7cb35513,
b415d641-38b9-44be-97ee-47aa18ae7d07,acaf95c6-3208-4d95-89d5-08a985ddf81f,f5ff93b8-1e78-4027-8eb8-3d59105f8367,
c7afea5b-f525-463b-9b86-14a328d61486,acaf95c6-3208-4d95-89d5-08a985ddf81f,f64fd782-2741-41c9-937f-8816b87f06ba,
b033f014-9e3f-460b-aeaa-ab19dced362c,acaf95c6-3208-4d95-89d5-08a985ddf81f,f6d0600a-bfe9-4672-8a40-c527af0f79d1,
95a2ea90-cdb2-4b67-b033-611df56cf4a9,acaf95c6-3208-4d95-89d5-08a985ddf81f,f71d51e5-579c-4a6a-b992-62b735eb9c4f,
91227160-d69a-47be-82d4-136e2af5e949,acaf95c6-3208-4d95-89d5-08a985ddf81f,f82a6d8c-818c-420e-9bc2-9ec7b275eda9,
42370a7c-ae79-4ebe-bee1-f59a709974a1,acaf95c6-3208-4d95-89d5-08a985ddf81f,f894d8bd-5bd8-4cab-ab2b-82acc6018ca9,
241ef3f1-e2e7-43c0-a6b0-3be80f65f305,acaf95c6-3208-4d95-89d5-08a985ddf81f,f913a7cb-8758-4065-aafd-b739d799b370,
020d13c4-8f3b-42f3-8bbb-75d9d1afc96f,acaf95c6-3208-4d95-89d5-08a985ddf81f,f9263779-42bf-438a-b414-cec290baa366,
8158612b-1dcf-414c-b2a3-b053a744a30a,acaf95c6-3208-4d95-89d5-08a985ddf81f,f9d26af6-8c94-47b1-b45f-2341f027bb19,
51869179-23d0-45a1-b591-62039899aa80,acaf95c6-3208-4d95-89d5-08a985ddf81f,f9e41ddd-7584-4469-831e-6fb50a145315,
f3fb299c-8451-4120-b0b8-a35217da3bdf,acaf95c6-3208-4d95-89d5-08a985ddf81f,f9eba30e-0d56-475e-827e-89ca31a1401a,
4aac3108-ad0b-4889-a337-4c64321834bc,acaf95c6-3208-4d95-89d5-08a985ddf81f,fa31763d-10d5-45b0-bc59-04f94bde8a40,
b7e9a428-cbe9-463e-861c-59c9cc250a3a,acaf95c6-3208-4d95-89d5-08a985ddf81f,fb11cb87-5121-4c3b-b7e9-3c33fa2c2f2d,
d1da4bca-6c1c-42be-820d-380849d7f24b,acaf95c6-3208-4d95-89d5-08a985ddf81f,fc7dba03-30f9-417d-afaf-6a371cffd39c,
0d84dac7-7523-4e0f-924b-39a4fa1abe54,acaf95c6-3208-4d95-89d5-08a985ddf81f,fcd79c16-3ba6-4f65-9c0e-ce9c9a311b6f,
3805ed9b-74e5-41e0-85ad-cff47e0e54aa,acaf95c6-3208-4d95-89d5-08a985ddf81f,fd220701-c858-4ea2-8d63-3978f1f54b5b,
6cd4fdb6-d036-413f-bbca-92809ebe5283,acaf95c6-3208-4d95-89d5-08a985ddf81f,fd92e85b-b8ca-4200-9857-f5f7e2daae2c,
61dada74-8069-4a9d-ad8e-afac69160c4c,acaf95c6-3208-4d95-89d5-08a985ddf81f,fdf34481-4cb5-45ae-a0e5-b153354f5c6e,
6343ab8c-2505-4575-ab66-73f686eb2b83,acaf95c6-3208-4d95-89d5-08a985ddf81f,ff0fba19-0719-4fd7-a9b9-ad2ec2cd52b2,
ee0741b2-8114-4c70-8cc8-883feaf64a19,acaf95c6-3208-4d95-89d5-08a985ddf81f,ff3bad64-e506-4066-a1f7-525febebe83f,
a90a33bc-0217-473c-81cf-1e242311a8c4,acaf95c6-3208-4d95-89d5-08a985ddf81f,ffcb4ab8-9544-4958-b79c-9380a19e6686,
1b9e4088-5da5-418d-924f-7eda2561b720,acaf95c6-3208-4d95-89d5-08a985ddf81f,ffffabcb-e284-429d-9451-4e5ed1da1f94,
5d4e2ffc-b1af-4049-9eb5-967d975ff0ec,ad0b75a5-aeac-4711-a4a7-60998fa2f9a2,1a0248ad-fff9-4bed-82a6-bf6dd191824a,
e74793d8-ef8a-4f32-af3e-74e856b22327,ad0b75a5-aeac-4711-a4a7-60998fa2f9a2,341b073a-3a4a-4e45-b21e-e2e5c687b377,
8b6f207a-5a22-4bbd-9b8c-83cb0e6de4ff,ad0b75a5-aeac-4711-a4a7-60998fa2f9a2,3af9ee83-0dc6-443e-83b2-669dc46a7e84,
c1132d69-541c-460c-ba94-491d37c00393,ad0b75a5-aeac-4711-a4a7-60998fa2f9a2,6e1fe644-f260-4c7a-86db-8f2e9a5a7e66,
c77b2250-8742-441a-902c-0590a735efd4,ad0b75a5-aeac-4711-a4a7-60998fa2f9a2,b2d8ff64-3535-4d8a-a053-ed13d166286b,
73a21057-a339-4f61-9914-45619549aee2,ad0b75a5-aeac-4711-a4a7-60998fa2f9a2,de53ff03-cb33-4566-bf42-e80cc1559752,
d6022148-b70d-4329-99fc-7503215ae674,ad0b75a5-aeac-4711-a4a7-60998fa2f9a2,e24cdb56-6dc6-4969-835e-9e63c3bb91e0,
89c99a22-4936-4942-b727-37a9347da80b,ad33464f-3bb6-4d90-bfed-b7916ba362c0,05ee35cc-ec61-4260-83c5-914a0af808db,
43f9b297-2c7e-4ca6-a49e-96fb9f963593,ad33464f-3bb6-4d90-bfed-b7916ba362c0,30711af9-189f-41cd-a532-44181fae4472,
f1770bdf-c09f-4ab9-b538-4e6817837f04,ad33464f-3bb6-4d90-bfed-b7916ba362c0,49b812b4-652e-435f-b244-7759972c7fe3,
ea7464cc-8c1e-412a-a99b-1b0d86c9252b,ad33464f-3bb6-4d90-bfed-b7916ba362c0,5359a94e-c5ab-4aa1-8a47-c3a5d38d6a8d,
afe47488-5e3d-45f0-ba8d-8f7333f35770,ad33464f-3bb6-4d90-bfed-b7916ba362c0,5386b6bc-4a0d-459b-8a2c-09542fffab94,
5d3983c8-fe0a-4d8b-94d0-08802d14aaed,ad33464f-3bb6-4d90-bfed-b7916ba362c0,62366a0c-2c3d-4c99-af75-9ea1198446af,
0f2c3a23-30f8-476e-86f2-3ee7a3f681df,ad33464f-3bb6-4d90-bfed-b7916ba362c0,62c2d396-2356-4569-8a68-d1886fc6f634,
c2a60a33-1e54-4268-b80d-1b32509d7b48,ad33464f-3bb6-4d90-bfed-b7916ba362c0,76e9d724-e37b-4a4c-b1d9-a7547c7f2a06,
3902c34a-db1f-4d90-8dee-0d6039685702,ad33464f-3bb6-4d90-bfed-b7916ba362c0,88e85ac5-a0fc-4a1b-8380-2e38ec39ac6a,
6851eb82-9fcc-4752-b4fb-0255d11737b8,ad33464f-3bb6-4d90-bfed-b7916ba362c0,9eeda26f-f109-488b-a525-367cbac25848,
10577a69-69c5-47fe-940d-82abcffc01f7,ad33464f-3bb6-4d90-bfed-b7916ba362c0,b20727f5-45d1-43f3-85e6-d0c649424899,
dc375a53-8128-4ee3-84ee-019146ce4395,ad33464f-3bb6-4d90-bfed-b7916ba362c0,b6a83382-4b9b-4214-8c43-ef32c409353b,
69eb336f-52a6-47ac-95ef-274019d0e47f,ad33464f-3bb6-4d90-bfed-b7916ba362c0,c02bf916-ea90-4f0a-bbbc-9de9aa026932,
509c53ee-9720-4ffb-8258-6b53705b667b,ad33464f-3bb6-4d90-bfed-b7916ba362c0,c7e384e5-6189-4b35-9085-7640cdb83089,
ee27e71d-3c7b-4aeb-89ce-de659884f677,ad33464f-3bb6-4d90-bfed-b7916ba362c0,d4854ccf-4d7a-4f76-86b4-dba38be9d992,
574f6f5e-debd-4023-a190-51f6670a853c,ad33464f-3bb6-4d90-bfed-b7916ba362c0,f07a44a9-18a2-491a-98a3-ac63b797cfe9,
d24a9021-460a-4915-9c89-c69c8e42d41a,ad56b925-25b0-41ea-9dc7-abdbb6c3ba7e,059357bb-a328-4387-a523-7762a573c917,
f23e51ca-55e8-4cce-bc54-4055e5ca9047,ad56b925-25b0-41ea-9dc7-abdbb6c3ba7e,19aa797e-efb9-49a5-8904-f93b0d4a2559,
fdd7dfc1-c5aa-43fc-93d9-a3086873f77d,ad56b925-25b0-41ea-9dc7-abdbb6c3ba7e,26528da5-3f48-4db4-9844-c08bd5b2202d,
3e09bfc5-737b-4e73-998b-4e14cf88ff6f,ad56b925-25b0-41ea-9dc7-abdbb6c3ba7e,56a07099-fc9a-4295-85a5-c8f35be15e62,
3b84629d-35cc-476c-8f31-f4bff97b17ef,ad56b925-25b0-41ea-9dc7-abdbb6c3ba7e,5a19cf1c-39f3-4597-971a-c38056b21e8f,
e3c2aeee-291d-4850-b662-318851c1b929,ad56b925-25b0-41ea-9dc7-abdbb6c3ba7e,5ac4de99-8184-4056-8b4d-ffd3dc217967,
38d83656-12e1-4835-8ec8-debcb4395c3a,ad56b925-25b0-41ea-9dc7-abdbb6c3ba7e,608219bf-a8e6-4c2d-9daa-92372e68ea9e,
5376ba22-36aa-4ef7-80f3-087ba5fb5445,ad56b925-25b0-41ea-9dc7-abdbb6c3ba7e,643f969c-148b-4b64-8f06-7299a83d357c,
37ccaecb-949b-4b79-89a0-8c6634b8c034,ad56b925-25b0-41ea-9dc7-abdbb6c3ba7e,673481b7-c665-4689-a22e-1781e46f342b,
60aad821-bb83-4a3c-954e-699d295d7233,ad56b925-25b0-41ea-9dc7-abdbb6c3ba7e,677a1b81-e909-4a4a-8fa0-135aa9959fdd,
d2f247f2-e682-4a52-a7cf-1127f5112f5f,ad56b925-25b0-41ea-9dc7-abdbb6c3ba7e,84b04d79-4bbd-4e24-a2b6-8fcf97c7ffcf,
202c7a02-b0c1-4eb1-b0ef-46aa51e9faf6,ad56b925-25b0-41ea-9dc7-abdbb6c3ba7e,8c1990a9-4a1d-4324-90e8-91e2a242d119,
60119051-9600-4432-8247-81c383e2ff5f,ad56b925-25b0-41ea-9dc7-abdbb6c3ba7e,9347e2b3-c059-4c44-a468-238068557725,
1f8e1c8a-ad15-4366-9bf8-370c4104b164,ad56b925-25b0-41ea-9dc7-abdbb6c3ba7e,9396ec01-9b63-480e-ac68-b33b4c025e82,
491bbea7-9237-405e-bdbe-00a9bad1ad5f,ad56b925-25b0-41ea-9dc7-abdbb6c3ba7e,a8adfbfd-cee9-4294-8412-172af24b02ef,
a602a1c0-3326-405f-ba83-5690fd6f00c7,ad56b925-25b0-41ea-9dc7-abdbb6c3ba7e,b2fa58f1-9d88-471e-9d2e-0c9eeb91dd5e,
43998a03-98a1-4ab3-915c-6f62e3374715,ad56b925-25b0-41ea-9dc7-abdbb6c3ba7e,c15f5d68-e68d-4ac6-b433-2549304391af,
58ba48eb-a776-4514-b9a4-f2a6cc823dd6,ad56b925-25b0-41ea-9dc7-abdbb6c3ba7e,c379075e-81b1-4589-ad89-8d63a8c517d7,
91c4e324-e96e-4bd4-bba8-560d26d36f1c,ad56b925-25b0-41ea-9dc7-abdbb6c3ba7e,c957f673-6143-4bb2-8743-9da259cf57b8,
9490b96e-da82-4d36-b6ec-c237f3e5ccd4,ad56b925-25b0-41ea-9dc7-abdbb6c3ba7e,cdba3d70-d1a3-4d7e-9dc3-c90b8ddde3b4,
430c381d-b788-4241-87fb-da647ec711a3,ad56b925-25b0-41ea-9dc7-abdbb6c3ba7e,e0d5a876-5157-400c-8d81-dc33547990f7,
e649e1e5-da86-4c4f-a46a-8a06a918b282,ae2a8e30-7e71-44e3-bd6a-7d517ab31764,07599d57-42fb-47a9-95ed-319a636fed50,
d0532324-30f5-4ec5-9e89-25c2e2758cf2,ae2a8e30-7e71-44e3-bd6a-7d517ab31764,0ad83bc0-8cdf-4fdc-ad6b-4625075047a7,
9fd60b5f-347b-4a1e-a5bf-f697c3209b2b,ae2a8e30-7e71-44e3-bd6a-7d517ab31764,0b351e17-b2e1-4fbc-a57b-3f0a18a503b7,
5a18c847-f242-4459-a6b7-747948268e61,ae2a8e30-7e71-44e3-bd6a-7d517ab31764,0e60c029-03b3-43df-a3b3-7bba90c643ea,
679329f7-e98f-4583-9c80-77eabcfbe2de,ae2a8e30-7e71-44e3-bd6a-7d517ab31764,0f5e4e35-7962-494b-a4a7-864ef8b1a042,
2688c148-c2c4-49f9-b46b-012540c77294,ae2a8e30-7e71-44e3-bd6a-7d517ab31764,11ce9ab3-083b-4822-8f24-2dd9fa0def4e,
cfaa20b6-8f65-47ed-8ca5-3d57bf3a3a3a,ae2a8e30-7e71-44e3-bd6a-7d517ab31764,13ade7d1-0918-494c-9893-e4be411aa9e6,
b0f1e203-a0ce-440c-88d3-306da24d4b03,ae2a8e30-7e71-44e3-bd6a-7d517ab31764,143f05dc-cddc-46fc-984a-1baf9db8fd6a,
ba30ec55-440d-4565-9f04-1be219e4aeec,ae2a8e30-7e71-44e3-bd6a-7d517ab31764,1ab57155-bcec-4c57-8779-18f33bf6ce98,
463a6077-57b9-4033-a87c-5c5ea1c01f85,ae2a8e30-7e71-44e3-bd6a-7d517ab31764,1ea0774b-b2c0-4393-9982-c14bb36850d0,
9b85e966-9fac-42b9-946c-3c7b9db1622d,ae2a8e30-7e71-44e3-bd6a-7d517ab31764,20e56676-9f9f-4ca2-b4fb-a703313c1ab3,
7e1db2a5-225a-4417-b60b-ee3fe98245cb,ae2a8e30-7e71-44e3-bd6a-7d517ab31764,27bda4c8-ca08-422e-a56d-8e0b98179615,
11546151-be6d-4c29-a591-ddd72e9cfe17,ae2a8e30-7e71-44e3-bd6a-7d517ab31764,3929fc13-4373-4b2f-9363-a430f57b780c,
be2d1d19-51e1-4906-8050-26fc5bcf503d,ae2a8e30-7e71-44e3-bd6a-7d517ab31764,394da276-fd7b-4e56-884b-fb0d28719b72,
7beea150-af15-4079-97e7-e4de12eb508f,ae2a8e30-7e71-44e3-bd6a-7d517ab31764,417045af-73a8-46fc-9a63-17f3a9b28b59,
8f44cade-7411-4f50-8dec-a483c609a9ca,ae2a8e30-7e71-44e3-bd6a-7d517ab31764,429d13a7-e34f-462b-a543-af566a322a66,
d61f0334-c044-4892-87b5-02be2fcfe7cd,ae2a8e30-7e71-44e3-bd6a-7d517ab31764,48901afe-b794-4989-b7bd-260c3e1a1a84,
710a3bbc-9af2-4e91-9a81-8e0fbe8c1df6,ae2a8e30-7e71-44e3-bd6a-7d517ab31764,49227f24-397b-4051-8dc9-6773dfe8dd25,
5de1021c-1cb6-4383-b1a4-164d770d3048,ae2a8e30-7e71-44e3-bd6a-7d517ab31764,49e3ecf5-6ea0-45ad-93c4-f150fe69aabf,
d48d192e-e3d7-4e24-8cdf-95b67cd688ee,ae2a8e30-7e71-44e3-bd6a-7d517ab31764,4de1aaed-8475-442c-b4b1-67b2e53f916a,
e882b330-fe06-4e7f-97d8-41428b17f4ae,ae2a8e30-7e71-44e3-bd6a-7d517ab31764,52760272-c56f-473f-a0b6-168d9d971942,
5c6aea4b-f9bc-4f3c-9b4f-4f5d9a950548,ae2a8e30-7e71-44e3-bd6a-7d517ab31764,612784de-c3df-4abe-a3fd-b945d76f9f9a,
e2f5bb41-6796-476b-acc9-5a8614508a76,ae2a8e30-7e71-44e3-bd6a-7d517ab31764,621e2c60-21a5-4831-8178-8dcfa5e87dc3,
3801eea0-de3b-4dd3-abdb-e145c88d08fe,ae2a8e30-7e71-44e3-bd6a-7d517ab31764,62cea99b-1c0a-4aee-b6a3-051db074e587,
edb365f5-613a-428a-890c-76d5a01bc8d0,ae2a8e30-7e71-44e3-bd6a-7d517ab31764,6560f2a5-58d2-4965-82dc-980a96f826b5,
735cb61e-d494-4349-b096-eb81c0810fd6,ae2a8e30-7e71-44e3-bd6a-7d517ab31764,65796a02-88e5-4650-9fa7-941547104e82,
6c228589-183d-4010-b5e9-0b01ebb77366,ae2a8e30-7e71-44e3-bd6a-7d517ab31764,685d0270-7da0-493c-97f2-a6da2111dd03,
aeeb1dd0-6902-499e-9561-44cee4de0e27,ae2a8e30-7e71-44e3-bd6a-7d517ab31764,85f2a421-459b-4145-9332-b70d87c23e88,
fcdd355a-4e1e-45d8-99bc-59df7867d354,ae2a8e30-7e71-44e3-bd6a-7d517ab31764,8f2419d9-6da8-4587-adf5-2078ffccaf56,
72da9182-60a4-4d46-8d3d-37f0f68df50c,ae2a8e30-7e71-44e3-bd6a-7d517ab31764,948d4ef4-2d8e-4b0d-944c-37ea1ced8868,
db0ee613-1eb4-4883-92ed-5a549b9c5c21,ae2a8e30-7e71-44e3-bd6a-7d517ab31764,99369bd1-3ecf-4540-8193-1644c4dc7439,
78809f0b-d87f-4404-ade2-666c827ab530,ae2a8e30-7e71-44e3-bd6a-7d517ab31764,9fe8d53a-7e19-4015-b951-9e1c07bc0978,
8cee8b1f-842c-4260-bbe7-b2cca44ad40e,ae2a8e30-7e71-44e3-bd6a-7d517ab31764,a34acb60-dead-40f9-a4ce-e75bacbb170a,
d02fd0aa-b269-43f4-adfd-1a2d147fe7a0,ae2a8e30-7e71-44e3-bd6a-7d517ab31764,ac578e08-b136-46a5-a318-d18327a63f96,
64d817bc-c824-4e5a-abae-14d54f6da1e3,ae2a8e30-7e71-44e3-bd6a-7d517ab31764,b4a6b999-bd43-4c08-9e58-039d0d9450de,
d0210cdf-b1ba-4c4a-9b22-0b3b1ffd244b,ae2a8e30-7e71-44e3-bd6a-7d517ab31764,b522baf7-f618-4a2a-84da-afd886eafbda,
8a31043d-facf-4fc9-865f-a282c2bea4e2,ae2a8e30-7e71-44e3-bd6a-7d517ab31764,c3fa43f9-4648-4ab4-9de4-2f78bdd29b6b,
5cf977aa-8514-4d90-a0f2-bc6e0ea2f489,ae2a8e30-7e71-44e3-bd6a-7d517ab31764,c623fa99-044f-40c2-9089-11aa243dab93,
4be615c0-d3cc-45b5-9074-d10169f3953d,ae2a8e30-7e71-44e3-bd6a-7d517ab31764,d2d4308c-bf56-4476-b993-1b885d3b5ecd,
be2a35b1-21cf-4d03-9c52-812a3822f045,ae2a8e30-7e71-44e3-bd6a-7d517ab31764,d787890f-c62a-40a1-a2ce-b6f0f5071952,
2774cf8a-f618-46df-a668-735ad77d3092,ae2a8e30-7e71-44e3-bd6a-7d517ab31764,de09f738-bfff-4022-8b9e-730f6d6796b6,
a49c722f-f499-4c7b-b555-ab92e960488b,ae2a8e30-7e71-44e3-bd6a-7d517ab31764,dfa2d2cc-e018-4dff-9e9e-8002da8b5e74,
2345b6fd-e703-4297-8f58-4a4ef20429f8,ae2a8e30-7e71-44e3-bd6a-7d517ab31764,e3439ab3-3fad-4406-8e0f-5ec151bcd1d8,
4f901dde-3627-4797-8df7-f859c1669f27,ae2a8e30-7e71-44e3-bd6a-7d517ab31764,eaa0467d-b8f2-49e9-88fb-ed34316cf143,
b55a5af8-7c87-41a7-935c-d4a7dcd57c26,ae2a8e30-7e71-44e3-bd6a-7d517ab31764,ee2faa56-42e7-4e00-9393-6028892d2caf,
6ed7c668-9879-4578-9114-de7a1659dd19,ae2a8e30-7e71-44e3-bd6a-7d517ab31764,f0cb6be7-1373-4910-a0ff-fcf6a6996e91,
494a7a6b-cccc-41de-b0c0-8080e0527393,ae2a8e30-7e71-44e3-bd6a-7d517ab31764,f2a1ce0c-a3e2-4c4a-9ea6-7f1f60eca58d,
55062654-2408-418b-b238-34220f49964e,ae2a8e30-7e71-44e3-bd6a-7d517ab31764,f76c4db1-cb38-4114-83fd-481f9f35776c,
1fc44823-86f1-4406-bb18-65cd06391d8a,ae2a8e30-7e71-44e3-bd6a-7d517ab31764,fc51519a-091b-453b-8dce-63eb074a5be2,
3b6d074a-828e-4e09-bdf0-458cc18d69bb,ae65454a-6e4e-43a0-b2ad-362aacb29d81,13e68628-efad-4807-92bf-8c00fc1965b1,
d252a981-780f-4961-94bc-1b93f3afeaf3,ae65454a-6e4e-43a0-b2ad-362aacb29d81,22fb68ed-6f8a-447f-aefe-45896bb90730,
6cd2cbc6-9cce-448a-a331-695febee412e,ae65454a-6e4e-43a0-b2ad-362aacb29d81,26f17087-2817-4ba8-a6ce-bac11286ab47,
7eb8fb88-db8c-4ce5-978e-7f2e70b4d0fe,ae65454a-6e4e-43a0-b2ad-362aacb29d81,2e0b3bb1-1c21-4155-993e-82fad314d84c,
9f7dd044-49b0-4288-8319-304afcb5c621,ae65454a-6e4e-43a0-b2ad-362aacb29d81,506ef7ca-da2d-4c8d-8993-92ebd463f1e6,
3d7bb8d3-9ded-4b4a-a6e2-0c3b32e7cc7a,ae65454a-6e4e-43a0-b2ad-362aacb29d81,6f91cfc5-29cb-4f11-9a8e-f9ac34051e95,
2478b2b2-0311-478a-b6eb-edb85bb2b873,ae65454a-6e4e-43a0-b2ad-362aacb29d81,8a72b9c0-1c93-4ed6-8773-9381235b77d4,
891e17c0-ab5e-4376-9760-e6b825a9ec8f,ae65454a-6e4e-43a0-b2ad-362aacb29d81,980ed9f8-a383-44e7-bb0c-8d49c8b11b9f,
909e4169-be37-4dad-8c7c-728ee7aae295,ae65454a-6e4e-43a0-b2ad-362aacb29d81,a0ff9f06-b3f6-40cc-b740-f1b52e1ac9b4,
019b9cc7-37f7-411f-8674-5e7973a37894,ae65454a-6e4e-43a0-b2ad-362aacb29d81,b493c10a-154c-4e33-8c80-aebe070eee05,
b000cb70-0dc2-42f6-bc71-c1afd2a832e6,ae65454a-6e4e-43a0-b2ad-362aacb29d81,d73f7ed2-81ef-4a9d-90ad-4ba64208515b,
64f9c284-7a4d-4e4a-88d6-9f5758753bce,ae65454a-6e4e-43a0-b2ad-362aacb29d81,dfc0176a-3ad7-4502-9542-15bded6a5e42,
fe2eb78c-2576-4942-bb44-213e38b85f60,ae65454a-6e4e-43a0-b2ad-362aacb29d81,fe56b1b6-ce0a-4648-97c1-1df5c0b868cb,
e45191a0-96bc-49f5-ad9d-e4ef22c1c877,ae974494-8782-48ab-8341-6a9e3e23bae9,09270dca-5970-4735-98fa-7ca7a4d213b4,
409a5c36-46c5-4180-bb1c-58a35e3c2cab,ae974494-8782-48ab-8341-6a9e3e23bae9,16ca64f6-fe3f-4701-8372-a8df98f09398,
919edb53-7f3b-4588-beec-017cd35561df,ae974494-8782-48ab-8341-6a9e3e23bae9,17879658-656a-4d19-9fce-a61bd757ab87,
29b4d3d9-7f22-4134-8cba-20ea0b712f61,aef4eea0-3087-41a3-abdf-2de5b7c788be,1dcdefe1-095f-45e9-ab2b-c96dcf0c6ff5,
178d8769-6d85-41d9-9ee6-065b72c30f16,aef4eea0-3087-41a3-abdf-2de5b7c788be,2dabcfb9-300f-4562-88ab-1ceaaa33c817,
15e6d5c1-fd4b-4242-ae97-26779c4a0663,aef4eea0-3087-41a3-abdf-2de5b7c788be,bb2451a7-25ef-43ac-a0fd-baa82ee44cc3,
97098279-a3f5-4409-81b4-7accde6da9be,af5b8dde-b6b3-448e-8551-5cdcdcd8e3ed,06d09818-3676-4660-ab0a-66ed7be804e8,
47170959-8724-49de-9fee-907f6b1f5333,af5b8dde-b6b3-448e-8551-5cdcdcd8e3ed,21c3aa29-7b75-4bec-9e3a-12a7de84ff11,
67c569da-183e-4050-b061-a9dfe9935c11,af5b8dde-b6b3-448e-8551-5cdcdcd8e3ed,34129e70-ad79-4680-ab67-e217abc7b970,
d008e62b-6c35-4ff3-b4f4-3b6691e48953,af5b8dde-b6b3-448e-8551-5cdcdcd8e3ed,3edfe821-7404-48bc-bb31-85fa9b9bf05c,
44b4378d-89fe-4aeb-ab21-02ee2d9f0cf3,af5b8dde-b6b3-448e-8551-5cdcdcd8e3ed,48b14abb-706a-40cd-b933-183893cd3b2e,
cb5142b8-6043-49b2-8377-9bc141a587fc,af5b8dde-b6b3-448e-8551-5cdcdcd8e3ed,934afa05-9dd7-4fc6-a49b-683e856ccdfc,
c0076cbf-7125-43f4-aba9-9dc7d3f81fdb,af5b8dde-b6b3-448e-8551-5cdcdcd8e3ed,9941da01-03e5-4960-96f9-d6c22f11c55e,
da5837d7-0f54-4fff-afc6-bccf5b8d3d23,af5b8dde-b6b3-448e-8551-5cdcdcd8e3ed,b1888af2-8e65-4fa9-8592-0fd50dc0a9cb,
83b1fdbc-f784-45a4-8257-bc14de213ace,af5b8dde-b6b3-448e-8551-5cdcdcd8e3ed,cbea60eb-aead-4010-bdad-58daeb44b128,
a438f6f7-bd82-4d78-9d62-022c646562a2,af5b8dde-b6b3-448e-8551-5cdcdcd8e3ed,e73cd9f1-6bd0-4c95-94fd-00a58d050023,
47100c08-fb24-4004-a183-2edcf805a82d,b1dcb16f-fc28-4664-a930-3ca579ed23ef,e633b81e-1b08-470f-8c7b-7081b724eba6,
a1054151-1223-469a-895d-31967217e5c7,b1ee75d0-9d9c-4bf7-a897-162891d95bca,37d37fad-158f-4da7-aafb-98534e756973,
a43b6df8-a590-414e-bed6-61b9d897fe36,b1ee75d0-9d9c-4bf7-a897-162891d95bca,5826a858-f18e-49e9-802d-9e994176bf7b,
ef32ec08-838b-4ef5-b871-fd4e7e8637be,b1ee75d0-9d9c-4bf7-a897-162891d95bca,775be9d4-5bdc-4d96-aa5f-32521d442e45,
524b104a-f2a7-4cb3-b3ab-7d9227f41a22,b1ee75d0-9d9c-4bf7-a897-162891d95bca,af7f4ef1-103b-41fa-b8ab-1b55c834f529,
f7d9c1bd-9c93-43f2-85c8-279cbf8ca842,b1ee75d0-9d9c-4bf7-a897-162891d95bca,b26fb4de-a385-45fd-bb89-1d85d26ba82e,
c34cf550-8366-40a2-bf0d-d3e1a02c80de,b1ee75d0-9d9c-4bf7-a897-162891d95bca,c7fbd6a0-4c78-4cdc-b4c8-203f1e642382,
35102e0a-8236-4dfa-ba11-885f15f30b7c,b377dec8-d84c-4fdb-be24-5eeb5f516670,15bb3b95-7cd7-4a3f-b8c3-4216fe49f1a2,
867a6817-b4c1-4db4-8374-50c8f4cf4035,b377dec8-d84c-4fdb-be24-5eeb5f516670,1db51db1-d7f2-4a67-9d0d-637309f66445,
7146a8ac-faf0-40d6-b53f-e155fa1a88e3,b377dec8-d84c-4fdb-be24-5eeb5f516670,2b8c9e6f-6706-4f6a-839a-ae84e0c8e041,
b830c2ef-7758-4121-887f-41198d6d883b,b377dec8-d84c-4fdb-be24-5eeb5f516670,3543c631-500e-46df-b3f8-2985e62ea68d,
7b48d3ec-1bd8-4212-b41b-e40e25ad011e,b377dec8-d84c-4fdb-be24-5eeb5f516670,360a58af-9fe9-4d29-9e51-f595eae530ea,
4e78671a-ebe1-400f-9b14-04a7484cad3e,b377dec8-d84c-4fdb-be24-5eeb5f516670,43e6d653-4e31-4d7f-8a4a-90c95ebde432,
644676d0-496f-4499-a55f-dbd1ec9a7bbc,b377dec8-d84c-4fdb-be24-5eeb5f516670,44f61f71-60d7-491e-be26-179209e2f7a6,
1f0327b3-4a5d-4e0d-8604-ff5c436405b4,b377dec8-d84c-4fdb-be24-5eeb5f516670,4d185d37-f97a-4e5b-b298-71b3ee55c6cf,
4093d78c-48ea-4935-829d-cd97bcdf81de,b377dec8-d84c-4fdb-be24-5eeb5f516670,6cc01c49-edfe-4668-a456-0a2aae387b52,
6073d435-19ce-444e-b0c3-ac713ffeec05,b377dec8-d84c-4fdb-be24-5eeb5f516670,86de6fa0-f2c0-43e9-956c-4699da12633e,
94860622-9529-4a29-aea9-aff2895d9d5f,b377dec8-d84c-4fdb-be24-5eeb5f516670,8af05a70-e4c0-4aaa-ba0a-43d092d308b5,
0e07a602-dbc1-46a5-a9f1-e1e092a4bebc,b377dec8-d84c-4fdb-be24-5eeb5f516670,8f1adec9-96e4-434c-8a7e-9dcad31b7966,
b699b723-645f-49f2-8690-47956b1ec4e0,b377dec8-d84c-4fdb-be24-5eeb5f516670,96fec1b3-54fc-425d-8af2-bdb8db08d98a,
6a3241b1-01c8-4f7b-b331-f2440dbb33dd,b377dec8-d84c-4fdb-be24-5eeb5f516670,a671f514-bd1f-47ad-86ab-81135399d798,
d8db7b52-6bb8-4bda-8cf0-69493cc63f8c,b377dec8-d84c-4fdb-be24-5eeb5f516670,e0b9404b-a2e3-4fe7-9e98-13612046be23,
d4359442-0bc0-40d4-b691-825df503d3dc,b377dec8-d84c-4fdb-be24-5eeb5f516670,e79966b1-97c1-4f8c-86b0-ef5e144ce80e,
e02380b1-a933-445c-88bd-09cf4873f875,b4516f5f-3b9b-4ece-b5d2-885a22aec12b,06486e71-cc7f-4cfb-89f2-aa95ecf1a359,
04fef465-6c5d-4b09-bfef-c99d86ddb7bf,b4516f5f-3b9b-4ece-b5d2-885a22aec12b,3016387f-17c6-40df-b4b2-8280a82f47c7,
4771b157-b158-4354-ae3f-8d03a98c8f05,b4516f5f-3b9b-4ece-b5d2-885a22aec12b,5a3c8b36-7513-4e35-9ba3-5b591dd847ab,
99b861f3-cf7d-47b7-99cd-1bc35e64cbbd,b4516f5f-3b9b-4ece-b5d2-885a22aec12b,65f2fe88-1591-4f9e-a580-02dddc8f31e6,
7ef98eb3-e1eb-4d3a-ac69-8f9c3e22f686,b4516f5f-3b9b-4ece-b5d2-885a22aec12b,8f0fa927-e82f-42db-b9f4-7ae90943bdee,
1ee54fbb-ca28-4388-832f-fd48a31507e1,b4516f5f-3b9b-4ece-b5d2-885a22aec12b,9a4aa089-63c7-4324-ac26-0e565160dbf7,
8b52e27f-b13a-44fe-805e-58d789de268b,b4516f5f-3b9b-4ece-b5d2-885a22aec12b,c392db7e-349e-49f4-99cc-1f61f6d59ca5,
04c5cfe4-f630-49a1-8cdc-63380203d2da,b479f8eb-7281-4be2-bd71-a7c3a07cfe32,147cca70-45f7-4fff-b678-c67fab240f77,
4b373814-8919-479b-b438-5bdd12ebcaf7,b479f8eb-7281-4be2-bd71-a7c3a07cfe32,24b61d03-91b3-47f5-930d-7e90cff1df21,
8b8da390-6cec-4af3-b6e0-53cf4a5457e5,b479f8eb-7281-4be2-bd71-a7c3a07cfe32,41a7d107-edc8-4386-8887-fa164f50e04e,
a077437b-fdaf-4a5d-9e23-0fa4c5092db4,b479f8eb-7281-4be2-bd71-a7c3a07cfe32,56d5c853-8cb0-4b95-8f72-f211a5a74bac,
9ceec40c-154e-4f2d-aef6-492e267a990f,b479f8eb-7281-4be2-bd71-a7c3a07cfe32,5d4b1c44-7507-4924-bf12-181d69aecdbd,
dae130ee-9d7d-4188-acad-5528d9724be3,b479f8eb-7281-4be2-bd71-a7c3a07cfe32,7832d0ac-de7d-44cf-b12e-a1e195422781,
af51dfc1-8675-4db3-b2a4-173e1555efc6,b479f8eb-7281-4be2-bd71-a7c3a07cfe32,93e6ed8d-1c9d-48fa-a719-43307515baf8,
c471d450-e8b0-4f8b-9d09-c745ef15c9a5,b479f8eb-7281-4be2-bd71-a7c3a07cfe32,a2a0e61d-c034-49c2-ae9e-d69fe78d4c87,
92928c89-b931-4799-985f-a5f2a23b36ad,b479f8eb-7281-4be2-bd71-a7c3a07cfe32,b2ce19f4-6ba3-4ccf-9f09-0d002be15315,
d018c0c9-65a8-4498-86b5-fecb67a2f17b,b479f8eb-7281-4be2-bd71-a7c3a07cfe32,bbb0dff5-842d-4499-9867-4922b843dcbf,
160f57e2-4352-4a92-8fe3-8283e3c4e177,b479f8eb-7281-4be2-bd71-a7c3a07cfe32,ce394e95-e20a-4cc8-9fa3-a90f5f83cfb1,
82c09426-c3c0-4407-9667-7e48d1da4e0c,b479f8eb-7281-4be2-bd71-a7c3a07cfe32,dca0600a-6f9a-4062-bb9b-6714fa2e7373,
2bcbed03-d4f9-4530-9984-f57537e1b943,b479f8eb-7281-4be2-bd71-a7c3a07cfe32,de27195c-cd33-499d-ac11-238a235eee57,
fd648861-f497-42a7-806a-5c998c7b96a4,b479f8eb-7281-4be2-bd71-a7c3a07cfe32,e2a7baad-7618-4e3f-98b6-ae4aa60fa135,
8de7d074-4dca-4ad8-807d-d030414991d1,b479f8eb-7281-4be2-bd71-a7c3a07cfe32,e35e5140-94f1-4029-9223-1bb02003935e,
9338bdbe-998d-4358-b510-adaa413ef731,b479f8eb-7281-4be2-bd71-a7c3a07cfe32,f3db958e-1898-4d7d-896d-b0a4b6245638,
a5478d2b-799b-4d09-8be5-40ffea9a0116,b479f8eb-7281-4be2-bd71-a7c3a07cfe32,f4bc1d98-9257-4619-ac56-b9b004e6a7be,
ca7cd279-0aa2-42ea-8333-0eb9a2d834d0,b479f8eb-7281-4be2-bd71-a7c3a07cfe32,f9dbf68b-eaa3-4128-99c6-a710234a2c5a,
d8dfa315-01dd-4cee-894a-0090dae6416b,b4b4c1e1-33b1-4b58-91e4-d45e4849b64b,0b3a0f69-11cc-4959-a2ed-7be9a1c63ca7,
c02679b0-febc-47de-972a-0cad9d049b6b,b4b4c1e1-33b1-4b58-91e4-d45e4849b64b,5fa0db45-de05-4eca-9d70-be2a29b9797c,
6053d20d-dd47-4187-a67d-d16a56c42eae,b5e439f7-d46c-4e15-a121-bf9989655be4,489de14f-64fe-422b-bdd8-feb3fb97b32b,
611b82d9-4b6e-4d44-924c-a08f0b09318d,b5e439f7-d46c-4e15-a121-bf9989655be4,5ce24b67-561a-4b98-90ba-02e54df3310a,
a3e964c8-c5b0-4599-9fe8-0e86920633c9,b5e439f7-d46c-4e15-a121-bf9989655be4,7ad6a19c-0768-4245-badf-ccecc0e6def4,
2ea80a2e-30eb-4718-adf6-376338d63342,b5e439f7-d46c-4e15-a121-bf9989655be4,9f1afaa4-d1b5-4eaf-8b45-920c1025144e,
58f0a521-5734-4044-964f-5751201c5061,b5e439f7-d46c-4e15-a121-bf9989655be4,adfd1800-9b7a-4919-aeb6-9792c0a2d080,
53ea864d-b978-4307-9416-e088c205e63d,b5e439f7-d46c-4e15-a121-bf9989655be4,b0efbdef-edb0-412e-a407-09804800ae1f,
efda6d8c-589a-4cea-864e-23489aa6fc0d,b5e439f7-d46c-4e15-a121-bf9989655be4,e6a0479a-c0a9-4d45-abf3-3439d21e784d,
2149040c-a76c-4a69-9f8d-26f64744a7b2,b80ce8be-1256-4783-b6bd-26e2b905ab93,12e3fdeb-a5a6-44c6-bff9-2a493ab437bb,
c8d0157a-88c2-4279-8233-16a6b33e1f7b,b80ce8be-1256-4783-b6bd-26e2b905ab93,1378c7b2-274c-436b-a285-a031ef497a52,
d99361cc-3c28-4700-a2a8-37da3d1230d0,b80ce8be-1256-4783-b6bd-26e2b905ab93,1c989ede-880c-4509-b6ef-83c2ce4d38f2,
4c645655-4683-46b8-84da-3000f9c08f12,b80ce8be-1256-4783-b6bd-26e2b905ab93,280d1ece-2cc4-455a-bebe-998b973a483d,
fe84fa01-63ae-4ca4-bb8b-876ab8a5135c,b80ce8be-1256-4783-b6bd-26e2b905ab93,29eb0386-0248-4491-bd64-500ea6c8eedd,
39eadf3f-6a09-42ed-9cdb-da824551a6d4,b80ce8be-1256-4783-b6bd-26e2b905ab93,2b9001fd-6fab-4182-b360-27c0b144e337,
9b5ce9c3-1dc9-4e81-abec-663da107101d,b80ce8be-1256-4783-b6bd-26e2b905ab93,35035cdb-589e-4e89-b170-2e24356bbe94,
c91d7d5a-bbe6-4741-afd5-56ce8458d380,b80ce8be-1256-4783-b6bd-26e2b905ab93,3991a1c3-31e2-4f0a-a273-bd84c65c268d,
7f1cde43-4541-4273-bf80-7fce3604d98f,b80ce8be-1256-4783-b6bd-26e2b905ab93,40195616-1251-4743-81ce-74efa6d311ca,
42042976-b3e1-48b2-b41c-1d8a21692bf4,b80ce8be-1256-4783-b6bd-26e2b905ab93,4051155b-254d-4330-ae87-cca8b1250b2e,
e3c9924f-cebe-46f0-b9a3-e0f7161d511c,b80ce8be-1256-4783-b6bd-26e2b905ab93,42b6b6c5-cb55-4dde-82d0-bf106bcb70fc,
a4f7752f-1385-474b-99b5-53e97b1d4938,b80ce8be-1256-4783-b6bd-26e2b905ab93,492bea73-e708-40d2-aba6-1761a3b4d816,
0d81f14f-d965-42fc-92ab-1ff5746283d2,b80ce8be-1256-4783-b6bd-26e2b905ab93,49baf14c-63de-41bb-8f49-e1ce45d720ef,
1ac9f725-f22a-4cad-a837-1f4fa66b69e5,b80ce8be-1256-4783-b6bd-26e2b905ab93,4ae58a3c-f532-408f-8861-c8e121307880,
7917cef1-7820-4773-aafc-899e519b289d,b80ce8be-1256-4783-b6bd-26e2b905ab93,4bbc1f03-b2dd-4e0f-bde4-78bc571594ce,
29e53966-6993-4941-8f9f-ccefa4483489,b80ce8be-1256-4783-b6bd-26e2b905ab93,4c6b4d55-54cf-424d-af34-c908af81c0ac,
b30fa234-d775-4b91-94a0-7f69dc447df8,b80ce8be-1256-4783-b6bd-26e2b905ab93,4ed632fc-0278-4e40-b100-4a3ce14a6f87,
b3e64d03-fdb3-453d-b645-b9dae9dda20e,b80ce8be-1256-4783-b6bd-26e2b905ab93,6e768013-f242-4e80-9869-3b7f5f248d6a,
30b7a7f1-6690-453e-a0cb-6263e3b84ffe,b80ce8be-1256-4783-b6bd-26e2b905ab93,74e3ca8d-ffe2-4bbb-8ed6-abb4d48ac748,
b9e6e75e-f73c-4c46-900f-fa7b5d3bee6a,b80ce8be-1256-4783-b6bd-26e2b905ab93,78f70e3a-4111-464e-9703-28772d29b219,
6d977843-ebd6-455d-8fde-5a429b768ee5,b80ce8be-1256-4783-b6bd-26e2b905ab93,814ccd70-ad6e-46d3-b187-a4e85f4b23bd,
050ddf0c-7308-48d9-86ff-995c2eab5e4a,b80ce8be-1256-4783-b6bd-26e2b905ab93,841db763-5e83-4dbb-9e62-40cf6fdc1aaf,
e4c85209-0511-461c-8938-0397fb82df4b,b80ce8be-1256-4783-b6bd-26e2b905ab93,86340608-0ad3-45ed-bc0a-cd5616b5b98f,
efbde52c-3572-4f09-9a2a-fec2f33ef42f,b80ce8be-1256-4783-b6bd-26e2b905ab93,87c8a3d5-499b-40e5-8e4a-8feff0e1cfc8,
ec407d98-f175-48f3-a79d-d3a617fb4263,b80ce8be-1256-4783-b6bd-26e2b905ab93,8833f927-7464-41d4-908f-a506cb9bf195,
79b7ecd6-2fe5-4061-9b47-78f0a7dfb41c,b80ce8be-1256-4783-b6bd-26e2b905ab93,898a8438-b22d-447b-95f4-8686c94e9e81,
63b6e975-36b6-43c2-a99c-1fddac8400a9,b80ce8be-1256-4783-b6bd-26e2b905ab93,89b85ab2-2ee5-4206-b3e4-ed5283dbe5ce,
84c482fa-b81b-4eeb-8c04-71e9105c414e,b80ce8be-1256-4783-b6bd-26e2b905ab93,8fd340e3-3117-467e-b2b5-b6f8d8d3ebc0,
d8689cf5-9991-4704-b643-3ac7f9b5ab60,b80ce8be-1256-4783-b6bd-26e2b905ab93,961633ba-2ce4-4c47-9315-0345e617fe5d,
ca1e6268-17ac-4102-af2f-323271b086ee,b80ce8be-1256-4783-b6bd-26e2b905ab93,971d55c3-7671-4df1-bfc0-e53709c0852c,
fb83e796-db03-41b6-adee-302fc1a1b114,b80ce8be-1256-4783-b6bd-26e2b905ab93,99fa6659-ef28-4161-af73-e7a1b897a67b,
a69c67b5-8fdb-4092-b800-00ef5c98dd4d,b80ce8be-1256-4783-b6bd-26e2b905ab93,9b7aaa52-3896-42d5-a2b7-b554c61b5683,
fb022fe9-e59f-438f-8c46-fc77dab7a43a,b80ce8be-1256-4783-b6bd-26e2b905ab93,9c367a0b-5c03-4206-869f-dcec63a0173d,
fe5470b4-a2a1-425c-af89-95fa969f279d,b80ce8be-1256-4783-b6bd-26e2b905ab93,9c818301-6d93-4ddb-bc18-638654f9b4e3,
a7fbe3da-8fc2-422a-badd-896739311eaa,b80ce8be-1256-4783-b6bd-26e2b905ab93,a8931c8e-3b06-47fe-a4b1-9c0070b0dc67,
7134a3c6-0eeb-42ac-a77c-4e34f5e7541b,b80ce8be-1256-4783-b6bd-26e2b905ab93,acdfdb5e-61f5-4494-9b59-7756bcd22bbf,
4d0b267e-1957-4729-aed7-01c961505f56,b80ce8be-1256-4783-b6bd-26e2b905ab93,b03dd10c-134e-488a-a9d8-95a628d03c74,
82266426-fde5-4fb6-8d62-fad391401bcf,b80ce8be-1256-4783-b6bd-26e2b905ab93,b63691b3-1169-488d-950b-4c0c3ee989b5,
ce84108a-d0a1-41a5-96bb-550d2e89245f,b80ce8be-1256-4783-b6bd-26e2b905ab93,b950e7a8-79e5-4bae-a250-c09e68c4ac6a,
addc1902-d8a8-4997-806f-4bcaa3922260,b80ce8be-1256-4783-b6bd-26e2b905ab93,ba4118ac-e837-4f19-a1da-129320ab7874,
76fed540-a38b-4f26-a184-29c6f9266125,b80ce8be-1256-4783-b6bd-26e2b905ab93,d77027ad-f13e-4f88-874f-69393b341ac2,
2837f9a8-63bf-4e71-a97f-259e25c6c732,b80ce8be-1256-4783-b6bd-26e2b905ab93,db113ba5-bd91-42ad-b1e7-2d4df1bf95e5,
7e237a61-f2ba-44e4-98f9-894953cdf35d,b80ce8be-1256-4783-b6bd-26e2b905ab93,dbff2337-620c-4c8f-974e-1869184362ff,
4ba7b7a0-e281-497b-8441-adb02916592a,b80ce8be-1256-4783-b6bd-26e2b905ab93,dd99fcb2-c4fc-452d-b8e2-efd9234c72a5,
291fe111-d856-4c84-a12f-2a89c0a9250f,b80ce8be-1256-4783-b6bd-26e2b905ab93,ded4a6a6-0bd8-4294-b65f-63ca05730516,
48bfcf3b-83bf-4646-814c-f7f5590a0a62,b80ce8be-1256-4783-b6bd-26e2b905ab93,e186daf4-d8d2-407f-90d7-ee2000745aa2,
12d13d87-9692-4fb6-91b7-6711a0ede78c,b80ce8be-1256-4783-b6bd-26e2b905ab93,e7fa9790-aad7-4128-9d2b-35c0269c7243,
85a8f2a4-79f1-4f4d-87b7-d7b3696e1012,b80ce8be-1256-4783-b6bd-26e2b905ab93,e9afb079-1f6e-4913-9982-ce78347aa840,
6551e8ea-3a70-456c-9d57-af496ffc8f6f,b80ce8be-1256-4783-b6bd-26e2b905ab93,eef1dfae-45cd-4272-b452-6478f1360720,
a702bbc8-7867-4d32-b4d7-76422376d40c,b80ce8be-1256-4783-b6bd-26e2b905ab93,f2b35d27-2839-49b2-aac2-f5a17d0d17b7,
56e5bfa8-0db0-4d28-8fb8-ea44f007a99f,b80ce8be-1256-4783-b6bd-26e2b905ab93,f6987ae6-09f9-4db5-b8f3-9cdddf363e9f,
11fb7667-86d2-40ff-b305-4b2fd33406cc,b80ce8be-1256-4783-b6bd-26e2b905ab93,f912f4f0-ee30-4fb0-bc66-86d89b253cad,
e6e7ea20-e6e0-472d-a460-182365158e3a,b80ce8be-1256-4783-b6bd-26e2b905ab93,fa0fccf6-8a3e-4c9d-8544-30e0497ca05d,
97ecac19-ad9c-44c0-b47e-f25c67f1530d,b80ce8be-1256-4783-b6bd-26e2b905ab93,fc23beff-855c-45c6-94b6-18459e9d69e7,
1fe4eef3-d163-47f6-a5c7-e6db5a62754c,b8c23e35-7ed7-498c-b232-301457c46ea4,18076100-d7ef-4fb9-84a1-d21b585de6b7,
30d280e3-2141-4e89-97bc-9cc2132f16cf,b8c23e35-7ed7-498c-b232-301457c46ea4,c2d0bf44-7927-43d4-b04c-b28b491b9064,
504ba6fa-4234-493e-be2d-8c9e7596a48e,ba2afaf0-63ca-48ed-949c-8f0779cbacf9,02cf42f3-976d-48e0-8f24-b355394f74d1,
3c22d94f-c512-4b2a-97cf-510db1558763,ba2afaf0-63ca-48ed-949c-8f0779cbacf9,0397d368-8eb1-43ba-ab9f-a2586abf8922,
e801a30b-dfc7-47ee-a8d1-d0f1bcd5102d,ba2afaf0-63ca-48ed-949c-8f0779cbacf9,29749543-0552-469e-8461-7cd69e70e157,
5836c12d-3c40-4314-90f7-c318d43862b6,ba2afaf0-63ca-48ed-949c-8f0779cbacf9,2b6a0724-2ba6-4724-9af2-d725b7dfd476,
5c1efc87-70a0-46da-b758-47f0c16e1207,ba2afaf0-63ca-48ed-949c-8f0779cbacf9,44a2fba4-6346-4dcc-84c5-2e2c253ba5ec,
1fe68a52-a6cf-4bf1-87ec-578e6e621c6c,ba2afaf0-63ca-48ed-949c-8f0779cbacf9,4ee2d772-e673-4ce6-bb35-c9ffe218daf3,
0756bc43-d326-48f3-ab8e-720a826710e7,ba2afaf0-63ca-48ed-949c-8f0779cbacf9,5c1d99e7-1ead-4313-a509-2222e01c0893,
9fcec543-7a2f-48aa-a862-bddf7ab67b82,ba2afaf0-63ca-48ed-949c-8f0779cbacf9,6f543ca8-aaeb-4f64-98fd-4ea2f577f53f,
dcc2fd72-97bc-46b9-8391-79c70d4890b8,ba2afaf0-63ca-48ed-949c-8f0779cbacf9,76029fe8-5721-4c6d-8963-8edcfeb3c76a,
0c05cb1d-1530-40ac-9698-f2ec59d0684c,ba2afaf0-63ca-48ed-949c-8f0779cbacf9,818e8049-e995-4242-bce0-682e98700ffc,
0e289699-422e-4950-84a0-4e25b5a64fe1,ba2afaf0-63ca-48ed-949c-8f0779cbacf9,8693cf34-d168-421d-a8dc-771f0324a70a,
db0dc159-d055-4df2-9814-6e6f67f40f01,ba2afaf0-63ca-48ed-949c-8f0779cbacf9,89ef0f0e-352c-477f-9f4b-22ea0e750bf5,
52d4a34d-a16c-44d8-a644-775e5ec7e7a9,ba2afaf0-63ca-48ed-949c-8f0779cbacf9,c188f8c2-dfa3-46b2-ae3e-7e9303ba9ed4,
88a56373-b227-48b0-b5e8-b079faa992fe,ba2afaf0-63ca-48ed-949c-8f0779cbacf9,dd881f9b-77c9-4fa8-beda-e5329251dbdc,
9fb412e3-17ed-4393-b6f2-c3b7ce2b971d,ba2afaf0-63ca-48ed-949c-8f0779cbacf9,de3bd4e5-85e6-4e42-bff0-a2669e28a7fd,
9d67bc03-f8b0-4b81-a54a-b144b03e74c7,ba5d6be5-cec1-40e9-ac9b-085a0fad6d34,3a6060da-a1fd-44b8-ad0b-9a7aeadd2241,
d0956acd-e6a4-4500-a92e-14bca606ead3,bac97dbf-454f-45ba-a27c-1c2e31aba2b6,50331ca2-a06a-40c3-b0f4-2ada727cd1d5,
f82f4648-c57f-4a67-a651-fd3d60a21867,bac97dbf-454f-45ba-a27c-1c2e31aba2b6,e8b48b87-02e5-47d7-b9c3-815e8c14a71a,
81780658-e858-408d-a60e-6b40c41efc48,bc312605-a08b-48d4-b1c8-f3b1507f882f,13abc38c-ec0c-415f-8153-cedf01d3068b,
ad4a4c23-b4d4-4830-9bde-dc15f234e986,bc312605-a08b-48d4-b1c8-f3b1507f882f,25c0d83e-f42d-4ca2-9723-7873b9d7579b,
664b0e4a-4312-4f23-b054-8848ccac5be6,bc312605-a08b-48d4-b1c8-f3b1507f882f,569916b1-076d-4f78-848a-d38c6c0079c8,
e6855d92-7408-4c16-996c-994a01568da3,bc312605-a08b-48d4-b1c8-f3b1507f882f,97b133fb-8c0c-45a1-ad76-f8c7b3d8996b,
212f4158-1833-40b9-9809-eaabdd4fa237,bc312605-a08b-48d4-b1c8-f3b1507f882f,d106f7c1-2da7-42dd-87e5-e6a35b2c2952,
cc96a112-c62b-4e45-85a3-ac151ef809c5,bc312605-a08b-48d4-b1c8-f3b1507f882f,ee5bec63-945c-418d-9399-54908f058df7,
ddbb6476-a06f-497a-b2d6-4839fb4f827c,bd798e07-f30e-45ab-9c83-bf195071f296,221904f4-6eff-40a1-ab04-8a7e1dae43c6,
a5285451-b308-46d4-964a-babcab90fc05,bd798e07-f30e-45ab-9c83-bf195071f296,2ddefc3d-0cb3-4595-ae47-03d53dde1011,
5dc6bc92-6088-463d-9b37-958863826a87,bd798e07-f30e-45ab-9c83-bf195071f296,400c8086-7744-4ad1-98c2-e672a5f1621d,
ae7f3dab-de2c-45e9-b76d-afc3fdd3b132,bd798e07-f30e-45ab-9c83-bf195071f296,44f780f1-d557-4a87-bc1f-c92161b2633c,
dbdeeba5-8569-4d97-80c5-358261814c2a,bd798e07-f30e-45ab-9c83-bf195071f296,5d3ec965-2a04-4f13-aef0-8289be922230,
dfd65bcb-8634-4017-b197-4836c0c1ee02,bd798e07-f30e-45ab-9c83-bf195071f296,a1340fbb-7c1d-454e-a530-bf45ae3055bc,
ce5936f7-25a9-4102-94e8-d4b061489dd2,bd798e07-f30e-45ab-9c83-bf195071f296,b9de5311-a6a7-4487-9017-cf0e2d0c88e3,
70565290-30fc-4861-803c-f6812d076f2d,bd798e07-f30e-45ab-9c83-bf195071f296,d212461c-06fc-40b8-a2f4-a53062ca6aeb,
ff50b753-ab1d-48e8-a84b-0c6c922b1845,bd798e07-f30e-45ab-9c83-bf195071f296,df2c2617-ca90-4ebb-9b7b-943db4d4af02,
e3662da2-9a6e-4a3d-ae6f-a01f5418c9af,bd798e07-f30e-45ab-9c83-bf195071f296,f001d739-f043-48ca-bc39-fc08a0a9893f,
adeffbaf-a096-4b3a-91ad-59bfe27ee119,bd798e07-f30e-45ab-9c83-bf195071f296,ff37f953-7328-46b0-9cad-4b50ceabb296,
06dd988c-0c4e-4c8c-9d18-465f45e874ea,c0f2f95c-8fb8-476f-97a2-269f71d763dc,2a9c4342-c7a2-46a9-ac2c-1757a4023e97,
c1242af5-7ca6-4c91-9d26-c750c8645359,c0f2f95c-8fb8-476f-97a2-269f71d763dc,3f4e74e5-a7a5-48f5-9e95-b902573d3ed0,
baf064ce-fb53-4afa-b0c6-5205e4fc473e,c0f2f95c-8fb8-476f-97a2-269f71d763dc,bd97ad06-2bbc-4f45-89b2-387701b6c903,
8eeb609b-b2f0-48ad-8bc0-e796425789af,c0f2f95c-8fb8-476f-97a2-269f71d763dc,f5aa0afb-9877-41a1-be15-e846c7b14715,
7b59d9fa-4b95-453d-9a31-523abbf75298,c4b753e5-cb6a-41ad-95d5-1d175eb4a5c9,00652592-78e8-46b2-93cf-9532f76e9818,
7f70d2d7-99d1-4ebf-88b4-d53ff74fc441,c4b753e5-cb6a-41ad-95d5-1d175eb4a5c9,0f450726-359e-4c90-8e35-1f2d97da88f8,
798f0280-e71a-418a-a88b-8b1e79df80b4,c4b753e5-cb6a-41ad-95d5-1d175eb4a5c9,22cf5fc5-ffc1-409b-b70d-d46d24ef8fa3,
e89e35f3-a8e0-4877-bca4-e7fad099dd88,c4b753e5-cb6a-41ad-95d5-1d175eb4a5c9,2fc05ed6-da13-45d3-8a4e-2b087a437f9a,
be9487cf-180c-4a0c-92fe-f311e512669c,c4b753e5-cb6a-41ad-95d5-1d175eb4a5c9,35842543-5f2a-413e-be8c-5df9032094e2,
779fe5f7-b796-4628-a66f-27543f5e7924,c4b753e5-cb6a-41ad-95d5-1d175eb4a5c9,e57818d2-fa15-4f81-bb02-805942d38d63,
43e0136d-f320-4e15-9c7c-291f960999f9,c4b753e5-cb6a-41ad-95d5-1d175eb4a5c9,f3752559-ec1b-41e5-ae0d-3624a8c97cf7,
1af4c167-39fa-4d37-bb4f-bf093888a702,c51fdb91-b248-4bfe-8300-e47e3cb30dd2,058a8e50-c79d-40fb-aedd-3be2b29ddb90,
fc0f519b-59a4-4849-92af-6dc39bb66c6f,c51fdb91-b248-4bfe-8300-e47e3cb30dd2,0b87c78d-adf9-4de0-b6a8-75715ef211fa,
dc2adb4c-a1ee-4c8f-9632-5f5a382ad77f,c51fdb91-b248-4bfe-8300-e47e3cb30dd2,7300d278-4d44-45a7-a8bc-7b252c965a47,
9e1635e6-e805-4041-9ff9-41af5352b80e,c51fdb91-b248-4bfe-8300-e47e3cb30dd2,76ac35f5-b223-4616-9a0d-9fc472dfcd10,
c4b15f48-08fe-4e16-956e-10fcba232062,c51fdb91-b248-4bfe-8300-e47e3cb30dd2,799e8668-0fa5-4387-aa71-6bd6f9212333,
474461ba-9960-4521-b8f9-6016ed340fe8,c51fdb91-b248-4bfe-8300-e47e3cb30dd2,822c0716-9196-4faf-8891-42599beb1c4a,
f7b6e6ce-fa07-48f0-96db-90833087ef04,c51fdb91-b248-4bfe-8300-e47e3cb30dd2,96b365f1-b947-4793-957f-626d0ba00c61,
347152a1-8bfd-4aa5-bcec-0a355ad91ff4,c51fdb91-b248-4bfe-8300-e47e3cb30dd2,9ff9aebf-3300-4295-89ab-1c09922a9c40,
1d81ecc5-43ac-45e0-89b7-860999d54877,c51fdb91-b248-4bfe-8300-e47e3cb30dd2,d1e535e9-26bf-4f70-a4e1-92a729e1474c,
7168d8bf-20f7-42f7-8931-4857d35f4de0,c51fdb91-b248-4bfe-8300-e47e3cb30dd2,f0ed47c4-63b4-4f9f-9f3b-8b9f42d41f3d,
e1496e99-4b21-4ed8-97b4-6cad50061dd8,c5a3742a-ed23-44d1-8975-53b80ea13d9b,4b89ee9a-3315-4d5e-80c9-38bef311c8c1,
74deba0f-5434-456f-b903-b02368c30c18,c5ea9538-165d-451a-8f51-dc99d47ad169,80ae77bc-4894-4ec6-a804-c735802cba98,
6de8f475-a044-4f9b-8f5c-62d23e61b77c,c5ea9538-165d-451a-8f51-dc99d47ad169,dfe77b3f-5126-4031-a04f-8bb14684b849,
7e748f23-325f-4d9a-a958-deecaab3dc26,c645ac11-8f01-4dbb-8da3-8270e84238ba,338d7761-96f1-4982-837a-03f810281d3b,
408dc74e-f176-46be-a8df-0f82b4cdbb32,c645ac11-8f01-4dbb-8da3-8270e84238ba,38b4a495-e29f-439c-9ed3-0511318f3eea,
f407f6a7-19c4-4402-9439-36bc1d74f3d3,c645ac11-8f01-4dbb-8da3-8270e84238ba,dd8f5f13-c437-4322-b87d-067cd393e4f1,
7f09592a-0d54-4d68-a5ab-6c5a8b400589,c66bbfd5-4415-4f65-b6bb-33cc85387dba,06853ae0-0822-414f-894e-af6b559dfcf7,
e6d9cdf7-9e54-4f62-86fb-e76e71ff1598,c66bbfd5-4415-4f65-b6bb-33cc85387dba,3ed25704-143e-4b3e-9c4a-49e588941e6f,
3cce19bb-058c-4335-96f9-f356a07a93d3,c66bbfd5-4415-4f65-b6bb-33cc85387dba,5b0be2f1-a195-47b4-b24f-cc3ac6544c7a,
828cc7dc-053b-41c9-ae39-e52436ae0cdf,c66bbfd5-4415-4f65-b6bb-33cc85387dba,5d8a89fe-48d3-475f-ac56-bc7ab1de00cc,
4005c763-550c-405a-a22f-d22e2eac2cb2,c66bbfd5-4415-4f65-b6bb-33cc85387dba,7d594ebf-9101-48c8-a55d-2a53d51390f2,
d6f0d4b5-e0d7-43a1-9eda-d82b12147929,c6d418ae-a27d-4dd4-8f19-74d2e9d2cad6,8d741e17-dd4b-436f-80f4-e37b33f64304,
a35801e1-ace5-4531-bc3f-bf38a1a09511,ca09e8e3-95a6-4cc0-9afb-4f4ff3302fd7,049fa80b-b580-4a0a-894c-1018ffb4c4d6,
51215287-f42c-4bdb-891e-3d448b069c75,ca09e8e3-95a6-4cc0-9afb-4f4ff3302fd7,0d43f019-e2a5-47c7-905a-489a34b6b7ca,
f41c429d-0c0f-4bc0-b493-06ecaa1ad0ce,ca09e8e3-95a6-4cc0-9afb-4f4ff3302fd7,0de30e41-d465-4413-ac43-d24b1fb53c6b,
91233748-0c4d-43ed-8500-067154875587,ca09e8e3-95a6-4cc0-9afb-4f4ff3302fd7,1084051e-ff48-42a1-b692-570c66c916ea,
f52563bf-9073-4fa5-9e38-48669fb5af12,ca09e8e3-95a6-4cc0-9afb-4f4ff3302fd7,1357ad18-4584-4bdb-86a2-3d80650ff791,
6bc2d09d-8d10-445a-9b44-7d517793cb83,ca09e8e3-95a6-4cc0-9afb-4f4ff3302fd7,149ca9bb-c5ab-4172-be94-07ca9946c874,
c10f31c6-8d04-4bf2-83b8-d45eed9f777a,ca09e8e3-95a6-4cc0-9afb-4f4ff3302fd7,1e4ce1ca-aaf7-4d73-9e4a-dd3e364f55bb,
c99b587c-e162-4e78-b8a5-8a1f12bd5a7b,ca09e8e3-95a6-4cc0-9afb-4f4ff3302fd7,2e0a3cbb-cf1f-4c2d-8073-8d4976eaeeca,
2c56bb96-3119-4142-a725-e07c33e587d9,ca09e8e3-95a6-4cc0-9afb-4f4ff3302fd7,3fa7a220-fe12-415f-9f38-66fa66ac4710,
85596327-e15b-4b10-9f57-1fb0e644ed7a,ca09e8e3-95a6-4cc0-9afb-4f4ff3302fd7,6813a999-4a25-4f22-8590-ebbc79742c02,
9084dd3f-ae78-4281-92bd-5d7d7d9a9b21,ca09e8e3-95a6-4cc0-9afb-4f4ff3302fd7,6b8a7a2d-b44b-4f20-8851-f2fa910492c5,
2c73c022-3f5e-45f5-a115-d09a85f406d9,ca09e8e3-95a6-4cc0-9afb-4f4ff3302fd7,71410d88-2ab8-43c0-9972-5e3f4a998234,
f6582367-cb9f-4042-b37f-c6c10de6aa6d,ca09e8e3-95a6-4cc0-9afb-4f4ff3302fd7,71afac9b-089b-4bd2-8c3e-4d509c631828,
38108bad-da06-4a31-ac9a-66812e140ddb,ca09e8e3-95a6-4cc0-9afb-4f4ff3302fd7,73611e26-9310-40a3-92c9-93cf4d718d8a,
d3eebde2-9af0-4ffb-bf8b-67630f35dbc7,ca09e8e3-95a6-4cc0-9afb-4f4ff3302fd7,78688bcb-57ec-440e-a4a6-d6d25b988cf7,
298c7d61-90c0-427e-a0a9-ca84618e9c9c,ca09e8e3-95a6-4cc0-9afb-4f4ff3302fd7,7b109f47-9062-407f-abc3-92a7c9d48b05,
0a338541-82ce-4a0d-b07b-9f616f65896e,ca09e8e3-95a6-4cc0-9afb-4f4ff3302fd7,893f7801-a610-4990-b60f-0a0bbfb1347b,
9f63a8a7-2569-4380-bd6e-b329ea9b1b6d,ca09e8e3-95a6-4cc0-9afb-4f4ff3302fd7,8ad90ba7-bd41-4bf0-a211-da1e6418469f,
4765cf6d-2ab5-4a6e-a103-e1ddcc8e626b,ca09e8e3-95a6-4cc0-9afb-4f4ff3302fd7,8de7909a-2414-4d2f-854b-a4b3f12f05d4,
a11a8636-df1f-46cd-94d9-82110c24aee1,ca09e8e3-95a6-4cc0-9afb-4f4ff3302fd7,92a0f513-e253-4431-af00-6b76949d0ee9,
e52d94db-252f-4ecb-a1fc-80f069a95089,ca09e8e3-95a6-4cc0-9afb-4f4ff3302fd7,9e69eefd-6d7a-4961-9309-159191eea8af,
5b8754fa-69fb-4cfd-9d9b-171a1c0d7296,ca09e8e3-95a6-4cc0-9afb-4f4ff3302fd7,c16ada8c-b868-4054-b7c0-0bd6c83cb148,
35c9cdd8-c0dd-46dd-87cf-cd463a241887,ca09e8e3-95a6-4cc0-9afb-4f4ff3302fd7,d698d825-55d8-4781-b3f3-5f502ce69f21,
aa7952ec-359a-4560-b6ce-8376ed59032f,ca09e8e3-95a6-4cc0-9afb-4f4ff3302fd7,d9e456dd-ee33-4974-a4b6-d9422d39b0ac,
17a64216-eff6-4460-8509-1ee3418a68ed,ca09e8e3-95a6-4cc0-9afb-4f4ff3302fd7,eae14bf6-94f5-4dcc-894f-088d6942b110,
294bbd18-e5a6-471b-9ac8-1caf620af72f,ca09e8e3-95a6-4cc0-9afb-4f4ff3302fd7,f31bf8cd-f027-4ea5-8aa3-bd467b6bf383,
26052d50-af98-49fb-882c-6e0810f912e4,ca09e8e3-95a6-4cc0-9afb-4f4ff3302fd7,f362ef03-224c-4bd6-9cb2-f4205c81b2fc,
c6a6ffdc-e955-4d10-bc58-54ce763e9174,cd7f64b9-10c8-4c9d-89b3-2b23f67350ad,05c33f2f-7cea-4e89-a5e1-bef796e8f3ed,
960787f9-951f-437d-b555-fa068376661c,cd7f64b9-10c8-4c9d-89b3-2b23f67350ad,0b2f89df-92ce-4b60-ae81-750c83bca112,
0196d906-af54-480f-9c0b-4e460fff1c27,cd7f64b9-10c8-4c9d-89b3-2b23f67350ad,16ebea77-be0b-4ae9-87f1-55c7e86a9e53,
a14de87d-cd0e-4ba7-a13a-1f884480433a,cd7f64b9-10c8-4c9d-89b3-2b23f67350ad,18b255fb-3ca2-48a4-a924-ddc75da96ad9,
f28bee4b-fe66-4d52-95aa-2103768d2eb7,cd7f64b9-10c8-4c9d-89b3-2b23f67350ad,19cbe56f-824c-4e36-a5a7-fcbcc93795ef,
d5092d88-cbe2-448d-ade8-0ef49bbfb95f,cd7f64b9-10c8-4c9d-89b3-2b23f67350ad,1a490d10-11f4-45d4-920e-90818c10f9dd,
f95ad66e-0ecb-4007-9538-a462d459565a,cd7f64b9-10c8-4c9d-89b3-2b23f67350ad,1bd08b4d-d98b-4911-a5b3-3b063c4e9a51,
7d3abf6d-ac9e-4b8f-8c7e-f67cd86cf655,cd7f64b9-10c8-4c9d-89b3-2b23f67350ad,2bf105ca-7f22-4a25-9788-da4f55f0a9e3,
9b366140-fbdd-450a-9a6c-bd4669ac5fe3,cd7f64b9-10c8-4c9d-89b3-2b23f67350ad,32476c1c-374e-4966-97cb-9d48af2961d0,
f4de0f0b-3ed3-4184-9e83-b0245546cd19,cd7f64b9-10c8-4c9d-89b3-2b23f67350ad,49a7d763-881f-4122-a843-07fe3bdb78d3,
4fa1d33b-58ce-4b07-9a8c-5cd49d48e793,cd7f64b9-10c8-4c9d-89b3-2b23f67350ad,4a7800b8-aa4d-4765-b350-decb547b4ac4,
21e2ee23-1a71-4662-a65b-dea678cf9151,cd7f64b9-10c8-4c9d-89b3-2b23f67350ad,50446115-42c0-43b6-a275-5e1bb9ad46e1,
3505b485-0a55-43b3-a752-a5d3e7a5f1fb,cd7f64b9-10c8-4c9d-89b3-2b23f67350ad,59a9cce3-4d8e-4b9c-bd0e-e2d095d186f6,
b5013c8e-56cb-43f6-bb61-d22665cfd6bb,cd7f64b9-10c8-4c9d-89b3-2b23f67350ad,5a599c4d-52c2-4b15-932d-f4227acdcf99,
2ac0211a-f76e-46f5-aed8-695530f8a4ec,cd7f64b9-10c8-4c9d-89b3-2b23f67350ad,5d5423c2-c837-4e70-a11b-88c49e97c2f3,
4e4b3238-020f-4b3c-88bb-cb15e2ca4259,cd7f64b9-10c8-4c9d-89b3-2b23f67350ad,6d4fbbcd-6165-4e52-9b64-8ea00468d43e,
b31d317b-2695-421d-9a4b-b4fb5468621a,cd7f64b9-10c8-4c9d-89b3-2b23f67350ad,6ea947a5-0b04-4286-ba7d-4f4fe162ab28,
a7531d84-0ba4-44aa-a006-bbfac64e2799,cd7f64b9-10c8-4c9d-89b3-2b23f67350ad,85c601ea-e877-4e3b-94d5-e9b849eec475,
88eb97c3-c8c2-45f1-b60a-0d43b99667ee,cd7f64b9-10c8-4c9d-89b3-2b23f67350ad,8ff4c322-b925-4ee9-8145-72e6a81a2221,
1721ec9d-59d3-403f-b54f-f35a8f7efd99,cd7f64b9-10c8-4c9d-89b3-2b23f67350ad,a25ab2b5-b2cc-45e9-b25c-c1ae908b80d2,
b876c1b6-5177-4e98-8381-a94ccb72fabb,cd7f64b9-10c8-4c9d-89b3-2b23f67350ad,a4030b16-d7f3-4df1-8820-a0b125366f6b,
b1d691f5-f4c3-463f-a987-272f9b845fd3,cd7f64b9-10c8-4c9d-89b3-2b23f67350ad,a64d25eb-7803-4a8a-bd58-2859c6baf88e,
887bdecc-5806-4857-a76b-6db4c03f770f,cd7f64b9-10c8-4c9d-89b3-2b23f67350ad,b2e918f4-2e3b-4b07-a807-7707b925eb9c,
09e8d76f-ebbe-426c-bb94-f2f14dcad01d,cd7f64b9-10c8-4c9d-89b3-2b23f67350ad,b33f1c08-7001-4a80-a808-a1d025c6d62f,
8230c937-65d5-4b6d-bfa3-ab863063964f,cd7f64b9-10c8-4c9d-89b3-2b23f67350ad,c00a3f92-7ebc-4726-b723-f339315629a0,
df10d4ec-83bb-4690-b752-a656464d0303,cd7f64b9-10c8-4c9d-89b3-2b23f67350ad,cf491973-5d89-4eee-bc33-9ae2557a815a,
0ddeb6b4-b515-482a-8991-d257bc34ea24,cd7f64b9-10c8-4c9d-89b3-2b23f67350ad,d8fdebca-a328-43ef-baaf-4446cf8b9308,
86ba9c6a-63f1-4376-802d-b6fb63dc3cd4,cd7f64b9-10c8-4c9d-89b3-2b23f67350ad,de6f0f8b-7726-4ad3-b9a8-cb4b2936bf1f,
4d130513-f9cc-4b32-8f90-b233eb3677f3,cd7f64b9-10c8-4c9d-89b3-2b23f67350ad,e0c97838-1375-42b5-8e86-79bea583d6f3,
b356e3a9-8bc7-4c21-b600-c6014f5fc26b,cd7f64b9-10c8-4c9d-89b3-2b23f67350ad,ec2f8b92-0b06-4a52-8654-e227dbc26c4a,
a94f5c3a-416f-49b8-ac1c-75694ec0195c,cd7f64b9-10c8-4c9d-89b3-2b23f67350ad,edc9fc56-40a4-4ac2-a1c3-af1a37176d43,
6316c34f-1a42-4d54-919a-a502a84bdacf,cd7f64b9-10c8-4c9d-89b3-2b23f67350ad,f4c73cb1-54da-47a4-b18f-69e5cb5fd21f,
7231123f-1f12-4eb9-b5e6-489815222a15,cd7f64b9-10c8-4c9d-89b3-2b23f67350ad,f60c3c46-995a-448b-9135-44724d97b468,
e3a3fb27-d4cd-4725-940c-6dc16748596a,cd7f64b9-10c8-4c9d-89b3-2b23f67350ad,fa63eb8e-789e-47fc-92ec-46c2120d7298,
dc9663ef-8092-4c6c-a07c-80f9205c9949,cd7f64b9-10c8-4c9d-89b3-2b23f67350ad,fd58deb0-e223-4b0f-ba22-1f2c7a4581e3,
2387984e-6566-4952-968e-b2cf747de36c,cd7f64b9-10c8-4c9d-89b3-2b23f67350ad,fed7b1d8-9a46-4a38-b27b-abe57c159946,
94afd2b7-f96d-4da0-bd59-a4d649b1d415,cdc60cdc-e57d-4bd4-8d3f-ae229fc36187,1af6ad38-e95b-4ec1-a413-8ac37b971466,
007dd81a-e21d-4572-801d-71bb8490b5e5,cdc60cdc-e57d-4bd4-8d3f-ae229fc36187,20db50bc-2205-4a4a-bf97-3456d650e49f,
6a6da241-e68b-42e0-adc3-b1f9d04d381c,cdc60cdc-e57d-4bd4-8d3f-ae229fc36187,211748ff-3e89-49ec-89b3-a3e9e0bb9dc4,
e699f68b-e1b8-468d-ae0a-c098571356b2,cdc60cdc-e57d-4bd4-8d3f-ae229fc36187,419cd3f0-237d-42d7-8336-902fc8c4109a,
adb0ac26-79fb-491b-9f9f-94e48735f376,cdc60cdc-e57d-4bd4-8d3f-ae229fc36187,46fa1c1f-82f4-40f9-80a1-aa992c0f78a1,
9e6db757-85bc-4306-a1f0-1f5f22eb5133,cdc60cdc-e57d-4bd4-8d3f-ae229fc36187,49e0cb53-c658-463c-a4fa-a7ac49a74d94,
ebfa00f5-7d14-4f39-bc26-dba241e03d15,cdc60cdc-e57d-4bd4-8d3f-ae229fc36187,4e178664-64a4-4b85-a6e4-51295c0bc066,
47c85f52-4077-4746-911c-e535c87736b1,cdc60cdc-e57d-4bd4-8d3f-ae229fc36187,566706d6-a9df-4ed4-83e4-5db1cd266be0,
772c93dd-7431-4900-a940-4bfcb49698b1,cdc60cdc-e57d-4bd4-8d3f-ae229fc36187,636ce6cd-1771-46c1-88c3-4e4e1014f7fb,
ab68197f-1c49-4069-bc05-410c9a46974e,cdc60cdc-e57d-4bd4-8d3f-ae229fc36187,72d2109e-b989-4e22-ba07-443d598f5dc2,
60039c72-3587-4dea-ab9f-fa6aa979e9cf,cdc60cdc-e57d-4bd4-8d3f-ae229fc36187,7703e523-ed83-43e8-9367-c92ebe411d31,
2cf3fe51-56b3-429b-8be5-d685bbc7a1fb,cdc60cdc-e57d-4bd4-8d3f-ae229fc36187,786c7456-f816-47f4-8a81-4543f58dcd0a,
d5c95043-692a-469b-8d54-fe05c672872c,cdc60cdc-e57d-4bd4-8d3f-ae229fc36187,7e2df208-1060-4e0e-947a-2695d5b5b3a8,
74b659fa-c192-4e37-884e-82f0f3dd55d9,cdc60cdc-e57d-4bd4-8d3f-ae229fc36187,8f5850e1-c52b-4437-b6bc-3cd573ddcb1f,
af5a41f8-8b9e-470c-b724-de2d69a376a2,cdc60cdc-e57d-4bd4-8d3f-ae229fc36187,95c5f1f6-d1cb-4448-84ac-b5419fba80b5,
be551df4-c68c-40f3-b34c-01a9bba96366,cdc60cdc-e57d-4bd4-8d3f-ae229fc36187,97a228ed-e5bc-4f2d-be4e-c7a2feaa83df,
afd8194d-f94f-422e-870b-9abf26963716,cdc60cdc-e57d-4bd4-8d3f-ae229fc36187,97ba377a-7734-497f-a68a-65b7a00f2489,
65e359ab-85c0-40b9-8b9b-ca5bde14e7e5,cdc60cdc-e57d-4bd4-8d3f-ae229fc36187,9c4fe37a-de97-42b4-b28b-7306f55589d1,
bd99235e-bdd1-4639-b8ee-d9a2780ed1bb,cdc60cdc-e57d-4bd4-8d3f-ae229fc36187,acdf3730-87cf-4a0e-8f54-99aa1505873b,
c3880ecb-6858-4da3-bbd0-def8626ff405,cdc60cdc-e57d-4bd4-8d3f-ae229fc36187,b276f6eb-cdfc-4b0c-8583-6b91c87bfd08,
bf0d4314-0f34-4615-b6c9-42737c48b852,cdc60cdc-e57d-4bd4-8d3f-ae229fc36187,c6fd091c-2d9b-4d0c-a266-5c66886d569c,
d18949c8-775f-4660-8c52-97a3caa79f05,cdc60cdc-e57d-4bd4-8d3f-ae229fc36187,cc115807-5fc9-4c8e-b0d2-29decd879a25,
47ccf61c-a976-43d7-b762-2ae2c8b6fbac,cdc60cdc-e57d-4bd4-8d3f-ae229fc36187,cc1d9d1b-f77e-45b9-8f5a-1e15c73e0c10,
e0d98a62-1a49-4b38-b352-49a4560ac427,cdc60cdc-e57d-4bd4-8d3f-ae229fc36187,d34a41df-d2a5-482c-9602-3f5d41a936fe,
fca80694-356c-4ef2-a44a-8df105b76d95,cdc60cdc-e57d-4bd4-8d3f-ae229fc36187,d44cc756-4243-4ec0-a110-78290672ea95,
8609eefd-8f8d-4c4d-a3ef-82aff25fabb9,cdc60cdc-e57d-4bd4-8d3f-ae229fc36187,dadb7d7c-16d5-4576-b1e4-3919dc0b4e89,
a6b309be-ccb2-40d8-b0f8-55b72793bded,cdc60cdc-e57d-4bd4-8d3f-ae229fc36187,db8e0c92-92b3-4c51-b413-b8c7a888609d,
779528bd-85d4-4976-a7f2-8afab4ad397c,cdc60cdc-e57d-4bd4-8d3f-ae229fc36187,df4eb39e-840a-4850-b023-a3e17f0003b4,
33fe1566-3c37-4d90-83b3-1268e470806b,cdc60cdc-e57d-4bd4-8d3f-ae229fc36187,e10472a1-9a6c-4ece-940f-6024d2a5238d,
882ff18b-9760-4f47-a6bd-a6bd71175e34,cdc60cdc-e57d-4bd4-8d3f-ae229fc36187,ead2a36a-4ba3-4cd2-b201-05a20fd88ec6,
2202028e-0594-44fb-9887-141cd5c46873,cdc60cdc-e57d-4bd4-8d3f-ae229fc36187,ed1a8b00-faf9-4484-9146-c1b8112d4f93,
57c04700-8f9f-4ef4-a824-8e92018c499c,cdc60cdc-e57d-4bd4-8d3f-ae229fc36187,f1dd4f39-e799-47aa-8453-f0b31398c9fc,
31a4d9a7-de25-4761-8541-e8fa6d2e58bc,cdc60cdc-e57d-4bd4-8d3f-ae229fc36187,f700dedb-69a5-4325-935d-3a96b5e7c068,
4d92fff0-b2da-497b-acfc-18538c69b24f,cdc60cdc-e57d-4bd4-8d3f-ae229fc36187,fb76c42d-7242-4f1e-91da-83b489f602ac,
500acb47-4486-4a26-8ce6-6a0488ad4a39,cee6dc5b-4b8a-4fdb-a758-0c3372b0deff,06f35f96-258e-4568-8736-80c14375d9cf,
6278b826-3196-4a84-bae8-be0ef55380f3,cee6dc5b-4b8a-4fdb-a758-0c3372b0deff,08649b16-d574-48bc-99b6-9862f6f8ce5a,
907d3496-e77a-4f47-8771-89474e264418,cee6dc5b-4b8a-4fdb-a758-0c3372b0deff,170b25a0-07ef-4ac3-a79d-70a7fa3b22d7,
eca76bbf-6f43-41ca-a1ea-a14573c744ba,cee6dc5b-4b8a-4fdb-a758-0c3372b0deff,2219f7ed-82d3-4ce3-b1e7-c275ada9e1b5,
274cffc9-8ecf-41eb-a91b-6d480cf181ba,cee6dc5b-4b8a-4fdb-a758-0c3372b0deff,395aa115-f604-4731-bc28-67b64aff02e5,
6fe9c5b1-b695-4ab2-80f5-fe6b606eb561,cee6dc5b-4b8a-4fdb-a758-0c3372b0deff,3b7c5762-3ea2-4443-8d17-88be0d8fbcb9,
72a87ae3-f94b-499b-ac55-b194284eff50,cee6dc5b-4b8a-4fdb-a758-0c3372b0deff,511aab8d-3665-4176-a33d-17017009de3f,
5185979b-a6a8-4c52-a230-132384b4eeba,cee6dc5b-4b8a-4fdb-a758-0c3372b0deff,52be09d1-b19b-4405-a84f-bb61286dbb09,
a749ef23-7a08-4686-acb3-e0d5f5c08229,cee6dc5b-4b8a-4fdb-a758-0c3372b0deff,55bb3802-dd9e-475d-bef7-38fd8292edb0,
a53c8459-2bc8-4327-be52-7a558e8367df,cee6dc5b-4b8a-4fdb-a758-0c3372b0deff,7488f0f5-4dd6-4f57-8e68-d378e140aeca,
a5e39627-f039-45d2-9186-43b1aae2ee13,cee6dc5b-4b8a-4fdb-a758-0c3372b0deff,7600db65-1a06-4ecc-b82f-b05fca026105,
c795e2d6-c630-4bcd-a444-015a67972352,cee6dc5b-4b8a-4fdb-a758-0c3372b0deff,8319c900-2753-4fd0-abdc-ceffe30067d7,
206d847a-5af3-400b-904a-ed24f206704a,cee6dc5b-4b8a-4fdb-a758-0c3372b0deff,906d7ae2-a85a-445d-87f1-f18f19d5b63b,
9f277de4-ea11-444a-9468-600af93f0dc6,cee6dc5b-4b8a-4fdb-a758-0c3372b0deff,9a9fe17d-81a4-4660-8c64-d2effa12f051,
7679c55e-391a-4496-a08a-a3771ef20779,cee6dc5b-4b8a-4fdb-a758-0c3372b0deff,a9c34778-aa16-4b9c-899a-c95cde617359,
e2e63d19-ef1f-4a00-b7e6-7aef25086721,cee6dc5b-4b8a-4fdb-a758-0c3372b0deff,af6cebb3-402c-4f3a-b99e-413b6dc4a3a5,
47a77a29-1e47-4127-b649-0767e9002242,cee6dc5b-4b8a-4fdb-a758-0c3372b0deff,cd235a15-e114-4eec-98d6-8a5449828923,
c44e86b2-6c21-41dd-97a4-821252858606,cee6dc5b-4b8a-4fdb-a758-0c3372b0deff,d5f6fb88-fbcb-444a-8981-32a59910656b,
a7084b5a-1b86-4d6d-a2e7-fe2fa36b6ed6,cee6dc5b-4b8a-4fdb-a758-0c3372b0deff,d9118ced-45c4-4e1a-bcdf-460decdb2c66,
8be280b7-04d8-4e75-84fe-9055bf4715b9,cee6dc5b-4b8a-4fdb-a758-0c3372b0deff,dabd994b-c629-4761-aa81-b9f7ae3a8bd0,
dbdf9704-93f6-48e6-8198-25f90251b0fd,cee6dc5b-4b8a-4fdb-a758-0c3372b0deff,e632252c-950e-4aca-9097-4ca3abc3eab0,
eccf88ab-4d8f-41f0-ab29-17d18cf9226b,d0e78aac-d9cf-4267-a507-fa84fee70e62,0b3dfcd5-9952-4329-9d78-62e704e5b7ef,
5dd5040f-cf36-409c-9561-7f460bbdd15f,d0e78aac-d9cf-4267-a507-fa84fee70e62,60469ccf-3b96-4492-810a-3bb9704ec589,
5faee277-e5ed-43de-95ea-fa0fae82f443,d0e78aac-d9cf-4267-a507-fa84fee70e62,7c3c37bb-c888-477e-a9ff-ebf6c9f958ea,
4e1669c2-7f93-4ebd-8905-050234a2503c,d0e78aac-d9cf-4267-a507-fa84fee70e62,ac0c2989-dcc8-42a4-af83-78155de9d209,
567113e7-16be-4e5f-8044-d406cfb6962f,d0e78aac-d9cf-4267-a507-fa84fee70e62,d84366f7-8f51-4e85-8f46-1589e983555f,
080425cb-a9f5-4786-b5b8-be9d8193d9b4,d0e78aac-d9cf-4267-a507-fa84fee70e62,e583cd10-cc6b-44c0-a84e-96503c934749,
48809d91-1aad-434e-aa8a-535317972dd1,d14a57c0-473e-42e4-a7ce-18a978678d83,0cfe3f6f-84ba-483d-88c0-5f07a2c7e497,
d466a0fc-1acf-47bb-acdc-ee9c9462827b,d14a57c0-473e-42e4-a7ce-18a978678d83,6cf84451-c0f9-4426-a49f-8da58cfb162c,
de6a0905-d534-4b09-91de-71742c30a85c,d341560f-aa31-4a09-9cab-e8618c93f17b,0c7b487e-213e-4f52-8366-5f5b1718a375,
70bd90bd-5b5c-4f7f-b5ba-159c9c84e4b7,d341560f-aa31-4a09-9cab-e8618c93f17b,0d462ccf-a15a-484d-85a1-4c2e37d79055,
7e6cb534-0f4e-43c2-9cc8-163743edf63a,d341560f-aa31-4a09-9cab-e8618c93f17b,4ebb9dd4-3a54-45d8-976f-a9e95ef83c00,
d2d83d9e-4756-432b-8bbc-e57d63881a9a,d341560f-aa31-4a09-9cab-e8618c93f17b,50396fb5-ee24-425e-b90d-1a17444432d5,
445d95bf-8ce8-4946-b344-3ad2ebcc857a,d341560f-aa31-4a09-9cab-e8618c93f17b,779fc3fc-fd86-40ec-a4b8-34002fa3dbf0,
d7c3bbc7-d2ac-4f04-8f05-d6c106822ce4,d341560f-aa31-4a09-9cab-e8618c93f17b,7d7fe272-0105-4ffa-81a8-565321638ecc,
8fb3ff58-25bf-4929-bf02-46c1fbcad00c,d341560f-aa31-4a09-9cab-e8618c93f17b,7da0d785-f836-4ca1-983d-7bae41eb5f52,
f48463ee-2285-45fd-bff4-1ea08e5b7a2c,d341560f-aa31-4a09-9cab-e8618c93f17b,8c994641-7ffb-4196-a9ec-a8c7ae1cb9ee,
31461092-342f-4c27-b44d-aa4ccf25cd0a,d341560f-aa31-4a09-9cab-e8618c93f17b,976dd780-1192-4ab2-a486-1d2db3b0c03c,
6e6587df-997e-43f9-a848-12d6d4cb52fd,d341560f-aa31-4a09-9cab-e8618c93f17b,b713eb23-7876-4f2f-80e1-892a1a9edae6,
d6cc4795-2057-4396-8e13-6e34c977d6e4,d341560f-aa31-4a09-9cab-e8618c93f17b,f0e0e8cd-f3f5-4a6c-8305-fa3f02e6ec1d,
062f7e08-f558-42f1-a166-3c984256a87b,d35174dd-ff85-430b-8ae2-645c8868c812,02903872-9bd6-4918-99ba-a4a281a48585,
2dbc23c0-46b8-42c8-9fed-1958f2a4b135,d35174dd-ff85-430b-8ae2-645c8868c812,07bebbe0-9b40-4ad6-8b35-f2c6b306fb98,
63341d18-4791-45b5-8f8b-6a78cf5acfdd,d35174dd-ff85-430b-8ae2-645c8868c812,09b895a9-ef15-42fd-9822-e0147fd8dd95,
3ffcf7d0-c851-450c-bdd3-85cbc2bb33be,d35174dd-ff85-430b-8ae2-645c8868c812,1edbe93a-3923-49ef-8843-ec237c8a6dd4,
27bb8303-02a2-4353-bb95-ef4ea38e6217,d35174dd-ff85-430b-8ae2-645c8868c812,20480864-ef2d-4198-aa92-702af4b40f50,
660b20c5-2b5f-484d-8718-99f84d03e40a,d35174dd-ff85-430b-8ae2-645c8868c812,21ddcca7-d537-48b5-8da8-7f989141bd18,
ca5097e8-b340-48cf-ae2b-c152091262b0,d35174dd-ff85-430b-8ae2-645c8868c812,2f96f886-0236-4f24-935d-ce4e11812fc6,
885e28ae-4413-4500-9086-10269ecafb82,d35174dd-ff85-430b-8ae2-645c8868c812,31d41637-8347-45e2-9795-55205125215f,
9c41efc9-5d31-49fa-baaa-bb36165bd0d2,d35174dd-ff85-430b-8ae2-645c8868c812,3328d5ab-aa4b-4cee-9483-a52ab745d684,
35d88ada-bbc5-4fe8-9d36-86c94f918796,d35174dd-ff85-430b-8ae2-645c8868c812,352e67f5-8513-4a26-8430-578bf124b8ee,
518c6db2-a493-47c3-8bd9-e2b45078be19,d35174dd-ff85-430b-8ae2-645c8868c812,35851e9f-d4e9-4b3c-a2d6-abc7188369e4,
501cc71c-51a4-4208-8256-500044ac9702,d35174dd-ff85-430b-8ae2-645c8868c812,384deba3-ef33-4dde-b831-f442861cbdfb,
d95fc58d-ed13-4d72-a805-156d01f73ab5,d35174dd-ff85-430b-8ae2-645c8868c812,3b942ade-d8d4-433a-8d57-7027e88c50cc,
26bfdd09-2cd1-4421-92e0-e2c472739339,d35174dd-ff85-430b-8ae2-645c8868c812,498faa6b-9697-478e-a428-e09afd72f2f8,
c20950c0-7b11-4c28-8c96-2561df1420d8,d35174dd-ff85-430b-8ae2-645c8868c812,4d5d2037-64a0-4d72-b1b5-6d17bed3175d,
c04cead9-af35-41bb-931e-91e6b7907f04,d35174dd-ff85-430b-8ae2-645c8868c812,56dc5417-f03c-4066-8614-f3a07ac80374,
79ed1f34-8925-4577-bf16-08e3440f8d75,d35174dd-ff85-430b-8ae2-645c8868c812,5cfc8f73-f5c4-4f23-9531-3f01453d8be1,
b299ef73-5aec-49a2-9c1c-a566d1554809,d35174dd-ff85-430b-8ae2-645c8868c812,5faa0231-98a5-4525-b782-992ee248effe,
f3a1ceb6-69bf-4192-a501-1c64a4a59e2e,d35174dd-ff85-430b-8ae2-645c8868c812,6073f5d2-b228-4382-803f-2faca126c534,
461e575b-7dc8-4cf2-a253-7c660a187531,d35174dd-ff85-430b-8ae2-645c8868c812,6844d033-5cc6-4596-9827-a6bab6103e50,
19a5bdb3-e69d-4449-8a2a-23f21042381c,d35174dd-ff85-430b-8ae2-645c8868c812,6ad86baa-3ac8-44b9-ad5a-3dbbff135659,
c9d86a84-e9da-460d-83b7-4559a7a84959,d35174dd-ff85-430b-8ae2-645c8868c812,768f2b53-d01f-4e00-8039-0f13e128cd92,
8f6b847a-69ee-44bc-bc4d-e794de9bd273,d35174dd-ff85-430b-8ae2-645c8868c812,7ac9fe6c-171e-4c33-a3b4-adfeb0305062,
ce93c6ba-3d4c-4814-a92d-91b90eaaccf1,d35174dd-ff85-430b-8ae2-645c8868c812,7f7bce10-bf85-4ddd-bd08-a24a64a1be2c,
60a03746-aaac-4344-bdd6-b78aeee1d1bb,d35174dd-ff85-430b-8ae2-645c8868c812,830a85e4-1721-4d37-8484-cf9f28a2ff4b,
6861978a-4bb8-4040-bc3c-dd3662f6b53c,d35174dd-ff85-430b-8ae2-645c8868c812,8359842e-f162-4a4d-ab31-0ac1795f36b4,
b3ea6968-cbf9-42d9-8ac1-5d2af7f878d7,d35174dd-ff85-430b-8ae2-645c8868c812,882b9d83-e25e-4ef5-92b7-fd5ad5586eed,
11d265da-b15e-4942-8782-b13fad6d6ecd,d35174dd-ff85-430b-8ae2-645c8868c812,99f2a204-92b2-4186-917b-4383c985aab2,
e4b18015-fe6d-404a-8c63-3b94239b01f7,d35174dd-ff85-430b-8ae2-645c8868c812,9f418bf0-38cc-4f86-812a-e317b032b7c7,
c5623afb-8e1d-4986-96bb-bcf73de75071,d35174dd-ff85-430b-8ae2-645c8868c812,aa89e262-597b-4ece-95d8-1ee8d6bbdcfd,
bc3e3af5-5ff6-46d6-b8e7-c452abf9763c,d35174dd-ff85-430b-8ae2-645c8868c812,ba4a1bdb-f399-495a-8ddf-99c8987ffbba,
a3220097-a3cb-4cfb-bee3-9b790580cb50,d35174dd-ff85-430b-8ae2-645c8868c812,baeb6235-fd20-4d05-870e-d5e533fe9544,
d2b0e85b-ecd1-47d4-9989-d88b40aa3254,d35174dd-ff85-430b-8ae2-645c8868c812,c2853b7e-bddd-465d-a233-a5d7d0575d89,
a639a1e4-3292-412f-a8c2-b2e9a10b496c,d35174dd-ff85-430b-8ae2-645c8868c812,c548ac38-b944-481a-ac9c-5105cede1fe8,
3f705c7b-a271-487b-a08d-8dbad45ecac4,d35174dd-ff85-430b-8ae2-645c8868c812,ceaa2ecd-61bf-46ae-b490-18a71a96f224,
cb0c6f16-2e3e-4636-afa8-19fa5e7e5a2c,d35174dd-ff85-430b-8ae2-645c8868c812,d531c543-1e54-4162-8a82-41c721b658bd,
323056d2-9923-4165-9295-5ff3b0a0086d,d35174dd-ff85-430b-8ae2-645c8868c812,d9b37ab3-0936-46bc-b3f3-25fadbb50aa6,
8d13bc2d-dd39-4077-8292-274f0c4c3a73,d35174dd-ff85-430b-8ae2-645c8868c812,daa06a82-fd79-44ef-b13a-3e9496348e19,
8dac3340-2af2-4221-bc1d-622e7fae169a,d35174dd-ff85-430b-8ae2-645c8868c812,e372f7e8-4339-4f12-b7ae-17161f618ede,
2eae6c8b-8cce-430c-8ed9-dbdc415da15d,d35174dd-ff85-430b-8ae2-645c8868c812,e6f612b3-74ae-4c4d-b720-5a398b208dfa,
80b1d856-ff29-4614-acb3-a436c7db54c7,d35174dd-ff85-430b-8ae2-645c8868c812,f3106fa8-9256-4040-a085-37e27d3ee91c,
30012b88-e8b5-4e96-8bca-d656eda34ec6,d35174dd-ff85-430b-8ae2-645c8868c812,f539a60f-7a40-44d3-963c-a1ac19941097,
47c45dab-738f-4832-a1e2-40a785103723,d35174dd-ff85-430b-8ae2-645c8868c812,fc5fc490-1226-4716-ba04-e93fd8f2e483,
493fd85f-aa71-4b6c-b48f-42793ecff4b4,d35174dd-ff85-430b-8ae2-645c8868c812,fd1fbd67-a3bf-4297-9a3b-b2c549cc3044,
04013663-5151-4442-935f-60d6df8b454c,d4133625-4247-45fb-b6b7-0610818b8e10,13159156-4e95-4173-9519-be62b79a46c0,
7f0719b3-1bcd-42aa-aefe-689d3970c7af,d4133625-4247-45fb-b6b7-0610818b8e10,31448d5c-8726-4ae7-bbd2-bb812d333239,
f35f6070-ea81-4add-a23c-18a9f2f4f2ca,d4133625-4247-45fb-b6b7-0610818b8e10,43b26d09-b624-4dc0-8020-6704afcdc688,
83e200af-e6d9-4147-ba77-5c152853ff2f,d4133625-4247-45fb-b6b7-0610818b8e10,47640ca6-d2b4-4aef-a1a0-fc77971d5758,
7e7a42b1-b475-41cd-915b-6664ccc326b8,d4133625-4247-45fb-b6b7-0610818b8e10,4bdde61d-7c6d-4a0a-a2a5-70b542bb45eb,
0805546d-ae17-482e-8424-57df495aa12a,d4133625-4247-45fb-b6b7-0610818b8e10,51ef08af-319a-4c93-bd37-7ff16db65287,
55774c28-6df1-4e4c-8161-e7d5baf16666,d4133625-4247-45fb-b6b7-0610818b8e10,5890c36b-87f8-41f0-9e22-073257650d15,
c49d114b-30b9-4c27-9a3a-e827aff9da35,d4133625-4247-45fb-b6b7-0610818b8e10,67175079-0578-4d88-a55f-0f4b055867ae,
51848133-e93e-4e5b-ab08-1a1392183e22,d4133625-4247-45fb-b6b7-0610818b8e10,7e02c26e-2eaf-4aee-b65d-703332e686d4,
65d37443-c348-4880-ab22-a5b615b8571c,d4133625-4247-45fb-b6b7-0610818b8e10,8e4af223-d61e-43fb-9f04-32c4f7b80462,
9ebd374b-e932-4eac-bfe0-758adb6c62cd,d4133625-4247-45fb-b6b7-0610818b8e10,bb64415b-08b7-4355-ba6f-d1cfd1f148fe,
f371bc3c-65af-43a9-9e55-635c84a46e92,d4133625-4247-45fb-b6b7-0610818b8e10,bf9c9cf4-3ee6-45d7-b8c6-9ed754ce816a,
e78d620c-2904-46c3-b300-34890d4f392f,d4133625-4247-45fb-b6b7-0610818b8e10,c2979437-2f7d-4950-be31-6f3caf9cdada,
79eef56c-e816-4c29-958a-0221b699baba,d4133625-4247-45fb-b6b7-0610818b8e10,c83a0f2a-592e-4c83-bb48-c408cfd57697,
dc55562a-d8b4-427a-a684-6913b45ed065,d4133625-4247-45fb-b6b7-0610818b8e10,ccc649d0-420d-4d80-889e-ffbaf9b8221d,
ea81817c-7653-47ba-a20f-0056bebb5790,d4133625-4247-45fb-b6b7-0610818b8e10,df26b609-ab69-44ce-96c5-a77e78de7117,
24d51c7e-0c6c-44ec-909f-874b61b22d21,d4133625-4247-45fb-b6b7-0610818b8e10,e084d256-b884-45e9-ae25-a309eb6be717,
653dea5b-07ab-4904-8a34-5f9c1cb385d4,d4133625-4247-45fb-b6b7-0610818b8e10,fb96712e-2668-4570-9149-9854089deb43,
0a2d1bed-5429-4c01-af5f-61c6bee56f40,d4bc6022-43b9-4924-bbe5-9476210653af,7d62a74c-d373-44c3-a86d-a2b883600e78,
d1712d74-cfda-4097-b977-95ab8faaaf62,d4bc6022-43b9-4924-bbe5-9476210653af,b85bcdad-55c5-4ce7-937a-9650da3ff268,
9b068448-108c-42dc-8674-8e60675da9d5,d4bc6022-43b9-4924-bbe5-9476210653af,f91a8653-498c-4496-8371-aaf0f7cb6132,
a12ab91b-08f4-4503-9097-bfe39b38b023,d51012ce-de35-4ef2-bc68-bbee20b0a1d1,080d842e-2b43-4706-8691-c6e339757fa7,
e237dda8-b156-4fe7-ad48-277c312e0e5b,d51012ce-de35-4ef2-bc68-bbee20b0a1d1,18a11175-61c0-4498-8771-d91c695dd2b3,
b7d5f0cd-15dd-4bfe-9c52-18a3075dc931,d51012ce-de35-4ef2-bc68-bbee20b0a1d1,19ed7e93-f0d4-46a3-abd8-4c0eabaab375,
f3ad6e13-1f44-41e2-b785-e3f52ada6710,d51012ce-de35-4ef2-bc68-bbee20b0a1d1,43e7f480-f906-48ba-a507-b036f3942656,
c766b8a1-e0cd-4d37-9839-288a53b10ba0,d51012ce-de35-4ef2-bc68-bbee20b0a1d1,59370b31-74e1-452f-af41-db2483a745e2,
7c8e84ee-241e-4def-a606-aa9c685b279a,d51012ce-de35-4ef2-bc68-bbee20b0a1d1,6fc25abb-7957-479a-b70f-cc4a96b07ff1,
0c834103-d4b9-41ed-b0c1-26abd2a74223,d51012ce-de35-4ef2-bc68-bbee20b0a1d1,8a6507d2-7701-4663-b622-ecb1c2a7637a,
fa47c85b-a241-4d54-84d3-0173f2876257,d51012ce-de35-4ef2-bc68-bbee20b0a1d1,e9b735d8-72c4-425a-9b69-5c4c88e56e62,
40a61e64-15da-4aa2-93fa-77f5e2d4cb11,d51e9c09-31e1-451c-8d39-5143958e854e,1aa56898-468b-46a8-8348-8068612bf044,
46054bc7-3808-436e-9358-8f51f15a6a7d,d51e9c09-31e1-451c-8d39-5143958e854e,2666e055-a705-4320-8c70-c704cee74092,
6b53ba33-5cc3-4265-bc25-80027b9ec1c3,d51e9c09-31e1-451c-8d39-5143958e854e,46364b72-5dee-4f93-919d-f96f702a1182,
f5fbf15a-d65a-49aa-b3df-ae57c1cf9bda,d51e9c09-31e1-451c-8d39-5143958e854e,68572bec-88c9-40ab-81fd-643212289f34,
786c1329-3e2b-41a1-a008-d480cb2d0166,d51e9c09-31e1-451c-8d39-5143958e854e,70f97c48-35ee-4f0e-9796-55c8b2a414ea,
3158396b-57f9-4074-99c5-2ea5ca327028,d51e9c09-31e1-451c-8d39-5143958e854e,7e9b50d3-89df-4205-8a30-5b90e1e804c7,
a6649370-34a8-4bd8-9eaf-0e9b133cdaed,d51e9c09-31e1-451c-8d39-5143958e854e,866a5fbc-1a86-4d36-b7f9-32e954305069,
bd7d7841-d41c-4251-86c8-df81f213c9f9,d51e9c09-31e1-451c-8d39-5143958e854e,91fa88db-78ae-4df6-a3b7-587943e8c68a,
ec393cb5-1a94-4efe-88d2-9cbc23fe6a8e,d51e9c09-31e1-451c-8d39-5143958e854e,933a6c75-e126-49d2-8477-1ee1b41b385f,
1cf28c08-0af6-42f3-8838-470704a6827a,d51e9c09-31e1-451c-8d39-5143958e854e,beb65273-355b-4c56-ade2-1f8cb1c3784c,
4583ba2a-1c9a-4f2f-9aaf-1e46230590d8,d51e9c09-31e1-451c-8d39-5143958e854e,d07046b1-43e3-4fbb-b467-fd734c37135f,
f7b67e31-5889-4cf8-9b76-1336a64f5c9e,d51e9c09-31e1-451c-8d39-5143958e854e,d18d43b3-c219-4c53-a435-ee0f6cbc0b2f,
ab4227e6-8a18-4276-b177-9709d7ea09d2,d62a2b2f-64df-4c44-b692-7cba8305cc52,05d6eb28-2e7d-473f-aaea-c2a67549e7f1,
078f7bfd-c5c9-427b-a7a0-4c0121efe0c4,d62a2b2f-64df-4c44-b692-7cba8305cc52,0cf4eebe-cafb-4291-acbe-dfe8c50cb21b,
6e8105d6-9508-4a8d-9b5d-f72a760c2ebf,d62a2b2f-64df-4c44-b692-7cba8305cc52,1f54ed2d-f669-4941-974e-2441eea10006,
b70fae21-65c0-4ded-92e9-f8b666dfba50,d62a2b2f-64df-4c44-b692-7cba8305cc52,290a3522-c1c8-4ab6-9f81-6eb6fe229c53,
4e72fd16-022a-4fc8-bf57-77aa70120587,d62a2b2f-64df-4c44-b692-7cba8305cc52,2b428a9e-f457-49da-96e1-f2094d24f30b,
4c6df933-e88f-4ccc-b3a2-fab08f0ebb47,d62a2b2f-64df-4c44-b692-7cba8305cc52,321d8c7b-4aa3-4d37-9cf9-fa790e4fabbb,
c24c396e-32fb-4072-b275-e65052c34aea,d62a2b2f-64df-4c44-b692-7cba8305cc52,33d6cd02-be4d-41d4-8cbf-e220361e0867,
0ddcb00d-b6b8-40a7-bb36-d381cc94e093,d62a2b2f-64df-4c44-b692-7cba8305cc52,340acb66-6022-4304-92c5-4a2d66d2936b,
d91afbc4-916f-4196-97ae-130196955897,d62a2b2f-64df-4c44-b692-7cba8305cc52,4e4b14d9-70be-4bc1-bcd9-9a74bc9f75f8,
0b84d826-01e9-45fe-9d65-d84aae798fab,d62a2b2f-64df-4c44-b692-7cba8305cc52,52952481-1961-4e4d-afa5-f8a5bfaea69e,
325c6b52-577e-4df7-b447-c17908573faa,d62a2b2f-64df-4c44-b692-7cba8305cc52,68d40d64-06a9-4c36-acf2-c8f651bfff85,
3e0fd194-7be4-4757-9e8b-e3b5341d2454,d62a2b2f-64df-4c44-b692-7cba8305cc52,6d462b9c-0c03-4f09-8a94-8efd0c9454a0,
f0a96431-b89c-4b24-9f4b-4ddf0b66e037,d62a2b2f-64df-4c44-b692-7cba8305cc52,6f86f36e-be0f-4f16-9e19-009c06adf865,
b8fa0d3e-f376-4d54-a7fb-b6bbad45959a,d62a2b2f-64df-4c44-b692-7cba8305cc52,8356555a-ac1e-4d2d-a094-966216da5035,
a39f8f43-4635-4452-889a-2609b4b918dc,d62a2b2f-64df-4c44-b692-7cba8305cc52,8c5486ce-a600-44e8-91a5-2ea3228deed5,
f13b58d1-e3eb-42cf-b92e-4324e623f93c,d62a2b2f-64df-4c44-b692-7cba8305cc52,8e50b67d-2801-4dea-88fd-08873c4823d4,
6f1271e8-727b-4258-80a3-1c6a6b90e255,d62a2b2f-64df-4c44-b692-7cba8305cc52,91ef77ef-3ba1-41e2-bad9-0e56e37232ac,
be3553bf-eb34-496a-a38b-0d2225d3b453,d62a2b2f-64df-4c44-b692-7cba8305cc52,920ad690-9aa2-4332-99dd-e9e99fcba8df,
3d8c84df-2711-4463-a97d-fada48c17ef6,d62a2b2f-64df-4c44-b692-7cba8305cc52,95dd78ad-c927-48c4-a6d1-486d053a1eca,
dcbc8f0e-953b-4da9-938f-c3720ad94b23,d62a2b2f-64df-4c44-b692-7cba8305cc52,98636363-7309-4b96-aee2-7d31ee3b6d3a,
74ca2984-7f29-495e-90fd-55ac38c24115,d62a2b2f-64df-4c44-b692-7cba8305cc52,9a91b3dc-0e6f-4e2e-8951-bea560133c79,
f8cbaaa5-604e-49df-9417-eec72e80868a,d62a2b2f-64df-4c44-b692-7cba8305cc52,ad50f51b-b5eb-483a-99b0-f48f328c5111,
120d20c0-ebb1-4447-a262-c4fcc2a84207,d62a2b2f-64df-4c44-b692-7cba8305cc52,b29967be-4c36-42cf-9271-29e34bd78de0,
58bf10c4-0bdd-4c4b-8697-acb77238a9da,d62a2b2f-64df-4c44-b692-7cba8305cc52,d0876f1e-7d53-4f82-b6e4-0aa63b622b04,
e5514ce7-4a84-4ab1-97a5-66b34d6a4aa5,d62a2b2f-64df-4c44-b692-7cba8305cc52,d40b4f53-ca3b-4d40-a9f6-26189dbab7b8,
b4f7f6c3-3443-44c2-8391-2bef1bd04c40,d62a2b2f-64df-4c44-b692-7cba8305cc52,d5bf55ea-72e7-4e76-b4f1-f3fd69444855,
4a9d5a20-88a9-46c1-ba7d-55ca5ac4242a,d62a2b2f-64df-4c44-b692-7cba8305cc52,ebf26bad-4aa3-44e2-90dd-5fbd563fe6dd,
46e60764-339f-4605-aeea-7bcfbc4b3f87,d62a2b2f-64df-4c44-b692-7cba8305cc52,eff48f37-9c7c-4a81-b5a4-798578a73950,
13457c98-c6cf-4cac-af50-7f94ed4accff,d62a2b2f-64df-4c44-b692-7cba8305cc52,f802df39-b2b4-499a-9a41-ed38967015ce,
4baf1ccd-e227-4028-95ce-27dac57b0223,d62a2b2f-64df-4c44-b692-7cba8305cc52,f9d8ed70-856e-418f-a448-d5464c82688f,
4bb69147-d878-49b6-9e1a-72cac67d95fe,d62a2b2f-64df-4c44-b692-7cba8305cc52,feb0c304-5e86-4d0a-abac-346f94ad0233,
f1c5c9a1-6158-47e9-92b7-9f1d8ea0308a,d74a5778-7fcc-484f-bdff-d507ea74057b,13b19b37-e482-4213-a15c-73a97b5dbcd7,
0037c0a8-e9bd-4172-b85f-7a2dd328d62c,d74a5778-7fcc-484f-bdff-d507ea74057b,726c9ac6-def4-4d6a-81a5-71a69d2b200a,
c39b1c49-69b6-4dfb-a912-deab7aad881c,d74a5778-7fcc-484f-bdff-d507ea74057b,7578355b-7e36-4f06-b389-fe114c712e56,
c0e586cf-1bed-44da-bc72-ec114f350111,d74a5778-7fcc-484f-bdff-d507ea74057b,826d9c0e-da4b-4db7-b023-03ee74633a9a,
5b9b9856-d4e2-4042-a48a-d96a5bbdf0a2,d74a5778-7fcc-484f-bdff-d507ea74057b,c4757d66-a8e4-4dad-9815-d2bb91b0b4a9,
15820ba8-393e-43a2-b201-ee5dad7da4ff,d74a5778-7fcc-484f-bdff-d507ea74057b,cd44c53d-3755-4dbd-9e02-a7db0e01a3e4,
3b88d8e8-e552-4d6c-98f1-85683f2d50a2,d74a5778-7fcc-484f-bdff-d507ea74057b,eb6aede4-e646-4bde-8cd6-911bbbcb8243,
f8d89b2c-e7b3-413e-be00-f5983ab5276e,d833cae4-e72b-4914-9268-61a065f21984,05eb5078-a7a5-4787-9f21-39fa31318051,
2fa3c940-2c7b-42ff-a754-3d5dc05d02bc,d833cae4-e72b-4914-9268-61a065f21984,0bd69fc8-f480-4b4b-867f-7fdc6484f4af,
b3c8dad1-e291-4644-b09f-9e30b05bdca5,d833cae4-e72b-4914-9268-61a065f21984,14cb9f34-05bc-4875-9a7b-be68cf053f75,
54b06c85-5c0c-488e-9850-027d01c7c939,d833cae4-e72b-4914-9268-61a065f21984,17c9c1e3-7b1f-4fe6-a684-321eae5ea61d,
a3b1c1d2-a3f9-40b6-8c0e-4f2542bc6ea9,d833cae4-e72b-4914-9268-61a065f21984,186eb264-9d36-4e61-b315-2f6fa99c6e18,
eac41d87-7a5f-4a7a-8c62-46f6b7f69f58,d833cae4-e72b-4914-9268-61a065f21984,18a2b85d-0b7a-4f3e-8c0c-f18b393f1d10,
5243fb42-913c-4425-ae73-2445f7fd34ed,d833cae4-e72b-4914-9268-61a065f21984,1e7b2423-c73c-462d-9ab5-12625fad45f9,
1cc74f31-b56e-413c-897d-ae03e5807071,d833cae4-e72b-4914-9268-61a065f21984,2c09ed93-1b1c-434d-9956-d64cea588299,
137ee94d-6885-47f4-89e6-c4b46656e6f2,d833cae4-e72b-4914-9268-61a065f21984,3e356106-dedc-45a4-9998-4bb50b471c7a,
ad5ba742-4884-490a-b5a8-a514f7d48ed4,d833cae4-e72b-4914-9268-61a065f21984,45521941-22e7-4d7d-94ef-114f12c4a614,
9e9af133-ae94-4a68-aecd-29977c992346,d833cae4-e72b-4914-9268-61a065f21984,466c54ad-cf3c-435b-bd72-7a43e7cc1af9,
2ab34e08-f289-4da5-98c6-9e8537baf62c,d833cae4-e72b-4914-9268-61a065f21984,496fa271-26cc-4a0a-908a-7cfa08630a93,
2ccf2f07-9041-47f2-9e09-dd7207fe9a57,d833cae4-e72b-4914-9268-61a065f21984,4baaf568-7852-42d1-adff-4f377899600a,
2ba3a520-ba10-4fa6-a9ec-b66530f07681,d833cae4-e72b-4914-9268-61a065f21984,4eb37713-402e-4f86-aa1c-8be0b38b1a7a,
5ef3f1fa-8f32-4e95-b5a9-cd19bb740939,d833cae4-e72b-4914-9268-61a065f21984,50bf4d6b-0450-48af-8fb0-e2fe383abdce,
ff59b687-d030-4f76-b67a-4c72016e7159,d833cae4-e72b-4914-9268-61a065f21984,561a3e36-34b0-498e-901e-1508a7ea3d04,
60d06c6b-1991-46fc-ac1c-c4c6cd399793,d833cae4-e72b-4914-9268-61a065f21984,5b03350a-d303-40d6-981d-5b2fa99d97de,
23aefc02-e203-4166-aeca-d60083c80e57,d833cae4-e72b-4914-9268-61a065f21984,5b68b345-3a48-49c6-9f38-98dc1f3ddbb3,
ce4f1c2e-c9a9-4d22-ad61-69846f0b7f7e,d833cae4-e72b-4914-9268-61a065f21984,63f7d5dc-492f-4ec7-a85b-09e741ed2915,
25c38061-9e60-45bf-b53a-5995e41118a8,d833cae4-e72b-4914-9268-61a065f21984,65d4a973-ed1a-4b8a-b80d-a0e163385658,
416d405c-6720-49cc-b6f4-f05a5c4a9d35,d833cae4-e72b-4914-9268-61a065f21984,71a5fdf8-9807-45b7-a3aa-ee52f3239cd4,
cd95d652-c058-4b4d-ae75-9d3cc8d8f5ec,d833cae4-e72b-4914-9268-61a065f21984,71dcd63f-e388-43b7-9e03-84ec72ea9bfa,
93f1eff5-0f33-43c6-83f7-49e0e2e7ed55,d833cae4-e72b-4914-9268-61a065f21984,77307294-f08d-4ed3-9d39-d057e0aa1615,
5a90c421-bcc8-4ee0-8d35-0ad3bc231403,d833cae4-e72b-4914-9268-61a065f21984,7bc59dda-6a23-453e-bf46-32b25f15d1d5,
ccb22ccb-65b9-448f-8602-3d8d045555ba,d833cae4-e72b-4914-9268-61a065f21984,7d9e5863-67e1-4928-9bcc-f37ebe47e1b8,
2b14af93-344c-4ca4-83b5-ddcaa840001b,d833cae4-e72b-4914-9268-61a065f21984,81d7d15e-88bf-48d2-bb75-d1769b912768,
8fd84b00-e53e-4b55-b3db-eecf28e17183,d833cae4-e72b-4914-9268-61a065f21984,83304908-3361-40b0-828a-a0852e212382,
5dd2ece2-a1fd-4967-8d0b-17bb23d129ee,d833cae4-e72b-4914-9268-61a065f21984,8ac9a2c8-be5c-4b6e-9367-bdd36a00afac,
904fdf80-927c-4138-ac7b-235b4e1c28bd,d833cae4-e72b-4914-9268-61a065f21984,8fe2e453-25ed-4fc3-b562-e677236eec6b,
ac8589d3-4768-4762-af2b-ab5437cec1c8,d833cae4-e72b-4914-9268-61a065f21984,91751b63-c8ba-421c-b4bf-e6bdc237d1ca,
6950221c-7f39-435e-9a38-d861b525a968,d833cae4-e72b-4914-9268-61a065f21984,96e63b33-bdf0-4ef9-9ad9-f47ca520622d,
6daa1638-d18f-4990-aaf0-ca91c8013551,d833cae4-e72b-4914-9268-61a065f21984,9e5f0bb1-b457-4542-8222-fedf59a71fba,
4a44206e-7dbd-4cb7-928e-bd3819e90484,d833cae4-e72b-4914-9268-61a065f21984,a19b0928-1617-4de3-9241-835c2410b9ce,
a4b80b6a-8ad9-46c0-9a0b-40d404b1d570,d833cae4-e72b-4914-9268-61a065f21984,a3903c41-e91c-4b7c-a7d6-6d585c4239b4,
7b23cfb9-779b-4c56-8c8a-bbe88e6d1930,d833cae4-e72b-4914-9268-61a065f21984,ab825c58-b45e-4486-a0cf-3a303dd00a4e,
78fade96-dc1c-4b94-af82-c1b06fde1a60,d833cae4-e72b-4914-9268-61a065f21984,afad0b0d-ab69-49d4-bd3e-e3da901c4670,
e9e2aab1-4b02-4595-b5c7-092875000647,d833cae4-e72b-4914-9268-61a065f21984,b68d7ff6-d372-44a0-a2e6-fda8297ed8b7,
2b84605c-b1ec-4f70-9b7c-0e9941451c61,d833cae4-e72b-4914-9268-61a065f21984,b9444132-b93e-4591-b5e6-89235856c177,
723ae16c-81d0-4dd9-8d1c-9f2c28d7c342,d833cae4-e72b-4914-9268-61a065f21984,c5d7967f-959d-4778-b77b-9eccf2c9d33b,
3897fe37-5316-4e89-acd7-c59df2465567,d833cae4-e72b-4914-9268-61a065f21984,c67fff9d-da3a-48ee-a951-b13a1741dcf5,
9534ca06-c279-47f1-86fa-cdd58327279d,d833cae4-e72b-4914-9268-61a065f21984,c8348f18-e76f-41c7-b80e-b94c93d0fa59,
c41e8066-386c-4348-bb2b-a808bb1b7b14,d833cae4-e72b-4914-9268-61a065f21984,c956c70f-7feb-4c96-8820-3b6201804bad,
a43481c3-fd3f-4fed-9fb8-aa26974604e6,d833cae4-e72b-4914-9268-61a065f21984,cb548740-4461-4fbb-bf31-2f1d1235517c,
42b56edc-e904-4727-9a19-f6d322268109,d833cae4-e72b-4914-9268-61a065f21984,cd85be06-71cf-458e-8b6f-07a8265fdc19,
750d9382-49b0-440d-a410-485bab24655a,d833cae4-e72b-4914-9268-61a065f21984,cedf0a3c-074c-46a4-9496-fcfb50d52fef,
52697971-f192-45c4-b463-dd33f91dcc0a,d833cae4-e72b-4914-9268-61a065f21984,d0bf0692-ef28-41df-9a7e-ae2f29799f93,
3aa6c115-b315-42a1-b557-2579e89122a5,d833cae4-e72b-4914-9268-61a065f21984,d123369c-e600-4181-9339-ebaf35f1ca75,
0a9c9850-a87a-41fb-9abf-f708c378db50,d833cae4-e72b-4914-9268-61a065f21984,d1bfcd7b-8fd9-4c3b-857f-2c7916af382b,
45e7f663-f6d6-4df8-8e99-43ee2c8b8c13,d833cae4-e72b-4914-9268-61a065f21984,df820257-97df-47b5-a5cb-f9031915dbe8,
0505df1b-1c95-49c6-9bb4-23e29fcdc529,d833cae4-e72b-4914-9268-61a065f21984,e44f133e-5b1c-4d0d-9306-02c5adae2c8d,
937b5b18-458a-4307-950a-4230826ca581,d833cae4-e72b-4914-9268-61a065f21984,e6513b32-b317-421b-95f3-faf686a3d892,
36736ca9-63b9-4ff6-852f-e43d648ac74c,d833cae4-e72b-4914-9268-61a065f21984,efefff67-3001-4f14-a7f2-66d9516d3d59,
21bde78f-39d2-433e-80dd-abe42dd6f972,d833cae4-e72b-4914-9268-61a065f21984,f0fc8a5c-578f-4c9f-8102-146b5adae3bc,
fd3e82ad-7034-4adf-ab29-136c0841f40e,d833cae4-e72b-4914-9268-61a065f21984,f83a9594-2054-41c6-b5bf-4d8675c5d315,
fd56cb33-c02a-44cd-8bfd-db54a77efa74,d833cae4-e72b-4914-9268-61a065f21984,fe201a29-964b-4368-aa8b-54f1832388f7,
2292000a-5d96-43fa-ba75-4bea1f2a7607,d8b232ca-248a-413c-a440-db81683deb92,0ef05366-4a2b-4f4c-8c08-594d12fbd3e2,
c6f875dd-c4c5-404b-8c5f-6e5c1ba00037,d8b232ca-248a-413c-a440-db81683deb92,373ce592-385d-4d41-a2b4-1a3165939d45,
e946e18c-5e47-4cdb-80a4-c8dcecf5b914,d8b232ca-248a-413c-a440-db81683deb92,480531fa-4707-4a2b-aad8-25ce211aba04,
9680af26-c615-4c1d-9aaf-f9af40fc3702,d8b232ca-248a-413c-a440-db81683deb92,703961c9-b609-49a5-9da6-0c756d77da3e,
2610280a-56bf-4528-a330-fe27a1d9caaf,d8b232ca-248a-413c-a440-db81683deb92,96d1ec2f-c526-4c63-b4c3-6aa06e1a49a1,
c30d681a-db82-410a-bb1e-3db8717a1a50,d8b232ca-248a-413c-a440-db81683deb92,cc68a6a8-cf02-4fc2-a137-a2311422334d,
99aaaa40-2e23-40fa-833c-a68a86836383,d9166111-5a5d-4959-bb90-c0b65ee6ff7c,03d48d56-e492-47e1-8d00-748064373bf1,
30ab2d20-c993-4b98-9d8f-a97e7ed83e6d,d9166111-5a5d-4959-bb90-c0b65ee6ff7c,2b7a55a8-1aec-4486-bb13-80b7d25ad5a2,
fcdf59b8-daf4-4827-8794-154882cb1fe6,d9166111-5a5d-4959-bb90-c0b65ee6ff7c,3b6f825a-4e5b-438b-8b91-154d1d7b4475,
dbea57f0-636c-4e27-8a2a-b97801ebbb75,d9166111-5a5d-4959-bb90-c0b65ee6ff7c,4b2e9535-b46c-48c3-bf75-806f67fe9527,
42b578cc-12e8-4061-a5b5-b36a57342f67,d9166111-5a5d-4959-bb90-c0b65ee6ff7c,4c866848-a633-439c-a8c9-09a3f6826ca1,
c1be7911-cab8-4334-85a7-c45384a493cd,d9166111-5a5d-4959-bb90-c0b65ee6ff7c,6265281e-17c2-4c4f-b6c5-57df90fa6ac0,
a45d15cd-4bca-42a1-81db-3eb400baed6b,d9166111-5a5d-4959-bb90-c0b65ee6ff7c,62c8cada-6b05-4fcb-bbc4-4cd7fb8169c8,
8b01152a-7818-4f6e-a4ee-d63d55b455d8,d9166111-5a5d-4959-bb90-c0b65ee6ff7c,9c8c8ccd-545a-4c49-a59b-63ad8fca6be9,
19149a53-9510-474f-9850-f73156d5d7e7,d9166111-5a5d-4959-bb90-c0b65ee6ff7c,dfa96276-fb80-4d2e-8de8-73a1b3d97874,
9f4a0b4a-4c20-4999-a6c2-247c06a2b62d,d93fd3e8-2838-45f1-adf1-4bc08b2c86c0,0013d417-0955-49ba-82bc-a0176b43c09c,
e8d9ffc1-2af3-4e2f-9752-5b6fdaee07da,d93fd3e8-2838-45f1-adf1-4bc08b2c86c0,21e0c76b-b892-4665-b6f0-f8b532079bb3,
4af6c50f-e9da-4e86-90d9-759559558078,d93fd3e8-2838-45f1-adf1-4bc08b2c86c0,3980bfdd-c15c-4e03-8c19-1cfe537b9681,
0dbaede7-3ae1-48f3-b027-90bf50d62440,d93fd3e8-2838-45f1-adf1-4bc08b2c86c0,3e45e1aa-233a-4e27-8deb-c4a1ff0b5d9f,
9568d111-59db-4a2f-843f-6aeef3014b35,d93fd3e8-2838-45f1-adf1-4bc08b2c86c0,4764b572-07b3-46b8-add7-1e48dd37e38f,
0e73e9d1-157e-4bf5-b218-4a217a04aeb2,d93fd3e8-2838-45f1-adf1-4bc08b2c86c0,4d6bcf18-b6b9-44da-8bfd-71b618d5543b,
a527111c-5425-47ed-93de-6d4e1592cede,d93fd3e8-2838-45f1-adf1-4bc08b2c86c0,4e595bb3-c075-40a2-849b-86b370e7fd88,
75d58c8c-a938-4cb5-ab79-65f0839d6aff,d93fd3e8-2838-45f1-adf1-4bc08b2c86c0,5338fc2e-7720-4531-8140-61565d995a8d,
62c4e1a3-8b94-4b5d-9c66-636d05470d41,d93fd3e8-2838-45f1-adf1-4bc08b2c86c0,5549e8d0-d7a7-4d91-b347-8d3d852df615,
5460a868-a1b5-4899-90d8-a3e5371e4dbd,d93fd3e8-2838-45f1-adf1-4bc08b2c86c0,6a429548-8520-418d-9021-a0fe00d2ab23,
dd476769-7d82-4a16-9eeb-f921b844fe32,d93fd3e8-2838-45f1-adf1-4bc08b2c86c0,7c727cf9-4e7d-4143-9ac0-b3ac5afaa964,
78625d99-86be-4c10-9fda-bc37339a8ccb,d93fd3e8-2838-45f1-adf1-4bc08b2c86c0,818ed3d6-47de-451c-a4b1-122b2fc67492,
bb605e65-3e94-44c0-8872-bf63c47f51ba,d93fd3e8-2838-45f1-adf1-4bc08b2c86c0,8f2ffc89-acf6-4972-94fb-c075d6e2578e,
f1d927e8-785b-438c-a652-635edd772b12,d93fd3e8-2838-45f1-adf1-4bc08b2c86c0,94d61b9a-45f6-45d1-bd90-8c5465866a41,
85e1c34b-64dc-4bb9-806f-c63b9456d52a,d93fd3e8-2838-45f1-adf1-4bc08b2c86c0,ae6173f0-75e6-4fd7-9315-46b51dd0bda5,
0ef011b3-1fea-4896-b4ec-8d1ab11482eb,d93fd3e8-2838-45f1-adf1-4bc08b2c86c0,bedee6df-c8c8-436e-9816-45653c5f9000,
7faa7b56-54cd-45e8-9829-b293799bc20b,d93fd3e8-2838-45f1-adf1-4bc08b2c86c0,dc7fdd63-aa95-4c5c-ace8-41fafce79d4f,
ff2f455d-6228-4af8-8ee8-b3c57ffe579a,d93fd3e8-2838-45f1-adf1-4bc08b2c86c0,e113678f-8711-4756-907a-e351503869b8,
fa128684-dc2b-4418-b970-a4c490c3c274,d93fd3e8-2838-45f1-adf1-4bc08b2c86c0,e6cd0997-8ba3-41e4-9b8b-3fd0c7741b7a,
fd6f2855-41cf-46cf-bedb-9de91fb86b84,d93fd3e8-2838-45f1-adf1-4bc08b2c86c0,edd927e1-742f-46d2-8eb9-f182e5b1cae6,
f17e4422-7e00-47fb-8205-e8b207faa32a,d93fd3e8-2838-45f1-adf1-4bc08b2c86c0,f0fdda0c-fe9a-4aae-a94a-79cb1339bfdd,
b73dae2a-60b4-478e-b53a-cc7ea1886993,d93fd3e8-2838-45f1-adf1-4bc08b2c86c0,f1dfb67b-e223-4cdf-a161-20dc0c908dda,
3bb2697e-1fe9-4ad0-84d1-bf1ec7400c9b,d93fd3e8-2838-45f1-adf1-4bc08b2c86c0,f888486e-283f-456a-8467-ec458cc07998,
e56ee22c-f687-4e42-b4cf-41a172750f34,d9d691b5-2198-434b-a344-154dd5201b3b,25ef9d4a-c2c5-4e7f-8b8e-f066390567f3,
c2d9c3bd-c630-4b63-bf46-d4e054e25294,d9d691b5-2198-434b-a344-154dd5201b3b,4614c75c-96dd-44d4-a67a-62753e31e99d,
ff8b8511-5907-4266-a273-8c205a37112d,d9d691b5-2198-434b-a344-154dd5201b3b,7c71a9ac-1dd1-4c3c-b904-2be52f5f2a48,
56289a17-232e-4de3-baf0-4ccfcf6961c1,d9d691b5-2198-434b-a344-154dd5201b3b,bd0b9997-4f9d-4674-9969-c33e3effb5c4,
2a6b1937-faca-43d5-9c60-a585156821d8,d9d691b5-2198-434b-a344-154dd5201b3b,c6a1bdac-76f9-4dd9-9d2f-89ce528329ab,
3f8ec1be-7b48-4f36-8b50-c64735171343,d9d691b5-2198-434b-a344-154dd5201b3b,e3e0e48e-59f4-4c24-b44c-8898c6104bb6,
890f82e3-9e11-4e78-b6c1-9766c3df2438,d9d691b5-2198-434b-a344-154dd5201b3b,f8f5e8f9-30d0-43e7-bf3c-5eb207acc7db,
cc8a989a-36c1-4024-ad6f-6fc69641da2a,da39ad0a-dc43-44e9-85ca-66cf5e6a0212,27b77ec8-a2a2-4829-92bc-8b099cdc7d36,
4f39c415-581c-4c60-803a-3c4c90357c5a,da39ad0a-dc43-44e9-85ca-66cf5e6a0212,2ed48f9e-3ac4-462a-8fad-1aa8259d996c,
5136066f-0bfe-4cb9-a0e8-b7fc2c2efba4,da39ad0a-dc43-44e9-85ca-66cf5e6a0212,3766059f-9222-4193-b41f-926e16088433,
d8196d83-72a1-4a2c-a2c9-2f5a0e9c4b6b,da39ad0a-dc43-44e9-85ca-66cf5e6a0212,61af6efa-e427-42f1-b546-77027bcd67c8,
6a5ae3a5-c91e-4a11-8d76-aef444d9552c,da39ad0a-dc43-44e9-85ca-66cf5e6a0212,6d76c501-c3eb-4e7e-9bec-63644a976d68,
ba219bd2-cb5d-4370-9dec-a1fdf969ce63,da39ad0a-dc43-44e9-85ca-66cf5e6a0212,6f932de7-30a5-4f4a-aa31-f0e57119c37a,
cb562c0c-bd12-4033-8a73-73938b5e64be,da39ad0a-dc43-44e9-85ca-66cf5e6a0212,737339d0-3241-4dc8-ab88-75277139f858,
de6d1c6e-48bb-4ee5-995d-051227fc44df,da39ad0a-dc43-44e9-85ca-66cf5e6a0212,9050c3fd-8405-42da-9829-9115bfd90e47,
043aabe0-a3ff-46e1-ab16-3a9e13a6dcad,da39ad0a-dc43-44e9-85ca-66cf5e6a0212,97f10337-a8ca-4f4b-9035-334d8112e816,
db547e69-e1e6-49e1-9e72-86e10bfbed65,da39ad0a-dc43-44e9-85ca-66cf5e6a0212,b4585429-dc62-4290-9b12-3c80bab1d1b0,
7adf1c61-49a9-4742-86b2-ac58b738af6b,da39ad0a-dc43-44e9-85ca-66cf5e6a0212,d9d3655f-20be-44e8-89b0-da613126213e,
f189f671-022f-4428-8e25-8815b85e25da,da39ad0a-dc43-44e9-85ca-66cf5e6a0212,dfd9f8b6-7c61-4305-acb5-53c970690fde,
b78d429d-5d26-42fb-85c3-43fcd1457e6d,da39ad0a-dc43-44e9-85ca-66cf5e6a0212,f7f7d547-432f-4d81-ae5d-888086eb75da,
23bb1700-0da1-4652-80b0-720ee917512e,dc8a0f32-b824-4ef9-8972-ad2d1ee250bb,09a25929-54b2-4549-b825-d54e50ab8b8f,
d476d0aa-db9c-4c89-ab8d-b5c896fc7db1,dc8a0f32-b824-4ef9-8972-ad2d1ee250bb,2a6e2a57-ba9d-4571-b793-cf2d7f1df910,
301fb0bc-4344-4bb2-b4ff-bf1adf8bdd84,dc8a0f32-b824-4ef9-8972-ad2d1ee250bb,3bb0dbc9-3743-4092-821c-2f913e9f446d,
714c7baf-a8f5-4126-bea8-3beb26093d3c,dc8a0f32-b824-4ef9-8972-ad2d1ee250bb,5b630ec6-22f5-4a78-b7e0-9db21f6aa7bd,
16c63625-85d1-4392-b107-28c970e12043,dc8a0f32-b824-4ef9-8972-ad2d1ee250bb,5c83fe9a-8511-428b-91d0-2a5036c78c68,
826e2b5a-9173-41d3-8dad-d6d0ec85978c,dc8a0f32-b824-4ef9-8972-ad2d1ee250bb,77fe107a-bdec-49cf-936c-d49da9653cbc,
d4bc20a5-a94c-403e-95ea-70a06dac1214,dc8a0f32-b824-4ef9-8972-ad2d1ee250bb,7984b34f-9c06-4df2-87fc-6e2affe38096,
75e09b3c-1556-43e1-b80c-b6a3a9576210,dc8a0f32-b824-4ef9-8972-ad2d1ee250bb,7b8243f1-f4ab-4dab-9f82-55f27aa598ae,
8f78d956-ae1a-4c64-89ec-8616ee953a56,dc8a0f32-b824-4ef9-8972-ad2d1ee250bb,8ca54319-b076-40e3-89e3-a463eef4995a,
cbf7617e-d806-43d7-a03d-a75abce7b468,dc8a0f32-b824-4ef9-8972-ad2d1ee250bb,c74b9512-555b-442d-88f1-5442cb3aef2c,
1fcf926a-c8c6-43c2-8c3f-b47da4c92c18,dc8a0f32-b824-4ef9-8972-ad2d1ee250bb,d6834b8b-f1f7-470c-b578-0b1c5f9fc997,
70e6fc94-7213-4d52-a775-cdd29415d44c,dc8a0f32-b824-4ef9-8972-ad2d1ee250bb,e84c6485-ad83-4f0e-8338-c923b9230abd,
d59d56d3-a282-4461-997b-6788f09c7a61,dc8a0f32-b824-4ef9-8972-ad2d1ee250bb,e853b339-130b-4bda-9af2-868bac6e69db,
1fc64cb9-af75-44f3-85fb-b9bef68e393f,dc8a0f32-b824-4ef9-8972-ad2d1ee250bb,ef97fd99-0b8a-4b9b-af33-bad718ff81ad,
7929a7ec-4f4d-46db-b39f-a2e3ebfef756,dcaea542-281e-4eb4-9047-d977683f4d64,365502d3-b411-4690-9c06-bca38a633264,
0a02dd50-8c74-4b38-9174-42bbafe583eb,dcaea542-281e-4eb4-9047-d977683f4d64,5846e7e7-8c61-4514-abcc-3c26ae2f398b,
628febd6-4971-4d8a-a75e-4224aa947a52,dcaea542-281e-4eb4-9047-d977683f4d64,87f65a13-ecb1-4cd0-be1b-3d9c778eefdb,
300d478e-be2d-4e22-87ac-05d9006b1e05,dcaea542-281e-4eb4-9047-d977683f4d64,c71928c8-40e1-415a-b516-f602d02692d8,
1a2fb3e9-b1ad-4a82-9bd8-ef6e05745db4,dcaea542-281e-4eb4-9047-d977683f4d64,ce473881-c7e9-4c53-a40e-4bc8ecbb5365,
2591c4dd-45f1-4471-9122-28dfbf874adc,dcaea542-281e-4eb4-9047-d977683f4d64,e4f7a388-670d-46c1-beaa-ef0f0be3b939,
52fa9cf3-ccbf-4ca9-b668-86e1f4e13d9d,dced4326-3aac-46b0-80fd-7475cbfae53c,0bd96587-d726-4788-9580-b85ed3768c09,
3d89bbbc-d385-4377-9f87-641a08d25928,dced4326-3aac-46b0-80fd-7475cbfae53c,13b6e8ba-63da-41ae-b5b6-18cc6703d1d8,
3040b6a2-139d-405b-b0d2-811eea3d4c3c,dced4326-3aac-46b0-80fd-7475cbfae53c,302b4641-f8d8-4031-b8e2-d19f510bd93e,
b6789bfd-e6c4-4989-b283-9ce58b818a0d,dced4326-3aac-46b0-80fd-7475cbfae53c,3246e0ba-bb78-48a7-b0fb-db8aa156539a,
c7eaf4ce-b1cd-4d4f-b3bd-86c699a02617,dced4326-3aac-46b0-80fd-7475cbfae53c,3b070f86-11a3-4927-b172-62cc265b500d,
41d2ef52-905a-42c7-b0de-5c4d239368d1,dced4326-3aac-46b0-80fd-7475cbfae53c,6037b606-89ac-461a-88b8-2f86c031e034,
e0a63872-3e9c-4896-8ab7-a50d8025ad85,dced4326-3aac-46b0-80fd-7475cbfae53c,76ac7813-4e13-4647-8219-b8f9d4089dcc,
027da70a-b81c-49de-ac67-49314dab4df5,dced4326-3aac-46b0-80fd-7475cbfae53c,7efe61eb-3e40-481c-86bb-a404ca4ce670,
0d6f713f-7329-4c57-8612-10cc92bb0268,dced4326-3aac-46b0-80fd-7475cbfae53c,a2f0e3ba-e74a-4142-aafc-8f8d41506813,
7a6630ef-a3e6-4a1c-8642-5e8bbd1407fb,dced4326-3aac-46b0-80fd-7475cbfae53c,f8d58762-dcd1-482f-956d-3a16474bfa74,
de746f10-3f58-4f11-ada2-5e32ab34ad8e,dd44f6c4-8aa1-4915-bb77-d5fa7b561d7f,c2aa7ab9-457a-4991-8327-0f25c20aec3e,
db16e4ef-e8e2-468f-b7e1-ac752501eed2,dd70ea1c-d846-4987-afa0-195af35aa3d6,0c2635d0-d918-4273-a3c1-1dc8a0113e94,
aafcd350-6573-48ad-98be-4387d3e25dc7,dd70ea1c-d846-4987-afa0-195af35aa3d6,1102cdab-1cee-4bc2-8cff-973c3100851f,
fb1629e6-436a-4adf-b1fc-f63fdc97c5d1,dd70ea1c-d846-4987-afa0-195af35aa3d6,36f1b895-13bf-4aca-a133-fef785bbc3d0,
bb5e0bba-3a93-482d-a06b-021d907a662c,dd70ea1c-d846-4987-afa0-195af35aa3d6,37849043-4a2c-410d-976d-0cc5bce576ee,
07a33da9-cac2-4f4f-a414-e7eab950a299,dd70ea1c-d846-4987-afa0-195af35aa3d6,419c4bc7-ca07-4d22-8855-cfe434fb4fc0,
e91ac1a8-a6d3-453c-acc2-96c430291465,dd70ea1c-d846-4987-afa0-195af35aa3d6,4a8aecda-cb09-4fa7-9b97-8c0ec1eb3c2b,
c5434fa3-0f4a-4f13-9207-bcdac3add6df,dd70ea1c-d846-4987-afa0-195af35aa3d6,567e7fac-bee6-41d3-bd77-a433be659f00,
5a191546-00c1-4157-ace0-ea0a9a356028,dd70ea1c-d846-4987-afa0-195af35aa3d6,596e7ba4-23c8-4396-aec4-257ee118cbc1,
b3dbf822-d658-4ba5-8fda-9eafaf69b70c,dd70ea1c-d846-4987-afa0-195af35aa3d6,5cd4b7e9-e879-4558-80d0-33387474ec4f,
24be6637-cbad-4f2d-897c-eb1da7e6aa0d,dd70ea1c-d846-4987-afa0-195af35aa3d6,655b4edf-0fdb-4323-a32c-55e411643edc,
812459e9-f8cf-411b-82bd-a5159617cb96,dd70ea1c-d846-4987-afa0-195af35aa3d6,6db84513-e9d4-4ad9-b56d-61670c06700c,
5c6c3e86-17ce-46b8-94d8-7e2f816991fb,dd70ea1c-d846-4987-afa0-195af35aa3d6,6eb533fa-d3d0-45a9-895f-09ca94718933,
ef59b368-3d42-4562-9c02-e7e77e5f577f,dd70ea1c-d846-4987-afa0-195af35aa3d6,781273bb-74a9-4dce-bd84-ebabba146733,
31282da7-a468-4dd0-a679-9d014e4c253a,dd70ea1c-d846-4987-afa0-195af35aa3d6,7b11f2bb-d4d8-455a-83d8-783ece1e1eb0,
4c6f2be9-e1f2-4f77-9a61-658ab36e61bf,dd70ea1c-d846-4987-afa0-195af35aa3d6,81b383a4-f114-46b2-bd70-4db5b70afb17,
ed21be43-9d17-4a16-a6f4-2e5da7e8b125,dd70ea1c-d846-4987-afa0-195af35aa3d6,9e22f0b2-af9d-4ef2-959c-aaf46e88b075,
44f23bc7-987c-4599-aff6-f0db83e35021,dd70ea1c-d846-4987-afa0-195af35aa3d6,bbf7e927-7b19-4dae-af05-ad6422ce8663,
bbfe7833-a286-4fa6-800f-595e617bffb7,dd70ea1c-d846-4987-afa0-195af35aa3d6,c3b967e0-8be9-48ff-9e24-411f710de7b3,
1652759b-58e5-450f-b157-65832bcb4895,dd70ea1c-d846-4987-afa0-195af35aa3d6,c5eb4ac9-fddd-48fd-ad79-0dbacaec0028,
bb5f91a5-1e05-43b8-98c4-c2f8f20fa94d,dd70ea1c-d846-4987-afa0-195af35aa3d6,cbf63f7e-cef3-46e9-b175-1b41b5f43802,
0453fb6a-b1e9-4391-b4d4-c5e7c346d90d,dd70ea1c-d846-4987-afa0-195af35aa3d6,cf60d8ff-8b6c-413b-8326-62f80993281c,
0a48bd70-1a7e-498e-90ab-009ce71de4e4,dd70ea1c-d846-4987-afa0-195af35aa3d6,d093a1e9-940f-4b72-a810-b6114424d7fd,
8f76903c-fe13-41ee-adc4-c8540ded6b0f,dd70ea1c-d846-4987-afa0-195af35aa3d6,ec1dc393-8ba2-4f36-9339-4c5ad6a667fb,
a2013a87-9bb0-47cf-b38a-66dbfb422f23,dd70ea1c-d846-4987-afa0-195af35aa3d6,fc5be04c-20c3-4ad9-b16d-311ff533b7b0,
3906fb71-5326-4712-aac1-9d9e4b9c1c92,dd8b1a9c-2ec2-4090-a346-f6446ad4d1cb,0d13df38-e172-47e0-8d4b-96a93249d7cc,
b6f55bfe-0b5c-4165-a230-48a8056ed280,dd8b1a9c-2ec2-4090-a346-f6446ad4d1cb,0e46b9ce-5288-4e9a-9d81-7831fb8c6e39,
62b196c7-c231-49eb-991a-2c1616d17903,dd8b1a9c-2ec2-4090-a346-f6446ad4d1cb,1633cc3a-4df9-43bd-be1a-9c6768d1f0f6,
e4bab4c4-c490-4ed6-8660-d8554ed9c14d,dd8b1a9c-2ec2-4090-a346-f6446ad4d1cb,1787fafc-b3e2-4faa-9633-08be4a018182,
6f7ddafe-78b7-4e64-937e-23bcb0b0f685,dd8b1a9c-2ec2-4090-a346-f6446ad4d1cb,1bace992-f29a-4c7d-94ea-fd195a2b31ab,
6e3d3943-f52f-4be8-9965-c4796b91e22e,dd8b1a9c-2ec2-4090-a346-f6446ad4d1cb,2260cbe9-9a6c-49f5-a8a6-74b185c3e47a,
9e273b77-3e74-414d-9b64-241b888687e5,dd8b1a9c-2ec2-4090-a346-f6446ad4d1cb,234522b2-f38f-47d8-b105-7db8c5bc5a00,
2e1e92a2-612e-48df-bf91-aa7780abf590,dd8b1a9c-2ec2-4090-a346-f6446ad4d1cb,24cb41cf-43de-46a5-b329-3db5080fb59c,
3d50901c-aaa6-4c70-a617-8e10e736df2d,dd8b1a9c-2ec2-4090-a346-f6446ad4d1cb,273e7676-314c-48f1-ad93-4ba443dcda05,
14dbccfd-b297-4341-b954-2d84a72f5c10,dd8b1a9c-2ec2-4090-a346-f6446ad4d1cb,304878ca-bbec-4ba1-af2f-8dfd457adf6c,
47e4043e-1af6-45ac-9a12-1e1d3a62f752,dd8b1a9c-2ec2-4090-a346-f6446ad4d1cb,31bc8d62-0ffd-473a-b027-32e5776e774f,
4be9bee7-bf29-430c-9db8-dec660c1c6d7,dd8b1a9c-2ec2-4090-a346-f6446ad4d1cb,33a582f4-162a-41c8-8f12-46bbecbd96f1,
1eeb27c0-79f1-44e4-8409-6b5613ebdf0f,dd8b1a9c-2ec2-4090-a346-f6446ad4d1cb,36f6cf04-b575-419f-88e2-0d3b74a2dc4d,
c83029bb-9f77-443b-ae6d-a73b57165935,dd8b1a9c-2ec2-4090-a346-f6446ad4d1cb,3e111aac-9d09-4b1b-8eb6-b5b42e0b915e,
e83ab27c-6072-4cbd-9c55-c55901762489,dd8b1a9c-2ec2-4090-a346-f6446ad4d1cb,3f36d682-2b1b-4356-86c3-198225b1972e,
10248c02-44d0-46aa-bb77-e45cbaadb246,dd8b1a9c-2ec2-4090-a346-f6446ad4d1cb,42c7e965-6229-4490-b3da-57e0163b2b70,
ca339942-7336-4092-bc88-28f2108c160c,dd8b1a9c-2ec2-4090-a346-f6446ad4d1cb,51d89821-e863-44a6-8d87-10465eefe022,
695f3b6e-f2d7-45ce-8725-c8aad9c25617,dd8b1a9c-2ec2-4090-a346-f6446ad4d1cb,52e6464e-071c-4a59-8e27-2d3303665649,
e11e737d-ed58-4abd-a668-64d1b6440097,dd8b1a9c-2ec2-4090-a346-f6446ad4d1cb,543cde3b-544a-432a-b8ad-b41923de8981,
7ee5a30a-190e-4a85-b4c7-f9e31d45aba0,dd8b1a9c-2ec2-4090-a346-f6446ad4d1cb,54ae40a5-23d7-4f06-b5b4-4258f7736863,
a85cd8fc-30e8-4b59-9e57-2d49a4353087,dd8b1a9c-2ec2-4090-a346-f6446ad4d1cb,54b8a3ac-6b5b-4c01-8122-3e8fccd24de7,
0f726a73-0de7-4ea5-b8ec-1bdaa4fdb70c,dd8b1a9c-2ec2-4090-a346-f6446ad4d1cb,5682443c-4cb1-4d4f-ac6c-0eca94da22f6,
bf4d2da6-38f9-4e27-89db-3589f03e81c1,dd8b1a9c-2ec2-4090-a346-f6446ad4d1cb,56a3694f-1f91-4d7b-9d18-63a17dccc7c6,
0816a9a3-70cb-4e67-a65c-66cb546d4025,dd8b1a9c-2ec2-4090-a346-f6446ad4d1cb,58818805-77ec-47af-8984-46bcf89dfaf5,
b9bb4313-1e47-4ce9-b748-482bc994748b,dd8b1a9c-2ec2-4090-a346-f6446ad4d1cb,59354674-1306-4117-9255-6f5d03cc4621,
f6252ea5-4872-417a-a695-b54f040abe46,dd8b1a9c-2ec2-4090-a346-f6446ad4d1cb,5a634bca-6433-4f33-bd1f-8f6d343b9236,
1a41ab87-38f8-416f-8335-1f495b21a2da,dd8b1a9c-2ec2-4090-a346-f6446ad4d1cb,5dc13f7a-25dc-471c-b5d0-c99ab9f28126,
0e76c3e2-5db8-41ea-91c6-59f32a29a76e,dd8b1a9c-2ec2-4090-a346-f6446ad4d1cb,5f4b642e-48dc-467c-bf29-f21a677f379b,
aea11bce-3a90-449f-9b46-aefafb48df20,dd8b1a9c-2ec2-4090-a346-f6446ad4d1cb,6025deab-1fb4-401d-9192-016892f9cae5,
6576483c-f24f-45fe-a8bf-7c4502b93082,dd8b1a9c-2ec2-4090-a346-f6446ad4d1cb,6508e677-886e-4bac-b9d8-05032dd51a5e,
94f6aa6c-4d02-443a-988c-9503c32ab88e,dd8b1a9c-2ec2-4090-a346-f6446ad4d1cb,74ccb3fe-bd63-4bc0-9b8d-a3376d588866,
c11ad95d-3054-4246-a97a-25dfe1fdcf18,dd8b1a9c-2ec2-4090-a346-f6446ad4d1cb,796c7ab0-b2b7-4373-a718-99f9d14fb6a8,
91e98c33-8b51-4751-895f-40c77ff2f13c,dd8b1a9c-2ec2-4090-a346-f6446ad4d1cb,79896368-2cbe-4653-a293-54cd13eece8d,
82a635d8-442d-4b2a-a599-b7d0399ef41a,dd8b1a9c-2ec2-4090-a346-f6446ad4d1cb,79a1bb9c-7b79-42a6-8ba9-e6ef22d42ae9,
f24e1c7f-97b1-43c8-8937-ae850f257505,dd8b1a9c-2ec2-4090-a346-f6446ad4d1cb,7acb5209-d084-4194-ba1d-51737a11a520,
91a03108-1b1a-458e-ae3e-a98e4e34a7bc,dd8b1a9c-2ec2-4090-a346-f6446ad4d1cb,7dffc1e3-311b-4b7f-b49a-65b5bedfd8e9,
0593faff-c7d9-4776-8da5-ea9a025c0f4f,dd8b1a9c-2ec2-4090-a346-f6446ad4d1cb,7ea56c1a-add8-4608-b9bc-c43a2d4d353d,
952820ec-0598-4e43-9cec-33b96ed55110,dd8b1a9c-2ec2-4090-a346-f6446ad4d1cb,818af39e-39e5-41c1-8c22-f8aa9070f84e,
42ab54ba-4091-4a3c-ba12-678d3abf13c4,dd8b1a9c-2ec2-4090-a346-f6446ad4d1cb,82cf6b10-111f-4693-a2c6-46a702d773f3,
87c46c83-c9bf-4d8e-91b4-44f29757c2f3,dd8b1a9c-2ec2-4090-a346-f6446ad4d1cb,832b0a16-d04a-413b-a83f-15af00c3481e,
194c3c67-aa16-4d6b-ba81-a2f9af37f642,dd8b1a9c-2ec2-4090-a346-f6446ad4d1cb,856abd23-237b-47e8-88dd-cf48031a1734,
f6243de6-f813-428e-addc-02cf78f111e5,dd8b1a9c-2ec2-4090-a346-f6446ad4d1cb,94022950-0d75-487a-8784-caa9975c530c,
19a0d0d4-0ee3-49fb-8911-2ea1f2c8f5c8,dd8b1a9c-2ec2-4090-a346-f6446ad4d1cb,95a181b9-e9c7-49a9-ab03-d1240ee325ed,
ad3b521f-31db-40a6-8ff1-47717c6e402d,dd8b1a9c-2ec2-4090-a346-f6446ad4d1cb,9c0c9e96-9069-4f56-8da4-c2f133b33a67,
b0cc643e-8db8-4a10-8e31-badc8fb2f888,dd8b1a9c-2ec2-4090-a346-f6446ad4d1cb,9d551b12-fc8c-478a-a6c8-d4851b586df8,
806c0c7f-0c3b-4c5d-8a21-b3522a88fbc0,dd8b1a9c-2ec2-4090-a346-f6446ad4d1cb,a388d046-e39a-4eac-98c9-5335a5613f66,
d7c9d820-7f6b-4803-9fa8-822ab7186f8d,dd8b1a9c-2ec2-4090-a346-f6446ad4d1cb,aa50abab-1c6d-4caa-8789-7a56932212c7,
ed7bf346-1af6-48cb-ba31-bea9342b0734,dd8b1a9c-2ec2-4090-a346-f6446ad4d1cb,aadb2f12-4d1f-43ad-b051-85cc5a1e52ee,
8d563b0d-ddc7-44e3-b87a-4ac27549625f,dd8b1a9c-2ec2-4090-a346-f6446ad4d1cb,abd5ba90-c9e5-49e8-8d26-320a25f40972,
747f9816-6e3a-4fab-b8a5-22ac41e08277,dd8b1a9c-2ec2-4090-a346-f6446ad4d1cb,b3544983-1ac7-488c-8692-b3095fc304a3,
a0666769-6395-476b-bf86-f0dc56a30b6c,dd8b1a9c-2ec2-4090-a346-f6446ad4d1cb,b75f0b1b-aa4d-45f5-89df-a09fae25bae4,
8dc7398b-8a07-4a19-a1f9-67065b02e654,dd8b1a9c-2ec2-4090-a346-f6446ad4d1cb,b789ccb8-0f68-4e75-b5b8-6c6f59c658cf,
a855240d-853d-4004-98c9-52b63474431d,dd8b1a9c-2ec2-4090-a346-f6446ad4d1cb,b98d15e3-e6ed-42ad-a262-062fa54475d3,
0d7898a1-a2c7-47c0-b340-347358ed7406,dd8b1a9c-2ec2-4090-a346-f6446ad4d1cb,bba2d2b3-2b56-4925-bb18-4962781c9b8f,
06fbbe3f-480c-43bc-abb8-189c759d7119,dd8b1a9c-2ec2-4090-a346-f6446ad4d1cb,c7541165-cdfb-413b-949d-548164b0159b,
9fde892b-a6c3-4e30-a207-d1bd71c16437,dd8b1a9c-2ec2-4090-a346-f6446ad4d1cb,c897bac5-f8d9-4fec-9024-7db75bef9ba8,
638933bb-f77d-4905-bbc5-f824c67ddb25,dd8b1a9c-2ec2-4090-a346-f6446ad4d1cb,c998b55c-3f58-48c6-a3c5-affa021e6522,
651ed85b-87fc-47c3-86ee-1eef0c29106f,dd8b1a9c-2ec2-4090-a346-f6446ad4d1cb,cb089911-647a-487f-8c55-3107d65f62dc,
9df2b08e-7e71-4798-bb2a-e1cd0d4e12a1,dd8b1a9c-2ec2-4090-a346-f6446ad4d1cb,cb7383d3-30df-46a8-a892-e239c3b31e8a,
9f26c5a6-cb93-4fde-9650-83531bfb60af,dd8b1a9c-2ec2-4090-a346-f6446ad4d1cb,cd25f8a0-6dd4-4557-b865-ca4c1373c9ec,
8e9735fd-b4f4-4836-abd4-37dafdb9a673,dd8b1a9c-2ec2-4090-a346-f6446ad4d1cb,d288f88b-5409-4f43-8ea7-580ed69e2851,
294776b9-a8c8-4738-bb27-ea11b2e5c1a1,dd8b1a9c-2ec2-4090-a346-f6446ad4d1cb,d3e618b0-da31-440a-9400-bbe879c26c5e,
a9b3fe25-ea84-47d4-9f76-c947a20efc15,dd8b1a9c-2ec2-4090-a346-f6446ad4d1cb,d43c2ef9-5c8d-418c-91a9-e46c4c76290e,
21793c54-24d7-477b-9622-cecb8e018f28,dd8b1a9c-2ec2-4090-a346-f6446ad4d1cb,d57cffc6-adea-47e1-93ed-012aff5680aa,
877b75e8-647d-40fb-9846-0f55860e6b04,dd8b1a9c-2ec2-4090-a346-f6446ad4d1cb,d7c4b84b-0b87-4d8e-8246-386609d7f036,
58e48294-7ec7-4c71-b0dc-729f36f738fa,dd8b1a9c-2ec2-4090-a346-f6446ad4d1cb,dbbd59e8-997e-44bc-b218-f3e188dae86b,
6a718af4-0b52-48c2-806e-6f3665b8c8f7,dd8b1a9c-2ec2-4090-a346-f6446ad4d1cb,dd019c58-ab41-497b-823a-59fe65fd55e0,
2fa9335b-5e2a-4e0e-b23f-4058a9f55338,dd8b1a9c-2ec2-4090-a346-f6446ad4d1cb,e058ca81-51b0-471b-bc49-274025504dce,
b5f0a0aa-75df-4ea9-b87d-7546d5621587,dd8b1a9c-2ec2-4090-a346-f6446ad4d1cb,e4b41063-ed1d-4145-bc1d-e1b5dc99efe0,
dfa09e2b-dd3b-423b-929b-2b1326934b00,dd8b1a9c-2ec2-4090-a346-f6446ad4d1cb,eaad9c39-dcbe-45bd-809c-e0501b4734ee,
b76dc278-49a3-46d6-926c-3095d1a2ed93,dd8b1a9c-2ec2-4090-a346-f6446ad4d1cb,f1ad4bb1-1ee6-4517-a1a4-36150257569a,
d6cf4f2d-883e-420e-8d85-61c0cf15f6e9,dd8b1a9c-2ec2-4090-a346-f6446ad4d1cb,f367995f-1e3b-4538-b7cb-d095ba5ee844,
67b57384-1800-4c29-834a-59c635c14ecb,dd8b1a9c-2ec2-4090-a346-f6446ad4d1cb,fab9248a-4c2f-49f3-b7c3-774d80a0152e,
ebad8d46-1758-4e84-b0db-55d75cf94855,dd8b1a9c-2ec2-4090-a346-f6446ad4d1cb,ff4eb020-10b9-48c5-a185-951b63db5c17,
cca158b7-582b-4179-9413-89b5f429682b,dd9b02af-4926-4c55-bfc9-4399ce9832ac,204af647-cee3-4b95-a0c8-30e39ed12b59,
a417deb5-48ed-4400-8349-5b3559b04b02,dd9b02af-4926-4c55-bfc9-4399ce9832ac,483ebbd6-0bad-4a6e-9efe-3bc0c24c4f17,
47fa2f6c-b0cb-4078-a3b4-ecd61b625ccb,dd9b02af-4926-4c55-bfc9-4399ce9832ac,498d40fa-bb2e-44b3-b58e-23d3c3e6b9f5,
1f431942-cb79-45c2-ac58-13fc483cda0f,dd9b02af-4926-4c55-bfc9-4399ce9832ac,557aba40-c97a-4b72-9b94-52a64ea19dd2,
edfb8bbb-61b1-4002-a614-a2aac8179aa1,dd9b02af-4926-4c55-bfc9-4399ce9832ac,6338e04c-e35c-494a-b89e-70035e868336,
a45d77dc-c28e-43a9-bfc0-6c3419f62446,dd9b02af-4926-4c55-bfc9-4399ce9832ac,6a5ad774-7ae8-4511-b755-8987d338c6fe,
b1c190a2-a558-45ea-a333-fcdd2c7323ce,dd9b02af-4926-4c55-bfc9-4399ce9832ac,6b4ff83f-5a37-4b79-a786-1e43f24e1ae6,
b17acf62-da54-4cce-a204-4858abd99ccc,dd9b02af-4926-4c55-bfc9-4399ce9832ac,c31713f3-5da8-47e4-bd1e-625f3fd8ff02,
9626a7e1-743c-48c3-85b5-46f4ffad7362,dd9b02af-4926-4c55-bfc9-4399ce9832ac,c806d8e9-5347-4d5e-92af-5980f4e5d56a,
687e9133-6515-4f0b-9f74-3d4c705a7805,dd9b02af-4926-4c55-bfc9-4399ce9832ac,ec9ac051-aa4b-4e99-83e2-f37e65fa1422,
43e1b842-5a80-44a0-bc44-65a78c44e457,dd9b02af-4926-4c55-bfc9-4399ce9832ac,eced9c0b-6726-459b-99b2-2f3c3d7df4ba,
54fc0bbe-0924-4807-9582-3d1843be5fa4,e0d83755-2e43-43f6-8d4e-172698b621d6,080ba0fe-d9db-4925-a2ed-30eaa894237a,
ab688c9c-65eb-4279-8d98-fd0e42f5fc0c,e0d83755-2e43-43f6-8d4e-172698b621d6,09cefd57-eda4-4269-9632-538599f165c1,
058311b5-2299-477c-aa9e-d19de60b8641,e0d83755-2e43-43f6-8d4e-172698b621d6,0dbc00a4-1296-4f58-82d2-6c44e909eec1,
3bfb2364-b241-4948-b9df-dbcc3ff56838,e0d83755-2e43-43f6-8d4e-172698b621d6,10c3dd30-1adb-4bcc-9b5b-a495f37a5543,
b00ce149-57f8-4ebf-8a51-33ce7b749ffd,e0d83755-2e43-43f6-8d4e-172698b621d6,12187055-da8c-45db-9ac3-cb2ce1ca8ab3,
ac01a7c9-e27a-43c7-8e42-5486294d515d,e0d83755-2e43-43f6-8d4e-172698b621d6,1ce47b8b-4545-48ae-a52d-befe678647be,
913e113c-9b9b-4b56-8880-a8a2e1814e04,e0d83755-2e43-43f6-8d4e-172698b621d6,1d30cc47-77dc-484e-8f62-dc4268c867f3,
49843e63-27ce-4f41-a775-42a94ad86407,e0d83755-2e43-43f6-8d4e-172698b621d6,22010809-bef2-4dca-8c46-b606be9150c8,
f8874edb-1771-4ccb-a754-6b6f42a473d6,e0d83755-2e43-43f6-8d4e-172698b621d6,2c67651c-dc2c-40fb-bd8b-e2a5a0d171ed,
9bd63f1d-270d-49bd-a5cd-6762b11d0e8f,e0d83755-2e43-43f6-8d4e-172698b621d6,2f9977d4-f0d0-4831-9bdc-d0f1fdaefb29,
7d2d9d51-51e7-468f-8387-24b2f653218e,e0d83755-2e43-43f6-8d4e-172698b621d6,2ffda8fd-b33b-4b6a-bf7c-c3df75e633c9,
99bc98dc-9e47-48ac-bdc1-4d429d5be820,e0d83755-2e43-43f6-8d4e-172698b621d6,30c41636-894c-4254-8a5b-c5b2fc59ef97,
168d929c-9182-4491-9fb0-2e0e6880f2a3,e0d83755-2e43-43f6-8d4e-172698b621d6,31b598b5-eb68-45f3-825c-17ec9597da8a,
8d473d30-59f4-40bc-832c-a46d9dcb42a7,e0d83755-2e43-43f6-8d4e-172698b621d6,36995751-4133-45f4-b159-cef931125ea7,
696d27d0-1e7f-4782-b9ec-814cc9794c3c,e0d83755-2e43-43f6-8d4e-172698b621d6,38e28427-2064-451b-b194-33f32db744d5,
4ece8ea9-662e-412a-9245-60ccd488f0a0,e0d83755-2e43-43f6-8d4e-172698b621d6,3920a320-4728-480a-bfbb-bb6a0097c50b,
1defc82a-e73f-4dc8-8680-25b93f8f5946,e0d83755-2e43-43f6-8d4e-172698b621d6,3a5d6647-e0fd-4853-818e-eeee3354e050,
c209da58-eed0-4e9d-9584-22b3b8f45818,e0d83755-2e43-43f6-8d4e-172698b621d6,3b106d4e-30e4-4b12-93d0-e87d3d97a0ba,
c4b3a31d-d027-41dd-96ca-029565835d5e,e0d83755-2e43-43f6-8d4e-172698b621d6,3b706bc7-dd8a-44af-a381-5620729c81a2,
2b0973ad-c6b9-4b08-94db-9470bdd88e17,e0d83755-2e43-43f6-8d4e-172698b621d6,3ce449c4-8936-41b5-98cb-44750c2c1855,
adfe2d9b-7314-4d5e-99d4-5fa79d9a525d,e0d83755-2e43-43f6-8d4e-172698b621d6,405543d6-b801-4ae0-81f5-88340f1b524b,
225bf9d6-96de-4b48-90d5-a271b9cf5ea0,e0d83755-2e43-43f6-8d4e-172698b621d6,4818387d-057c-479f-a148-4ac5940400fb,
6080065e-d1aa-4090-a8dc-1eb5f9c050d6,e0d83755-2e43-43f6-8d4e-172698b621d6,555b93e2-1e43-4e39-a0c1-d7bcdc7f4b65,
91dba0e2-3f32-4260-8500-173fb4d8dcf4,e0d83755-2e43-43f6-8d4e-172698b621d6,566863f6-3cd5-4b3d-bd56-342982d8ef51,
e093c363-3cb9-473a-b332-5082032e6e6e,e0d83755-2e43-43f6-8d4e-172698b621d6,58bbe67e-8735-410f-abe9-75ef53979a29,
70b79175-12f0-4d76-af3c-013b4dc06e7e,e0d83755-2e43-43f6-8d4e-172698b621d6,59021615-1749-406d-abe8-9f91f933d5da,
32b49b4a-ffbe-4d1c-88fd-dcba0a56cf4d,e0d83755-2e43-43f6-8d4e-172698b621d6,5a3b7b54-9e2c-4894-a43e-6f9f4193ad8b,
1fd1ebba-dc57-41fe-9722-6eb5847cd195,e0d83755-2e43-43f6-8d4e-172698b621d6,5fe728c6-eaab-482b-a7a2-7a65f891d383,
248ecc19-1310-4ddc-bd2c-ac171c1df8bd,e0d83755-2e43-43f6-8d4e-172698b621d6,65f560db-913e-407a-b1a8-05212bde22f2,
4bf9c9b8-c9b8-4aae-babd-e612241cb656,e0d83755-2e43-43f6-8d4e-172698b621d6,6cb4e38c-0942-4759-b7eb-e2fd83ade552,
9b4d69c9-e6a8-49ad-b52b-d84d1648ef5d,e0d83755-2e43-43f6-8d4e-172698b621d6,6e042109-e1e5-4743-99c9-c927f6324484,
da3ff349-d46c-46d9-85b1-85d6c7bc6afb,e0d83755-2e43-43f6-8d4e-172698b621d6,6ed00e30-ecdd-47cf-b092-063425fc9d2c,
a8efa2e2-2666-4b82-8407-58784a8ff0f2,e0d83755-2e43-43f6-8d4e-172698b621d6,7938e7d8-f4cc-4486-8bb3-b9f48b33c5d0,
d3d05bc3-48a9-4854-ab41-f4f3510167d8,e0d83755-2e43-43f6-8d4e-172698b621d6,8192c7ad-c706-466e-9d32-0e2c75114634,
3eb67015-4579-4705-9c9b-623fee2f757f,e0d83755-2e43-43f6-8d4e-172698b621d6,85632a41-b7a4-4af5-b465-d8b2f70a5205,
49e60687-f203-4559-aa50-d41259ed73f4,e0d83755-2e43-43f6-8d4e-172698b621d6,86664da4-bd03-4b5c-b42b-3ddcf4029540,
e9ab3ed8-7ac3-4f64-b9d7-be4e6eb8de43,e0d83755-2e43-43f6-8d4e-172698b621d6,90ee3b7d-943d-485b-8f77-113938a48e33,
341857c2-4295-4b91-afe2-8313d625aa59,e0d83755-2e43-43f6-8d4e-172698b621d6,99511796-bce0-4679-b151-b0fd2108b152,
c66195c2-e312-48e8-9808-4f629361cbc4,e0d83755-2e43-43f6-8d4e-172698b621d6,9c1ef8e7-aa1e-42a6-90fb-ef21fd6ce12d,
1282e378-246f-4cf1-894e-2456d4d5eebd,e0d83755-2e43-43f6-8d4e-172698b621d6,9ef68073-b26c-4049-b530-a3948231a430,
7649ae22-be85-4556-bd26-9bb454a6fe67,e0d83755-2e43-43f6-8d4e-172698b621d6,a5111fef-3ba6-409d-bba5-e417e4e85a30,
2324e7e5-9009-4890-83da-b5e6b7d9c193,e0d83755-2e43-43f6-8d4e-172698b621d6,a8a62dc3-e8c2-4e44-8c91-51eefde96986,
fce6f084-6637-4272-9492-40da2a28b427,e0d83755-2e43-43f6-8d4e-172698b621d6,a90c7250-545c-4cd5-9e11-ded023817efb,
547a5105-96c0-4f41-83ca-19c2a19b8713,e0d83755-2e43-43f6-8d4e-172698b621d6,ab77a4e3-5d77-4cad-aeb2-265ca9a976ef,
ec2ef829-623d-4fc5-802e-309b766ebdf0,e0d83755-2e43-43f6-8d4e-172698b621d6,affbb805-a315-4c16-a91a-89f3ae0d9492,
8ce8944e-3c01-4ebb-992d-dafb8dc0305f,e0d83755-2e43-43f6-8d4e-172698b621d6,b2c2e1ec-7a83-4e2a-a881-874a4f7cf806,
c3e06113-4b13-4e33-a69c-56f54f27cec7,e0d83755-2e43-43f6-8d4e-172698b621d6,b5a9c683-7522-4633-9a0d-5febeb861faf,
fbf1a22f-1526-4918-abf5-cbc95f8dfe37,e0d83755-2e43-43f6-8d4e-172698b621d6,c6f96dba-8bb0-4efe-ba4a-4f3174924151,
81e19439-937f-4f7d-80bb-ae7d04f88db0,e0d83755-2e43-43f6-8d4e-172698b621d6,cb29d08f-74e3-4a87-a5de-8a65d8142cbc,
717e43cb-742a-43e0-8291-37726be7c4c0,e0d83755-2e43-43f6-8d4e-172698b621d6,cd50381d-cfd2-4185-9a11-52b1d49d88c9,
626fdb9a-d94e-486d-b4a2-2a5882672a6f,e0d83755-2e43-43f6-8d4e-172698b621d6,dcb32208-2a64-4275-b592-1030b82c1060,
e94d1e67-6361-465a-804e-b66fd9ac8cf1,e0d83755-2e43-43f6-8d4e-172698b621d6,e8a80e04-31bd-4fe0-99d5-9a400c1c011c,
f9f409e4-44f0-4a94-935f-6bbebe5a2458,e0d83755-2e43-43f6-8d4e-172698b621d6,e936e7fa-9b06-45bd-9a12-3d2846d5bcaa,
90a4a07a-49ef-49ef-a6be-3e74643d5176,e0d83755-2e43-43f6-8d4e-172698b621d6,ea4991b9-83bb-4196-8d60-ad30535e3001,
b1fe9679-130a-4123-8ee4-6bc7adc8661b,e0d83755-2e43-43f6-8d4e-172698b621d6,f68bf95a-47f7-42ce-93ad-d42641c9a3db,
2622d387-85c1-4cda-8026-ff5b9ac3d5d8,e0d83755-2e43-43f6-8d4e-172698b621d6,f9d8ec12-0af5-47a0-be63-a95a3a17e8dc,
6bd853f9-8a63-4903-bb9f-c38a313be019,e0d83755-2e43-43f6-8d4e-172698b621d6,fb25aa9d-997a-4f07-beed-d192e09dee42,
b83b64ef-402a-4912-a2fc-33bdb24c9b3e,e0d83755-2e43-43f6-8d4e-172698b621d6,fe32028f-0d01-4b4a-bf33-4f45099e46d0,
6f4f1b87-3220-4b80-b307-422a50454a0c,e1e38751-c03d-498f-9cee-a29fc800f0b4,67e67e2a-ddf8-4539-be23-b44bb86b9202,
4aa0343a-289a-4fd1-ac0e-9e83f64a52dd,e1e38751-c03d-498f-9cee-a29fc800f0b4,d40a452d-dd58-4cf6-ab1e-caaf7b715f73,
d29bd168-3aaa-48a0-8f28-14eabe772708,e2824ef6-8448-4451-b4dc-00a138fd5c83,0ade322e-d4f6-4d5e-8062-e7d8af3b5804,
4a218226-6b6b-40cf-b4d7-14ad796819de,e2824ef6-8448-4451-b4dc-00a138fd5c83,5a76af85-c697-43a7-b32b-2d76f3fb5225,
e88d7462-3105-4603-96a3-03171b6d33d1,e2824ef6-8448-4451-b4dc-00a138fd5c83,e29ae74b-f7ad-4764-b99b-d9deac067a51,
bc5af9a8-9d39-48a1-aad6-e6359788aeb4,e347b2ba-eeab-4cf0-8f6b-265b764292f2,084f54dd-1287-495d-be94-7a861f1c7d46,
2f0b78ba-7f33-4e8e-bb95-4d022243d963,e347b2ba-eeab-4cf0-8f6b-265b764292f2,611f31af-91c0-4935-975a-67f32d2f74ae,
1bbb41cb-7dc4-4f5e-9a4f-91ae5604f9ea,e347b2ba-eeab-4cf0-8f6b-265b764292f2,6943d4a7-d729-40b2-90dd-a321e43dc773,
c62e875b-ecc4-47eb-a188-7d9d3bd3fe86,e347b2ba-eeab-4cf0-8f6b-265b764292f2,993c0962-2491-406d-8c6c-df951ee9e8eb,
96b8b16e-a950-4305-bf7b-30113ac4b810,e347b2ba-eeab-4cf0-8f6b-265b764292f2,a0e07120-21ca-495d-ad71-524e893a7422,
81cde827-ca07-4c38-871b-a2eea7a1f3b1,e45e8a7f-ea96-4f90-a5d2-f164fd0b8ba4,421e1127-366d-4a80-b6eb-f9825c2d3b65,
7989db17-6a3c-4e5b-b5b6-52338fa5e788,e45e8a7f-ea96-4f90-a5d2-f164fd0b8ba4,4f295317-4c21-4fa9-91db-d7dbcd404926,
aeaa45e7-bdfd-47d6-8797-d4a2493feeea,e45e8a7f-ea96-4f90-a5d2-f164fd0b8ba4,638adfc2-8683-4911-ab45-cde7e4fb3a29,
aecaf110-20c6-4835-ba38-15bcfb87b55b,e45e8a7f-ea96-4f90-a5d2-f164fd0b8ba4,898b15af-7ca2-4664-8869-59f5c1328545,
3eb739c4-250f-4b28-aa1a-c7cc2850285d,e45e8a7f-ea96-4f90-a5d2-f164fd0b8ba4,9d195348-e249-4b6b-ae77-7e93caa027e5,
65c9de89-73c6-4387-b120-a63ad83d24f1,e45e8a7f-ea96-4f90-a5d2-f164fd0b8ba4,e6dffe32-4835-4864-b141-94a1d138e1f8,
11ee5cf3-8e58-48db-8848-aa547a5e4990,e57864b0-86d6-49b3-84ed-defdc03ae716,22c0d22c-86d0-491c-9e5d-d0c7014f6561,
d482ec3d-e238-47cc-af1b-22058e9356bf,e57864b0-86d6-49b3-84ed-defdc03ae716,6ea5f163-5fc5-4654-948b-0af9a583d281,
99a9feee-e100-4a33-ab96-f0a0599ede23,e57864b0-86d6-49b3-84ed-defdc03ae716,c0cd2683-7c2a-48e0-abc5-aac4c2ff4751,
23dd2366-0330-48c8-abc1-76d30ef1436d,e57864b0-86d6-49b3-84ed-defdc03ae716,d7cc11bd-dbf2-4693-984f-9946a05e9216,
3785e5fe-26ec-46ee-ab2e-4509dbbf6a31,e57864b0-86d6-49b3-84ed-defdc03ae716,dd17ad9c-4e5c-4bee-84d2-3668d04c9e61,
fd986e25-08f5-4443-b0ac-304b8ebb1288,e57864b0-86d6-49b3-84ed-defdc03ae716,f4e6a2fd-8763-4aac-98ec-5b41ce66656a,
baebda8d-0a39-4e9f-aeb4-f86ef386f772,e57864b0-86d6-49b3-84ed-defdc03ae716,fe2b58bb-1bc0-4667-8333-a81666c796d4,
aeb1241f-60e3-47f5-905c-a245a4c0d18b,e636b837-0724-41ea-b75d-10f55ed58451,0188e8b8-ed36-4e7b-b5dc-eb7baffc3121,
c671d95c-192c-4e7f-9863-c7ed546267b1,e636b837-0724-41ea-b75d-10f55ed58451,034fada1-aa27-4962-9bd5-bfee8f03b65e,
8fc17423-934d-43e3-b677-1175912da132,e636b837-0724-41ea-b75d-10f55ed58451,0d220140-da14-4489-9676-de3ac9590b63,
3f65ed4e-9db1-4c9b-935c-55a4b90fdddb,e636b837-0724-41ea-b75d-10f55ed58451,13110ce2-ce16-41fa-8369-fd5cbf3545f7,
2017f5b6-6e94-4f4f-9cb4-b101907fb1b7,e636b837-0724-41ea-b75d-10f55ed58451,157d6dc8-1d80-4018-9157-ac823dee9b15,
9068e618-ffcb-4715-8ca6-f604fc0d37f1,e636b837-0724-41ea-b75d-10f55ed58451,1c7e9b34-950d-4744-ac74-d241d77b718b,
aca79eb6-5506-40ac-bad4-4c661ff0efb4,e636b837-0724-41ea-b75d-10f55ed58451,2165a2d4-2f3b-47cc-9a5b-75899520dbd3,
fca823be-f0d4-4f66-b844-88b8093330b2,e636b837-0724-41ea-b75d-10f55ed58451,3606b920-5147-4fb0-80b4-64a8454d88bf,
d0af1b2b-0589-4991-8dab-141b19daaae5,e636b837-0724-41ea-b75d-10f55ed58451,48beeb3c-7132-4fe4-b61a-6557325bbcbc,
f9aaf2c5-cdeb-4fab-b575-cea90ee198b9,e636b837-0724-41ea-b75d-10f55ed58451,4faaa48d-dc75-415b-acf6-da4a0af189fb,
0a066f53-1fd2-4ff0-8689-d268b23d8cf4,e636b837-0724-41ea-b75d-10f55ed58451,52af0eb5-3f19-4e27-95ad-55a07e56e4a7,
646097f1-c6ba-42d4-892b-424e94ab4eb6,e636b837-0724-41ea-b75d-10f55ed58451,56a2d420-ae94-47e3-9806-df96458c2a30,
f679aa41-7f96-4ddf-9eea-030d1edb6a58,e636b837-0724-41ea-b75d-10f55ed58451,58b1271b-94af-4052-b891-33e84c0a1c36,
c123ed33-7624-4aba-b5e0-2c38db493b10,e636b837-0724-41ea-b75d-10f55ed58451,59f8bd60-6b96-461e-9951-37ba8e261856,
7fef964b-d786-47b3-9265-338e8ab671ed,e636b837-0724-41ea-b75d-10f55ed58451,5a8187c8-4756-4e95-9b3e-84abccb9af06,
846137d5-6f63-4be8-bdab-78814acb13f7,e636b837-0724-41ea-b75d-10f55ed58451,600823b4-1ce1-44f5-adfa-306c2c8a15a1,
54db7837-6779-4aeb-8fdc-147d3694c17d,e636b837-0724-41ea-b75d-10f55ed58451,6017017b-86ee-43b5-9b6e-c36094b310d0,
62a5b065-1b28-424b-b191-d6223d4e08f4,e636b837-0724-41ea-b75d-10f55ed58451,6716c93a-1356-4716-8043-1aec81273755,
22951e98-52c7-45d9-8220-34dddd525752,e636b837-0724-41ea-b75d-10f55ed58451,6baed5a9-0909-4fc0-a1f2-7d33b0f8015a,
dcdf0630-1ad9-4c67-aaee-82641406f49a,e636b837-0724-41ea-b75d-10f55ed58451,6c69f4e9-e527-4fa6-ab11-d562ec06b7f7,
89f604c0-06b6-47e8-ab36-7adca1dfb7e7,e636b837-0724-41ea-b75d-10f55ed58451,6df96b69-59e0-466f-a182-5618267371de,
4deaaa79-8726-4838-8da8-11dd96fc73cf,e636b837-0724-41ea-b75d-10f55ed58451,a363a787-510f-4622-aed8-e86e62d62674,
668f05ac-fbf2-4859-aa5a-eee991843055,e636b837-0724-41ea-b75d-10f55ed58451,a517f442-735a-48b1-9f93-b9f1ddf42a06,
2a3e9801-6031-4918-b286-616974a78ea3,e636b837-0724-41ea-b75d-10f55ed58451,aac15ede-eed8-459c-8628-1faa9dedb24c,
86373efb-f267-4718-af01-1675e2816cb5,e636b837-0724-41ea-b75d-10f55ed58451,ac7fd8fb-cdc2-4c4c-b610-34a7ce1008be,
73a69571-0518-4c95-a27e-37ded1df2cb8,e636b837-0724-41ea-b75d-10f55ed58451,ad6e9a6f-7a71-4418-bc5e-994b38deaeb4,
81ed7b6e-51a9-45a6-9151-754f40c03f2a,e636b837-0724-41ea-b75d-10f55ed58451,b6e6d888-dc72-44b9-939d-5c8d6a47dab3,
c0ed446e-7f86-4f28-a612-cd888ece445c,e636b837-0724-41ea-b75d-10f55ed58451,bc10cc1c-9860-4701-9a8c-1d0efbb566fc,
a7f495eb-6e7c-441c-94f0-2730a34db498,e636b837-0724-41ea-b75d-10f55ed58451,daffa338-c6d9-45ec-934f-83be8b6a1623,
c4bea754-8ffd-4425-b5b0-8384f591be4e,e636b837-0724-41ea-b75d-10f55ed58451,dde45697-34f5-4c97-826a-c961ad03a5e0,
d399724d-9390-4361-a85c-20cf82514ea5,e636b837-0724-41ea-b75d-10f55ed58451,e19fbda4-146c-4da4-aadf-4652edfcb845,
0e7f3e08-76fd-4a2b-8e9f-b77bac7a3830,e636b837-0724-41ea-b75d-10f55ed58451,e9206cc2-605f-45ec-8c63-d13e945433a0,
e24795bd-d96d-4c93-a4ef-123a3f0d6421,e636b837-0724-41ea-b75d-10f55ed58451,eb9c5f33-2b2d-4f10-9993-c0493c5fe572,
c4f0ccd8-2e69-4424-8af0-230201e4683e,e636b837-0724-41ea-b75d-10f55ed58451,f4efd5cb-1883-4aa3-96b2-559ad944ad39,
3d873674-d704-4400-bfbe-ce79e04b014e,e636b837-0724-41ea-b75d-10f55ed58451,f5339817-c4fb-4d72-accf-550e889e2db9,
7a4d699f-5f34-4f5a-a0e0-64b9c517e30d,e636b837-0724-41ea-b75d-10f55ed58451,f7986a40-b723-499a-9cb3-eaa0e8de8226,
5cf34646-6aaf-4f08-bcd0-10275b26cd5a,e636b837-0724-41ea-b75d-10f55ed58451,fdc32d98-1dd0-4ecf-aeab-8a326b310eb9,
55cd56ba-9ab1-4af0-98d2-7b259c182232,e670b56e-9d9c-48c2-b0f1-266c7eac9b5d,193ac428-1324-4bf3-af2b-115a55f0e253,
92b9a7f1-4e12-4edb-9c0c-f34a453e9f50,e670b56e-9d9c-48c2-b0f1-266c7eac9b5d,1cc1d4e0-5d46-44ad-ad9d-48d7133c0a28,
6f85ee4e-3339-4f5b-805a-4137721e9afe,e670b56e-9d9c-48c2-b0f1-266c7eac9b5d,1e8271c1-7d17-4d03-ac88-f398148ff3c9,
e60b6f2d-e478-41b5-9eae-d6cb47494cd7,e670b56e-9d9c-48c2-b0f1-266c7eac9b5d,2aac836a-fa41-482f-984b-969b3221425e,
d6c6c52c-39f0-470e-96ed-d6678c60b48a,e670b56e-9d9c-48c2-b0f1-266c7eac9b5d,2bb62e0b-60fe-4270-91da-4c4e62f0d1f8,
e0c6fa1f-abf3-4999-9781-79e6973d4371,e670b56e-9d9c-48c2-b0f1-266c7eac9b5d,2c164ff6-8adb-44a8-90ef-1c8ad2d0ea0e,
c2b9d95b-3691-49ee-b840-9cc6ba7fa613,e670b56e-9d9c-48c2-b0f1-266c7eac9b5d,2e958243-a633-48da-95e0-9059777d8b4b,
6f3ba9ce-55e7-4451-aa91-f85f65e09fa9,e670b56e-9d9c-48c2-b0f1-266c7eac9b5d,2ea721a0-9228-4d34-af88-e29452341487,
97300bde-9453-4a10-bb0c-470e4c0bc4af,e670b56e-9d9c-48c2-b0f1-266c7eac9b5d,3fa13ece-bffa-4e33-886f-89b78200c167,
c0a6e46d-c794-49d1-b728-b24113527129,e670b56e-9d9c-48c2-b0f1-266c7eac9b5d,42e85ed1-ea20-4160-8127-087baf325f24,
9f704827-f361-424e-918e-98c1352fa5af,e670b56e-9d9c-48c2-b0f1-266c7eac9b5d,44c822bf-d80b-4c90-b81a-f1bf446c2dd4,
3e4d2ca4-6e0a-4b19-8c05-aa8ef6c36594,e670b56e-9d9c-48c2-b0f1-266c7eac9b5d,46671b3a-5544-479d-b491-b3cb58a2a29b,
16cdc957-92a9-44ee-9610-de357f59f85d,e670b56e-9d9c-48c2-b0f1-266c7eac9b5d,47f5c4ea-4be2-45fe-a27f-c148cd4bb28c,
a46ca9df-146f-4343-82ff-31fed5c69052,e670b56e-9d9c-48c2-b0f1-266c7eac9b5d,48c7ecc9-55a6-4ae7-a484-56c1c5ff3aca,
62f39355-a46b-4dca-8bc7-ab8d48ecc6ef,e670b56e-9d9c-48c2-b0f1-266c7eac9b5d,4c02ec2c-f05e-4e3c-93b1-eda8aaf6a713,
53469939-1d4e-4c4a-a582-29a6d2d41ff5,e670b56e-9d9c-48c2-b0f1-266c7eac9b5d,4d86eb40-8e66-426b-9c2e-b8ed068bb8cf,
d7562d7b-d031-40be-bb86-0991ab1afe9c,e670b56e-9d9c-48c2-b0f1-266c7eac9b5d,4dd1cc74-5eca-4881-85d5-a00745371608,
0eb8f539-2c9a-42c7-bd0f-1a19e0138219,e670b56e-9d9c-48c2-b0f1-266c7eac9b5d,62ecdb7f-83d5-46f4-a64c-ce48ec3a5c8b,
103dff04-df46-4408-95dc-73cc68eac8f2,e670b56e-9d9c-48c2-b0f1-266c7eac9b5d,67e1783b-1fcb-4426-b161-21e5ef3706a0,
57988f7e-607a-42fc-952f-649b929e3102,e670b56e-9d9c-48c2-b0f1-266c7eac9b5d,7d09b62a-9de2-4c4d-bae4-f5deb19c17ea,
469a6c56-1aa7-43ad-8f27-d79ae20e20a7,e670b56e-9d9c-48c2-b0f1-266c7eac9b5d,8140347c-9c8c-4a25-986a-33b1340889cc,
ab4d491e-927c-4392-a56c-17a004a559a0,e670b56e-9d9c-48c2-b0f1-266c7eac9b5d,8a5c36d1-e5b0-4867-abfd-891e901de13b,
6b674f27-db27-4aee-aac1-7b95b0a6dbae,e670b56e-9d9c-48c2-b0f1-266c7eac9b5d,8ea97fa9-f0bd-4443-a488-7e2f2b742405,
15fa5087-36cc-4e31-8c30-56598aad80f0,e670b56e-9d9c-48c2-b0f1-266c7eac9b5d,8f95a509-c2a1-4f24-8bfb-51c001cff884,
96b1db6e-51b6-4370-b16b-ccf5c9f15214,e670b56e-9d9c-48c2-b0f1-266c7eac9b5d,930eb938-8444-4a43-94a3-9226cebf2971,
f1a3c328-f662-4558-a98d-70904db4532a,e670b56e-9d9c-48c2-b0f1-266c7eac9b5d,989c694b-b66b-4cce-aa6d-9bb1db954a2f,
98a1319d-1524-42e1-b6e8-6faa9a3efcd3,e670b56e-9d9c-48c2-b0f1-266c7eac9b5d,9d29ece9-b2f2-488d-acf4-82afd3b540de,
9404f8f5-1e78-4fe4-98c3-0b411c08f9ce,e670b56e-9d9c-48c2-b0f1-266c7eac9b5d,9e72207e-0e49-45ac-bfe7-7e27f4431e37,
a60ca6f7-947f-4c82-952d-5e87ba40e6f0,e670b56e-9d9c-48c2-b0f1-266c7eac9b5d,a24b591a-1902-4218-952e-3d98e93cfc70,
ef0f57dd-ef07-4cbc-b507-932211234191,e670b56e-9d9c-48c2-b0f1-266c7eac9b5d,ac1415cf-6a48-4382-b094-a8854f323141,
84c85ccc-eed7-4c92-a6e3-9bf250b6c078,e670b56e-9d9c-48c2-b0f1-266c7eac9b5d,cad7fdb8-bb47-4732-a948-f21d5f10b731,
1613f7c4-bb51-4b41-9fcb-34262e16bba9,e670b56e-9d9c-48c2-b0f1-266c7eac9b5d,d70f37a7-5817-4c53-9c52-10ffe2585a86,
767aff35-75d0-4443-b83d-efef9dd27c35,e670b56e-9d9c-48c2-b0f1-266c7eac9b5d,d957e616-e9f4-418a-87ec-9480e430533a,
c59f30d4-0461-4d1c-9066-bed4e72cc3fe,e670b56e-9d9c-48c2-b0f1-266c7eac9b5d,db41e81d-629a-42b5-8451-21c326d1ea65,
56fc1a7c-df80-40fe-b16f-1990da7b70a8,e670b56e-9d9c-48c2-b0f1-266c7eac9b5d,def2c884-2030-465b-90c6-cbb8e5963d56,
a4e93f39-5cad-4b71-ac6c-71cd339dae2d,e670b56e-9d9c-48c2-b0f1-266c7eac9b5d,e14170d8-2a32-47da-b3fe-ae3dd80dbbf8,
a28f1730-e8dc-4d06-b4ee-502968b85c53,e670b56e-9d9c-48c2-b0f1-266c7eac9b5d,e3cd6091-f862-4739-9416-ab0987f35913,
c8e22862-6eb5-474e-9635-cd2fcecbbf02,e670b56e-9d9c-48c2-b0f1-266c7eac9b5d,e61b0c9c-640d-4f3a-936b-f69142bf5c96,
4ef04da8-d98b-403e-a13e-4d13502facac,e670b56e-9d9c-48c2-b0f1-266c7eac9b5d,f746cc80-1121-497a-bfbf-fa9bd7647669,
f7f9a2c8-d55f-4b60-9206-75e3e8fd591b,e670b56e-9d9c-48c2-b0f1-266c7eac9b5d,fe6e5f52-a8e7-45b2-b5a0-fc6babe2d7a5,
d5a9201f-7aea-497f-96f9-6bcce8296e19,e82d3b6c-1c24-4a39-bae9-2f7d9f61217e,00d6562e-2f19-4bef-9930-bfc9682196a6,
87c35b0d-7515-480d-8062-5f646fe2a446,e82d3b6c-1c24-4a39-bae9-2f7d9f61217e,0176006b-7cc9-42f3-867c-2c00cdd60e0e,
e9f6e309-b9e5-42a5-bab5-5883d924154a,e82d3b6c-1c24-4a39-bae9-2f7d9f61217e,0c35bc56-f7af-48aa-a9e4-e9d3db3a4777,
b5e2cbba-be4f-46cc-ad65-349ea3882417,e82d3b6c-1c24-4a39-bae9-2f7d9f61217e,2df5fbbf-4673-46db-93e2-8101cddfbe8b,
b84597b1-1634-4251-9a80-de9f31fe0441,e82d3b6c-1c24-4a39-bae9-2f7d9f61217e,3ed27a57-13a8-4819-bbcb-fe84f61c86a0,
7039b643-235d-4e43-9543-ef83796405fc,e82d3b6c-1c24-4a39-bae9-2f7d9f61217e,86dde809-3b1d-433f-a0c9-2f5d5d06ea4f,
67c119ad-27cf-405d-9e38-cdf899c2bcf7,e82d3b6c-1c24-4a39-bae9-2f7d9f61217e,91d3ba8c-f954-4eaa-be86-0b7db7f2f707,
73fb0e26-ad31-4cb0-bb36-7b40da85c5bd,e82d3b6c-1c24-4a39-bae9-2f7d9f61217e,a28c5436-2e51-41e9-be65-085b0ba21830,
a8088878-da3e-4696-8bf3-85ac05d229c8,e82d3b6c-1c24-4a39-bae9-2f7d9f61217e,a3fe828e-0d82-417f-9e5a-ca40090f2357,
df3a9762-3bb5-447a-9ecf-bc8da9fdacd7,e82d3b6c-1c24-4a39-bae9-2f7d9f61217e,a897234e-e9ab-4574-9fcb-079d760fcdeb,
52105349-7a2c-4e3e-9189-7ef6e327e814,e82d3b6c-1c24-4a39-bae9-2f7d9f61217e,bc8f06cf-1d17-4235-a389-e6a22592c8a8,
0711cdef-0bf3-48b6-b424-b270427225ff,e82d3b6c-1c24-4a39-bae9-2f7d9f61217e,bca61cb1-b3a6-4790-b113-ca4a5f047dd3,
9287d4e1-1c22-4347-a37b-cbea331eb05c,e82d3b6c-1c24-4a39-bae9-2f7d9f61217e,bd8ee58e-9b25-4461-93a7-5e0d0d9c1424,
1aac8f75-06e3-4e27-a97e-c71b3dd30ef4,e82d3b6c-1c24-4a39-bae9-2f7d9f61217e,c6e7c8b0-6788-4f9e-a497-162adcbd0113,
4a052add-7916-4b3e-b6fe-bdd7cef10f73,e82d3b6c-1c24-4a39-bae9-2f7d9f61217e,ccef0e23-be7a-4c4b-ab1d-7d122deedc39,
eb2d0cbd-6c84-43a6-88de-59577168afe8,e82d3b6c-1c24-4a39-bae9-2f7d9f61217e,d89d5418-7b78-415c-a1d5-70af0b37bfec,
4b211b51-d42c-4cb0-aef3-e14ad052322c,e82d3b6c-1c24-4a39-bae9-2f7d9f61217e,e92423c7-5c3b-4d04-a416-4dfea1e74dda,
818f23d8-ff1e-4f75-a0dc-6fe2be998e46,e89a48eb-2ad4-41d6-9a56-400d886cb406,0ab463db-0333-4dff-ae92-b4353ab2ab1a,
5f9e5af6-9513-4f9e-ad01-3dcfffd24907,e89a48eb-2ad4-41d6-9a56-400d886cb406,3ad8e424-e375-43f4-8804-2d1b3efbb78e,
015f9e50-4e10-4b26-9862-519f26f9ffbb,e89a48eb-2ad4-41d6-9a56-400d886cb406,4dcd825e-1a2c-49dc-b57b-a4cd2d991b74,
7d869bf7-3718-487b-87c4-851cd348060c,e8edf8e2-1da0-4c90-9b87-67e24a07be58,82ddbe0a-968b-462b-8dba-625f313acb83,
658486d0-09b6-4630-a12e-992a15b576ec,eb1dd25c-c1a9-4e07-81c1-d2bc245907e2,5dad7e6e-6598-49ea-b06b-0a63cb8c1ac2,
e592666d-235f-430d-865a-8962ce7d0856,eb1dd25c-c1a9-4e07-81c1-d2bc245907e2,bbebb2e1-7f6c-4529-b19a-c114854660e9,
0a9e99b7-35c5-4ab1-8c56-389027d2e3f1,eb1dd25c-c1a9-4e07-81c1-d2bc245907e2,fa6a269f-c5a6-4ef7-8442-1c7c1031f2fd,
42c2900c-833d-4924-a6e9-d74c2851b4da,ebb05dfd-f5d9-44de-a466-95b96a51524b,032073b2-3c1c-4520-9b33-2edbeb2f728c,
aca45ce4-9416-4135-9e71-84fcb367704e,ebb05dfd-f5d9-44de-a466-95b96a51524b,08b494e8-870c-407a-914f-032a1da13f1d,
698a38c3-f841-4446-8a65-8121bc6c0c1f,ebb05dfd-f5d9-44de-a466-95b96a51524b,0ea65e1b-370a-449d-a80b-0987d951009b,
2c397415-2c31-4269-adab-ab08a8dd4d96,ebb05dfd-f5d9-44de-a466-95b96a51524b,12d5263e-6a2a-44f5-b1b6-3963ff0f3f78,
130f6d47-bdbb-4ff4-a7ca-5c7056b25723,ebb05dfd-f5d9-44de-a466-95b96a51524b,1387c25a-ca4a-428d-adb9-2ea57c5d71c7,
2d6d6544-c56f-49be-87c2-2c32a554095a,ebb05dfd-f5d9-44de-a466-95b96a51524b,154a8a83-688d-469a-9c40-b1345e80c952,
1ed013b4-073a-42ce-b400-61109a44fc01,ebb05dfd-f5d9-44de-a466-95b96a51524b,1742eed8-c409-4731-82ed-0182dd12c565,
fc799dc0-fd98-45cf-8e07-2ec1b4cd7719,ebb05dfd-f5d9-44de-a466-95b96a51524b,29f11d62-3506-44f6-9166-854e41d272b8,
fe3c0472-51db-46a7-82fb-f8e3d6961039,ebb05dfd-f5d9-44de-a466-95b96a51524b,2b1c88e7-c26c-4542-9536-e5cd5e9de3f2,
9ec5fed2-e3be-4488-bc44-ed9d6cc20740,ebb05dfd-f5d9-44de-a466-95b96a51524b,39263459-78a7-43f1-8b5b-f2c6b845999b,
3d746b49-c636-4db0-86d1-aa204e77f940,ebb05dfd-f5d9-44de-a466-95b96a51524b,64725179-28fc-4313-abe4-06ab8b4eec05,
e009d147-5843-43ad-999d-bd34e4ca6542,ebb05dfd-f5d9-44de-a466-95b96a51524b,6e223e56-0ba7-4773-8220-c47244a0f3a4,
02f7ca2e-9503-4eb7-b1d6-bd16156ee1ea,ebb05dfd-f5d9-44de-a466-95b96a51524b,7f4900ad-d1bc-4a62-969a-361fab40231d,
32910af5-b984-4bcd-9864-cd86732202c4,ebb05dfd-f5d9-44de-a466-95b96a51524b,87171744-d3b6-46ca-a235-2b1ed02e75ec,
63481786-a00e-4b82-a994-4dd9958730b4,ebb05dfd-f5d9-44de-a466-95b96a51524b,87c9ab4d-316f-4e08-a024-a8a46a688d77,
8a6bd498-aba1-4f83-807d-8a452cbe4a3e,ebb05dfd-f5d9-44de-a466-95b96a51524b,a71f10b7-eca7-42b5-9ade-b02869634ad5,
b35cd763-f08b-47a6-936b-cd7099085b7f,ebb05dfd-f5d9-44de-a466-95b96a51524b,df27fb18-7947-4a5b-9aa6-9b128d36c0db,
ee350200-a141-4f98-8364-2fef36a96bc6,ebb05dfd-f5d9-44de-a466-95b96a51524b,e45b5426-24e2-4c13-afe7-2ad62a181301,
f0e9dacb-20de-488a-9361-bbf649697ffa,ebb05dfd-f5d9-44de-a466-95b96a51524b,ec05614e-c2a5-4da0-9a79-6d6c50844e43,
96ded177-3992-4a4b-bd18-b8153e968255,ebb05dfd-f5d9-44de-a466-95b96a51524b,f00cd2db-6d79-45db-8651-79c388aea92e,
d881bcd8-338c-4004-8d76-421f378a15ad,ebb05dfd-f5d9-44de-a466-95b96a51524b,f0699ae3-24a3-4c69-aaf8-ce726ba9d584,
9ddb4920-de89-4607-81b6-191a6118def9,edd51611-05d7-4701-b3bd-872145a82453,0baa7a0c-1269-48a3-8b34-7af8a9090847,
a05f82d4-a8de-465e-92b1-3e9d44cbc8da,edd51611-05d7-4701-b3bd-872145a82453,0cb4db33-6215-41d4-b964-3fef59ff59d2,
6f09095f-feef-4e7b-ab84-4a5e5f04cdd7,edd51611-05d7-4701-b3bd-872145a82453,1bcfb61f-3d98-47c4-a1af-55246043a744,
56ec9824-a6a7-4312-9b90-1c77181ff887,edd51611-05d7-4701-b3bd-872145a82453,4645d2e9-5173-4fc8-bbaf-3d04bc301e87,
2d4711c9-5c6e-43ea-aa8e-a8f4b5d4f382,edd51611-05d7-4701-b3bd-872145a82453,65af4089-d2a1-4ea2-9600-0f4cbd73d2c5,
eb9efed3-f946-4209-92ff-be8762bffcba,edd51611-05d7-4701-b3bd-872145a82453,8cc55b82-cbcb-4be7-8ca0-bc9a00d938de,
2585d6ab-ca0f-41d7-8c12-97f9db42434d,edd51611-05d7-4701-b3bd-872145a82453,940fb439-b99e-434f-8f26-00a2b4c9516f,
2863dcfc-1489-4c0a-bee2-a8d2805b0d11,edd51611-05d7-4701-b3bd-872145a82453,a799b42a-e402-4e19-896e-2888f5ffce4a,
1a98567b-baf6-4ba7-8ec2-06b00504e665,edd51611-05d7-4701-b3bd-872145a82453,b195588d-c8b2-4f1e-8da8-9953d395deff,
0e959a79-a1b7-4283-84f5-51137c46b2c8,edd51611-05d7-4701-b3bd-872145a82453,bb9d278d-7e78-42a8-8989-93a8aed4ee46,
1a88b765-a687-4be3-882f-abf916b2319a,edd51611-05d7-4701-b3bd-872145a82453,c13138de-ee75-4ce2-ad6b-acaa5208aad4,
754bed19-58a8-4d4e-ac90-5346e5dea9ea,edd51611-05d7-4701-b3bd-872145a82453,ed26435e-8697-44e3-8e43-0ab3f2fcb946,
6caa90f1-65e4-488e-9629-3cdc8c548998,ee45e716-7542-4fba-8623-22513c7c9155,06fc3c3f-3199-4f3c-9eb3-911ad8d558c5,
bb689a61-9ebf-4f86-ad24-0e219c73aef0,ee45e716-7542-4fba-8623-22513c7c9155,3071a57c-bc4a-404c-9b6d-f95da0aa873d,
a387834a-fc62-4091-9b16-130d105a3330,ee45e716-7542-4fba-8623-22513c7c9155,3b796ccb-882d-4989-952e-91d4f0138753,
05efad66-85c0-4134-8ed4-05581a9c04a8,ee45e716-7542-4fba-8623-22513c7c9155,4962a7ef-0dfd-47d9-aa3a-02a6e70c1c47,
8d9a0880-c32a-43b4-bebc-457eec04dfb7,ee45e716-7542-4fba-8623-22513c7c9155,53ffa9f1-f7e7-43ac-a41d-f616208a5b99,
ec04306c-17c9-4e0d-aa2b-46935097671e,ee45e716-7542-4fba-8623-22513c7c9155,58328be3-3d37-4aaa-ad79-b3f985082fac,
997b0a87-e776-4d47-98cc-a672e5cf38d5,ee45e716-7542-4fba-8623-22513c7c9155,6a5ac9f9-9ff3-48dc-823a-2ab1b3264b9a,
87048cff-f413-4b41-80b4-4e387777bfd7,ee45e716-7542-4fba-8623-22513c7c9155,7316ac23-a8ab-4415-8d1c-0641acd30bb2,
c5b4c726-3961-4ee5-ac28-b30496e170d7,ee45e716-7542-4fba-8623-22513c7c9155,df2cf5e2-0156-406f-a21e-be218f5aff52,
a01f71ee-cdef-4400-97fc-09498b97560f,ee45e716-7542-4fba-8623-22513c7c9155,efa0e74c-dc82-4b30-b699-6b353fe9e1b2,
2c023fa1-4134-4437-a17b-cf388fe97aa2,f148aafb-b13b-45b8-ba49-98fa04904256,1b484328-691b-44a0-b800-0c3093a2635c,
b890e213-b180-47e3-b385-ea510e3d9791,f148aafb-b13b-45b8-ba49-98fa04904256,1f25c1d9-a342-4492-a336-30a38747c192,
9b8c22d1-681c-4042-b9e3-d4da45b9a521,f148aafb-b13b-45b8-ba49-98fa04904256,22aed07c-efa3-44fe-bb43-78c842274ff7,
96b0c7a9-0ac4-4ded-a0dc-926ee8a4518b,f148aafb-b13b-45b8-ba49-98fa04904256,2a5c113e-a074-405e-ae57-1e6bf721ebd1,
3d224ba7-ceba-4aa9-9a04-e09630319e36,f148aafb-b13b-45b8-ba49-98fa04904256,37b69ba0-a539-4288-9275-72eea9c53350,
ae81a77b-a53a-4673-a771-18e811e758db,f148aafb-b13b-45b8-ba49-98fa04904256,396ebc54-f372-4d91-a852-9d105b6a3891,
7776cb38-1678-4a75-8a88-847cfeb25e3d,f148aafb-b13b-45b8-ba49-98fa04904256,477750a9-2ef2-4c95-8217-2eba558f0743,
a9492189-d27a-441f-8247-9453ef137ac1,f148aafb-b13b-45b8-ba49-98fa04904256,57f6483b-f7af-4f16-b12b-f2c793b27f12,
c5f6cef3-6491-4ceb-afd7-ae8bcbb7d34d,f148aafb-b13b-45b8-ba49-98fa04904256,6e8c21e8-1265-437c-b50c-61a5b1c9aeae,
49c01413-1e34-41d7-aa28-95f72edbeb96,f148aafb-b13b-45b8-ba49-98fa04904256,77774ba6-a0d5-4473-9aad-d9ad14c2a870,
45070990-17f1-4b42-946a-b1bf8670797d,f148aafb-b13b-45b8-ba49-98fa04904256,8bff6354-d6ff-48b3-bac3-3f48f1870b8c,
97f09223-0f0a-404d-a3bb-a93eca79cd62,f148aafb-b13b-45b8-ba49-98fa04904256,a0dbabd7-b893-4c34-9c54-d4553890db68,
bd698c25-23a6-4a54-869f-01df910eccd4,f148aafb-b13b-45b8-ba49-98fa04904256,a760ca19-2974-43b5-b488-558eb859ce5d,
27db9d59-e0d8-4d3a-8dc9-0e611debe1d7,f148aafb-b13b-45b8-ba49-98fa04904256,baa9e44e-33b5-4857-bf62-b39e69a4cef1,
84852c15-2e8b-48dd-9438-c36df2899abe,f148aafb-b13b-45b8-ba49-98fa04904256,bf2990b2-3aec-4807-a610-c0a671f578b4,
873eff6c-3610-4951-ac51-74c103cf38aa,f148aafb-b13b-45b8-ba49-98fa04904256,db363f36-dc34-4e35-985d-f81b72ded126,
a577d3eb-9858-4e40-83e5-9298c09b842f,f148aafb-b13b-45b8-ba49-98fa04904256,e13f44af-f837-4ba5-b6bb-063ccdfeb1e3,
5d48ec7a-116b-4671-9f6a-a38864da4431,f148aafb-b13b-45b8-ba49-98fa04904256,e376149d-8f9c-478e-badb-9e199c3eb3fc,
664d311a-7032-4b6e-9fcf-d6e9d0f90bdc,f148aafb-b13b-45b8-ba49-98fa04904256,ed812944-a244-4391-94a0-dc60bf2a2ee4,
e7909e73-52f1-4680-a06a-8476ad2c8edb,f148aafb-b13b-45b8-ba49-98fa04904256,ed8d9f01-73da-4d62-a310-5175655bc686,
121ada2f-69a0-4a27-baab-c9dba8e69e2b,f148aafb-b13b-45b8-ba49-98fa04904256,f4b7e19c-a12b-4b14-853c-23f34e89a5d9,
1263b962-9e38-4665-9048-d94e9275a904,f222544c-e3fd-4b9e-afa2-c68ca5db246f,05dabba0-ba62-49e5-8337-9ce6c5c84774,
04124312-20e2-4838-88e3-8e380d48bef4,f222544c-e3fd-4b9e-afa2-c68ca5db246f,496eb233-edbe-42ae-b895-10488d250110,
ee1a6262-e081-4080-bd26-a2dc3c759f80,f222544c-e3fd-4b9e-afa2-c68ca5db246f,632aec8b-1515-44ff-8978-305d93241e0b,
a013b666-5e0e-454a-ab43-a6fc281d6e5f,f222544c-e3fd-4b9e-afa2-c68ca5db246f,70f91fe7-66cd-42ff-8a8a-ebd44e7c5ac3,
ac0a2414-b078-4e6a-8a69-62a230ddc4e0,f222544c-e3fd-4b9e-afa2-c68ca5db246f,a5cbd344-06ec-481a-a170-78033d088beb,
8514ef71-339e-43e7-9213-d7f388a149e6,f222544c-e3fd-4b9e-afa2-c68ca5db246f,ada161e9-b4ca-4abc-8193-caced597270b,
f5494b93-9fa6-42ef-bada-deee872efb50,f222544c-e3fd-4b9e-afa2-c68ca5db246f,b185f86e-cefd-477f-93a7-c84552e02d13,
3d44fb9f-ceb8-4dfe-be76-18d9daae7d41,f222544c-e3fd-4b9e-afa2-c68ca5db246f,b797eb77-0558-43c6-8b40-8b742f376248,
caba4636-da20-43c4-9a4c-6b5de015a341,f222544c-e3fd-4b9e-afa2-c68ca5db246f,d9e271d1-d146-43f5-875c-91a7b1e6b77c,
8d984b85-03b3-4690-8ac9-54985251cd8a,f222544c-e3fd-4b9e-afa2-c68ca5db246f,de51885f-91e8-4050-938a-d632a61e957b,
05584fac-b6b5-47f1-9c1e-5585ec55a042,f24dcde5-d41a-4e62-8e0f-32d0c10b3e83,020907e7-c582-4cf0-b395-8c93d55a2bd5,
4973f232-790f-42b3-aaeb-803a3b23cd3d,f24dcde5-d41a-4e62-8e0f-32d0c10b3e83,49d7c831-31e6-472d-9d0a-5036e8756445,
052a15b3-631e-4664-a64c-9a719e9c9187,f24dcde5-d41a-4e62-8e0f-32d0c10b3e83,6fcdeab8-2d64-4709-ba75-c67f20a90622,
78696152-3d70-4c3d-8627-d4b163bf0532,f24dcde5-d41a-4e62-8e0f-32d0c10b3e83,825c1758-fd61-40c4-a62a-36092205c8d1,
6811e5f6-b7fc-4548-91c7-60f6c7e2c736,f24dcde5-d41a-4e62-8e0f-32d0c10b3e83,efe4b6d1-e1ec-4f58-8e2e-802bf44fff9b,
f946544d-1fed-4aa7-94cc-e72439a1da7c,f2c9096f-e774-4b7f-be08-3cc776464db6,0a1290b5-2964-46d5-bac7-b57dde109cb7,
fc4e151d-1aa5-4870-85fd-0aef0b6b9cc7,f2c9096f-e774-4b7f-be08-3cc776464db6,5a5b121f-43c0-47a1-8f61-c41c99c268db,
ba206cf2-121a-4249-9b4b-93edfd2f03a0,f2c9096f-e774-4b7f-be08-3cc776464db6,e4f540ee-cb6b-4c4e-8688-953e2139e12a,
0304a563-0534-4311-afc3-1ca486abc126,f2c9096f-e774-4b7f-be08-3cc776464db6,f26badbb-1076-4bb8-b061-87c8b1abc3d7,
127b3d5f-8d6f-423b-bed7-7d59c0df5b36,f4c6e111-cffb-4b1d-a246-59dc58efc984,10eea2c8-11dd-4fef-918f-6e00b746cccb,
b49da329-454b-4d2c-a7be-e0f2a18708da,f4c6e111-cffb-4b1d-a246-59dc58efc984,17246590-a75b-49c6-884e-539adb69626a,
34a403ef-c6d2-42de-94b6-b1063fd99675,f4c6e111-cffb-4b1d-a246-59dc58efc984,73a51987-3e31-4637-b9d0-f11aa0a7ac27,
7637fb99-4cb0-43d6-bda1-f2d2692150b9,f4c6e111-cffb-4b1d-a246-59dc58efc984,8970cd7e-aeab-46bf-be37-f59d456ba070,
a4a9e89e-06ad-4674-a3fc-4ca8372a00e4,f4c6e111-cffb-4b1d-a246-59dc58efc984,a2f813ce-c7ae-4162-b2e9-5255b806a66c,
0f846022-3b95-4d99-9ff3-28faae96ce4e,f4c6e111-cffb-4b1d-a246-59dc58efc984,d609091c-d420-4132-bd6f-8afddebd423e,
6879601b-e88f-4643-959a-75d5590d469c,f4c6e111-cffb-4b1d-a246-59dc58efc984,d8ff605c-acb8-484f-acf9-9b13735c3579,
804d5517-e6d2-4207-9d66-7e9d95614d8d,f5f06134-39af-4fbd-aed9-f12a9ff746d1,0cd0f961-5721-4430-a2f1-8b980a437e7b,
99732b44-df3c-4179-8fd0-8fda6b855732,f5f06134-39af-4fbd-aed9-f12a9ff746d1,2cc2eef4-de4a-44db-a421-9e47d2f8fd57,
c3f44055-d49c-411c-8f14-67188574f158,f5f06134-39af-4fbd-aed9-f12a9ff746d1,5ab43674-26fa-4f78-b6b1-ddc62aa62c70,
213092a7-5d83-4f2d-8bc4-76b2dcf7db89,f5f06134-39af-4fbd-aed9-f12a9ff746d1,da6d8007-1112-4394-b79a-b8185e72f3a4,
f3ba5e98-1683-4d7f-a472-2a0f5de62054,f68001e5-c47a-4414-9d26-1cbdf7961e4d,5d4db974-9b9d-4865-878c-f2b76472c6c9,
1ab1fc64-3d55-4258-9183-1ef8dff7386f,f68001e5-c47a-4414-9d26-1cbdf7961e4d,d771c942-fbb8-4d17-b4cb-5de0a19a209f,
218d57b9-9eda-4330-9a43-a66dedfe33ab,f6baf4fe-2fac-4ae9-b885-b52b23f5b616,1500e582-33a8-45dc-845c-cc50d526d7fa,
eeef3e5f-3622-4f6a-b9fd-4d86b8ab745e,f6baf4fe-2fac-4ae9-b885-b52b23f5b616,65be8bdb-d0eb-484a-948a-3671a0b9da11,
91089d3d-6fe4-4b8d-8e8c-7021f3fadfbf,f6dacb4e-543a-44cb-baba-6dabd9a24aad,5e71c45f-722f-49e1-b355-e18adebd2ea9,
4e1e02d1-ad3e-4e57-86a8-12a45841edc1,f6dacb4e-543a-44cb-baba-6dabd9a24aad,63747113-815e-42f0-a92d-0ef12cc31b8a,
e3d10390-a270-4798-8984-d3a7be601976,f6dacb4e-543a-44cb-baba-6dabd9a24aad,63a3f6fd-54c2-47f4-9fff-8403d4e1d199,
fcd0ae08-1bb6-4656-bc28-fa71643c9727,f6dacb4e-543a-44cb-baba-6dabd9a24aad,a25000ca-f5e3-4049-b91b-37ec5e443f0a,
401d1ce6-4073-416a-b1c7-20d908885ead,f6dacb4e-543a-44cb-baba-6dabd9a24aad,a57a185d-1251-4778-9ad3-f7583c008441,
43bc1f1b-137a-4d78-9780-e744f4bd763a,f6dacb4e-543a-44cb-baba-6dabd9a24aad,f36ba396-0b5b-46ee-8200-90b4010d4d0d,
7c46ebae-6e78-4f4a-92b1-3389bb9d180f,f6dacb4e-543a-44cb-baba-6dabd9a24aad,f8109fc1-5651-4efb-99a5-3c7252918a1f,
d1cd8b50-040c-47f6-98c6-9a9c1512ad3c,f720a264-82c7-4b44-b9bb-48896ecfac9c,2836c21a-5867-429f-92c2-ca152d9ab243,
e7c9c295-e727-4e86-86e8-3d115a0dfeb4,f720a264-82c7-4b44-b9bb-48896ecfac9c,2f8234ad-7f88-4bdb-8c84-b9efa41fc436,
6b30408b-eac3-42fd-9fa1-40aa85319e5a,f720a264-82c7-4b44-b9bb-48896ecfac9c,7ffcbfb5-98e1-4dc3-a561-cbe557b53083,
856c0aa2-2bb3-4bf9-ad73-dcb19ce7e116,f720a264-82c7-4b44-b9bb-48896ecfac9c,aa464fb2-ccb0-4490-8786-d6e52ec933bd,
896eb9c3-d439-44b8-9438-ee1f12782e10,f720a264-82c7-4b44-b9bb-48896ecfac9c,bb6d7892-4c45-414b-a1a7-3067b7286dc3,
7a47a25b-01c3-45cd-b761-0d3366c45f50,f720a264-82c7-4b44-b9bb-48896ecfac9c,ecbc4346-c890-441d-ae33-95384d920433,
4c08b771-fae5-45d3-9ef9-422934f88607,f82463ab-b490-4d27-a70b-3fb5a92ba72a,006e02ad-cfaf-4e79-ac9d-5729c37b5b48,
dea880c8-e640-4a52-88a2-cc88d7e90a04,f82463ab-b490-4d27-a70b-3fb5a92ba72a,3b415345-720a-443f-9fbb-1398b2250d96,
2c71d5c8-1015-4dbf-a012-2e61e62cda54,f82463ab-b490-4d27-a70b-3fb5a92ba72a,980aea82-3f3c-4d27-beca-f8e695a23913,
47940ed4-aa94-4630-904f-2a48c64bf457,f82463ab-b490-4d27-a70b-3fb5a92ba72a,bd7d0fab-ddee-4055-8de7-bb6b55343a19,
9dabd1a7-ed7e-496d-bf4b-5fd96b9045a4,f82463ab-b490-4d27-a70b-3fb5a92ba72a,c0d555d2-6833-4400-b391-246b897a22aa,
14fa6311-c6e6-466d-bb7f-441e3e5bb8ae,f894d9ad-4b1d-43d1-9c95-9180c634a632,17e3f6cb-5b77-41ac-a26a-8338bc4a0223,
6200c93f-e64a-423b-a6d4-98a5086066f6,f894d9ad-4b1d-43d1-9c95-9180c634a632,234b3f7d-e067-4af4-a41b-a079360cd10f,
6a209407-84fb-4305-903c-a0745229b121,f894d9ad-4b1d-43d1-9c95-9180c634a632,27c6f552-1167-4b7a-a0ab-6c289e08008d,
f6dcc7c9-3a0c-498b-b48e-19368abeb32e,f894d9ad-4b1d-43d1-9c95-9180c634a632,2df6bcdb-8528-41d4-a8da-3d862cdccc42,
20beefeb-85f9-4604-8bd1-ede5c40767d3,f894d9ad-4b1d-43d1-9c95-9180c634a632,3a11b989-dcfa-46a0-877f-c44681b91dec,
81e3c2ac-2707-48e5-bae9-98a4d83bd749,f894d9ad-4b1d-43d1-9c95-9180c634a632,3bb8da3b-c8ec-4126-9164-124a7f70833d,
489075de-6ce6-42dd-9fbb-c03f6e0c7163,f894d9ad-4b1d-43d1-9c95-9180c634a632,402fa818-e766-458b-a1a7-5dca12654019,
a8ad3e21-fbbf-48d8-9333-4c860cb1ad9b,f894d9ad-4b1d-43d1-9c95-9180c634a632,411c74df-3284-4b73-bcf4-afed50ccb3f2,
26490b30-8ba0-48c5-9322-9e1e538066ae,f894d9ad-4b1d-43d1-9c95-9180c634a632,41d3448e-7cb1-4d0a-a77a-3ffa359603ff,
6b19c8ac-289f-4639-9342-109aa5b8f7b5,f894d9ad-4b1d-43d1-9c95-9180c634a632,42d25aaa-adc5-42e9-8bdb-82cf0ee444f1,
75e22473-75a2-490e-a03d-2ce2a13fc55e,f894d9ad-4b1d-43d1-9c95-9180c634a632,483c0d36-f324-4d04-91f3-fc5714d29786,
5f511459-92bc-41f3-8fe8-34eba0ccebfa,f894d9ad-4b1d-43d1-9c95-9180c634a632,4955dda7-15e0-4c5b-b677-96156518466e,
2e99eef3-370a-4c65-aef9-f8e8e56be2ae,f894d9ad-4b1d-43d1-9c95-9180c634a632,5cfc89f9-7839-42ab-9a1f-ce195b6232d2,
046120ea-2af9-445c-bc19-c5f132390f09,f894d9ad-4b1d-43d1-9c95-9180c634a632,5d4cfd3e-8794-4ee5-8522-8d35c79ef27e,
e5160ff2-c267-4e87-b1a9-35c470ad0fcc,f894d9ad-4b1d-43d1-9c95-9180c634a632,640756d4-766a-4cfe-8b41-c766f8f16aa3,
680b3306-8582-46e8-828f-348a2772b4fe,f894d9ad-4b1d-43d1-9c95-9180c634a632,7b7db3ea-d6b9-4f3c-90c6-ab3ed08a3794,
0ebd28c8-8232-416b-9ecf-8cef6d6f53e0,f894d9ad-4b1d-43d1-9c95-9180c634a632,948da9e8-e2b5-4be3-865e-1641da80c373,
0652d47c-1cf4-484d-9391-2f95d2242652,f894d9ad-4b1d-43d1-9c95-9180c634a632,b2887aaf-7ff7-4629-82fa-7c71230264d4,
a6e4ce5a-b9bb-4454-8937-0721d4a02c6b,f894d9ad-4b1d-43d1-9c95-9180c634a632,bcacaa7b-e98c-4202-809c-b0e0a9c310e0,
a34701e2-7884-4870-982c-a61efa4de289,f894d9ad-4b1d-43d1-9c95-9180c634a632,c378309c-91a1-4097-b0e4-d3f76439aa02,
3dbb6087-ab2a-4da8-a7a5-77d874c1e0b5,f894d9ad-4b1d-43d1-9c95-9180c634a632,c9806259-50a8-4119-9475-d4498c73ad42,
c63dc6b1-be43-44b9-8cb5-19331eb662b2,f894d9ad-4b1d-43d1-9c95-9180c634a632,ca1909be-e66d-4904-aa43-5cf92a2e82a8,
ed430717-6168-4f4d-89f1-de3b3294f145,f894d9ad-4b1d-43d1-9c95-9180c634a632,d5d63e50-da55-4349-a9fa-2b06c992b765,
8f250eec-a7ad-4ca3-a379-3fe013eb397e,f894d9ad-4b1d-43d1-9c95-9180c634a632,e2cf2486-f75e-4388-a52f-76f315f7f23a,
9fa0dbe7-eea8-40f0-8f47-ff1ba1e295be,f894d9ad-4b1d-43d1-9c95-9180c634a632,ea6353a3-d8ca-4555-af3f-ad3b594c1590,
153ccf99-7406-41d9-bdfc-465c92aeb36d,f894d9ad-4b1d-43d1-9c95-9180c634a632,faab5d99-4971-4ffa-aa25-e6dff5cc086e,
859d74db-a0a3-4a91-9e66-d5524997d96c,f8a4c0b2-6e45-4a3c-a130-d15308c9374f,39d27530-6119-43e4-8e0f-80216e3924bd,
65f9cf88-1bc8-409b-aaba-6edeed2799ec,f8a4c0b2-6e45-4a3c-a130-d15308c9374f,3b546874-40b2-4d61-ac17-b28f34a6ae8b,
0e8dd9fa-7727-42d5-9522-5f283cb19c12,f8a4c0b2-6e45-4a3c-a130-d15308c9374f,559930a1-f529-40cd-9f90-f387e619aab3,
27bce1fc-2b81-41e8-8532-13c2e1a3c6ce,f8a4c0b2-6e45-4a3c-a130-d15308c9374f,5b1e1b4b-9ba4-4c9b-894f-b620f49892ce,
5144d80e-93dc-42cd-8c03-5083bb8813e3,f8a4c0b2-6e45-4a3c-a130-d15308c9374f,5b72141b-1edd-4e1d-864a-f3892afa92db,
952fce35-5845-47ac-bd11-97fb0a6a628e,f8a4c0b2-6e45-4a3c-a130-d15308c9374f,641531e6-15d6-4ca4-a744-3266bea96a65,
e1ed1473-2c60-433c-9537-cb164cefa7c2,f8a4c0b2-6e45-4a3c-a130-d15308c9374f,7ee94b9a-9697-4089-bf39-4710e90e03f1,
930c1bcd-ea4b-4bae-89c9-9b3362824089,f8a4c0b2-6e45-4a3c-a130-d15308c9374f,93786ea0-5e71-4c66-88eb-d7e453180e27,
01467789-5a9d-4770-80ed-33d2f4b2ef71,f8a4c0b2-6e45-4a3c-a130-d15308c9374f,c8f43f83-d7da-4a5c-a0c8-ae099aedc9fb,
aea8aaa0-5785-4731-9a7f-590b8cead159,f8a4c0b2-6e45-4a3c-a130-d15308c9374f,f39ffd4c-58e7-4b02-8fff-a257b704f01b,
9c6048d3-8d04-48ef-8df6-16affb380983,f944fba1-0d05-421b-88e9-9a003b1eff4f,0430c4c6-5e24-4503-a11e-797731fdae49,
38b04e1f-5933-4597-b121-8efff05143a9,f944fba1-0d05-421b-88e9-9a003b1eff4f,04cf50ab-4d80-41e0-9cf6-770ca86ef355,
b4842010-8e0e-4fc5-a611-e2f4b0c8a630,f944fba1-0d05-421b-88e9-9a003b1eff4f,1f3d491d-1b68-4717-a081-7f536249f16f,
2cb9e450-9187-4990-8671-5783479172af,f944fba1-0d05-421b-88e9-9a003b1eff4f,2ca4ca8f-d860-4af3-ade2-aff5e59597d6,
98c005fe-1341-402f-9bac-6e5e659844b0,f944fba1-0d05-421b-88e9-9a003b1eff4f,39abadee-fa77-48e6-9352-009a09e6b320,
e38a4a37-6c13-48e1-872d-3af4482cd5fc,f944fba1-0d05-421b-88e9-9a003b1eff4f,45c158a5-8ff9-4652-811e-ff610e808737,
66822e79-ac30-463a-91f6-5f9304322a19,f944fba1-0d05-421b-88e9-9a003b1eff4f,523c2b4d-d86c-400a-920b-bcb5c3a1e113,
2eee61c3-3f22-4ac3-bd51-50dc9554de3f,f944fba1-0d05-421b-88e9-9a003b1eff4f,546ba440-143d-47ec-9fc4-9680d9a2f149,
64b08366-67c2-4a55-9105-8243d3043f56,f944fba1-0d05-421b-88e9-9a003b1eff4f,5943a640-dd67-44e3-988e-0b51b1bd4557,
a96ee5e4-d918-4d4f-9ad0-4dfdfbd87f6b,f944fba1-0d05-421b-88e9-9a003b1eff4f,63cb6a06-c6d2-4c9e-9799-fa6dc14bcb73,
f943ebda-94d9-4f27-b5fa-54f880aa38c9,f944fba1-0d05-421b-88e9-9a003b1eff4f,6660b38f-88f4-498d-b583-79df06c1d9f3,
289846b1-6b1b-4dd2-adfb-ba3c44b7c912,f944fba1-0d05-421b-88e9-9a003b1eff4f,6d083838-af22-45b6-aa0b-67a93816d65a,
0e5704d6-f717-4c81-9124-84bdf2eed84f,f944fba1-0d05-421b-88e9-9a003b1eff4f,6f29100d-f6c9-4194-bae3-3e983b062b26,
ee4482fe-c981-4325-8aaf-a04f7426b2ff,f944fba1-0d05-421b-88e9-9a003b1eff4f,7080d7a7-dc68-40e8-8c97-c96f4d68d1bb,
4e4c30d7-a5c4-4305-b357-5f3fc1df0cd2,f944fba1-0d05-421b-88e9-9a003b1eff4f,71cd0320-9d13-4aa0-8aa7-acf8fd34bdb7,
e8eee63e-2f0e-4291-b5af-a94a475813f6,f944fba1-0d05-421b-88e9-9a003b1eff4f,76d0a27f-5eb0-41ae-99cc-cd64b55121d8,
c63efb0f-5365-4290-b81c-17110b3f6707,f944fba1-0d05-421b-88e9-9a003b1eff4f,84807a5c-83eb-441e-b50c-98e9fa6fa443,
c755e7e0-9ce7-4536-9cb4-b6be63a33d00,f944fba1-0d05-421b-88e9-9a003b1eff4f,88941d9f-83f6-4793-b6dc-a21988d2fdd2,
b9b1f47a-d235-40e7-8ffd-5db89c9907f4,f944fba1-0d05-421b-88e9-9a003b1eff4f,94df1ae0-abe5-450c-9dc6-eab5e4b373e5,
5cb0112b-cfd2-4168-a8cd-6a89135ca08f,f944fba1-0d05-421b-88e9-9a003b1eff4f,954269e7-b2a6-436e-a8c0-e9fd1bfaf49e,
f36e6cfa-1185-4778-9be7-9d11c9a8214e,f944fba1-0d05-421b-88e9-9a003b1eff4f,a124aeff-f75e-49f2-bf2c-d9bbff688bbe,
86f1d897-f212-45c1-bfbd-4470209364e0,f944fba1-0d05-421b-88e9-9a003b1eff4f,a454c8bb-263f-4290-9e4f-4aab26c808cf,
dedba212-5249-4ec5-a93e-3e1ed4647d51,f944fba1-0d05-421b-88e9-9a003b1eff4f,a5f55fd8-e996-4253-86e9-4246eb6d42cd,
eac71808-4dbf-4fca-bd35-9bc17b26ca74,f944fba1-0d05-421b-88e9-9a003b1eff4f,a974f682-3c2d-4f25-82de-626e69a489a2,
e8f3b8eb-5a23-4e24-9555-ee81ae4ec656,f944fba1-0d05-421b-88e9-9a003b1eff4f,ab01616c-8a36-4ba7-959c-4be72c7d83be,
a30d8cfe-a615-41e0-b901-88eb12872c17,f944fba1-0d05-421b-88e9-9a003b1eff4f,bda37f08-124b-44de-938e-9a70f2f37592,
fcef88a3-4c7b-4755-a4ad-f6536b4bc6b9,f944fba1-0d05-421b-88e9-9a003b1eff4f,d5669c8e-3741-45b4-9142-df1724fe33a8,
b2e35459-00c4-477c-a11d-ed922e061e5a,f944fba1-0d05-421b-88e9-9a003b1eff4f,dbd4932d-9fe2-4072-9954-bb3b65d3d03e,
6e1ba1ea-9eb1-44d3-8694-48f13c4085a2,f944fba1-0d05-421b-88e9-9a003b1eff4f,e639ef12-2d7a-438b-a0b2-f28c0d3ffe3b,
f29142a4-018b-46b1-9150-91082350b1ad,f944fba1-0d05-421b-88e9-9a003b1eff4f,fcd28bb2-c474-4d55-930a-065fab7fb5a4,
5c113f73-7f8c-42bc-8a73-6c665dfee973,f9b35ede-d2f4-4727-b0ac-28511cf09d74,03d969d3-1dde-46ea-ac50-209c37ffdc22,
53a477ed-9bd7-49bc-97e1-36631fcf3c31,f9b35ede-d2f4-4727-b0ac-28511cf09d74,085f92f1-3298-42c9-be40-c2af6b97ce55,
18031aa8-fd8c-4166-b88e-607fb61a8151,f9b35ede-d2f4-4727-b0ac-28511cf09d74,0fb4bdb8-720a-4ff6-9def-8398af399870,
8bdc3c0d-0f90-42f9-a049-6ab9e4a0b95d,f9b35ede-d2f4-4727-b0ac-28511cf09d74,0fb556fb-98e0-493e-98b6-e18998ae2744,
d0f9d76c-b292-4337-ba5a-eddd7e9d0c1a,f9b35ede-d2f4-4727-b0ac-28511cf09d74,17fde8b4-7a99-49fa-83f7-a6f73b8a4111,
04eefe1c-b8c6-4b49-80f5-e4d7e253a4bd,f9b35ede-d2f4-4727-b0ac-28511cf09d74,1935bde9-4c0d-4f6d-8112-ab782d315e3d,
1424a44b-658f-4a0a-8873-6631359bce8f,f9b35ede-d2f4-4727-b0ac-28511cf09d74,1c7d8b6e-1583-4239-8e30-1dad9d1c14f9,
7d866167-fb1b-4f9f-bf77-e5cb0d473ccd,f9b35ede-d2f4-4727-b0ac-28511cf09d74,25617b44-5e5d-45fc-b151-7c5bc6ced687,
363185bd-bcbc-4c72-92c1-0654c4bc9ac9,f9b35ede-d2f4-4727-b0ac-28511cf09d74,2919849a-487c-421c-a3d1-173330f24854,
770c3946-13dd-4e99-b696-0b1c07c16715,f9b35ede-d2f4-4727-b0ac-28511cf09d74,2c98ef04-8396-4c17-bf9b-836440353396,
717c2111-a64d-4922-96a3-63c4f8fa94f5,f9b35ede-d2f4-4727-b0ac-28511cf09d74,2fb57e22-f718-46de-9b17-563f48c00761,
1ede4ddc-44f9-4149-b637-5ba6beee3d1c,f9b35ede-d2f4-4727-b0ac-28511cf09d74,32640b95-cbd1-4d83-9753-4a84884dd403,
2f9be78f-0464-4a46-9570-c1a764bee994,f9b35ede-d2f4-4727-b0ac-28511cf09d74,3c9de747-7e4f-4f99-a464-45f43aaf8030,
a6435f0b-5515-44b5-a584-ab4a7bc9dce4,f9b35ede-d2f4-4727-b0ac-28511cf09d74,40890ad4-2b69-490e-b68e-8e16d9f376de,
7cbc3949-8c44-4663-bd38-a83c0c0bee44,f9b35ede-d2f4-4727-b0ac-28511cf09d74,41b57759-5b49-4e62-899b-f84a59571ac1,
5a04b3f4-b555-4b11-9335-ea54229ff76f,f9b35ede-d2f4-4727-b0ac-28511cf09d74,4b316c0a-7bc7-44cf-9e5a-585aca935c45,
5bb0a431-0bca-45c8-8337-6bf5af96b175,f9b35ede-d2f4-4727-b0ac-28511cf09d74,4cb4dbb2-95e3-4965-8a98-771a68e31281,
a22c666f-c020-4477-b766-5bdf6b254aab,f9b35ede-d2f4-4727-b0ac-28511cf09d74,57853c20-36fd-40e5-b115-027d84912fcf,
f778beee-6acb-43db-9d54-59ed6c13875f,f9b35ede-d2f4-4727-b0ac-28511cf09d74,611f0351-20dc-4224-bfa0-fe0c477ba372,
07d9b69a-fd65-4a19-a348-bc42591e8651,f9b35ede-d2f4-4727-b0ac-28511cf09d74,678c80bb-b4cb-40e4-87fd-7f708aea7af5,
16075b16-0062-4de7-8974-45d87a65b34d,f9b35ede-d2f4-4727-b0ac-28511cf09d74,6e6e95cf-e048-4b01-a0ac-d888af343721,
e9494714-9d7c-48d3-a21e-4cc81f7243f8,f9b35ede-d2f4-4727-b0ac-28511cf09d74,72518a79-4479-4a27-afde-abc0bb00413b,
f22af7a1-b9b9-440d-8a6c-f494f1608243,f9b35ede-d2f4-4727-b0ac-28511cf09d74,7851d988-eaea-431f-bcc0-3b2871a51a8b,
1bb7da6b-bcbf-4241-91b9-662fb9ef351b,f9b35ede-d2f4-4727-b0ac-28511cf09d74,7b4e106b-7256-45fc-9db9-9a5cdb04a378,
d9ec9705-4457-4cc0-a630-3ce511cff264,f9b35ede-d2f4-4727-b0ac-28511cf09d74,83aef051-1411-4f79-8bde-e4ce24e44813,
0285d2d0-5463-4573-bacb-11366c1c3f42,f9b35ede-d2f4-4727-b0ac-28511cf09d74,84f3d0fc-ddda-472a-851f-422c8be8eb48,
e23df86c-701e-4246-9c46-f8125c68ef31,f9b35ede-d2f4-4727-b0ac-28511cf09d74,8e4e5d12-c6ab-47b0-a838-4a40a0c43898,
93d0edbc-865e-4bcd-9049-891c5a4b9ddd,f9b35ede-d2f4-4727-b0ac-28511cf09d74,8faeef79-3ee6-4131-bd55-798abc4f71dd,
98599d15-55f4-4aa6-9e44-5a74c4ef65ff,f9b35ede-d2f4-4727-b0ac-28511cf09d74,a04f08ac-59e0-4198-99a7-da6f41c49be8,
0b834c27-fbea-47f8-8cdc-cda88b3d2222,f9b35ede-d2f4-4727-b0ac-28511cf09d74,a0eff3e9-5cae-4d6f-b2e6-354b5abfece5,
e11ee7ba-1143-4b3e-a7e8-cf0d09b2a1b0,f9b35ede-d2f4-4727-b0ac-28511cf09d74,b1070eae-e456-43f3-a482-54040e39c571,
771542b3-90ce-4279-aeff-e3251729fb20,f9b35ede-d2f4-4727-b0ac-28511cf09d74,b6935b57-7102-48d0-82a8-71afcb1e3eb3,
52b9ce4d-4b02-4547-ad24-2015eacde918,f9b35ede-d2f4-4727-b0ac-28511cf09d74,ba6daff6-994e-4bef-b509-75f54b55a22f,
1f3659c0-2132-4d65-b307-1ae86a1159fd,f9b35ede-d2f4-4727-b0ac-28511cf09d74,bd7b8431-438a-4204-ae65-503b414834ca,
dadad512-ef49-4da6-86f1-c6a54add1009,f9b35ede-d2f4-4727-b0ac-28511cf09d74,be66a3e8-1acb-45e4-a99e-1fc73f7a13ed,
473090f9-7e9a-42e7-8e9f-a54cc1f110c7,f9b35ede-d2f4-4727-b0ac-28511cf09d74,c852ceff-538f-4fb9-a786-c98d1f0a9e51,
293bf8b8-479c-4928-a7da-857a87500225,f9b35ede-d2f4-4727-b0ac-28511cf09d74,d35cd606-3228-4ab9-a87e-641fbb7dbdbd,
e65769dd-2051-4344-bb4f-b1d3904af20e,f9b35ede-d2f4-4727-b0ac-28511cf09d74,d7a2d206-6b2f-46e7-9909-e1c1e725bda9,
fd14a9a7-9fac-49bb-ae2a-09c46fed3bc9,f9b35ede-d2f4-4727-b0ac-28511cf09d74,e1666a2c-cb64-4657-8d89-fd737132cb58,
33a7e91a-0f84-47fb-acd4-e7dcd01e1f88,f9b35ede-d2f4-4727-b0ac-28511cf09d74,e90a4538-9d4c-48ae-af67-6a8a6f2cc0bd,
ffc2261e-e6d6-4df2-9123-f1d12dc1f9f3,fa5f81ed-0750-4a52-8544-c24b3bc187b8,1a671cf3-91b0-4ec0-b93b-f6aaf8979e59,
cabeac7e-9e4b-44de-8068-dfbb0fc88a17,fa5f81ed-0750-4a52-8544-c24b3bc187b8,2ec2ff77-de58-4b75-9808-af30657624c6,
0c2e336b-51ce-4afb-884f-e977090606bd,fa5f81ed-0750-4a52-8544-c24b3bc187b8,31f53adc-fdd3-4656-8f59-6e4344ac7e6c,
da364c5d-d43e-43e6-b97e-f743371d8d51,fa5f81ed-0750-4a52-8544-c24b3bc187b8,3f93f00c-a5f9-4949-aefe-0b6162547f90,
1815d011-291d-4e12-93b6-f26e28c7d15d,fa5f81ed-0750-4a52-8544-c24b3bc187b8,41c49f35-96d6-4fa1-a306-9d67978fcdb2,
caf83b68-1f64-41f6-871e-16c6e03345d4,fa5f81ed-0750-4a52-8544-c24b3bc187b8,534b97e4-8e6d-4d98-8537-136bac29f1db,
c00ec8bd-e08f-4ab3-8655-ad27dbc58aef,fa5f81ed-0750-4a52-8544-c24b3bc187b8,5804c271-502a-4fe9-8d98-20588076ba96,
2e367665-c23d-412b-b37e-d63a55099f3a,fa5f81ed-0750-4a52-8544-c24b3bc187b8,83b0d0da-16d7-44f6-862f-be538167b9aa,
26e66776-87a2-4bf9-8b85-f1a0cdd6ad36,fa5f81ed-0750-4a52-8544-c24b3bc187b8,84d21e2d-ba77-4f2c-827c-ac64070fee27,
3c31b515-75b6-406a-a2b6-fca8af27dc89,fa5f81ed-0750-4a52-8544-c24b3bc187b8,cc9f21e4-618a-448e-8c85-1fc00cf5aa4a,
2cdbb13f-f7dd-4417-b8e3-3784c9d96bc6,fac7c460-e2c2-431c-b900-6127cb894e3b,028d2771-808d-4e8a-8af6-b16219524ace,
9671f991-851b-4aeb-a32d-6b54bffdad13,fac7c460-e2c2-431c-b900-6127cb894e3b,2c849a7c-6a13-4db8-a40c-1c0ab3e6e210,
f34c0c31-6677-4710-8121-ce70243f3ee9,fac7c460-e2c2-431c-b900-6127cb894e3b,a14d9060-43a9-4021-988a-15b77eafa03e,
649270c3-a4bb-4884-98ca-c3b1e9fcb5b6,fac7c460-e2c2-431c-b900-6127cb894e3b,c133df8e-7931-4c05-ba13-812f517e023c,
22a8026d-7e69-4678-bc92-b93ea75115b9,faece28b-4b37-437d-900c-0959414aa833,019e8520-3aa3-443d-9eb7-d7acf1f967d6,
c44ef373-24be-4e76-9e38-88ec3194581c,faece28b-4b37-437d-900c-0959414aa833,16819779-8de0-4ac5-97bd-358097805af0,
6e1beacd-cee4-4d06-b6dc-856b8829dafe,faece28b-4b37-437d-900c-0959414aa833,3d018dca-bcda-4ecc-9fe4-6982d3f297b9,
cc5080a2-0295-43c7-90f2-f4f81a0a182b,faece28b-4b37-437d-900c-0959414aa833,47ad1fe3-0583-4016-8533-622cfaa13a1c,
95f2328f-ceee-4eb0-9c72-7324302b65df,faece28b-4b37-437d-900c-0959414aa833,47cdb83d-5679-4e41-a059-e36ed6624131,
895ab720-597a-4fd5-abf3-b9a852ba9432,faece28b-4b37-437d-900c-0959414aa833,e2e3ca53-7a9b-417b-8520-974e732e0379,
5c9e6335-8d7f-4537-90b9-bae56a1572b7,faece28b-4b37-437d-900c-0959414aa833,fa2e8e4a-5275-405a-bb49-c9c56ac95da4,
4e924b9e-c80d-4b29-8ff3-8d9eb6fee060,fb33492d-d0cb-4a11-9fd5-b75cbfd7cdaa,7891bfc2-4b9a-425f-9b53-3cbd8ac211b5,
685d83ff-beb5-49f2-9e0b-ed9a7ad4ea65,fb33492d-d0cb-4a11-9fd5-b75cbfd7cdaa,8d9b5495-ed6d-46db-bbc2-2a5e6303dccb,
a3b4393e-6c72-4b17-a855-d5644d0242ca,fb33492d-d0cb-4a11-9fd5-b75cbfd7cdaa,9ccab4b1-f5d0-4d74-96e9-3920a49072d3,
d4fa299f-d9d3-4eff-974d-1c3f02623b58,fb33492d-d0cb-4a11-9fd5-b75cbfd7cdaa,cf4ab6aa-4f9e-49d6-ae05-4382ce049b98,
ef028fd1-3a85-4328-ab1f-a8a55fc15962,fb33492d-d0cb-4a11-9fd5-b75cbfd7cdaa,cfcc76fd-e466-45eb-8e82-b538d59e8113,
88518279-ec98-4b83-8e3e-16e2962f8338,fb33492d-d0cb-4a11-9fd5-b75cbfd7cdaa,f23c3b8e-237b-4322-8d9a-9b87edbcb89b,
636965a9-c891-402e-96a7-5b42c3b639d1,fb36a69a-e0fa-456e-b9b2-b7505d03a2f5,0c997326-2067-4d76-8750-6b53ed9750be,
522f6561-e4e5-4810-ad9e-3c3de5c4b9dd,fb36a69a-e0fa-456e-b9b2-b7505d03a2f5,1499d731-f449-4fee-9162-a1d6de34af4f,
58415262-39c8-41e3-8810-855002305bf0,fb36a69a-e0fa-456e-b9b2-b7505d03a2f5,34b03949-71a1-470f-b02a-ba781f5a1adc,
18f14a0d-5a89-49f2-bd7c-3db30c12354b,fb36a69a-e0fa-456e-b9b2-b7505d03a2f5,435989be-5c1c-4eba-9e3e-89bf4bb59fbf,
4a6ea6a8-bdc8-48f1-b0a1-d5d8d4a10a25,fb36a69a-e0fa-456e-b9b2-b7505d03a2f5,4f694e1e-83e9-4b04-9b8f-dd47431bb9a7,
3b47086d-5287-4867-adfa-40b7c90d0241,fb36a69a-e0fa-456e-b9b2-b7505d03a2f5,67367935-8e6d-458f-8ba7-240ec28e8cf6,
feba3a5e-e992-44ff-b3df-e65b4b556093,fb36a69a-e0fa-456e-b9b2-b7505d03a2f5,6dde2cfd-1871-4749-8970-a0cc3fcf7391,
c43e7364-30c7-4e77-a603-61d0b1ca1aa8,fb36a69a-e0fa-456e-b9b2-b7505d03a2f5,71824621-d69f-4a5c-b2ff-cb8e29e4021b,
99579d8d-45b7-40be-a4eb-ce78daeb75dd,fb36a69a-e0fa-456e-b9b2-b7505d03a2f5,73813dbf-e99a-4442-a038-1b810a487e17,
4cab810f-0437-4c7c-b9ac-8819d866ee71,fb36a69a-e0fa-456e-b9b2-b7505d03a2f5,804b7fdc-e2ae-46a1-b378-95b1c7af45eb,
83366664-4e03-4e99-bb1d-47f6a917b873,fb36a69a-e0fa-456e-b9b2-b7505d03a2f5,9848f44b-2401-4474-839d-6ed9f8937054,
a99536df-8a0a-40ce-bfe5-c34eddee699f,fb36a69a-e0fa-456e-b9b2-b7505d03a2f5,9e2fedea-4136-4e45-92f6-7deb6e3ba3a4,
3c73884a-a20e-49d3-80ac-f0e3689fbe09,fb36a69a-e0fa-456e-b9b2-b7505d03a2f5,ae22c2ff-93d8-4477-84f0-64e697dfa5e3,
0e5b6a5c-2f40-4d6b-9e45-ecb947ae419a,fb36a69a-e0fa-456e-b9b2-b7505d03a2f5,c1034353-23f3-4027-8c9c-98676bddd7bf,
2f2bb531-7e2b-47b5-a3de-23eff724d91e,fb36a69a-e0fa-456e-b9b2-b7505d03a2f5,cfb62103-46b5-42d6-b6eb-e68482fb5fff,
e8d4ffd6-10af-4b3e-8e57-a2a60f50bc56,fb36a69a-e0fa-456e-b9b2-b7505d03a2f5,db106d36-9ec2-45e8-8c3c-408b236bc036,
095c825b-fd3d-45d8-b9d4-fb060ce3fceb,fb36a69a-e0fa-456e-b9b2-b7505d03a2f5,e47cd990-dbd1-410f-85ff-3512a96b4dc1,
92311cf4-f97d-4182-aa5b-8979740af050,fb36a69a-e0fa-456e-b9b2-b7505d03a2f5,eaeded6b-96ba-4b6f-9400-f07ffb7e2b37,
3bcd7e22-0d0c-4872-acc2-bb76367bba11,fb36a69a-e0fa-456e-b9b2-b7505d03a2f5,ec46e049-04b4-4118-9f2d-1e361a70b0f7,
9829a876-1fe1-4f34-9695-90305d1ec0ba,fb36a69a-e0fa-456e-b9b2-b7505d03a2f5,ecec9731-dfe5-4299-a1e7-bcbc4825f583,
2b49cc80-9664-4b64-ac8c-24cd6da438ce,fb9fa24d-b5c8-4674-97b0-da18d8b47bf4,11279f31-ca83-4273-a52c-c9c9ed67e7ae,
09a4528b-a451-4bf7-83c7-7dea6272d5a9,fb9fa24d-b5c8-4674-97b0-da18d8b47bf4,378bdbbc-588a-4f6c-b2aa-2f6bbfe80665,
36d5cb7f-fd74-40fe-825d-5bc28a4152c1,fb9fa24d-b5c8-4674-97b0-da18d8b47bf4,48ffc1d2-59c1-4136-8f45-99e9a4a7e69c,
9d668aa5-8dfa-4414-ac99-9467252c1b3f,fb9fa24d-b5c8-4674-97b0-da18d8b47bf4,49c240fe-bae0-4fa9-9bd1-b42c2d503a9b,
66e7adbd-b27d-41ef-8c9d-d77c54718ab6,fb9fa24d-b5c8-4674-97b0-da18d8b47bf4,64252258-3edd-4057-8a78-c7ff470995b8,
14c711ed-fed6-45e0-969d-1adfa3c9ce7b,fb9fa24d-b5c8-4674-97b0-da18d8b47bf4,83a7a08b-a8fc-4b81-b24d-32ffcbe6606d,
ac7a8e8e-6d44-454c-af62-1ed21d55128b,fb9fa24d-b5c8-4674-97b0-da18d8b47bf4,af2f43ab-c8a4-4541-a77a-2ea7edc82d5b,
96c15996-862a-48dd-ba43-4acf3231e39a,fb9fa24d-b5c8-4674-97b0-da18d8b47bf4,f8dd63e5-3cc2-4e6f-a41a-9462f316376f,
f408876f-794b-4164-b161-8c78110b3724,fc6a06f4-4e71-4743-9128-969e80d23132,0b5477fa-60ce-4299-80f0-018b0f179deb,
9b19dbda-bc06-4e18-ab43-7e227912706d,fc6a06f4-4e71-4743-9128-969e80d23132,0d02df13-89a9-4e6f-8b2a-f24355610d08,
d7bc850a-7d8e-47f9-97db-d110f7c9e9f3,fc6a06f4-4e71-4743-9128-969e80d23132,3b1cbca8-fb2c-4863-8be3-bd86dee1deff,
92416519-bbec-4e90-9dfb-d32fe669f765,fc6a06f4-4e71-4743-9128-969e80d23132,a7fe1589-8898-414b-b56e-ff4b2f2e51f5,
c4687986-6f52-4ac1-a4f2-487b6e823216,fc6a06f4-4e71-4743-9128-969e80d23132,d86945ec-a820-438d-a3a3-11f8cfc6401e,
d3c4c2b1-217b-49ce-82df-384eace910fe,fc6a06f4-4e71-4743-9128-969e80d23132,ed6d2cb2-3235-4a65-9881-1ea7a17a0a34,
04b4ad7c-ef2f-4302-aa1c-e21bf1a95364,fcab41b4-8093-40f8-a3f2-85d0c6c9fbd9,057ca614-262e-4c62-b0f0-3bc9c72e5a68,
15b670e5-c9fe-4eb5-a3b7-fa84eb32995c,fcab41b4-8093-40f8-a3f2-85d0c6c9fbd9,0ccd66e9-daf4-426a-91e9-2e042ae0e916,
4c2c2313-3138-43bb-a35d-0754cc2ca414,fcab41b4-8093-40f8-a3f2-85d0c6c9fbd9,16a06ae7-ff40-4e81-b8ef-e3670750a300,
98a907d0-7f16-4bd9-a168-82e13ab30d14,fcab41b4-8093-40f8-a3f2-85d0c6c9fbd9,16c9328e-62bc-4322-a2dd-f0c76475c9e5,
5dcc0180-e9ec-4fb9-946e-9fefd9efae27,fcab41b4-8093-40f8-a3f2-85d0c6c9fbd9,1ad062dd-51f8-4437-9b50-10245b9241ce,
031ff7d4-3e00-48fa-bfc6-368ab92db44e,fcab41b4-8093-40f8-a3f2-85d0c6c9fbd9,1d4393b4-5176-4520-bdd4-ac78998b7534,
e2480bfd-673a-48e1-a3bc-9f32c0c71142,fcab41b4-8093-40f8-a3f2-85d0c6c9fbd9,1fac0a20-2fd8-4357-b7f2-d4fcd1157bb8,
c223ab09-c7d2-4558-bb64-e3f1dd412600,fcab41b4-8093-40f8-a3f2-85d0c6c9fbd9,260633a5-4695-4f7b-b73a-6c48ebc5f0a8,
f9448d04-b23a-4310-b52e-6d35e078e527,fcab41b4-8093-40f8-a3f2-85d0c6c9fbd9,29111b4b-cbe8-40ed-b597-adc1e202ab90,
09c9bf5f-a3ff-46cd-abc1-93c59548ecf2,fcab41b4-8093-40f8-a3f2-85d0c6c9fbd9,2d962116-6c80-443b-98cc-96efe80c9c0d,
bf027e41-96eb-425e-82db-1a3fa9fea5ee,fcab41b4-8093-40f8-a3f2-85d0c6c9fbd9,3e4fc22a-3a9d-4d06-9250-f7b58a542bd7,
900c5652-8719-438a-bc51-20ab44d93a01,fcab41b4-8093-40f8-a3f2-85d0c6c9fbd9,4263b8e1-626a-49c2-a6a5-0d55616188f1,
0bf436d0-7de6-4f80-839b-62ab85afe1af,fcab41b4-8093-40f8-a3f2-85d0c6c9fbd9,432f9ab9-dd5a-475b-a986-3140dfccc79f,
f2e06b0a-4a4f-42c5-84b0-094a1dfb0975,fcab41b4-8093-40f8-a3f2-85d0c6c9fbd9,4862f080-ec95-4560-a46b-dfa7aa69560e,
dc5a1499-1984-4c36-8e8e-24662ad9fd93,fcab41b4-8093-40f8-a3f2-85d0c6c9fbd9,5091d732-6215-4486-a7b2-ad41c2602ce8,
8d178774-82de-4bac-97a9-8f40bb1074c1,fcab41b4-8093-40f8-a3f2-85d0c6c9fbd9,50b8c6fd-3919-4d19-8331-3d738d8c338e,
0bf13c66-f028-412e-ab60-0680489ea9c8,fcab41b4-8093-40f8-a3f2-85d0c6c9fbd9,64beaffc-faa1-426c-bb90-d9066664764d,
cd34a20b-5efe-4898-9a7c-a82d4891a7b9,fcab41b4-8093-40f8-a3f2-85d0c6c9fbd9,89a2be00-a1e2-4048-bbb9-03bce7cd32f4,
3618e904-66a3-498b-b295-b70ee82cc62f,fcab41b4-8093-40f8-a3f2-85d0c6c9fbd9,8b3a51bf-110d-45de-ac28-571a1b7e3ce8,
60d53a9b-c3f6-4519-a8f2-26ae58153326,fcab41b4-8093-40f8-a3f2-85d0c6c9fbd9,8dfaad9a-a916-4ce3-ad9c-ee141501a4a6,
4d9a8352-c17a-44d6-b0b2-c1d44dc5d447,fcab41b4-8093-40f8-a3f2-85d0c6c9fbd9,96af7e4f-4735-40b9-9175-39b4b49c18be,
26019e32-9fc8-4417-9d74-1ecab9dd54a3,fcab41b4-8093-40f8-a3f2-85d0c6c9fbd9,987a06ad-6ae8-4c09-95be-93f96fcf90d7,
1e756ab2-0c77-4bb7-b359-976281cc702d,fcab41b4-8093-40f8-a3f2-85d0c6c9fbd9,a4fe41ce-ff85-47df-a586-617cc8bd52bc,
b86fe73f-c606-47d1-b8bb-fd05d1e1c91f,fcab41b4-8093-40f8-a3f2-85d0c6c9fbd9,b006a93b-774b-4685-b0ff-d7ee36012066,
a45b9ecd-e340-4e50-8cc1-8abd4a630ec8,fcab41b4-8093-40f8-a3f2-85d0c6c9fbd9,c71bcf5d-4267-42f6-b711-cb1fb7323bff,
238e6033-46aa-4489-989a-b8c1d4add4fe,fcab41b4-8093-40f8-a3f2-85d0c6c9fbd9,cb5b3857-51cc-4d08-b339-c51bad772d2d,
b13de405-c7cb-45a9-9ac0-4662ae5b5eb0,fcab41b4-8093-40f8-a3f2-85d0c6c9fbd9,cbda135f-aeaa-40c7-94c3-c00482cc36de,
3fe49412-70c0-495c-9143-054c65f88ff4,fcab41b4-8093-40f8-a3f2-85d0c6c9fbd9,cf58f039-89b0-4299-b80a-3372501e0305,
bf0c30c6-0910-454d-8195-7a73c255d09f,fcab41b4-8093-40f8-a3f2-85d0c6c9fbd9,d7f66f2f-05f2-408c-b67e-9176a65f979b,
a3cc6322-068c-4c3c-996d-8e87b9b04abe,fcab41b4-8093-40f8-a3f2-85d0c6c9fbd9,e0908164-025f-40e0-9300-8a31b4d6e8e4,
2fb15ad7-7868-4bfd-a8ea-e1ab4483ee97,fcab41b4-8093-40f8-a3f2-85d0c6c9fbd9,e0f19a45-4218-4fc4-9a83-27ac5c1e24a6,
23d7bb9f-6b45-454b-90b9-2cc2d6b85f7f,fcab41b4-8093-40f8-a3f2-85d0c6c9fbd9,e555e7cf-9fd7-4d3b-b70f-1844f938b625,
a24c23b2-166d-4ae6-99c5-72c3269d6d28,fcab41b4-8093-40f8-a3f2-85d0c6c9fbd9,ebfbea0c-b7c8-41c8-8554-9639d405946f,
9c027e3a-95dc-4d5c-9002-41a1baf3c62d,fcab41b4-8093-40f8-a3f2-85d0c6c9fbd9,fabe9646-4dbf-4219-bf87-9809bb307746,
fdd517f3-2aff-47a0-984f-c5a59f36b705,fcab41b4-8093-40f8-a3f2-85d0c6c9fbd9,fd07e6a7-5d6b-4642-8a3e-6cce0aee13b5,
589aa6d3-73f9-412a-86a4-c2fee9601560,fda210cb-cc59-4045-9e57-53e6b1f70ca3,871d8476-d12c-485b-8f35-a94e685d63b3,
65730a82-0114-4334-9321-59ba7990eac3,fda210cb-cc59-4045-9e57-53e6b1f70ca3,ab127c08-dffe-4773-bb96-3463fcbabb3e,
54827baa-5269-4008-beb1-0f0803027833,fdb3e153-32c5-4446-b109-10bd55370e31,0d9d201b-df8f-4ad6-b987-ece33b93ae85,
63e3d5ff-5a55-4a7b-9f51-5e132d030ece,fdb3e153-32c5-4446-b109-10bd55370e31,144b16d8-0a37-430a-9d94-9c9ec04bf6b7,
3c5082ca-e914-4cd6-b239-cad3ad3e4f6a,fdb3e153-32c5-4446-b109-10bd55370e31,15bf51d5-c2a8-43a9-a927-2191bc1a08ad,
4fcf4931-0d72-467d-8fd4-33a2e4345485,fdb3e153-32c5-4446-b109-10bd55370e31,1b83ad4d-f5cf-4ac7-8b3e-70098a301998,
32ab0e5c-4c89-4187-aa63-a54b565be548,fdb3e153-32c5-4446-b109-10bd55370e31,339fdb5f-ab7e-4e65-80a0-738c82482490,
892ba373-357a-418d-81a5-18a02ee24336,fdb3e153-32c5-4446-b109-10bd55370e31,4103e17d-6307-475c-902b-87d5e0e251e0,
dc9b70b5-0026-4190-b933-3ec05ef44a29,fdb3e153-32c5-4446-b109-10bd55370e31,42ea97de-fdf2-4274-be6f-a6fe689c70f0,
7dc4d6f7-8884-4b97-a3cf-1426143a4941,fdb3e153-32c5-4446-b109-10bd55370e31,4b004ae9-6bd8-4068-b6a5-e0c7aae91c7f,
0453bd7c-3d95-490d-90b2-9e755f0bee11,fdb3e153-32c5-4446-b109-10bd55370e31,4efacc00-52d5-4b3e-9f1a-42bdba410ac2,
a2e80173-12ac-4e4c-aa6a-bd5f004185b9,fdb3e153-32c5-4446-b109-10bd55370e31,5055d07a-dc21-4bcb-b39e-39e7f696dfd9,
f5d0b7b9-fa2b-49f4-8860-2028450c7923,fdb3e153-32c5-4446-b109-10bd55370e31,53260cba-fb0b-4b90-aab4-55d4518b8b8e,
055f6990-c598-4aee-ac03-394a1a9b13cf,fdb3e153-32c5-4446-b109-10bd55370e31,536e9a55-49ac-4884-8a9e-501f68a6d681,
30853339-7f77-4356-af47-18fdcbc92019,fdb3e153-32c5-4446-b109-10bd55370e31,53d45cc6-5413-40fc-a798-192ca0646a9d,
d65108fe-7dca-4556-b1f6-4ca9b0fcd999,fdb3e153-32c5-4446-b109-10bd55370e31,5456daed-a797-4a73-bf43-0c835275c893,
9907bba0-1174-49e2-b2e9-51c4b1726cfe,fdb3e153-32c5-4446-b109-10bd55370e31,5728faf6-b761-462f-a57e-cdd098ec063e,
16fa10e9-f396-4614-a7fc-1397a916b392,fdb3e153-32c5-4446-b109-10bd55370e31,579af8e0-edb2-4118-9407-cb4149aec63e,
4a5a63ab-50aa-4300-9273-f53a25ba36a7,fdb3e153-32c5-4446-b109-10bd55370e31,57ce7d07-e42f-4518-a871-0fe0e7c7fb30,
85c2a727-87fc-4aed-a149-d8bcffd8a9ad,fdb3e153-32c5-4446-b109-10bd55370e31,63cde894-24f3-4619-b8d3-588d3044b4ed,
220fea94-e5ab-4e5a-a1cf-5fe5fc709b92,fdb3e153-32c5-4446-b109-10bd55370e31,6c94e801-f9f7-4e99-bf45-a6a67bfe574e,
77fcb46a-b828-4bd3-bded-e0fab9d11f61,fdb3e153-32c5-4446-b109-10bd55370e31,782abf3f-5107-4575-8967-c8879e802a84,
2004d44c-53b6-4371-b441-26764bd647bc,fdb3e153-32c5-4446-b109-10bd55370e31,790a1a7d-e65e-4ee2-9147-5fc639aeac11,
20e8a343-f1c0-4ba9-bb08-d9a50df12102,fdb3e153-32c5-4446-b109-10bd55370e31,7bb8e108-a2d2-48b2-9712-fa2d4d5fbe2c,
0ec9d0d2-2458-4792-b961-3a452cc2d75d,fdb3e153-32c5-4446-b109-10bd55370e31,8241e271-c19c-4462-a69a-fc1836651e87,
6e9b2a85-38c1-484a-8eca-1fae3ce8576a,fdb3e153-32c5-4446-b109-10bd55370e31,8dce554a-2494-44fd-9089-cac672b62922,
09ffc42a-beb2-407d-a799-afc504e02278,fdb3e153-32c5-4446-b109-10bd55370e31,8de5b572-cc95-43dc-ac6b-15795a7c8ea3,
f7bcc5a0-59fb-4770-97cb-81c7a9668d96,fdb3e153-32c5-4446-b109-10bd55370e31,98ecc65e-7ea1-4ffc-a9a9-393f5232c5ef,
631045f2-4ad3-459c-bb25-6d4fc44f1fc0,fdb3e153-32c5-4446-b109-10bd55370e31,a76a5465-04f3-421a-9a54-91ff62ab879b,
6c8aff62-87a7-4891-b312-6aecf6469fde,fdb3e153-32c5-4446-b109-10bd55370e31,bb1f7995-ca68-41d4-84cc-33487f9dd46a,
d0063d57-0aff-4768-a511-87109f92fda8,fdb3e153-32c5-4446-b109-10bd55370e31,bb60f354-a345-4069-904f-8d06e1148ac0,
463f36f3-16b9-41c1-8794-42d111505d58,fdb3e153-32c5-4446-b109-10bd55370e31,bbb89a2b-c661-414f-b9b6-a7d34fb0c953,
e6d438ef-6fe3-4157-a7fd-9ac5f39c1b62,fdb3e153-32c5-4446-b109-10bd55370e31,bc4f104c-0cfe-43ae-9b0b-1469b06dfb7b,
f5f9e582-77af-4dd7-8a50-6354f2254c2e,fdb3e153-32c5-4446-b109-10bd55370e31,c02c6c45-424d-4429-b7d6-775117481862,
0702f689-86e7-437b-81ab-a6b422ac8cf6,fdb3e153-32c5-4446-b109-10bd55370e31,cd17f233-041e-4b9e-93c6-05a4c8bc3ed5,
005911d6-87e9-49a4-9e96-a86262bcb587,fdb3e153-32c5-4446-b109-10bd55370e31,cfea9a5c-dfa9-4913-ab79-ef0ece12397f,
569015c5-4c23-46af-82ce-1c910b0a92db,fdb3e153-32c5-4446-b109-10bd55370e31,d4c64102-1727-4934-b2bd-dc615c2f7016,
8dcf4a76-2989-4872-8c01-ec710326962b,fdb3e153-32c5-4446-b109-10bd55370e31,d9971105-226d-4602-acba-ad56a1f93b2e,
3c289b29-9e0e-47d7-9e94-fc41de6dd245,fdb3e153-32c5-4446-b109-10bd55370e31,dd688a01-578e-4404-aea1-469ba1a405d5,
8b6757c7-a57b-428d-82af-1abc14160be9,fdb3e153-32c5-4446-b109-10bd55370e31,f0308a3f-5962-4b8c-a44b-d49c57ad33b0,
9d1ed29a-5974-440b-a111-a7cc63d2a725,fdb3e153-32c5-4446-b109-10bd55370e31,f753f6c6-8fcb-4a7f-bf79-a21a548ed931,
48d31c43-f47d-4212-b82a-33abd8c9260b,fdb3e153-32c5-4446-b109-10bd55370e31,f9268060-5483-4e43-ae8b-a308885c5abb,
bc27a288-2e98-4811-9db5-3fdc739ce54b,fdb3e153-32c5-4446-b109-10bd55370e31,fad983dc-ea49-4e02-a1fb-6d72e341ba58,
