id,district_id,jurisdiction_id,subdivision_id
df756a85-d63b-4c98-9d16-e662a6c44c0f,0a5885e5-3ce5-4b90-b4e2-7354a1ab66ce,ab9d0d34-c13f-47e8-b33a-b5be3b2cae71,
85da7a95-7032-43ae-bca8-47f3faed94dd,0d968d34-5cad-432b-9e99-c92d764089ca,0fbfc482-bf21-47ef-a3ac-1bcce030ce7f,
fc91158e-0bbb-4fdc-a79c-e7d206ab5ebe,0d968d34-5cad-432b-9e99-c92d764089ca,45636277-e7a1-4d0e-b1ee-2dc8816d009d,
874a996c-05c2-44d9-ab4b-005461af8aa2,0d968d34-5cad-432b-9e99-c92d764089ca,4653b070-c1aa-45de-ac02-b9f93d488942,
5e06af8c-521e-483c-a868-88fad187b573,0d968d34-5cad-432b-9e99-c92d764089ca,6e194a7c-ee75-4500-957c-3e37bddd799d,
e876956e-6077-4480-ac1e-d487ff8c56f5,0d968d34-5cad-432b-9e99-c92d764089ca,d55aedbd-57b0-4a04-9736-60fcf9918e5e,
c18c16ac-cc2a-469e-9780-6c409144cd84,0d968d34-5cad-432b-9e99-c92d764089ca,d59b5a46-350f-4cd8-b1ba-153786423717,
52b99ad5-933d-4d2a-a2fd-5ee2883d01ad,0d968d34-5cad-432b-9e99-c92d764089ca,da414d7e-c456-4fc0-b8d2-2aaaf4befccc,
cab06409-279f-4332-b214-b4881fad41b8,12cc9231-7c3e-44a2-b78f-2d937bbefbd4,1d7a5236-2b80-493c-82a3-c289963b7524,
614ca2b7-a1be-4ba6-9a77-f802565fb175,12cc9231-7c3e-44a2-b78f-2d937bbefbd4,29df8c2d-5a25-4af3-899d-6c858981c535,
d570658b-b87c-4101-b106-bfc6ac398e5b,12cc9231-7c3e-44a2-b78f-2d937bbefbd4,70d194ee-e2e3-4045-93f7-7f2dd13eca84,
7734a729-122f-4f2e-92c6-5aa380f2a814,12cc9231-7c3e-44a2-b78f-2d937bbefbd4,99433a4a-67a5-4ed0-9cde-68de476113b3,
5613afd3-a6a6-45c0-81f7-b9e62ee0bb15,12cc9231-7c3e-44a2-b78f-2d937bbefbd4,a15c5acf-26fa-4f01-aa60-0a953e059156,
4473ec63-35c6-4b37-b77d-97ed8f7c8815,12cc9231-7c3e-44a2-b78f-2d937bbefbd4,b15af839-6691-4795-a674-bd42d05991f2,
8873812e-7961-482f-a91e-7924f86e2b40,12cc9231-7c3e-44a2-b78f-2d937bbefbd4,c53c93aa-fbd0-448f-ba2c-58f8487e8387,
130f252e-af5e-4c44-85d9-ffe96e004d24,13977548-7b8e-4844-a149-31a28ba71eff,00b51656-0bce-4e8f-ab5b-f21a3b5043aa,
308abfea-de33-4cda-965e-3028e469b463,13977548-7b8e-4844-a149-31a28ba71eff,04ef5122-9b1f-4647-91e0-2afd40eab11c,
03cfde94-01d1-4d5f-9d2b-f0aa2d130d27,13977548-7b8e-4844-a149-31a28ba71eff,129bfe6d-715f-44f3-9ad3-3044bbfaf576,
95eb9229-7d07-4c31-8cc1-699e64a8f9cf,13977548-7b8e-4844-a149-31a28ba71eff,12b1eb53-25b3-4916-ae9d-3f5aa8d5f83e,
0f68f986-fe1d-4fbd-aa8b-8b8d9a107d5e,13977548-7b8e-4844-a149-31a28ba71eff,145de5c5-aa5f-48b5-817c-01887b18d15f,
a3d6a679-de47-4786-b3d8-cab6f405cbde,13977548-7b8e-4844-a149-31a28ba71eff,2c5a518f-ccf8-4b4e-9c4a-777e3fc605b8,
001299a6-fdc2-4623-a6dc-a46333dc1cd1,13977548-7b8e-4844-a149-31a28ba71eff,31fe517d-d7a2-46f0-b57e-330dfe67deee,
ed62ef2b-3d6b-4510-b2de-2c90ea4d0298,13977548-7b8e-4844-a149-31a28ba71eff,381917cc-3f1e-42c3-a80c-5adf5031e2f0,
47bb7a9a-9678-4fe8-8eb1-05084e1681c0,13977548-7b8e-4844-a149-31a28ba71eff,3d5107df-d6de-483c-97f2-55ba296824db,
a360dcfb-ab79-424b-b883-a38637cf1afc,13977548-7b8e-4844-a149-31a28ba71eff,49628be4-929e-4616-8bed-c6d4e6585cdc,
81835c9b-4e6b-4450-9716-21ebe705a3c4,13977548-7b8e-4844-a149-31a28ba71eff,50d9c8eb-1992-42c0-a23b-facbaf092982,
c1fd447e-cbb9-4ab6-849d-917c51dd0fee,13977548-7b8e-4844-a149-31a28ba71eff,511b0f10-b74f-4efa-aa47-ccd9fc7aab26,
c9e50520-4c1b-47dd-b037-61f013478171,13977548-7b8e-4844-a149-31a28ba71eff,548584bb-7a1d-4c61-8405-62187ac64563,
a6f5c8bd-a2c2-4643-bac8-bea531fe18e9,13977548-7b8e-4844-a149-31a28ba71eff,55d571cc-a1b5-4e10-9a2c-7e8937ca5495,
129cf549-20e6-49b6-a9e4-442dbb23bfa4,13977548-7b8e-4844-a149-31a28ba71eff,56c7ab14-52bf-472f-af88-35afeb85143f,
691f39ef-d882-4d07-b8e1-54e09abb2136,13977548-7b8e-4844-a149-31a28ba71eff,57ca781c-8811-4ee0-a7bd-54ed1d411ddb,
ca1b6cfc-7174-4319-8dc3-6b25170fde86,13977548-7b8e-4844-a149-31a28ba71eff,597a9e4d-b508-46a6-9d2c-acd6a5805941,
60c9727e-43a5-4304-9b31-974352cb3888,13977548-7b8e-4844-a149-31a28ba71eff,59d0bf6d-65bb-45f1-b308-95a6b54e0e76,
8bb66f52-ed36-4059-bc3e-2d46d5e6523c,13977548-7b8e-4844-a149-31a28ba71eff,5f783617-bcb2-4fa9-998d-a1e01e3679d3,
20410005-7f02-4e1b-87ad-ac2e4caa47c3,13977548-7b8e-4844-a149-31a28ba71eff,620a4758-ee46-4d6c-a1cc-6e63e26eaeb6,
320b458f-f875-4a67-bc99-2ee0ab0831ec,13977548-7b8e-4844-a149-31a28ba71eff,6514eda3-cca2-4d8b-ad81-e9b17a585719,
7d19c9e3-5769-435f-97c8-5e7c35e61bd8,13977548-7b8e-4844-a149-31a28ba71eff,77b9e5a1-1b2f-40f0-8eb7-2fd7acd70146,
3e092879-abec-4300-b996-2b546c0e094c,13977548-7b8e-4844-a149-31a28ba71eff,7ad06ff5-92cc-4cec-816c-1e33725ba696,
f3f5f255-98de-4792-8f12-71b7c35a0471,13977548-7b8e-4844-a149-31a28ba71eff,82824a93-1e84-4af6-a99e-d9f48243a813,
9395900b-511c-42ba-a305-93115dbbc2e6,13977548-7b8e-4844-a149-31a28ba71eff,84b78808-7559-4aac-9f53-9c02e562a746,
3c55ca14-d501-40d6-a80b-2590d21f1c4e,13977548-7b8e-4844-a149-31a28ba71eff,87a17d4d-5d00-4ab2-a513-afdc5701c2fc,
171c03d4-8a89-4e77-93e3-edab0517120d,13977548-7b8e-4844-a149-31a28ba71eff,882db760-90e2-4d72-a3d3-b3fc7a9da75d,
3bb7ba7f-2abc-4625-8e13-058946ea2312,13977548-7b8e-4844-a149-31a28ba71eff,88cf270b-774c-473a-afe2-0d436e57c709,
2a991c60-2acf-4c67-8145-321ce81e2988,13977548-7b8e-4844-a149-31a28ba71eff,8c355ad3-8b66-4d93-ba0d-08c02f81c280,
0c0792de-784a-47fb-92e7-5f96655f00fb,13977548-7b8e-4844-a149-31a28ba71eff,8d264e73-a814-41e3-8ca5-6e58bfb43d1b,
a8544b69-38c8-4e1b-bab0-ccd970505f3b,13977548-7b8e-4844-a149-31a28ba71eff,8ed32d0b-dea1-44c4-9fa3-0a3a946b5773,
e354bc2e-f0d2-4cdb-a729-02a1da67c79e,13977548-7b8e-4844-a149-31a28ba71eff,9253f19a-1f41-4176-9082-48355cbff92d,
d44f007a-952f-4b1d-b2e5-70e659a1c448,13977548-7b8e-4844-a149-31a28ba71eff,a65726e1-58ed-4e4d-910e-b0775333021b,
79c3a4fe-fe5d-476f-ada5-7a14ab354da3,13977548-7b8e-4844-a149-31a28ba71eff,a733674c-3a22-4ee7-8282-11ea22c93d4c,
eb5b557c-762a-41ed-938d-757e8b637965,13977548-7b8e-4844-a149-31a28ba71eff,ad413ef8-397a-4f2b-bc30-8832a2df142b,
82815c2d-5790-4204-9b42-58928c6f06cc,13977548-7b8e-4844-a149-31a28ba71eff,b12336be-2115-470d-a54e-c9bdfa380a11,
44695150-9c36-4903-ab9c-75838fa19dba,13977548-7b8e-4844-a149-31a28ba71eff,b521f513-a895-4313-9108-85199a5594f9,
f71694ff-66a0-4a34-9379-a436133f3555,13977548-7b8e-4844-a149-31a28ba71eff,b750c4d2-e352-4bbf-8c64-85c3cfa64e76,
24551c22-fa85-442f-aa2d-0e99b4e5d9a6,13977548-7b8e-4844-a149-31a28ba71eff,b75866e2-0b45-4574-859b-a9a1239070cc,
8e2f8450-34a0-4bf9-8c85-1bdbffb91237,13977548-7b8e-4844-a149-31a28ba71eff,c1566577-21f9-4160-9b96-5039880ed344,
0820db02-f633-46f3-97cf-84405866d713,13977548-7b8e-4844-a149-31a28ba71eff,cfdc7bbf-c6af-4223-9999-07f3f237e357,
6accbc88-c36c-40f7-b13e-8b58be0f95a0,13977548-7b8e-4844-a149-31a28ba71eff,d2946b88-9ad5-4f96-b081-72fcd774853e,
17aa1a01-ec04-4a84-8dc5-da7f9d69bcfa,13977548-7b8e-4844-a149-31a28ba71eff,d88dba6f-c588-4c2a-b54d-a252878ba410,
96f2d247-9abd-4f3c-b785-1e3bbfa5409f,13977548-7b8e-4844-a149-31a28ba71eff,d8a5d3ec-eacf-44eb-91db-dfe69d0914db,
7b2a4bbf-9503-475b-979a-7bf1d64e9723,13977548-7b8e-4844-a149-31a28ba71eff,e2d4d981-a047-4eff-93b1-e9e628cb9360,
1fad448f-2940-4fed-9224-7c0ca6a0ea1d,13977548-7b8e-4844-a149-31a28ba71eff,e8b1615f-5a7c-44c8-bfe4-192fa0a1b3b6,
e4f0333d-09f7-4947-bc6c-a419f6ca9e89,13977548-7b8e-4844-a149-31a28ba71eff,f3a23718-28f8-41ea-892d-2321cf98170d,
42305f14-c6ec-441b-a4e0-e05d86d5ed5b,13977548-7b8e-4844-a149-31a28ba71eff,f4cc8584-6693-43a9-b643-f915c49037f5,
21252f57-ca1a-4488-9dfe-5845f0d8a814,13977548-7b8e-4844-a149-31a28ba71eff,fac6048d-5697-4af8-9901-46ad962a7266,
a6ff1a91-1c17-452d-b787-56c535a12510,13977548-7b8e-4844-a149-31a28ba71eff,fe65efa0-8801-4eae-b4ae-867ee512efa2,
507661df-2f0f-48f2-b775-4bbe884b89a5,1893d1c2-be26-4cb0-90dd-93b91181b850,2928c78f-65fd-41e5-834f-e6ed5fa41cd6,
173e07df-1f3d-488a-bc82-96f3b8a61cf5,1893d1c2-be26-4cb0-90dd-93b91181b850,2caae81e-b702-437b-9bf9-d46ff7e40bb5,
bb8ba255-6849-4d1e-9d60-ad2db7853539,1893d1c2-be26-4cb0-90dd-93b91181b850,34f9db70-13ac-44f9-9702-37142213fc25,
75389b77-f642-43f7-ab26-aa5fff74090f,1893d1c2-be26-4cb0-90dd-93b91181b850,3786ce1d-e1f3-4b58-9fda-1845f988d1d9,
b5cf0dc3-f9ab-4906-8ff7-ab481fa60700,1893d1c2-be26-4cb0-90dd-93b91181b850,38c8be33-282b-4ebc-bb2f-38ad067970d9,
e6c5d9a0-ecbc-47e7-b0fe-d6eac4d0a121,1893d1c2-be26-4cb0-90dd-93b91181b850,38e2685c-eb02-4a9b-a05e-b6c56a03a2ae,
abcc6558-2fe2-4ccc-954f-649c9912408a,1893d1c2-be26-4cb0-90dd-93b91181b850,3d2c7b66-194b-49f6-85f8-12e800a22aeb,
3c176009-98a0-4827-acad-900494711dc9,1893d1c2-be26-4cb0-90dd-93b91181b850,4411fd14-0ab8-46c3-b3bb-494b4931919d,
7356023b-2f32-48c7-8854-fecf0d51ab8d,1893d1c2-be26-4cb0-90dd-93b91181b850,57b9fa35-2f51-4c66-b898-5303f1deca54,
f7d70140-17a4-4da4-a4da-542c9ed4d255,1893d1c2-be26-4cb0-90dd-93b91181b850,8446a7c6-e5da-4be9-8760-abfc4e629df8,
9afc6263-740a-45e7-8a4a-8e9ee27b7e56,1893d1c2-be26-4cb0-90dd-93b91181b850,92540155-b62e-4a2c-9047-40fc17f45041,
0db09206-a9ec-4949-8306-7ab7ecc144ce,1893d1c2-be26-4cb0-90dd-93b91181b850,9f5645af-c7c6-4413-8d21-6483ce203a5d,
766e0156-a832-486b-8372-511730d465e0,1893d1c2-be26-4cb0-90dd-93b91181b850,a67774bb-3870-4c79-bb16-87d39ae3f83e,
a0435d4c-8bf3-43a2-807d-1c3d0f00b36b,1893d1c2-be26-4cb0-90dd-93b91181b850,c68d1bd0-c9ee-492d-9ea4-f3dfec4c43e0,
ae702143-8ec7-44bc-a843-40e19989dd6e,1893d1c2-be26-4cb0-90dd-93b91181b850,d3e080d8-4e01-4f4c-871c-00684b34798c,
6f755424-10be-4fff-a0c6-f047c045d007,1893d1c2-be26-4cb0-90dd-93b91181b850,dacedc94-9484-4269-bfbf-6ea20364fb06,
f0d5b199-34c7-43db-91f9-2fd4dafa39f1,1893d1c2-be26-4cb0-90dd-93b91181b850,dec65634-b42f-4b24-97aa-6e9a037acda7,
be67a92d-fd53-4557-9222-bf83269a1380,1a1d9f94-d242-4162-9374-d0b6368e41bb,a463a16c-ab0a-43da-8b5d-c3a8732e06c4,
201c8e56-6ae5-4968-a3af-508247bafb6e,1a1d9f94-d242-4162-9374-d0b6368e41bb,e31dfb9d-9545-43d5-a745-7daa43010e8c,
8d68eda8-1d2c-4e8a-950d-7a86ec10fb03,1a1d9f94-d242-4162-9374-d0b6368e41bb,f2a5282f-86c6-489b-8ca9-310a2c537fd9,
e3803a04-6c99-4393-adca-4441e0af64cc,1a1d9f94-d242-4162-9374-d0b6368e41bb,f52b4da9-860d-40c7-8ff7-bb0b0d26547a,
40a01bd0-21af-4acf-9a0a-003d2e3de46c,1b7a3cfe-52b2-459d-9829-e6194a8a7851,bfcb3eff-1f44-4827-837d-7a32b48a60f0,
b2ddc282-a94c-4f32-84ac-fdfcefc57794,1b7a3cfe-52b2-459d-9829-e6194a8a7851,e5701f6e-4aa0-497a-89e1-f73714152d52,
413e3d7f-b4f5-4662-b932-3de082541d31,1b7a3cfe-52b2-459d-9829-e6194a8a7851,ff22abe2-f249-4608-8cea-34fe70c794dc,
04fb3df9-e213-4aab-835c-9ed17387a190,1defa04a-d2c5-4874-b744-bca19167a420,0053194f-47b9-4815-924f-da279e6a8ea9,
fa896735-d87b-4bd9-b398-c34ba76df9e0,1defa04a-d2c5-4874-b744-bca19167a420,02521b94-bfbb-4ffb-b288-6f930090a1a4,
3c0c3cf2-2dd8-4a6c-909d-308c953e0f78,1defa04a-d2c5-4874-b744-bca19167a420,02e56c1c-7e16-401c-b314-71aa0378cb31,
1cda4469-d9a1-4634-bc5d-f9e25eb50694,1defa04a-d2c5-4874-b744-bca19167a420,031c38ae-0ae3-4cac-90e8-773cf1924830,
3ba94af2-7114-487a-b2a3-2678fc85232a,1defa04a-d2c5-4874-b744-bca19167a420,03ded8fc-a842-4cc5-ad2c-8d1401c57aeb,
8243ba7f-b078-4e79-924c-a45d68765660,1defa04a-d2c5-4874-b744-bca19167a420,058e2b13-da44-43b4-b77e-ffdfa4681ad9,
b844b5be-c3f6-4a8a-9e51-ced2312a0971,1defa04a-d2c5-4874-b744-bca19167a420,07aac3b1-6228-441e-bd14-bd74d26c9580,
a621836f-de5c-4ffe-9542-5e94d1cee30a,1defa04a-d2c5-4874-b744-bca19167a420,0bacac0d-6167-48e4-8454-dc65e1833b3a,
45a90aad-8d6c-4aba-95d9-7dcb811e04ae,1defa04a-d2c5-4874-b744-bca19167a420,0f6d775a-18c6-4f66-b5cd-ec1fa01337b4,
7b213de6-85ed-4309-b4ed-d3334d67f399,1defa04a-d2c5-4874-b744-bca19167a420,1406d9c3-324e-4493-b9e1-43f7857613ad,
43f0677b-b532-4e9e-a97a-11da213296e3,1defa04a-d2c5-4874-b744-bca19167a420,14a6b560-bcb1-4b9e-81d2-36f2079a3fb1,
93086728-d008-4603-8619-81a1ae8b08c7,1defa04a-d2c5-4874-b744-bca19167a420,1629ce9f-7df8-45b9-890f-a301e884e57a,
f97b522a-76f7-4cc6-ad27-7298a58d0c49,1defa04a-d2c5-4874-b744-bca19167a420,173b2222-9501-4f0f-a639-1403cf0f3fda,
718d248e-c192-47f6-85f4-fc6e262ba67a,1defa04a-d2c5-4874-b744-bca19167a420,2277e208-b966-457b-97cd-9de9e68962e7,
648aeb60-eaf0-4c73-bc14-1aba110588d9,1defa04a-d2c5-4874-b744-bca19167a420,2899938e-8c15-4060-9a6f-e5ee736a00f4,
bc953b52-0c6b-41c4-90a6-e8e29fdee81e,1defa04a-d2c5-4874-b744-bca19167a420,2c988418-20f5-4cd5-9ac5-62855e3928df,
94d15d1e-19cc-4272-9e32-5bd3cc3262e9,1defa04a-d2c5-4874-b744-bca19167a420,2d54a500-5afc-418f-a04b-ae59ba8f7b9d,
f4bb66d4-1de9-4423-8ec5-f42c6b22a299,1defa04a-d2c5-4874-b744-bca19167a420,2fd59840-82c3-401d-b770-a1a6b4908b8a,
f901beaa-94ba-4735-ad61-b2f296ed1323,1defa04a-d2c5-4874-b744-bca19167a420,3b8233da-1368-4551-bc75-7e0a97c2bbcc,
92233c95-29fa-4bf0-8eb0-1ae9327c8786,1defa04a-d2c5-4874-b744-bca19167a420,3bfa9e62-e2de-4daa-be3b-7a6c2b5aad9a,
f1778a06-4f8a-4a48-9157-e32fb093d7bc,1defa04a-d2c5-4874-b744-bca19167a420,3fc3704e-951d-4530-bfae-9bd600d0a87b,
90ec61c8-a0c0-463d-a0b4-73c4ff458493,1defa04a-d2c5-4874-b744-bca19167a420,42412d36-ffec-4b47-8f9d-18f8c5fc1d23,
e07c6f6a-16b6-4aa2-8940-95353f019af3,1defa04a-d2c5-4874-b744-bca19167a420,4660260c-798e-43f6-80ba-edd18185d378,
315ecdd1-3fc7-4e6f-9eb3-77f686c3d3c3,1defa04a-d2c5-4874-b744-bca19167a420,46f8e38a-a8db-4122-8bc4-7dd385c72ab7,
66bec438-4f7f-4f79-99a8-986111cc1f3b,1defa04a-d2c5-4874-b744-bca19167a420,47c92446-8647-4a2d-990b-14304b4ec929,
1422878b-62f2-4148-b4bc-5c0db710478d,1defa04a-d2c5-4874-b744-bca19167a420,4be66bce-89b2-4137-9e13-54bfac04114d,
10d23a28-8139-4479-bc90-e9d8fb650d82,1defa04a-d2c5-4874-b744-bca19167a420,4de9a2f3-b5ff-44ba-8426-cf269c0c68a1,
91e3e968-6226-4fbc-bf5c-221630786151,1defa04a-d2c5-4874-b744-bca19167a420,542679aa-733e-48ce-a89e-5a4de34bd0c5,
c5b14e92-4c59-49e7-9253-b9561a798c92,1defa04a-d2c5-4874-b744-bca19167a420,5863860b-577d-4a54-b1b5-efb8c2c05120,
9f45c7d3-1d36-48d5-9e98-5ae1e88e7574,1defa04a-d2c5-4874-b744-bca19167a420,58f45804-29bb-4a48-a07f-8551fa37b624,
73d0b45d-3620-4827-a5db-0edd1a864bf2,1defa04a-d2c5-4874-b744-bca19167a420,5a75aa0f-7b45-4f83-9e37-f0d9fc19b0d5,
dd5b3b19-898a-4349-84aa-23f0d218e588,1defa04a-d2c5-4874-b744-bca19167a420,6a3d19c7-f1c3-4991-8205-cf92b7484f56,
d3ea94c6-5553-4d7f-880a-42fe89d2acdc,1defa04a-d2c5-4874-b744-bca19167a420,6c8c57bf-ca5b-4eb0-a920-607de55a46e7,
f434a061-8ebd-4d7c-89ba-c6246542c89b,1defa04a-d2c5-4874-b744-bca19167a420,7109a1a0-349b-4668-b0ed-f1eafeba501a,
89385948-8a2c-4df0-9a27-d8257e8b8ac6,1defa04a-d2c5-4874-b744-bca19167a420,7342fe53-42a8-4acc-8c17-103daf3eaeda,
26f649bd-2edd-4fd0-b8df-c42ecc5f0794,1defa04a-d2c5-4874-b744-bca19167a420,7880ebdc-2c8d-4f1d-8fc7-9e7c6602adeb,
29ac6ae7-76d5-43f3-be74-27b5663f0603,1defa04a-d2c5-4874-b744-bca19167a420,7c9b6ce3-3bc5-426b-ae12-8f495c125d0a,
de03ef63-bff9-4239-ba90-76f558562907,1defa04a-d2c5-4874-b744-bca19167a420,7ce2bf1b-c9e8-48ed-8418-68b6c5a6818e,
208d3ebc-fd24-4645-82f2-5db6acf719ad,1defa04a-d2c5-4874-b744-bca19167a420,7dcc669d-5894-4b55-96dd-d03fa5140527,
d2a3edcd-3780-48f0-ace5-718b71b3ef54,1defa04a-d2c5-4874-b744-bca19167a420,7ee4fc6a-d4e0-48ee-bd4d-6546461d1e83,
1a538c24-d7f2-4bd9-a884-5f390c6d6db0,1defa04a-d2c5-4874-b744-bca19167a420,83499539-e063-41d9-88e2-eadb60739c0d,
d4b67875-8539-4a4f-8410-42e8fb909d8e,1defa04a-d2c5-4874-b744-bca19167a420,86b65a60-ba92-406a-ad79-ab029c44086d,
9c978c9a-3fb6-40c0-b41d-97c9f29ec103,1defa04a-d2c5-4874-b744-bca19167a420,8b5ad97c-316c-42af-be29-072792c08ec3,
9eb1d434-db9f-4c7a-a47a-11c2285aeaf5,1defa04a-d2c5-4874-b744-bca19167a420,8cf1462e-cd89-49a5-b542-b7e24d725dfe,
b572d590-7288-4945-9589-d1e3067d9b93,1defa04a-d2c5-4874-b744-bca19167a420,8dea48e3-a38e-4d68-b17e-61b8503d9e85,
94839761-c251-4bb3-a609-c70fcfdf98fc,1defa04a-d2c5-4874-b744-bca19167a420,95df6356-e4aa-4bbb-a96f-3951adf542e5,
7ad0f031-9af7-4fd8-8dfc-276bb367780b,1defa04a-d2c5-4874-b744-bca19167a420,9d1848a3-8143-43ae-b093-02e931ab38a9,
4f0f641a-d752-4731-add4-a1cb6fc5c9d3,1defa04a-d2c5-4874-b744-bca19167a420,9d683791-680b-4afa-8db3-246e9b738e7b,
393c0e47-82f6-4594-b07f-33b8bd332fcb,1defa04a-d2c5-4874-b744-bca19167a420,a1acab46-0db0-458b-b3db-ee7aaeae3488,
34e3abf8-6dde-42e4-8b49-5aa639174ff3,1defa04a-d2c5-4874-b744-bca19167a420,a3026a4f-72c1-4c61-9339-70ce386ce184,
df037c9b-d37b-46b8-a51f-603d44fb1bbe,1defa04a-d2c5-4874-b744-bca19167a420,a59fea65-6571-449e-b563-9684d44770c0,
d434c70f-0707-41cb-b1ae-7f0626573143,1defa04a-d2c5-4874-b744-bca19167a420,a67f2dfa-e9df-40c4-8504-f2d6c0e0373f,
9d327529-bf94-4880-934d-aa68c0abd997,1defa04a-d2c5-4874-b744-bca19167a420,aa1afaf6-a07a-4d49-b20f-ff56b45d0f92,
680b1a58-1fbf-4034-b255-6f9d4b45f995,1defa04a-d2c5-4874-b744-bca19167a420,aa88f3a3-5484-4959-b445-060c53c4f04a,
be368e59-496b-4199-92e9-9b4f7d91ad56,1defa04a-d2c5-4874-b744-bca19167a420,ace79120-8f9d-41fc-a78c-eae68940b34f,
6d08d46a-a5c9-4fe1-a7ce-f617cea5b1bc,1defa04a-d2c5-4874-b744-bca19167a420,b0f630ea-994c-40a8-b9bc-a807d34cf064,
fd1e53c8-bfe9-4674-a17b-18b95d56b52a,1defa04a-d2c5-4874-b744-bca19167a420,b3720211-a1d5-4da3-8014-b057a9ab986a,
3eaa19f7-5d8a-40de-9007-fc928a6a05bc,1defa04a-d2c5-4874-b744-bca19167a420,b3dbe50c-4215-473f-a60e-edc7e8efc558,
321a24e2-7b2e-498b-9009-7d784fdb54d7,1defa04a-d2c5-4874-b744-bca19167a420,b5b7ddc6-6950-45fe-bb01-0e08fd6053cc,
2406918e-dca3-4479-8dc8-389d00ed495d,1defa04a-d2c5-4874-b744-bca19167a420,bcc76612-1a14-41c7-b48c-c56f29d88f93,
1d29cbd7-e3d0-41d7-ba28-c67d0a8948e9,1defa04a-d2c5-4874-b744-bca19167a420,c684ebaf-3c6e-4e2d-af3b-d22f34609029,
86e07cfd-9cda-4a5d-ae14-ba0dbed74b6b,1defa04a-d2c5-4874-b744-bca19167a420,c798b811-5cd2-41ae-9939-d0b4d2165ad3,
f9de7847-4e29-494b-9ae9-da6746d3a281,1defa04a-d2c5-4874-b744-bca19167a420,c809a547-3c38-40a4-994f-8c48af46db75,
8fbacf7c-0f14-4b39-b260-4866978d3b24,1defa04a-d2c5-4874-b744-bca19167a420,c8ccb11e-2efb-404b-9b95-5e5f40a08a41,
a9d9b7e0-526a-4f73-bfe8-dd476767758f,1defa04a-d2c5-4874-b744-bca19167a420,cee1e97f-3d82-4280-951e-d29f22b25203,
1e7aa9ba-50b7-451b-9600-9aa55b33792f,1defa04a-d2c5-4874-b744-bca19167a420,d07b0636-2c98-404e-8883-78c8089ca5f6,
b9fa3070-c32a-4b50-ab4e-d9ec9736005b,1defa04a-d2c5-4874-b744-bca19167a420,d170c4f4-80e2-4c70-8a27-88c2b31fd443,
319db924-b026-4ed5-b923-4f66a00e9be5,1defa04a-d2c5-4874-b744-bca19167a420,d4203e7a-1434-4fee-b88f-4cc6dee50b54,
c4f0a8f2-7bf0-43f6-b199-deb59afa6632,1defa04a-d2c5-4874-b744-bca19167a420,dc86e211-b2a6-481d-b824-a71727ff2eb6,
a024eca5-a909-47db-9a41-05cfbaa78064,1defa04a-d2c5-4874-b744-bca19167a420,de09b0f4-d9cb-4325-8a58-4262e27a023b,
6522f42b-2e7d-4a02-9272-a9b8f9c25b7e,1defa04a-d2c5-4874-b744-bca19167a420,e00b7d13-baf1-4baa-b608-6373c75e3edc,
880ffe03-8252-47ae-aeed-b8b953d620a4,1defa04a-d2c5-4874-b744-bca19167a420,eb938d65-f564-4678-9a27-0923ee875de7,
8090136d-54e0-4299-b711-95d9f4c0e4d1,1defa04a-d2c5-4874-b744-bca19167a420,ec47b0bd-4970-4eaf-b759-4558991abedb,
329bb697-0633-4e06-a80c-27a85e1fbeec,1defa04a-d2c5-4874-b744-bca19167a420,eeb5176b-3441-429d-b772-24804a136c22,
c25d82bc-4477-419a-8558-1dde22aed09f,1defa04a-d2c5-4874-b744-bca19167a420,f073b3cb-4336-4567-a183-73492256a03c,
cf44fea2-df5d-405c-87bd-d567eb30d6c1,1defa04a-d2c5-4874-b744-bca19167a420,f5fa0068-8c39-4287-92f4-064b79acf8ad,
476c817e-5fb8-4968-9efa-d9fb0b287813,1defa04a-d2c5-4874-b744-bca19167a420,f6f0d36e-3de0-4b7e-aad3-9868b362a2a0,
44ce0906-ff57-4eab-86d2-29a4728b6a9c,1defa04a-d2c5-4874-b744-bca19167a420,fb31396e-f7fe-4cc7-b59f-6a6185a309ec,
59aa1960-7e99-4f81-a4cc-28496fce5658,1defa04a-d2c5-4874-b744-bca19167a420,fb809a18-0f50-4690-9070-3b1af2d093e1,
59b5c55e-0a04-42b9-9439-1612eba28e6e,1defa04a-d2c5-4874-b744-bca19167a420,fd211436-f6ca-43fb-ac52-e0285a5d5140,
4d4f890e-2f46-457d-8394-a32c6d9c0db4,1defa04a-d2c5-4874-b744-bca19167a420,fd4dd142-8f9d-4a0d-8d34-1d967db9b4a3,
e92ac00f-e96d-49e0-8fe4-48893a2cfbc2,1ff6294d-f3c7-4b86-a015-a9583bfed2a5,109ee3d6-53ba-4572-9426-10397004a779,
fa427de3-b7be-4e05-8d82-9b7e5f9ff477,1ff6294d-f3c7-4b86-a015-a9583bfed2a5,19a02f00-203c-436b-b797-23277bbba082,
cd8d889b-0ac0-4894-be12-fb675920ce0d,1ff6294d-f3c7-4b86-a015-a9583bfed2a5,19c5d238-9d48-42a8-b5a2-04ca0158fd47,
05946a84-72a2-48bc-93b3-2578309cad36,1ff6294d-f3c7-4b86-a015-a9583bfed2a5,1c5e1b44-89d9-4dd0-88c0-414adbaea23c,
228c9441-c8d6-491e-bad4-ee27844043ad,1ff6294d-f3c7-4b86-a015-a9583bfed2a5,254fad1a-e2f9-4475-8fc0-9bc659b7adde,
d0f1330b-4bb4-4268-886f-bc664039f9dc,1ff6294d-f3c7-4b86-a015-a9583bfed2a5,33c345b7-22b7-423a-8d5a-0dbad2e5949d,
c7cea730-8826-4a50-9a4a-8eaee64bc111,1ff6294d-f3c7-4b86-a015-a9583bfed2a5,457d8c26-760d-4141-9395-7a14e6ade036,
faaa3d4f-32de-4c45-bf97-230c178d4731,1ff6294d-f3c7-4b86-a015-a9583bfed2a5,4789d846-9e79-4d34-a8f3-81ffbb12e3f8,
0f78fe8f-8056-4d23-92fb-e7cd4a096fef,1ff6294d-f3c7-4b86-a015-a9583bfed2a5,55d048db-7edc-47cb-bec3-d83b7c763f01,
1500def4-6c2d-49eb-9dc0-4bd1396fcd59,1ff6294d-f3c7-4b86-a015-a9583bfed2a5,6285a6f2-4268-4193-9fcf-99d5ed496c2b,
bd5d3363-2120-4f87-9786-07575fbbd5eb,1ff6294d-f3c7-4b86-a015-a9583bfed2a5,6cbc1309-7349-4bae-957e-8fcf16545956,
89fd011f-5ad0-411c-9ed9-2ddac817d3c3,1ff6294d-f3c7-4b86-a015-a9583bfed2a5,6e047c96-f11b-4cf9-98a5-10c0adeec52c,
f07b8345-ffcd-4268-8816-430fe8db6e25,1ff6294d-f3c7-4b86-a015-a9583bfed2a5,80a3843a-95ff-4d60-ae8c-0432cead041e,
c3d0c87a-3cf0-4adb-8aa6-fbfce175ef4c,1ff6294d-f3c7-4b86-a015-a9583bfed2a5,86099e0c-5fda-4d0b-8023-1c6f8b0a6cef,
93b739a7-91d2-460f-8e03-e339047b41fc,1ff6294d-f3c7-4b86-a015-a9583bfed2a5,900d6269-f337-4586-b75c-ee9fd4844f7d,
e7752a3e-851c-4272-badd-5d74eebf220b,1ff6294d-f3c7-4b86-a015-a9583bfed2a5,933766fa-cb60-4503-ad37-c490eec5ddc7,
6b4e485b-2f46-4837-bd17-e30c4f7ae8fa,1ff6294d-f3c7-4b86-a015-a9583bfed2a5,9a97a663-d5ea-4364-9f27-c0142a1c7e51,
40137e58-a5da-4d3e-8861-476ad1b03549,1ff6294d-f3c7-4b86-a015-a9583bfed2a5,a466db10-2522-42f3-a17c-b77b5e8496b0,
eb4e25b6-3951-4862-9bd4-88fc6ff0bd5e,1ff6294d-f3c7-4b86-a015-a9583bfed2a5,af84acf0-f40d-4b36-95f2-42678e5abf8d,
12cfc296-654d-4e9b-a1c9-1adf5bd4a8a6,1ff6294d-f3c7-4b86-a015-a9583bfed2a5,b2e3b634-5f30-484a-a221-7cc61a71b2fd,
286a567a-5f15-41df-b0c6-f01d5d389ca2,1ff6294d-f3c7-4b86-a015-a9583bfed2a5,b477fad8-0ce1-4876-9898-303fafd88ae0,
12f1dead-f111-46b9-9508-8bb0657f4c3b,1ff6294d-f3c7-4b86-a015-a9583bfed2a5,b5c1d252-622a-4f7c-873a-cd6de6c1bc45,
f32a8c1d-23dd-4a47-bd16-0014fe75bf20,1ff6294d-f3c7-4b86-a015-a9583bfed2a5,bead21ba-97df-4a6b-87cb-31292ff870e1,
d358152d-39a0-4beb-9f8a-3e517e968b02,1ff6294d-f3c7-4b86-a015-a9583bfed2a5,becbe91d-d575-404e-90d8-0fbf0beddfbf,
864a2699-1ddb-49aa-910d-9194442b0f76,1ff6294d-f3c7-4b86-a015-a9583bfed2a5,c8c165a2-33c9-402f-af39-43e0f3fd7e41,
6d972c39-8ccd-40fd-8cea-3b5feda8621e,1ff6294d-f3c7-4b86-a015-a9583bfed2a5,d0d6f299-f238-4711-a738-efbdbe7f988f,
6fd5b472-66ca-4bfe-8236-0b4757a88ae2,1ff6294d-f3c7-4b86-a015-a9583bfed2a5,d88dbdf2-c352-4cc2-9f85-59285d5b0fac,
5f8e2f44-22c2-4992-b0a4-6efda2dcdba6,1ff6294d-f3c7-4b86-a015-a9583bfed2a5,e1575c15-93ae-4c8d-8903-0fcc43919434,
3bb729dc-c88e-45c8-aab0-ec7d6db1ba22,1ff6294d-f3c7-4b86-a015-a9583bfed2a5,e7e5d446-6e63-4056-8f99-0e8285b41202,
6fb7a723-98d6-4e32-bfcd-10bf68599788,1ff6294d-f3c7-4b86-a015-a9583bfed2a5,ea48b89a-1464-466e-8dec-20f58ce0ebbc,
de2a1487-c71d-4a0b-bc39-138f209424af,1ff6294d-f3c7-4b86-a015-a9583bfed2a5,eb968f21-047a-4f01-ba28-8713e88a211f,
432ee1f6-41f9-4ff0-ad34-99f4b2397b53,1ff6294d-f3c7-4b86-a015-a9583bfed2a5,f9ec18ba-a5e7-4604-a297-7069c2995fb3,
3cb25f14-b334-4a86-b8ee-72b5daee3bac,209da357-26db-4eaa-8bbc-b2a5aa65ce3b,768f2b2b-6112-4f88-b199-2cf952c8be98,
45226f5d-6d3e-4fbc-801a-2f01431c07d2,23cc4d73-6b0c-4fc0-bcde-2dcc88dd2c24,0b508aed-e896-42d2-8144-3e6fa325f38a,
8f164874-ed40-48dd-b8cf-f8a967f0da18,23cc4d73-6b0c-4fc0-bcde-2dcc88dd2c24,14dd3d2c-1b16-430b-a618-6f60b1d625dd,
f2f262f7-c520-4bb3-acc1-781064e5694c,23cc4d73-6b0c-4fc0-bcde-2dcc88dd2c24,17b4fb8d-495a-47ec-a919-60c881fab693,
b6527e42-a2be-4b8a-8d76-afec1642334c,23cc4d73-6b0c-4fc0-bcde-2dcc88dd2c24,2d0969df-4a31-4e9e-b96c-a3a86b62f9d6,
2519b7c0-1d60-4ddf-92cc-8feb87642f79,23cc4d73-6b0c-4fc0-bcde-2dcc88dd2c24,328671e3-de26-4498-bf46-ffa874da6761,
505ea14a-2cc9-403b-96df-4472f68fc26c,23cc4d73-6b0c-4fc0-bcde-2dcc88dd2c24,52c506a8-0217-4e80-8155-977843ce890f,
868fa8d4-9de6-4497-8041-33ece9d4410f,23cc4d73-6b0c-4fc0-bcde-2dcc88dd2c24,59df1833-83b8-4ea0-bd03-6887ded6c73e,
7064d679-8727-4561-88e7-7159bb7260c2,23cc4d73-6b0c-4fc0-bcde-2dcc88dd2c24,5d607a96-79b9-4430-8fbb-a8e2d62a6c4d,
3bf81be6-c825-4ef0-908f-db07db908d33,23cc4d73-6b0c-4fc0-bcde-2dcc88dd2c24,6ad5e594-4600-4f90-b3d0-851fe4b5ed64,
e03df797-3d68-45c9-b973-00e7f16b37e1,23cc4d73-6b0c-4fc0-bcde-2dcc88dd2c24,6b9302d7-6cd2-4828-8d6b-84032bb81c66,
3482fd9f-b254-4f8a-8c9c-c78d758455a4,23cc4d73-6b0c-4fc0-bcde-2dcc88dd2c24,6ddfe147-dbf8-4476-adf8-cddc834a1e6e,
5e194253-618d-4dac-a62a-443e98ccacc6,23cc4d73-6b0c-4fc0-bcde-2dcc88dd2c24,7e648b25-487f-4c0e-8cbc-af4a09dcf7c4,
f8475a8e-d42c-4deb-9225-3481559a4328,23cc4d73-6b0c-4fc0-bcde-2dcc88dd2c24,900ea938-31d8-4aac-97f8-fd60f6ff95e6,
aa620ba7-80c0-443b-8586-486c92391da4,23cc4d73-6b0c-4fc0-bcde-2dcc88dd2c24,9bb12ff2-77b5-4a4d-8c79-ef42067e5d46,
0a8d7af0-3177-42ed-aa18-a9a24a30b637,23cc4d73-6b0c-4fc0-bcde-2dcc88dd2c24,a8107afc-ba7f-4146-b9cb-3f1d919d3c13,
01a1676f-d76e-4f1d-8ed2-77bae3a6d105,23cc4d73-6b0c-4fc0-bcde-2dcc88dd2c24,a865c7ea-9a77-45ce-aa91-85a91472fb13,
77dca8dd-43b0-4e09-992d-9fea4cdf22ec,23cc4d73-6b0c-4fc0-bcde-2dcc88dd2c24,b2338012-6657-40e5-8001-126afc71feab,
a6a84f49-4266-4f71-a5ae-fb6076810561,23cc4d73-6b0c-4fc0-bcde-2dcc88dd2c24,b280e21a-4e88-486c-a0b4-72d29a8b6b7d,
c257a461-4370-4694-b268-f5b689250d0b,23cc4d73-6b0c-4fc0-bcde-2dcc88dd2c24,bfb051e3-3a00-4596-a8bb-375574c32834,
1504c7bf-ddd3-45fe-a0a4-c86f5c2d5832,23cc4d73-6b0c-4fc0-bcde-2dcc88dd2c24,eae5370b-8f1f-45d1-893d-3129f63cb6b3,
5a8eb5d0-7fea-4e90-bbe1-e9ef64cdd0e3,26c924c0-e453-4b3c-b189-9a79289683ba,2143a614-eef9-41ef-96c0-1f8668829706,
4a546a18-87f2-4cd9-8b2d-5cb915db2df7,26c924c0-e453-4b3c-b189-9a79289683ba,db091720-2aed-491a-b392-f461fe1022b0,
3848d504-4276-46e9-8ddc-f86f477368a8,2a07172f-2fb9-4bf8-b4d9-82750901fdad,22303fea-3cfd-4d70-b880-649155e956a9,
277bbd18-0d04-4c8d-baa3-f9e05d8a2bf7,2a07172f-2fb9-4bf8-b4d9-82750901fdad,3c59b759-7f1e-473a-bd37-bced6f969f36,
a4121570-abbe-4315-b7d9-b0e3cee54c9c,2a07172f-2fb9-4bf8-b4d9-82750901fdad,5dd95ef4-eed0-42b9-a4ad-15ae5e230570,
d2986a2d-9539-43a5-b589-08022e7a6f1d,2a07172f-2fb9-4bf8-b4d9-82750901fdad,73be49e8-2fc3-4fff-9141-afd77fb18553,
072a96a9-8e70-4b4d-a842-925a86dc934f,2a07172f-2fb9-4bf8-b4d9-82750901fdad,7b65839a-e364-43d9-aa8c-80cbbb37d2f3,
2b91735b-2773-4663-bd78-79c084f1927a,2a07172f-2fb9-4bf8-b4d9-82750901fdad,ba26305b-ac32-4d68-962e-c614a3c6d7a0,
15c01b89-d31a-432e-bf73-a23432109d77,2a07172f-2fb9-4bf8-b4d9-82750901fdad,cba85851-8a80-4d2f-8f28-9107db930ffe,
fe2c79da-3d6b-4f74-964e-d8d77bcb4df7,2a07172f-2fb9-4bf8-b4d9-82750901fdad,d6b05cfc-0bd2-4d83-9bea-54dd5774ac95,
2f004e48-7e04-4fc7-974b-f9e6b02fe451,2a07172f-2fb9-4bf8-b4d9-82750901fdad,ffe5e75a-e3ce-4f23-9229-4375f511cafe,
a729cd5b-6d4b-456e-a70a-5fc9e2e62432,2a3500c7-926b-4524-9f16-6283dd0093aa,0148caf7-1e06-438b-a507-671182802785,
b625770a-a3fe-4dfb-83fb-1683d9c29903,2a3500c7-926b-4524-9f16-6283dd0093aa,0240b1a4-c3d9-4f9d-8a95-1b5a48abbde1,
ac137b04-57d7-43c2-82bb-b4820721d50c,2a3500c7-926b-4524-9f16-6283dd0093aa,047765b6-1a45-4b14-9315-425ac6a8443c,
c319e1ef-858f-40c6-a83b-63ec4975eb8a,2a3500c7-926b-4524-9f16-6283dd0093aa,05cc70c9-1fc4-48a2-af8c-aaa404cf5ac8,
35b4103f-9e77-480f-9b31-7061bfbf2a6f,2a3500c7-926b-4524-9f16-6283dd0093aa,089a8cbf-d9be-4cea-a13e-2fdfc0334d7e,
34d3c958-897d-418e-988c-b1d34dd0e296,2a3500c7-926b-4524-9f16-6283dd0093aa,0ae3f2e9-706e-49f9-b6b6-c6ed383a8c06,
0cf94405-48f5-4dc2-8fea-f3f7cd09767e,2a3500c7-926b-4524-9f16-6283dd0093aa,0eff9caf-a571-4db5-9f13-11a4b8003dc9,
c9e16a1e-e049-4809-b230-f59c584c85da,2a3500c7-926b-4524-9f16-6283dd0093aa,13785d82-a1bd-424f-9443-1824c8c94e90,
989a6b35-ba7b-46a4-b7ea-aedd576f2ef4,2a3500c7-926b-4524-9f16-6283dd0093aa,13e2eb79-3819-4315-9a4d-30db52823247,
7166f52f-94cf-48da-966a-7df82fdce9a3,2a3500c7-926b-4524-9f16-6283dd0093aa,154f2113-11a3-4aa4-9a62-b4ca0f527f5c,
b31f8809-2e71-45bd-8478-ad5902ada856,2a3500c7-926b-4524-9f16-6283dd0093aa,174150c0-9249-4487-b3e6-cc38c6005565,
bf84148b-2c90-493a-98df-a73885e26d4c,2a3500c7-926b-4524-9f16-6283dd0093aa,17d84558-e2e9-40f8-b0aa-ec3a6ae94554,
803e9495-95f0-40ad-b9cb-aef802ca7579,2a3500c7-926b-4524-9f16-6283dd0093aa,186ac9e2-75ff-41b1-b192-258c1720860c,
0664fab5-8445-4775-a8e5-e28a390c0faa,2a3500c7-926b-4524-9f16-6283dd0093aa,1d0e673d-651b-4caf-a548-a4e377ec857b,
cc5eb4aa-702f-41d7-b0ff-6ca13c1be8dc,2a3500c7-926b-4524-9f16-6283dd0093aa,23556f62-1de8-4f8f-8a21-d7c3ac6a2392,
ffef84c6-6452-4ab7-8f14-dad70025f77f,2a3500c7-926b-4524-9f16-6283dd0093aa,2380b35e-1177-4609-9f30-9c7661553eb9,
93abe50d-b301-42af-8835-082571fd7003,2a3500c7-926b-4524-9f16-6283dd0093aa,262011d9-c401-466a-836e-916aa48da1d5,
d5215469-869f-4f79-ad07-8992b841851b,2a3500c7-926b-4524-9f16-6283dd0093aa,297d7f1b-af77-4834-a50d-8984ba2a900f,
0f4204f4-49a7-4f98-9837-6bad2e7ab8e9,2a3500c7-926b-4524-9f16-6283dd0093aa,2ebe130c-a5f0-4f31-9bf9-c0682d52c1ba,
7ac4b8c8-e15d-4d9e-99e0-138a01cdc28c,2a3500c7-926b-4524-9f16-6283dd0093aa,2ec4b2e7-e4dc-499e-a5d4-c76eeda55c1d,
2147531c-8d72-436f-a03c-dc04b450b2cd,2a3500c7-926b-4524-9f16-6283dd0093aa,32ff2cfa-1bf9-4d9a-9c64-000fc11bf75d,
0409d374-5f8f-4db6-afe8-814ebcf60f8d,2a3500c7-926b-4524-9f16-6283dd0093aa,347e8fbe-835a-4645-8de2-42085e53f8ae,
80411270-3cfe-496b-9424-30980be5d142,2a3500c7-926b-4524-9f16-6283dd0093aa,35474792-2b21-422e-9036-aa42a44f32c2,
a9580d2b-07b2-40c0-9485-b212cb34e487,2a3500c7-926b-4524-9f16-6283dd0093aa,3684f74b-fc44-4d08-b1b2-a27b04f1b2d4,
001bfa08-abd4-4fa5-8f1d-9fa51969df14,2a3500c7-926b-4524-9f16-6283dd0093aa,36de8664-5568-46f3-8f62-ceb8e68f15dc,
9c863945-d146-4507-9ec3-4c4212577bd7,2a3500c7-926b-4524-9f16-6283dd0093aa,392afcf4-7a45-44cb-9776-f5af92e47c2a,
feca2884-9f16-415a-a5fd-36dc4172d332,2a3500c7-926b-4524-9f16-6283dd0093aa,3c5dfd06-c0b9-4d8a-9ed2-f64c8076beea,
636bb52c-dee3-475d-ad24-e91727cf168a,2a3500c7-926b-4524-9f16-6283dd0093aa,3cec4258-3cfd-47bb-ae74-cd36b41345e8,
09e94511-2333-4216-ac27-fd836c5cf164,2a3500c7-926b-4524-9f16-6283dd0093aa,40dcc77f-0a03-4687-822a-f67ca4f25ab4,
a0d6f17e-5da1-48c2-a7ff-3745bf9c7b63,2a3500c7-926b-4524-9f16-6283dd0093aa,452a99a5-3186-4cac-9094-68733f4b071e,
7ca1574f-8378-438c-afe7-e60d422e511a,2a3500c7-926b-4524-9f16-6283dd0093aa,4a71a25d-286c-4a17-9376-0b60ff5461d6,
32c4ed2f-96c5-4720-bba2-e5746ba39c22,2a3500c7-926b-4524-9f16-6283dd0093aa,4b34d687-da98-4f3a-b05b-0c0ce3ba316b,
035782d2-e2dd-4032-8be7-3df8de81243b,2a3500c7-926b-4524-9f16-6283dd0093aa,4ee0fca9-7e8f-4409-985d-eb3200f156ba,
f4bd2689-27f2-476b-822b-de1b52e399e9,2a3500c7-926b-4524-9f16-6283dd0093aa,5642bc2f-3371-4056-ab90-867cb8215279,
081c9477-78cc-4ca3-9760-47ac3fabc06d,2a3500c7-926b-4524-9f16-6283dd0093aa,56cc17b3-ad67-43d0-9564-b9a4c3ae5738,
52b09586-4017-4333-803c-9cbcfa1cbede,2a3500c7-926b-4524-9f16-6283dd0093aa,57a9526b-556e-448f-8677-adff09923d8d,
35960d70-8163-4625-a024-c0200c09824e,2a3500c7-926b-4524-9f16-6283dd0093aa,5a70a6e0-ff1b-48d8-8a62-ccace5dfdd38,
9378deca-ea19-48d6-b864-031cfb6952e7,2a3500c7-926b-4524-9f16-6283dd0093aa,5bf69d2a-3f54-4de6-a941-0f860d28a550,
527aac20-1b60-4943-8d69-fd275f338175,2a3500c7-926b-4524-9f16-6283dd0093aa,60274a01-280a-441d-9278-fc6b3d0ea3b1,
c7d6655d-685f-492e-98d1-92bb40f25d8a,2a3500c7-926b-4524-9f16-6283dd0093aa,6076c3c8-6652-4bfd-9042-20ea4f988abf,
4b8df385-6a0c-43c3-9c6c-7af1d8ac098d,2a3500c7-926b-4524-9f16-6283dd0093aa,60dc3465-efc4-4f2e-82b3-fe9ec34d3f12,
3f603617-ca0c-43db-9193-b758b790d7d0,2a3500c7-926b-4524-9f16-6283dd0093aa,672f685b-7ff0-4d29-9d4e-e2f1df4d74dc,
9a0d9e45-946a-415e-bdac-2a062d3d3a1a,2a3500c7-926b-4524-9f16-6283dd0093aa,6896dc33-2693-4f68-bb3a-da91fd398ae3,
b9cc8366-efc6-41cd-81ed-ed12223bc605,2a3500c7-926b-4524-9f16-6283dd0093aa,6905550f-ba9a-4541-99cf-f5dce02e113f,
be16cdf0-3ef5-4b1b-84b1-88703569f006,2a3500c7-926b-4524-9f16-6283dd0093aa,7120b2d2-89a2-49d3-9d8a-cc4aa320244b,
69415166-f554-4be9-b0c8-c27dda2e772a,2a3500c7-926b-4524-9f16-6283dd0093aa,739589b4-eb3f-42f0-b51f-afa78983c40f,
9b7cc199-f757-4e35-b5cb-108d81acb001,2a3500c7-926b-4524-9f16-6283dd0093aa,73f8aad0-b9b3-48f0-ac06-d622e5e71ac1,
6471dbe7-67df-46c3-af7d-65bd8fd43036,2a3500c7-926b-4524-9f16-6283dd0093aa,75fd112a-a8c0-4c75-9a26-6f3d7ef6daf2,
b5566fd1-21d4-4164-a043-7f4b8a27c1d1,2a3500c7-926b-4524-9f16-6283dd0093aa,77b68caa-8939-48a0-8450-cf7c1b4676ef,
8971cbdb-4c62-4d4c-a5c3-81919bee5723,2a3500c7-926b-4524-9f16-6283dd0093aa,787a68ee-2fe0-4e80-9cfc-5a4ea2f3aba9,
bc1dd9e0-2da3-4117-8979-b25f60080d1e,2a3500c7-926b-4524-9f16-6283dd0093aa,78bac35a-2deb-407e-ae82-0164d7d7575f,
e63f849b-b407-4580-a618-71eae01b366c,2a3500c7-926b-4524-9f16-6283dd0093aa,78ea8cd9-581b-416b-9114-7b3898062399,
dcf88ba8-9af8-444a-be56-fb8c76f88618,2a3500c7-926b-4524-9f16-6283dd0093aa,795c95d7-4aed-4a01-a150-aae34ce9826c,
7329350f-c48f-400b-9960-4c760dee2f43,2a3500c7-926b-4524-9f16-6283dd0093aa,7eba3c28-ef33-4cf5-8c89-0c90aa0b3482,
3a280f3e-4513-4156-b286-94499a6c0489,2a3500c7-926b-4524-9f16-6283dd0093aa,7fa7bbcf-08fa-42a3-b2c2-e2eeea9556ed,
da75e904-269c-467e-bc08-ed6d643e9077,2a3500c7-926b-4524-9f16-6283dd0093aa,7fd9f6c2-c66d-478e-ae37-bbe5fb610041,
6310df9c-5afe-4f84-a6a0-0efb2618c1da,2a3500c7-926b-4524-9f16-6283dd0093aa,81ccb0c0-ec8e-4043-bd25-72d5981543d5,
b3ed011f-1065-45b4-be72-e7c2b25f68ba,2a3500c7-926b-4524-9f16-6283dd0093aa,839f75f7-7503-46ca-89c7-c628988e73e1,
f08b4b09-b555-4f3d-8a11-469c695db96c,2a3500c7-926b-4524-9f16-6283dd0093aa,89947632-2ebd-43de-a4a4-55efdcd7a054,
a9f292b6-4c70-428c-9216-62cef3c2fb24,2a3500c7-926b-4524-9f16-6283dd0093aa,8a5f29ec-dacb-4f4e-8404-88b6c75a162c,
176a02e8-fb1c-47e6-8f84-d3bad1a22e2b,2a3500c7-926b-4524-9f16-6283dd0093aa,8be348e8-8d12-4554-a714-c42109826e82,
39545c9e-c291-4e2c-b57c-58d488432c35,2a3500c7-926b-4524-9f16-6283dd0093aa,8f7947cb-3b7a-4150-b749-02315d2b0ee6,
5271440f-40d7-41a9-9df0-b33d8f774cdc,2a3500c7-926b-4524-9f16-6283dd0093aa,94dc08e1-c19f-4bcb-a24e-514fb1ba660e,
e946efb7-2fac-46c9-95f4-a7ccab70399b,2a3500c7-926b-4524-9f16-6283dd0093aa,9594a155-3815-4f5b-b85e-5afd57acce31,
6c7a9ce4-3a68-4582-98dc-0184f8bdbf54,2a3500c7-926b-4524-9f16-6283dd0093aa,998b270f-5632-4359-a9f2-f2e888c770be,
e7059fcc-5db9-4f9a-8730-e6745032c1af,2a3500c7-926b-4524-9f16-6283dd0093aa,9a81dd28-d74f-4a26-8cf6-785f32060557,
592f7078-676a-4971-b376-aaf57102d1af,2a3500c7-926b-4524-9f16-6283dd0093aa,a4f4ca8c-dfa2-4d54-bef7-c05108781a54,
5d8aa412-dd30-4207-86c6-334c16d6c318,2a3500c7-926b-4524-9f16-6283dd0093aa,a5c1f907-47f0-45e2-a3bd-9957a56b8519,
38088f13-bd92-4b8e-a2f4-4b1328d356f4,2a3500c7-926b-4524-9f16-6283dd0093aa,a7170d98-cd85-485a-beee-697d74ce0082,
e527f2f3-619b-4bd2-b0e2-099f6823faa3,2a3500c7-926b-4524-9f16-6283dd0093aa,a91a235a-11b4-4452-9079-dc0e6f9ed415,
a7422df9-5cc5-45d1-9fdf-b29dc765958f,2a3500c7-926b-4524-9f16-6283dd0093aa,ad1f552b-9697-46c3-8e5e-8e57034bf0fc,
44be2d3f-64e4-43ea-8313-3029611edc8e,2a3500c7-926b-4524-9f16-6283dd0093aa,ad74e6f6-e9ee-4b38-b81e-7c296a604daa,
f67fd248-b7fe-472b-bd08-df8c581d7c26,2a3500c7-926b-4524-9f16-6283dd0093aa,adf27f0d-ab54-4d5c-abf0-7369a20a2175,
f7f4fa51-d5e7-4fd4-80cd-54556c753ea0,2a3500c7-926b-4524-9f16-6283dd0093aa,b0352f29-dd78-44a0-81bc-463cd59fe658,
a1b7f0e8-4c02-4bcd-9c90-818e3963ce68,2a3500c7-926b-4524-9f16-6283dd0093aa,b0dbfaf5-474d-475d-adc7-48343fe6c20c,
c2dd51c0-21d2-4918-b096-c172fecf3533,2a3500c7-926b-4524-9f16-6283dd0093aa,b397d682-5373-40c5-b2bd-69bc7ac1e6ad,
a020646a-8573-403f-a774-d09793ac6ba3,2a3500c7-926b-4524-9f16-6283dd0093aa,babe2e2f-3c2f-4748-a76f-8061fe162b6d,
ca0649dc-f659-42da-9b27-d65b8257a397,2a3500c7-926b-4524-9f16-6283dd0093aa,bc156c40-47c8-4338-bcd4-0c275d0cc92e,
c898ad91-8492-4eb3-9eba-9333b5c9ad7c,2a3500c7-926b-4524-9f16-6283dd0093aa,bf8073fd-d0b2-4881-98ca-96f0ee3aeb65,
8c01d908-6612-45ab-a8d2-14c82fa9389d,2a3500c7-926b-4524-9f16-6283dd0093aa,c3cabbb7-6669-4d85-a707-5e949f68cf5c,
cd9ff4cd-79e5-4242-9611-bd13ffbea4a8,2a3500c7-926b-4524-9f16-6283dd0093aa,c4cae670-a354-43e7-b794-00d75cc24098,
8557b8ec-36c4-4b23-91f0-51a65d93a35a,2a3500c7-926b-4524-9f16-6283dd0093aa,c5a9509f-58cf-4c4b-a1bb-9abae71fd045,
3feb5f59-a647-4168-aa04-c1d9966fc40c,2a3500c7-926b-4524-9f16-6283dd0093aa,ca8d766a-a05b-4b5e-bc8c-cf2f1afeed68,
f91c7161-36d3-419d-b5b3-e36a9ef602ad,2a3500c7-926b-4524-9f16-6283dd0093aa,cbdfb816-7e20-4549-b5d6-a5c5e2da4e8c,
5df3cf30-c3f9-4089-8b2b-c30c2f492bda,2a3500c7-926b-4524-9f16-6283dd0093aa,cd0729bc-0ae2-426f-92b3-7801e9f09e35,
f56f29c8-3484-4c95-998b-e0c63626b520,2a3500c7-926b-4524-9f16-6283dd0093aa,cd1c48c9-1649-4616-aadd-c0ca4e447ce6,
2eae5ba8-0042-4fb4-aa6d-136723f60785,2a3500c7-926b-4524-9f16-6283dd0093aa,ce54c2a0-c227-494f-918e-2eb071015468,
31e2c67f-195d-4d5b-a4dc-3be4fc766ec4,2a3500c7-926b-4524-9f16-6283dd0093aa,d28f2bfb-ccda-4306-8ee7-6b41c74f4872,
466ec4df-618d-49fb-8394-3ebd04314523,2a3500c7-926b-4524-9f16-6283dd0093aa,d447e8a3-68d7-45d5-8942-56989b70100a,
45d0703b-fe9c-4e0b-a4e7-f46a53ae7132,2a3500c7-926b-4524-9f16-6283dd0093aa,d67451f8-a242-44c6-9090-3694a20504fd,
b1f73cf9-62cf-48f9-b98f-92e9fe18dcf6,2a3500c7-926b-4524-9f16-6283dd0093aa,d7536592-5322-4345-a9f8-6c91aa23812c,
d283c870-d980-4a4a-8ffe-fd7327d0a276,2a3500c7-926b-4524-9f16-6283dd0093aa,da377e8e-9cca-48da-8503-1bfbf0bfc60e,
b081b9ee-658d-490b-ac35-b4544097a10b,2a3500c7-926b-4524-9f16-6283dd0093aa,db918f90-29f9-4558-bde6-43d9d682f1ad,
7e4f520d-b78b-4539-bd87-512082437ecc,2a3500c7-926b-4524-9f16-6283dd0093aa,dbaf5db5-bbaa-4795-8834-1b377edb8767,
881d6a8d-eeff-42eb-b435-af88b0965fe2,2a3500c7-926b-4524-9f16-6283dd0093aa,e120db8d-27a6-49c8-bbe9-f89d01062213,
f227bc94-4abc-43c5-b5f9-692fd38138bb,2a3500c7-926b-4524-9f16-6283dd0093aa,e158e8f2-dbad-4f5c-a34f-8fc26f502e74,
46eb0cf0-8153-48a9-ba95-463fa02a0665,2a3500c7-926b-4524-9f16-6283dd0093aa,e4303d36-c75a-4369-9837-0ac9496e629f,
57cdd9f8-9577-4f9f-a58e-53e1afe79e50,2a3500c7-926b-4524-9f16-6283dd0093aa,e4e4d9a4-d579-4af8-a011-205353fa0812,
2a418c81-43a1-4c0e-95bc-91026a711021,2a3500c7-926b-4524-9f16-6283dd0093aa,e4f51ac7-0a9d-4672-9240-101e3e934c66,
c42448ca-98f7-4afc-8cf2-b5144b6c24aa,2a3500c7-926b-4524-9f16-6283dd0093aa,ea6fa8b5-a62e-4f00-b308-dddb6d57939e,
65d9863a-b11f-4967-81a4-3fa8590760a4,2a3500c7-926b-4524-9f16-6283dd0093aa,edb7be0f-3051-4f88-ac89-d8e7940138b0,
7d568221-f277-4274-98ea-6d5dfad702b4,2a3500c7-926b-4524-9f16-6283dd0093aa,f09e0179-a930-4650-bc64-001cd7564de0,
35378ee0-9ea0-4026-9a30-31f1a5b095c2,2a3500c7-926b-4524-9f16-6283dd0093aa,f0a69fa4-be37-4a98-b977-329592b286d7,
7f0539b7-f9a4-4786-864a-2dc4eae150ea,2a3500c7-926b-4524-9f16-6283dd0093aa,f339fbfe-64f7-42d3-b91b-28529c53572b,
7fd0504a-f4a3-452a-9152-f42656533cfd,2a3500c7-926b-4524-9f16-6283dd0093aa,f3e0392f-6a17-4b3e-9da5-0b60b6c88192,
289f7f3c-715a-4d74-9ee3-07d84d7da799,2a3500c7-926b-4524-9f16-6283dd0093aa,f4440d16-941d-4e99-b230-30b757a2fcf6,
0b8181e7-3051-4ea7-847c-02d575cc5778,2a3500c7-926b-4524-9f16-6283dd0093aa,f4ea8499-c305-426a-82ac-73c8783ffc3e,
1a18af54-2632-4ba3-9039-ef0833a4f1b7,2a3500c7-926b-4524-9f16-6283dd0093aa,f5289949-b58b-4cb7-bef0-9502b850629d,
8f5fd8a1-8cdd-42bc-81ea-960cee3013dd,2a3500c7-926b-4524-9f16-6283dd0093aa,f69a26d2-a883-4e1e-85a2-c76dbf554bf6,
1557758d-6526-4473-a371-a5c7c296b84f,2a3500c7-926b-4524-9f16-6283dd0093aa,f93d32b0-a52e-4dd2-9862-0b5cb5f11c71,
85010dda-cf31-4579-9463-33a5e45e70a0,2a3500c7-926b-4524-9f16-6283dd0093aa,fdc49e50-7262-4404-b9bb-ba46d26a69e2,
8109b99b-1e68-418a-8d1e-90c88ea294f2,2a3500c7-926b-4524-9f16-6283dd0093aa,fee12823-401f-4bbd-aea2-90b6308ef6db,
6203257f-013e-41a7-b047-c196a87bf539,2a3500c7-926b-4524-9f16-6283dd0093aa,ffc832ff-dccb-46cd-81c1-8ae79598f7c1,
2a120d9a-12bd-41ae-a623-fce64e6685ad,2a3e9b95-32a0-4b70-9c06-c7289ec57d76,02dfc8aa-99f3-4b04-b64f-cb53902fe078,
f1beac0d-d1e9-42bb-8642-afa392573e93,2a3e9b95-32a0-4b70-9c06-c7289ec57d76,05812fd4-fda6-4c9a-8fa4-f6017d437297,
e728b076-1f24-4603-96b8-0152ac569fbe,2a3e9b95-32a0-4b70-9c06-c7289ec57d76,0a44df3e-e7ed-4249-911d-85f7c2d903e0,
24849e5f-0059-4b7e-bddf-0e0889dc5412,2a3e9b95-32a0-4b70-9c06-c7289ec57d76,0e7a0eb6-4d5e-4af3-bab8-649d3a764c38,
22f068df-e5bc-40f7-98c8-dc6be7c5f065,2a3e9b95-32a0-4b70-9c06-c7289ec57d76,185a36ac-ae21-4a75-9f31-6aece8862e83,
80c7594a-9d25-48f0-a520-5b28bd5681a0,2a3e9b95-32a0-4b70-9c06-c7289ec57d76,1c479daf-3b43-4dd5-9e8c-f77435886e3e,
e3fafe44-501b-4e5e-9649-b246846675d4,2a3e9b95-32a0-4b70-9c06-c7289ec57d76,1cffe7ea-489c-4af4-89f6-2b5e8151a1dd,
7d6ac72a-6b40-451f-a29d-43189d8c2de0,2a3e9b95-32a0-4b70-9c06-c7289ec57d76,2cca2442-710c-41f0-8299-ada8cd30c0c7,
c4858663-6cc7-481a-8e69-1394aca98629,2a3e9b95-32a0-4b70-9c06-c7289ec57d76,3465b3ee-2b8b-47c5-b6dd-0c61d0613d3c,
0f241acc-503f-4cbe-87a0-24719230bfee,2a3e9b95-32a0-4b70-9c06-c7289ec57d76,3de67fb5-2d08-4663-bbfe-705122a9a63d,
48773d08-88cb-4545-855d-0b8741a59035,2a3e9b95-32a0-4b70-9c06-c7289ec57d76,3f70eae4-f861-42d1-b6fc-ea9e7f691e26,
4702d415-41fb-47ae-848d-60981bb70bdd,2a3e9b95-32a0-4b70-9c06-c7289ec57d76,4a6b2682-f781-4032-aed9-3e6bbff6c535,
04748e64-4977-4480-b508-e00f63fdbed6,2a3e9b95-32a0-4b70-9c06-c7289ec57d76,5c723a53-d93f-439e-a9de-fd9701cf60fc,
dba907c7-bd4b-4406-9a14-42c62ed00705,2a3e9b95-32a0-4b70-9c06-c7289ec57d76,5d246648-02ea-4b9d-86bd-3a0b1e0cdc79,
586c24fb-f9a8-47bd-a50b-37b2abd52546,2a3e9b95-32a0-4b70-9c06-c7289ec57d76,6011eb59-875a-40f2-97c3-a9b60089ac99,
e909581d-12e4-4e0f-bc4e-678326962040,2a3e9b95-32a0-4b70-9c06-c7289ec57d76,662fddf1-7571-4e87-9ac2-41399282326d,
089a74f4-9d43-419b-8f6c-16462407d168,2a3e9b95-32a0-4b70-9c06-c7289ec57d76,6af19a7a-5112-4fa1-954a-72f30d61e1b5,
bc39951d-9061-406a-97a2-8e8806b013ea,2a3e9b95-32a0-4b70-9c06-c7289ec57d76,6eacd642-0d8d-4628-9778-a1f37f370cec,
93a7d5bf-1651-4cf4-94eb-4ff6700aa48e,2a3e9b95-32a0-4b70-9c06-c7289ec57d76,6faf3219-fa8e-4b09-b5ab-36c82bdd8ed5,
0ddbee26-924f-4c45-9193-7a4816d22fec,2a3e9b95-32a0-4b70-9c06-c7289ec57d76,70ef0b7c-8de3-4aa7-b56c-965ef7860138,
95ffe6b1-b706-4f3d-9694-2b6126b53dd0,2a3e9b95-32a0-4b70-9c06-c7289ec57d76,72b79ab1-2ce5-4e4d-86a8-7d6af970b2fa,
69cc3ea8-13c8-48bc-b317-2cf4e42116d8,2a3e9b95-32a0-4b70-9c06-c7289ec57d76,73f33df1-0ef6-4985-bdbb-9cfdcdb96390,
09053301-f5fc-4bfb-a8f7-36d32c977f85,2a3e9b95-32a0-4b70-9c06-c7289ec57d76,7446e18f-7870-40dc-a991-f178918148d6,
f48609d1-3471-4e69-93ca-4445223d73f5,2a3e9b95-32a0-4b70-9c06-c7289ec57d76,761d4ea9-682f-4905-80fd-dbf3bdb84cc5,
d8a6036d-f440-4202-b763-50902a616e55,2a3e9b95-32a0-4b70-9c06-c7289ec57d76,76ce3e9f-2676-4dbc-a5b2-32c420c93745,
b64848cb-e408-4202-b16a-5d80e976c67e,2a3e9b95-32a0-4b70-9c06-c7289ec57d76,799c1e55-56ad-43ad-b06f-61b87967b6b4,
a0a908f9-b900-45e5-8ba3-57c3fcf462ac,2a3e9b95-32a0-4b70-9c06-c7289ec57d76,7ce64b37-127a-4998-8cfa-92c24f3e7e6c,
12f87581-abf8-4a7c-b7f8-e1247cb91f23,2a3e9b95-32a0-4b70-9c06-c7289ec57d76,7d917e3d-f993-4023-8b17-e1ad50d64285,
9bbd2b6d-08c0-4941-95aa-01eca3b2df9e,2a3e9b95-32a0-4b70-9c06-c7289ec57d76,7d97cfe7-b004-46d2-a91f-377fcf02cf3b,
9b17947c-c5b5-466d-a056-56fc078625bb,2a3e9b95-32a0-4b70-9c06-c7289ec57d76,8512f3c6-3d79-47e3-b3a7-6bed8a699377,
e77a0a71-d247-49e7-838d-489b56576e86,2a3e9b95-32a0-4b70-9c06-c7289ec57d76,862bef96-9569-4dc0-8fb5-b14b6b2c9bcc,
faf84406-5363-47d1-a243-e723ce9ae167,2a3e9b95-32a0-4b70-9c06-c7289ec57d76,88c40909-70b9-4770-9e0f-d418990768e2,
872eaea7-febc-4a27-9e54-064684ff1089,2a3e9b95-32a0-4b70-9c06-c7289ec57d76,905abe6e-dbc2-49f7-9f1e-4ea3d143f26e,
7abd74a0-b844-4f26-8251-ae90220257a9,2a3e9b95-32a0-4b70-9c06-c7289ec57d76,92e874e2-69fc-493c-bf61-ec5c8ea62d06,
91c79026-1460-4982-a9a0-b9608b0f901c,2a3e9b95-32a0-4b70-9c06-c7289ec57d76,92eea492-02c4-48db-8f82-3ffa2727f5eb,
7a32effb-d8b7-4c08-a60d-8f559210289f,2a3e9b95-32a0-4b70-9c06-c7289ec57d76,97b1cf02-c2b1-4832-bfd9-681385b7834f,
6c115048-e65a-4835-9c66-0ed6efe202c2,2a3e9b95-32a0-4b70-9c06-c7289ec57d76,a0d44250-75d0-479c-9404-f2c4a1d7e47f,
f96be525-10e9-487a-9233-e7d0cd5448d5,2a3e9b95-32a0-4b70-9c06-c7289ec57d76,a6c5d459-b9bd-4fbc-bdaa-f50fe60f1f7b,
e1dbd13a-1b0e-4a1b-946e-d49470d7a339,2a3e9b95-32a0-4b70-9c06-c7289ec57d76,b62054ab-6a2b-4418-95e8-fedcabde1ea6,
52cf8a71-788b-44e2-9148-6e17beac28fb,2a3e9b95-32a0-4b70-9c06-c7289ec57d76,b89bbf26-3564-4cfd-a3f6-5e3976d75868,
2b18ebca-d471-4cbc-8248-b19174963339,2a3e9b95-32a0-4b70-9c06-c7289ec57d76,b9e1cca3-3eb5-47d6-96d9-d354e0d2a194,
2b1a0032-e62b-4f69-8b31-590e788bbacd,2a3e9b95-32a0-4b70-9c06-c7289ec57d76,bb9444c6-4741-41cf-8695-30155be0f954,
d5086066-ff4c-46e6-bef1-759c6309eb46,2a3e9b95-32a0-4b70-9c06-c7289ec57d76,bcc46305-22fb-434a-834a-9a76f06aebde,
2c948e51-459c-4781-86dd-95fe56d9595e,2a3e9b95-32a0-4b70-9c06-c7289ec57d76,c2dbf8cf-c18c-4483-8167-07fd1ab9cee1,
b207003c-980a-4600-a282-f84d272dbc91,2a3e9b95-32a0-4b70-9c06-c7289ec57d76,c82e0e6a-e928-40e3-b257-ea46815f4d99,
b02173a4-6888-47dc-b83e-fb716a89f2da,2a3e9b95-32a0-4b70-9c06-c7289ec57d76,d9db7827-b4b0-451c-8cc6-9899327f0941,
5a3241ed-603a-4b13-b793-de93494ffffd,2a3e9b95-32a0-4b70-9c06-c7289ec57d76,db5e1b52-b7e3-46ea-82e9-fde01c3c9e6d,
e9ab9b71-f6e3-4d52-8745-125107094e41,2a3e9b95-32a0-4b70-9c06-c7289ec57d76,dbc5a804-5015-482a-8fcb-f6d2c1989f29,
733847e9-7e60-4480-b1cf-b34d8253c1a0,2a3e9b95-32a0-4b70-9c06-c7289ec57d76,dd29cd36-577a-4a19-9864-b81524be78df,
4cebab1f-675e-424d-aec3-9dc3fa333268,2a3e9b95-32a0-4b70-9c06-c7289ec57d76,dece5be7-009b-4fae-82e6-e7cb449b7b2d,
d06877e3-0bfc-4f11-8e1e-91358a610def,2a3e9b95-32a0-4b70-9c06-c7289ec57d76,e567ff2e-c7a9-459a-9564-7c9d0320dab0,
57770943-999b-4274-a83a-7ad1cbd33057,2a3e9b95-32a0-4b70-9c06-c7289ec57d76,ef6e17ac-0eeb-47d6-b4c6-24de4451927c,
9ea6900e-dd57-4160-9976-e805643015e1,2a3e9b95-32a0-4b70-9c06-c7289ec57d76,fa16f9c2-a09c-40b3-add9-16b3f3442d28,
f6adde0b-5538-46f2-ac35-b6c5c498a44a,2a3e9b95-32a0-4b70-9c06-c7289ec57d76,fc3199d8-ece3-481e-8a11-a08a4414f69e,
7e5d8851-a8f2-462f-8e9c-08ed472f6f39,2a3e9b95-32a0-4b70-9c06-c7289ec57d76,fdf6782c-dd9e-4979-82e5-e4f9bf9d3dc1,
2f0579b6-9bf3-42be-8275-4912d5c9a592,2a3e9b95-32a0-4b70-9c06-c7289ec57d76,ffc52cac-8614-4f9e-90ab-07fed7fdd80a,
bd1e71ed-bac7-48ba-bbaa-67f6465c6caf,2cc73a4c-ee05-4175-b006-595be32bead7,3c5f2dab-33a8-4a07-8096-f01fb88dd42e,
54e29c89-a18c-472f-ab24-be474a3cde4e,2cc73a4c-ee05-4175-b006-595be32bead7,8d57bff7-bd7c-44b9-984d-2458f5a79522,
5c35fc9a-be20-42b0-acbe-618f2d347718,2cc73a4c-ee05-4175-b006-595be32bead7,90d0bcab-f093-41be-aa3c-3f44053a7302,
1ced75ff-dcf3-4a51-be0c-fbd647779665,2cc73a4c-ee05-4175-b006-595be32bead7,aaa0c793-39a5-4c18-bada-361d3acacb31,
517bde25-b492-4752-8d8f-e7fd689a43d6,2cc73a4c-ee05-4175-b006-595be32bead7,b7e70a1f-e2ac-4b73-bdb9-9b6f12e535fe,
c49a0ca3-ff69-4475-8781-912d5cf9cdad,2cc73a4c-ee05-4175-b006-595be32bead7,e3f2773a-ace8-4968-bd89-fed6467b0523,
b5b456b0-240c-4298-9d9a-91ca576cc57c,2cc73a4c-ee05-4175-b006-595be32bead7,f40d3d25-2b7e-4324-a538-9a03177f8725,
9cdc0f7d-d9bd-49af-9af8-c76a7ed70fd2,2fd1c352-b056-4a69-aa4b-d4c176585b87,109600cf-1112-43c0-b5ce-8f8b9820da94,
ef749b29-7054-4e7e-a4f6-178f901c4709,2fd1c352-b056-4a69-aa4b-d4c176585b87,11348194-de66-41e4-8194-e4d2a9f663d2,
34008ac2-ac22-4d03-97cf-a802b4c392c9,2fd1c352-b056-4a69-aa4b-d4c176585b87,13e960cb-5eca-432f-8019-6a9045ae3907,
1f0be8c7-46ab-4e63-8240-45cd121c0c7f,2fd1c352-b056-4a69-aa4b-d4c176585b87,172508fb-08ec-48b3-aaf2-947236319e97,
88843858-f480-4940-8120-47ed49ddd4ac,2fd1c352-b056-4a69-aa4b-d4c176585b87,1c045b11-24ec-44ea-827e-5e7148a2de3d,
16f95ace-a51b-4263-a9c3-c94ca533a8f0,2fd1c352-b056-4a69-aa4b-d4c176585b87,1ccdf80e-8181-467d-866e-d4802289291a,
2bea45bc-b2e1-4e9f-8b8b-58575aec1851,2fd1c352-b056-4a69-aa4b-d4c176585b87,268de39d-2eef-4814-a928-7f7d4ee398e0,
46742bd0-7fdc-4d45-9c33-bb5df415b3bc,2fd1c352-b056-4a69-aa4b-d4c176585b87,358b12c3-93f7-4b17-a841-e8451c73b064,
d4d6514f-3f4d-4bb6-9102-7451a1b6d71b,2fd1c352-b056-4a69-aa4b-d4c176585b87,41686be8-91d8-475c-883a-5a3b6e292f8c,
05054979-a1a3-476e-8229-62103f7e5276,2fd1c352-b056-4a69-aa4b-d4c176585b87,4551f4cc-3310-4feb-ad36-dfa644b50882,
6393ac66-478a-4b39-b94b-f76946fc91a8,2fd1c352-b056-4a69-aa4b-d4c176585b87,4ea07fa9-aa58-4cd9-9154-636ce3dc3b90,
e9e2e0d2-2f4d-4637-b54c-b9335395393a,2fd1c352-b056-4a69-aa4b-d4c176585b87,5401b8aa-6525-461c-9022-317f2aee8835,
f6afb932-9466-4634-933e-12456bf797b8,2fd1c352-b056-4a69-aa4b-d4c176585b87,5511f3f2-7c61-48e5-b316-d311effcc570,
e6722bfb-ad28-4804-aab6-b9a9787a39b8,2fd1c352-b056-4a69-aa4b-d4c176585b87,55870104-ed58-44e2-9739-74e5f25fc171,
1a60b724-0fdb-4563-bc3f-a88e0d78e7fd,2fd1c352-b056-4a69-aa4b-d4c176585b87,65976c58-7036-4b3c-8b2b-5d8936e76acd,
5e12bb6b-cfa2-48c4-a101-d737594b04b9,2fd1c352-b056-4a69-aa4b-d4c176585b87,6dc1a7d1-89df-4c4f-951d-f695515ae56a,
0a765fdb-a44e-44e4-93d1-dbd7104c4e3b,2fd1c352-b056-4a69-aa4b-d4c176585b87,73895ff8-bc3d-4846-91bc-8a1e96ac420b,
9757fff4-ddd1-45e1-b5ab-a4b06545e8fc,2fd1c352-b056-4a69-aa4b-d4c176585b87,745cd35e-a6ed-4b25-8934-1afadd849320,
cd8cd860-eec9-4548-abfd-8c8a81f701b5,2fd1c352-b056-4a69-aa4b-d4c176585b87,8932b869-b0f8-424d-b53c-047731bba795,
d4402de1-bd4a-4ad1-8e34-f90ab25c9cb0,2fd1c352-b056-4a69-aa4b-d4c176585b87,8e228e25-340c-4a24-9f03-04f05657cc07,
939eb08b-fa87-4907-9722-f8ee03586c13,2fd1c352-b056-4a69-aa4b-d4c176585b87,90e902fd-bab8-460a-888b-60d2b76460fe,
fb40b58b-871d-468f-a6d2-78566a327709,2fd1c352-b056-4a69-aa4b-d4c176585b87,9afb12d3-53b0-422c-8134-5751e455b713,
4393c05a-af44-48d0-bbee-21f74cdedf0d,2fd1c352-b056-4a69-aa4b-d4c176585b87,9cfc9034-1493-48cb-a8af-bd1df60b2378,
8edfe93b-3e82-42db-b2e7-f7ffbd62c1a6,2fd1c352-b056-4a69-aa4b-d4c176585b87,9f00312a-d4da-49b0-97ef-cf1621f58650,
186b8805-b70b-415b-bab3-b81bd99a1563,2fd1c352-b056-4a69-aa4b-d4c176585b87,a85a2f6d-753a-4602-ac47-dbd93b0ae2cc,
0c934e79-0138-40aa-917b-d3d84151d4b2,2fd1c352-b056-4a69-aa4b-d4c176585b87,a97831b6-da14-44b0-96b5-59cec3ab8889,
4be5dbc5-ea35-4891-8bb5-fcebd9f0a2dc,2fd1c352-b056-4a69-aa4b-d4c176585b87,ae37d495-07e5-490e-ab75-ef4f3a1e1481,
585bfd46-998d-4879-b995-b6702e7f2b26,2fd1c352-b056-4a69-aa4b-d4c176585b87,b3cc6767-14b3-4614-a94f-15525eefdeac,
356c7c54-c4b5-4a9b-a2e2-4f4488b74e4d,2fd1c352-b056-4a69-aa4b-d4c176585b87,b5f66bc8-666a-4a72-b0f6-4c547d30cff6,
bca12324-4905-4b4d-b765-fdf32517a227,2fd1c352-b056-4a69-aa4b-d4c176585b87,b73c71d9-d2f6-48c9-9056-ab9d88d2ec8c,
c1a86f6f-d659-47cf-8a5f-d10a67ca1013,2fd1c352-b056-4a69-aa4b-d4c176585b87,c324878e-a1e6-4df7-8390-83e774616ee6,
2b0a011b-9cad-487d-a740-a83741f1694e,2fd1c352-b056-4a69-aa4b-d4c176585b87,c8c13ef9-38d0-466a-bad0-d086a66e0fe4,
dfd1a003-5567-41dd-a578-60b8afa6aa29,2fd1c352-b056-4a69-aa4b-d4c176585b87,db1e04df-69d6-41f3-924b-db6ae71198fe,
4072633d-384a-48ee-b114-70ff380afc0c,2fd1c352-b056-4a69-aa4b-d4c176585b87,e0edbbc7-356b-4016-b992-cfc7aaffae28,
4106de93-f0e0-42ef-98b6-6531636178eb,2fd1c352-b056-4a69-aa4b-d4c176585b87,e4fe2e71-6d9c-41ad-9e27-33de3637b63a,
62ee0d6e-2dee-440f-9656-3a2b9e8a065e,2fd1c352-b056-4a69-aa4b-d4c176585b87,e7ddf201-cb5d-4a26-9304-2fe79013bdb2,
299a4e77-f07d-4ff2-9270-c05349276caf,30cb93ea-8ce6-4114-8d97-3df6ebd9ba80,2cc2eef4-de4a-44db-a421-9e47d2f8fd57,
3966297a-0cfa-4bf3-a2df-337a80060e1c,384a5845-f6b0-4d89-bfb8-362568b24500,2ec2ff77-de58-4b75-9808-af30657624c6,
ee2cbf4a-cf01-44a8-a091-502868e56917,384a5845-f6b0-4d89-bfb8-362568b24500,48ffc1d2-59c1-4136-8f45-99e9a4a7e69c,
12ba0010-6341-458f-864d-c3eaeea59ef3,384a5845-f6b0-4d89-bfb8-362568b24500,49c240fe-bae0-4fa9-9bd1-b42c2d503a9b,
395cdcc7-6ccf-4d12-b31c-f557a027a8d9,384a5845-f6b0-4d89-bfb8-362568b24500,83a7a08b-a8fc-4b81-b24d-32ffcbe6606d,
7d1dcc26-7ddb-45cb-9d99-d33394d5693a,3cbf4e97-e1bd-4e97-8051-ff7977c4da21,31f53adc-fdd3-4656-8f59-6e4344ac7e6c,
cbc81616-71d0-47fa-9b37-5d9d2d67a089,3cbf4e97-e1bd-4e97-8051-ff7977c4da21,534b97e4-8e6d-4d98-8537-136bac29f1db,
7a756e00-7e51-423e-9fc3-5360c93bafdb,3cbf4e97-e1bd-4e97-8051-ff7977c4da21,83b0d0da-16d7-44f6-862f-be538167b9aa,
cb127416-2e1a-4f3a-b838-b2d7e1fdbe43,3cc72c25-16f0-4c9a-8745-ae6ff0106250,2875141c-5abe-4a3e-9e93-4ad3da589e8c,
e54ddbcb-fc0a-47b2-8811-41a1d376b4e8,3cc72c25-16f0-4c9a-8745-ae6ff0106250,4162ee3e-852f-4ede-ab16-171001b26e88,
5c791030-3ce3-475f-a77d-283fee275aeb,3cc72c25-16f0-4c9a-8745-ae6ff0106250,7027032c-ce11-4ce9-8799-ae115954dd1a,
2a17e1cd-d126-43de-99c8-0cb3783b654c,3cc72c25-16f0-4c9a-8745-ae6ff0106250,7aa75f12-5fd5-4bc7-a1ac-69e93d4f6944,
623224ec-294f-4b46-a73b-b696003297d7,3cc72c25-16f0-4c9a-8745-ae6ff0106250,85d4e1bc-357d-49f2-8277-fd6312f0b132,
b041e655-0ee8-4988-8b14-dc1d40aac4e6,3cc72c25-16f0-4c9a-8745-ae6ff0106250,8a9a8a30-e0a1-45a6-bc25-87698400fa42,
1295ecc0-0b93-4389-8511-c1b41a4d70e5,3cc72c25-16f0-4c9a-8745-ae6ff0106250,932b47d7-e232-4200-8349-f40528b93c57,
0082cdca-f478-44a5-a958-df32cc8b19dd,3cc72c25-16f0-4c9a-8745-ae6ff0106250,bd8c67f6-6457-44c9-93dd-0d0d95056d76,
05a61fcd-eaf7-47ee-ae1c-d196bdb47d5a,3cc72c25-16f0-4c9a-8745-ae6ff0106250,c4ad6d41-d276-478c-90c1-8187e259db78,
40097465-73d7-46e6-8a76-f09beb2aa465,3cc72c25-16f0-4c9a-8745-ae6ff0106250,c5e860b9-79d5-4a21-8254-be3bd5d460fb,
81425a16-33df-40c5-b5aa-feec77ecd257,3cc72c25-16f0-4c9a-8745-ae6ff0106250,ca6f9f48-838e-440f-8e2f-b3a15b42d610,
8d277642-cbd7-4f6a-97ae-b2d918a0e90a,3cc72c25-16f0-4c9a-8745-ae6ff0106250,e56b23ed-903d-4095-8f17-c1ceb8cee2b8,
2ab46844-4fb5-41bf-b3fa-67677aeaf4e2,3cc72c25-16f0-4c9a-8745-ae6ff0106250,ee21a546-ad3f-4e50-b606-c531bb80bbd2,
efcd6dc3-98d6-435a-b2c8-e8ccde44d7de,3cc72c25-16f0-4c9a-8745-ae6ff0106250,fae73c78-1f80-497c-bc62-8719ab6a180b,
1484200c-35f4-4e26-8e1c-7db094f29e1d,3e75b01e-14e8-4e41-bd24-47de7f25de54,566a68e4-bb94-44c5-9850-97d7feb5005a,
8ea9efb7-4ba4-487b-8ef9-43267c6efb0f,3e75b01e-14e8-4e41-bd24-47de7f25de54,fee879ed-0150-4eea-8b47-9078be8d6ba3,
2d7cb975-0f2e-462b-9181-ad699d93e9bf,4174568e-c438-46fb-ab82-45f03028ba7c,051fceb1-22f0-4b19-be18-71d36a5640f9,
906c0be7-1510-49e3-83c0-8fe29eb842b3,4174568e-c438-46fb-ab82-45f03028ba7c,0b07ad75-6e37-43df-9a30-54956aa3ac0e,
1f9b5756-99e6-4222-9d44-c9369c23de7a,4174568e-c438-46fb-ab82-45f03028ba7c,0fd9b523-5700-4422-88e2-702b8456129c,
fe6e11f5-050f-4edb-87be-65a5bb27ceba,4174568e-c438-46fb-ab82-45f03028ba7c,1156095d-1527-41a2-a1a5-d4dec8e72b24,
8be792ea-a811-4b7e-a50d-de0c1e565b07,4174568e-c438-46fb-ab82-45f03028ba7c,249f1d4e-14df-4d47-8943-90c6cb864c89,
33a789aa-55ed-4911-be13-502e927d372c,4174568e-c438-46fb-ab82-45f03028ba7c,48d315a4-0d18-4d7b-8dc8-dbc3cb6a7071,
31bde611-5d46-42d8-a3ea-609f37e3f7de,4174568e-c438-46fb-ab82-45f03028ba7c,4df58364-fb09-409f-83e9-cded2ad5bc55,
e059b3dc-c2c8-4d1b-9251-3be7172499cc,4174568e-c438-46fb-ab82-45f03028ba7c,5a3c152d-5a49-4b91-8d3c-f95289fb91ee,
17c73a22-8a9f-4f1c-9a59-069a33e70731,4174568e-c438-46fb-ab82-45f03028ba7c,5fd11a41-b2a2-4fc1-bae1-2d85092f661b,
261c0587-24aa-4150-9982-9cfb857fc47c,4174568e-c438-46fb-ab82-45f03028ba7c,62105b64-5b7f-4da4-beda-c1733783ebf6,
81ba5aaa-ebf3-4bf5-a7a2-badb2fe4197b,4174568e-c438-46fb-ab82-45f03028ba7c,816032aa-0098-4099-8e7b-e9d3292e9a5c,
d1b694d2-329d-4030-aad3-275ba24da3ec,4174568e-c438-46fb-ab82-45f03028ba7c,8b4527c6-52af-4267-98d2-b612a60aa97f,
c8af90ee-5d46-4022-b958-b0cede6befbc,4174568e-c438-46fb-ab82-45f03028ba7c,8e4a85cb-ccec-47ac-b6f9-323ff25b960d,
665e2472-8dd7-42ee-9230-7dc011e0b66e,4174568e-c438-46fb-ab82-45f03028ba7c,97ef04cb-5fd9-4841-b2fc-1f4fbdcbbfbf,
47d07e62-401a-4246-845f-54578abd6922,4174568e-c438-46fb-ab82-45f03028ba7c,a0b4d455-5d80-4d03-853c-3b760eefa69a,
97698032-25ad-49ed-8034-7319645d8288,4174568e-c438-46fb-ab82-45f03028ba7c,a9590f7c-c3d8-4d21-877a-8474194715f4,
becec973-ee90-4d30-a3d1-d622fbf707ba,4174568e-c438-46fb-ab82-45f03028ba7c,bbcebaf3-72f8-4255-86e4-0d17ac436cbf,
fca8a86d-b40a-43ec-b5b2-ed02a460dd98,4174568e-c438-46fb-ab82-45f03028ba7c,e3eb1994-9d44-482b-acf7-cbf3a4f3d98c,
963a7f4d-9ec6-484a-ac92-48b0767dc19b,4174568e-c438-46fb-ab82-45f03028ba7c,f18a5ebf-757a-44a5-8803-463755eb6460,
1ec850f2-0f3f-4882-81df-bf8bcfe4caed,45c28cc4-0922-4589-8615-b521ea4a1c05,0a7f4436-b0c2-4446-9268-c12917937b5c,
bfa929ef-13f9-4ffc-9eed-3addae1fc216,45c28cc4-0922-4589-8615-b521ea4a1c05,1eb13e8d-93c9-4ab8-9d10-dd860868abc0,
1886f6af-a678-484b-a465-082ed944f122,45c28cc4-0922-4589-8615-b521ea4a1c05,56de1a13-89de-4ecc-be5b-f7016da26bb9,
e1fcfd02-69de-4740-92de-90bf36fbbe7c,45c28cc4-0922-4589-8615-b521ea4a1c05,5cec5b8c-0645-420a-9b8d-c55c3ea5822a,
f7e04800-805f-40bf-aaae-840929d9f21e,45c28cc4-0922-4589-8615-b521ea4a1c05,7536b45f-d3dc-4f90-a763-58e26f950d06,
f8de7340-463e-476b-83fc-7a75258f8c12,45c28cc4-0922-4589-8615-b521ea4a1c05,8a36313d-18ad-416c-a3fa-5858add4d2c3,
623d06e3-944b-4ffd-b7f0-7a968a6db682,45c28cc4-0922-4589-8615-b521ea4a1c05,94a43008-4b72-488d-aba6-2f537ed80eaf,
4c6253ad-b711-4d81-b01e-28cb31dd0b89,45c28cc4-0922-4589-8615-b521ea4a1c05,e55fa639-3153-4913-ab57-29973ac9253c,
7b53ca6f-8e9e-495d-b2a6-d1c457317a34,45c28cc4-0922-4589-8615-b521ea4a1c05,f095bbbd-405f-446f-a544-a682aad41945,
b29a683e-2097-4846-9950-91ffff53a90e,46a49afc-793a-4d6a-ba8e-0d8cd4fa0a58,786f8921-25d6-48a4-9c92-21497cc77238,
30cd0d3e-4376-4582-aec5-2ffd425b452a,46a49afc-793a-4d6a-ba8e-0d8cd4fa0a58,8ed9c1d9-8589-4610-b15c-7a817b463402,
2c8b2788-5ab2-4db1-bbc8-a6db7281cb2d,46a49afc-793a-4d6a-ba8e-0d8cd4fa0a58,a1585669-7d5d-40f0-ba67-b479e0723072,
35f7921c-0345-40bf-8456-7a3ef38b0db7,46a49afc-793a-4d6a-ba8e-0d8cd4fa0a58,c2430900-177d-4e54-99cc-bf63e3223bc6,
1d4057cf-40fd-44ef-b275-8898c309fe4f,49ec8ba0-e6b1-4a6e-9b50-d34c2a2bd70f,01ba68bb-b18e-4a00-9029-54c1871a8f6b,
df6b8b40-85d9-4a68-b0bd-eab5d76c9683,49ec8ba0-e6b1-4a6e-9b50-d34c2a2bd70f,2061e04f-67b3-41cd-8de8-5a98ace725e0,
7b36cb1b-f223-4873-ad12-8998d9840195,49ec8ba0-e6b1-4a6e-9b50-d34c2a2bd70f,25447d67-8d30-4f2a-93ab-a91620da1302,
6143d20b-c55e-4f94-a434-bc5023fab084,49ec8ba0-e6b1-4a6e-9b50-d34c2a2bd70f,2dc4b452-b678-4f2a-bae1-1121bebad8bb,
bc20da35-71f3-4e40-aa37-c053174a3d85,49ec8ba0-e6b1-4a6e-9b50-d34c2a2bd70f,2f6aaff9-fe3f-40f9-ac92-e9fdcdba5f4c,
1f1c1a3f-40e1-4101-9651-f5b03c114fc7,49ec8ba0-e6b1-4a6e-9b50-d34c2a2bd70f,378b8055-e005-43f1-b371-491cafc6d9f3,
b0bb6d88-0f6d-42b6-b201-6cb1e943c645,49ec8ba0-e6b1-4a6e-9b50-d34c2a2bd70f,390954c5-c6f6-4315-a583-719fed42c9da,
ebc608cd-76ac-4d72-8fa6-e6f672eb0e8a,49ec8ba0-e6b1-4a6e-9b50-d34c2a2bd70f,390c61e1-9070-466d-a990-0e69272ce084,
aae47333-bf30-414a-9cc0-6625547d4174,49ec8ba0-e6b1-4a6e-9b50-d34c2a2bd70f,393b7320-c19a-4811-a01f-94bbc39e5fc8,
22cc721f-ee4f-4a67-9817-ff3a544a4e35,49ec8ba0-e6b1-4a6e-9b50-d34c2a2bd70f,3debabbb-9615-444f-b663-af17876242fe,
3d64ce0a-0797-4267-8e69-51a06e9dab04,49ec8ba0-e6b1-4a6e-9b50-d34c2a2bd70f,5697836a-40c1-462c-aa21-8eb6f636c5f8,
a2cf7d27-9842-4cdc-9995-c5b9ea15ace6,49ec8ba0-e6b1-4a6e-9b50-d34c2a2bd70f,5e189aa4-3144-4fe1-9ed5-9af4a526049c,
a9cd97d0-9a36-42d0-a6a2-c3116f2cb721,49ec8ba0-e6b1-4a6e-9b50-d34c2a2bd70f,636c2843-045a-42bf-8c87-29e3a72de87e,
9f7f417d-fb01-4a2b-a237-2e510df86206,49ec8ba0-e6b1-4a6e-9b50-d34c2a2bd70f,68073f9b-3744-433a-9b3b-6f3d2345cd33,
17f5458a-5984-4e6f-96bb-a131f8272eec,49ec8ba0-e6b1-4a6e-9b50-d34c2a2bd70f,69061cc7-efd0-4743-a096-866486570a36,
e089a69a-218d-4967-9d89-bc4b90a4f02f,49ec8ba0-e6b1-4a6e-9b50-d34c2a2bd70f,752bdc00-645c-4a7c-9034-b2e8a6a6fd11,
0450f7a4-ef1c-4298-bc50-5ae02ee50c90,49ec8ba0-e6b1-4a6e-9b50-d34c2a2bd70f,7c2b4332-1029-4694-a1ba-13848da345d4,
e1df07cb-8e90-4fec-b41b-236b7975c85f,49ec8ba0-e6b1-4a6e-9b50-d34c2a2bd70f,82884ec3-7024-454d-9a82-0ee9b66f0ad0,
da7ec496-ba82-4264-b979-d28ea65d93ed,49ec8ba0-e6b1-4a6e-9b50-d34c2a2bd70f,83aa7f91-0515-4506-a25c-fc95987fbff0,
102511f0-2c52-4282-a19a-7653a6050f95,49ec8ba0-e6b1-4a6e-9b50-d34c2a2bd70f,85dbce0d-f6c6-4e36-899b-a3aca7fa5e23,
da55da37-e5ff-4a7c-88c3-87a71a0a98e3,49ec8ba0-e6b1-4a6e-9b50-d34c2a2bd70f,87710694-0d6d-4db3-915d-3e86c83c52f3,
48272aa5-66dc-4d41-bc05-6b24e9e51df9,49ec8ba0-e6b1-4a6e-9b50-d34c2a2bd70f,897ee030-4de8-4738-a369-e82ef9f02d24,
a43aef2f-07da-4d3d-9f43-b0ae79e5da31,49ec8ba0-e6b1-4a6e-9b50-d34c2a2bd70f,9467df01-6aba-4815-9e35-a6c7552dce06,
21e73b32-45a5-4ae1-8a37-f2cf8eef8a18,49ec8ba0-e6b1-4a6e-9b50-d34c2a2bd70f,9f92f9da-1174-4ffe-9780-3975ca7debc1,
d54c5287-d83a-4658-9221-e8f396c5a13b,49ec8ba0-e6b1-4a6e-9b50-d34c2a2bd70f,ab127f39-713d-4b7d-8bca-4e4ebd1d5d6f,
ea9950a6-8755-41f6-b812-b540de3ba793,49ec8ba0-e6b1-4a6e-9b50-d34c2a2bd70f,adbdeb2b-764b-4970-ab4b-85764aec4be2,
dc918ae9-1a3a-4ad9-9d8d-931bb4cbdf31,49ec8ba0-e6b1-4a6e-9b50-d34c2a2bd70f,b0f0d1e5-4c7a-4ac4-b552-1cf3b6334007,
bc8b6372-0aa6-4fe4-bd6d-88a2de1833f5,49ec8ba0-e6b1-4a6e-9b50-d34c2a2bd70f,b385edf3-607c-45a0-91f6-fa26f8aa4ac5,
62d98a83-238a-4083-9390-4ff73281302e,49ec8ba0-e6b1-4a6e-9b50-d34c2a2bd70f,b8d45842-9a74-42e2-9d5e-057d337be765,
5bc06542-4d38-4da7-89b7-fe4449dd9fa1,49ec8ba0-e6b1-4a6e-9b50-d34c2a2bd70f,bc277c62-7759-4f61-9dd8-18ac31a5c816,
bc0c8cc9-340e-44f1-b3e1-1b51e2ae1269,49ec8ba0-e6b1-4a6e-9b50-d34c2a2bd70f,be9fd4b8-80e4-4e29-b5dd-21831990e26b,
3531f729-0fcd-432f-b2d3-f0cd34109e1c,49ec8ba0-e6b1-4a6e-9b50-d34c2a2bd70f,c1502fdf-c487-4167-85e0-e5d6eb6c4e6a,
aca88e8c-63fa-4698-aa25-b13f6131403b,49ec8ba0-e6b1-4a6e-9b50-d34c2a2bd70f,c6be7b83-e56c-468e-b964-c3fa86fbabbe,
8e4d295e-e4d0-45c8-8ea9-f67d529f5c3f,49ec8ba0-e6b1-4a6e-9b50-d34c2a2bd70f,c861cf64-d31c-4411-8995-d720bcf76d2f,
b2bf739b-5d14-46e4-b9bd-873fb15cf088,49ec8ba0-e6b1-4a6e-9b50-d34c2a2bd70f,d178444e-e5a4-4911-aa0a-4c80713638a6,
9722c0d2-c896-4c82-aecb-986e1da66ea3,49ec8ba0-e6b1-4a6e-9b50-d34c2a2bd70f,dead58b8-2fa9-4696-8ac4-c7a567162a02,
de33f1a3-addd-4c78-a94b-39f3ad87d00a,49ec8ba0-e6b1-4a6e-9b50-d34c2a2bd70f,ec9d2f0b-804b-416f-a8cf-5766ccbb5975,
534251de-6dae-4fc8-b2f1-bc62396dd2c2,49ec8ba0-e6b1-4a6e-9b50-d34c2a2bd70f,eed5e733-15ad-4008-918a-524e94cc850b,
3cf953e6-7fb7-4887-b119-225ed29e347c,49ec8ba0-e6b1-4a6e-9b50-d34c2a2bd70f,f468e074-116c-419e-aeb0-44a4441686b5,
0dd1bc5b-7cb2-4755-a8ac-f0fe655c1a59,49ec8ba0-e6b1-4a6e-9b50-d34c2a2bd70f,fe5c0fe0-2336-4335-926d-42bfcfc730d3,
fb2cc5e1-a973-4fe2-8ec8-8db5795963c8,4a170ba0-9ecf-4f30-83d1-7ef1370061ec,,d3650c3c-6e7e-4c97-a7b6-879a0825caf6
c1d48dee-8d44-428f-8e9a-4fb86f651e41,4a5ec90b-826d-4a92-a831-06ba7c6df892,04d2f8f7-d230-4836-b232-5ed5728948c6,
ecc7f088-a93a-4b32-8fac-11af1611f916,4a5ec90b-826d-4a92-a831-06ba7c6df892,082775b6-4fa5-4ce6-ac8f-3ec8b458975b,
a69d3c58-6ab1-4edd-ae24-335196a02a30,4a5ec90b-826d-4a92-a831-06ba7c6df892,18a6b3c8-65d4-42d0-ad9e-14348e37f7eb,
822228ca-fa13-4097-98f5-7453f47c4d9c,4a5ec90b-826d-4a92-a831-06ba7c6df892,1d8bb41a-072f-4ddd-a909-2b4a0e10a84d,
9e8fc026-f78e-4513-a8b3-e1367e07ec69,4a5ec90b-826d-4a92-a831-06ba7c6df892,200e8271-5e23-46e4-b254-dfcc0bd3cbbf,
8b0e1c71-7240-4103-b4f1-fc8ad610f161,4a5ec90b-826d-4a92-a831-06ba7c6df892,255c0fce-517c-437f-97e8-7d21d0e7d41c,
afa95035-5755-48a2-bd87-98cf88243e12,4a5ec90b-826d-4a92-a831-06ba7c6df892,277a5037-d303-4ed7-a936-6d3e50bfe53a,
a757696d-3253-4366-ab77-8ed1efe504d7,4a5ec90b-826d-4a92-a831-06ba7c6df892,27e7f6e7-7e7a-4ae6-94fe-4bde88a4e033,
eef0cd4e-8a55-4765-9d57-c366b88b45df,4a5ec90b-826d-4a92-a831-06ba7c6df892,29a272ff-8ad0-4f0b-9fc5-fc81af61e89a,
66becfa0-16a8-4ed1-8b6d-aa62b594a4b4,4a5ec90b-826d-4a92-a831-06ba7c6df892,2a5f5db8-f70c-43e4-a5c5-662513da7c85,
ac00c985-b934-4313-a040-0cfd45b47705,4a5ec90b-826d-4a92-a831-06ba7c6df892,2b027cfb-c6da-4958-9bc2-4d0ec3351c6a,
6ef3c2f1-be21-444a-abca-f3f137b4626d,4a5ec90b-826d-4a92-a831-06ba7c6df892,2c003e54-1adf-4cd7-8a3c-3ff3b004d9a4,
7c3fd98f-5dbb-45d9-b6b6-9b8b9f42c2b7,4a5ec90b-826d-4a92-a831-06ba7c6df892,2e64ed9d-f568-46c5-906e-2176e3d72169,
d047bf37-8450-4589-9a15-3091514f13ef,4a5ec90b-826d-4a92-a831-06ba7c6df892,366268c1-c7c8-4b6f-8fdb-92bd3f321d3e,
f57d88dc-80ad-4deb-8eb7-267bb89c32cb,4a5ec90b-826d-4a92-a831-06ba7c6df892,39f07b0b-a81d-4d6c-a418-5301c5535d96,
79309f13-86b9-4ecf-9ad2-4dd01cd0ab18,4a5ec90b-826d-4a92-a831-06ba7c6df892,3cb4dd73-2751-4342-b494-cd91f203d76d,
db5ebe21-e685-4d74-beb8-1db4bc8fc2a4,4a5ec90b-826d-4a92-a831-06ba7c6df892,3d699395-13b8-44ff-99c7-05aac2906099,
641dfd3e-5656-48b7-8281-1d9d472c7ca3,4a5ec90b-826d-4a92-a831-06ba7c6df892,460ac7af-e3e8-4cb3-9889-7c2376a29566,
87418197-4593-4929-84cf-73a845586354,4a5ec90b-826d-4a92-a831-06ba7c6df892,4bdafb89-cc8a-4aec-8250-2e4fc3cf267f,
c6a10804-b01c-42d7-a47d-f288aec47240,4a5ec90b-826d-4a92-a831-06ba7c6df892,4bdfb9e4-35ea-49d7-abc1-eb21074d1efc,
6092723a-3ef0-4175-b45e-7d6496d5f447,4a5ec90b-826d-4a92-a831-06ba7c6df892,4f9d2a03-314a-45a3-91e8-123e014768c0,
5486b313-f28f-4710-b749-64e2a006cf54,4a5ec90b-826d-4a92-a831-06ba7c6df892,517d8e30-1672-4e70-b359-8ab905cb5caa,
7e7bc97a-da00-4973-a239-7fa8eaeca83e,4a5ec90b-826d-4a92-a831-06ba7c6df892,5d0fa3e5-af32-42e8-b6cd-b8a9851b3ea7,
34511156-208e-4346-b87d-e2162e74197d,4a5ec90b-826d-4a92-a831-06ba7c6df892,5dd88cec-ed8f-4add-a164-c96238841788,
bf0811ab-c5c8-402a-bbe8-e216ba32f64a,4a5ec90b-826d-4a92-a831-06ba7c6df892,64b2b915-2468-4a01-89aa-63003e6aa5fe,
ea3f0eee-0bb8-4b6b-afec-ad7e564e529c,4a5ec90b-826d-4a92-a831-06ba7c6df892,6849cc5e-62c9-4ddf-9804-75024c527e7e,
97b33596-6b97-44f5-a534-0147052758eb,4a5ec90b-826d-4a92-a831-06ba7c6df892,78eb06cb-420b-474c-8abe-816890420a57,
ed0d8143-9b8f-4873-be1e-1e4e0ca16958,4a5ec90b-826d-4a92-a831-06ba7c6df892,7e0479d9-c8a2-41a1-b51f-11a48d7ca8db,
67a79535-040b-438e-af5c-546609dd1040,4a5ec90b-826d-4a92-a831-06ba7c6df892,7f6d3d54-946a-46e2-9981-a7658f8ef4ee,
1f7b5181-21da-4a3c-82cd-1e632a9ca023,4a5ec90b-826d-4a92-a831-06ba7c6df892,81f9e537-a597-422e-9bc9-d113fb86d288,
4438a28b-2b94-479e-8d39-c688a5f11fb6,4a5ec90b-826d-4a92-a831-06ba7c6df892,832f62b0-58d3-4f3b-8ed1-b8b8b18ba820,
384e16db-493d-4719-a768-1f9f0763afca,4a5ec90b-826d-4a92-a831-06ba7c6df892,86a5a575-acaa-4416-9099-1e8acedb9701,
84743fd3-ff93-43e6-a6d1-0444e77a2db7,4a5ec90b-826d-4a92-a831-06ba7c6df892,87c9d441-becd-43c7-9522-4edf0184c824,
ac056a66-95a9-4177-85bf-fef97e3d5212,4a5ec90b-826d-4a92-a831-06ba7c6df892,89cf2cda-d83f-4963-a628-373ff47889ad,
453c5610-5a96-4919-80bb-6b51bbdefdf0,4a5ec90b-826d-4a92-a831-06ba7c6df892,8c3d5b6b-7107-4998-a147-3b2def2cd8ea,
afb29e80-bbc7-4af4-98a3-d4941892d4c1,4a5ec90b-826d-4a92-a831-06ba7c6df892,8ec268d8-47a4-4986-8054-a3de5173c776,
9de2e5a5-0ddc-42fd-8e41-87927bc5a04c,4a5ec90b-826d-4a92-a831-06ba7c6df892,91637d9c-3f80-4530-a91e-dbcaf3304298,
38cf009e-66ef-4a31-837a-662a325db116,4a5ec90b-826d-4a92-a831-06ba7c6df892,921e2ee9-9fdc-4662-9ea3-18feaa92e0bc,
4e0396fb-5f3f-460e-9d14-a0038fe7069a,4a5ec90b-826d-4a92-a831-06ba7c6df892,961efc67-e211-40b5-8214-d2d2500c9480,
62de8d10-de6e-48f3-b9ad-8d8a8027e650,4a5ec90b-826d-4a92-a831-06ba7c6df892,98862d06-f194-48b1-b8b9-92222fd29bcd,
971026bb-12e0-46f3-8183-d2c041ec0151,4a5ec90b-826d-4a92-a831-06ba7c6df892,9ef36951-dc12-48a4-a277-d58adafa7efb,
f20f9d1b-f01a-4b67-8121-85ec90e4ba83,4a5ec90b-826d-4a92-a831-06ba7c6df892,a8aa78ed-8dad-4ebe-9b91-aec711e0f57d,
76c16c9a-ad4c-4dae-b6c3-84a51fd1e2aa,4a5ec90b-826d-4a92-a831-06ba7c6df892,ade3e936-2c5f-4d50-b553-ab5f19e2a627,
a94ffd3b-4e27-46c9-a932-4be31739fc42,4a5ec90b-826d-4a92-a831-06ba7c6df892,bb9e500e-83e1-4801-9740-23d692e8a191,
ece686fd-5085-417e-abd0-9006bf3a5757,4a5ec90b-826d-4a92-a831-06ba7c6df892,be9a1962-207b-4c3f-a282-73d26bb11347,
925d090c-0539-4a86-b538-33752e1ac2e0,4a5ec90b-826d-4a92-a831-06ba7c6df892,c13767d5-b4f7-4491-8881-f7b658560ac7,
8a420f5b-6e42-4bec-8d04-7b053ac10ff9,4a5ec90b-826d-4a92-a831-06ba7c6df892,c7560e1e-abb4-4fa2-acea-c65146602c54,
f0b7636b-691b-4dd4-9d3c-a8c76ce9e05d,4a5ec90b-826d-4a92-a831-06ba7c6df892,cd166b26-4939-402d-b004-b8dec06c3244,
b3432287-0b91-4fe8-9ddb-a84f3ae2d051,4a5ec90b-826d-4a92-a831-06ba7c6df892,cedae002-96f4-4894-a93b-f95fe49780b8,
27108293-897e-4759-991c-64806c3b8320,4a5ec90b-826d-4a92-a831-06ba7c6df892,cf45a88a-46a2-4ce2-abe2-3d93e64b7ae1,
9abe7be0-f517-49b6-8287-1779f158df44,4a5ec90b-826d-4a92-a831-06ba7c6df892,d3d8c960-b974-43f9-964c-6ffae304339c,
212166aa-ed04-43eb-9050-9f86a713ae08,4a5ec90b-826d-4a92-a831-06ba7c6df892,d4f4b592-5189-4307-8e4f-3e8b5eee9e96,
06599ded-ece2-40a8-bdc5-21761b97e1a0,4a5ec90b-826d-4a92-a831-06ba7c6df892,d597f70c-b732-402c-909d-439a42f6659e,
a840b96b-305c-488d-8424-aff4ceace6d6,4a5ec90b-826d-4a92-a831-06ba7c6df892,dd0b53fa-c4ba-472b-8024-cdd32735f551,
2fbd8cb0-1df0-492b-b7a3-5362f2165d15,4a5ec90b-826d-4a92-a831-06ba7c6df892,e0a31232-a962-44d5-a421-dabec8896571,
12b76709-d609-40ba-abb8-c126748dda61,4a5ec90b-826d-4a92-a831-06ba7c6df892,e5a48523-d8c0-456f-91c8-598637d62e57,
06ce70cc-3063-42a5-9f63-2ff72444ab66,4a5ec90b-826d-4a92-a831-06ba7c6df892,eb5b691d-379c-4028-9e3d-6955d75364d3,
8e109ebd-55dd-43c2-bb2b-b2f7c456b060,4a5ec90b-826d-4a92-a831-06ba7c6df892,ec7ee337-50f0-4273-9474-5e4a10d8efd9,
d10e0491-20fe-43fc-88b5-f6e0a5ec2bd3,4a5ec90b-826d-4a92-a831-06ba7c6df892,edfd84f3-5705-44ff-af36-2a61bba0aac1,
e561aecd-a602-4f41-a2eb-d0a383d9a596,4a5ec90b-826d-4a92-a831-06ba7c6df892,f0a88e5e-fc88-4670-ba9c-501e9d21efb9,
f17148c9-2e1d-4c8f-89be-70f306954b95,4a5ec90b-826d-4a92-a831-06ba7c6df892,f2730add-d24a-4ed7-8218-989196e88372,
ee92c347-970e-48a4-b66d-7c09f4595d3b,4a5ec90b-826d-4a92-a831-06ba7c6df892,f27766b6-9ea4-438f-917a-69abfac95149,
6a5e133f-0575-45f7-a1c0-189ef6b4de9e,4a5ec90b-826d-4a92-a831-06ba7c6df892,f4753261-ebab-4ba1-b654-db9143937d8d,
d3420642-a1c1-47df-a85a-8ae93fb461a3,4a5ec90b-826d-4a92-a831-06ba7c6df892,f4e48b2d-9c10-48f7-a75f-20256d79236d,
752fa42a-3583-4584-bc5a-57a33718dfaf,4abd9152-f935-4d22-8f4c-25059668c997,020907e7-c582-4cf0-b395-8c93d55a2bd5,
49f059f9-59f3-4535-babd-9ff7cd0d6dd9,4ade52e0-001f-4078-bc76-1de32c027821,84d21e2d-ba77-4f2c-827c-ac64070fee27,
feffdbd4-1322-4b53-ad19-596620f0c5da,54f9f571-247a-4b05-99bd-08c9adc32056,0081eabf-dc90-4a40-8d8d-75292db59678,
8ae2554f-d936-4a0e-a786-a8845eb91841,54f9f571-247a-4b05-99bd-08c9adc32056,0a0396f9-96d8-4177-8c32-76c533123065,
13d2081c-2556-4943-a1ef-944cb9332978,54f9f571-247a-4b05-99bd-08c9adc32056,22b8a3f0-ddee-4463-9dc2-7f6390cfa41f,
0b08f1d2-8255-410b-807c-979276d476c8,54f9f571-247a-4b05-99bd-08c9adc32056,44ef6c16-a471-4897-80a2-4b89ffce5d67,
c83728da-3f4d-41c9-a070-c48a8bb7c2b9,54f9f571-247a-4b05-99bd-08c9adc32056,5e38779c-3963-4d8b-8d4b-0b1706f9fcaa,
4376cb6f-c8ca-4fbd-9127-9194319d4dc3,54f9f571-247a-4b05-99bd-08c9adc32056,6ad9a684-c3e4-4fee-aae7-b2109523f479,
054c538f-04d2-4081-b759-64466b2b26b8,54f9f571-247a-4b05-99bd-08c9adc32056,86162220-ce35-493a-a7a2-52636417aa17,
4ce8498d-195d-439c-9f8d-716fd536c87d,54f9f571-247a-4b05-99bd-08c9adc32056,865cd51a-8db6-42d9-958c-e7c6bab3f619,
d61481be-f4f6-48c4-a2ee-a61b25f4683d,54f9f571-247a-4b05-99bd-08c9adc32056,8c697a5f-350e-47a3-82fd-f9c1b379d2bf,
3586771f-3c8b-4bf5-b224-ea66455c229a,54f9f571-247a-4b05-99bd-08c9adc32056,9861fc43-b0af-46c7-b38d-37f12151c8f9,
a6b7fa1a-1a99-459a-9eb2-330c2ba02b2d,54f9f571-247a-4b05-99bd-08c9adc32056,a06d0036-bb55-4dd8-9572-eb5fbd2e4ece,
9447a248-923f-493d-81b0-476ee75a02ff,54f9f571-247a-4b05-99bd-08c9adc32056,a524db23-7572-4af8-ae57-58270e37e53a,
ed75627d-337e-46a4-a966-1fe9a9eb302e,54f9f571-247a-4b05-99bd-08c9adc32056,bc289eba-5467-470f-8797-e25bbd34b1b5,
df1a8798-69cc-4c25-8073-df4a06e47418,54f9f571-247a-4b05-99bd-08c9adc32056,bc2d5537-ec1f-48d2-b69c-92a24e5d936a,
df56445e-7d4e-4aa6-baa5-af640139bea6,54f9f571-247a-4b05-99bd-08c9adc32056,c0c71dd0-5da6-4bd3-acb9-7de5defdc9c2,
c19d2f0b-290f-4276-a265-1871c3af7987,54f9f571-247a-4b05-99bd-08c9adc32056,d16ee7f7-f2c5-40e2-8e21-21cee3e2b5e0,
d60f2e5e-6cb0-43ac-9f7e-62bea8dd2ee9,54f9f571-247a-4b05-99bd-08c9adc32056,da43ad05-744a-4172-aacf-95bc849b7e70,
3393c38e-6f8c-491f-8a83-66459cc53c86,54f9f571-247a-4b05-99bd-08c9adc32056,df46d7cc-fa9e-4770-9124-5a7dac038c64,
3eae3628-b1e1-4672-8327-67df52f467c4,54f9f571-247a-4b05-99bd-08c9adc32056,f0ef98d7-e8eb-4e7d-8442-66ee6da2be1e,
a006ec62-905d-4348-ae4d-665d599e79cb,56a7fe60-763d-43d6-879b-23c02038587b,0231b0e8-a63d-44d2-8332-2a7f88e22f38,
0377111f-7f82-4a49-8613-968d419f3a32,56a7fe60-763d-43d6-879b-23c02038587b,05db2fc3-c912-45ea-b07e-5b8f295ca9ce,
8b67cbc5-35de-4d34-a015-e37b3ca691c8,56a7fe60-763d-43d6-879b-23c02038587b,0c01f5ed-52f1-48e3-ace6-0262500d82f9,
d517d940-0824-453a-80f5-b3a20d61f1c3,56a7fe60-763d-43d6-879b-23c02038587b,0c9c9722-7029-480c-b944-ee20c934c487,
60deba84-aa1a-47d7-b1b0-4243497b2aa1,56a7fe60-763d-43d6-879b-23c02038587b,2338cad2-ad32-46ce-a2c3-64e392ec6a1b,
91c041e4-43d1-4909-b7b5-50486bdefee2,56a7fe60-763d-43d6-879b-23c02038587b,23fef26a-7238-4279-9e81-85c5d9284dac,
7acb3b86-1fea-4ea2-a65a-93bbbb94eb37,56a7fe60-763d-43d6-879b-23c02038587b,2999238a-e8ec-4301-a8ae-dca217b43914,
78ba2ec2-4654-4361-83d8-943c83d83088,56a7fe60-763d-43d6-879b-23c02038587b,2c45b6a3-449f-407c-9162-f4c1f543ba6b,
b6ec3de7-4c75-4ebf-91c6-ae2e2bb13ecc,56a7fe60-763d-43d6-879b-23c02038587b,35d58b08-25cc-4b07-a8b4-d6f7e56a3517,
a87337b5-5b93-4cd5-85d2-94bb738f4c5f,56a7fe60-763d-43d6-879b-23c02038587b,37a52345-aa80-4dbf-9ab7-fc6da803d957,
6b9c3396-a830-4614-9bf0-c00f439bda50,56a7fe60-763d-43d6-879b-23c02038587b,3d059c96-b840-4131-b51a-75fba0fa00fb,
76f25ffb-e34c-4793-82ee-a4e13bf5e0b9,56a7fe60-763d-43d6-879b-23c02038587b,49748e3b-1eab-4e1c-9fcb-4a7573a25cbc,
9be86e41-1bc7-4193-87b2-1bf6bc5cd185,56a7fe60-763d-43d6-879b-23c02038587b,4a1ea693-e5b9-4639-a434-3858eebf589c,
f4e3405e-5d0d-4aad-a4c5-4f3ddb5245aa,56a7fe60-763d-43d6-879b-23c02038587b,4c0783d3-1622-4046-af54-836af02670e5,
e0389b0d-530d-431c-928e-77352e726645,56a7fe60-763d-43d6-879b-23c02038587b,51d7adef-60a6-452a-a86e-866702813e1d,
840f80a6-fc0b-4fc1-a97e-7768f562011d,56a7fe60-763d-43d6-879b-23c02038587b,53cbad8c-c4d0-444b-9f85-c390e9fc3de7,
5948f2e9-33eb-421a-a209-76a024114cb9,56a7fe60-763d-43d6-879b-23c02038587b,54bcb5f0-512e-4a77-a394-a4d43cf1dd24,
8c782f85-737f-4fc2-a0d8-36926a1e3811,56a7fe60-763d-43d6-879b-23c02038587b,5724255d-0907-43a6-a1d9-a009746f0ff7,
40fc4b1f-c5f9-4fc7-b8c1-79936cf63ddc,56a7fe60-763d-43d6-879b-23c02038587b,5a5da87a-1c73-4c3f-bb56-8931c19e5f76,
59cf75e9-ee36-414f-a107-5c1562266008,56a7fe60-763d-43d6-879b-23c02038587b,5b34e212-43c1-403e-bc5e-263fc3efabe0,
4c1e63af-aeeb-4afa-b786-f7922d4c4fbc,56a7fe60-763d-43d6-879b-23c02038587b,622cc8d9-d58e-4c06-9687-36705676015a,
e692f0f9-86f3-4046-8987-0ef5201eace8,56a7fe60-763d-43d6-879b-23c02038587b,62d114d6-115a-415e-b5ec-31886a713918,
eb891c24-8de9-418e-a430-373659f249f5,56a7fe60-763d-43d6-879b-23c02038587b,6bf1322b-cb04-44de-94a4-7cce6cb3624a,
019f0b57-e602-4515-b8e1-5fb8ccb5a6ca,56a7fe60-763d-43d6-879b-23c02038587b,6c5e9212-7d95-4be8-a84c-060c1e4e3492,
226685c7-db2f-43ac-9592-aaa2147eaa7d,56a7fe60-763d-43d6-879b-23c02038587b,745bf363-982c-4cb6-974d-8a53eb237d91,
6c89cf3d-ec38-4e99-bd22-037bafb26aed,56a7fe60-763d-43d6-879b-23c02038587b,8a8075c6-83a4-4ebf-bf9e-ddec13c819de,
a30a4e18-067a-49ec-9f15-800a2b784771,56a7fe60-763d-43d6-879b-23c02038587b,8d3a959a-c5eb-4b2f-8120-a2086defbb05,
ca0046d8-b70c-4d36-8526-a049e051053e,56a7fe60-763d-43d6-879b-23c02038587b,8e96b92c-e91d-42cb-8beb-216d0053413c,
1713bdba-04c6-485e-ba64-d4eaf32f95fa,56a7fe60-763d-43d6-879b-23c02038587b,9bb216af-2bd6-4613-8e93-32b864a26928,
611d1dae-6aa3-4afa-89d6-630886ac8b3e,56a7fe60-763d-43d6-879b-23c02038587b,a580dd24-6fae-4968-8d33-36f572808db2,
e42c0b03-1cb3-4658-aaad-530cdeb56fae,56a7fe60-763d-43d6-879b-23c02038587b,acea0566-1f36-421f-9925-3456ca8896b2,
3ec8c515-e700-4c67-87d7-d6d63b3fc8ae,56a7fe60-763d-43d6-879b-23c02038587b,b3a9ac04-cc72-4d6e-ac6a-9801b730ba97,
d2d844ef-2c66-4079-9682-a52bc67c0004,56a7fe60-763d-43d6-879b-23c02038587b,b4c1cde0-7c3b-4278-930a-0d595a5c54a5,
65ea9878-fc6e-44b0-bb79-99cf1394c6b5,56a7fe60-763d-43d6-879b-23c02038587b,b65fdf2f-e160-45ef-ba88-30ded70fb9eb,
27fd43bc-5243-49c5-a146-0634307be47b,56a7fe60-763d-43d6-879b-23c02038587b,b7439987-9981-4853-af61-665042b38f53,
dbd564dd-07c7-4702-9f8e-d21efb5d087c,56a7fe60-763d-43d6-879b-23c02038587b,b7d7d036-dc24-40a6-9e53-30056a931491,
8f752154-06cb-45c6-8cbb-98072970f5b3,56a7fe60-763d-43d6-879b-23c02038587b,b83d37f6-b8ee-4daf-97ec-9cf47e3ab00e,
3420ab3d-6652-421f-ba3d-0f1190ca023b,56a7fe60-763d-43d6-879b-23c02038587b,bd8139c2-a952-4435-95ad-97e7a43ff400,
48d55eee-f148-4b81-839d-a2d96f653427,56a7fe60-763d-43d6-879b-23c02038587b,c5fb5035-1499-44da-aa1b-b0128b9d9e19,
ae594dbe-36c2-4411-9676-0a3748022d48,56a7fe60-763d-43d6-879b-23c02038587b,c7024881-52af-4062-9980-fd8f1dfa7003,
f1923545-e1b9-4eca-9ba1-284dafcdb145,56a7fe60-763d-43d6-879b-23c02038587b,cf3d0f59-6151-4206-b32c-014a4cb1315c,
76084545-bae6-4867-b468-1a18dc382552,56a7fe60-763d-43d6-879b-23c02038587b,e2df6a00-38be-4c91-9a70-9fd0b65e7143,
01d6813a-e356-4911-8474-077c5290c8f7,56a7fe60-763d-43d6-879b-23c02038587b,e37668a8-a7c0-4693-bc9d-23ec6f78f7f5,
842af383-0377-4e69-9a95-5bb886dac54a,56a7fe60-763d-43d6-879b-23c02038587b,eaba6561-483d-4090-963b-76b803676040,
fbd87eb3-48dc-48f5-9579-8279888abf3f,56a7fe60-763d-43d6-879b-23c02038587b,eb86c583-8203-400b-960b-e4adb3493654,
fb9cfefc-c5fe-4f2c-b1ce-459378a32753,56a7fe60-763d-43d6-879b-23c02038587b,f4a060fb-ec2f-4dbb-99ed-1c3fbe4eb633,
9b70f30c-3879-4af2-912b-4b1f17ac9d96,56a7fe60-763d-43d6-879b-23c02038587b,fa97a27b-5659-4381-aab8-6f24be61bd99,
7a08a9bd-6876-4fbe-9eb4-ffe1f68faa0e,56a7fe60-763d-43d6-879b-23c02038587b,fbed2c0d-d246-4131-966f-a7947335c20f,
7c2f2ec1-54f3-4e4e-95e0-734a0121e820,60393fb1-35f3-44bf-86c7-bdd8521c3dee,13c5ed56-63bb-4454-8163-702a79d6496d,
681b8b1e-e759-4cd2-8763-7c8e75cf8020,60393fb1-35f3-44bf-86c7-bdd8521c3dee,1a7912d5-3718-4af3-9f1f-e07bebe3af58,
d5b705f8-f616-4cb0-b8ae-a5353fc3df08,60393fb1-35f3-44bf-86c7-bdd8521c3dee,1fb50903-3d1e-4851-bcfc-913256aac841,
d32c0829-a935-4f27-979b-f7591b76edee,60393fb1-35f3-44bf-86c7-bdd8521c3dee,253ebe5d-868b-430d-af95-9d143c9afb33,
a1bead17-52b4-41a6-8e4a-a6ba315c0b4b,60393fb1-35f3-44bf-86c7-bdd8521c3dee,267e7980-af61-437e-a3f7-ac10e89cc94c,
fb009e77-d946-40f8-8c91-a89dba50bd08,60393fb1-35f3-44bf-86c7-bdd8521c3dee,27ec3cb9-9420-4c33-8f16-82a00cc21697,
12ae83ab-93e2-460b-99f5-a54ae998dbc4,60393fb1-35f3-44bf-86c7-bdd8521c3dee,2a593042-f500-4227-8e2f-28d9d7f5fd67,
411efdb8-f7f3-4341-a1c3-82a882605e32,60393fb1-35f3-44bf-86c7-bdd8521c3dee,2cc59c5b-0db2-49a5-a0ed-98bd9fc16902,
870c05b4-a32d-4cf6-83c8-6fbf7b13500d,60393fb1-35f3-44bf-86c7-bdd8521c3dee,332c5646-9b83-4e50-bece-bc2f20d34ee7,
b8257b2a-24e5-4e50-bd4d-7cbd692bd1c7,60393fb1-35f3-44bf-86c7-bdd8521c3dee,338b46b7-2d2a-4ba6-b926-4c31a2155b79,
336a5442-a35b-4d62-ba58-5ec37e841c75,60393fb1-35f3-44bf-86c7-bdd8521c3dee,34fcb2a3-1e58-45ca-ae4e-7b181fc351e4,
fbfd9c7a-28eb-433d-a4a1-962794134ffd,60393fb1-35f3-44bf-86c7-bdd8521c3dee,3522659f-cd68-447c-a7ce-d47d8d9f7631,
1b1a76a8-2df6-4d56-a9ad-543004243bf6,60393fb1-35f3-44bf-86c7-bdd8521c3dee,370302dd-a52a-45ad-a57d-b7a2d11c84a9,
686c9832-50ab-4d1a-babe-add20bec2faa,60393fb1-35f3-44bf-86c7-bdd8521c3dee,4497d7fb-0f3d-4134-bcf8-5146d4b39b2c,
5de119f2-1c2a-43ef-9ac3-b4ac76204408,60393fb1-35f3-44bf-86c7-bdd8521c3dee,47ac8b57-e18f-4ffd-b932-adaa6615203c,
73f42c36-0cf6-41c4-8a5e-2f9c7331158c,60393fb1-35f3-44bf-86c7-bdd8521c3dee,47b322fa-d0c9-40f7-a375-d1829dd385a2,
6d2b883f-1bf2-4a0a-a825-f770ccee5e51,60393fb1-35f3-44bf-86c7-bdd8521c3dee,4da9d4d0-acff-4f5a-a466-8cdacf7b6d08,
f0479f55-854c-46f3-82cf-cd80184909f1,60393fb1-35f3-44bf-86c7-bdd8521c3dee,572a12e0-3614-40fa-a666-b5a33fe72cfc,
a5a013ff-17d2-4540-940a-e490b5c79715,60393fb1-35f3-44bf-86c7-bdd8521c3dee,5dc86e89-4900-42ae-85ae-42001dc58628,
0242ea5e-8cae-4c98-a005-eb3625ad7c2c,60393fb1-35f3-44bf-86c7-bdd8521c3dee,650fb9ad-ceb1-4843-8f44-2125a4afd6a3,
4befade1-e309-4a7c-b0fe-2eca3cc49161,60393fb1-35f3-44bf-86c7-bdd8521c3dee,69abff00-8b1c-4e27-b737-b5d1a9f29c14,
ca37c7e6-2576-4264-8ab4-fd2b6344f7c8,60393fb1-35f3-44bf-86c7-bdd8521c3dee,6ebb59f9-5d26-499e-835b-bbc9618484c5,
064abffa-8204-4f6e-a939-1717f35caa7b,60393fb1-35f3-44bf-86c7-bdd8521c3dee,724fd05a-7d9c-4ac1-b965-463d50c68eb6,
404ce96c-fafd-40e4-8146-1d35edd7107d,60393fb1-35f3-44bf-86c7-bdd8521c3dee,7895b4fc-f74f-4738-9775-0a753e82b5d5,
b5023c4e-5093-4eec-80ec-c9680780b491,60393fb1-35f3-44bf-86c7-bdd8521c3dee,7b058677-33ff-427c-a80e-357b3c1875ba,
ed3cc8c9-72e6-4ea0-afa5-064bfcf94281,60393fb1-35f3-44bf-86c7-bdd8521c3dee,831dfa97-47ca-419e-89b4-8c36da72cccd,
a2ddde5f-16de-4804-964d-93261d982d1a,60393fb1-35f3-44bf-86c7-bdd8521c3dee,83f0dd8e-679c-46e7-80d2-c6457fc0c427,
da1f37e5-dfa6-48ed-9ed9-42a0a30af048,60393fb1-35f3-44bf-86c7-bdd8521c3dee,8721cb8c-b909-4ff8-bf49-c92c1501d6ac,
31935383-4c1f-4d9f-b0f5-512f99dcaeae,60393fb1-35f3-44bf-86c7-bdd8521c3dee,87de8498-e771-41a0-9ef9-dc46c143f838,
59df2957-b1c0-4a0d-9c90-da0741920c8e,60393fb1-35f3-44bf-86c7-bdd8521c3dee,88b0d024-b1ec-46fc-be51-e1e23f74c8cd,
b819c021-e7ac-42ba-84c5-9ea66552f3e3,60393fb1-35f3-44bf-86c7-bdd8521c3dee,9218eb04-ca0c-4fed-9c04-4d517bb58c0e,
d47bca82-671d-40ea-8227-b5216cd634bd,60393fb1-35f3-44bf-86c7-bdd8521c3dee,9f1b790f-e465-49c6-99b3-ee591a74295f,
366f335b-a24f-4a32-8270-e770e1ccbb35,60393fb1-35f3-44bf-86c7-bdd8521c3dee,a5ccc392-3710-4765-b20e-52db64bc2a22,
5d60ec76-a3d8-429e-b2d5-b6d36684d72a,60393fb1-35f3-44bf-86c7-bdd8521c3dee,a6b2154e-b91a-4708-9b17-e5b62d20f100,
34bc9fe7-7a55-4a4a-887d-05a5ef8a31ea,60393fb1-35f3-44bf-86c7-bdd8521c3dee,abf5047f-a601-413d-b581-8c038adcd3f5,
7881d55e-ff28-4ee2-80c5-5a5733430a93,60393fb1-35f3-44bf-86c7-bdd8521c3dee,b164e43f-f752-4ae9-ace9-c5fc5f9ccd13,
213dd46e-b2f1-4fe6-a471-224b9ea60c9b,60393fb1-35f3-44bf-86c7-bdd8521c3dee,b4cd2f2d-90eb-411d-a96c-8224f09fffa8,
4b40e1bf-c9bd-40ac-8474-7955a3dcd3e7,60393fb1-35f3-44bf-86c7-bdd8521c3dee,bb72b36a-3f7c-4f5c-bc2d-460da53ee24f,
54ba6f0a-8171-42e4-a36b-bc040b14b845,60393fb1-35f3-44bf-86c7-bdd8521c3dee,bcd68318-af42-444b-b4bb-57e9c0b8ec65,
c44973ec-e4c3-4263-829f-e2dca988cfc2,60393fb1-35f3-44bf-86c7-bdd8521c3dee,bfb24be3-95a4-4563-9219-dc627f48fd8b,
2c763522-e072-47a0-acb9-ecec911ce26c,60393fb1-35f3-44bf-86c7-bdd8521c3dee,c307d35b-a3da-41de-9e14-0d48ee299869,
c0795920-ee42-48f1-85f3-e230c762608a,60393fb1-35f3-44bf-86c7-bdd8521c3dee,c3920bf2-df23-4f72-863d-f6e9c860707f,
be596f82-81ac-4d20-adca-f086a0416a1c,60393fb1-35f3-44bf-86c7-bdd8521c3dee,d9b74484-cfe9-44ba-ac07-06fbf77952a3,
6042efe4-ff11-4915-9622-48492c71a7ef,60393fb1-35f3-44bf-86c7-bdd8521c3dee,dde16a5f-04f2-4a18-8586-73e919042d29,
f42caed1-3bc5-4a91-aa90-4cb9df2bb583,60393fb1-35f3-44bf-86c7-bdd8521c3dee,e5464099-c23b-4d51-b56a-052ec2648d34,
d81f2e26-465a-4ed9-a819-bec35f5bee5c,60393fb1-35f3-44bf-86c7-bdd8521c3dee,e6061430-7ef6-453d-a971-b03df3a36063,
0bfcd1b4-c073-4c3a-9817-78580c9ec3f0,60393fb1-35f3-44bf-86c7-bdd8521c3dee,e637edf6-f006-481d-9e12-26f43c80362c,
deeb345b-a41a-430c-8576-07a5bb714966,60393fb1-35f3-44bf-86c7-bdd8521c3dee,e6aabd62-6274-49f2-828b-8296fb0c218d,
a397a2f8-a190-4275-aec5-7556f7371b3b,60393fb1-35f3-44bf-86c7-bdd8521c3dee,edf42b05-4c37-4012-a6dd-2b1c400a540c,
13ac6938-b0fb-4dbd-b356-3076d44f72ee,60393fb1-35f3-44bf-86c7-bdd8521c3dee,f665c156-dcc1-4c28-bc01-b4d0d5dc7aa8,
3474a9bd-1826-4cda-a5ff-2e889d25624d,60393fb1-35f3-44bf-86c7-bdd8521c3dee,fa5bb139-c7a4-4651-bd8d-56f11b8b3563,
f95d2dca-0834-4f8a-b186-1e12e2e097a7,60393fb1-35f3-44bf-86c7-bdd8521c3dee,fc9fbc7e-d778-4b6f-8bca-51f0c3811c8a,
f8944015-4cf1-4422-9d22-c90d9470efed,60393fb1-35f3-44bf-86c7-bdd8521c3dee,febc7f7e-2e70-4f93-b5d5-d8f7b9095267,
666e9c5a-a6ab-4cca-8e7e-b3fc9005ba94,60393fb1-35f3-44bf-86c7-bdd8521c3dee,ffaf2c1e-d225-4bec-a634-4de84e8a1a8b,
cd353786-b583-410a-8773-39899ef47847,6692b433-b30d-4a0d-99c8-09747e6b8b2d,13cfef4c-6239-4d9c-ade4-a96968df777d,
06746e19-ad4c-480f-a3b1-dab27bc33565,6692b433-b30d-4a0d-99c8-09747e6b8b2d,3032e9f1-6b36-4894-a1e5-c41339485ea2,
8f462a47-0ea7-4634-af52-5eb21d13083a,6692b433-b30d-4a0d-99c8-09747e6b8b2d,43cf5bc2-477e-465c-9265-a5a099d88937,
e1c109a3-1085-4309-8b35-db628d3b096e,6692b433-b30d-4a0d-99c8-09747e6b8b2d,529d2241-ee93-4cc2-8987-ff70b8f3ac0b,
3e4dd70f-0ddd-4b9a-9afa-106e167f1719,6692b433-b30d-4a0d-99c8-09747e6b8b2d,638017a7-cfe7-4940-83b2-5280a5119173,
b94527a5-844c-4627-84b2-454311718c36,6692b433-b30d-4a0d-99c8-09747e6b8b2d,a7510bec-3759-4de0-a7d1-4470c553cd07,
857e4496-5751-43e7-ab60-2038f5336715,6692b433-b30d-4a0d-99c8-09747e6b8b2d,b4cb2bf8-4b3c-4221-9768-551e09209c26,
e993df03-27cc-4be2-9338-044a4c5a3c0c,6692b433-b30d-4a0d-99c8-09747e6b8b2d,cd28aef5-c796-4159-934d-0a0db8d75eae,
2aeb5cfe-fe1a-4e20-8fd4-a657d2d52aca,679e0fd0-ed53-476d-bba1-8a2a48da2df6,32680c70-e625-4e1b-8960-645ff3c8090d,
6b329881-5860-461f-b692-13d5036564f9,679e0fd0-ed53-476d-bba1-8a2a48da2df6,4a8d5e67-b99d-492c-a46b-5a2a96c9708e,
85596b07-1038-4b51-9c08-d7dbe4fdfa92,679e0fd0-ed53-476d-bba1-8a2a48da2df6,5cff36a9-cb67-412f-ace8-3726644bbbb9,
f488a4b2-eef3-4625-befa-51c26a0e6324,679e0fd0-ed53-476d-bba1-8a2a48da2df6,6a107d56-89b9-493a-a5fc-3d1a9afdb7c7,
b6ef0368-9d8f-481b-9a8b-a49adecf9f67,679e0fd0-ed53-476d-bba1-8a2a48da2df6,a2752dd4-36d2-4856-9e97-3eb4def67265,
17970d2e-a9fb-4738-8878-285877f57443,679e0fd0-ed53-476d-bba1-8a2a48da2df6,d25d47ee-3064-4286-ad52-9a85e3abab3f,
2e0915c0-68a7-4f1d-872c-50fe1a6ab857,69388d1c-834d-4b8c-8ad8-74a88d180b1d,4d31e390-82d0-44be-b393-1065894d6dfe,
8a68b867-f943-4dee-bad0-435b8a4ec1aa,69388d1c-834d-4b8c-8ad8-74a88d180b1d,755f9e70-0dd3-4db8-9d86-22cfcaad91eb,
acd46098-0f99-4fde-bcb1-1b39df681a30,6c3947c3-356b-4683-94a5-77c94cb02de1,11b5e174-a376-4385-b306-d11b5906090d,
ffa93902-1b29-4331-8ebb-4a56b0983345,6c3947c3-356b-4683-94a5-77c94cb02de1,356b49d6-6ee4-478f-8c8b-22747c0db962,
bcd05aff-826c-4aa4-9024-ea8ef29661eb,6c3947c3-356b-4683-94a5-77c94cb02de1,3e9359b6-1e8b-4910-8f87-eccc5a7ccf32,
03274b4e-8099-4f41-931c-e9c28e1e4810,6c3947c3-356b-4683-94a5-77c94cb02de1,79a2af8f-e7c3-461b-a411-4a495f22996b,
4a754e5c-c297-4466-b353-355573b4824f,6c3947c3-356b-4683-94a5-77c94cb02de1,af41d722-d84c-46ff-a8f6-60d1acf73593,
f0e0013c-72a9-47bf-9350-1cee915cf416,6dab8378-ae67-413d-b165-cb8c965a19b6,f8dd63e5-3cc2-4e6f-a41a-9462f316376f,
d42f5a46-7ff9-4735-8768-99891e27c742,70ce6527-3a27-4927-9793-5fd8b5d44d86,10933eb3-4dd7-4e80-bbab-b7c371b33bbb,
48f184d4-2bbb-4395-b34f-0d26ddf4de1b,70ce6527-3a27-4927-9793-5fd8b5d44d86,1b67c01f-ac53-4754-b906-c64a7fc6f960,
13acb848-e15c-4f58-a5c1-cb4d310f799d,70ce6527-3a27-4927-9793-5fd8b5d44d86,22419729-d977-49f7-8b3c-51b90587c957,
597fe11b-e925-47e2-aa35-dccd3e156eb3,70ce6527-3a27-4927-9793-5fd8b5d44d86,3b91533a-8a1a-445b-b1df-d842f123d5a0,
92739cc3-f221-4cea-895f-ea9222652939,70ce6527-3a27-4927-9793-5fd8b5d44d86,468f4b3a-8adb-4306-acf2-4b12df86b455,
7737924a-b3f6-4fd6-a201-8392be4e5844,70ce6527-3a27-4927-9793-5fd8b5d44d86,492456a9-5799-4b6e-a5a7-a38990c13c46,
ff0f076c-b643-443b-af57-982b599e96a6,70ce6527-3a27-4927-9793-5fd8b5d44d86,4e9a46be-1cae-4a65-94c7-3529bef337ad,
d77cf460-da44-4af2-878f-2ebe2466a8aa,70ce6527-3a27-4927-9793-5fd8b5d44d86,51dd8170-4957-4199-a4f0-1b388355b7c3,
176715b1-bfce-445b-872b-869240f293f1,70ce6527-3a27-4927-9793-5fd8b5d44d86,55b9eba5-44a9-4a81-b4a5-f087adc24a21,
d00b360d-37ed-4359-b1ff-3b4f20f82540,70ce6527-3a27-4927-9793-5fd8b5d44d86,578823cb-8f94-499b-8f78-a7ad83e5a2c0,
5a6bfb62-ebee-4bf6-a035-11e06e618016,70ce6527-3a27-4927-9793-5fd8b5d44d86,5ff7d525-29fb-4815-8d07-b48b883cbc9d,
219f2d92-fa0b-4776-aa1b-d73da9e218f1,70ce6527-3a27-4927-9793-5fd8b5d44d86,7e5ff5c6-4abe-4289-b9b4-93327ea34ed4,
a6dc6923-2a97-4e82-ad13-0f5276a5f11a,70ce6527-3a27-4927-9793-5fd8b5d44d86,96248216-e2fa-4d36-a2e2-526636d7b618,
6da493f4-5c0c-4309-9c30-2050b5123974,70ce6527-3a27-4927-9793-5fd8b5d44d86,981080e8-d773-4f07-b183-974e9258b604,
7e6b166b-4351-4734-a5fa-662bd33bc47e,70ce6527-3a27-4927-9793-5fd8b5d44d86,ac3933e2-9ae9-4375-ad80-cb28dfa0966f,
a8f80bb5-b163-47ae-8768-06f5fbe6e1d0,70ce6527-3a27-4927-9793-5fd8b5d44d86,b1d4b1c8-d982-4155-8470-2065029016ea,
0e4e090f-abfc-4c4f-a542-52bc8cd31fa8,70ce6527-3a27-4927-9793-5fd8b5d44d86,e07c12fd-7a48-46e3-9e09-c15830f419f4,
5143276d-4644-42f0-9543-84ba6167a4d6,70ce6527-3a27-4927-9793-5fd8b5d44d86,e764fa37-697a-4e64-8742-b3db531b39b5,
67773909-5d76-4e6a-b1de-cdfd326aca10,70ce6527-3a27-4927-9793-5fd8b5d44d86,fd406211-0c8f-445c-9a02-f5a01570172a,
a520f1a2-48c8-4cdf-b120-92798b7ec0ec,72f979b5-4b41-4e61-b5a5-eb6d6353636f,80ce47ca-21bd-4c28-a9e1-9e6e10e08135,
750baf07-c93e-4720-a046-ce5f33049474,7341d7ed-2ef8-48c4-bf35-1e125f112453,0115a477-56ef-4005-a8a5-472934c0fa3e,
82b765f0-7e39-4478-bbf8-c7704987e75a,7341d7ed-2ef8-48c4-bf35-1e125f112453,1f860a0d-fa0f-4cb0-9044-ca8dbf60fb3b,
bfe1215e-8752-4537-9a91-394ce6e5b022,7341d7ed-2ef8-48c4-bf35-1e125f112453,229f9e89-6123-465c-a74f-8ffaf7f03d24,
ca44a93f-8dcc-4b44-bb1d-1084df073c11,7341d7ed-2ef8-48c4-bf35-1e125f112453,28254a84-3d20-4436-856e-fd169909b29e,
b87ca8e7-5e1a-4c7b-8f82-9ab73c067da6,7341d7ed-2ef8-48c4-bf35-1e125f112453,362aa658-796b-4e54-a98f-bde0d23680f4,
31ebf248-68cf-4131-9e7b-f2918d191ea1,7341d7ed-2ef8-48c4-bf35-1e125f112453,3938149a-3cdd-40ac-90f4-f84635a65b8b,
e42a9278-9cc3-40b3-bda4-3040e8e10c95,7341d7ed-2ef8-48c4-bf35-1e125f112453,3e60c376-ea23-489d-a7a3-c60a241996ed,
728b75a1-917d-421a-8bea-734d4438390f,7341d7ed-2ef8-48c4-bf35-1e125f112453,3e7a832a-b3d0-499c-9633-0ffc3c051b77,
5a212530-5701-456a-81ca-79944d63497d,7341d7ed-2ef8-48c4-bf35-1e125f112453,5023a870-4c7f-4dae-a8f0-b3af791c52d8,
92c9593e-d87e-4e73-aaf6-9d045d6d5313,7341d7ed-2ef8-48c4-bf35-1e125f112453,541d7d31-cb36-462a-bbb1-85d30a1216a2,
e4cc6414-d85c-4aee-9e31-aa02979d78f9,7341d7ed-2ef8-48c4-bf35-1e125f112453,59e5199e-e759-4137-93e8-137f7df6db85,
9074e6ce-78e8-46ef-ae5d-9da48d40d077,7341d7ed-2ef8-48c4-bf35-1e125f112453,5e70f69f-3e9c-4aba-83e9-af2d5b909edc,
07694ae7-5c61-4548-aae0-b190831cbfd4,7341d7ed-2ef8-48c4-bf35-1e125f112453,65dbacdd-251a-4be5-8cb2-bee4ecbe36ee,
d452efd4-aff4-41e9-bed8-1addb5c32e87,7341d7ed-2ef8-48c4-bf35-1e125f112453,6a26f107-b7bc-4d9c-af5b-a63de7933a9c,
bf86be4f-22e2-43f7-9898-ae8d4bcfa979,7341d7ed-2ef8-48c4-bf35-1e125f112453,6f3ab080-cd41-4e6a-b882-60a695c797c5,
bce70c94-c48e-4bcf-a2e1-ca134d7f5b58,7341d7ed-2ef8-48c4-bf35-1e125f112453,73c9c9b2-8667-4d61-99e8-e435e3f65c77,
30c34cd2-0bc9-46d0-b432-a902209e7649,7341d7ed-2ef8-48c4-bf35-1e125f112453,7b5ada31-565b-447b-900d-12740367d14a,
d9faabb1-a931-4ad3-8a0b-3d90b56f72ed,7341d7ed-2ef8-48c4-bf35-1e125f112453,7bc2c678-49b1-49fd-b6e3-53215ba00117,
5bf033b2-5e47-4639-933d-56239697c41b,7341d7ed-2ef8-48c4-bf35-1e125f112453,7e5a054d-901b-4b0e-a1fc-474898c4ddf1,
fb08c98d-09f1-45d7-a11b-075ea5b85747,7341d7ed-2ef8-48c4-bf35-1e125f112453,8717878d-7a84-4a4e-b97d-7dd23af10349,
6fda71e3-8af8-426b-b272-f39f157b04de,7341d7ed-2ef8-48c4-bf35-1e125f112453,8d3220f3-ba09-41e9-b934-e31fd7c901ec,
0ba8e1eb-2703-421b-8dfb-2786d9d554be,7341d7ed-2ef8-48c4-bf35-1e125f112453,8e37453f-63de-450c-a9c3-36593411ec6e,
9f7ec92b-234e-47c3-a1b4-b13ad46786b8,7341d7ed-2ef8-48c4-bf35-1e125f112453,97d24f73-b6bb-4e7c-b189-b83c00c18db5,
802cb7ba-8ac6-431e-be77-8fb556373dca,7341d7ed-2ef8-48c4-bf35-1e125f112453,99402743-d8c5-417f-9025-a301e0c73a76,
42bfe414-0ab9-4e8d-ba05-e16a1cfd6796,7341d7ed-2ef8-48c4-bf35-1e125f112453,9f078331-dc56-4547-b719-22c41ad34602,
7b27b25c-9126-4864-b167-843e9ac7cc31,7341d7ed-2ef8-48c4-bf35-1e125f112453,a5150635-60d8-456e-91cb-e6e31c01a445,
50fee312-7a01-4c41-bb3f-b8591c511bea,7341d7ed-2ef8-48c4-bf35-1e125f112453,ad9599d9-56e6-4622-91e4-1296706c7cb1,
41cfc059-fd5f-4ad4-ad18-f428dd0c9394,7341d7ed-2ef8-48c4-bf35-1e125f112453,af636574-4d44-411d-9262-56a2fa24dd8e,
cbedcfb3-ab85-4ca0-8a8e-7d4821e44c0a,7341d7ed-2ef8-48c4-bf35-1e125f112453,b19bb7e4-90c7-4a11-983a-ebad34b18fbc,
9dce0dc4-d40c-4b8d-9389-423cff9d8b3b,7341d7ed-2ef8-48c4-bf35-1e125f112453,ce13993c-eb46-426c-8e4b-1f44d3bf020e,
c62fb3ff-60cf-47f6-a856-952649442f2c,7341d7ed-2ef8-48c4-bf35-1e125f112453,cf953d1a-2293-44f7-b240-ad794164febf,
1796324e-15d2-46eb-9d72-f5676b32719a,7341d7ed-2ef8-48c4-bf35-1e125f112453,d0fbd8e2-f9bc-4262-ba9a-07e08c3b5472,
14331da0-0407-4b92-b7f9-67933f7b4245,7341d7ed-2ef8-48c4-bf35-1e125f112453,d7e9dfac-6ffa-4d90-bffb-0a9564365b26,
42301b1d-ea23-4b39-831a-29fe9edaa35b,7341d7ed-2ef8-48c4-bf35-1e125f112453,d985a1ae-f8ca-46d8-9d13-6ad49185fd80,
f45f825b-7d4f-4fb1-832b-37191bbbfa22,7341d7ed-2ef8-48c4-bf35-1e125f112453,dbe97869-110b-48e2-b1b4-7064e777938d,
a02f3379-64ac-4554-ba59-a019a325c15b,7341d7ed-2ef8-48c4-bf35-1e125f112453,e24c2dfd-8499-429e-9f3f-948167660d4e,
79ad90fe-e8e5-4f94-88ea-421385082bda,7341d7ed-2ef8-48c4-bf35-1e125f112453,ec6bd39e-151b-487b-b5f3-958b5166bf91,
b4d3296d-dd60-465b-805e-34c86414162f,7341d7ed-2ef8-48c4-bf35-1e125f112453,fab3df62-9fb5-4c01-b5de-318ed455ad1a,
85c7db44-3897-42c9-ba51-1c960b94b47c,7341d7ed-2ef8-48c4-bf35-1e125f112453,fb40207f-78b6-47ef-a2a1-2e0cb3ec49d7,
f1b640fe-94f5-424d-9f5d-f069608762d6,7341d7ed-2ef8-48c4-bf35-1e125f112453,fbc8669f-9468-4324-b2cf-defd193bbd05,
a35fb5be-354e-460d-af74-4bc26789bccc,7341d7ed-2ef8-48c4-bf35-1e125f112453,fe8304b0-c560-479b-a225-d8872043fcdc,
544e5b1d-026b-4fd2-8c1c-21f44a71d1d9,7489fea2-0397-4f7d-b9eb-7ab29a1cfe48,001c10ad-bb07-4f9f-9f07-d77abf72b631,
9b876ef7-4f84-4a2f-8890-6d885345ae39,7489fea2-0397-4f7d-b9eb-7ab29a1cfe48,0237c94e-7de7-444c-a000-137d6ae213f2,
208ec133-c18b-41f0-8baa-741d554cc3fd,7489fea2-0397-4f7d-b9eb-7ab29a1cfe48,03ff9d0a-d569-4bc5-8be2-7f53d53891d5,
1eeda776-a8e4-4217-8bba-aef21a741c45,7489fea2-0397-4f7d-b9eb-7ab29a1cfe48,0597cb18-3aba-4716-be3c-3d8b24547cf5,
24bfe6b3-6308-4012-93bd-4f93e91a54cb,7489fea2-0397-4f7d-b9eb-7ab29a1cfe48,06ca47f4-97e9-4c5b-9ee3-6af31e3a639e,
dd118cbd-f26d-45c8-8084-0d2a22b54fff,7489fea2-0397-4f7d-b9eb-7ab29a1cfe48,091b5a99-aa69-465a-b771-c2b8cd739800,
e17cc5e7-8cd2-4f89-9010-7bf54f2b2785,7489fea2-0397-4f7d-b9eb-7ab29a1cfe48,103df31c-80e4-4323-bbd4-fac72570e577,
27c44ce1-6e3f-4824-bba7-e2f0e009b708,7489fea2-0397-4f7d-b9eb-7ab29a1cfe48,13913534-d187-4ac3-b9e7-6cdbbe997dbc,
cca5ac87-90a4-42d6-be49-a9fe94956ad8,7489fea2-0397-4f7d-b9eb-7ab29a1cfe48,16af31f5-e53f-4699-bd01-53a11ebe840f,
fad3ed1e-eaf4-4e48-9e17-5ef4ebf23ef9,7489fea2-0397-4f7d-b9eb-7ab29a1cfe48,1d9253a8-42a0-45f7-96c9-dd8126504248,
ae78ee2f-3b88-4601-828a-e2658f752645,7489fea2-0397-4f7d-b9eb-7ab29a1cfe48,1eb82843-af26-4b42-97a0-b23c3e60e862,
9cbc309c-5059-472d-ab2e-84aac552b0df,7489fea2-0397-4f7d-b9eb-7ab29a1cfe48,22e6429f-4e78-42d7-9122-21995e9fd6bb,
a96ff0a7-f890-4f77-83d5-c6433b936c49,7489fea2-0397-4f7d-b9eb-7ab29a1cfe48,23614e3c-6638-49da-bb83-3cf2db06f435,
ecd57a66-4d93-4652-a152-c1d6d4b02e55,7489fea2-0397-4f7d-b9eb-7ab29a1cfe48,2387033b-0568-4653-b2ee-b9f9172708a3,
82d4c2df-1b95-442b-a29a-916a7fe5ea71,7489fea2-0397-4f7d-b9eb-7ab29a1cfe48,25a4bdb8-772f-4e0a-8a1a-62c9d55fb9ca,
c0a766c7-01b0-41db-b606-20da2bca9e01,7489fea2-0397-4f7d-b9eb-7ab29a1cfe48,29aa67f2-e616-4fdb-a1c5-cc753e480bce,
dc475634-a14c-4cfd-8efb-18d8259add42,7489fea2-0397-4f7d-b9eb-7ab29a1cfe48,2f0c6358-938d-4fda-b2eb-446b161b19e6,
3f96df14-69ea-42c5-92da-26ee4435ab90,7489fea2-0397-4f7d-b9eb-7ab29a1cfe48,343314f5-87bf-42bf-a4a7-7099a7d56deb,
85c4dd1b-b423-474e-b087-949c14c3fbe5,7489fea2-0397-4f7d-b9eb-7ab29a1cfe48,37f636fc-a457-422d-b2af-d0f034656ea3,
6ca350a8-28ed-452f-a802-78f25bc6d0cc,7489fea2-0397-4f7d-b9eb-7ab29a1cfe48,3bb3c32f-aebc-44c2-bb3f-81d4ef7727a5,
dcf411d2-9aa6-4327-9c4f-71e5c67c0c45,7489fea2-0397-4f7d-b9eb-7ab29a1cfe48,43990692-280b-484d-bf17-0d85fae2d534,
bc0bdb89-c4b0-459f-9688-ac5add1ed4b8,7489fea2-0397-4f7d-b9eb-7ab29a1cfe48,446a0369-689e-4c20-b834-e318c4ec0eac,
f80b47bd-659b-4c9b-a510-f2fffac631f2,7489fea2-0397-4f7d-b9eb-7ab29a1cfe48,44c52317-abc9-43d7-b680-17bb0e489f81,
5f1894f1-dae9-416a-9d95-96c7c41bb059,7489fea2-0397-4f7d-b9eb-7ab29a1cfe48,489263df-e7c8-4a70-9301-34ea85a0831d,
70039e86-b2a0-405b-94e7-89c5ce7426d0,7489fea2-0397-4f7d-b9eb-7ab29a1cfe48,4a4966b2-4f78-4b92-8695-35237c387845,
f71bea77-0319-434a-b9c7-1264d85a8c59,7489fea2-0397-4f7d-b9eb-7ab29a1cfe48,5001a55f-8e7f-470e-8727-4d6b1dd60b7c,
afbaccae-c432-4284-ab96-8a3f94b87cfd,7489fea2-0397-4f7d-b9eb-7ab29a1cfe48,5658329b-3d30-4f02-bf94-bd16766e500c,
076887db-79f2-489e-a9f6-4ed3df3eb9c6,7489fea2-0397-4f7d-b9eb-7ab29a1cfe48,57969ad6-4a8e-4015-bb88-2165c9ba2eb3,
7c254d3e-4421-47f3-9a90-15e5ccba90cb,7489fea2-0397-4f7d-b9eb-7ab29a1cfe48,58af5f49-978f-49a5-b9bf-45c5d2a6c4ef,
4e49408b-eddb-498f-90bc-54ab8a0466bb,7489fea2-0397-4f7d-b9eb-7ab29a1cfe48,5c022e42-fa55-4be7-a5b6-0b6fef227eca,
f9d35162-dfe0-4282-91e6-5e062094ce8f,7489fea2-0397-4f7d-b9eb-7ab29a1cfe48,649b201e-d7d1-47db-aedd-ec5b668a16e4,
7c27b91c-f599-4076-8076-996261a92de1,7489fea2-0397-4f7d-b9eb-7ab29a1cfe48,65ca813c-2b5a-4de4-9473-5944a6926e76,
55fb3dc0-a167-4595-9437-997722b1d46d,7489fea2-0397-4f7d-b9eb-7ab29a1cfe48,6846e377-044b-4cf6-bb8f-4b9768a38f22,
b400e18e-e94e-4fdb-a449-28748fa549d5,7489fea2-0397-4f7d-b9eb-7ab29a1cfe48,6d3bef37-dbdf-450e-9568-27e006cb55db,
9383745a-f870-4f50-bd8f-c856684c08ff,7489fea2-0397-4f7d-b9eb-7ab29a1cfe48,703ea1e9-1142-4dcb-aa39-02b1133378f1,
73bdfe79-08bb-41a8-99d3-e84f21dbcf18,7489fea2-0397-4f7d-b9eb-7ab29a1cfe48,7073fca8-57a3-4b99-9f04-f4e7ae3da497,
080b9cfc-5539-4176-aff0-478db0f23ef0,7489fea2-0397-4f7d-b9eb-7ab29a1cfe48,70c3e268-607f-4295-a6c7-35cf4c9ce91a,
585e8340-322d-49e1-a7f1-c3cda3c3d20f,7489fea2-0397-4f7d-b9eb-7ab29a1cfe48,7214aa45-1056-4f0f-b0ec-6a8119df5c2b,
04426274-b3cc-4e18-9196-4f2ea803d565,7489fea2-0397-4f7d-b9eb-7ab29a1cfe48,72634f70-6c09-4023-801c-277d7c6eaac0,
2428d081-48fc-4600-8ddd-378675f32a1b,7489fea2-0397-4f7d-b9eb-7ab29a1cfe48,735b41e5-f793-41be-acb1-78b5beba2421,
8df2bb84-a20f-4cb9-96e7-1d9c6914f1a5,7489fea2-0397-4f7d-b9eb-7ab29a1cfe48,73b8dd58-54c1-468b-887b-77aa0268f266,
e2606269-2ef5-40f8-b959-ae46c9ecba5b,7489fea2-0397-4f7d-b9eb-7ab29a1cfe48,7a62667e-2433-44f4-844a-cefb4331bbc6,
13eceb4d-3d4b-43fe-9be9-7ababeb8b048,7489fea2-0397-4f7d-b9eb-7ab29a1cfe48,7b6a8f89-a8ba-4d05-b825-6b28111309ac,
405c0557-0922-434c-814a-f1a9a5abcc77,7489fea2-0397-4f7d-b9eb-7ab29a1cfe48,810fa771-97b3-4251-af71-3171d18f47e9,
930bcb7d-9c22-4478-b57d-33b52d02d2d8,7489fea2-0397-4f7d-b9eb-7ab29a1cfe48,8221ad9d-3f38-4a05-bf8d-41f3b6e3e143,
d671064c-1dbb-4dc6-bbb2-9ca355c5ce0a,7489fea2-0397-4f7d-b9eb-7ab29a1cfe48,82816993-1975-4491-b942-47f54a849d66,
e1dea0be-8d65-406e-9533-be050bbedb4f,7489fea2-0397-4f7d-b9eb-7ab29a1cfe48,84df8919-3955-4457-a56e-0641e63f8ea5,
fdcc044b-fb06-4b8f-a5cf-b28e03aec6d8,7489fea2-0397-4f7d-b9eb-7ab29a1cfe48,8724b2b2-a3d0-4c9f-867f-433ad033555f,
1be151ea-6bee-4b38-9611-23dfbc99d3aa,7489fea2-0397-4f7d-b9eb-7ab29a1cfe48,889b676d-730e-4df3-8963-b41076f58ce2,
1112824e-53f5-4ea0-8856-a887bf8b3861,7489fea2-0397-4f7d-b9eb-7ab29a1cfe48,8aeba960-bd64-4681-a52a-fa4acec8a556,
623c9738-6d64-4eb2-93ee-2aa33509e8a6,7489fea2-0397-4f7d-b9eb-7ab29a1cfe48,96af0133-1a70-48de-8dcc-1957e4175ce0,
9eb9a371-ad44-4896-bce4-960facf7d4cb,7489fea2-0397-4f7d-b9eb-7ab29a1cfe48,9a8154ff-455e-4c1b-bd77-63d71c1d39ab,
ab5ca0ab-3a27-462a-a633-431a3278f48f,7489fea2-0397-4f7d-b9eb-7ab29a1cfe48,9b3d8076-1295-4d01-92f0-8ee684246c02,
b3cf965b-8f7c-4fe5-858e-7e9d516fce95,7489fea2-0397-4f7d-b9eb-7ab29a1cfe48,a15bbdc4-33a6-410a-b6a9-efbb3e15e41e,
fa1733ce-5f35-4a6f-8b8f-f62e22bc4145,7489fea2-0397-4f7d-b9eb-7ab29a1cfe48,a1a044ba-ca30-4283-a3b6-3640ecdfd1ee,
307a0c24-9a2a-4193-ab2e-dcb90fac5284,7489fea2-0397-4f7d-b9eb-7ab29a1cfe48,a366c6de-3a1b-4b3f-a352-a51a4a6bf4b0,
9b530946-a154-442d-9fbc-9102a1ced096,7489fea2-0397-4f7d-b9eb-7ab29a1cfe48,a45affe4-9a5d-476c-8d30-446175be3500,
3edae534-0df7-4b57-a765-f5a7476aaab1,7489fea2-0397-4f7d-b9eb-7ab29a1cfe48,a5db2f7c-9efb-4a00-b6db-389357d2e9a2,
7792d07b-647d-4c8b-8dbd-7340f54374d8,7489fea2-0397-4f7d-b9eb-7ab29a1cfe48,adc8a911-4f0b-46a0-b84f-3e2c3573d6fa,
1a0cf014-50b1-41a2-a838-1a7a7233b98d,7489fea2-0397-4f7d-b9eb-7ab29a1cfe48,af805839-d748-45a3-a1a1-ea627270e490,
bab74b0d-d5b2-422d-a5bf-e7377d4190a9,7489fea2-0397-4f7d-b9eb-7ab29a1cfe48,b095b438-8b2e-4474-9c85-462ceec44569,
af8d724e-9f61-436b-87d9-563cfa2a4d27,7489fea2-0397-4f7d-b9eb-7ab29a1cfe48,b1f4da64-323b-4b7a-a2c7-c50fd17ef387,
86346ab6-b8bf-48c7-94f4-b7d8545cde38,7489fea2-0397-4f7d-b9eb-7ab29a1cfe48,b552974c-af2b-481d-9233-4a5b0d005a8d,
69cd8b25-4661-4a96-824c-4f7d9a71c874,7489fea2-0397-4f7d-b9eb-7ab29a1cfe48,bb266855-cbed-4add-b0b9-cd4ec6f1608e,
866dda8a-0b26-4179-b18b-de49204197ea,7489fea2-0397-4f7d-b9eb-7ab29a1cfe48,be7eb91f-d045-4533-878e-703241ed16a6,
d0fd6c1d-80d4-46f9-8333-f5aa60545a69,7489fea2-0397-4f7d-b9eb-7ab29a1cfe48,c11299c2-9643-4ced-8b29-8aec9a2a0884,
a48193e1-7aa6-4775-a84f-f8fe94503c51,7489fea2-0397-4f7d-b9eb-7ab29a1cfe48,cc28b531-2282-42e3-8b36-fc116d3471e4,
4ba0eb78-f1ea-4ca6-ac29-0b025b6ceb50,7489fea2-0397-4f7d-b9eb-7ab29a1cfe48,d033cd63-356c-4f71-af4c-5fb03c05cd37,
549be6a8-f5f6-4296-a997-7afc1542691c,7489fea2-0397-4f7d-b9eb-7ab29a1cfe48,d1f1046e-dbfa-4c94-b48d-e55d1c6948a1,
3311ea21-c4ba-4e49-a156-92e7eea851bd,7489fea2-0397-4f7d-b9eb-7ab29a1cfe48,d1f69ab6-fa6d-4820-bd26-59e9f3f84791,
b12e1c05-ba55-4e7c-b7e7-6ed914c38d5e,7489fea2-0397-4f7d-b9eb-7ab29a1cfe48,d5b3a516-1ff9-4345-954d-4aefb9ccb7b2,
08303fc9-0983-49f4-a211-6f44800c2da7,7489fea2-0397-4f7d-b9eb-7ab29a1cfe48,d5d22fc5-319a-48c9-900d-009cefe89d58,
04efe237-131f-4426-949a-5e60efb53864,7489fea2-0397-4f7d-b9eb-7ab29a1cfe48,d7b4e866-56c8-4809-8efa-90daef0b7f73,
e96b1cfd-4eda-4f85-b23a-f6b4ddaa84a4,7489fea2-0397-4f7d-b9eb-7ab29a1cfe48,d89713cd-4dde-43c8-833b-e105b3a58576,
2fd30791-380d-4049-aaef-ca30c122d6e5,7489fea2-0397-4f7d-b9eb-7ab29a1cfe48,d8f43779-8e5e-4908-94fe-91210341ebb3,
f0d08481-75af-4a99-a660-cb2bf3a87948,7489fea2-0397-4f7d-b9eb-7ab29a1cfe48,d9a5a0c8-c796-480d-829a-719b75f68a28,
c804bb97-252b-4983-9463-b591398b0601,7489fea2-0397-4f7d-b9eb-7ab29a1cfe48,db19f20f-0997-43d6-a5a9-a17fe9a6c206,
1ed88397-67e9-4042-ad2a-53b4ac68ffa7,7489fea2-0397-4f7d-b9eb-7ab29a1cfe48,dda7ca4b-4c8a-4849-bc76-341b77216f9f,
1c4c3e68-15c9-435a-9a41-8677b6ccdcff,7489fea2-0397-4f7d-b9eb-7ab29a1cfe48,e12f808c-fdf1-4ac3-aa6a-09384292224b,
e2153adc-748d-407c-af74-758fc9d6f039,7489fea2-0397-4f7d-b9eb-7ab29a1cfe48,e261984d-e67a-4b97-8738-f538a428ac7e,
181d8236-ab26-49fe-bf8c-ef2999068a32,7489fea2-0397-4f7d-b9eb-7ab29a1cfe48,e4794370-8db4-43db-b20f-617504d716aa,
ab6e9e3a-45c1-4f22-a902-b4938da71197,7489fea2-0397-4f7d-b9eb-7ab29a1cfe48,e49d6bc9-971c-491d-8b5b-f7a6d9dfcba3,
fdfac80a-d5de-4cf5-97cb-f74bcc42d9db,7489fea2-0397-4f7d-b9eb-7ab29a1cfe48,e679692f-93d3-4bd2-a9c9-5da39fc16561,
606a909e-6db5-4eba-8a51-578d0aabf990,7489fea2-0397-4f7d-b9eb-7ab29a1cfe48,ea185513-f19b-4a42-8fae-95b8c9252541,
240efd66-c4b9-432a-abbf-e6a686afd64a,7489fea2-0397-4f7d-b9eb-7ab29a1cfe48,ea18997e-55f9-451a-b1bd-183d798e68f4,
261ae87c-69fa-43f9-93ec-5b0508cd68f2,7489fea2-0397-4f7d-b9eb-7ab29a1cfe48,ec1ec81d-f715-4615-a2d3-47a32f842022,
58ad3bd4-8a33-43df-afab-c775912bb464,7489fea2-0397-4f7d-b9eb-7ab29a1cfe48,eeff7bf8-c7f9-4c44-8363-bba676ff3e79,
710ae85e-7af7-48a7-8118-a7c687f59344,7489fea2-0397-4f7d-b9eb-7ab29a1cfe48,f9390c76-5682-42f1-8888-2d62c0c47d45,
efade4eb-b543-4236-9ade-ac5600c753df,7489fea2-0397-4f7d-b9eb-7ab29a1cfe48,fad1b437-68d2-468a-8c20-b0bd641c1057,
e14416df-b6a1-43a0-a574-fbb22b987383,7489fea2-0397-4f7d-b9eb-7ab29a1cfe48,fadddec1-de0e-4889-a086-8f3a30514ca2,
c25dcd6c-b75f-4286-804a-12402b5027d3,7489fea2-0397-4f7d-b9eb-7ab29a1cfe48,fd3808a7-5d89-4a55-b34b-84a82e1fd168,
ebcd8401-5b6c-4d84-b6f4-f1427128b21f,7489fea2-0397-4f7d-b9eb-7ab29a1cfe48,ff1ce771-a8d8-47ef-b291-9fcd61045b34,
e10b27d0-64f3-476f-8136-6fec7ba07355,7c911227-3c50-419b-b979-05b0842f8ace,0eddcc71-eeb3-4d0b-a78a-a59f7cb03071,
73246a5d-a883-436c-b777-aa8387d3cad1,7c911227-3c50-419b-b979-05b0842f8ace,2932e9ba-8459-44be-b872-6446fe2fc7ab,
7a60df68-a1b3-4c2f-a315-dcc8058c52e5,7c911227-3c50-419b-b979-05b0842f8ace,5ace456f-d6ea-46ce-a30f-d32894a4b28d,
ba0f41d4-12cc-4a69-8b3c-911a4c4e7d6b,7c911227-3c50-419b-b979-05b0842f8ace,6a8edac3-6c1f-4389-b587-68de1bf22ce0,
f84acda0-93fe-4e52-9917-bb393992337c,7c911227-3c50-419b-b979-05b0842f8ace,7659c0b4-5c65-424a-b519-9f39e6d2b0a9,
db58e0b5-26c8-4fd7-817b-b24c1160fb78,7c911227-3c50-419b-b979-05b0842f8ace,7f0da5be-0b6e-4ec2-9345-853987cd8d21,
e808acba-7440-4b14-a498-ad710cc04dbc,7c911227-3c50-419b-b979-05b0842f8ace,8176636b-a13f-4fec-b096-1b53e7c7c96d,
d77220b1-edae-4756-9551-a6807af5e491,7c911227-3c50-419b-b979-05b0842f8ace,8604aa59-8266-4759-85a3-eaf527bd4ad3,
c2a02d6c-0176-46f7-92f4-bf3bfe55dc40,7c911227-3c50-419b-b979-05b0842f8ace,9116fe0e-f040-4b3e-856d-a0e0908e8b7f,
517894de-f158-4289-975c-a9803fe8bdc9,7c911227-3c50-419b-b979-05b0842f8ace,974e5e35-70ed-4a64-abae-9ae7fdd09e0e,
10723dd8-2899-489e-bd08-8ea9dd10f881,7c911227-3c50-419b-b979-05b0842f8ace,b9d9317c-bf40-4d8c-8013-5801046c540a,
9e86c3a7-909a-42f3-aa93-666919467893,7c911227-3c50-419b-b979-05b0842f8ace,f24a3483-6153-4203-accd-e9f9ca3737b7,
e23e4246-7e76-4e3f-b52b-dc469435ed0d,824fcd94-1424-424c-8610-a19433edc4e5,024257f9-036d-4f73-b34c-db899b3140d4,
4b0fdb75-369f-430d-8e0c-adc6991a420f,824fcd94-1424-424c-8610-a19433edc4e5,038cce68-ff9a-4844-b4a6-0ef87f8efb17,
f3e55808-8b80-45b2-8765-abdffba3df09,824fcd94-1424-424c-8610-a19433edc4e5,13a7f982-4dd6-4a51-8933-88aa36506640,
f468e918-e404-414b-b685-6eb1405285c8,824fcd94-1424-424c-8610-a19433edc4e5,1540da4c-6d3c-411b-9334-8800c9b57936,
dbcc4902-c5ba-4607-a7b3-4dd1c9395c2f,824fcd94-1424-424c-8610-a19433edc4e5,1693177a-edd2-4558-a9b8-e9bf94a8312d,
9e09e3a2-4968-4934-be97-f79b4db61b21,824fcd94-1424-424c-8610-a19433edc4e5,1cdd02ca-1734-45f2-a91b-1b9c7223fec5,
588ec441-82c0-47c3-9bf9-1e97e1f354f4,824fcd94-1424-424c-8610-a19433edc4e5,275dea96-8ebc-4ddd-8312-a62230cfc086,
b3835acc-ee5b-4337-bbc9-8a850c955ef7,824fcd94-1424-424c-8610-a19433edc4e5,2f7dfc8a-7bc9-4069-9e8f-12b0efe758ec,
3e4644b1-b9e8-4d43-a87f-a67e7c7bcd84,824fcd94-1424-424c-8610-a19433edc4e5,34629744-1332-425b-aba2-5eac863a7d74,
4d630425-42d2-4989-9b97-072fd5b93917,824fcd94-1424-424c-8610-a19433edc4e5,358b7a04-185e-4a3d-ad60-a1d1d7f64c92,
1c5ef55e-732d-4fd9-8857-35bdd2ccf8df,824fcd94-1424-424c-8610-a19433edc4e5,41031517-f69d-49af-81ec-db417705da10,
e75b07de-24a8-4a33-86ff-b7a43c48bd27,824fcd94-1424-424c-8610-a19433edc4e5,473d9e3c-41b8-4437-a3b7-3a1844bc4fd8,
4e582ea4-576a-4adf-bf77-b28481cb7619,824fcd94-1424-424c-8610-a19433edc4e5,4ff6cbd2-b941-4813-9614-987b690feb58,
6063ab71-d834-47d9-85e9-23c66460c007,824fcd94-1424-424c-8610-a19433edc4e5,59c3ac85-cd55-4c38-8216-21b3eab4fb97,
784ad400-beb4-41d6-932f-bb18d6c53436,824fcd94-1424-424c-8610-a19433edc4e5,5d00517d-8ddf-4852-80e2-c4b981c99d3c,
f4cb56ff-cb29-4e3e-a915-c4fd853369b0,824fcd94-1424-424c-8610-a19433edc4e5,6486055e-244e-4818-b194-883888278d82,
06826b99-1eef-4833-8540-070829233743,824fcd94-1424-424c-8610-a19433edc4e5,70c4a483-6117-4b7f-a9ae-63e1ae6a4cbd,
45fd4f13-8dca-4e49-8fe9-a1c95fccb4ca,824fcd94-1424-424c-8610-a19433edc4e5,7d92bc8b-8513-4a42-a00b-6e3062be2300,
d2d7fc36-4e83-4c00-ba99-7f5945b44869,824fcd94-1424-424c-8610-a19433edc4e5,7fa058df-b6c4-445d-8aaf-227d21389238,
2a3f9dba-b5ae-4617-bab9-0f053134e8f8,824fcd94-1424-424c-8610-a19433edc4e5,8d5c5026-e5fd-4d3e-be50-6e1f045e61f3,
8635fd93-7554-4539-a963-7829de2eaa30,824fcd94-1424-424c-8610-a19433edc4e5,9125eb63-b8f2-4e8b-a88f-50839b615464,
38194076-423b-4a67-85f4-d383fe45fb47,824fcd94-1424-424c-8610-a19433edc4e5,98dc1a25-debc-41c1-baa2-7bf3f5e346d0,
c88815a1-c4a0-4456-938c-74a961a6ab30,824fcd94-1424-424c-8610-a19433edc4e5,a0809c32-06d7-4440-8017-9005623ea690,
197b105e-7a79-43d7-a29e-b16eae7618ac,824fcd94-1424-424c-8610-a19433edc4e5,aabd0267-5650-4327-908f-e45b117b21ef,
81bdc323-af04-468f-9dc6-0f42aee3fa1d,824fcd94-1424-424c-8610-a19433edc4e5,acbcf4f1-e33e-40ca-bd87-5bf7dbde8b9b,
cb7c6672-fe2c-4089-8b8c-c2a5f80cb35f,824fcd94-1424-424c-8610-a19433edc4e5,b52beadd-ac51-4aa5-b55b-fd6d32b80782,
95887d6e-5e29-405c-828d-0c97aa088f91,824fcd94-1424-424c-8610-a19433edc4e5,be343857-f1e4-4d52-9d7b-bf721def291f,
d090a285-1e7b-42e3-9adf-336cbd0bbfa6,824fcd94-1424-424c-8610-a19433edc4e5,cb750d80-1097-4944-b19e-eb4585fa948d,
321d17e8-8963-4463-8e3e-8c3a9f46e5d4,824fcd94-1424-424c-8610-a19433edc4e5,cec74302-5ecf-4732-9786-b5a89afb3642,
1d055654-75c5-4fad-85c6-fa06774188d5,824fcd94-1424-424c-8610-a19433edc4e5,d0f8c26b-ce0a-4b13-8d54-c97a602c4657,
bc5a035b-f85e-4cb2-8c26-cbbffff02492,824fcd94-1424-424c-8610-a19433edc4e5,d8ee4d60-5466-4458-af7f-7f0b59e47810,
269fa144-57da-4c65-b4d6-7545a984778c,824fcd94-1424-424c-8610-a19433edc4e5,dd0b9e1e-f6a7-4032-8722-298ad77db4d8,
223312cf-ac02-46e4-88c6-2321db8ab94a,824fcd94-1424-424c-8610-a19433edc4e5,dd37c9aa-433d-41ad-9c76-a0dd1812479f,
70d1590a-da95-4b02-8c91-afd4d488f366,824fcd94-1424-424c-8610-a19433edc4e5,deb363d8-521f-45bd-bd2d-dd8f92474a94,
228cb7ae-4397-4cd5-97b3-c037ca337a0f,824fcd94-1424-424c-8610-a19433edc4e5,eadce65f-6961-4a2a-ab34-2a76f02208c4,
f47350ea-99ca-47bb-b971-d65734cf60f1,824fcd94-1424-424c-8610-a19433edc4e5,f00de758-eb07-4903-8b70-53dbc316da73,
d2ac836b-d4f0-4344-83c0-81dcda062add,824fcd94-1424-424c-8610-a19433edc4e5,f5d421ce-d90e-41cd-92ef-9e53354b64f5,
2ecb1fae-2035-47a0-bd4a-114443225804,824fcd94-1424-424c-8610-a19433edc4e5,f8a70217-ab71-46f0-a969-2ff42042009e,
d2f99741-d0c9-4981-88d9-656a17725f0a,829f3cde-f482-4127-9d2d-2d8e249835fc,00dfa66b-d70e-46a9-8e62-77e67f8742d4,
7b0b50b3-df63-4d40-951b-8ec07d6135a1,829f3cde-f482-4127-9d2d-2d8e249835fc,1d427355-c3bb-43ec-8fd3-2398c005cca3,
dc608212-2a7a-41c7-bfcf-fcae05b23584,829f3cde-f482-4127-9d2d-2d8e249835fc,1e269ef7-9a1a-4875-8d6d-c59084b519ad,
292345fe-2f59-4252-a267-d58a343fccd4,829f3cde-f482-4127-9d2d-2d8e249835fc,1ec10bb1-ef1a-4202-8f11-8fcfbb33dd3f,
4288a39e-98c7-4d67-9402-2a0f0fba051e,829f3cde-f482-4127-9d2d-2d8e249835fc,2a83b752-8017-4fc4-9200-eb5e64f0faa9,
7d4d6c81-3daf-4830-b88f-c357bbc777e2,829f3cde-f482-4127-9d2d-2d8e249835fc,2d867a4f-6d3e-4c44-86ce-11c198d2e8ff,
7b9ff134-d156-4aba-8591-df6f855e24bd,829f3cde-f482-4127-9d2d-2d8e249835fc,391b93d3-14de-4264-ad1c-3bb48411131e,
e268242b-0680-4d40-bc03-1b730698e9bf,829f3cde-f482-4127-9d2d-2d8e249835fc,3bf821a4-5c90-47d4-bf9b-0b3f614488f3,
da16aad1-3ec1-49f3-913b-92364f97fabb,829f3cde-f482-4127-9d2d-2d8e249835fc,3da8c6a2-e7ef-4f47-980e-47f344ecce93,
cb301d97-3164-41f7-89ae-59f5aa6d61d8,829f3cde-f482-4127-9d2d-2d8e249835fc,3f1086fc-ecde-4e4c-852b-0e50dcf1498d,
25f8da16-50e1-4f12-ab60-29a0089509c0,829f3cde-f482-4127-9d2d-2d8e249835fc,3fb5ffe8-0fdd-438e-a37a-1a243fdee3a1,
c5e4f080-86e0-45be-b280-bc1ca854768a,829f3cde-f482-4127-9d2d-2d8e249835fc,41ef03b2-3f33-4510-bb55-06aad1248e91,
07eb5711-21c4-4d16-82ad-be6ad178094e,829f3cde-f482-4127-9d2d-2d8e249835fc,45e95753-8594-4d81-9096-9ec376990f17,
014c23be-7b16-4f98-8052-eb8d9bcd0cb2,829f3cde-f482-4127-9d2d-2d8e249835fc,4b4bc4d5-a34c-4774-8c48-3a6c045f4001,
61f27564-aabd-42cd-a437-7173e0667ea6,829f3cde-f482-4127-9d2d-2d8e249835fc,4e0f76a7-a8a1-4b29-8284-d6b814fb96a5,
ac9b8118-89c8-4ee7-b60a-7584a8dfb628,829f3cde-f482-4127-9d2d-2d8e249835fc,5044cf47-b5ac-4de8-b064-ac31a3701308,
0d2c1e11-d858-4406-87ac-cce6d6f472f0,829f3cde-f482-4127-9d2d-2d8e249835fc,5171655f-6531-4925-ab1c-a334a46f4a9f,
012cc619-fe02-4128-8fd8-c97d1d1a6f6a,829f3cde-f482-4127-9d2d-2d8e249835fc,53229e4d-1e48-47c2-b171-e07f7b8d79f1,
124cee01-02ad-45e7-8046-96ab6920b101,829f3cde-f482-4127-9d2d-2d8e249835fc,54c38a23-d179-4fef-bd23-a846d94d7291,
4ac93f8c-950e-4539-8e9f-dc67e800d566,829f3cde-f482-4127-9d2d-2d8e249835fc,5572bc41-bab9-4d5b-9a9c-547fde455fb3,
637f24be-d352-46cb-a97c-78adac3a440d,829f3cde-f482-4127-9d2d-2d8e249835fc,5a2f12b7-eaf7-4e2e-a3c0-a1b0f1295d64,
c9a37c99-7000-413b-8b72-4db3632b30d8,829f3cde-f482-4127-9d2d-2d8e249835fc,5c4a4cef-7d0d-436a-b951-b173ffceba72,
a43ac3f0-2eee-4ca5-8c72-9edcf202c541,829f3cde-f482-4127-9d2d-2d8e249835fc,61722764-83c7-4f75-b9b1-7a4bbe22d56d,
06a68c17-31e8-42b9-af3b-3d527a59e0f7,829f3cde-f482-4127-9d2d-2d8e249835fc,6804d078-0510-4911-8fa3-d78cb1cbe971,
18a96e08-022b-4606-806d-534a09c731bd,829f3cde-f482-4127-9d2d-2d8e249835fc,7244949a-c64c-492d-83b5-3c98feb21261,
c9165f42-df5a-47d5-a96f-e5b9c986fc4e,829f3cde-f482-4127-9d2d-2d8e249835fc,89d07db5-16b6-423b-9667-7e517867fd79,
365301c2-574d-4a54-b568-9169c2548fa1,829f3cde-f482-4127-9d2d-2d8e249835fc,8bb6d71d-0d37-40cd-96d9-09d065875fde,
6df967be-3be3-4c69-8091-920a837f7e24,829f3cde-f482-4127-9d2d-2d8e249835fc,8f78daa5-d173-4a87-beec-0077aa9efee6,
ff93275b-3aba-45cc-a878-e0cc11b7bde5,829f3cde-f482-4127-9d2d-2d8e249835fc,92ec0670-832b-4702-ba87-d2b47484840c,
c29998ff-62e5-4115-a227-fe4c4a91d9ed,829f3cde-f482-4127-9d2d-2d8e249835fc,9544906c-7d2d-4d07-9d2a-a8e2e6d5763a,
770cd357-4a95-4f99-9e75-66ff71ca40dd,829f3cde-f482-4127-9d2d-2d8e249835fc,960e4555-dbf9-4dec-ab5c-db7161604c41,
72cf5849-fe10-424a-bd57-08d31c2c4fe1,829f3cde-f482-4127-9d2d-2d8e249835fc,977021a7-cb87-41ee-bfe1-241221b090a1,
3c978577-48c3-4360-85db-93e8fe2d3645,829f3cde-f482-4127-9d2d-2d8e249835fc,9a4a980e-80aa-4c62-951a-0ebc73015071,
822f67d1-c4a2-4a8f-ae85-f2f4872cbd93,829f3cde-f482-4127-9d2d-2d8e249835fc,9b29264e-04d0-49fb-97d7-2fd4a8e13752,
11e12836-8807-45b1-af15-34bc920432f8,829f3cde-f482-4127-9d2d-2d8e249835fc,a25f3fda-3a09-4344-84f8-7b94cc40908b,
2f66bb62-fe15-4575-89a8-c503e457ad09,829f3cde-f482-4127-9d2d-2d8e249835fc,a28f705d-d596-4e9f-8e69-c5bdddb4ad2b,
76bbbdf6-69c3-49de-9fe3-71e721defd11,829f3cde-f482-4127-9d2d-2d8e249835fc,afe7b767-fd13-4606-91ef-73859114b097,
c6d67bae-ff99-499f-a7ce-9ecd17de6cbd,829f3cde-f482-4127-9d2d-2d8e249835fc,b31afe7e-a104-4f27-be00-b2da752a4a6b,
a2a6b25f-2ff7-4973-ba9a-b98e51455c0b,829f3cde-f482-4127-9d2d-2d8e249835fc,b9e28e2c-312c-40b1-b12b-b2b3e1bd6979,
15194d85-008e-417e-85fa-368de9b4731a,829f3cde-f482-4127-9d2d-2d8e249835fc,ba21f5bb-56ab-4db4-b5f4-733f9fccd1c4,
605ae9f9-150c-4ce5-ad11-c2f7cb724e3a,829f3cde-f482-4127-9d2d-2d8e249835fc,ba49f267-862d-4a4b-b9bd-bdfc312e90ba,
884b381d-6370-4339-b224-b997548cfddd,829f3cde-f482-4127-9d2d-2d8e249835fc,bb4b2433-47be-4f03-87f7-45b803e94d34,
2a0c68e3-6d31-4f8c-ae0a-950c62d386c6,829f3cde-f482-4127-9d2d-2d8e249835fc,c183b1e3-0448-4eb1-8ce9-803dff0cf3aa,
519d890b-2610-47df-b68d-3ee326ef69ab,829f3cde-f482-4127-9d2d-2d8e249835fc,c1e8bab1-3e4a-48a9-b664-d695ea55e59d,
3dfb8e6c-8d1b-4701-8949-8f40fea0886d,829f3cde-f482-4127-9d2d-2d8e249835fc,ce52cd1c-c690-4cc1-9314-3df71c7c96a1,
e021e4dd-f0dd-48cf-be7a-0510158d937c,829f3cde-f482-4127-9d2d-2d8e249835fc,d5e9a7c8-fbe1-4c1a-b7e2-9525fc37d9bf,
df2aa921-2a2e-4e57-bb9e-f049f8003de2,829f3cde-f482-4127-9d2d-2d8e249835fc,e0f0ea47-1cff-4650-8ef8-27ec8a28311c,
22e79bbc-e6da-4b2d-8a8c-fedbafd5130e,829f3cde-f482-4127-9d2d-2d8e249835fc,e3c74ae3-6da8-479c-990d-bd6a40ec66d3,
bc8b17fe-4531-47bc-8ee0-bd60e84e3c07,829f3cde-f482-4127-9d2d-2d8e249835fc,e7c60d18-8dea-4782-8105-7a56b2163c27,
832e8bce-c4e5-42eb-8f39-7e5387fa01cf,829f3cde-f482-4127-9d2d-2d8e249835fc,e9b9459e-257b-4a80-9117-37bebbe4d654,
e6ce9a61-d5bf-4ff1-b2f5-f8f9c4d433d3,829f3cde-f482-4127-9d2d-2d8e249835fc,e9d12f4e-7ad8-4a75-89e7-67470ddda57a,
92486fa5-a40b-4da1-a9f4-e5b1814bcb65,829f3cde-f482-4127-9d2d-2d8e249835fc,f300d910-ace5-4869-8a66-429622f47528,
1df2c7d9-9ae3-4aaa-a4f8-71cf8b440a0d,829f3cde-f482-4127-9d2d-2d8e249835fc,f9277922-63c3-4985-b2b1-e6b6ffd53a91,
2dbc668c-294f-42a9-8b24-0db489d7786b,829f3cde-f482-4127-9d2d-2d8e249835fc,fdc966d9-8150-4fe1-b5bd-8cbaa5d00d49,
498f7a21-f071-4c00-a481-5fd44d5473ed,829f3cde-f482-4127-9d2d-2d8e249835fc,ff871ef3-bccf-4bc7-a676-bbb1b362438a,
d9d903d6-8d65-4f25-9426-c6a7fcca42fd,829f3cde-f482-4127-9d2d-2d8e249835fc,ffa785c9-eeb3-4ebc-9c03-cd8a994f2ded,
adfdbe2b-7007-4a16-8806-8f29e81ec711,8381b768-093b-4fcc-bf36-c19ca9b0ecf8,0ba8b813-4f55-4994-b32b-302ca4b441db,
3925c708-9427-43ec-b329-f7f58f3ff65e,8381b768-093b-4fcc-bf36-c19ca9b0ecf8,0e1bce8f-dcab-48c2-929c-94bf98f9a96a,
38eedbc7-4a9e-441f-8307-7a2342968cfd,8381b768-093b-4fcc-bf36-c19ca9b0ecf8,151afb8b-d3a1-4823-870f-9273c9dd439d,
db55f8b1-a5e2-45c7-a8fb-5cb2936f4e27,8381b768-093b-4fcc-bf36-c19ca9b0ecf8,18a9b928-e768-41a4-8933-f7a8ecae22d8,
e23966cd-bc9e-46d5-829a-a266d7516b61,8381b768-093b-4fcc-bf36-c19ca9b0ecf8,1e75ddca-d332-45fd-ae7d-2bda6e3fdbe2,
835acfd2-64d9-484d-8b0b-9543f5fae740,8381b768-093b-4fcc-bf36-c19ca9b0ecf8,1fb979b2-8172-4402-b8ed-b93253b5ae85,
67140009-1b87-4629-b717-9b4a28a279e5,8381b768-093b-4fcc-bf36-c19ca9b0ecf8,20b6954e-c4d1-4fbc-9ee2-0eb6af5acea9,
6e753be4-c9fc-4481-bff5-d4c3dc40aadc,8381b768-093b-4fcc-bf36-c19ca9b0ecf8,25ca4410-353c-4b5d-b1dc-4f7c2a4c5575,
2af6c282-b4f2-427c-8a14-b2bd155e1c79,8381b768-093b-4fcc-bf36-c19ca9b0ecf8,2e6f47e7-bd92-4531-b73f-7aa4f7c6984d,
4ef88fee-a782-464b-980b-62567ca1d117,8381b768-093b-4fcc-bf36-c19ca9b0ecf8,2efc850c-122d-4dea-bd2f-2e440f55a1af,
6b521c41-06ff-4ed8-a38c-1a368c505372,8381b768-093b-4fcc-bf36-c19ca9b0ecf8,32ce58d1-9e55-4fa5-b374-d4f21525cd6b,
d14fb5de-acef-4368-b964-2d1634c0202b,8381b768-093b-4fcc-bf36-c19ca9b0ecf8,37474d44-51cd-454d-b23c-e633c0af965a,
6652bb35-d820-4621-9665-4885b98dba4e,8381b768-093b-4fcc-bf36-c19ca9b0ecf8,42b6790c-fc30-4ff4-9978-9dc75567fc1d,
28e47bd2-7812-4256-8f7e-36bcc2f7890b,8381b768-093b-4fcc-bf36-c19ca9b0ecf8,478d0c58-7aa8-4860-9d88-291b357e39b6,
73a4a29b-e967-4337-987f-4d7764852393,8381b768-093b-4fcc-bf36-c19ca9b0ecf8,487dcf6d-7948-41a9-ad6a-5ee8fa9a37d5,
cc680c07-0f58-420b-ad59-27a527c9b60a,8381b768-093b-4fcc-bf36-c19ca9b0ecf8,4eb3bcde-cdb8-4195-9038-cd006dce8d73,
2dbac795-c7bb-4ab3-b432-5186288a45f7,8381b768-093b-4fcc-bf36-c19ca9b0ecf8,5482769d-9d48-4530-a512-9cc50e6eb4ee,
091db64a-01da-4290-8aec-6c12c2dadf74,8381b768-093b-4fcc-bf36-c19ca9b0ecf8,54b95b31-9261-480f-a2fe-6343eec62559,
2bde2f74-4177-4196-8b14-226e450774a4,8381b768-093b-4fcc-bf36-c19ca9b0ecf8,583d84a6-663e-4dcb-8264-985241dbc216,
512f1b21-90aa-4e2b-a665-bffc2a7ba13e,8381b768-093b-4fcc-bf36-c19ca9b0ecf8,5b8f1db3-54bb-47ba-96c2-8c626cbbfd81,
a2c56278-cc1b-4e74-806c-052195aec150,8381b768-093b-4fcc-bf36-c19ca9b0ecf8,60d471b4-923d-45e9-9378-13ef6a8ebf16,
72b0f477-f3e9-4fdf-ab03-3f33607c067e,8381b768-093b-4fcc-bf36-c19ca9b0ecf8,64c7a283-4d8c-4a18-b1b2-54cb1f8843b9,
f585be0c-e9cd-497f-bce8-6c353a002d40,8381b768-093b-4fcc-bf36-c19ca9b0ecf8,67080677-82bc-4da9-9ec2-ff1f2f121a24,
e4766939-df8f-4f56-9355-6b0c51829eb6,8381b768-093b-4fcc-bf36-c19ca9b0ecf8,6c8c49e0-6e37-43cb-828c-9bfdf961a35e,
bb4b2a74-841e-4602-a294-b62089be0d70,8381b768-093b-4fcc-bf36-c19ca9b0ecf8,6d2927bc-ee80-498f-943a-20ed24838080,
a3881693-391d-4f33-8ee2-fe4f22c6cc39,8381b768-093b-4fcc-bf36-c19ca9b0ecf8,7086a8d1-71e1-47eb-a6a8-c58c410c5ba4,
8b6e1d34-4323-47e3-9655-e258ab35c089,8381b768-093b-4fcc-bf36-c19ca9b0ecf8,7ba3d7bf-2d8c-415f-91d1-ec177b1dc3b3,
1f171b73-bfac-42c1-be03-81eb8c4bfc49,8381b768-093b-4fcc-bf36-c19ca9b0ecf8,7fc2a8fd-c41f-4932-a4dd-b04724c89039,
0d59bfb0-b9a1-4ba6-ab90-0eba9ca9523a,8381b768-093b-4fcc-bf36-c19ca9b0ecf8,81d58f82-6285-405b-b6cf-6a0dcf8c8118,
677a86c7-9125-4acb-8a50-2cf2a2ff82ed,8381b768-093b-4fcc-bf36-c19ca9b0ecf8,9b3d3cd3-9790-4d8b-b481-d88907df16c5,
b4240afc-04a8-416d-a6a6-4ddf59572862,8381b768-093b-4fcc-bf36-c19ca9b0ecf8,9e86eafa-454a-4740-b224-46624fdd57fc,
3374de6d-4655-4aa8-8c00-ad8b07fb98f1,8381b768-093b-4fcc-bf36-c19ca9b0ecf8,9f3913b2-4825-4e9d-8a9d-dc26e0154b33,
ceaa50f6-9e24-4376-a3ac-c13c1201913d,8381b768-093b-4fcc-bf36-c19ca9b0ecf8,a4010461-19be-4bbe-95af-0f16e1d89933,
1b8705d7-a99e-45df-a590-537b7d2fc4a4,8381b768-093b-4fcc-bf36-c19ca9b0ecf8,a4f6c839-a1b3-4fb9-96ca-eb482edb71e0,
1a92a8a1-46ea-4873-b4da-51ea28052ca3,8381b768-093b-4fcc-bf36-c19ca9b0ecf8,b80d596e-4041-4dd0-9a09-ff3735fd1a02,
db26fbf8-16bf-4feb-9491-a9c86765dd98,8381b768-093b-4fcc-bf36-c19ca9b0ecf8,b99bdbc4-3691-4ead-ae2f-c59882036418,
ad909d48-4efb-4742-8003-ce4632ee82a8,8381b768-093b-4fcc-bf36-c19ca9b0ecf8,c4e797b2-7a98-4497-a5a9-aa050905b55e,
cab43958-1602-4cce-8223-826aa38cc7a3,8381b768-093b-4fcc-bf36-c19ca9b0ecf8,c61fef32-56e3-4f3a-a3f9-602d5c882206,
1dcb565c-cac9-4ab3-9b78-f937557357cc,8381b768-093b-4fcc-bf36-c19ca9b0ecf8,cb6253f3-635c-4c62-95e7-1462e5fba956,
f4ee682d-6e3a-46bf-80bc-29fd685ed6ca,8381b768-093b-4fcc-bf36-c19ca9b0ecf8,cfa419c4-0a47-4e6f-b1a3-442c2106955a,
73911416-db1a-41ca-89f6-787a06fd980b,8381b768-093b-4fcc-bf36-c19ca9b0ecf8,d85091d0-81ce-4851-b50b-aa5f21f86356,
38641996-2c08-4214-90cc-c5243981970b,8381b768-093b-4fcc-bf36-c19ca9b0ecf8,da0b2bbf-d7d4-495f-a3b2-b32b8ae10e9e,
e1ec3b9c-7288-4f13-9d9e-41b5ec7b6962,8381b768-093b-4fcc-bf36-c19ca9b0ecf8,da8dc7f0-969b-4a72-89f5-22ab82412579,
fe2ed56a-2703-41e1-befc-5b8c6fda0685,8381b768-093b-4fcc-bf36-c19ca9b0ecf8,dd31dc78-8f19-47d5-8f6f-35407d658a5c,
172080b3-9990-415f-a2f6-9099075201a1,8381b768-093b-4fcc-bf36-c19ca9b0ecf8,e039e073-7c04-4a9c-b5e6-7b5ba694f0dd,
c7223b76-8eaf-4ea8-a6c3-3f90c6812613,8381b768-093b-4fcc-bf36-c19ca9b0ecf8,e0b7f4ba-f029-49e0-9a5e-595d3f2f68bf,
97865fa1-e0fb-4989-b5be-b2de9b77bd6e,8381b768-093b-4fcc-bf36-c19ca9b0ecf8,e333fa62-dd91-4da1-86b5-2f5ab702345e,
792b402c-3624-4602-89f8-fac1cc69c4af,8381b768-093b-4fcc-bf36-c19ca9b0ecf8,e6c9a303-9771-4c14-8557-cb63d2865b2d,
60c9bdc3-b1c7-4613-94a4-6e5926a61faf,8381b768-093b-4fcc-bf36-c19ca9b0ecf8,e71b1ced-5b1b-4307-b0c7-dae36d546018,
5ab27c4a-4337-4c52-bbd3-d6b4fa344004,8381b768-093b-4fcc-bf36-c19ca9b0ecf8,e7356765-c862-46ac-9c20-65dcfb17953c,
4c7667c0-7846-481e-af04-1fb5e3f91609,8381b768-093b-4fcc-bf36-c19ca9b0ecf8,e9659120-9fb0-4b7a-8917-f9598b7bebd5,
791e7108-e65d-45ae-b411-11d9bc327d68,8381b768-093b-4fcc-bf36-c19ca9b0ecf8,ea7b5790-82c7-4a3b-b149-f3f993b402d8,
2db34c9d-7cf4-425e-9745-1b6297ef376e,8381b768-093b-4fcc-bf36-c19ca9b0ecf8,ecb1171e-8041-4f93-be0d-7202c6caceec,
acdbaea4-63c2-4a79-8fc9-c436f4695036,8381b768-093b-4fcc-bf36-c19ca9b0ecf8,ecd622f1-b683-4ac0-92a7-0f7595ca79af,
18ed786c-887c-4a8a-8463-20a5709a00ed,8381b768-093b-4fcc-bf36-c19ca9b0ecf8,eef5e702-050e-452b-bd90-6a7b437e0981,
6535d53a-93d8-4f6f-a82a-769226286a26,8381b768-093b-4fcc-bf36-c19ca9b0ecf8,f6c8c5d2-e3c7-4b03-8044-0347722ff09e,
211e6729-49d2-4f70-b288-18615f85d819,8381b768-093b-4fcc-bf36-c19ca9b0ecf8,f8609af2-c1d5-4039-bfcd-3c90e38577dd,
76eefbdd-c110-4175-814a-c84d32921414,8456b787-4893-44a6-9260-a130645835d0,,4d8dd3ca-e1e6-49bb-bbf8-b4ba46b27237
2113906c-f919-4de5-a4b9-fd5d7ed31170,88fdb498-55ab-4d4d-b93d-b2e4d9040b43,85e8e51a-d4e5-4293-b76d-d31703a7a502,
41f8a3d7-6434-403a-a5cd-fb69bc91548c,8a1c603c-6413-49f3-8e1a-975edcdf831a,64252258-3edd-4057-8a78-c7ff470995b8,
b9e21884-0e0d-4e7b-9922-8f36504b60c9,8d7951f6-cfef-4f17-b297-60101bde14a3,3e0b3cc7-ec7e-482f-ae14-918b46f42f36,
e5080a95-19f9-4f59-bbd8-ba45dfb06580,8d7951f6-cfef-4f17-b297-60101bde14a3,913be29a-b0df-4912-bc76-66628863139b,
f307cbca-a219-4ab3-84de-56c2edc48d60,8d7951f6-cfef-4f17-b297-60101bde14a3,956865ca-74ea-4eb9-9fb0-bad15eeae38a,
b92ef6ca-7dc5-4acc-8d0f-71dc0b4f8a8d,8d7951f6-cfef-4f17-b297-60101bde14a3,cb6855cb-8aef-4db6-acd6-770d22bced70,
b8535fba-bc50-4469-9f4f-8529b4753f19,8d7951f6-cfef-4f17-b297-60101bde14a3,cf9d553f-69c6-4bda-839f-705ac02cc53d,
879af66f-d7bc-4f26-95fb-69437628a522,8d7951f6-cfef-4f17-b297-60101bde14a3,d63850c1-9173-490f-a4ec-dd8b137e1ad9,
cba356ce-a420-4f27-aec4-e1c5388f040e,8d7951f6-cfef-4f17-b297-60101bde14a3,ddd47942-4343-4450-8ab8-2fe84e22e2f2,
b84416a8-f242-49b5-8fd8-64d2bec31a3e,8d7951f6-cfef-4f17-b297-60101bde14a3,e0da8099-8873-4dbc-b3fc-b19559c82886,
e05d3a56-0257-4ec8-8426-63951a80c04a,8d7951f6-cfef-4f17-b297-60101bde14a3,e969dc24-7766-44d0-9b87-866e2a900a9d,
bfa349a3-aaa5-4704-8cdb-6cc2d14132de,8d7951f6-cfef-4f17-b297-60101bde14a3,f1a7d056-24a6-471a-a241-5b75df02f17d,
954018dd-d002-4afb-9149-208ae2a0261b,901d9f8b-8c48-440f-b7e1-d19fd6ee086c,,eca55dbc-2fb4-4a4a-beec-75b7d6aac97d
14ab525e-ffc0-45ca-a9ea-3644f51dacde,91a58573-45d1-4d40-8fa3-55cf699ab7cf,04aeb399-de38-45c8-b372-ec5f2871b83e,
2319daa3-61ed-4e2d-94f1-c15a408a37d1,91a58573-45d1-4d40-8fa3-55cf699ab7cf,089f8a23-4e6b-4503-8372-5ce686d38472,
10c3a7d3-9267-499b-86af-c1a0562844a4,91a58573-45d1-4d40-8fa3-55cf699ab7cf,12983a10-f8fe-4ca8-a2b5-6fafe0f7dd49,
aa7956cb-afe4-407a-be83-89bbb848cc0a,91a58573-45d1-4d40-8fa3-55cf699ab7cf,1b13e99d-ebe1-4472-a4b7-315bcad6c90f,
9c8f5dc3-ed19-4f26-b352-711c958094e9,91a58573-45d1-4d40-8fa3-55cf699ab7cf,21a02643-ca5b-4d1d-b7c3-ba164a9952b9,
b9b20472-105b-4458-94a5-12208db81842,91a58573-45d1-4d40-8fa3-55cf699ab7cf,2cf659c7-4532-44cc-a2e7-4393a30e4477,
ba1401bf-f574-41bd-8abc-efdfbd3b7424,91a58573-45d1-4d40-8fa3-55cf699ab7cf,2dc187d6-cb7b-488b-8e1b-2ea86ec5b5f8,
6379fa93-72e1-4f10-bf4a-7503e8daf97f,91a58573-45d1-4d40-8fa3-55cf699ab7cf,2fb0507b-f603-4690-8246-4fed057f5990,
390358ad-53ef-4af5-b52c-d4f33eca04f2,91a58573-45d1-4d40-8fa3-55cf699ab7cf,36479dde-76c6-4306-9db2-29ccaaa84e66,
1ea34b38-5c75-4ac3-94e1-ee70d8cea12f,91a58573-45d1-4d40-8fa3-55cf699ab7cf,38755c2c-2f66-4e21-b17a-7634e3517fd4,
63fa6494-400a-47e3-965b-24eb4cc4ef9d,91a58573-45d1-4d40-8fa3-55cf699ab7cf,3e7747fb-13af-4103-835f-d77e35de3025,
754258b3-7607-4fa1-b056-67b1b1fc58cc,91a58573-45d1-4d40-8fa3-55cf699ab7cf,403ee5c2-93dd-4067-853f-3e51d02184fc,
317497b8-d769-40e8-84aa-3d023a7f7021,91a58573-45d1-4d40-8fa3-55cf699ab7cf,40dc2563-7608-4b5f-8dcf-ea94c3242044,
c43baa81-fcfa-47f8-99cc-87335cb0695f,91a58573-45d1-4d40-8fa3-55cf699ab7cf,40f382e3-6450-4a79-be2e-61a3c77fa461,
db295bdb-822b-4ba6-b8f2-37ce9e11b895,91a58573-45d1-4d40-8fa3-55cf699ab7cf,46b3dd87-5172-4637-abb4-5b6737f8ba43,
a194f67a-dc33-4e2b-9138-a60df69a1fbf,91a58573-45d1-4d40-8fa3-55cf699ab7cf,59794b54-b11c-485d-a847-5ca623ae5477,
2bd7e13f-0baf-4a54-8151-f5a23d2853a1,91a58573-45d1-4d40-8fa3-55cf699ab7cf,6cca62c5-9807-4e43-900d-600e3d07d90d,
92dc8bdc-2b8d-437e-b2c4-029ddfca1e03,91a58573-45d1-4d40-8fa3-55cf699ab7cf,70b58d1e-acf4-4985-b898-e8dd1078f675,
ba33109f-9692-40f9-ab35-1fd7799b7918,91a58573-45d1-4d40-8fa3-55cf699ab7cf,728f4e8d-10bd-4838-bcea-2d305aebfd47,
051c6d8f-2ee0-4dc4-a88c-40107ae17c35,91a58573-45d1-4d40-8fa3-55cf699ab7cf,73f86451-57c8-4fb1-9b97-d1ae6810cc48,
c4ed3fa8-18a1-474d-8e61-078f5717662b,91a58573-45d1-4d40-8fa3-55cf699ab7cf,784fe6f0-26ff-4da7-ac0d-613eb8d0cb1d,
af551e78-7e6f-4892-b170-b3d9807c213f,91a58573-45d1-4d40-8fa3-55cf699ab7cf,8be76298-15e0-4288-bfdc-5f462e9c34ea,
84ffbb7b-7d71-4686-ba32-f584492d0ba9,91a58573-45d1-4d40-8fa3-55cf699ab7cf,8c949e90-637c-4bcf-b193-a36ebae07885,
a2056117-a263-4bed-8b70-90665ae573ce,91a58573-45d1-4d40-8fa3-55cf699ab7cf,927fb645-9a02-45fa-b805-cc212acc200a,
330f2d61-c4ac-4602-a122-68f3498b1402,91a58573-45d1-4d40-8fa3-55cf699ab7cf,92efdbe3-1061-4fcc-b6a6-6e1185aadd25,
7c1533bd-b740-479e-aeca-0a7d51910772,91a58573-45d1-4d40-8fa3-55cf699ab7cf,b4c7bc85-b8d9-43a8-b093-fa80e6d4c8a6,
114952f9-57fe-4634-a1c0-9d72aa7ed614,91a58573-45d1-4d40-8fa3-55cf699ab7cf,b4cb5144-87d3-46d9-b3c2-3cc19deb00af,
b4ed699f-0078-4d28-85de-20d3dbb6db58,91a58573-45d1-4d40-8fa3-55cf699ab7cf,c53b745d-24f6-4844-937a-ec6c38f2ed13,
2b7bfb82-381d-4c97-8bf5-620423ea7fd1,91a58573-45d1-4d40-8fa3-55cf699ab7cf,c69df646-942e-4b72-bee8-4d8c7625e6e3,
3b81e39d-10fb-4373-9532-d609f0ac5ba3,91a58573-45d1-4d40-8fa3-55cf699ab7cf,cad6a161-8454-422f-bbb8-6f73870a3fa3,
7bd8f8ee-c64e-445d-a8b3-6bbba455924e,91a58573-45d1-4d40-8fa3-55cf699ab7cf,cbb40c77-87b7-403c-86ec-ef785168afa2,
5a11ab43-1efc-4f86-aa92-7d096022de77,91a58573-45d1-4d40-8fa3-55cf699ab7cf,d4a6eed9-3473-46dc-90c9-19b4d78d4481,
ec0ee6b6-42bb-4314-84ac-988aa0903948,91a58573-45d1-4d40-8fa3-55cf699ab7cf,ec53bc5c-cee9-4438-8fc0-36899848e8e7,
4a1e7a81-debf-4195-a42c-46c47794d2a9,91a58573-45d1-4d40-8fa3-55cf699ab7cf,ece0d1cc-2554-41d3-989b-efdbe90ca2ec,
c17d2b4d-1b9b-4cb3-b415-b7c047e16c4f,91a58573-45d1-4d40-8fa3-55cf699ab7cf,f3292d72-ca02-4f87-81be-6a6636101597,
b5187f16-10bf-45f9-ab88-5306d58c9130,91a58573-45d1-4d40-8fa3-55cf699ab7cf,f40a034a-15e2-48e7-9783-3db58e397a6f,
9ddf3992-5a52-447c-856b-ff0fd554b632,9aca39d9-2b3e-4ffa-85a2-d6effca84575,0a3cd6ec-ec76-46a7-8d6b-3c500817357a,
46163655-84c8-4167-90bc-5ac8e673ce71,9aca39d9-2b3e-4ffa-85a2-d6effca84575,1810906a-84b9-4d9f-8f92-2ef801a2cebb,
18aef8c8-ba44-488f-8df2-7495bbb5066b,9aca39d9-2b3e-4ffa-85a2-d6effca84575,19a9b546-5664-4284-9000-f0b46e636a4c,
8b249867-fa59-447b-b791-1e30447a5b2a,9aca39d9-2b3e-4ffa-85a2-d6effca84575,1a5cfc83-dee1-4d67-8046-15adf1f6d60a,
cfecb74e-fa9c-47d2-b529-e117baa3ed07,9aca39d9-2b3e-4ffa-85a2-d6effca84575,1b019b60-26bd-4b72-a282-c1002f33bec2,
71973205-0594-491a-aa21-02c363ba08eb,9aca39d9-2b3e-4ffa-85a2-d6effca84575,2764ac8c-ff6a-45f5-903d-049cb12b9bc8,
35791fa4-a083-4109-bba1-11abc8545218,9aca39d9-2b3e-4ffa-85a2-d6effca84575,2abba53e-8d57-44d2-b4be-76aad7b1753e,
ac36c639-8e28-4ca7-a2b0-664ccd3999c3,9aca39d9-2b3e-4ffa-85a2-d6effca84575,41de5fc3-d396-4e8b-85a8-2d4debe92388,
84ebad8e-c5e5-47f4-bb6c-e8e9cfecde1d,9aca39d9-2b3e-4ffa-85a2-d6effca84575,5555ce57-7ec7-48c9-97ba-4c4df2226fff,
199bdb5e-690b-4dcc-abbe-04b9fa1c49c4,9aca39d9-2b3e-4ffa-85a2-d6effca84575,5d29c139-d99f-4f26-bbde-9f6b4bd2d5c6,
c9b803c6-ba57-4a65-b3f5-762360bfba14,9aca39d9-2b3e-4ffa-85a2-d6effca84575,6e898310-686f-444d-b271-9afeea0b816d,
48cde3da-9db2-4c3e-a4e2-d3d30255ca6c,9aca39d9-2b3e-4ffa-85a2-d6effca84575,715273a9-ba54-4047-849b-96a2510d2dba,
7d9ad5f5-384d-46c0-9c83-421f37b41ef5,9aca39d9-2b3e-4ffa-85a2-d6effca84575,748e8bb0-8295-4378-b99e-104860a4da59,
2165cd89-d71d-463e-ac3a-f6683a0f9729,9aca39d9-2b3e-4ffa-85a2-d6effca84575,7eeb9c73-9a41-4a65-b311-812cd94c7636,
1e1c6f2f-8734-4c68-9623-92be7147bd15,9aca39d9-2b3e-4ffa-85a2-d6effca84575,82212b02-7d2a-4281-9c04-4ff010effba9,
a8ea3fba-5b5a-4c07-a5f3-dde6063e5415,9aca39d9-2b3e-4ffa-85a2-d6effca84575,8b807f17-84da-4292-b3b6-434ee82ddb88,
30d73a3d-e543-4c6e-9374-c12e6bc5321c,9aca39d9-2b3e-4ffa-85a2-d6effca84575,8f812051-c6c5-4a15-bb88-bd33198665d4,
60f58e80-0889-4b03-8d7c-20a1598daf80,9aca39d9-2b3e-4ffa-85a2-d6effca84575,98a6807c-9cde-49b4-8532-e1a482edee16,
e75aa64e-4fc3-4ecc-9c37-554292db413f,9aca39d9-2b3e-4ffa-85a2-d6effca84575,a7c43c91-c156-44ca-a35d-2d56dab3e780,
5447cde8-13fb-4232-b11d-e08f1916a216,9aca39d9-2b3e-4ffa-85a2-d6effca84575,b92e695a-b873-46fb-adc2-96319851d25d,
1ed888c6-0429-4898-9aa1-b03783456765,9aca39d9-2b3e-4ffa-85a2-d6effca84575,c2411d67-da5f-4615-9083-2a588b7d25f2,
8ed66956-5785-4cc1-87c3-6c259c0f88ed,9aca39d9-2b3e-4ffa-85a2-d6effca84575,d8c5b63c-ce00-4e3b-a79d-a1385e6509f5,
c6389a03-92ff-46fd-aade-9de552a247b9,9aca39d9-2b3e-4ffa-85a2-d6effca84575,dc9a1c66-0dbe-4e32-b4f6-3afbf23639fc,
e2742757-e141-4cc9-b662-567a82378b88,9aca39d9-2b3e-4ffa-85a2-d6effca84575,defcf430-fb64-49c1-a6a6-619e69ed3275,
1b0bc4bf-b3ab-41c5-9916-2ee9166cf693,9aca39d9-2b3e-4ffa-85a2-d6effca84575,e1736129-8fc0-4196-916a-02f8e21f209c,
c08d254b-208c-4e64-8337-1c2b0e9309f2,9aca39d9-2b3e-4ffa-85a2-d6effca84575,e36e5822-6da4-430f-a2c4-d1d879be5026,
b185cf38-8e42-48da-8d7d-65ab2d70e6c6,9aca39d9-2b3e-4ffa-85a2-d6effca84575,e747735d-fae6-4d2e-8446-1802874ed57b,
a2870811-dc0a-47b2-83f2-2a2a5ed2bc1f,9aca39d9-2b3e-4ffa-85a2-d6effca84575,eaaf65cf-f609-4bbf-a38d-35179c1ddd1d,
8b9acc90-6132-46b3-b575-a76a0e4d6e05,9aca39d9-2b3e-4ffa-85a2-d6effca84575,f2f3c5a5-815b-48ce-a328-90684061d55d,
6a02a9cd-cd98-4ec1-988a-8eb3797fc982,9aca39d9-2b3e-4ffa-85a2-d6effca84575,fe612b12-6afe-4250-93e8-d42049b6efaf,
e13edfad-f359-4501-b245-9cf9e1896c02,9c2957e4-ab26-4657-999d-38af6b713d90,01d8a65e-bbe6-4d0a-b09f-68968c8d2cef,
402c8efb-56dd-40b0-9687-7380ff21c992,9c2957e4-ab26-4657-999d-38af6b713d90,1f1bc75b-595c-41df-b1ef-b463e0f72bfd,
e0286c2a-8901-4806-adae-bb8472ee15bb,9c2957e4-ab26-4657-999d-38af6b713d90,52da41ab-1f9e-4639-b8db-0660bd91b3ba,
29969013-1f62-4974-817d-88c7b583ef9b,9c2957e4-ab26-4657-999d-38af6b713d90,54284e7a-00be-4f78-9f46-e6a54985db4d,
63d93244-4322-4b21-bac9-7b59193b74b3,9c2957e4-ab26-4657-999d-38af6b713d90,6af5cf47-baab-4d37-998c-c559533f72a6,
b9c9467c-46bf-4584-9c4d-04f741648b9c,9c2957e4-ab26-4657-999d-38af6b713d90,6d1cb1a3-e74c-4987-9481-756e1e0c0548,
52925a6c-0d64-45b0-9ddd-7be9f54735e2,9c2957e4-ab26-4657-999d-38af6b713d90,7827620c-3b4f-4cee-b90d-bd78842777e1,
1e67eef0-7f76-45aa-987c-587d97d35f40,9c2957e4-ab26-4657-999d-38af6b713d90,7fce4261-db73-42d0-9d01-32e543cb768c,
c81d9a9a-108f-4952-954a-454ab41b94c1,9c2957e4-ab26-4657-999d-38af6b713d90,83cc8c36-eb02-4f9d-a62f-6d86cfaab4ee,
ca62d1ae-4736-4cf1-bea0-c4620d1bd19e,9c2957e4-ab26-4657-999d-38af6b713d90,97f36d1d-2438-4413-b138-caf801ce5641,
fe2731d7-e172-4f49-914d-48457ec5f2f6,9c2957e4-ab26-4657-999d-38af6b713d90,9dab23de-627f-4d7b-8e9f-b9be44d43a62,
1d663daf-a96b-4e8d-8fe4-1392d54dd3bb,9c2957e4-ab26-4657-999d-38af6b713d90,a0e624d8-6849-4fcd-9bb8-f33b58f724e2,
fbca518c-ff03-4750-a436-fb34711eac3d,9c2957e4-ab26-4657-999d-38af6b713d90,a341b4c4-7eff-4c04-be9d-1d73f3c38e0b,
746a62cd-b090-4d92-8ee5-82a74de62529,9c2957e4-ab26-4657-999d-38af6b713d90,a3558cf4-dd5d-4472-bf62-d885137b51e9,
62e659c4-dbcc-4beb-aa83-1e0107c022cb,9c2957e4-ab26-4657-999d-38af6b713d90,b209741f-d25c-430a-a75f-7a9b0ff85184,
462f112f-a93e-4c41-a8ab-cf95df547aa3,9c2957e4-ab26-4657-999d-38af6b713d90,b3d05041-78e6-40ae-a6dd-633703c9a544,
2556492b-51a8-4838-8a52-43d846737efc,9c2957e4-ab26-4657-999d-38af6b713d90,bdc63c0c-2828-4f40-af59-81c31584436a,
fcb185d7-0782-4913-842e-3885b7abcd57,9c2957e4-ab26-4657-999d-38af6b713d90,c16cd6af-df95-41eb-97fc-cedd9f266e5d,
f55443ea-6e3f-4eaf-b7ae-23ca420cf982,9c2957e4-ab26-4657-999d-38af6b713d90,ceff71b7-5624-4157-aaab-909f33a1419d,
d4e93da2-6a42-41dd-aa29-d2e940ec2bd6,9c2957e4-ab26-4657-999d-38af6b713d90,ddb93164-758e-4450-9df5-348e9bc7013e,
ada111fe-201d-470a-9014-1838625ff54d,9c2957e4-ab26-4657-999d-38af6b713d90,f0afa8f7-2985-41c0-bd5f-66e8bdb3b176,
a855095b-1082-4a0b-84f4-f5f58693b812,9c2957e4-ab26-4657-999d-38af6b713d90,fb07f12f-d0fc-4513-a642-13c3215cee91,
384756e9-b4c7-461d-8649-4b88fac1f458,9c33cdae-8177-4360-a43f-6753fad25d52,,fcf8f735-5b7c-4b4e-8781-f82ebdf7466d
30421205-0685-4387-9fdb-20507137a1b2,9c60421f-a037-4a64-9e14-c02f7731876b,3f93f00c-a5f9-4949-aefe-0b6162547f90,
598b2207-8e57-4691-9762-f63fcca8f4b0,9e6bbafa-9041-47a9-9ce9-c57f35e142fa,48707896-2dda-4f12-b5ac-152578889f55,
56363d2c-c5b1-4328-8e34-3cda3386b4fa,9e6bbafa-9041-47a9-9ce9-c57f35e142fa,54e57342-f0e1-46f9-8641-6d7688f753a7,
880413c8-3095-4551-8ed6-3a23608caec0,9e6bbafa-9041-47a9-9ce9-c57f35e142fa,85e15f42-c699-4041-8ed6-fe8022dcb82b,
1d98de37-f5db-4db4-9913-7adad1dfdf52,9f7907a4-a9e3-46a6-8ba6-def3e5f32524,,5d7fbcd0-7880-4c98-9a02-e33378b8d992
8344a655-f9ea-4cce-97e4-cef3f997ffe2,a4c20b49-1f22-4e7a-9bd9-235386ca6b9c,0569b427-5e67-42f9-9c72-26d4bfb1e58d,
c2388171-9e83-444b-93c8-003188e55dc2,a4c20b49-1f22-4e7a-9bd9-235386ca6b9c,214d67c9-d96d-43a8-841c-79583ead41ec,
8a18bc90-e818-4477-92cc-5b74e19af66c,a4c20b49-1f22-4e7a-9bd9-235386ca6b9c,42466622-e765-4266-9799-6c950f68d223,
76c73f78-b16a-4056-ac71-5aef80db1eb6,a4c20b49-1f22-4e7a-9bd9-235386ca6b9c,546cf800-d7f8-4eea-bd37-5330331631d0,
c0af921e-178f-4b5a-81a3-05a5616ea2ef,a4c20b49-1f22-4e7a-9bd9-235386ca6b9c,67af3f52-cebe-418a-96ee-d406f472fc1c,
598e43d4-5b5d-4e51-a06d-9fb5750c6a68,a4c20b49-1f22-4e7a-9bd9-235386ca6b9c,74ad3e5c-e999-4814-ac73-9b35e258ed9f,
1b47b5fa-71b8-4ea9-aa61-2e6c7fceb1d4,a4c20b49-1f22-4e7a-9bd9-235386ca6b9c,d14a9605-8202-4b49-8d81-e7aaf6a83213,
b4b6a076-9a77-43ff-b3c2-bcbbf13ac005,a4c20b49-1f22-4e7a-9bd9-235386ca6b9c,d2cb3789-7079-4cb5-a3a2-1ecba1ad6b06,
f2cda457-c998-4414-b920-3bda1036c8d8,a4c20b49-1f22-4e7a-9bd9-235386ca6b9c,d5770b29-9026-4d51-9ee2-25e0ebe287e6,
d9f1c92b-8fa4-4e51-ba02-e66f2eb326ef,a4c20b49-1f22-4e7a-9bd9-235386ca6b9c,e3cbe392-2354-454e-a28d-5c3fb6ff4082,
ce3e6ce2-4d84-4f4d-9e0a-0c4843c73d21,a4c20b49-1f22-4e7a-9bd9-235386ca6b9c,f6c0a5e3-0791-44cd-94ba-0f41a55f82f7,
8d8901fa-efa2-4800-a487-0b269fd82f6d,a70d2b6c-fd57-4671-8c14-dc63968996a4,09542650-7342-4762-ab6c-f677a5733696,
acb4dba7-36f2-46c2-8c25-a78e53ac8a0a,a70d2b6c-fd57-4671-8c14-dc63968996a4,478fbda2-fe8c-43c9-84ba-f9c1de9daed5,
2ee4f053-3733-44ca-b3ae-495b6a499209,a70d2b6c-fd57-4671-8c14-dc63968996a4,63a957ca-4afc-407d-9c61-27fd29224cb9,
6d8ddc81-33a0-4084-9097-c628b33712db,a70d2b6c-fd57-4671-8c14-dc63968996a4,71037d40-3085-486b-994a-6fb8ef4d9571,
78a0fa98-9de8-44d8-819f-f36c266bb4f3,a70d2b6c-fd57-4671-8c14-dc63968996a4,7d2f49ba-a6a1-442d-a0f1-c4c4e70d3507,
ec70ab58-8560-4e61-98ce-609026be4d0b,a70d2b6c-fd57-4671-8c14-dc63968996a4,a67b1897-369f-42fe-adec-2611832e3129,
bf72db04-a780-4994-bee0-4fafac2feb99,a70d2b6c-fd57-4671-8c14-dc63968996a4,c89c3fb6-ccf3-44e9-80ea-bca128bceca4,
15f3b18c-41fa-47da-8830-88bc25ca9d93,a70d2b6c-fd57-4671-8c14-dc63968996a4,cefb2ada-3120-45cb-bd6e-ea1e926f3672,
2e06afe1-e87b-406b-add9-f41f0273e95e,a70d2b6c-fd57-4671-8c14-dc63968996a4,dea78173-0c54-4259-b48e-22247c72fbd6,
3bbb078e-6bc2-4660-b5a6-3178a36b2b5d,a70d2b6c-fd57-4671-8c14-dc63968996a4,e1c35f04-ecff-4e65-a50d-b92978fbb7fc,
c7afd2c8-afb5-42f1-b5ca-4e1adbacde68,ab93d016-38c7-4804-b54b-df9cea49caa5,06f1ace9-fb1b-49a5-b925-7c32d24db123,
7d6a829b-b8b9-4cd1-bf2f-fea0bca7337d,ab93d016-38c7-4804-b54b-df9cea49caa5,1af3bc42-91cd-4031-a6b0-79bb282fba19,
a32264db-f4c3-43e0-8d79-653e6ea0c724,ab93d016-38c7-4804-b54b-df9cea49caa5,22d755b3-42d1-4eac-997d-6d1c2aa576b5,
c5640dd8-42eb-43b3-9ad9-2632ef9e1d3a,ab93d016-38c7-4804-b54b-df9cea49caa5,24eea15a-cc1b-4a7e-9b0b-5cd96357ef24,
b9717fcd-2e6f-4181-92fc-5a8e492b3674,ab93d016-38c7-4804-b54b-df9cea49caa5,253c69e9-94c7-47df-97e8-8a8113b36af3,
47c22a28-b8b8-4af6-baed-58f92a651508,ab93d016-38c7-4804-b54b-df9cea49caa5,254c587a-e026-4993-a8a2-b718b8687d8a,
a0beddf2-e739-44a3-8ebe-560c5987995a,ab93d016-38c7-4804-b54b-df9cea49caa5,25a01f7f-1081-4f22-8f06-4ff8af6abfd6,
cad4839d-7c41-4bef-a440-29471d85e48a,ab93d016-38c7-4804-b54b-df9cea49caa5,2998c3ae-a275-4b3f-9676-ad2119d1ef29,
a9004ab9-edcd-447d-94e3-dc422cf2c707,ab93d016-38c7-4804-b54b-df9cea49caa5,3504a590-11e7-45d8-8670-2b9e91e477c5,
ced2bd81-e9f7-42c0-a42d-43f8de7e3622,ab93d016-38c7-4804-b54b-df9cea49caa5,3ba11631-9358-4f29-8ff9-30b80b9803fa,
f25aa3fd-0c20-4b02-b87d-c9027e808df8,ab93d016-38c7-4804-b54b-df9cea49caa5,3fbd9b2d-e6c8-42f1-bd7d-d31c5faf8a6e,
a60c7a83-0dd6-45fc-8034-e1469961f0ba,ab93d016-38c7-4804-b54b-df9cea49caa5,47e2970f-0f4e-48f9-8508-fcc485d467b6,
f8dca193-c21b-417b-a655-357b8ea53caa,ab93d016-38c7-4804-b54b-df9cea49caa5,4e8e2cd5-a1be-4230-ae29-f569034f7e6b,
15551598-9482-4327-a411-9dc0aac517ec,ab93d016-38c7-4804-b54b-df9cea49caa5,64dc4a6c-3df5-44b4-8734-9ca2dcd8f7c1,
7d3db45c-9329-4ebf-891c-0d03542b5f16,ab93d016-38c7-4804-b54b-df9cea49caa5,832088ad-c101-4618-b463-7adcdd7b94d8,
b3fe149d-0329-4f69-84df-6279d79b9b3a,ab93d016-38c7-4804-b54b-df9cea49caa5,9eaa018f-6f5d-4bf5-8856-7d90a57c05d5,
4fdbd1d0-6a6c-45ff-8a90-cbe7389182a9,ab93d016-38c7-4804-b54b-df9cea49caa5,db9bd1fe-2301-485a-bdeb-c158560bf90b,
81aec45e-d2ef-46e1-82f7-82e88c02916b,ab93d016-38c7-4804-b54b-df9cea49caa5,dbead876-5f93-42e4-a145-8690041886d8,
98b6f127-0a02-4a0d-938b-5b22a78631cb,ab93d016-38c7-4804-b54b-df9cea49caa5,ec32aa45-4f2f-4f0a-af65-78305ee81aad,
1ca89e3b-d2a3-48d6-9814-cf7504867163,ab93d016-38c7-4804-b54b-df9cea49caa5,fe6c1baa-41bb-41b5-98db-1a5b23e54c4a,
d81bc799-523d-43d1-9253-1638ad3791e8,acc99b04-26b9-49a3-bacf-d56110000a7b,0e92fc6a-37e8-43a4-8bf7-55ec863079c8,
5d9fdfb6-bdb8-4f5c-be8e-65636a1ffad8,acc99b04-26b9-49a3-bacf-d56110000a7b,3025963d-ba09-4056-81e5-3f10c43bc27b,
b59f1e96-a814-47f6-ad4d-3585cd6f8122,acc99b04-26b9-49a3-bacf-d56110000a7b,33498acd-fbbd-409c-96e6-88b18155f527,
303d8223-bb16-4954-ba34-e87349716d35,acc99b04-26b9-49a3-bacf-d56110000a7b,4375317c-0efc-4c8a-adce-4c7216f216c7,
1eae27f1-667a-41b6-a14e-74a77ead4e14,acc99b04-26b9-49a3-bacf-d56110000a7b,44d48bc7-c8b7-48e7-9bed-1f7fe65c91fd,
55cbf776-4312-4a7a-b63a-bef285167282,acc99b04-26b9-49a3-bacf-d56110000a7b,504aaef3-7a22-46cd-b04f-04a8f35c1f17,
f739af1d-e880-488c-89e0-4d5c48f3980b,acc99b04-26b9-49a3-bacf-d56110000a7b,619f72dd-f378-458e-806b-615ff5eff673,
d2f4d541-83db-48ad-b187-c6af76e28524,acc99b04-26b9-49a3-bacf-d56110000a7b,79b6f063-7fc9-4e2a-9fb0-4ac6103b092c,
0c895f0d-73cb-4cc6-9b5e-16c678f8bd71,acc99b04-26b9-49a3-bacf-d56110000a7b,7fd6c3eb-588f-43a9-a5c7-5a79e1eb9f32,
137787f8-593b-4895-bc21-bb7950d1649f,acc99b04-26b9-49a3-bacf-d56110000a7b,8913f003-d730-42b1-adb6-971bd03ceaee,
85e4e44d-f5cb-4be3-95da-2f5b001ef427,acc99b04-26b9-49a3-bacf-d56110000a7b,905e185c-3602-4221-974a-7ba98db47af3,
25ce412d-26b7-42de-98ba-3621a01d5233,acc99b04-26b9-49a3-bacf-d56110000a7b,b49ee326-f0ef-4cc1-8a03-2f88c1c142a4,
fa27acfa-80dd-48b0-8f0d-22b1cf8e8ce2,acc99b04-26b9-49a3-bacf-d56110000a7b,c32fbe33-1ff6-4414-a6f1-d0a5cc558e14,
b7e8b2c9-5fc2-4c30-a84e-28647f939380,acc99b04-26b9-49a3-bacf-d56110000a7b,d4af3609-1a0d-4818-82da-30e9a88fb705,
28f64c3e-2dcd-41c0-add5-ee16f8c4c47d,acc99b04-26b9-49a3-bacf-d56110000a7b,e1569218-c786-4585-be2e-27a23bd25144,
3628808a-40b3-4f4a-a362-b3d1effaa177,acc99b04-26b9-49a3-bacf-d56110000a7b,e1bfbc34-b609-4b7c-ad17-6c179e4c8eb4,
3b4e3c77-1185-41ea-9973-da6fdb794e46,adb453a8-7738-4a70-b247-0b0d2ba6499f,070260e6-7fdb-436b-8ade-437fbb5bcf3e,
7b971b47-c58e-4702-9e12-e40262cee27b,adb453a8-7738-4a70-b247-0b0d2ba6499f,0845722f-e4ac-4c25-a334-2e0af937e4c0,
ca0d770e-c23e-42f6-bfe5-dc66c0bb8fa6,adb453a8-7738-4a70-b247-0b0d2ba6499f,0c4aae89-ded1-4f16-88fd-fba3fde269fa,
0dfa5925-d83f-4196-a356-7e671efbfe1e,adb453a8-7738-4a70-b247-0b0d2ba6499f,1557ec77-6a13-449a-9b3b-73dff06ce8c7,
a3f02b65-b71b-4b79-b99a-6db7ff6ea182,adb453a8-7738-4a70-b247-0b0d2ba6499f,22968e03-314f-48ae-813a-336b7325fa7e,
b3c01e48-67a0-4a35-a5bf-2a9f5203b270,adb453a8-7738-4a70-b247-0b0d2ba6499f,2751afc1-b428-4ffe-914f-884e99d81d10,
8b3c7ad6-3cf7-464d-bd55-03b2bb70eb23,adb453a8-7738-4a70-b247-0b0d2ba6499f,2e3871cd-9542-4c5b-a068-18cc7a2c8643,
6fa06aeb-697d-404a-bb1e-f65922b703c6,adb453a8-7738-4a70-b247-0b0d2ba6499f,3e8586a4-ca22-4a01-8623-af870599ea68,
8fbcecba-03c7-4c40-9951-1da6ee9f4b9c,adb453a8-7738-4a70-b247-0b0d2ba6499f,4494211d-90d1-41d5-b337-2f1cce0a0dbd,
be8cbdb7-e29c-4b19-9449-60ae1dce80df,adb453a8-7738-4a70-b247-0b0d2ba6499f,49c0578e-c978-493f-bf75-cac5e5324e06,
ad00c685-cbdd-4e02-ad46-b16746b7a61b,adb453a8-7738-4a70-b247-0b0d2ba6499f,4b717c2e-e4c1-4a4e-b68c-24bba51e7a7c,
c301eda6-5522-47e8-a956-6f4b597b05a3,adb453a8-7738-4a70-b247-0b0d2ba6499f,4b764814-882d-48c1-9baa-c62fa135c2bc,
5e090813-0c19-4f87-8d49-5b7eda0c75ad,adb453a8-7738-4a70-b247-0b0d2ba6499f,4d1fd201-ca7f-4ef2-986c-a76663b822b4,
bfb2e3a0-9828-4fb8-82a8-3d58cc74518e,adb453a8-7738-4a70-b247-0b0d2ba6499f,54bdb117-c0a8-402a-8701-31f9a6dcc7e4,
b15c1ba0-ad17-4f29-93cd-e75d19ad08cf,adb453a8-7738-4a70-b247-0b0d2ba6499f,5e34a428-c1db-411e-abff-399b392d3b4c,
790914ab-a0b9-49e5-a15d-31e7e339aec0,adb453a8-7738-4a70-b247-0b0d2ba6499f,65361723-9199-4bfc-9bf6-197d3dff9273,
60785836-9e79-45c3-b061-61a4f877b0c6,adb453a8-7738-4a70-b247-0b0d2ba6499f,6818597e-0707-4a26-a9a6-49b7000b21a3,
ca85abff-020b-4271-8ae9-3917eb537013,adb453a8-7738-4a70-b247-0b0d2ba6499f,69bd3bb0-eae9-4fa5-8373-6b73b86540a8,
44275ce6-eaf5-467e-959f-c42c20b894fc,adb453a8-7738-4a70-b247-0b0d2ba6499f,7cd35a4c-96ec-40cb-80fa-60bfc91e61cb,
f163d85a-7856-4222-8d2c-058898cf204b,adb453a8-7738-4a70-b247-0b0d2ba6499f,947bcc4a-72a0-40d4-8c13-db4b9d34322f,
c970f0d5-a13c-4056-9574-c0f5bde01eed,adb453a8-7738-4a70-b247-0b0d2ba6499f,99a51680-ca2c-435f-bf45-2c03a9ebe238,
b3159e3b-b4b4-4a03-91c1-6aac52ded8aa,adb453a8-7738-4a70-b247-0b0d2ba6499f,a1b95a29-3557-4b19-b8f8-9f76537e3740,
10fe3525-8be4-4b46-81ef-c41ecadb60bd,adb453a8-7738-4a70-b247-0b0d2ba6499f,a8696934-3529-4069-b233-5881ea540b27,
572f8084-f50c-4a5c-b8df-016c5a9c8289,adb453a8-7738-4a70-b247-0b0d2ba6499f,abe0f4df-2520-493d-a80c-2a5bd10bc714,
779b58ce-2fd0-4450-8bac-b7c555adffa3,adb453a8-7738-4a70-b247-0b0d2ba6499f,b7cfc169-10e1-41bb-90af-e07417e2a971,
8859b1a1-fb74-4c67-8fd7-e0fdd070572e,adb453a8-7738-4a70-b247-0b0d2ba6499f,b850c077-52fb-46c5-a704-16943f7d792f,
5f46ce27-faa2-4144-9e68-4314a192e891,adb453a8-7738-4a70-b247-0b0d2ba6499f,c4f907ef-a854-47c9-add3-7f013d4b25b5,
b2db7b07-c3d2-4bbd-a239-9eeb621af74e,adb453a8-7738-4a70-b247-0b0d2ba6499f,c69cbcd4-f98b-46d1-8068-6c463dd7c4ee,
7def7a24-cd47-48a2-a2c5-bb5aafed03b6,adb453a8-7738-4a70-b247-0b0d2ba6499f,d305d131-464f-4152-8bb1-84068073c143,
15fbe883-0e86-40ae-a464-51c6ba8f3279,adb453a8-7738-4a70-b247-0b0d2ba6499f,d351f41a-913e-451e-b0ae-b83bc35117d2,
84e24f41-769f-4e02-bf65-681fd825c8d1,adb453a8-7738-4a70-b247-0b0d2ba6499f,d55986d1-5fd3-4de1-89a9-4f2172cf992f,
fd53b503-bceb-47d7-8a93-74d6eda90049,adb453a8-7738-4a70-b247-0b0d2ba6499f,d7450948-cc86-46b2-9be3-3ec853bc5b7b,
244c5f7e-f5dd-4da5-8394-765ec158ae3c,adb453a8-7738-4a70-b247-0b0d2ba6499f,e6d76303-8983-4a9f-b1b8-191b5ec0de6c,
2a44e47e-69b7-4dab-ae96-36fe565bbb1f,adb453a8-7738-4a70-b247-0b0d2ba6499f,f12014f3-4059-4ba1-8199-733f3c2d26f5,
8067a93c-eed4-4f17-9be6-bcfe0333232c,adb453a8-7738-4a70-b247-0b0d2ba6499f,f1ec1dd4-2b16-473f-a4df-5cc6bc3133ba,
050f16eb-e0bf-4400-b08e-0c75a4df8569,adb453a8-7738-4a70-b247-0b0d2ba6499f,f6b87acd-6e95-4b82-9bc8-4c73eafdedb6,
0d502671-c1c9-4478-b9b4-082f084f1142,adb453a8-7738-4a70-b247-0b0d2ba6499f,f89b186c-3ea6-46fa-9db7-7cfc7c589dd0,
7d5f6c9c-55b8-41a7-851a-1ea451b03a4f,b02a181e-6f8b-4ac8-a92f-cdbac9fecb52,0e3f47ad-febb-40dd-b04a-5d027c0243db,
8c86de65-1acb-48b6-be35-4dd5381ba6f6,b02a181e-6f8b-4ac8-a92f-cdbac9fecb52,48277b06-a1ac-4338-ab33-58a62e3e2f29,
1843cbb3-9066-45dd-b2f4-d5924b24e73f,b02a181e-6f8b-4ac8-a92f-cdbac9fecb52,88a04919-ac1a-42b6-9260-8d3415f07a58,
598d06ef-ef47-4d5e-aac4-33fb5f5d173c,b02a181e-6f8b-4ac8-a92f-cdbac9fecb52,ac3929a1-78df-44c4-ae7a-6d242ee3a8b2,
a6b555d0-32a0-4d22-94f4-124e07db6a08,b02a181e-6f8b-4ac8-a92f-cdbac9fecb52,ddb39448-7eee-4679-a750-f466e5124aae,
2141f119-cbe3-46b2-b598-a7369c0c2930,b036fc8d-f90c-4818-b4b5-cf8865cf0783,2dc2039c-bf50-42b7-a29b-acb81ab5d5d2,
064c052c-ac92-4207-aa7e-97d143f71791,b036fc8d-f90c-4818-b4b5-cf8865cf0783,2f3cb6c6-cbb2-44af-906d-f1a4e64d7265,
56dd997d-90f6-4f1b-8384-55338004d800,b036fc8d-f90c-4818-b4b5-cf8865cf0783,d9795771-9a46-477c-8263-402f25c8e132,
49a2df65-4809-4539-a223-0f50e1064e78,b15ffcbf-6544-4690-8184-035e9ecf92f6,9736970b-b6ce-4e5d-baf7-018fa52d0e6f,
0eae9da8-c50d-4aea-82ae-2cd5f4983a4f,b235f485-91eb-4577-bcdb-58c3c4882ca2,003f7e09-2732-4eae-b3c9-ad7adaa10718,
c1448b5a-a478-47be-9299-bb7824d1197f,b235f485-91eb-4577-bcdb-58c3c4882ca2,1117d4c2-f743-442f-a571-d6563bed9323,
cbf31a8c-a38f-4ab0-92be-5d3fec4cd979,b235f485-91eb-4577-bcdb-58c3c4882ca2,6dbe3359-1918-4d7a-89fb-20b7a563bc30,
10d0b68f-4f11-4b18-9631-fe803d4180bb,b235f485-91eb-4577-bcdb-58c3c4882ca2,9f168b1a-d396-41b8-8060-3821eb2aa870,
af56bf22-a655-4455-ac18-e1a2863647a8,b235f485-91eb-4577-bcdb-58c3c4882ca2,a3cbb1fb-c8fc-4990-8a41-1fef398b1462,
9a5c5b34-ebf7-4b2d-9bb1-9351b27c1328,b235f485-91eb-4577-bcdb-58c3c4882ca2,d7b64eeb-bca5-449c-a49c-328d14299863,
7671046d-0324-44b2-b18c-2ee0b21dbe15,b235f485-91eb-4577-bcdb-58c3c4882ca2,eca88e71-365e-43ee-8b8c-06c501c8a2c1,
79b32c99-da1f-4444-b9de-a2af93057340,b429519d-527f-4824-b563-f20ed8315ec3,04526f3f-c15e-4d70-8bb5-1b2ccbd54353,
50b92db2-0eca-4837-bad6-7a58d9b1df7e,b429519d-527f-4824-b563-f20ed8315ec3,0789c0a5-542f-439e-b091-4fce792e1cab,
f4322dc2-cde7-40b9-9d3f-24528810e70d,b429519d-527f-4824-b563-f20ed8315ec3,0f853a15-63ca-4a46-98c7-be3659e01b02,
d0e31d80-3cb2-4568-b6f7-b4a0f195e35d,b429519d-527f-4824-b563-f20ed8315ec3,10808bf1-47d6-4ed8-aa79-e6f85372eec5,
cad9dc56-08e9-493a-8fdb-615d6491bde9,b429519d-527f-4824-b563-f20ed8315ec3,10ff8e1e-de18-42d0-98c6-c37c85716a35,
f98eed14-fdb4-4c03-96aa-aa2d70ce8814,b429519d-527f-4824-b563-f20ed8315ec3,1d5914e8-862d-403e-b088-4bf3c19a7cf5,
3b834591-e25c-4332-8602-643d23dbdce5,b429519d-527f-4824-b563-f20ed8315ec3,21910099-9a03-40e7-a20c-5d7e544ac0cc,
c74848d1-8740-4cbb-88c2-55011d3ac7bf,b429519d-527f-4824-b563-f20ed8315ec3,24ad9b59-41b4-4ff7-834a-25c716450c6d,
60b85cf3-c8ed-4c53-ad73-7d15b4eb4206,b429519d-527f-4824-b563-f20ed8315ec3,2a5037f2-6704-4667-a6fe-ba0306c8bccb,
6595dfff-4630-47f8-aec9-f6224041abf6,b429519d-527f-4824-b563-f20ed8315ec3,2b136904-73e4-4e1a-9506-f3fe71e84192,
2aaebb8c-f4fa-4a99-b431-3b5641ce4cf3,b429519d-527f-4824-b563-f20ed8315ec3,2d6b3b19-4a86-47b3-b5a1-6bbc2e2306e6,
5107e752-77ca-42ef-a812-3a2ba27a73ac,b429519d-527f-4824-b563-f20ed8315ec3,2e146027-2ef9-4ce6-8556-740d594ce785,
8f937f9a-77c2-439f-8200-58c82dead689,b429519d-527f-4824-b563-f20ed8315ec3,30f15111-b885-4a5a-a2ff-dbd5479d0a2f,
8f9aa726-4d87-42f2-826d-6997ec2d3fee,b429519d-527f-4824-b563-f20ed8315ec3,352650fa-ff2a-4ac4-89fc-ac02d9522c87,
728b6c3a-7326-45ab-85e1-bc4acf90c415,b429519d-527f-4824-b563-f20ed8315ec3,362cfc14-14ca-42b7-9e55-dee526643e5f,
df1433ba-ffe9-4d24-a265-40dcb8e45438,b429519d-527f-4824-b563-f20ed8315ec3,3952e86b-6b9d-4b83-bb01-dee13512a0d3,
cbeba018-5b2d-42a6-8d24-6d8f2e3f3299,b429519d-527f-4824-b563-f20ed8315ec3,458b31c9-7e65-450a-9fb8-4332bba71bed,
e4234900-c525-429c-8579-d874d67b2d09,b429519d-527f-4824-b563-f20ed8315ec3,46ccc213-9577-43d2-8d2d-04e0f9e8a019,
4b45222c-5176-4482-940b-b8b837f2fce7,b429519d-527f-4824-b563-f20ed8315ec3,519e5d6c-4cfe-4412-85e1-034250eb6b48,
2498bb1a-6c9b-44b5-8060-7fa0e5af3a2a,b429519d-527f-4824-b563-f20ed8315ec3,5885be66-0e1b-43e0-a31d-2533bba0e31b,
38d39a24-2eb3-4271-9e7f-39e3c12ea251,b429519d-527f-4824-b563-f20ed8315ec3,597be4e7-9dd1-46ab-9de0-104639b116b8,
99575249-f47e-415f-b916-c5a7a0602198,b429519d-527f-4824-b563-f20ed8315ec3,5c2d45a5-3466-4b70-8fb1-0a4d8eacd172,
402a5044-d151-4d5b-9ad6-3b22a726a020,b429519d-527f-4824-b563-f20ed8315ec3,5ee419ea-76fe-450f-877b-412beb41cefb,
2a46d983-f826-4878-81a8-aae9860e8c9b,b429519d-527f-4824-b563-f20ed8315ec3,6054c74d-b9d5-4234-91b6-c00058283004,
2ebad624-3e02-46ce-9876-58472149f551,b429519d-527f-4824-b563-f20ed8315ec3,62886702-6a66-4867-9188-0ef85fc1d57b,
945a8c2b-3de9-4a46-b9f7-6763f4d0c458,b429519d-527f-4824-b563-f20ed8315ec3,65b8e2e6-ad1a-4d2a-9f48-486f8321dd90,
19708251-d833-4583-8d28-1c0c71962acf,b429519d-527f-4824-b563-f20ed8315ec3,6bf8b908-8760-43e5-bc85-8573afc0e32d,
2cae2c46-fc10-4c1d-a0f9-6d9ae39210cc,b429519d-527f-4824-b563-f20ed8315ec3,6d1026e0-e984-4a60-bcb1-60b6eb0f6b01,
fb4af37b-d7f5-47fe-b7dc-027117768070,b429519d-527f-4824-b563-f20ed8315ec3,6fad3d55-738a-4d0b-b3d7-00f24deebb91,
2ad9a3aa-4998-4df1-b17a-e538efae3d5a,b429519d-527f-4824-b563-f20ed8315ec3,703de8d9-2fe8-469e-bc18-dec437f97fc1,
7d89928d-b141-46ca-976d-b14600ad4afc,b429519d-527f-4824-b563-f20ed8315ec3,736c4858-8ded-4533-b562-32217ae5401f,
5f6db042-b1f5-4772-bd9b-71cf17ac7321,b429519d-527f-4824-b563-f20ed8315ec3,8104f7a2-a1c8-462f-8deb-4ed7f31dd4fd,
5aa3d34b-a28f-479a-99a7-63f8f1422cee,b429519d-527f-4824-b563-f20ed8315ec3,81ecfcfe-9477-4c17-b7cf-227be6999dc0,
7788b18b-0ccf-4b1a-8f6b-b0647864bb71,b429519d-527f-4824-b563-f20ed8315ec3,8b1738fd-9c38-4bd4-9889-65c0b85d8213,
9ce2cb0d-93f9-431f-ad0a-ba4c463d7bba,b429519d-527f-4824-b563-f20ed8315ec3,927200a6-7d4c-4978-9945-97830404db36,
403730b8-181d-40e0-ba4b-b5e6507f0dde,b429519d-527f-4824-b563-f20ed8315ec3,92c521a4-b630-4f8d-add0-3e18677267b0,
e8303300-2df6-47ac-a56a-396fa61c92df,b429519d-527f-4824-b563-f20ed8315ec3,957c21fa-694e-49d5-95f4-c51e5091ca81,
fff9b545-01cf-481f-ac0f-6c9a43789f97,b429519d-527f-4824-b563-f20ed8315ec3,97826ca6-7b62-481a-8d88-dbc635d65235,
935e42f1-4ee2-4f40-9a88-da05c8a4ae72,b429519d-527f-4824-b563-f20ed8315ec3,9b8e3847-0da8-4cde-9ef4-93cbbc5e4fef,
441a515e-4eb3-438a-b3ff-43977b7abe41,b429519d-527f-4824-b563-f20ed8315ec3,9e1e5047-c9cf-40d0-b5d5-e06102647992,
abfd632a-22fc-4992-b242-3ac0fac33552,b429519d-527f-4824-b563-f20ed8315ec3,9fac1ce5-5f69-4c67-83a5-308f5dff5879,
5e07256e-fe19-46b2-adb9-912b5fa698b7,b429519d-527f-4824-b563-f20ed8315ec3,a8d83c7c-e9b4-4900-9f50-d08c39c66f68,
3bc75203-3306-4f9b-925e-c4e9c1500c56,b429519d-527f-4824-b563-f20ed8315ec3,ab53a179-266f-4e59-851a-0b25f0eb4d6d,
811ffb20-f98f-4b9a-9297-1c9904eb0686,b429519d-527f-4824-b563-f20ed8315ec3,aba363f9-2919-4989-907e-519e0423cf10,
34b07906-4495-4422-b8d6-f1547963d792,b429519d-527f-4824-b563-f20ed8315ec3,acb77253-fd41-4ae7-b1ea-18db5933a526,
c22b2ca8-6d64-4504-a17a-a22450e37c50,b429519d-527f-4824-b563-f20ed8315ec3,b63d5d84-e524-4f64-bee4-df2cfb6c0234,
c1e645e7-3e86-4ff4-98a0-f3282fd0784f,b429519d-527f-4824-b563-f20ed8315ec3,b6f6b9cd-ef3b-4a52-abec-523a1dedec59,
c28bcbb9-85ec-4694-a8be-cf2b30d49f33,b429519d-527f-4824-b563-f20ed8315ec3,b769bc38-5729-438d-ac59-58b431692c61,
362f0030-50a2-4737-aee2-9bcbde6365f9,b429519d-527f-4824-b563-f20ed8315ec3,ba2da1b3-5048-4979-b6da-9742858c8a44,
ab7b0b26-95c2-40de-a94c-3c15da19f23e,b429519d-527f-4824-b563-f20ed8315ec3,be8d0587-0453-4613-9791-991d6616f45f,
f9010e0e-c6b5-4605-8359-3e9a9944037d,b429519d-527f-4824-b563-f20ed8315ec3,befc41b2-c581-4142-bd5a-f242388ba0c6,
fe4f4e8e-8a2d-4db0-a155-84367d6ceba3,b429519d-527f-4824-b563-f20ed8315ec3,bf8e0942-f191-4385-86fd-8aaba7dba4c7,
86ca0ee4-3af1-44c8-958f-a8bae4d68210,b429519d-527f-4824-b563-f20ed8315ec3,c44293f0-d55a-438e-a29c-fad7672cdbb8,
7012f74d-e2a2-40ff-bb3e-44dd71c5649b,b429519d-527f-4824-b563-f20ed8315ec3,c54ac610-2ba7-41bb-b937-a1d2827cbf4b,
216c0a5d-6183-4169-b964-e300edf26c70,b429519d-527f-4824-b563-f20ed8315ec3,c80227e7-fba5-4113-ada5-b01c30017aaf,
cb73a5db-4ef0-436c-9968-f3858f43e8b7,b429519d-527f-4824-b563-f20ed8315ec3,cb4a4037-5aa5-44e0-aeb4-a76dec676192,
8584a0ea-8aa0-4b34-bf48-9f001dcedb06,b429519d-527f-4824-b563-f20ed8315ec3,cf881339-f038-433d-b9a2-7a4dfeda4db1,
fd992a3d-f846-401d-baa4-a4e8ebe6d6f6,b429519d-527f-4824-b563-f20ed8315ec3,d1392ef4-c8ff-4624-9ede-215e00cdb9d9,
2e83510d-f5cd-49ed-9108-c7bd23d95b1b,b429519d-527f-4824-b563-f20ed8315ec3,d9449b0f-a9a7-4404-9759-912cfe8c0861,
5f78adfa-9b22-40b2-a7ee-6d6b5c843e81,b429519d-527f-4824-b563-f20ed8315ec3,e50b4701-d645-438d-8702-db78284b643a,
bfaec353-7347-4a53-9cb7-0cf8449bd3f4,b429519d-527f-4824-b563-f20ed8315ec3,e6a28c9f-e92f-4b4c-879f-6b7a032c829f,
0970d710-b31e-45b0-97a4-f2fa1f86e742,b429519d-527f-4824-b563-f20ed8315ec3,e770826f-9f54-4c85-8122-b9170e8244cb,
5fe92b88-3212-4b8a-af64-0c813b4a3b2d,b429519d-527f-4824-b563-f20ed8315ec3,ea10a8c4-0850-4320-a6e0-89b9e76f0c33,
bd2a6fca-c56e-4d15-9dba-497098e0cde0,b429519d-527f-4824-b563-f20ed8315ec3,f70982df-f0ab-4d0c-8777-96deae8d4b4d,
fe16543f-2c43-40df-b36e-b98fcce7de7a,b429519d-527f-4824-b563-f20ed8315ec3,f7c7f2ab-858f-4599-b124-146afbadf97d,
dab434f3-38f3-4a0e-bdb2-c0d2e71c176a,b429519d-527f-4824-b563-f20ed8315ec3,fc6e97bb-369e-48e5-8463-e5d7943499fb,
f832e5c1-25bc-4444-9161-8690bb9431b6,b429519d-527f-4824-b563-f20ed8315ec3,fcd833cb-1bf2-4225-939f-a811de94f71f,
f289513e-f506-429a-895f-deb1bb0a27a2,b429519d-527f-4824-b563-f20ed8315ec3,ff03e773-f059-4e58-9c5e-767d1ac10f1c,
06ceb64f-8e4f-4d72-9e4d-88df32cf08af,b47c5704-26c8-4117-9c0b-1f844572932d,01729384-af19-4108-8938-562975ec47b5,
2040e471-205d-4a3b-a990-f8247dfe7b8b,b47c5704-26c8-4117-9c0b-1f844572932d,05d5d0bb-bdf6-409a-9d8b-b3a2ba44acda,
f08a37cd-64d4-4827-b9f6-300158ecbf4d,b47c5704-26c8-4117-9c0b-1f844572932d,0ca17051-0007-4f86-9273-0f48f35826f7,
e3705154-b976-4755-ad15-eefcabce1fa1,b47c5704-26c8-4117-9c0b-1f844572932d,116f5bda-9456-49bb-b2b1-81b26274d434,
ff8eb912-d8b3-42e8-949b-418b94ad8daf,b47c5704-26c8-4117-9c0b-1f844572932d,3df4f1ea-8b8c-4790-be97-a2f7babd0a41,
a5c3b676-2cf2-4169-8fd0-6c2b28aac115,b47c5704-26c8-4117-9c0b-1f844572932d,4285f2e8-ae5d-4c4e-95de-3e77439bc710,
cbe3ec6a-3e82-437f-a9df-c0cc15aafae3,b47c5704-26c8-4117-9c0b-1f844572932d,4ab5dfc1-a621-4155-92e1-81620ac58c6c,
233101b1-16b7-4f33-b489-9938b11c7d92,b47c5704-26c8-4117-9c0b-1f844572932d,4b77f6d3-3317-4cf2-aa31-25783e640931,
529238ed-5fd4-41f1-a298-f04f3a7731fc,b47c5704-26c8-4117-9c0b-1f844572932d,4e93b537-c16c-443f-8c73-152b649e6fe6,
e20ee16d-6a2d-456f-99de-a58c0ae05144,b47c5704-26c8-4117-9c0b-1f844572932d,58d31c84-db79-4955-a849-5fae35649348,
5144d79c-d7b6-4be2-87ab-21ad3ccb31ba,b47c5704-26c8-4117-9c0b-1f844572932d,5f2dab23-a7c2-4ca2-a451-1b94367a5d34,
b7408e5e-027b-4e56-8422-00cd26fe4aec,b47c5704-26c8-4117-9c0b-1f844572932d,6819bff9-7f30-4a32-ad23-f35b914c17b2,
72d67cf0-8208-4b54-be25-26ab3bea977e,b47c5704-26c8-4117-9c0b-1f844572932d,966f5162-8b33-4980-86ad-2bcafd387b01,
77bf0ce1-f632-4f42-900e-dabbabf8eedd,b47c5704-26c8-4117-9c0b-1f844572932d,a9a86049-0eec-4396-84a8-0d61a832999b,
8cc3c20c-821b-4baf-a11a-15e2d3e351dc,b47c5704-26c8-4117-9c0b-1f844572932d,ba74897a-452b-4429-9cdf-610b00fced4e,
9eaa1914-41a4-4cdd-80d3-84f6829004c0,b47c5704-26c8-4117-9c0b-1f844572932d,e454ad35-b81f-4e5e-90a1-124fd9169a74,
d3085238-c6e4-4a99-ba96-4fb886449fed,b47c5704-26c8-4117-9c0b-1f844572932d,ebd7eb58-bf0a-4d14-8642-a23ad189140a,
abad1ddf-bc41-4024-9f2e-b101b7d95f96,b47c5704-26c8-4117-9c0b-1f844572932d,f73abb98-bd11-4e3d-a2d8-ffdf4a76d667,
6f533a57-086e-4a43-ac71-0518264e6530,b47c5704-26c8-4117-9c0b-1f844572932d,fa0e40b5-8fdd-421b-9bda-20746a10fc6d,
a616b0e4-53e2-4156-a21e-16bfaa723f46,b4e6ba92-b094-485f-8d7c-4882bd17e8c9,019737af-003e-4d30-bd7b-2ec00060c0a8,
0bc74011-3ca4-4b2c-8276-e18148d7bb7a,b4e6ba92-b094-485f-8d7c-4882bd17e8c9,1a791911-81a6-48d7-b2f8-b57589ae168f,
263d5687-1791-41bb-8b43-fe75e49af2c2,b4e6ba92-b094-485f-8d7c-4882bd17e8c9,1b08442d-32ff-46d6-af05-77eaf57bcd11,
09e14754-2c24-43e2-8740-af0e600e0cd0,b4e6ba92-b094-485f-8d7c-4882bd17e8c9,249ff0d0-c8c3-41d0-b1d7-55f3de3130e7,
b7caaf2a-50b5-45d3-b213-eabf665e67a4,b4e6ba92-b094-485f-8d7c-4882bd17e8c9,29762ea3-136c-4582-a957-23e0b3cf4558,
02d1d095-dd70-498d-8a22-b0df5ab3a443,b4e6ba92-b094-485f-8d7c-4882bd17e8c9,2ab75db8-35a6-41f1-a311-5b88e5f682aa,
27aa08f5-92e3-4f40-a1bd-064bfd5bb7c8,b4e6ba92-b094-485f-8d7c-4882bd17e8c9,4b34652f-290e-4c52-9dbb-a099ee0e5db6,
69a07419-103f-4f73-ad8a-1b628025f873,b4e6ba92-b094-485f-8d7c-4882bd17e8c9,51f6e0f6-5b87-422f-b125-b16b99a293bd,
69368690-d6c5-41b8-bea9-85cdf2228c1f,b4e6ba92-b094-485f-8d7c-4882bd17e8c9,5ad58e19-f98a-49d8-87ea-cdb718b61a5a,
93d49a14-f015-403b-9dcf-d8121ed02883,b4e6ba92-b094-485f-8d7c-4882bd17e8c9,5ee6d22f-f24d-49bd-8bcb-0e152d7635da,
f2e67f55-6b93-4ca7-87e6-3efe84bc06d8,b4e6ba92-b094-485f-8d7c-4882bd17e8c9,688004f7-e69d-4be0-ab41-7450a1160a57,
2d0ca40f-291d-4c12-96b9-f2f52fae79f1,b4e6ba92-b094-485f-8d7c-4882bd17e8c9,72cc7c38-d69d-491f-8af7-73672772e543,
4a763ed7-8320-4cb5-8637-de5edbfd57e9,b4e6ba92-b094-485f-8d7c-4882bd17e8c9,73abb54b-c5c2-43ba-9134-a7c6acfdf6d5,
9156c6b5-f877-407c-b069-48ff16805e4f,b4e6ba92-b094-485f-8d7c-4882bd17e8c9,7403ebd2-253d-4a50-a1f5-d104d97c5f2c,
b8e33284-3606-4da7-9cbc-a72414b7d494,b4e6ba92-b094-485f-8d7c-4882bd17e8c9,79d95f5b-a6e0-45a5-9b70-f2d1f80f3667,
30abbe9a-2b63-43ce-8e64-96ce7859baa0,b4e6ba92-b094-485f-8d7c-4882bd17e8c9,7a680d77-82d7-4a8f-b753-bdd9530064e5,
cb8172bf-93ef-4ffe-9030-bf334355b241,b4e6ba92-b094-485f-8d7c-4882bd17e8c9,7ae2727a-5d00-40ff-be81-e72b517bf86a,
5e51be01-ad5d-4182-82ef-0856a6f9627e,b4e6ba92-b094-485f-8d7c-4882bd17e8c9,942d20b7-76d7-4a40-949b-6c586547e7a4,
129a26e7-deeb-4683-b9c0-f29bf830c681,b4e6ba92-b094-485f-8d7c-4882bd17e8c9,9928a8f4-9f56-4fd1-8a15-2ff449e10a0b,
e9061ea8-842d-4806-a0e1-ee60a9135137,b4e6ba92-b094-485f-8d7c-4882bd17e8c9,9c772d7f-f325-4bee-97bd-a6c79f417ff4,
65b6f8a2-6ac9-41e5-beba-64ffa4a4332b,b4e6ba92-b094-485f-8d7c-4882bd17e8c9,a12ef2c7-2350-4733-afa5-ec50e6780169,
e4848973-a476-4d4b-99fe-8cab8da2cac8,b4e6ba92-b094-485f-8d7c-4882bd17e8c9,a61d39b9-affd-4ddc-bb09-3ffa1cadd274,
292a3726-61ed-4b06-9aeb-f4fe93faf75a,b4e6ba92-b094-485f-8d7c-4882bd17e8c9,a7cca5c6-486f-43be-97e1-f1d76928c57b,
bb26fb2f-2590-43b5-ac5e-d164bee81ad6,b4e6ba92-b094-485f-8d7c-4882bd17e8c9,b1fe2ca2-cb99-4d60-b4fd-759a128e3c26,
dea3e9c9-3dd9-42d4-8053-980a71b01223,b4e6ba92-b094-485f-8d7c-4882bd17e8c9,bdfaa789-7ddb-4d73-8cb5-fe595373c32d,
5b7b64c5-4fe9-46a5-a8b5-e0ffd230c9f5,b4e6ba92-b094-485f-8d7c-4882bd17e8c9,beb4663a-51ce-409a-87e6-272912be5eea,
d5d4ff37-c49c-4c7b-ac20-be3df5435eb0,b4e6ba92-b094-485f-8d7c-4882bd17e8c9,c3c372e2-b528-4496-baa5-28c6ffdf836c,
153a52bf-734f-4f40-850b-c0d244b4d496,b4e6ba92-b094-485f-8d7c-4882bd17e8c9,c7ce5a35-93f5-4a48-81c1-985882e8dab9,
268356e0-5341-46af-bd57-e7813b381aa3,b4e6ba92-b094-485f-8d7c-4882bd17e8c9,ce5264a1-a715-4749-ae8f-61c93f50c905,
1820d4f7-4c98-42eb-b801-038bb530e433,b4e6ba92-b094-485f-8d7c-4882bd17e8c9,cf3e8998-9794-4c33-b9f0-057676038524,
4e9a7c3c-435d-4d4b-b769-44361543bcea,b4e6ba92-b094-485f-8d7c-4882bd17e8c9,d10f7055-6214-464d-87fb-f4ee300fc885,
14764a3c-cc71-40df-937b-9168f3064e37,b4e6ba92-b094-485f-8d7c-4882bd17e8c9,d39355fe-f3a3-4e58-8d20-0211b7eb12ad,
c9cf7ed8-1a28-4ed6-979f-9f565e37af02,b4e6ba92-b094-485f-8d7c-4882bd17e8c9,d66763ae-4262-4aea-a4ab-f44c5a2a8ce9,
1c7ec854-2c57-420f-a2c1-95927449eb43,b4e6ba92-b094-485f-8d7c-4882bd17e8c9,dbf92467-988d-4c6a-af5b-e18ef3e4ccc2,
fb47c3d5-9d42-458b-b48b-9e2d19e263a9,b4e6ba92-b094-485f-8d7c-4882bd17e8c9,e2bbf675-8dc2-45d0-a5ed-ca109a8e32e8,
6aa254b6-79ff-4b70-be92-9789b22d870b,b4e6ba92-b094-485f-8d7c-4882bd17e8c9,e4aaff20-8a2c-4009-9b7d-1cb0c5d3a93c,
91aa58a0-c48a-4964-8d8a-fff0d6f1b439,b4e6ba92-b094-485f-8d7c-4882bd17e8c9,e6753ab2-ae7d-4a35-a49b-381332db9801,
47782633-18ac-4a25-8bd2-826d760ff827,b4e6ba92-b094-485f-8d7c-4882bd17e8c9,e9cb0443-4c54-49e0-be50-ad4a546a1dbb,
ebdebfae-e79f-4c2e-9f7c-7962626b45a1,b4e6ba92-b094-485f-8d7c-4882bd17e8c9,e9e2ddb9-f8b3-4670-b88c-0b598b30ef57,
2a0bd441-e5b9-43e1-b76d-c1f5e7ffd694,b4e6ba92-b094-485f-8d7c-4882bd17e8c9,ea9b7a08-b757-4621-90f4-48d529b62d6c,
ad1a801a-27c5-4154-b396-2441e6ab866a,b4e6ba92-b094-485f-8d7c-4882bd17e8c9,ff9a4db6-23a0-486c-8bae-5137a369bcac,
19204a3a-d7a5-4c36-a3ce-4208dacf453d,b6532eb3-3d8a-4458-9ffa-71e28ab200d2,02bde5a2-43bf-4092-8246-ab59cd1f0b37,
de9faf2e-145b-4c88-9c90-2d367f587498,b6532eb3-3d8a-4458-9ffa-71e28ab200d2,b48621fe-6b0b-4ca9-aed5-130a5ea5cc35,
da21a7b9-66a0-4b40-bdf4-8765b48f451e,b98b1829-15c8-4fa6-aed6-9598d3949937,41c49f35-96d6-4fa1-a306-9d67978fcdb2,
2ff2f399-d97c-4853-92cd-351ac5ca8f2b,b9ecf03f-1861-438d-87c2-71e4bd2ced08,1481744e-4137-444e-8b45-6373fc5651dc,
bb37291e-b953-4a7b-b78b-a05702b9226e,b9ecf03f-1861-438d-87c2-71e4bd2ced08,dff9895e-44ee-40d8-a185-f18a5d711083,
698f8227-ef6a-4f90-8d36-a3033d39837f,ba15486e-71a0-4e04-bc25-1c21577b006d,049d120b-d54a-47e7-bfe7-47b22b6005b7,
c9096e2e-eae4-4724-967a-aad4343a8114,ba15486e-71a0-4e04-bc25-1c21577b006d,0afe5678-f63d-49a0-a4cb-d545007ce2ec,
5b70b4f0-94e4-4549-9f37-21612e7f69bf,ba15486e-71a0-4e04-bc25-1c21577b006d,0aff3308-be03-43b0-a241-a91a03034dae,
5e7b36da-8e32-4fc2-ac76-fa71f43a86b1,ba15486e-71a0-4e04-bc25-1c21577b006d,0fcd99da-3d9e-480d-b9cb-d73bee96e46d,
75d7ca2b-9c6a-4e47-90f2-4b95cf08dd00,ba15486e-71a0-4e04-bc25-1c21577b006d,12f7c60c-67a5-4889-b8ec-6f0181009eda,
54960df0-4c78-412b-9580-87b0e466cca4,ba15486e-71a0-4e04-bc25-1c21577b006d,17b2cbe4-cb26-4b5d-8a83-c9a292f670f1,
f5134ae8-d3d6-4cd3-9540-f49468bf9e59,ba15486e-71a0-4e04-bc25-1c21577b006d,1913f029-0e98-47b0-8adb-fe75ad2df7ef,
fb661ae1-7131-4e4f-b30b-05e5d03100aa,ba15486e-71a0-4e04-bc25-1c21577b006d,1983131a-937f-480f-8e7f-4fd340b5c953,
10c60158-6b8f-4253-9c5a-c93660d76e47,ba15486e-71a0-4e04-bc25-1c21577b006d,26b1ad59-5fa8-4d47-a7c3-026788987bfa,
fa7e0a9c-7269-40eb-a279-2d0766f513c7,ba15486e-71a0-4e04-bc25-1c21577b006d,27a880f8-78fe-4b9a-93a1-6a00c43486bc,
0b1aa76b-655b-4c40-9875-e5259f7fb37f,ba15486e-71a0-4e04-bc25-1c21577b006d,2b1752df-4737-4fee-8905-81a30a2438c8,
4b5fb223-7b6d-4d35-a73b-cd794c8ccf2b,ba15486e-71a0-4e04-bc25-1c21577b006d,2c738880-864e-4f80-a151-b7fccc407806,
6e66841a-9f06-4b8f-b7ce-f84d249bdb1a,ba15486e-71a0-4e04-bc25-1c21577b006d,305a78a1-57bd-4aef-b902-43b1e99779fa,
fbe0ae39-40a1-4730-aaf7-35a30585c03b,ba15486e-71a0-4e04-bc25-1c21577b006d,3a91a6fa-3191-4baa-b01c-17a6f864fe21,
badf5726-f9aa-46f1-bc9a-809d0e53fa69,ba15486e-71a0-4e04-bc25-1c21577b006d,3ff8a31c-5ca2-4c81-8419-d3267ed54e53,
d47aad82-4883-47a6-be07-39a973869e72,ba15486e-71a0-4e04-bc25-1c21577b006d,46b20184-7d62-4aa7-8978-adf0c2c1fb0e,
c4dec931-f6e4-4d36-915a-d4981e65de1c,ba15486e-71a0-4e04-bc25-1c21577b006d,62e42581-2423-443f-86b0-d7185e722bbf,
f6c7af5b-a145-4123-bae2-0ad08bda97eb,ba15486e-71a0-4e04-bc25-1c21577b006d,63e7ba85-a2ff-4148-a85d-a18d4cd4ba8f,
bad054fa-22c9-49c4-a76d-63a9c6ede411,ba15486e-71a0-4e04-bc25-1c21577b006d,69c10f30-6793-4ce9-a751-f702ed5b6f97,
da68719a-dd66-46e5-bb03-5df5cf4693f1,ba15486e-71a0-4e04-bc25-1c21577b006d,6b32fc31-cde6-4544-9d9b-dda106574aad,
c72fb06b-0c19-405d-926f-6cfa9f957c40,ba15486e-71a0-4e04-bc25-1c21577b006d,7a9b98c9-55ea-49b0-8cae-266078969d3b,
105ba3e5-71d3-4957-a64a-e1fe98aecc6f,ba15486e-71a0-4e04-bc25-1c21577b006d,811bb60e-abac-49eb-8163-c883e6cbf95b,
485f4491-6752-48bd-b5e8-c5034b579eab,ba15486e-71a0-4e04-bc25-1c21577b006d,8d60b27b-0d4f-4358-b059-b64d93255e7b,
610b2b56-0b09-4efa-aab3-8fc33c135656,ba15486e-71a0-4e04-bc25-1c21577b006d,911fdfc3-da27-4915-8d2d-3698e205e8a7,
464bc467-3151-4ea4-90a9-66cb9aca2dcc,ba15486e-71a0-4e04-bc25-1c21577b006d,97421c11-747e-41cb-a8e4-77a4a9b21fa2,
fb119b15-7b90-4218-a9fd-d2c06161eb6c,ba15486e-71a0-4e04-bc25-1c21577b006d,a06a5721-5170-41fc-9c88-3a61aa68bac7,
dce01d3f-00da-445c-acf8-cdef83c2ba71,ba15486e-71a0-4e04-bc25-1c21577b006d,a1775d96-4df8-401f-9eab-65686f4369d6,
040fd4d9-279c-4720-85bf-b95310099879,ba15486e-71a0-4e04-bc25-1c21577b006d,aa3e7e9f-f519-4400-93cd-69bf058052b5,
40ffabf9-8b36-4d5f-9646-7500891422f9,ba15486e-71a0-4e04-bc25-1c21577b006d,ac184b69-a344-4410-acb4-9fd6527becac,
62e338e7-7b52-4f7a-ba02-0be94e2cbdbf,ba15486e-71a0-4e04-bc25-1c21577b006d,acd7333b-c3f3-46ff-bb3e-606d0b338be1,
7c560983-6833-4666-97a4-1e0b1d94faa0,ba15486e-71a0-4e04-bc25-1c21577b006d,b8d10615-c634-4c73-aca4-6849df0893ef,
faedb6f0-2167-4caf-a259-cc9185afa0c6,ba15486e-71a0-4e04-bc25-1c21577b006d,cc96cb67-24c4-4ad9-8bda-ce8d90cae2b7,
f2eed022-c9b8-4b84-8bdb-25d5e348b6bb,ba15486e-71a0-4e04-bc25-1c21577b006d,dd7c6346-800d-46ed-b61a-06965e9371a6,
5f2e5303-e24f-4db8-83b9-bb7c9a1d38c9,ba15486e-71a0-4e04-bc25-1c21577b006d,e1bcd065-7c68-4f5c-a38b-026308acbf01,
36c19c5f-1811-49c7-ac74-50f580b520fb,ba15486e-71a0-4e04-bc25-1c21577b006d,f220e29b-a861-42dd-8ea2-201d6b9a10fc,
6a944033-70e3-440a-8d01-958d302efc6a,c275521c-ca76-489e-bf4a-2037efaafc8c,0205f8b1-6ba5-4c03-ba01-2e0bc049345b,
2b4be1a5-01b8-4184-b468-16fa450a0f1f,c275521c-ca76-489e-bf4a-2037efaafc8c,5d85fc61-af11-4fc9-a06f-ed51ec417919,
c1dcebeb-15f6-4aad-8e9b-261cd23afbd1,c275521c-ca76-489e-bf4a-2037efaafc8c,71aee7de-b1f0-4ce6-90f0-7de296d5694a,
00bda7f7-8fad-42fd-ac70-2b63b72715c2,c275521c-ca76-489e-bf4a-2037efaafc8c,a4dddccb-ca04-4da5-bfe4-f104b5ea5c70,
2db31fe9-f0a8-4b39-82eb-166f2a01d52e,c275521c-ca76-489e-bf4a-2037efaafc8c,b12ee1f9-73e5-4cb8-b810-3e0a8b3dc882,
4801c2a1-c593-4242-9215-1d8391e810dd,c275521c-ca76-489e-bf4a-2037efaafc8c,e12dbc61-040f-4fe0-a0d1-e6df7d6965a7,
f9c67a6c-6280-421a-ac09-7d8adb6029b5,c275521c-ca76-489e-bf4a-2037efaafc8c,e723ffc1-00ea-40cf-8320-124781c94dfe,
1d4f6eb0-42d6-4fdc-a03c-7727728ccc86,c296d346-c9e4-42f1-844d-8c54232fe4b6,7af9ef99-34da-468e-ba10-ef6b4e78886a,
6726ab12-6413-4645-8e68-1336316172de,c296d346-c9e4-42f1-844d-8c54232fe4b6,ace6cec2-c89c-44c7-bf1e-3a0df95d5ad3,
0db4b70e-49d1-4aa2-bdf8-5afd412480d9,c394adbb-fdab-45c7-8075-6a08cfb11da9,01d5ba6c-a073-417a-9879-ba4e5506f3d2,
6634b334-5f45-4dd6-aed9-f17d89466c91,c394adbb-fdab-45c7-8075-6a08cfb11da9,0a2943ba-75be-4d10-ba30-51a7b12dc6f6,
312ccff3-27d3-44d6-a02d-7d38241f428f,c394adbb-fdab-45c7-8075-6a08cfb11da9,10b65cae-4fc3-45e5-8cd5-274475ea95ce,
51731bce-4d1d-4be9-b1a7-6377c2e48768,c394adbb-fdab-45c7-8075-6a08cfb11da9,16aca6ab-7343-420c-9721-fc23664c2495,
99bcf0c7-4a29-488d-a13b-fde880da9897,c394adbb-fdab-45c7-8075-6a08cfb11da9,192b3289-e856-49dc-89f1-fef75d5f305e,
75341170-2ef6-4064-adba-0b67ef1a1411,c394adbb-fdab-45c7-8075-6a08cfb11da9,198092ea-0d16-46ee-8a1b-ab67325e5efb,
96aae3ac-f7f4-4f3d-a964-59cb008da721,c394adbb-fdab-45c7-8075-6a08cfb11da9,1ac022b3-9f6a-4c92-806b-39515f2f9f78,
ab2f3f65-a93f-4a6a-b0e7-4bb26fb14bf6,c394adbb-fdab-45c7-8075-6a08cfb11da9,31ef1cc2-a7a6-4bb1-9593-addc25c3a5bf,
62d1e142-17e9-4d0c-b846-e69e3cab7b72,c394adbb-fdab-45c7-8075-6a08cfb11da9,3eb5d79f-e999-490a-a507-c029c0277cd4,
9d626f42-3295-4698-97b5-9156a24494d4,c394adbb-fdab-45c7-8075-6a08cfb11da9,49c1675c-aeff-459b-8e25-d41c677075d2,
9eb3f0b1-ef56-4c83-9d1e-78c7e8195a4c,c394adbb-fdab-45c7-8075-6a08cfb11da9,50e3a86c-e925-4189-bf1a-045f15f98cf2,
2b52f551-0566-4181-8715-b0e4c983576c,c394adbb-fdab-45c7-8075-6a08cfb11da9,5bebc04a-747d-4c60-a18c-11dd195a36d9,
52607e21-f270-43ab-9b67-c71cb51e83f5,c394adbb-fdab-45c7-8075-6a08cfb11da9,66382bbe-cefc-4adb-bee4-73a52bdb07ff,
1776942d-3b95-43e7-970b-941506ddc161,c394adbb-fdab-45c7-8075-6a08cfb11da9,71eae084-75d5-4b90-83e3-326c2f25a439,
f3e74355-b014-404b-87d1-59bdea3a516b,c394adbb-fdab-45c7-8075-6a08cfb11da9,721b7d0c-3b60-41dc-8d85-786c91528675,
01f28a04-8fe0-4d0d-afa7-bf75a92cf245,c394adbb-fdab-45c7-8075-6a08cfb11da9,73250de5-0db9-4b55-bd9b-498c0c5141e3,
faf04d4c-766d-4529-b7fd-af8285c308af,c394adbb-fdab-45c7-8075-6a08cfb11da9,7ae1d503-3967-4a8a-88e9-4bf39eb9be01,
a5aef7c8-618c-4971-92fd-828420de8e35,c394adbb-fdab-45c7-8075-6a08cfb11da9,7dd9e209-95e5-47f7-8935-79c9b22fd2ed,
c4a00f13-07a8-4a1d-a11a-48f37c5df7e7,c394adbb-fdab-45c7-8075-6a08cfb11da9,7df80453-c64c-48c4-b077-792bd7936207,
5a608206-ff76-45e1-abbc-6de6de53f729,c394adbb-fdab-45c7-8075-6a08cfb11da9,8659e767-8d77-4cf2-90fc-4ae2236ab05b,
5c6911d3-26c5-4ec1-bf78-da7f572c3676,c394adbb-fdab-45c7-8075-6a08cfb11da9,9b25aab9-180c-4f8e-9e6f-20bedd0a8c17,
8e1ac8fb-04d4-47ff-b945-3018fe15a91a,c394adbb-fdab-45c7-8075-6a08cfb11da9,a25c6fb3-db27-420a-90b8-98329fa31788,
706a1fbf-3560-42a9-8781-98066968100f,c394adbb-fdab-45c7-8075-6a08cfb11da9,a7cd18aa-299d-437f-b50d-040959d82421,
7026f4cc-be20-45ad-8eae-9872dc6856dd,c394adbb-fdab-45c7-8075-6a08cfb11da9,baf3f672-b360-4dc8-a28b-8c9766d3f3d8,
8da39585-344a-4a61-b2ea-ff00e7f31369,c394adbb-fdab-45c7-8075-6a08cfb11da9,c9b27458-ab7f-463c-a67e-d9e03e2d7543,
2b0c09e1-4ec2-4b9e-a4d7-af36f0320e19,c394adbb-fdab-45c7-8075-6a08cfb11da9,cc89f920-4cd8-4036-9818-58920878af03,
5b5332cf-0f1a-4b25-9255-3c0d7a26a0e9,c394adbb-fdab-45c7-8075-6a08cfb11da9,dc54b597-ccc6-415e-8d74-f80fa2f3e807,
bab55c7a-3bf9-4c71-87fe-13aa8b4fdd35,c394adbb-fdab-45c7-8075-6a08cfb11da9,f562de0b-a5e3-4e33-b856-f4a44a6abe05,
9ebf5d85-066f-46b9-a86e-5dd567926fac,c394adbb-fdab-45c7-8075-6a08cfb11da9,f8043b8e-4025-498f-8cf0-f6fde30bbe38,
b48b6d52-38e5-4b01-9747-8f4b39040459,c394adbb-fdab-45c7-8075-6a08cfb11da9,f99261fc-eaaa-4e86-837f-6cbdcc1ff8a5,
3d612192-83e5-4f34-b7e1-74dc4ea3df74,c4b1287c-5a7a-4fd8-83b2-7cd592c161e7,,1898c786-dc57-48e8-90fd-bfe395195f65
21a337bc-6171-4a32-a001-20ad573a9d24,cbbddb86-5415-4d25-a990-e78450c90977,082cf3a7-24ea-44c0-a473-cf5aa2e90687,
9c9580e1-6c61-46c5-b6c2-2f88e3b22f4c,cbbddb86-5415-4d25-a990-e78450c90977,09a90cf9-fd43-4501-bc84-053468726c99,
e2727710-665b-4e60-9402-4944c39f2fe3,cbbddb86-5415-4d25-a990-e78450c90977,19517199-c105-4f3e-96e0-4bda36e428bb,
c7e98f47-ad2d-4c5e-b380-2146dc68bb54,cbbddb86-5415-4d25-a990-e78450c90977,1e5bc75f-639d-4c7e-aeff-9d004e07b8b3,
fb06de23-fb37-4c0a-95a1-b7632e061de1,cbbddb86-5415-4d25-a990-e78450c90977,1ffee96a-b991-4988-90f8-325de4395f4d,
b2ac27a6-7767-49e7-b0e5-b17db2f1c2b5,cbbddb86-5415-4d25-a990-e78450c90977,2251a08d-7d47-4f12-a619-45dfc38757cf,
51c35efb-4dd7-4f5f-b489-7a92e5fa1415,cbbddb86-5415-4d25-a990-e78450c90977,239d8542-7801-482b-9d2a-746e5ba761eb,
1d1a8e75-1e93-480d-b531-63e2305383c1,cbbddb86-5415-4d25-a990-e78450c90977,2611a3ee-c78d-495d-b717-819d6080e191,
9f87cb43-4ec8-4be1-b394-b8ee2514ff43,cbbddb86-5415-4d25-a990-e78450c90977,308fb6f3-aa11-400d-8ff7-d33835e7b7c8,
3227e863-8962-4a89-a307-bc2c960ffa5d,cbbddb86-5415-4d25-a990-e78450c90977,31fa82fc-a01f-4b13-99d1-2a77fbbd5deb,
1fccaf6b-2a00-40ef-a8e1-c0ce3e35602a,cbbddb86-5415-4d25-a990-e78450c90977,3a755363-021a-4760-baac-7ffd271f95ef,
44724bd0-1b80-451a-bd1a-4b98823c5828,cbbddb86-5415-4d25-a990-e78450c90977,3f1d947c-cd2c-48f4-9d09-7d6b05b59ff1,
16441cf3-2d61-4d01-9b79-3f3ac3e9352f,cbbddb86-5415-4d25-a990-e78450c90977,3f312e99-d3c3-49bc-9c62-81b49f227789,
bd8bc292-0f40-40e7-b108-b490d5738d88,cbbddb86-5415-4d25-a990-e78450c90977,48545b21-85bc-49b2-ae4b-6aec06539249,
aca2fa3c-4363-4f64-af44-103ff7b42d57,cbbddb86-5415-4d25-a990-e78450c90977,4878b2ce-fceb-4a24-b5b5-a253e86d3999,
5fba1163-9eac-4b1c-a9ba-db0598fb21e6,cbbddb86-5415-4d25-a990-e78450c90977,5162aa0a-1dec-47a3-9898-2b5ae1bba610,
23413b97-3027-4f79-808a-9757a21b5608,cbbddb86-5415-4d25-a990-e78450c90977,58bdf55a-7c58-447e-85d1-bfb7919cf074,
01f64be9-f199-4692-971d-0aad832e8fd3,cbbddb86-5415-4d25-a990-e78450c90977,59c4665c-601f-4922-a74b-22f024a40ed9,
5f220aa7-1757-4e4d-813b-e3a3b1ad9c9c,cbbddb86-5415-4d25-a990-e78450c90977,5e25df68-a5ba-43c7-964f-9e7618c67706,
2d2a116f-c8f8-4f74-8189-f4bf9bb61371,cbbddb86-5415-4d25-a990-e78450c90977,61789b6b-9b59-4f66-8c72-f27f209b728e,
e477abf9-9c08-4386-a4c0-cb7b93f4ed6d,cbbddb86-5415-4d25-a990-e78450c90977,650e5d99-e560-47af-99bd-e7774d65e931,
d9f1450f-80e2-467c-b0ca-6afc716cc662,cbbddb86-5415-4d25-a990-e78450c90977,6ab729ba-bd53-4721-af8b-3e353ceeb690,
14cf39f9-6f51-4e0e-8bb5-3d8990194d00,cbbddb86-5415-4d25-a990-e78450c90977,70a12af5-ca78-436e-ad3c-012f6261e2b4,
9629d114-e577-4d3b-9741-7379c289ca79,cbbddb86-5415-4d25-a990-e78450c90977,96684636-ca83-46d3-96f5-ddcd78de49f3,
a221299e-0ed5-46df-8584-861a4bd8f3fc,cbbddb86-5415-4d25-a990-e78450c90977,9aac48b0-d5e0-4224-8d55-6d0b6c588445,
bc474c00-9446-45ad-b18e-c116a86f593a,cbbddb86-5415-4d25-a990-e78450c90977,a267cd67-ac06-42e7-8575-5c3b3273b657,
d0e5cbd8-6db4-4cb0-8479-52fbed5d458a,cbbddb86-5415-4d25-a990-e78450c90977,a3d93c70-b390-40d2-bbc7-fc1743a4d664,
ae3a1040-d856-41c9-a733-aa0b925e74b2,cbbddb86-5415-4d25-a990-e78450c90977,a43d78a9-8b85-4a58-ab48-7c1cf9474ebb,
66b44335-ce50-46bc-9bd4-1efb6c757e28,cbbddb86-5415-4d25-a990-e78450c90977,a642a289-a393-4d89-82f4-5c23e521c243,
574f1aa1-cd1d-4462-a04d-6538067a76fd,cbbddb86-5415-4d25-a990-e78450c90977,bc190839-c3af-471e-a1ea-68315dd73668,
b6f24336-d7e6-4a88-a89e-148f9f2bb67a,cbbddb86-5415-4d25-a990-e78450c90977,d7ebf5fa-cc4b-4de3-a9e7-54a6f2253121,
a936c87b-41e3-47a8-8cba-9fac9d905538,cbbddb86-5415-4d25-a990-e78450c90977,e1a1a4aa-200e-4b8f-8e7b-937e8c1ab691,
ac613433-b80b-4dbe-b19f-3c8b30f7e92f,cbbddb86-5415-4d25-a990-e78450c90977,e983c04d-e201-464f-9419-9554d9b5fb4a,
6022900e-06d0-49de-aff2-da47ddee0650,cbbddb86-5415-4d25-a990-e78450c90977,ede82e9d-010a-4c21-9fee-1b238231bbe9,
33a429c4-f8ae-4525-b3c7-d22f2383c962,cbbddb86-5415-4d25-a990-e78450c90977,efc394d8-8b8a-45d2-8c00-fe021b6f3ffc,
0f38e5fd-319b-4d4c-97ee-38410a4f450b,cbbddb86-5415-4d25-a990-e78450c90977,f01b1160-2d9c-44f2-8058-a2d2ee1d24ac,
4ef24c82-367f-44d0-93e4-0613ca048c31,cbbddb86-5415-4d25-a990-e78450c90977,f15ceda3-7301-45ef-a946-1e5e3a280067,
2dbf652a-daa9-4759-ac46-a3f27a432d63,cbbddb86-5415-4d25-a990-e78450c90977,f3d1cf61-a7d7-4edf-be6e-f8df5da47454,
d98921d4-4ba5-400c-8db0-3e15427749ea,cbbddb86-5415-4d25-a990-e78450c90977,fe1ca638-8dba-4dfb-97a0-a777e39efacd,
f77db8e8-4a8c-441c-bf32-9efc5482860e,cca207d1-e5e3-46bc-a6f6-8d863c96695c,0869012c-0ffc-4230-8123-eba0e219aa54,
1b07ed33-be2b-4a91-89bc-5371c317af96,cca207d1-e5e3-46bc-a6f6-8d863c96695c,2178fcd7-9ccb-41d2-a112-f34e5e60abd5,
1b9812e2-1c39-4a0a-b099-5f984f4aae4a,cca207d1-e5e3-46bc-a6f6-8d863c96695c,2692a61b-9d6d-4b0c-bde6-f2724f5c085e,
37ec1e80-5118-4fbb-9d11-64b0afdf58df,cca207d1-e5e3-46bc-a6f6-8d863c96695c,290cf0e0-71cc-45ec-b28b-c54bb565b973,
e6d0fe1e-872e-4ca8-976b-994f3c72ea38,cca207d1-e5e3-46bc-a6f6-8d863c96695c,3c5ae0fd-4934-4c17-9ea2-49aba6513714,
a5c903c1-8273-4db6-9e29-c60ead0876e3,cca207d1-e5e3-46bc-a6f6-8d863c96695c,4df5b5a7-e890-4183-8136-dce734dc317b,
6844e8fc-d1a6-40f5-b870-a35968067b3e,cca207d1-e5e3-46bc-a6f6-8d863c96695c,69a2d1a3-76c4-4c09-bd66-9ee470c33ec5,
a2717f90-8b87-4a35-95c3-fa247ed63fdf,cca207d1-e5e3-46bc-a6f6-8d863c96695c,7988f78f-d00f-48a8-ac7c-e271a1079d64,
e14dc082-fcb0-4251-a464-f8d1f8eef24a,cca207d1-e5e3-46bc-a6f6-8d863c96695c,9602a6fc-d2a2-4851-98f4-41e6836b97e3,
2252140e-167e-4061-8adf-84d1043c8c8c,cca207d1-e5e3-46bc-a6f6-8d863c96695c,96f7c19e-9b56-4b04-929c-622a72bc32bd,
de7085a4-641b-49dc-bae9-b864a9ece267,cca207d1-e5e3-46bc-a6f6-8d863c96695c,a4c84b59-36f0-4688-a10c-efb769b9ca6e,
0ce3540e-dd3a-453d-9cb8-b102e809cc18,cca207d1-e5e3-46bc-a6f6-8d863c96695c,bcb417e0-3abc-4eba-aa0c-9bfa1c02c076,
b0a52a53-00ce-476b-8ba3-1e991d17e241,cca207d1-e5e3-46bc-a6f6-8d863c96695c,e3d27f06-4763-4ff5-9e1b-c175b7d4c638,
9ddf7eec-ca23-414b-b6d4-9e4c2e28dc46,cca207d1-e5e3-46bc-a6f6-8d863c96695c,ea3b0ab5-12fb-4cd2-a02e-3da4dca50f22,
c5a4b996-bd19-4c80-a844-87917bee7f9d,ceea53cd-7b86-4b71-b0ac-37d8997fc950,300c6d3b-b795-4647-938d-4248a230854b,
8375385a-334c-4e79-8405-16a8b03f5e09,ceea53cd-7b86-4b71-b0ac-37d8997fc950,53aa3855-be51-42f8-8862-21e90fcc1809,
d900a12b-e4d1-43a4-a056-5079f759d116,ceea53cd-7b86-4b71-b0ac-37d8997fc950,71b9e35c-e493-45e7-8617-469daec4c63e,
42c12ddd-3c71-428f-916c-3c9c8afc6a3b,ceea53cd-7b86-4b71-b0ac-37d8997fc950,b50ac9f6-ca21-4b4e-87b7-b83f2e79f759,
a3073316-5e48-45ca-9899-b609f6bceb44,ceea53cd-7b86-4b71-b0ac-37d8997fc950,ec6f54a9-6b2a-4294-97e6-22c92f1019fe,
951b1631-18ee-43b7-9d26-9d5ab3a1b2ed,ceea53cd-7b86-4b71-b0ac-37d8997fc950,f276cab7-2664-4b0e-a9ee-027ac063a7a2,
58174f6f-92a8-444f-8779-be418019dc0f,d0262353-d2bd-4037-8d86-68ad38320a63,07fc67f6-b36c-47c5-9ded-84ea91763697,
0e00ad7c-8f39-4200-b2ef-b1e0bb06ab8d,d0262353-d2bd-4037-8d86-68ad38320a63,1463d479-9baf-4204-a473-cccdc6f1eb5f,
61d5db26-6c75-4454-9f51-8fc2e16bbceb,d0262353-d2bd-4037-8d86-68ad38320a63,17208f4d-7af9-4e68-8b8b-5e9ba1e6d49d,
caf2caff-8db9-4646-acb2-fdeaae17aeaa,d0262353-d2bd-4037-8d86-68ad38320a63,2f2d9b50-f1c8-45b9-b11f-a10aaf3d7ccd,
c8b345d1-a545-4aa7-ad6d-ff3671c25e86,d0262353-d2bd-4037-8d86-68ad38320a63,3afdf4ad-4c61-483d-b0c4-48990df8505d,
3fd42c0d-39f2-4977-b2fa-6b969c733893,d0262353-d2bd-4037-8d86-68ad38320a63,3ef88efb-8ada-4bfc-abe0-a00b091fde2e,
ae8faabd-f3fa-4ba6-82e8-19d12d429ce0,d0262353-d2bd-4037-8d86-68ad38320a63,4a3c3ac6-243e-47b6-a070-f3f839446068,
3bd5d100-a80d-4211-bd79-8ce7883e410e,d0262353-d2bd-4037-8d86-68ad38320a63,4e4a1492-373d-4663-90da-b0c3fa34d09c,
6eec2cea-7047-4880-9dad-8df23d78bc27,d0262353-d2bd-4037-8d86-68ad38320a63,583566a0-ad35-44b8-b8d0-1ac8ef8b6dbb,
4c0ef95b-b773-41af-ad71-9d1adf8acf95,d0262353-d2bd-4037-8d86-68ad38320a63,58a04b40-e1bb-4b2d-8f1d-f72c4a3bda1c,
aed0646d-4ec5-40ca-8774-e86f9280c993,d0262353-d2bd-4037-8d86-68ad38320a63,5a6f4a4e-c7fb-475c-b564-cda95f75b7ed,
e3956f74-dcc0-481c-8137-85d8ea6e5db7,d0262353-d2bd-4037-8d86-68ad38320a63,60fcb330-3b5e-4eb4-9865-f2b699d975ca,
49070a56-315a-493a-9634-05ed83b40fc1,d0262353-d2bd-4037-8d86-68ad38320a63,780d0307-c0f2-4d96-b283-a312a363f1dd,
6bec39fe-41cd-4296-ad08-52402860ec7f,d0262353-d2bd-4037-8d86-68ad38320a63,799d5b7d-69a7-4d93-ae9f-1b3e6462e256,
ea8036c6-d324-4bfd-860d-0cf2baac5e5b,d0262353-d2bd-4037-8d86-68ad38320a63,88f03fd5-9770-4160-a0bd-0f91a02ac6c1,
f0f79302-afdf-457d-84ff-fe906c007a13,d0262353-d2bd-4037-8d86-68ad38320a63,8955d9ca-5ecb-4f47-bfcf-bd7c5d83fecc,
550dae8f-e81b-41a5-bc06-4d1f81ab248d,d0262353-d2bd-4037-8d86-68ad38320a63,8d58b39b-7d67-4cbc-9e21-94c255c6a08a,
2d4ee9e4-3276-4b08-ba25-75b87b30ad25,d0262353-d2bd-4037-8d86-68ad38320a63,97cd71c5-2360-46ad-8b87-7a91599cf34a,
f11a888c-0250-46a3-8946-cca9e3e6e324,d0262353-d2bd-4037-8d86-68ad38320a63,a83d4595-55b9-4d40-bf5c-151d82e9c418,
0aa6e083-5b05-4a10-bc34-4bd14a917af8,d0262353-d2bd-4037-8d86-68ad38320a63,b9c1a7e2-cccc-4afe-a51c-e55a621089cc,
82e56647-a25a-4dc1-8b1b-ae109d6b7df9,d0262353-d2bd-4037-8d86-68ad38320a63,d1822b92-2a0b-4a15-b637-8056f2e70aa6,
903b87af-05c4-4b31-a994-3b0af7b11fd3,d0262353-d2bd-4037-8d86-68ad38320a63,d4110a70-17e1-4d97-93e3-63d159bafc35,
fb9e5f50-9ac9-4b2b-83b2-dad602905ad2,d0262353-d2bd-4037-8d86-68ad38320a63,d567ca33-a539-4a7b-b5e7-49b6f12cb70a,
cca7e282-cbdb-4cb7-bb53-556e8dc631a1,d0262353-d2bd-4037-8d86-68ad38320a63,d98d62aa-db25-48f6-a2e3-16e2fe286d57,
a7f76da1-eef4-4835-b87e-f6afbbb94855,d0262353-d2bd-4037-8d86-68ad38320a63,e0fe0ac6-f6e5-44bd-9b76-a56cf8c80cbe,
9af044ad-f045-437e-8166-be7286453cb6,d0262353-d2bd-4037-8d86-68ad38320a63,e702287b-7a25-4867-86bd-60ce740a69a6,
9f4b1911-cbfa-4565-8d94-4bea796abed6,d3bcf936-0d52-4f2f-915c-2d8a706c2a0c,04c417e9-e2e2-46a7-a092-2276a39ed59e,
e93e2da4-6f60-4b92-87a5-e503a70b6cab,d3bcf936-0d52-4f2f-915c-2d8a706c2a0c,138558d7-8162-491b-a040-ea0351f82147,
cf69120c-16c9-4364-94ed-5c745f93af6c,d3bcf936-0d52-4f2f-915c-2d8a706c2a0c,1cb77dd3-9eed-44c7-98f2-4e41c4711ffe,
cf2ce989-3b41-45c5-a951-75b640c1339a,d3bcf936-0d52-4f2f-915c-2d8a706c2a0c,24ab92a3-f6ae-4409-be10-4448a926719b,
0f01335f-97df-479e-9307-7fe7ab5d8cad,d3bcf936-0d52-4f2f-915c-2d8a706c2a0c,284ffb43-06a6-46f4-848d-e6eb6bf92faf,
1fb4f0f7-ba5b-4684-96d8-be4e33af4fb4,d3bcf936-0d52-4f2f-915c-2d8a706c2a0c,29ebbcbd-2de2-426e-bfef-d37d60cd875c,
180bb363-4eeb-407c-aa18-91d3ff02cc8c,d3bcf936-0d52-4f2f-915c-2d8a706c2a0c,42e30797-f483-41c0-9aad-b052f6933e9f,
739bbd76-6f41-4c6b-a7c0-2b419a49ac37,d3bcf936-0d52-4f2f-915c-2d8a706c2a0c,52983dcf-538a-4646-9ded-99a9618b80bc,
02a2c8bd-84be-4ecc-b807-b200ab529acd,d3bcf936-0d52-4f2f-915c-2d8a706c2a0c,563e2997-98e2-4120-9f7c-a58332eddbbd,
049f0c9f-547c-413f-aef7-3adba4e70251,d3bcf936-0d52-4f2f-915c-2d8a706c2a0c,58d65119-78bc-4038-9a90-a03441bbb261,
0179c528-94cc-4e9d-b981-f4573ff5f6e1,d3bcf936-0d52-4f2f-915c-2d8a706c2a0c,5a9123d6-c697-4b1d-a3e2-7d13727c0903,
a8afb4ca-10f2-46ab-a7f7-c7e799eef4ff,d3bcf936-0d52-4f2f-915c-2d8a706c2a0c,6876b697-fcca-42ee-b8c1-7c69cba6d471,
a4c84442-1567-4748-a938-7ffb8bf59f6f,d3bcf936-0d52-4f2f-915c-2d8a706c2a0c,6b8defce-f964-416c-a3d9-58bc9b80322b,
a9e1adc5-d8b5-4596-b296-f3c061865530,d3bcf936-0d52-4f2f-915c-2d8a706c2a0c,7751c2bf-57f5-4a85-bb2f-45a3f71a5d85,
4e7e1b38-2c07-4e3e-b69c-c301c49669ec,d3bcf936-0d52-4f2f-915c-2d8a706c2a0c,84b7a139-bc6e-48d1-984f-24799d1b41d0,
ff928dc8-eb27-4b0d-b388-ee2cdfda8c2e,d3bcf936-0d52-4f2f-915c-2d8a706c2a0c,87c7780d-95f5-43b4-8e1a-3ed8c7c1c4dc,
da6ce8a0-bd61-4902-913f-029a9c2cc351,d3bcf936-0d52-4f2f-915c-2d8a706c2a0c,8cd67fb6-c244-4334-abc2-9744ae329807,
2ee96623-4b2f-4fd8-9a8e-37d5af12984d,d3bcf936-0d52-4f2f-915c-2d8a706c2a0c,9e17f80f-bfbb-4977-a77b-e38cc8dc328d,
2d8b0ffa-7def-4d92-bc97-9abb7f20b068,d3bcf936-0d52-4f2f-915c-2d8a706c2a0c,b26388c2-c93d-4699-84c7-7baec726e5ec,
4146b9cf-13a8-468f-a14b-5b23ddc08c72,d3bcf936-0d52-4f2f-915c-2d8a706c2a0c,b5e80368-2fd3-4b70-ad31-9e3dac3b21b1,
e97924f9-0d0b-4f64-ba2a-e445e7833d19,d3bcf936-0d52-4f2f-915c-2d8a706c2a0c,b64a12cf-c724-45c5-a37a-afce48965d9e,
2a0b11e3-075a-4455-922a-e594f2461743,d3bcf936-0d52-4f2f-915c-2d8a706c2a0c,bcb4b0bd-71fa-430b-9af0-183bf5e49338,
068b1885-1986-47e8-a942-f991f1752881,d3bcf936-0d52-4f2f-915c-2d8a706c2a0c,c8488056-3893-4432-8cf2-dd0414942d5b,
1ff1f746-6932-440b-a83c-87f76b460bab,d3bcf936-0d52-4f2f-915c-2d8a706c2a0c,cc63cc18-5a0d-4ae3-81c4-07f03e1e1484,
1f327033-b104-4e66-9237-e66eb5b90133,d3bcf936-0d52-4f2f-915c-2d8a706c2a0c,e67ab920-b73b-483c-8322-a7520fe30ef3,
99e0585e-3e23-4e3f-88d0-133cd1e5a511,d3bcf936-0d52-4f2f-915c-2d8a706c2a0c,f04e0e18-8b00-43d7-9b9d-ed56ccf51efc,
7988e92e-14a6-470e-bec1-8e40568de9bb,d5beb016-7cb2-4da3-9796-1fb5bcc9f5de,002db491-9f70-4bf9-af18-f1495dba28e0,
217e71a6-2814-4e78-8fe1-374e7aa1674e,d5beb016-7cb2-4da3-9796-1fb5bcc9f5de,00dad733-cacd-40e0-9f30-1ac52fbf78fb,
c5026db4-49e0-46e0-9a36-23ab2d5264b8,d5beb016-7cb2-4da3-9796-1fb5bcc9f5de,0123025f-c717-4658-892d-41a852834141,
522674ae-e8b9-4540-89ae-f8e59a6c0ee3,d5beb016-7cb2-4da3-9796-1fb5bcc9f5de,019bc148-4b57-4547-b977-43a5823ada9d,
0ff43684-1cc7-46db-b8a9-fa1b9e806e79,d5beb016-7cb2-4da3-9796-1fb5bcc9f5de,041d7d20-1166-4346-a825-90cb1a8233cd,
64e0a519-3b89-4f67-b878-9c72ad4170f8,d5beb016-7cb2-4da3-9796-1fb5bcc9f5de,06b2a39c-1729-45c0-b574-7526b6278ecc,
8abb9d63-7b11-40c0-be54-d9f5a0a8ae3b,d5beb016-7cb2-4da3-9796-1fb5bcc9f5de,074b6363-78f0-47c6-a352-27cfbc787a77,
0a778f78-d38d-4168-9a3b-2d7606a2b7d6,d5beb016-7cb2-4da3-9796-1fb5bcc9f5de,0a205857-cb81-4852-9576-ef1e6caf26e6,
7473d27c-8d9a-45d8-af13-00a3bb1f836d,d5beb016-7cb2-4da3-9796-1fb5bcc9f5de,0bfe185f-f979-43dd-b5a0-1c688ec4f83d,
7e68c774-17fd-4870-b18a-2d79d152f411,d5beb016-7cb2-4da3-9796-1fb5bcc9f5de,14696fc3-ddef-4536-beaf-b802e21efa37,
b912b11e-95a0-491f-a85e-f89dd7e1d5ca,d5beb016-7cb2-4da3-9796-1fb5bcc9f5de,155a6b61-8726-4469-b69f-f0b456b6af9a,
508969bf-6f4e-405c-abfd-75333827d238,d5beb016-7cb2-4da3-9796-1fb5bcc9f5de,16fb53e6-2809-422f-8f58-05171aaf34c0,
2071f709-2d1f-4c59-8804-4fd806aa446c,d5beb016-7cb2-4da3-9796-1fb5bcc9f5de,305b469e-c593-4259-81e4-4699974c43b5,
10c2911a-98b4-425e-b70e-61b6c03e2c8d,d5beb016-7cb2-4da3-9796-1fb5bcc9f5de,332b37c8-6c88-4b8a-91bd-d20f0fe28db8,
93b0719d-1e2a-4e2c-87c7-7cd33c6c1552,d5beb016-7cb2-4da3-9796-1fb5bcc9f5de,396ba123-bf5f-471f-81fb-82a97674800b,
3ac776e4-a792-45f1-9f2e-a3d438e80007,d5beb016-7cb2-4da3-9796-1fb5bcc9f5de,3be6b7a1-5104-415e-a1b5-abfad6563d02,
d2f8d8e9-d08c-45ea-b0d0-b2dbf2748da3,d5beb016-7cb2-4da3-9796-1fb5bcc9f5de,3f543cf6-9195-4792-86dd-ae80e81bd826,
b6ee65ff-9196-421f-b19d-ce6101230ec9,d5beb016-7cb2-4da3-9796-1fb5bcc9f5de,41dad80b-a327-4cf7-affb-cd06bcdebd2e,
89b95a02-c003-483a-b113-a92b56cead52,d5beb016-7cb2-4da3-9796-1fb5bcc9f5de,445ee175-1895-4edb-a398-eea237ea2ce8,
03ae25db-c763-45f9-8ea6-a02b4b46f055,d5beb016-7cb2-4da3-9796-1fb5bcc9f5de,4ca05e76-7b64-47dc-82ce-52255cab143a,
8e8b92be-57d6-4870-a3ea-e7f431eb1ff7,d5beb016-7cb2-4da3-9796-1fb5bcc9f5de,52a6bbf2-e0c4-435a-afea-23981d5fdfcc,
6dc1700e-f696-49fe-aa47-2743618d11c0,d5beb016-7cb2-4da3-9796-1fb5bcc9f5de,53a1116f-4b12-47ef-b4c4-275fbf74f2f3,
14344722-ea9a-476c-aad4-ef1a3b15d649,d5beb016-7cb2-4da3-9796-1fb5bcc9f5de,5b7dba0a-af1f-491b-a823-bb9146b5408f,
dea7cfe5-af48-4648-9834-3e92c4e36710,d5beb016-7cb2-4da3-9796-1fb5bcc9f5de,5c3287fa-bc03-45d2-ba73-62d952ec0f56,
5b4661f4-dde8-4004-a894-2b88346569b1,d5beb016-7cb2-4da3-9796-1fb5bcc9f5de,61765f2f-32f4-4fba-a3fa-881c6dd1ac03,
2ee3fcea-08e7-43f5-a371-de03095fb0fc,d5beb016-7cb2-4da3-9796-1fb5bcc9f5de,644e2bcc-803a-449e-ad75-3f48d246e69d,
4038b2ab-5d69-4cbe-83b8-6a755ea9c7a3,d5beb016-7cb2-4da3-9796-1fb5bcc9f5de,66f648a2-a8b4-4054-a36d-ddc84c64b5bf,
de1dae60-0620-420d-8e96-aac15dc13b63,d5beb016-7cb2-4da3-9796-1fb5bcc9f5de,6883f15e-489e-41ee-9e34-09e8f516b53f,
0d0c888e-6977-4f90-9471-54b8f106baa9,d5beb016-7cb2-4da3-9796-1fb5bcc9f5de,6945596f-4a69-474a-9d22-ddc34801563a,
b96a655e-48eb-4ab6-b1f2-f65d305d4ca2,d5beb016-7cb2-4da3-9796-1fb5bcc9f5de,6aa25f58-e158-4b09-9531-f520d1bed810,
016c0cbb-911e-417c-90c2-3eb9b5b5d68e,d5beb016-7cb2-4da3-9796-1fb5bcc9f5de,6d4bdf23-f437-452d-85c1-66d19d5e293f,
8e91f0c2-f392-4470-9792-4bf979f818b5,d5beb016-7cb2-4da3-9796-1fb5bcc9f5de,6d6e4c15-5dc5-4d8a-a6c1-a5791652c04e,
5c14abc0-976a-455c-9b8f-19c6b4041e30,d5beb016-7cb2-4da3-9796-1fb5bcc9f5de,721c142d-60a2-4c80-ab09-a796b4e3215b,
8254b599-0c68-464d-b5fc-1cb54567f0c1,d5beb016-7cb2-4da3-9796-1fb5bcc9f5de,7b52fdff-e6cf-498a-b5f4-eb27d30fbce1,
1194777c-747e-4e29-a57d-2ce04f45323d,d5beb016-7cb2-4da3-9796-1fb5bcc9f5de,82b5cca2-3393-49d6-963c-b10a0593d300,
572a3cd0-8969-462e-af9d-e591c4eb8df0,d5beb016-7cb2-4da3-9796-1fb5bcc9f5de,87c7c51a-3000-4db8-977b-ee001d0d6197,
9842d340-4c32-454e-a3a1-57d6c44ee01c,d5beb016-7cb2-4da3-9796-1fb5bcc9f5de,88af400b-43d3-408e-ba63-f37da456b647,
f2e71fd2-111c-4b18-90f8-ab553b117b21,d5beb016-7cb2-4da3-9796-1fb5bcc9f5de,88e06545-1ef3-4128-8f85-f5172b0eed46,
838014fb-7d16-4b34-bc23-c428c34902c0,d5beb016-7cb2-4da3-9796-1fb5bcc9f5de,8a838953-2b4e-4d84-b440-48b2f35d63c7,
8c981637-6310-4417-892c-ce1078b03365,d5beb016-7cb2-4da3-9796-1fb5bcc9f5de,8b9381e1-a449-4dcf-a2b7-a545cd26dd8b,
2501081a-c96e-49df-8445-9de4ac8a37ee,d5beb016-7cb2-4da3-9796-1fb5bcc9f5de,90e5c182-90b0-45bc-aa1e-b1fb4ff5b4b0,
9be8fee5-4962-4278-9cae-2294cf96267e,d5beb016-7cb2-4da3-9796-1fb5bcc9f5de,912b9b22-abd0-4c24-87bd-6292948e7d6f,
457beecd-0b4e-464b-a19a-51346f4adcf3,d5beb016-7cb2-4da3-9796-1fb5bcc9f5de,93cea1f1-6bba-4c0c-bc87-b062d9af911a,
48208571-e528-48e1-b8f9-7f4408f7fe51,d5beb016-7cb2-4da3-9796-1fb5bcc9f5de,97bd9500-8325-46c8-b2df-aa8dada7b956,
1ee9bf4f-e2c7-42a4-ac05-e246c9717d2b,d5beb016-7cb2-4da3-9796-1fb5bcc9f5de,9b8fdb13-6543-4e50-bc71-2925e1de08f6,
cd05ab45-4fcc-437c-a27b-3b9f7cc96b76,d5beb016-7cb2-4da3-9796-1fb5bcc9f5de,9c158eab-2cf8-4b9d-8317-4ee12e34a663,
eeb54a18-ca1d-4f3c-95c9-5ece54dd7090,d5beb016-7cb2-4da3-9796-1fb5bcc9f5de,9ec06e51-aac2-44ff-b0e4-d209121ef12b,
cae43e3b-8eb7-4949-bc0d-52688989fbba,d5beb016-7cb2-4da3-9796-1fb5bcc9f5de,a2d19f23-c7fc-490b-83c7-22289bca5683,
433b1a02-6a11-4c3a-b449-7ed7fcb6fb36,d5beb016-7cb2-4da3-9796-1fb5bcc9f5de,a505e0ef-aa6d-4f75-8775-d02793bbe07a,
3ae2696d-a245-4284-b74b-0edc5b408793,d5beb016-7cb2-4da3-9796-1fb5bcc9f5de,a55e9bab-38f0-426c-885d-389430337697,
11b2c4c3-8e93-4c8b-bf9c-34239f78453f,d5beb016-7cb2-4da3-9796-1fb5bcc9f5de,a6961ea8-668f-453b-96d9-7d46637dcb7b,
c7010ad8-56a4-4632-a9ed-754010c0c357,d5beb016-7cb2-4da3-9796-1fb5bcc9f5de,a78240d7-54fe-4757-a3d9-5be5c5265462,
5d90c075-ecd3-46c6-ac79-8a47e3fb64d0,d5beb016-7cb2-4da3-9796-1fb5bcc9f5de,acc1a843-de30-4c88-bb8b-1c2202b25527,
cf88d875-4ef5-49ee-926f-3ff8dc20024b,d5beb016-7cb2-4da3-9796-1fb5bcc9f5de,ad8d069e-7d6e-4b54-9a91-9945624150d7,
55108ec3-aa18-41a2-9c76-0089d5078ee5,d5beb016-7cb2-4da3-9796-1fb5bcc9f5de,adaf39be-715b-4b88-b10e-2ad25e1a717a,
6a9e088a-6731-46d5-9b94-a20c5248465e,d5beb016-7cb2-4da3-9796-1fb5bcc9f5de,b0b17e6d-066c-4d64-acec-aed1c8d0ea43,
9a7a4a82-84f4-423b-a508-10199feb5474,d5beb016-7cb2-4da3-9796-1fb5bcc9f5de,b830e9d4-5494-468e-84ce-956a50ad1e4b,
72bb86bd-c8f6-4f72-9a7e-ffc2d1bfd06a,d5beb016-7cb2-4da3-9796-1fb5bcc9f5de,bd844079-9131-4991-b763-c5dcdc09114c,
cad2a58a-fabf-4161-997b-9dd8ec80a714,d5beb016-7cb2-4da3-9796-1fb5bcc9f5de,bf6f9462-221f-4b72-a6e6-178e33bf577f,
d8111abc-f8d8-4e26-b009-c637d7617e40,d5beb016-7cb2-4da3-9796-1fb5bcc9f5de,bfbddf38-4b24-4b31-bae7-968b7e39332b,
817f9d63-391b-48f1-8393-6183dc0942bf,d5beb016-7cb2-4da3-9796-1fb5bcc9f5de,c010898d-9e00-4287-a768-6653a04d950c,
515c6917-6769-4023-95ff-827f60a342be,d5beb016-7cb2-4da3-9796-1fb5bcc9f5de,c7672606-d08c-44f7-9e33-b2fe9a5a9240,
f1968c1c-72cb-4a2b-a5bc-d65297521792,d5beb016-7cb2-4da3-9796-1fb5bcc9f5de,cb21cf85-4ef8-4e9c-ad7b-731197989b74,
e4fdd123-ec16-4f87-96d6-8fabf9e5bab9,d5beb016-7cb2-4da3-9796-1fb5bcc9f5de,ccf6804d-fc2e-40d8-89c4-62acb5415590,
2af07cc5-3348-48eb-ba5c-dae43fc76370,d5beb016-7cb2-4da3-9796-1fb5bcc9f5de,e4c5ceb0-0bf3-4585-a27b-af171dd4b2e6,
86f2918f-23b7-40d3-88df-f6b4d728774a,d5beb016-7cb2-4da3-9796-1fb5bcc9f5de,ea83f3f6-22a5-40d7-b0ce-6016cd801b82,
b0a8332b-9684-4993-9b68-983ff22a0cda,d5beb016-7cb2-4da3-9796-1fb5bcc9f5de,ed3a454c-069b-49f6-bf66-d47a12220f0e,
aa6f2d01-da9a-46cf-b64d-f2f530ab54cf,d5beb016-7cb2-4da3-9796-1fb5bcc9f5de,ee0b3ca1-7b9c-4f57-9398-5f757cb4483a,
e7e28537-4021-43e2-9160-0ce3b55d06d2,d5beb016-7cb2-4da3-9796-1fb5bcc9f5de,ef7ec7d6-086f-4d51-932e-22852c3a1541,
108658b6-5e14-47ab-b067-1cca2bfc9385,d5beb016-7cb2-4da3-9796-1fb5bcc9f5de,f04f7e4b-500e-4a4d-bad8-3ae3ea2bd7ee,
5cd6b066-2eaf-4efa-ac44-795d7fdc33df,d5beb016-7cb2-4da3-9796-1fb5bcc9f5de,f0fd3117-1675-4626-af09-0480b1b83aa7,
4e4d704a-256c-4c8c-a68c-b16e75bddb71,d5beb016-7cb2-4da3-9796-1fb5bcc9f5de,f3ac7f03-94cf-4e40-94ef-a0fba10628c6,
865e56c0-d4d6-4b2d-9915-0a7cb6c4819d,d5beb016-7cb2-4da3-9796-1fb5bcc9f5de,fb832bcc-062e-4b1a-a4d1-20551cd2689e,
b4046e96-5bd0-4bdd-b8f3-f2a57aa2431f,d5beb016-7cb2-4da3-9796-1fb5bcc9f5de,fc485a10-7b17-47af-8421-b482c058bdf8,
5ae290e8-51f4-4d83-bc78-2b7898b0d005,d5beb016-7cb2-4da3-9796-1fb5bcc9f5de,ff8baf9d-3ca1-4e48-aa43-79deb5bc7d92,
8d5fa303-942f-4058-aefa-be8411ad7d2d,d63d55ed-9da3-493e-96b8-0ca7b3bffaf4,1256acf2-21a6-4253-9379-2e38407e1466,
a3803305-c334-4b5f-87ab-226b1055a475,d63d55ed-9da3-493e-96b8-0ca7b3bffaf4,63f1ff8a-0af3-4380-9b04-fddf81a942f0,
7362f04a-b509-4514-8581-f379f65fd864,d63d55ed-9da3-493e-96b8-0ca7b3bffaf4,678c176b-11f3-46c7-ac69-6270812b3cbc,
c178aa06-07a6-4df1-8b15-f6da7e5a6e39,d63d55ed-9da3-493e-96b8-0ca7b3bffaf4,805a4127-b422-498a-b372-1e93cfa6e618,
647c1604-5efe-4d84-b852-72e7d0c70217,d63d55ed-9da3-493e-96b8-0ca7b3bffaf4,b56c8aa1-ff73-4708-a710-8881e0c3b9dc,
1c491469-3f2d-4cf8-8ad4-368488189a77,d63d55ed-9da3-493e-96b8-0ca7b3bffaf4,d1da3c1b-1bf7-4258-b436-f19a46ba86c8,
fe7b0746-c7d2-4317-82eb-f6305efe586e,d6f3effa-ac43-49b0-99af-79f673aed787,10807af6-540e-4a5d-8929-ed7370f2aea6,
11e40b96-8f6e-45a2-a391-f0ef5b6c21f1,d6f3effa-ac43-49b0-99af-79f673aed787,13aba6bd-afb9-4d41-9160-db4425f99dd8,
fc1dc60d-f440-4ef5-a681-d881a67d5b50,d6f3effa-ac43-49b0-99af-79f673aed787,1a4b487c-b95c-4357-84bd-5d69f5e530a1,
66094d1c-197d-4e1f-abd3-72d194a78068,d6f3effa-ac43-49b0-99af-79f673aed787,2db8c4f1-f363-493a-b944-1071466a8b4e,
78633857-47c7-4b03-acc6-805fc039cae8,d6f3effa-ac43-49b0-99af-79f673aed787,2e85faa9-6403-4bb7-8a98-d589675d8447,
ace3c55c-c676-4741-b568-32407f4120d8,d6f3effa-ac43-49b0-99af-79f673aed787,2e86608c-6d95-4827-bde9-24fa852f7b96,
0415276e-be15-4d82-918d-b8379cefc46c,d6f3effa-ac43-49b0-99af-79f673aed787,33c9cc1a-a2fd-42c5-858e-aaad38ff4bc6,
1e2156a4-fc32-40cc-8722-50ebab901a64,d6f3effa-ac43-49b0-99af-79f673aed787,35c47a11-5cd3-4eb2-968d-b24621e29a6c,
de210d19-5b7b-4008-bb4f-6dac711da3c9,d6f3effa-ac43-49b0-99af-79f673aed787,4c25fc26-dc07-4b9f-a703-790f0a7aaa41,
bcabd16d-cbe8-430a-b6e1-cc41c40fcc2e,d6f3effa-ac43-49b0-99af-79f673aed787,578ec718-deaa-49af-b265-6b3ac317abdf,
f00c9156-6e5c-4ead-9db5-e0107de28fad,d6f3effa-ac43-49b0-99af-79f673aed787,58ff6bc3-1302-4f7e-8433-7c2cd5abc2dd,
8b936342-aef3-4a2c-a9fe-dc832e29efbd,d6f3effa-ac43-49b0-99af-79f673aed787,63799048-2134-4806-a212-1138831b9af5,
7c399d7e-948c-478e-8e06-7e5c1b04615f,d6f3effa-ac43-49b0-99af-79f673aed787,6dc2b57b-ab4c-4c71-8d87-8f9c50a7eb74,
ee801876-299a-44e1-83e7-674b928783fc,d6f3effa-ac43-49b0-99af-79f673aed787,6ef49294-633b-4f3a-a5b1-bdefd9935efc,
04e0d5b0-7677-4a84-9bf5-3fee40816606,d6f3effa-ac43-49b0-99af-79f673aed787,73ce8d62-75e9-456d-ab61-48789ab16dcd,
ff866854-fa4a-4138-a74e-e2fc3107be73,d6f3effa-ac43-49b0-99af-79f673aed787,74a660b8-ab41-4c54-ae67-893bbc24a056,
18164aae-b244-4664-98b3-bda30aa86828,d6f3effa-ac43-49b0-99af-79f673aed787,8b060884-a07a-4c19-9f09-ae590fb16820,
41fe023d-119a-4039-b212-cf43d1d39e72,d6f3effa-ac43-49b0-99af-79f673aed787,8c33644d-2ec5-413c-a7fe-75c97c8357b6,
5deaf876-90de-4a21-96a8-9034a7275c93,d6f3effa-ac43-49b0-99af-79f673aed787,a2c7afbb-0eb0-451d-a2cd-4a87f3b8479d,
382d7a69-60bc-4a15-984f-717ee220ee24,d6f3effa-ac43-49b0-99af-79f673aed787,af1e41c5-2963-4f6f-8a53-28231e91a7c7,
b4bb77f5-637a-43e4-aedd-0bbeab668c05,d6f3effa-ac43-49b0-99af-79f673aed787,b7d56345-5af7-4eab-8cad-ab1ac5ffe46a,
2525c7d8-2be2-4beb-8925-7727a740bacc,d6f3effa-ac43-49b0-99af-79f673aed787,baa21f84-84ca-430a-acfb-e460ed456884,
b6ff1c9b-dd82-4ec7-b134-d10379633943,d6f3effa-ac43-49b0-99af-79f673aed787,bcc8f84a-2b91-469c-8e5d-cd5314029c80,
ef5d4873-779b-4572-92d3-138acadaebe9,d6f3effa-ac43-49b0-99af-79f673aed787,be77c4e9-164b-4d49-8811-e40fba3a8bff,
8a60ad69-5199-46ef-9910-bd16b39f2865,d6f3effa-ac43-49b0-99af-79f673aed787,c1c1618c-d3f3-48d8-9060-3389f320fb52,
8356c859-bd5c-432f-a72f-b3493951fc95,d6f3effa-ac43-49b0-99af-79f673aed787,cd2c2e20-8c2a-41d8-92a1-8409df643247,
826f258f-eef8-4428-b347-3f5e96fcc9ee,d6f3effa-ac43-49b0-99af-79f673aed787,d3831e14-02b3-4549-ba04-3e6108b6d9e9,
19a72ed9-fc72-4a35-b332-5bb2e24d2196,d6f3effa-ac43-49b0-99af-79f673aed787,d40a5589-fdd7-4044-a17e-5a3c82f4f27c,
3da2379a-3ede-4270-a777-e0d582c80002,d6f3effa-ac43-49b0-99af-79f673aed787,da96a928-65e2-4693-9101-248e443f0191,
e805a673-548d-4ed8-812c-4ca8838e5a0e,d6f3effa-ac43-49b0-99af-79f673aed787,dd264adb-c35e-4a09-b59e-0347e1ddc589,
216f5421-908d-4456-8ba8-3819621567a2,d6f3effa-ac43-49b0-99af-79f673aed787,de0a8454-46cc-47ca-8428-3a19a69e4c4d,
5a0126df-787f-4f76-ac43-b102f42e50c1,d6f3effa-ac43-49b0-99af-79f673aed787,e24a0e6b-29f9-4ee6-89da-ad5c354a8edd,
c9d85861-cdc2-449c-9397-e9b175b5dd7e,d6f3effa-ac43-49b0-99af-79f673aed787,e29e0e0a-99c4-4955-93fe-64ad97bc9b07,
b433af06-74ae-4635-a5f8-c0e04334ab8d,d6f3effa-ac43-49b0-99af-79f673aed787,ef0aa50c-d8e8-45f2-9351-dbc663b78239,
388a74be-618d-4dcb-9178-6791a1a43f24,d75c52a4-30f0-4fd4-bd15-e727a1a9136f,00e93e81-acb1-49ea-b4c4-ae9d01c83b5d,
9a4d95e3-dca8-4657-9afd-f94d3c866b4e,d75c52a4-30f0-4fd4-bd15-e727a1a9136f,04fac9da-47b6-49c1-954c-4e3947e2195b,
5d1ba2cb-3b10-4434-9ddf-c4e64d6d3ffd,d75c52a4-30f0-4fd4-bd15-e727a1a9136f,13c96d95-e13c-42fd-b17b-8a8d5a89174b,
10308eaa-2a08-4c93-931e-f1544a0b2697,d75c52a4-30f0-4fd4-bd15-e727a1a9136f,27a57581-80b2-4af6-aa6c-72a7aa2dfa17,
5b49e50c-bb18-48c5-9bc3-082bc043137e,d75c52a4-30f0-4fd4-bd15-e727a1a9136f,301aee1a-3bf1-4d0d-a37a-85223b247fdb,
a7723af7-f34b-4cb7-a6a9-2489170af190,d75c52a4-30f0-4fd4-bd15-e727a1a9136f,316f5e84-0a5d-4d6f-a14a-32f00bc8d1d8,
eb1d123d-c152-46cc-ae62-29983285ee3b,d75c52a4-30f0-4fd4-bd15-e727a1a9136f,3ff18e77-d632-451f-baee-3242d8b6f0ea,
0236f316-fc36-4c4d-975e-19680220bbdc,d75c52a4-30f0-4fd4-bd15-e727a1a9136f,43646412-131f-4a7c-98ab-e90d80779c7c,
02feee1b-ba6f-4817-afb3-6462dc1ea052,d75c52a4-30f0-4fd4-bd15-e727a1a9136f,4514adb5-f40e-4e91-b62d-380585fd0cb3,
648dd90a-8fae-4a87-abd1-6220fb597237,d75c52a4-30f0-4fd4-bd15-e727a1a9136f,4ecbbc48-a755-45c5-8729-01c9853b61b8,
baab954d-fd3e-400b-a1ab-63cfa7681aa8,d75c52a4-30f0-4fd4-bd15-e727a1a9136f,5309e159-c949-4bc6-a0a9-8497f5494580,
f4e1274e-b286-4808-be54-295cf3093804,d75c52a4-30f0-4fd4-bd15-e727a1a9136f,6345210c-0a36-4472-acb7-8dd17d44e0b6,
d219414c-d34f-49fb-a623-072e424daa93,d75c52a4-30f0-4fd4-bd15-e727a1a9136f,6bb43f55-d66f-46bc-ab5c-ac4dadf39516,
45ea9f1e-c00c-400b-b477-a5e610d45169,d75c52a4-30f0-4fd4-bd15-e727a1a9136f,6d690793-ea7d-427a-b8f5-97c85e511189,
36d7e2ce-3db3-482d-b9ea-da9ea6d0de8b,d75c52a4-30f0-4fd4-bd15-e727a1a9136f,6e502da6-fb00-42d5-b531-12a54c7d17f5,
4d5b3367-6037-4117-b98e-d2c331161046,d75c52a4-30f0-4fd4-bd15-e727a1a9136f,6fdaa338-ee19-42cf-a8ed-b64cfe600317,
7c35daa5-cc00-401e-8e65-75603e162ce2,d75c52a4-30f0-4fd4-bd15-e727a1a9136f,76325f57-3627-4733-a864-2b38a43b89e2,
3ab10ed2-eed4-4cf7-97fe-dde5ac09badb,d75c52a4-30f0-4fd4-bd15-e727a1a9136f,7ab041e7-5539-4f2c-b9af-3d07ac3e5c9a,
a43e7d9c-baa1-46b1-94f7-477446d95f9d,d75c52a4-30f0-4fd4-bd15-e727a1a9136f,7b64b635-9817-4344-ad25-dbe7a172a1a1,
3d15fa42-0b5c-4043-96c1-3f6a828a0e1a,d75c52a4-30f0-4fd4-bd15-e727a1a9136f,7e37b5c1-669e-4a9e-ad43-409c3c04c35e,
6d1b9be3-5984-48fe-aa46-3c61a51347dc,d75c52a4-30f0-4fd4-bd15-e727a1a9136f,83e46a2f-9f86-494b-b75d-4077582a2e08,
9eff6f52-ef16-4659-8883-937a53c1f74b,d75c52a4-30f0-4fd4-bd15-e727a1a9136f,8b8803e2-a5ab-46a4-862d-6ff33d2d4835,
6b7048b3-51a4-4645-a63d-87ad44788a57,d75c52a4-30f0-4fd4-bd15-e727a1a9136f,9e2f19a4-4a02-40b4-b4a1-573932e57555,
78873e5d-57c3-41ff-a692-cd18e34516b8,d75c52a4-30f0-4fd4-bd15-e727a1a9136f,a484cc38-888b-4d0d-b182-a471c4468681,
41085f99-468b-4470-a2d2-48d1d5100572,d75c52a4-30f0-4fd4-bd15-e727a1a9136f,b6e81782-bcf4-4328-9a94-33abf701a95d,
69b63275-a8fe-47d3-a997-39e20936a618,d75c52a4-30f0-4fd4-bd15-e727a1a9136f,b8d111e4-0879-4d8e-ae69-f429b2e1c46a,
0dff1338-f0c7-4361-b201-562a83405950,d75c52a4-30f0-4fd4-bd15-e727a1a9136f,c784a1a8-a2fb-46bc-af6f-33c210f871ea,
8712d927-416d-4831-8db8-b47f289b9343,d75c52a4-30f0-4fd4-bd15-e727a1a9136f,c796fcb5-5d07-4d67-b4ae-f91df6e8f1ab,
fefd7282-811c-4cac-a48a-5a4992fd76c8,d75c52a4-30f0-4fd4-bd15-e727a1a9136f,c88ac59a-07b6-462a-ba4d-9d318237c1b9,
f218a8c7-2bfd-4fa7-b328-56b194ef9253,d75c52a4-30f0-4fd4-bd15-e727a1a9136f,d63d009c-1b25-437c-a850-e1ca4044f2d2,
238da2eb-4107-42d0-8f24-36f899e16663,d75c52a4-30f0-4fd4-bd15-e727a1a9136f,e1f2df8f-fc7e-4b5d-b0bf-b06d3f6a95cd,
cf8971fa-292e-4df2-b0a3-4ecb652ce451,d75c52a4-30f0-4fd4-bd15-e727a1a9136f,ea53fba1-dd99-43ff-8a06-e9e7dc988ca8,
9cbde829-b502-4c1b-8cd5-e31aaef3bff4,d75c52a4-30f0-4fd4-bd15-e727a1a9136f,f3e7790b-7c47-4fd4-a235-9b24a7e14518,
24339d0e-953c-4422-8f8c-a33958530106,d75c52a4-30f0-4fd4-bd15-e727a1a9136f,f49333ad-7b91-463f-825e-9f5eda6eccdf,
1ef376e5-a8a0-4e05-abf6-293384af8fef,d75c52a4-30f0-4fd4-bd15-e727a1a9136f,f632e682-9485-484f-af46-6c0f3a22003a,
c68b2120-91aa-419a-b69c-9be080afcacc,d75c52a4-30f0-4fd4-bd15-e727a1a9136f,ffda0a9d-6256-4890-b788-835309e7e942,
f3f4ab8f-4853-4f9b-8a63-040f24ab3257,d7e604f6-c5ba-4b96-b065-d115a53e256c,339ffeba-5b0c-4023-b186-b56a79cbd58f,
44a9ad75-468d-4c83-b77a-9ab8ac17ee85,d7e604f6-c5ba-4b96-b065-d115a53e256c,4b0bd3ff-f59e-460d-9be3-dfee0672ad4b,
e4e16b06-9502-4246-af4d-525d205b2e89,d7e604f6-c5ba-4b96-b065-d115a53e256c,714d8499-10de-4bc2-aaa6-747996d8f49b,
88eadec6-de99-4d53-b3fc-c3004a0a8a40,d7e604f6-c5ba-4b96-b065-d115a53e256c,ac49a478-46f1-4112-9659-92c3c89a5075,
28d106b1-c8a7-47d1-b4cc-340da9e97530,d7e604f6-c5ba-4b96-b065-d115a53e256c,d169a80a-2b99-463b-a87d-34afd3d4a76f,
eb12d24e-30ef-4aa3-beec-ac315bcc19e0,d7e604f6-c5ba-4b96-b065-d115a53e256c,e0b396a7-aead-45a8-83d2-a15d8117ebd3,
e9808fdd-8054-420f-8356-11d8d07f1a29,d8570854-c868-4525-9264-b2c930274efe,cde8b2dd-a347-402d-89e6-83e9d1f6e013,
62bd3ded-f226-452f-90fd-f47c7a96dee7,dfeff2e1-76a0-42dd-bc41-6115b7a5473a,825c1758-fd61-40c4-a62a-36092205c8d1,
76a21cbe-0d26-4a80-904e-95663a3697ba,e013cb40-a958-4430-b858-4082fcbbf90f,08457eff-2c79-4d43-90db-9fe651d33752,
570631c4-0c69-466e-bb68-78ac8eb753bd,e013cb40-a958-4430-b858-4082fcbbf90f,11f003f5-f457-45cd-92a3-910493abb78d,
c262492c-e07c-4136-869d-81a9cdb2742e,e013cb40-a958-4430-b858-4082fcbbf90f,19580913-a860-45ad-9a21-5a57215c8033,
20e30264-27a9-4e7a-8856-f28c4ca8b4b4,e013cb40-a958-4430-b858-4082fcbbf90f,24514a0f-0efb-4470-907a-0bd030c1a0c3,
257d865c-a58b-49ac-9789-814f22b42c84,e013cb40-a958-4430-b858-4082fcbbf90f,266c165b-58ec-4b93-a4f6-b6e674257209,
e1ee426f-eb64-4999-bec4-28a857428cc3,e013cb40-a958-4430-b858-4082fcbbf90f,309350e5-7e65-4577-80f3-cee173116602,
e27246e4-3841-426e-81a8-929655669590,e013cb40-a958-4430-b858-4082fcbbf90f,329e58d5-add5-4ef2-8acc-c27db2d8d1f0,
08c3104f-ca11-4b21-96d5-074f2c8e4653,e013cb40-a958-4430-b858-4082fcbbf90f,3ff6f25c-d80d-401b-baca-92e835fb077f,
5cff008e-37ce-4c69-820d-b956bf9aaf51,e013cb40-a958-4430-b858-4082fcbbf90f,5c27a1fa-55b6-4855-bb6f-44d4a45e50ea,
e7b21b8b-14ae-4e28-a4a2-bbe1c8236ed9,e013cb40-a958-4430-b858-4082fcbbf90f,5d13c53f-bce2-4d3e-b4ed-ccb4052ab823,
1086669c-055d-4857-bbde-a18e8245325e,e013cb40-a958-4430-b858-4082fcbbf90f,9908667f-6a0a-4274-abab-6145f8a443b6,
9a5da0f9-37fe-44c4-bb0e-f4aa9491840d,e013cb40-a958-4430-b858-4082fcbbf90f,9e2d9066-1b3b-4ee7-84c7-9f22a57c488e,
802d3d17-2eaa-4401-9b1d-3594df852a64,e013cb40-a958-4430-b858-4082fcbbf90f,ab7e43b7-298a-4d35-a544-0bd583e20dbe,
1c6ba549-0b11-4f91-b147-31ef50a9652f,e013cb40-a958-4430-b858-4082fcbbf90f,b683b8b8-494f-47c6-9c2f-817821a7460d,
439da688-3a4c-45fb-aa4e-38a61d7a12c4,e013cb40-a958-4430-b858-4082fcbbf90f,b790f701-6b11-428c-b8a4-ed69dc1edea2,
697788a2-5c2e-4cf5-8e37-e9d6ab939972,e013cb40-a958-4430-b858-4082fcbbf90f,bfb8508f-1bd1-44ef-991e-27f00e29a61c,
b9ed5600-9003-4ad2-b9ce-0dd99e36bae8,e013cb40-a958-4430-b858-4082fcbbf90f,c51c04c0-0f7e-4c2a-8c0a-451fbf446e28,
a7300920-8296-4f23-b491-b892af29f6f7,e013cb40-a958-4430-b858-4082fcbbf90f,c7fc2695-2f1b-4cf5-803d-e8a41be75844,
46a105c0-6751-4105-af79-a5d8bff0838c,e013cb40-a958-4430-b858-4082fcbbf90f,cec6a359-3ae3-455e-aab5-3c4e4c3c6675,
c55e7438-e364-4f4a-a56c-5d04246bfb9f,e013cb40-a958-4430-b858-4082fcbbf90f,d627616c-d9c7-4208-9632-0c2ccb719f39,
c18c4579-a20b-4435-9aa2-fad412858fc9,e013cb40-a958-4430-b858-4082fcbbf90f,e8ac53b0-61dd-449d-82aa-861d74621817,
463837d8-8b26-40fe-bc42-618c2e1617a5,e3fb01bd-1071-4a04-91d8-2c91a7c1cb1a,106eb00d-04e4-4ddb-a995-3a2788ef9363,
790872db-c7bc-4afe-8ca4-18c645a121de,e3fb01bd-1071-4a04-91d8-2c91a7c1cb1a,15fa84ea-27b3-456f-b6d6-d1d2b5bf4468,
e614049e-84d2-441a-b5f5-b531cb70f7c5,e3fb01bd-1071-4a04-91d8-2c91a7c1cb1a,34586501-7214-4b7f-b562-cab1e328e7e6,
dbc4b4ac-9827-4cc0-adc7-0316539ef4b5,e3fb01bd-1071-4a04-91d8-2c91a7c1cb1a,5ebea1ea-9f03-4d8b-b05d-d23460643c63,
70ff4f6d-8514-42da-bd51-53f6d96bead0,e3fb01bd-1071-4a04-91d8-2c91a7c1cb1a,a6d577a2-ed48-4c5f-86df-b093ab2f7816,
112496f4-5eec-479f-a0e4-addae5b7fba7,e3fb01bd-1071-4a04-91d8-2c91a7c1cb1a,c94f8876-6eb2-4a55-b186-582e19adc968,
2e98e81d-a4ef-4a0c-8c9e-9fe396660306,e3fb01bd-1071-4a04-91d8-2c91a7c1cb1a,cc2a8ce2-2799-465a-b694-2972c25855d8,
b25cea04-cd3b-4f67-b481-571b4eb98cc9,e67da0dc-dec4-4523-91bd-56d530196d57,021eaceb-f81f-429e-98ea-895c81680712,
41613589-7659-44bc-bb8c-c4325b6a3ede,e67da0dc-dec4-4523-91bd-56d530196d57,18f4e88a-c9a3-4863-9cbe-25b3760f81df,
01d857ab-c235-41df-b546-0ebb0595962b,e67da0dc-dec4-4523-91bd-56d530196d57,216d59a7-23fb-4f78-9d10-bb75fac89f6a,
295a0190-66c6-4486-81d6-a41a63fc853a,e67da0dc-dec4-4523-91bd-56d530196d57,2eff5e37-704a-4715-bc20-6599008c4021,
f249b026-2223-4170-b11f-ad3a1c83fc5b,e67da0dc-dec4-4523-91bd-56d530196d57,37bd623b-2ec5-4d2c-b960-4130714a2dab,
ea1bc738-5d6b-4c45-af48-2e7976acf488,e67da0dc-dec4-4523-91bd-56d530196d57,42aa685a-d588-4372-ab02-9253fa6d7b2f,
d495a55e-29bc-4a51-9784-bc22922019f0,e67da0dc-dec4-4523-91bd-56d530196d57,5e70fd5d-4291-4346-96a8-88434d2b06ab,
63b783e4-86e2-49db-aa6d-c0dcd5837f89,e67da0dc-dec4-4523-91bd-56d530196d57,62183248-d5ad-4330-bfbe-9a7fbdd89287,
8f59eca7-1f0b-40a0-af86-7bf900eebe32,e67da0dc-dec4-4523-91bd-56d530196d57,71b890c1-83fa-4b10-9e33-387275b1e277,
a9f39265-043f-4f27-bd4b-1a16bd74573a,e67da0dc-dec4-4523-91bd-56d530196d57,81a0bff5-511b-45fb-9b8f-a32d0ba2cbac,
28a13c8c-eaef-4b39-a29f-f6186e254dda,e67da0dc-dec4-4523-91bd-56d530196d57,831f95cd-f359-4c8e-8247-51f81d661665,
c71b35f6-5ff9-4c24-a1ba-e2d5a0d3d908,e67da0dc-dec4-4523-91bd-56d530196d57,89baeba0-56b0-4037-ba16-3cc873494242,
6e0590ec-0720-41d0-8599-153863f77cfd,e67da0dc-dec4-4523-91bd-56d530196d57,8b70aee4-5879-4f94-91a7-24afc0f0bb29,
cf551f47-f88a-4f73-967c-297c30e19358,e67da0dc-dec4-4523-91bd-56d530196d57,9b9b7474-59d7-461d-bd28-4e07611569e5,
ac8e084b-8e8e-406c-af54-ab95c77ce1e3,e67da0dc-dec4-4523-91bd-56d530196d57,ad191c45-12de-4a82-8260-9a8a6f82cf7d,
f4b40ee5-948e-4eef-b198-b0bc9a4ff279,e67da0dc-dec4-4523-91bd-56d530196d57,b6c7d3a4-5f79-440e-bffe-3cbc6eaa4e7c,
568e08c1-c552-435a-aeb3-670b18c38e88,e67da0dc-dec4-4523-91bd-56d530196d57,b82111ad-0502-4582-9743-8446aacc2cfb,
a9774aaa-209e-4bf0-b077-6c2ba3e3d881,e67da0dc-dec4-4523-91bd-56d530196d57,b83b9a0f-6445-4b07-8900-6af0f3bde592,
e9ac502d-9987-4da7-adb4-c37612d18f08,e67da0dc-dec4-4523-91bd-56d530196d57,c165f65b-3d4a-4656-b72b-c48c5c5dced5,
4ee290e8-8bc4-43da-966d-3df4bcd1aeaf,e67da0dc-dec4-4523-91bd-56d530196d57,cc8bb545-9f8d-4f1e-9927-12c2d1403b0e,
98d3baa3-86b7-45c0-889b-2fe5d3cac005,e67da0dc-dec4-4523-91bd-56d530196d57,dddbf061-07b9-470a-8955-ade804805da3,
daedb4d7-7299-42aa-bc05-19b3d1a1f809,e67da0dc-dec4-4523-91bd-56d530196d57,e284ebe8-6f10-4a47-b1a5-8f431f7477d4,
99310ee5-46d7-4110-8d7f-e00547cf531f,e67da0dc-dec4-4523-91bd-56d530196d57,e44afd68-c235-4088-9eee-5f712683ad38,
def6ec74-c01c-469a-9b49-108a832bf9e6,e67da0dc-dec4-4523-91bd-56d530196d57,e64b8a12-4129-4d65-b15c-1a023e16b2b8,
e0c3dd53-49e3-46cd-86d8-18b5d8accd2e,e67da0dc-dec4-4523-91bd-56d530196d57,fc7521f6-b393-4c27-9ad5-9784b2a4dab8,
18541015-2f5e-404a-a8aa-ea6ba2949d1a,e67da0dc-dec4-4523-91bd-56d530196d57,fcbb04f8-5d16-4226-9f9a-9814cbc0dc31,
79748890-2be7-4f33-a441-67236a807422,e67da0dc-dec4-4523-91bd-56d530196d57,fed927d4-bc81-4c32-9d31-cbe5d3a74244,
f21d1369-5479-4031-b4e4-256f71b9ca64,e7191af5-35bf-4d44-acd1-2b5bfcd64e32,061a68d7-b72e-4a6c-8135-1921ae35f27a,
60678986-e8a6-4c3a-a2aa-8d20319d2a93,e7191af5-35bf-4d44-acd1-2b5bfcd64e32,0bf259a3-eb2d-464c-beba-5f5a8983996a,
8786ebaa-3102-4061-ad4a-b2ee763f4a3f,e7191af5-35bf-4d44-acd1-2b5bfcd64e32,0d8abf18-355a-4bad-ab4f-6f0c166cd305,
f8dbb80f-210e-4907-b9f6-be6e87dd7b99,e7191af5-35bf-4d44-acd1-2b5bfcd64e32,1164863d-b4f4-4436-a334-c737c626c524,
28d467b2-ca87-488e-9c28-fc802bc9504d,e7191af5-35bf-4d44-acd1-2b5bfcd64e32,1221d79a-9321-476a-86e0-75212140818e,
f12b51a4-08fe-4975-908a-2098773d17da,e7191af5-35bf-4d44-acd1-2b5bfcd64e32,193dc896-b7cb-44bc-ab6e-e33c5c452848,
f3c8f7cd-3eef-4f9d-bf57-198df6510b50,e7191af5-35bf-4d44-acd1-2b5bfcd64e32,1a0ea492-d6cc-4ed9-a629-08cc11e50664,
78b15ada-18a8-4523-9945-314a6dc9a81a,e7191af5-35bf-4d44-acd1-2b5bfcd64e32,1d0fa1a9-cb57-4484-9f78-7b843ed23daf,
a5919ca6-fd48-4487-9a2a-bf3d396ec4fd,e7191af5-35bf-4d44-acd1-2b5bfcd64e32,1ed27dc6-8ed2-4734-82a6-99cb1fbf89ff,
da32719e-e598-4a4a-bce8-d643698bfcae,e7191af5-35bf-4d44-acd1-2b5bfcd64e32,21fb656c-710f-49b0-abed-107b7df0ad3e,
be7c4d3e-5dd2-42f7-b474-e8a4b2c1fe89,e7191af5-35bf-4d44-acd1-2b5bfcd64e32,24199979-cdde-492f-976e-eed7ab8fc40b,
4038f67f-009d-45ba-9776-f235f9babcd6,e7191af5-35bf-4d44-acd1-2b5bfcd64e32,25614a07-6bc5-4b5b-8818-a70317f24ad7,
bd35e737-657d-4442-9566-db4fb2ad77c7,e7191af5-35bf-4d44-acd1-2b5bfcd64e32,2ab5122b-4699-4fb6-adfb-782296b03c3a,
b1097131-57ef-4163-9cf7-92cf32ba82e8,e7191af5-35bf-4d44-acd1-2b5bfcd64e32,338ab4db-506f-4b67-a7dd-e89f85b4bd09,
a0f193b7-2e60-46fd-97dc-f7fefa0206dc,e7191af5-35bf-4d44-acd1-2b5bfcd64e32,36505914-ffa5-4d5d-9616-9b15aee7e29f,
20a34b92-992b-43c2-ba58-94ce2c4fe4d9,e7191af5-35bf-4d44-acd1-2b5bfcd64e32,41cb5782-ade2-42e1-8b47-43cc66c6e1aa,
4fc1809d-6080-46f5-80e9-62515a1f4688,e7191af5-35bf-4d44-acd1-2b5bfcd64e32,450ec105-b647-44ee-b7bd-14814df49e87,
c71353a3-c42c-48d6-b333-5ed9d6abb0a2,e7191af5-35bf-4d44-acd1-2b5bfcd64e32,4817c01d-781a-4419-bf67-3eb3daf73fab,
b03dec4a-9fa2-4cfc-be06-2b2edf4e1f9d,e7191af5-35bf-4d44-acd1-2b5bfcd64e32,4b43b465-25f0-4e32-bd0f-6dac595b350e,
38bf5a68-3590-4f81-a887-eb12455c585c,e7191af5-35bf-4d44-acd1-2b5bfcd64e32,4dfeb6a3-3f45-4781-85d4-30deb2dde70f,
9000d206-f8ab-4dcd-aefa-39a6c266a10f,e7191af5-35bf-4d44-acd1-2b5bfcd64e32,4e1129a8-7d3a-4759-9f97-b678be0ae4b2,
972ee88b-a5ff-46bd-93fd-503fcbc91df8,e7191af5-35bf-4d44-acd1-2b5bfcd64e32,4e15e57a-9ed0-402f-9dc0-27f944dd945a,
c3447951-ba80-441e-b225-7562d38975d9,e7191af5-35bf-4d44-acd1-2b5bfcd64e32,4ec990bb-0d8f-495a-a972-b22dd30f4e94,
52ad7a43-3ac8-485e-969e-e1a224844ee0,e7191af5-35bf-4d44-acd1-2b5bfcd64e32,52682e57-9357-4bdd-8c9d-080ef5435d31,
2e9e419d-78b9-40f2-ba10-ea78cd46e501,e7191af5-35bf-4d44-acd1-2b5bfcd64e32,5b6e43f0-5caf-4633-bcb0-98ab34973f31,
51cfcc70-ac92-43fd-a803-cd1526248910,e7191af5-35bf-4d44-acd1-2b5bfcd64e32,60c4d5ae-ff41-4e16-a16f-a61e966d8bcf,
7b809662-19e3-4a77-b630-62d646c685b4,e7191af5-35bf-4d44-acd1-2b5bfcd64e32,633332d2-3652-4436-adc6-2874b02ee4e5,
cbf9cd7f-d429-4a3b-97fa-b5ca6d0dc684,e7191af5-35bf-4d44-acd1-2b5bfcd64e32,69c31f7e-83ae-4d96-9cf6-d7fc24619935,
b5a15a95-08df-4626-ad27-73275bfee76f,e7191af5-35bf-4d44-acd1-2b5bfcd64e32,78167604-c057-4c85-b248-c433b7ba8ad6,
6c2e95b1-32e8-4172-9f48-442d7ab49da4,e7191af5-35bf-4d44-acd1-2b5bfcd64e32,7a2ab226-b66f-4989-9fff-5a1308b79693,
8c6b93c0-79dd-4398-ae51-59cf68684c51,e7191af5-35bf-4d44-acd1-2b5bfcd64e32,7d926b56-d715-413c-9001-2b36419cb2ff,
d54083fb-3a5c-4c6d-8103-565c1d750996,e7191af5-35bf-4d44-acd1-2b5bfcd64e32,7e00cc83-d25b-4699-a5d5-b1dc593bc37d,
d6a4e68d-4cfc-4799-aca4-f3bcee00e1dc,e7191af5-35bf-4d44-acd1-2b5bfcd64e32,7f09a22a-fae2-4018-939e-ca6c0e116e0e,
bd00af19-66e4-4387-8cf1-89164ab5c5cb,e7191af5-35bf-4d44-acd1-2b5bfcd64e32,8ee05ac9-6d49-4aa7-ba32-14428b310954,
15a3477e-f3f3-4953-acaa-e73afb3a43c3,e7191af5-35bf-4d44-acd1-2b5bfcd64e32,9630b9cc-3882-42a2-b515-30bf47adad31,
4b7a3262-6c41-45b6-9ca2-c102b67bf1be,e7191af5-35bf-4d44-acd1-2b5bfcd64e32,99bfb208-a57f-448a-ac6a-77be22db0d2f,
2db26308-cc87-4a63-880f-63a491a3f1db,e7191af5-35bf-4d44-acd1-2b5bfcd64e32,99df9a2d-d975-42d4-9ea3-e8956771e13f,
efa2a24a-4302-4a07-86d4-96474f58a7b5,e7191af5-35bf-4d44-acd1-2b5bfcd64e32,a1859747-3689-413c-94e6-24678140319c,
de2f2396-e809-4ffe-b3cb-96e1f66a7fab,e7191af5-35bf-4d44-acd1-2b5bfcd64e32,a5f32ce7-44b7-46c5-bfdc-b75f6b27b2a4,
feda2bbe-af60-4fdf-af89-efb46ee8f02f,e7191af5-35bf-4d44-acd1-2b5bfcd64e32,aa767ce6-58ad-44f7-ad12-590b9ac2f744,
175b3e7e-580a-43d9-ad01-8707156fa55d,e7191af5-35bf-4d44-acd1-2b5bfcd64e32,afda0650-fcfc-4543-a444-c43c11061163,
20ece310-b113-44ca-93d6-7843d5a07745,e7191af5-35bf-4d44-acd1-2b5bfcd64e32,bc1956dc-033c-4229-b364-0a63f8d76df2,
272809e2-8c57-4b1f-95f7-9f2e085f428a,e7191af5-35bf-4d44-acd1-2b5bfcd64e32,c1e1a871-b42e-4b8f-b823-464dfd173cda,
e20b4293-bf05-4afb-b14c-c312b926515b,e7191af5-35bf-4d44-acd1-2b5bfcd64e32,c49cc08a-6833-4243-8258-eb1779934772,
2042e97b-2184-40e9-9494-cf7346160d4b,e7191af5-35bf-4d44-acd1-2b5bfcd64e32,c7c71f31-5c73-4525-84fa-fb272a3093f1,
bcd86f16-0d9b-4c67-958b-109032c62bbd,e7191af5-35bf-4d44-acd1-2b5bfcd64e32,ce64638b-b032-404e-94e1-e55714a8b47e,
a8e53679-6d60-48e4-aaa3-9694daebea1a,e7191af5-35bf-4d44-acd1-2b5bfcd64e32,d137ce64-8ed9-4ca4-87cc-2c09a920d6c4,
f74b5804-552b-458d-bcae-f22c6a6d0354,e7191af5-35bf-4d44-acd1-2b5bfcd64e32,d4e1b0ed-11c3-41d3-a36b-efb073833262,
5a8fcb0b-7f60-4511-a4ce-7626d2272ad6,e7191af5-35bf-4d44-acd1-2b5bfcd64e32,dd2130f9-b02d-4709-bace-6c6e894c554a,
4c58f23c-b644-4561-ba51-9471c6fbf558,e7191af5-35bf-4d44-acd1-2b5bfcd64e32,dd5224cc-90c6-4ddd-b54f-eeec29cb8990,
bc2f05c3-f922-4471-949b-5ffd83ffa918,e7191af5-35bf-4d44-acd1-2b5bfcd64e32,e502125a-19aa-43ce-a39c-9469b019982b,
678bf833-8be9-471f-8b8b-0a7f13444a7b,e7191af5-35bf-4d44-acd1-2b5bfcd64e32,e7b71f8f-5b64-444e-9a9d-86a67aeb11be,
0922a029-f981-4ebc-bdfd-0697a622e0cf,e7191af5-35bf-4d44-acd1-2b5bfcd64e32,ee7cafdf-a068-47b5-a1f9-100b381898db,
37970e81-06cb-4985-8156-75ad144bcd8f,e7191af5-35bf-4d44-acd1-2b5bfcd64e32,ef947a5e-051b-4f9e-85dd-f8e100631480,
82cc6fec-4ff2-402b-96d7-a482106d8d4c,e7191af5-35bf-4d44-acd1-2b5bfcd64e32,f1528495-b02a-4e9b-955d-7911595f0cb7,
f8e642af-9644-4484-8bb4-1ddc0ce169a0,e7191af5-35bf-4d44-acd1-2b5bfcd64e32,f508634b-099c-4e30-8ab8-00dd13eab821,
a462a420-0105-4382-ae39-10bb8ec55b4b,e7191af5-35bf-4d44-acd1-2b5bfcd64e32,f52117af-a77c-4cc4-83bb-1b07f9c68786,
d8b0f8ae-63d3-4819-8059-91f70c343283,e7191af5-35bf-4d44-acd1-2b5bfcd64e32,f7727ebc-7a7d-429b-a11a-16b802c194ee,
4a5d5352-9438-414d-8750-ce1de751bf8d,e96f0db9-86a4-45f1-aeb3-e26fa0d1d7b1,16c5b5ad-55e8-4e07-b9dc-765ea8d06b7e,
2b97bf03-5478-4f4e-b476-2ccc6b6cde09,e96f0db9-86a4-45f1-aeb3-e26fa0d1d7b1,26469377-9131-4f21-9cb2-d9e6ded3b662,
6ac28e79-e0ba-46e8-9c75-3a776b615f66,e96f0db9-86a4-45f1-aeb3-e26fa0d1d7b1,2776fe87-5be1-456f-aa9e-af4f6068b970,
53d2361a-6b17-44a2-8963-eae8ba566896,e96f0db9-86a4-45f1-aeb3-e26fa0d1d7b1,72b285c4-6a5a-46c8-b2af-9740d66154ee,
25fe726f-48e2-4319-9a01-9260567a4313,e96f0db9-86a4-45f1-aeb3-e26fa0d1d7b1,737bbdd9-8e98-4406-892b-065dcaaa232a,
9464feaa-365f-4273-b905-d1b2671f69cd,e96f0db9-86a4-45f1-aeb3-e26fa0d1d7b1,7f2a5843-bbf1-4a2c-878b-b96a651cc3aa,
d0dad7ce-a04c-46fd-b4d8-95da04015869,e96f0db9-86a4-45f1-aeb3-e26fa0d1d7b1,bd5fe335-9928-43d1-81a7-f7e454042b92,
0840face-ccab-4033-bf38-e2cb492e6416,eb3f95f9-a60b-4056-a4e6-a67bcbd51cb9,,5ac3b00e-8d88-4552-8788-f0eefa5c59d7
32a79dc0-8913-439a-b31c-aecefd2638b6,ee022cd9-7a82-4e95-b53d-5ef7023adc64,082170de-2ad8-4b7d-b8a9-daca52774ad2,
2d86ee55-7fae-4aa8-852d-aec0c1b5d74b,ee022cd9-7a82-4e95-b53d-5ef7023adc64,1ec558f8-ace8-4631-8a40-d7969dad9865,
96e8c76d-1d15-4224-9a02-d5bbab4e7e7a,ee022cd9-7a82-4e95-b53d-5ef7023adc64,270f7778-c353-49e4-8802-0baf87f7cd53,
bd7da2d5-5b1b-4cc2-b7ab-155cb09e6799,ee022cd9-7a82-4e95-b53d-5ef7023adc64,78cb20a9-cc92-40c4-8670-a509e93a74b4,
76a29d7f-7e2d-490b-97ee-3ed923ada3bf,ee022cd9-7a82-4e95-b53d-5ef7023adc64,85dab882-3488-4a23-a4a6-e2d27f618e8f,
a5a14604-9193-490e-8504-d9b699d2f5f8,ee022cd9-7a82-4e95-b53d-5ef7023adc64,d9cc264e-5aeb-46b9-b705-dd11305c4c0c,
16fb3033-0f95-4248-8ede-00af726e8e01,eeff7baa-cabc-49b5-a0b7-b4c08848fb17,,1424a37b-3dc1-45ca-aaa3-91415ea42562
76f6c5f6-ad71-418f-a354-631d61a2f870,f0116d8e-f688-45bf-8b5e-d80b6031c024,001501b9-2d26-49b4-adad-dbecd0d0febb,
36e74d5b-1561-408b-b6a7-e8b1a28aa03c,f0116d8e-f688-45bf-8b5e-d80b6031c024,0437331e-6210-4200-be04-c7f754203cd5,
b1240657-1089-4a2d-af25-0c051ea6de39,f0116d8e-f688-45bf-8b5e-d80b6031c024,09084895-cf83-47df-9459-8a7d2c62cffc,
8d1b5569-eb78-484a-9fe8-8d763054dfda,f0116d8e-f688-45bf-8b5e-d80b6031c024,174d6fbb-42e0-488a-8fb5-86dfb8dc1dfa,
63787f19-3695-4c31-8c7c-5ec1db1ae2d1,f0116d8e-f688-45bf-8b5e-d80b6031c024,19546cd6-7c06-4f59-89e0-ab3eb3663515,
9a16f59d-04d1-4240-80b2-1c29803409df,f0116d8e-f688-45bf-8b5e-d80b6031c024,2b00520c-d881-4c29-8b8e-e83512c93a22,
2d000679-fa44-4e61-8ea8-949ab991fda2,f0116d8e-f688-45bf-8b5e-d80b6031c024,3c9474c7-6548-4c64-9e09-c8195cb8d935,
1e2b57cb-978a-4326-896d-c8395fd7ac28,f0116d8e-f688-45bf-8b5e-d80b6031c024,5f72a382-ec75-4aaf-9f2a-2557c6498bb6,
17251e1a-eb82-4622-8ac6-24cc33991952,f0116d8e-f688-45bf-8b5e-d80b6031c024,830dd09a-331d-4ff3-be17-969d13968e32,
eaa04bf1-bd86-4b50-b988-9364b92da7dc,f0116d8e-f688-45bf-8b5e-d80b6031c024,95294cb5-1407-4cdf-8ade-29b74fdd23e2,
aa198969-fcda-4070-b46f-e71331a1094e,f0116d8e-f688-45bf-8b5e-d80b6031c024,9619418a-62d0-4883-b074-af4d907ce0b3,
9516251e-aacf-4af2-afc2-e2d1381b12f7,f0116d8e-f688-45bf-8b5e-d80b6031c024,9881bd41-f102-4000-a64f-66cd6aa9fc46,
8d8bb1a4-9e6f-48e0-bbeb-fa59f23252fb,f0116d8e-f688-45bf-8b5e-d80b6031c024,9c305463-bcf9-4752-9d84-589550f8e065,
5155d002-b063-4e38-b6d5-09372aec9c79,f0116d8e-f688-45bf-8b5e-d80b6031c024,a4795f72-04f6-4f89-90cc-7d00238f7981,
fbc0ff8d-c372-4902-9c64-348d1e0614f2,f0116d8e-f688-45bf-8b5e-d80b6031c024,a9a1f922-30d0-4c63-9c3d-7610a8469930,
2d751713-041b-46bb-87ea-a13f478d7c4e,f0116d8e-f688-45bf-8b5e-d80b6031c024,aa96614c-64b1-4bbd-a39f-f1e7b5e6dafa,
3b02d3e2-84bd-49ed-b799-4da389d0e6fe,f0116d8e-f688-45bf-8b5e-d80b6031c024,beaf1cce-e4ac-410c-896d-fabeddbb83fb,
05f99abd-a6d4-42b0-b7a9-c46a5a5e4fa1,f0116d8e-f688-45bf-8b5e-d80b6031c024,bf7aa08d-f08f-4eec-9f59-ac8fee0fe415,
d9bb368d-604d-4484-abac-a8b37bc9ce31,f0116d8e-f688-45bf-8b5e-d80b6031c024,d228a5aa-239c-4001-bd06-4aedeb9cd187,
5004d015-45f0-4559-bf4e-b95bd374fbb5,f0116d8e-f688-45bf-8b5e-d80b6031c024,d4bd5038-47a5-479d-b1a0-31030db2a33e,
a3d1ca3e-ba77-4639-8fb2-bf1a27cd2839,f0116d8e-f688-45bf-8b5e-d80b6031c024,de621b57-ba04-4226-aa10-c4a31f27c90b,
3f75e907-3506-4021-a0b3-969f7f96ff45,f0116d8e-f688-45bf-8b5e-d80b6031c024,ee7bab39-3f3f-4c28-a12c-38ac115bd74e,
e5bac580-18de-4593-b388-9b583ac1d4e2,f0116d8e-f688-45bf-8b5e-d80b6031c024,f25189c3-c7da-4d4b-a761-0e385556d5f5,
e00c7765-8469-4082-b8cb-72bc91040bab,f26a5f02-2deb-4a27-9c4e-65b180d9bc1d,0e400c4e-c744-4488-b82f-31258ffc0db1,
38ab5fa5-e6bb-43d9-92bc-924f3b6489d7,f26a5f02-2deb-4a27-9c4e-65b180d9bc1d,1641af9f-4f71-46a7-9527-6002a27bd790,
13bc55aa-e75b-4348-8321-d330289e0224,f26a5f02-2deb-4a27-9c4e-65b180d9bc1d,198250d0-9ae4-4ebb-b5a8-78b0b54c2278,
c604fb9e-542b-432b-ae94-7589ee99c472,f26a5f02-2deb-4a27-9c4e-65b180d9bc1d,21ce2c46-cfce-45fb-8176-41e8a6830e60,
f90ebe3d-a6f3-4522-b4dd-ab34d70979b5,f26a5f02-2deb-4a27-9c4e-65b180d9bc1d,4048a112-4b88-4a85-8e9c-840e8179d82f,
dc511646-e9f1-4e9d-83c8-0a355e0ebe6c,f26a5f02-2deb-4a27-9c4e-65b180d9bc1d,5fdec541-0b68-46bf-af55-5acaaaf3aaca,
7ed550eb-a551-4e68-87b3-0a7e532e64bf,f26a5f02-2deb-4a27-9c4e-65b180d9bc1d,7a5e67a6-1ee9-45b7-b9eb-f040b3296101,
93390cb3-4347-4c6c-b528-89c82054be06,f26a5f02-2deb-4a27-9c4e-65b180d9bc1d,82538f60-c47e-46ea-9024-3ddb3dba29c0,
650ab661-3bd4-407c-9d60-51a393e823ff,f26a5f02-2deb-4a27-9c4e-65b180d9bc1d,857fc59f-9ff2-45cc-b492-526de6d919e1,
699d76f8-9cd7-4733-85c6-26d91f821107,f26a5f02-2deb-4a27-9c4e-65b180d9bc1d,a0554438-2a26-49eb-aec0-088f3b6a0c42,
58c2ebcf-a855-456b-a6d4-a855fed54624,f26a5f02-2deb-4a27-9c4e-65b180d9bc1d,a36c98c5-4379-4123-802f-cee522c039ed,
624ddd44-cbbe-48e5-8219-f2b335244944,f26a5f02-2deb-4a27-9c4e-65b180d9bc1d,a478ebbb-576f-4837-9e54-3fce8f92b8fb,
db0164bb-f9ed-41f0-9675-ee78b12b41a3,f26a5f02-2deb-4a27-9c4e-65b180d9bc1d,ab2acd8b-89e4-40e8-96cb-7613c6ff94d0,
d125e509-7871-4906-a45a-3d635d152439,f26a5f02-2deb-4a27-9c4e-65b180d9bc1d,bdbfac49-e4a2-439b-adc0-cc0a676d057e,
f402678a-5753-414c-a13d-7de4ed0d18de,f26a5f02-2deb-4a27-9c4e-65b180d9bc1d,c46d835d-129a-4104-beb3-c5bb241fc810,
f9b9ab13-f903-428a-89a1-211d48d03820,f26a5f02-2deb-4a27-9c4e-65b180d9bc1d,e1c87cb8-3435-46ab-84a4-fab45591f921,
49563f90-cc30-434d-8281-a485f7d006f5,f560ca0e-b14e-4b4e-84fa-90a969cfa92f,1ea0804c-2316-47fd-b62a-aa859e0feacf,
065d9c0c-77dc-44e7-8423-7c59154736cd,f560ca0e-b14e-4b4e-84fa-90a969cfa92f,20e0e605-85e3-433b-b3d5-9bd3f180c511,
6edb8dc7-776e-42fc-a297-c05dacfb0afd,f560ca0e-b14e-4b4e-84fa-90a969cfa92f,b8ebb55f-4793-4459-b0ad-7aa9163791dd,
3513164f-bbfd-4608-89d6-c50662d830dd,f5d495b1-04eb-427a-880f-c98ce4085951,05a78098-7c61-4481-b777-55085018d633,
56f50cae-fc2b-4eaf-ae6d-67373aa05780,f5d495b1-04eb-427a-880f-c98ce4085951,0684f686-8b2a-46fa-b254-ed26981c9ded,
f82374e7-6ab4-4355-a473-39ed131964ca,f5d495b1-04eb-427a-880f-c98ce4085951,08ea6e55-4ef7-4d3b-80f9-c9c94a777d68,
7ecf9106-5eb6-47ad-9bc7-3d01007c487c,f5d495b1-04eb-427a-880f-c98ce4085951,095f6de4-440b-48fa-a430-f65480371a35,
bef55381-e070-4a00-9c60-367bf7e2362f,f5d495b1-04eb-427a-880f-c98ce4085951,09f42ed5-201b-482e-86a8-2a0d87425777,
ddf85a3e-0113-4730-bf60-b3d6e313b4ff,f5d495b1-04eb-427a-880f-c98ce4085951,0d320fc9-ace3-4e2e-bd8e-dd1d885cf7a3,
419998f1-c16f-45a2-b9a9-1c40572a06b7,f5d495b1-04eb-427a-880f-c98ce4085951,0fb5e29c-c065-4a18-9c2b-b1da53f430c3,
8b8800a1-3caa-4d18-8deb-c0d16e8aa1d4,f5d495b1-04eb-427a-880f-c98ce4085951,0feadc5b-1165-4b7d-b2be-d7d85cfaf86a,
dbb13468-78d3-4da5-99f7-4cd0393e17b2,f5d495b1-04eb-427a-880f-c98ce4085951,1d412ad5-ef7b-4776-bfc9-3b6ec1d8f6ae,
94534c14-39ab-45ac-b35d-08cbc9170f0e,f5d495b1-04eb-427a-880f-c98ce4085951,2c92a3b7-2deb-43db-9a6a-aefe04d9006f,
0203ea23-cee9-4911-bcff-b750272e30d0,f5d495b1-04eb-427a-880f-c98ce4085951,3b1a4fad-dda8-4a7c-9fc0-879d347f4902,
4049bc1e-3949-4072-8969-d17c8ed5c458,f5d495b1-04eb-427a-880f-c98ce4085951,4130530f-c78d-4a75-8a71-cda19cf8c0ae,
c15075f9-bfde-4c56-b764-9aa43360b48a,f5d495b1-04eb-427a-880f-c98ce4085951,4452416b-1039-451c-9f6a-1d4d6bbdea7c,
fcb9d280-ef67-444e-8c73-48c8bc8a2d7f,f5d495b1-04eb-427a-880f-c98ce4085951,448816fd-528e-4a21-a1ef-c0dcb7073efe,
75be3ec5-de19-43b3-b35d-588df9e89b6c,f5d495b1-04eb-427a-880f-c98ce4085951,68e3ada9-897d-43b5-a777-f10050dbfa03,
5e471bdf-3855-45d1-8548-06741b382127,f5d495b1-04eb-427a-880f-c98ce4085951,7c45dc9d-fcdd-45e5-a770-3224110cd354,
9eb6c093-2e93-49b8-aa24-d260ec2920fe,f5d495b1-04eb-427a-880f-c98ce4085951,8162d704-cf13-4685-a76d-3f7f3cdd1877,
58888a86-ee0b-4ee6-9a02-f0bbeb473f37,f5d495b1-04eb-427a-880f-c98ce4085951,8687f9bb-3cd3-4978-bc83-220ebad81b78,
86dba2a3-5c6a-4baa-8eea-fce51f0b2828,f5d495b1-04eb-427a-880f-c98ce4085951,8e5e98ed-a330-4f25-9e4e-22475ced8072,
121a4572-5ecf-4fcc-9101-1bfa60c81038,f5d495b1-04eb-427a-880f-c98ce4085951,9864109d-1b7a-4dd2-9c96-13478729d48a,
fc2a40d6-5d6d-4cd8-97ec-934d84e404a8,f5d495b1-04eb-427a-880f-c98ce4085951,99fad32a-9f34-4dfd-b4b1-21033ba7cc6b,
faf6928f-b3fa-4e6e-803e-28b63bdcc1e7,f5d495b1-04eb-427a-880f-c98ce4085951,ab88d1c7-af37-424f-9a66-f5aa6103fd0c,
0812ceec-16c6-46e8-bf0f-b5133283a5e2,f5d495b1-04eb-427a-880f-c98ce4085951,b270b7ce-8b89-4475-83bf-81bf02d269a6,
c54124ab-b95d-4f0e-83f4-fe163fbdc405,f5d495b1-04eb-427a-880f-c98ce4085951,b4e6d309-aad8-4825-b166-2e2310f431db,
f8fecd19-314f-43f7-b0dc-a030ea3b6bab,f5d495b1-04eb-427a-880f-c98ce4085951,caf67cec-1e63-4e9d-bd1f-a669b3b0cb26,
2ce4eb53-c178-4b44-82c4-4b68171402a7,f5d495b1-04eb-427a-880f-c98ce4085951,d2313d8d-4d5f-4568-ae89-5303a178420e,
f1d91aa4-8222-4903-a483-0d33b4de7bab,f5d495b1-04eb-427a-880f-c98ce4085951,e23410c0-9598-4314-911e-71ca05a5128c,
cef55c21-7834-48b6-9021-a2a337b4d9e7,f5d495b1-04eb-427a-880f-c98ce4085951,e90d36a4-b09c-4126-aae5-60fe4f787210,
fd41a392-7887-49c8-8888-4867d5ca929c,f5d495b1-04eb-427a-880f-c98ce4085951,ef9dc681-0ca3-488d-bd11-58d5ab827932,
8100d78a-701b-4682-93fc-af1f57c779bb,f5d495b1-04eb-427a-880f-c98ce4085951,f4dfd5cd-bd38-4bb0-b678-5d088d1e0c79,
9fd526e3-73ca-4acb-932d-6adfa456caab,f5d495b1-04eb-427a-880f-c98ce4085951,f6ab43e7-4b5e-40c8-8fb7-321dbd199102,
9522bac6-592d-4830-9414-61147ad6b692,f679433c-3068-47a7-8e79-86808eb395c0,04a90b7d-d229-404d-9acb-88fabd7c2cf0,
df84d239-c506-4c11-8ab5-ed0e63efcefb,f679433c-3068-47a7-8e79-86808eb395c0,07fc8b20-5f34-4cf9-97eb-e80d9b048c2b,
3c0d9b86-b00d-41bf-9b25-f200faef26ba,f679433c-3068-47a7-8e79-86808eb395c0,19aeab7d-cd59-45de-b8e5-bfbfdfa6f93f,
caa98507-54ed-4acd-8f63-58275463000f,f679433c-3068-47a7-8e79-86808eb395c0,1d1563c5-3dd4-42e9-9f04-0f142bd23044,
e89012d5-b9da-46be-a3e9-0cc068436bd9,f679433c-3068-47a7-8e79-86808eb395c0,2b610242-5362-4cf3-90d4-f7e3f9e78cc5,
adf55d5e-ad8b-4e4c-b213-8404d2e0c545,f679433c-3068-47a7-8e79-86808eb395c0,2c43a39b-6e77-4f29-a8b0-71f85be7bdec,
1624d791-a0f1-4bb9-960c-4f00071456d9,f679433c-3068-47a7-8e79-86808eb395c0,325617c8-b34e-45ea-a346-f258aaffda5f,
a1f3d21b-5423-492c-a8ab-663820166f0e,f679433c-3068-47a7-8e79-86808eb395c0,4657172d-976a-47c2-b6d0-67455f1d6bfd,
bc638bcf-2ff0-45dd-81f7-3559afce974e,f679433c-3068-47a7-8e79-86808eb395c0,5f47a485-5ec3-481d-a80b-b0ecbb274eb3,
4d9dcd48-cd38-42cd-8d4b-5f626802ef65,f679433c-3068-47a7-8e79-86808eb395c0,69f5f304-5009-409f-88af-8711c80643f0,
e9bb5704-f243-4e98-8a3f-30228d93761d,f679433c-3068-47a7-8e79-86808eb395c0,70208cda-243f-4b57-a166-da9f73304b21,
a93ad006-40dc-49d2-8e1a-7e29e1f3e038,f679433c-3068-47a7-8e79-86808eb395c0,72382a48-5b36-4d83-94a9-45026f762418,
fd039477-0c25-48b2-a61b-850346a4afd3,f679433c-3068-47a7-8e79-86808eb395c0,79862cef-8df9-4886-8267-3ab23b69c280,
055dd6be-6dd5-4864-b52e-d746ed87f163,f679433c-3068-47a7-8e79-86808eb395c0,822f7df1-b037-431a-9000-a68253bd0eb2,
20abd2e8-753f-4db2-aae3-8276116c223b,f679433c-3068-47a7-8e79-86808eb395c0,86c6d1ca-3b68-4908-8af0-7ac10c5981a6,
d7d8915f-f909-478f-86e1-0deac166bcd4,f679433c-3068-47a7-8e79-86808eb395c0,8a90fcbf-936f-40be-97fa-220e6ec8b3b6,
c646ad47-a335-4ede-bba9-ba73b54c2ee5,f679433c-3068-47a7-8e79-86808eb395c0,8c450676-77be-4a93-88c8-891e69f9d188,
e8713018-3461-4108-aaf7-3563b393b0d8,f679433c-3068-47a7-8e79-86808eb395c0,918448d8-d5de-4d79-941b-2cabd83f46be,
6c98e10e-6693-494f-9503-c7a98c3f4d86,f679433c-3068-47a7-8e79-86808eb395c0,a729ee6e-8bb9-4b08-b78a-52aef1e6f57a,
636a07f4-44be-458c-8778-da72c8ea0686,f679433c-3068-47a7-8e79-86808eb395c0,af74094e-8ce1-4451-b303-405b100a6b05,
4dbc93c4-f3c7-4c9d-9dad-57b28fe50730,f679433c-3068-47a7-8e79-86808eb395c0,c6987bdf-8650-4439-a6d7-1a0ee21414fc,
33e25752-f872-47bd-9bcc-2e321c34ccea,f679433c-3068-47a7-8e79-86808eb395c0,f73eba5a-aebb-4022-abac-34ab55a5cdd9,
5c69c15a-3996-4d14-880a-13f54a6a8cd5,f679433c-3068-47a7-8e79-86808eb395c0,f9ebb368-2df0-4cd0-9ad1-30101fa10862,
3ee1efb8-36b6-47c4-9ef0-0bd175d0b911,f679433c-3068-47a7-8e79-86808eb395c0,fc645df6-3bd1-4273-a895-c676b9949fc1,
0976134b-bb08-4402-87d6-745a9350344d,fbbfcd94-c573-48c3-a913-be85af5ab7dd,0766a5b7-74ac-48d6-9e97-a356a42a7fa7,
db39d12c-2903-4743-81d3-29afe57424f7,fbbfcd94-c573-48c3-a913-be85af5ab7dd,0a424f42-1224-41c8-9761-6cde2a58651d,
320792ca-d8c5-451b-af68-a34c6b48c626,fbbfcd94-c573-48c3-a913-be85af5ab7dd,1df9bdc0-bd98-4f24-b8fc-6c3f49a041e0,
081337d6-2347-4e79-840e-83df296ce5c6,fbbfcd94-c573-48c3-a913-be85af5ab7dd,1ec3cd5f-4709-4685-a4b2-bf00507dd4b2,
564c46d0-71e3-4387-a8bc-5eab578b3b51,fbbfcd94-c573-48c3-a913-be85af5ab7dd,20858349-eaab-4f83-b69e-6c8c8af47e2b,
d77f02e9-4b64-49b5-ad16-a2e25274f195,fbbfcd94-c573-48c3-a913-be85af5ab7dd,234ba523-b641-4224-a4e9-9357502e7883,
bdbf1688-9147-4eeb-9b34-1ae38eae461c,fbbfcd94-c573-48c3-a913-be85af5ab7dd,2dfe2c26-d2b2-43c5-bae2-6982f2f42862,
e56900b4-3e78-4d67-9231-feff2a74c4ca,fbbfcd94-c573-48c3-a913-be85af5ab7dd,2eafbd77-f4ef-41b9-988f-8127ecd96bc0,
d441509e-b5de-4403-946e-d62e63c0d39b,fbbfcd94-c573-48c3-a913-be85af5ab7dd,30624239-57e9-464f-be7c-d3c57f0e02ad,
6a6aceef-9fea-47e5-8cdf-c2b76a76c66d,fbbfcd94-c573-48c3-a913-be85af5ab7dd,429d40bd-3947-423d-b66d-5225b6f289f4,
40adf732-044e-4727-8a96-d10d836f549a,fbbfcd94-c573-48c3-a913-be85af5ab7dd,5216261e-4769-431e-b7d0-98c64bb5f5c2,
9b0f5841-79ef-414e-9c41-7f4e33d17add,fbbfcd94-c573-48c3-a913-be85af5ab7dd,558abb70-fb31-4d82-863e-b7f13998fdf8,
d876275b-05fd-4fe3-9133-db6510f8e15f,fbbfcd94-c573-48c3-a913-be85af5ab7dd,5ab79fad-cace-4df1-8606-c56b227678f3,
9ae9b471-2c32-4bf5-b19b-3bacfe7c2e31,fbbfcd94-c573-48c3-a913-be85af5ab7dd,63c7f1ed-294d-4d97-8c16-05abbbedcdcb,
7ace17ea-55db-4f36-9be6-dd06c5ae68cb,fbbfcd94-c573-48c3-a913-be85af5ab7dd,6681e30e-85f8-430a-9559-8e70c7183eac,
e550c6d5-06f0-4491-9f45-396d6a455837,fbbfcd94-c573-48c3-a913-be85af5ab7dd,67f09ed1-062c-4508-92ad-b486a33062e7,
c0a7fe4f-12a6-4394-a21a-9e5a70a2ef20,fbbfcd94-c573-48c3-a913-be85af5ab7dd,6c013c26-356f-4ee1-adb7-dc785cf79517,
87c72ba5-4835-417d-a832-a3cbf4a902ad,fbbfcd94-c573-48c3-a913-be85af5ab7dd,7e12712d-04d5-4ac3-a1fd-3968890a6a59,
a388b0aa-2966-458d-a894-dd33ef133de5,fbbfcd94-c573-48c3-a913-be85af5ab7dd,8107efea-519f-40fe-a526-98d5c7dbab71,
9da5df61-4d36-4705-9531-24439f1eddab,fbbfcd94-c573-48c3-a913-be85af5ab7dd,840c3947-8567-4a4b-916e-051219bc0d48,
d3e89871-4190-4431-a44d-e61276c7121f,fbbfcd94-c573-48c3-a913-be85af5ab7dd,88b2fb8d-584a-4ce8-a167-c4dd6dae8f84,
f0f51e75-172f-4f5e-8515-970ec359312a,fbbfcd94-c573-48c3-a913-be85af5ab7dd,89d4ce84-d7cc-4deb-adcc-11b0bd66d328,
dff6466c-7313-45bd-99bc-0637f0a067d3,fbbfcd94-c573-48c3-a913-be85af5ab7dd,a3b9de1e-caf1-44a1-ab4b-558cc15b5c7c,
f54b1fb9-6f1b-4da9-b116-ec1a033b10de,fbbfcd94-c573-48c3-a913-be85af5ab7dd,b45e919f-82bb-4bcb-b056-33236f4970f9,
97da4953-32da-4654-8dd5-38202778c32d,fbbfcd94-c573-48c3-a913-be85af5ab7dd,c0ea1209-91e6-4002-93a4-3f37e64587cf,
3d2382fe-fe1e-4685-bdda-f50f9c7f6fa0,fbbfcd94-c573-48c3-a913-be85af5ab7dd,c5637218-4d47-4b1b-99f9-7e567b44063b,
ba7640e8-9344-45dc-9771-6824d3a1d9be,fbbfcd94-c573-48c3-a913-be85af5ab7dd,c7f8a375-b414-46f1-93cc-4f597e8fb4d0,
13c64f4d-f500-4310-98ab-12ef9f3a280d,fbbfcd94-c573-48c3-a913-be85af5ab7dd,ea196247-f00b-4cb3-8d24-77f0ca691a48,
8677b9b4-eeb7-4de8-ad36-3a2addbefc21,fbbfcd94-c573-48c3-a913-be85af5ab7dd,eb6acf08-0747-4700-963a-18ae660d5bbc,
74d03bac-9829-48f9-854c-63822f8be19a,fbbfcd94-c573-48c3-a913-be85af5ab7dd,edd4eaaa-de65-4dae-9060-dae5c2f2379b,
34635e46-0773-4868-866b-dfd3ed2a720c,fbbfcd94-c573-48c3-a913-be85af5ab7dd,f5db5c6e-564e-4998-9dd7-acdae19d815f,
b4381746-dfd8-4af0-96c0-ea7499495ff6,fbbfcd94-c573-48c3-a913-be85af5ab7dd,f79bcc14-e36d-47ac-8c37-31e74674572d,
56feec28-6d54-42e9-b2b7-029f39fd2241,fbbfcd94-c573-48c3-a913-be85af5ab7dd,ff4e44f5-62b3-4d56-97a2-6443f97bf9a5,
5fffc7e8-6054-408e-b1b0-6a2418023b9f,fc492eb1-e332-492d-9273-5b313c6948bf,,c827a674-fe11-4764-a7e4-7e23cbddc6bb
