id,district_id,jurisdiction_id,subdivision_id
a2b8256f-a4b7-41ac-bc9a-84592b18fb13,041a884d-1524-4339-ba9d-c6b3e4f993a6,00e93e81-acb1-49ea-b4c4-ae9d01c83b5d,
01abcdb0-386d-489c-b160-c52b4429e683,041a884d-1524-4339-ba9d-c6b3e4f993a6,04fac9da-47b6-49c1-954c-4e3947e2195b,
bf03e93b-040a-45f3-bc2c-808b936594eb,041a884d-1524-4339-ba9d-c6b3e4f993a6,13c96d95-e13c-42fd-b17b-8a8d5a89174b,
1307e41a-4b6b-4d61-bc47-8f794b517c91,041a884d-1524-4339-ba9d-c6b3e4f993a6,1cffe7ea-489c-4af4-89f6-2b5e8151a1dd,
84e5c1b6-852d-455b-8422-4e6f61780d34,041a884d-1524-4339-ba9d-c6b3e4f993a6,27a57581-80b2-4af6-aa6c-72a7aa2dfa17,
7e12cd2e-a5d1-49fc-834d-7f8f3203146f,041a884d-1524-4339-ba9d-c6b3e4f993a6,301aee1a-3bf1-4d0d-a37a-85223b247fdb,
dfc4477f-8b1e-4a86-9f5c-a664ac52abdd,041a884d-1524-4339-ba9d-c6b3e4f993a6,316f5e84-0a5d-4d6f-a14a-32f00bc8d1d8,
b8867daa-b799-4852-b7c9-ec3d4a66b383,041a884d-1524-4339-ba9d-c6b3e4f993a6,3ff18e77-d632-451f-baee-3242d8b6f0ea,
e32e73fa-e606-44b1-bd97-8e08dc824938,041a884d-1524-4339-ba9d-c6b3e4f993a6,43646412-131f-4a7c-98ab-e90d80779c7c,
284a71ef-1bcc-4e49-a044-850fc5f28619,041a884d-1524-4339-ba9d-c6b3e4f993a6,4514adb5-f40e-4e91-b62d-380585fd0cb3,
71544353-9152-4c5c-9ee6-d79e5fa71f4a,041a884d-1524-4339-ba9d-c6b3e4f993a6,4ecbbc48-a755-45c5-8729-01c9853b61b8,
b5e0d15d-a9e4-4618-ba63-da601dd650a1,041a884d-1524-4339-ba9d-c6b3e4f993a6,5309e159-c949-4bc6-a0a9-8497f5494580,
e85e376e-2550-4fd0-a7f5-081dd20e4108,041a884d-1524-4339-ba9d-c6b3e4f993a6,6345210c-0a36-4472-acb7-8dd17d44e0b6,
d6bebb3c-b170-4bf8-b2d7-c4285c044233,041a884d-1524-4339-ba9d-c6b3e4f993a6,6bb43f55-d66f-46bc-ab5c-ac4dadf39516,
63553ac3-3313-4748-a43f-e004906546d1,041a884d-1524-4339-ba9d-c6b3e4f993a6,6d690793-ea7d-427a-b8f5-97c85e511189,
c2b42da8-67cf-4f5e-aadf-f3cec2685941,041a884d-1524-4339-ba9d-c6b3e4f993a6,6e502da6-fb00-42d5-b531-12a54c7d17f5,
38c0e28d-5667-4c10-a2b4-4b1570c60d54,041a884d-1524-4339-ba9d-c6b3e4f993a6,6fdaa338-ee19-42cf-a8ed-b64cfe600317,
4e5c9be9-fb04-4398-a2ac-2b37f0da1647,041a884d-1524-4339-ba9d-c6b3e4f993a6,7446e18f-7870-40dc-a991-f178918148d6,
4402a5a0-f104-4656-aef0-55372595e1ec,041a884d-1524-4339-ba9d-c6b3e4f993a6,76325f57-3627-4733-a864-2b38a43b89e2,
cbeb8227-841f-47ce-a409-10b83d2437b7,041a884d-1524-4339-ba9d-c6b3e4f993a6,76ce3e9f-2676-4dbc-a5b2-32c420c93745,
6882ef66-f11e-488b-af1c-aa97b5a0846f,041a884d-1524-4339-ba9d-c6b3e4f993a6,7ab041e7-5539-4f2c-b9af-3d07ac3e5c9a,
c9615fa0-a83b-4929-907b-0abda4e48753,041a884d-1524-4339-ba9d-c6b3e4f993a6,7b64b635-9817-4344-ad25-dbe7a172a1a1,
5f94ca1a-1bbb-4e6f-a845-b5edb88917f0,041a884d-1524-4339-ba9d-c6b3e4f993a6,7e37b5c1-669e-4a9e-ad43-409c3c04c35e,
00e3993a-c20c-4b7e-b0f5-116fa2215f0b,041a884d-1524-4339-ba9d-c6b3e4f993a6,83e46a2f-9f86-494b-b75d-4077582a2e08,
ea310a70-c6c3-4818-a3f2-5da6e3735efd,041a884d-1524-4339-ba9d-c6b3e4f993a6,8512f3c6-3d79-47e3-b3a7-6bed8a699377,
09c2b1dd-e00f-4428-8a73-dd69fdcc6213,041a884d-1524-4339-ba9d-c6b3e4f993a6,8b8803e2-a5ab-46a4-862d-6ff33d2d4835,
2aa44e7e-ab18-4a10-941c-8af75f36fe5b,041a884d-1524-4339-ba9d-c6b3e4f993a6,97b1cf02-c2b1-4832-bfd9-681385b7834f,
4dfac710-babe-465c-8f5f-ab409c1f893b,041a884d-1524-4339-ba9d-c6b3e4f993a6,9e2f19a4-4a02-40b4-b4a1-573932e57555,
b8b2aad0-1534-424f-8018-11686a46e382,041a884d-1524-4339-ba9d-c6b3e4f993a6,a484cc38-888b-4d0d-b182-a471c4468681,
3c1e1e0f-09d5-4deb-8db9-2567a87cde19,041a884d-1524-4339-ba9d-c6b3e4f993a6,b62054ab-6a2b-4418-95e8-fedcabde1ea6,
29ab151c-74ae-41a4-ad20-c965e6218b28,041a884d-1524-4339-ba9d-c6b3e4f993a6,b6e81782-bcf4-4328-9a94-33abf701a95d,
35c3d932-ebaa-45c0-b1a9-2ad6293e80f5,041a884d-1524-4339-ba9d-c6b3e4f993a6,b8d111e4-0879-4d8e-ae69-f429b2e1c46a,
021cb6d5-d5eb-43be-8f11-63429c33c07d,041a884d-1524-4339-ba9d-c6b3e4f993a6,b9e1cca3-3eb5-47d6-96d9-d354e0d2a194,
c8413594-c1ae-4c1d-a5f3-c47794ee430b,041a884d-1524-4339-ba9d-c6b3e4f993a6,c784a1a8-a2fb-46bc-af6f-33c210f871ea,
7b088620-4ef9-4bb9-873e-a4c94028aa00,041a884d-1524-4339-ba9d-c6b3e4f993a6,c796fcb5-5d07-4d67-b4ae-f91df6e8f1ab,
9903a71d-10ec-4f0b-a38a-14f15e2e1a58,041a884d-1524-4339-ba9d-c6b3e4f993a6,c88ac59a-07b6-462a-ba4d-9d318237c1b9,
3b77c3d6-3a13-4ced-9f2e-210db69765b7,041a884d-1524-4339-ba9d-c6b3e4f993a6,d63d009c-1b25-437c-a850-e1ca4044f2d2,
de85af2b-4637-4c8b-84bf-362c47373074,041a884d-1524-4339-ba9d-c6b3e4f993a6,dece5be7-009b-4fae-82e6-e7cb449b7b2d,
ddd77820-a32a-4011-a6b9-d84db8df24dc,041a884d-1524-4339-ba9d-c6b3e4f993a6,e1f2df8f-fc7e-4b5d-b0bf-b06d3f6a95cd,
18b5e827-55d1-4ae0-81a2-941000c36c4b,041a884d-1524-4339-ba9d-c6b3e4f993a6,e567ff2e-c7a9-459a-9564-7c9d0320dab0,
4c8c4f2c-124f-4c21-bb80-9df0a07a5618,041a884d-1524-4339-ba9d-c6b3e4f993a6,ea53fba1-dd99-43ff-8a06-e9e7dc988ca8,
1f67e887-f174-485e-8d9d-46cd944dfabe,041a884d-1524-4339-ba9d-c6b3e4f993a6,ef6e17ac-0eeb-47d6-b4c6-24de4451927c,
91083c21-de9b-4d5c-8e8b-2f8a487f7b9a,041a884d-1524-4339-ba9d-c6b3e4f993a6,f3e7790b-7c47-4fd4-a235-9b24a7e14518,
44e445b4-1355-40d7-b820-9d09c464389f,041a884d-1524-4339-ba9d-c6b3e4f993a6,f49333ad-7b91-463f-825e-9f5eda6eccdf,
5b1b117a-b6f4-4366-a03d-3c910794db0c,041a884d-1524-4339-ba9d-c6b3e4f993a6,f632e682-9485-484f-af46-6c0f3a22003a,
c0fb1806-97dc-43f0-90db-98027f19d4a9,041a884d-1524-4339-ba9d-c6b3e4f993a6,ffda0a9d-6256-4890-b788-835309e7e942,
cb67aa1e-6c4d-485d-baca-511715857c1d,08dbb553-3037-48bd-a4ec-84ac6629150a,,a9291856-6dbe-44c9-a429-c8e279c4ec6a
744c9f4a-84ae-4445-8039-4785a0df1572,0a1f3152-7e37-4fc0-a345-5fe8596a0f97,01ba68bb-b18e-4a00-9029-54c1871a8f6b,
7d4eb52c-7603-4550-ba96-654ade03b0f1,0a1f3152-7e37-4fc0-a345-5fe8596a0f97,2061e04f-67b3-41cd-8de8-5a98ace725e0,
640ba022-a672-4f49-a543-738037ba0f2a,0a1f3152-7e37-4fc0-a345-5fe8596a0f97,25447d67-8d30-4f2a-93ab-a91620da1302,
aef14ffe-735f-47a9-83c2-25bcdff5fdbb,0a1f3152-7e37-4fc0-a345-5fe8596a0f97,2dc4b452-b678-4f2a-bae1-1121bebad8bb,
ad6df89e-9954-4da0-bf52-a3d7a40a579c,0a1f3152-7e37-4fc0-a345-5fe8596a0f97,2f6aaff9-fe3f-40f9-ac92-e9fdcdba5f4c,
515e361c-82cf-4357-b5e7-76f75fd89e2a,0a1f3152-7e37-4fc0-a345-5fe8596a0f97,378b8055-e005-43f1-b371-491cafc6d9f3,
3fcd7616-11eb-4cd5-9eb0-1ab9ec2f8922,0a1f3152-7e37-4fc0-a345-5fe8596a0f97,390954c5-c6f6-4315-a583-719fed42c9da,
d5f7445c-e913-4043-a67d-5d5624913791,0a1f3152-7e37-4fc0-a345-5fe8596a0f97,390c61e1-9070-466d-a990-0e69272ce084,
d1c6d5d4-c846-4e67-99df-9f97e2a912c3,0a1f3152-7e37-4fc0-a345-5fe8596a0f97,393b7320-c19a-4811-a01f-94bbc39e5fc8,
d08747a6-54a8-498a-9361-f597f8828813,0a1f3152-7e37-4fc0-a345-5fe8596a0f97,3debabbb-9615-444f-b663-af17876242fe,
e79cba5c-43c7-403a-b447-a499e7579ab8,0a1f3152-7e37-4fc0-a345-5fe8596a0f97,5697836a-40c1-462c-aa21-8eb6f636c5f8,
945aef1f-579d-4636-aa67-5b20136f40ac,0a1f3152-7e37-4fc0-a345-5fe8596a0f97,5e189aa4-3144-4fe1-9ed5-9af4a526049c,
eebea213-43ff-4cce-bcd2-8e0243f2d5cb,0a1f3152-7e37-4fc0-a345-5fe8596a0f97,636c2843-045a-42bf-8c87-29e3a72de87e,
7ecfc1b8-3b46-487b-8387-7a887ab2f7fc,0a1f3152-7e37-4fc0-a345-5fe8596a0f97,68073f9b-3744-433a-9b3b-6f3d2345cd33,
b518e736-699b-4b9f-adf2-12c68f9ac5a4,0a1f3152-7e37-4fc0-a345-5fe8596a0f97,69061cc7-efd0-4743-a096-866486570a36,
1522cbfc-acdf-422c-8ac1-404d6614e735,0a1f3152-7e37-4fc0-a345-5fe8596a0f97,752bdc00-645c-4a7c-9034-b2e8a6a6fd11,
f646d235-2f9e-4bab-a2bb-020a8adb2fc1,0a1f3152-7e37-4fc0-a345-5fe8596a0f97,7c2b4332-1029-4694-a1ba-13848da345d4,
1edc09ee-3edb-4e97-9c8f-2e36bfe22501,0a1f3152-7e37-4fc0-a345-5fe8596a0f97,82884ec3-7024-454d-9a82-0ee9b66f0ad0,
cb7516dd-2d03-422f-add8-beaf27ff2744,0a1f3152-7e37-4fc0-a345-5fe8596a0f97,83aa7f91-0515-4506-a25c-fc95987fbff0,
0603dde4-7cd3-432c-9b44-b42ea7503d34,0a1f3152-7e37-4fc0-a345-5fe8596a0f97,85dbce0d-f6c6-4e36-899b-a3aca7fa5e23,
2ded97a6-da09-4481-a183-97f569397ef1,0a1f3152-7e37-4fc0-a345-5fe8596a0f97,87710694-0d6d-4db3-915d-3e86c83c52f3,
aafef690-1706-4960-bc5a-62edfdc29fc8,0a1f3152-7e37-4fc0-a345-5fe8596a0f97,897ee030-4de8-4738-a369-e82ef9f02d24,
18d45db3-4c75-4f6a-b1b3-d0b3eec6babb,0a1f3152-7e37-4fc0-a345-5fe8596a0f97,9467df01-6aba-4815-9e35-a6c7552dce06,
3bc48278-f0d7-4fd0-8078-53bbe45bbae6,0a1f3152-7e37-4fc0-a345-5fe8596a0f97,9f92f9da-1174-4ffe-9780-3975ca7debc1,
1808e83a-c0ba-45d7-8811-9ae66fb34143,0a1f3152-7e37-4fc0-a345-5fe8596a0f97,ab127f39-713d-4b7d-8bca-4e4ebd1d5d6f,
85480187-9b00-44f2-8af7-a9b6242ef241,0a1f3152-7e37-4fc0-a345-5fe8596a0f97,adbdeb2b-764b-4970-ab4b-85764aec4be2,
cb49d188-6864-495a-8c8c-18e2bf9094ea,0a1f3152-7e37-4fc0-a345-5fe8596a0f97,b0f0d1e5-4c7a-4ac4-b552-1cf3b6334007,
47850cc8-877e-4a24-ab56-36a49dc95659,0a1f3152-7e37-4fc0-a345-5fe8596a0f97,b385edf3-607c-45a0-91f6-fa26f8aa4ac5,
4db48fa8-b392-4701-9166-761b34bc351e,0a1f3152-7e37-4fc0-a345-5fe8596a0f97,b8d45842-9a74-42e2-9d5e-057d337be765,
22d4ced5-b1cf-47e9-8701-6f1f503271e2,0a1f3152-7e37-4fc0-a345-5fe8596a0f97,bc277c62-7759-4f61-9dd8-18ac31a5c816,
8d3dcc8b-7790-451d-a056-bd8a1702b780,0a1f3152-7e37-4fc0-a345-5fe8596a0f97,be9fd4b8-80e4-4e29-b5dd-21831990e26b,
e6bd9fd9-da00-4386-b65d-69ed9578e9f2,0a1f3152-7e37-4fc0-a345-5fe8596a0f97,c1502fdf-c487-4167-85e0-e5d6eb6c4e6a,
6d5a2e0c-d297-4731-b78b-423707722c7d,0a1f3152-7e37-4fc0-a345-5fe8596a0f97,c6be7b83-e56c-468e-b964-c3fa86fbabbe,
d44cfc28-2e62-486c-9a89-6d9c8f89274d,0a1f3152-7e37-4fc0-a345-5fe8596a0f97,c861cf64-d31c-4411-8995-d720bcf76d2f,
ff3ebcc2-7e71-42de-88cd-a2e6d8faa95e,0a1f3152-7e37-4fc0-a345-5fe8596a0f97,d178444e-e5a4-4911-aa0a-4c80713638a6,
4d9f371a-ce9c-4d7d-b57d-672330123c88,0a1f3152-7e37-4fc0-a345-5fe8596a0f97,dead58b8-2fa9-4696-8ac4-c7a567162a02,
cb75c678-f55d-4e8d-9edc-69ff5a5b8497,0a1f3152-7e37-4fc0-a345-5fe8596a0f97,ec9d2f0b-804b-416f-a8cf-5766ccbb5975,
34739627-80c0-4e04-aeed-8a7b93b076cc,0a1f3152-7e37-4fc0-a345-5fe8596a0f97,eed5e733-15ad-4008-918a-524e94cc850b,
6c25b769-be33-4e15-b391-bc96701f776d,0a1f3152-7e37-4fc0-a345-5fe8596a0f97,f468e074-116c-419e-aeb0-44a4441686b5,
72d3142c-3fcc-4d7d-a6d2-d17f52ecfcba,0a1f3152-7e37-4fc0-a345-5fe8596a0f97,fe5c0fe0-2336-4335-926d-42bfcfc730d3,
8869cc2d-e1d5-4c67-88c6-f966a804f8a7,131c62b8-e5a7-4b7e-884e-e8853a7cd119,356b49d6-6ee4-478f-8c8b-22747c0db962,
4a444662-50e4-42e8-b5b4-18533e332fa6,131c62b8-e5a7-4b7e-884e-e8853a7cd119,3e9359b6-1e8b-4910-8f87-eccc5a7ccf32,
d3e292cc-05ff-4ec6-9a3e-268e39511e56,131c62b8-e5a7-4b7e-884e-e8853a7cd119,79a2af8f-e7c3-461b-a411-4a495f22996b,
99f4b9c1-1006-4fb8-a358-8db8d96dc523,131c62b8-e5a7-4b7e-884e-e8853a7cd119,af41d722-d84c-46ff-a8f6-60d1acf73593,
cd84cf54-49a4-4b5f-b6b0-bfde0b8ab639,13ebdd60-fc1e-4e1f-b37d-0675f9537682,16c5b5ad-55e8-4e07-b9dc-765ea8d06b7e,
5dce11ef-2be1-4c9f-ad58-5a4a68878036,13ebdd60-fc1e-4e1f-b37d-0675f9537682,26469377-9131-4f21-9cb2-d9e6ded3b662,
d35e2699-a2f8-43c4-8251-b4685a6cba00,13ebdd60-fc1e-4e1f-b37d-0675f9537682,69f5f304-5009-409f-88af-8711c80643f0,
31178503-b950-4ada-ae26-29c73a0d7336,13ebdd60-fc1e-4e1f-b37d-0675f9537682,7f2a5843-bbf1-4a2c-878b-b96a651cc3aa,
b6686277-f153-4060-929d-2ce2b0c19111,13ebdd60-fc1e-4e1f-b37d-0675f9537682,86c6d1ca-3b68-4908-8af0-7ac10c5981a6,
8f5b8651-51aa-49c6-84a5-d21011440f01,13ebdd60-fc1e-4e1f-b37d-0675f9537682,bd5fe335-9928-43d1-81a7-f7e454042b92,
4a9576fd-548e-4a12-ad39-6c8d92c5204f,1859b2c9-f664-4951-bb75-18462e593e29,06ca47f4-97e9-4c5b-9ee3-6af31e3a639e,
5f570739-997f-4e8d-8817-ca6c3c721e72,1859b2c9-f664-4951-bb75-18462e593e29,0a7f4436-b0c2-4446-9268-c12917937b5c,
b1931c50-9dbb-4b6c-82b3-e99ffee7451c,1859b2c9-f664-4951-bb75-18462e593e29,1eb13e8d-93c9-4ab8-9d10-dd860868abc0,
00cc7918-4f9f-4a2f-bcfa-b662eae413f1,1859b2c9-f664-4951-bb75-18462e593e29,56de1a13-89de-4ecc-be5b-f7016da26bb9,
3e9d55b7-7d03-488b-a019-bcc9008ee9c4,1859b2c9-f664-4951-bb75-18462e593e29,5c022e42-fa55-4be7-a5b6-0b6fef227eca,
345debe3-8c7c-4377-a3a7-b582b34c30b1,1859b2c9-f664-4951-bb75-18462e593e29,5cec5b8c-0645-420a-9b8d-c55c3ea5822a,
d6a0ab5b-1e85-462f-a9b8-2e700414fd48,1859b2c9-f664-4951-bb75-18462e593e29,7536b45f-d3dc-4f90-a763-58e26f950d06,
2226be60-17e8-490d-81da-90eba9f1983e,1859b2c9-f664-4951-bb75-18462e593e29,8a36313d-18ad-416c-a3fa-5858add4d2c3,
37406837-b185-4ebe-9d3b-711a1717fece,1859b2c9-f664-4951-bb75-18462e593e29,94a43008-4b72-488d-aba6-2f537ed80eaf,
412c82aa-5e71-4ca9-bfac-299d266b7562,1859b2c9-f664-4951-bb75-18462e593e29,a45affe4-9a5d-476c-8d30-446175be3500,
e8e2d984-626d-4de1-a501-6f6896a16515,1859b2c9-f664-4951-bb75-18462e593e29,e55fa639-3153-4913-ab57-29973ac9253c,
473bf1a2-ec68-4c09-99c6-9c8a2aef5972,1b60f961-b178-41bd-aa7b-babae5a22762,01729384-af19-4108-8938-562975ec47b5,
a3bec767-9e61-450e-bcf3-7c7af18b83bc,1b60f961-b178-41bd-aa7b-babae5a22762,0869012c-0ffc-4230-8123-eba0e219aa54,
1b4bfba6-2820-4cef-926b-ef39a0052167,1b60f961-b178-41bd-aa7b-babae5a22762,0ca17051-0007-4f86-9273-0f48f35826f7,
8109c70e-0f23-49fa-be2f-d4e7c4695441,1b60f961-b178-41bd-aa7b-babae5a22762,116f5bda-9456-49bb-b2b1-81b26274d434,
e2a89eef-a3f6-46b4-842f-cfe8dd703398,1b60f961-b178-41bd-aa7b-babae5a22762,2178fcd7-9ccb-41d2-a112-f34e5e60abd5,
818a87ab-b671-4e4f-8ea4-14d16e1b57d6,1b60f961-b178-41bd-aa7b-babae5a22762,2692a61b-9d6d-4b0c-bde6-f2724f5c085e,
ffb327ff-f185-49e7-bc82-32768d51aa34,1b60f961-b178-41bd-aa7b-babae5a22762,290cf0e0-71cc-45ec-b28b-c54bb565b973,
49e6d9c2-bf1b-400e-a01a-73c129f2fd3b,1b60f961-b178-41bd-aa7b-babae5a22762,3c5ae0fd-4934-4c17-9ea2-49aba6513714,
8309c548-c327-4b8e-a761-96848f2f297c,1b60f961-b178-41bd-aa7b-babae5a22762,3df4f1ea-8b8c-4790-be97-a2f7babd0a41,
feae52d7-f5a4-4e54-b1c1-00bde1f536a7,1b60f961-b178-41bd-aa7b-babae5a22762,4ab5dfc1-a621-4155-92e1-81620ac58c6c,
f6fe1a7f-0ab1-454b-b737-881be7a8c9ee,1b60f961-b178-41bd-aa7b-babae5a22762,4df5b5a7-e890-4183-8136-dce734dc317b,
f092a459-2d94-4758-bf59-c1b4970e1d35,1b60f961-b178-41bd-aa7b-babae5a22762,58d31c84-db79-4955-a849-5fae35649348,
f665405a-147e-45d3-b310-21a250fc97bc,1b60f961-b178-41bd-aa7b-babae5a22762,5f2dab23-a7c2-4ca2-a451-1b94367a5d34,
cbf5c739-206e-42bc-92df-c4e626758b31,1b60f961-b178-41bd-aa7b-babae5a22762,69a2d1a3-76c4-4c09-bd66-9ee470c33ec5,
543bd74a-0efa-4e56-9bd2-8bb23226b340,1b60f961-b178-41bd-aa7b-babae5a22762,7988f78f-d00f-48a8-ac7c-e271a1079d64,
9c4f91b4-bd51-45ef-a1b9-60d03b39f9d8,1b60f961-b178-41bd-aa7b-babae5a22762,96f7c19e-9b56-4b04-929c-622a72bc32bd,
8470c768-ee9b-46f5-9680-7fc2ac610989,1b60f961-b178-41bd-aa7b-babae5a22762,a4c84b59-36f0-4688-a10c-efb769b9ca6e,
06c8445d-46bd-46bb-85bc-dfa3723e1b54,1b60f961-b178-41bd-aa7b-babae5a22762,ba74897a-452b-4429-9cdf-610b00fced4e,
bf3aa05a-a79c-4250-8020-1f0585574a38,1b60f961-b178-41bd-aa7b-babae5a22762,bcb417e0-3abc-4eba-aa0c-9bfa1c02c076,
f309a4a4-bf6c-4fa9-b882-d68c57e1f3a5,1b60f961-b178-41bd-aa7b-babae5a22762,e3d27f06-4763-4ff5-9e1b-c175b7d4c638,
a375b3e7-7dc9-410a-afb6-3c091f4f7b10,1b60f961-b178-41bd-aa7b-babae5a22762,e454ad35-b81f-4e5e-90a1-124fd9169a74,
89edddb2-07a6-426f-a9f7-9c5fa3a689f1,1b60f961-b178-41bd-aa7b-babae5a22762,ea3b0ab5-12fb-4cd2-a02e-3da4dca50f22,
976a46ca-cb5b-4e25-af85-e5818182a12e,1b60f961-b178-41bd-aa7b-babae5a22762,ebd7eb58-bf0a-4d14-8642-a23ad189140a,
5c0b70a3-073b-4c41-800b-594f3ccfc780,1b60f961-b178-41bd-aa7b-babae5a22762,fa0e40b5-8fdd-421b-9bda-20746a10fc6d,
23bb83b8-a5b2-4be8-a58a-62668857655a,1cdb3793-637a-47db-8aa4-5ea285b45d40,024257f9-036d-4f73-b34c-db899b3140d4,
777e4717-fdbb-495e-a4a2-343f64fa76c8,1cdb3793-637a-47db-8aa4-5ea285b45d40,038cce68-ff9a-4844-b4a6-0ef87f8efb17,
664fac89-f8ae-4ef5-ac2e-17c950eb72f6,1cdb3793-637a-47db-8aa4-5ea285b45d40,05a78098-7c61-4481-b777-55085018d633,
26e958bb-258d-4d65-80db-989d9a51a081,1cdb3793-637a-47db-8aa4-5ea285b45d40,0684f686-8b2a-46fa-b254-ed26981c9ded,
8f6c2e01-c913-43ce-9db0-3121bad2a19b,1cdb3793-637a-47db-8aa4-5ea285b45d40,095f6de4-440b-48fa-a430-f65480371a35,
963cec9b-23cc-4c15-b373-425877ea0885,1cdb3793-637a-47db-8aa4-5ea285b45d40,0d320fc9-ace3-4e2e-bd8e-dd1d885cf7a3,
e42676ea-3402-4c3d-8fcc-9575bb27f3a7,1cdb3793-637a-47db-8aa4-5ea285b45d40,0fb5e29c-c065-4a18-9c2b-b1da53f430c3,
7c020f55-f257-453e-a5f5-8f91c901028d,1cdb3793-637a-47db-8aa4-5ea285b45d40,0feadc5b-1165-4b7d-b2be-d7d85cfaf86a,
60784e65-97c4-4a49-9115-a7a85babbbf6,1cdb3793-637a-47db-8aa4-5ea285b45d40,1540da4c-6d3c-411b-9334-8800c9b57936,
26995dce-29a7-4236-a6bf-0a0159414982,1cdb3793-637a-47db-8aa4-5ea285b45d40,1693177a-edd2-4558-a9b8-e9bf94a8312d,
f618246c-fb30-4d88-bdc2-b08527619580,1cdb3793-637a-47db-8aa4-5ea285b45d40,1cdd02ca-1734-45f2-a91b-1b9c7223fec5,
cf29b687-87b0-4981-b5d5-76827c9f6037,1cdb3793-637a-47db-8aa4-5ea285b45d40,1d412ad5-ef7b-4776-bfc9-3b6ec1d8f6ae,
82ca3c62-05fa-4339-8ccf-e73d8776f3cf,1cdb3793-637a-47db-8aa4-5ea285b45d40,275dea96-8ebc-4ddd-8312-a62230cfc086,
841286f9-da9e-4569-a89f-5fc8bcc9bd59,1cdb3793-637a-47db-8aa4-5ea285b45d40,2f7dfc8a-7bc9-4069-9e8f-12b0efe758ec,
a4746be4-4a80-45bb-806e-5556586954ca,1cdb3793-637a-47db-8aa4-5ea285b45d40,358b7a04-185e-4a3d-ad60-a1d1d7f64c92,
692f8f09-8bc4-4d23-89b3-46f16c667096,1cdb3793-637a-47db-8aa4-5ea285b45d40,3b1a4fad-dda8-4a7c-9fc0-879d347f4902,
a6c1f5b4-1756-4342-a627-a6d64f94010b,1cdb3793-637a-47db-8aa4-5ea285b45d40,4130530f-c78d-4a75-8a71-cda19cf8c0ae,
3142fca3-d9be-4e3a-ae33-08905029507a,1cdb3793-637a-47db-8aa4-5ea285b45d40,4452416b-1039-451c-9f6a-1d4d6bbdea7c,
8d7731fb-05a1-480c-9c01-e92cea570039,1cdb3793-637a-47db-8aa4-5ea285b45d40,448816fd-528e-4a21-a1ef-c0dcb7073efe,
564693fd-af4d-4971-82a3-f4e2ae9fba05,1cdb3793-637a-47db-8aa4-5ea285b45d40,5d00517d-8ddf-4852-80e2-c4b981c99d3c,
9674830c-a924-4380-b8ed-b7cfdb8cdb32,1cdb3793-637a-47db-8aa4-5ea285b45d40,68e3ada9-897d-43b5-a777-f10050dbfa03,
1f411c3a-3ffe-448e-8a78-b49751b6db6b,1cdb3793-637a-47db-8aa4-5ea285b45d40,7c45dc9d-fcdd-45e5-a770-3224110cd354,
aa2ef36e-189c-4ea1-9288-1c59803fbf11,1cdb3793-637a-47db-8aa4-5ea285b45d40,8162d704-cf13-4685-a76d-3f7f3cdd1877,
7461c432-5a01-489d-9039-088698c98560,1cdb3793-637a-47db-8aa4-5ea285b45d40,8687f9bb-3cd3-4978-bc83-220ebad81b78,
cc57db35-5f33-4414-833b-8d88e5a05dca,1cdb3793-637a-47db-8aa4-5ea285b45d40,8e5e98ed-a330-4f25-9e4e-22475ced8072,
4b96a94f-8363-4249-8dc4-2f8dd292fb87,1cdb3793-637a-47db-8aa4-5ea285b45d40,9125eb63-b8f2-4e8b-a88f-50839b615464,
4c9e69d9-a913-475d-93d1-eabe8d166a6b,1cdb3793-637a-47db-8aa4-5ea285b45d40,99fad32a-9f34-4dfd-b4b1-21033ba7cc6b,
b4165a31-52df-40a6-b9f8-bdb5f1485c5b,1cdb3793-637a-47db-8aa4-5ea285b45d40,ab88d1c7-af37-424f-9a66-f5aa6103fd0c,
66b3e229-e72f-444b-b763-7c3b7ef5865c,1cdb3793-637a-47db-8aa4-5ea285b45d40,b270b7ce-8b89-4475-83bf-81bf02d269a6,
34cf1f50-0791-48cc-bf62-56371623ce8c,1cdb3793-637a-47db-8aa4-5ea285b45d40,b52beadd-ac51-4aa5-b55b-fd6d32b80782,
46cec15e-5a30-4847-b1bb-9876b405809d,1cdb3793-637a-47db-8aa4-5ea285b45d40,cb750d80-1097-4944-b19e-eb4585fa948d,
61e2875a-5111-4811-962a-35207c29b874,1cdb3793-637a-47db-8aa4-5ea285b45d40,d2313d8d-4d5f-4568-ae89-5303a178420e,
6394540d-0314-4339-913c-ce8291fdb7d1,1cdb3793-637a-47db-8aa4-5ea285b45d40,deb363d8-521f-45bd-bd2d-dd8f92474a94,
a834e5d4-23ce-4b0a-a7fb-7914a28ccb84,1cdb3793-637a-47db-8aa4-5ea285b45d40,e23410c0-9598-4314-911e-71ca05a5128c,
7a52b430-e6a4-4071-93bd-ff53efe46419,1cdb3793-637a-47db-8aa4-5ea285b45d40,ef9dc681-0ca3-488d-bd11-58d5ab827932,
5f203e60-8d93-4eb1-b7f0-ed7cbef2cd0e,1cdb3793-637a-47db-8aa4-5ea285b45d40,f00de758-eb07-4903-8b70-53dbc316da73,
2bc96cc8-d546-4572-9634-19079738ba5d,1cdb3793-637a-47db-8aa4-5ea285b45d40,f4dfd5cd-bd38-4bb0-b678-5d088d1e0c79,
a9832b3e-33ac-4dca-92fb-93720ca41686,1cdb3793-637a-47db-8aa4-5ea285b45d40,f6ab43e7-4b5e-40c8-8fb7-321dbd199102,
27ef58b7-7228-485a-ad66-e81a7263555d,20f4165a-f84a-46fe-b73a-6ef76f032459,5ebea1ea-9f03-4d8b-b05d-d23460643c63,
2aebc0f7-d42d-4a49-8d3d-2164c3b24967,20f4165a-f84a-46fe-b73a-6ef76f032459,768f2b2b-6112-4f88-b199-2cf952c8be98,
a6093a2d-55e4-4694-965a-79c25383e034,211aecd0-e7ac-479a-94cc-d835ac924be1,80ce47ca-21bd-4c28-a9e1-9e6e10e08135,
dbedfce8-10d0-436a-994a-0b54ee9b92f8,2e09da39-f278-4b2e-8557-065c6a89d907,10807af6-540e-4a5d-8929-ed7370f2aea6,
1245f529-8877-4ff6-8435-3c020de8b889,2e09da39-f278-4b2e-8557-065c6a89d907,11b5e174-a376-4385-b306-d11b5906090d,
7867738d-e97d-4d84-b385-ce7c50ef63d2,2e09da39-f278-4b2e-8557-065c6a89d907,13aba6bd-afb9-4d41-9160-db4425f99dd8,
155fc3bd-4c78-470d-b174-5404bef022e0,2e09da39-f278-4b2e-8557-065c6a89d907,1a4b487c-b95c-4357-84bd-5d69f5e530a1,
1409f1d9-bc25-44cd-92d3-5975f14fb2b6,2e09da39-f278-4b2e-8557-065c6a89d907,2db8c4f1-f363-493a-b944-1071466a8b4e,
39af538e-590e-4259-810f-397da42cc818,2e09da39-f278-4b2e-8557-065c6a89d907,2e85faa9-6403-4bb7-8a98-d589675d8447,
dd18d3ea-8f87-4ca1-afcf-7317ade31ac0,2e09da39-f278-4b2e-8557-065c6a89d907,2e86608c-6d95-4827-bde9-24fa852f7b96,
d87239c0-aa9a-4d41-ba11-bfe6d9b72f2f,2e09da39-f278-4b2e-8557-065c6a89d907,33c9cc1a-a2fd-42c5-858e-aaad38ff4bc6,
be55a8f4-7a3d-48a7-981b-e143fc410dec,2e09da39-f278-4b2e-8557-065c6a89d907,35c47a11-5cd3-4eb2-968d-b24621e29a6c,
46608877-c11b-4721-bc49-cf29da5ce00b,2e09da39-f278-4b2e-8557-065c6a89d907,4c25fc26-dc07-4b9f-a703-790f0a7aaa41,
bbe1dd93-59af-40ba-a93d-a2420e0c0c45,2e09da39-f278-4b2e-8557-065c6a89d907,578ec718-deaa-49af-b265-6b3ac317abdf,
a42a5830-1d1d-4648-b07e-e87a508e0634,2e09da39-f278-4b2e-8557-065c6a89d907,58ff6bc3-1302-4f7e-8433-7c2cd5abc2dd,
978c59f9-ed1a-4c6e-8096-9f11fd35ed6b,2e09da39-f278-4b2e-8557-065c6a89d907,63799048-2134-4806-a212-1138831b9af5,
5d03f244-150e-4ab7-ba85-941bcfe27542,2e09da39-f278-4b2e-8557-065c6a89d907,6dc2b57b-ab4c-4c71-8d87-8f9c50a7eb74,
f940873c-3123-4d9e-86c7-fc857a2d3d09,2e09da39-f278-4b2e-8557-065c6a89d907,6ef49294-633b-4f3a-a5b1-bdefd9935efc,
9718f6be-27e8-48d6-8d02-8642583e1669,2e09da39-f278-4b2e-8557-065c6a89d907,73ce8d62-75e9-456d-ab61-48789ab16dcd,
de122e3a-f097-4f64-976b-4f580ba310fe,2e09da39-f278-4b2e-8557-065c6a89d907,74a660b8-ab41-4c54-ae67-893bbc24a056,
e7dbe50c-e5d2-4e2a-ad92-50aee205b75a,2e09da39-f278-4b2e-8557-065c6a89d907,8b060884-a07a-4c19-9f09-ae590fb16820,
7e5eb5bd-0141-4ed4-8e46-89ec1f2a8e1b,2e09da39-f278-4b2e-8557-065c6a89d907,8c33644d-2ec5-413c-a7fe-75c97c8357b6,
6d43d742-a3d0-42a1-9d47-d853643cf35a,2e09da39-f278-4b2e-8557-065c6a89d907,a2c7afbb-0eb0-451d-a2cd-4a87f3b8479d,
d883ccb5-a19c-401e-9959-6d4632325e2f,2e09da39-f278-4b2e-8557-065c6a89d907,af1e41c5-2963-4f6f-8a53-28231e91a7c7,
fb6618fa-4f4a-4d75-97ef-0e287601fda5,2e09da39-f278-4b2e-8557-065c6a89d907,b7d56345-5af7-4eab-8cad-ab1ac5ffe46a,
8631076e-0f0d-4752-b4c7-57eea38f36c3,2e09da39-f278-4b2e-8557-065c6a89d907,baa21f84-84ca-430a-acfb-e460ed456884,
dcbae5f8-8412-47fd-828d-dcce646fd0d9,2e09da39-f278-4b2e-8557-065c6a89d907,bcc8f84a-2b91-469c-8e5d-cd5314029c80,
6a43c17e-fba6-43ee-a2f7-a51c0d4a3e8e,2e09da39-f278-4b2e-8557-065c6a89d907,be77c4e9-164b-4d49-8811-e40fba3a8bff,
088057f7-37cc-4936-b0d1-4cee209b69e5,2e09da39-f278-4b2e-8557-065c6a89d907,c1c1618c-d3f3-48d8-9060-3389f320fb52,
74bdff13-65e1-4891-9395-2fc176d5a115,2e09da39-f278-4b2e-8557-065c6a89d907,cd2c2e20-8c2a-41d8-92a1-8409df643247,
5b04a2e2-9c66-456a-a50c-8ddaefab7bd5,2e09da39-f278-4b2e-8557-065c6a89d907,d3831e14-02b3-4549-ba04-3e6108b6d9e9,
5fad3ef9-0e02-4a24-bfa1-3eae0edfd2d0,2e09da39-f278-4b2e-8557-065c6a89d907,d40a5589-fdd7-4044-a17e-5a3c82f4f27c,
bcc37f90-225d-4f8c-8b23-ff7f0340d97f,2e09da39-f278-4b2e-8557-065c6a89d907,da96a928-65e2-4693-9101-248e443f0191,
bae20971-f3c3-49ec-8ba6-e27ced3dcb21,2e09da39-f278-4b2e-8557-065c6a89d907,dd264adb-c35e-4a09-b59e-0347e1ddc589,
5a0aa2c9-398b-460e-a37a-0ad930e16d48,2e09da39-f278-4b2e-8557-065c6a89d907,de0a8454-46cc-47ca-8428-3a19a69e4c4d,
52eb44c8-bb10-4f4d-9e4d-9123fa520e0e,2e09da39-f278-4b2e-8557-065c6a89d907,e24a0e6b-29f9-4ee6-89da-ad5c354a8edd,
880b8e4a-5513-47ad-bef2-83d4967057e8,2e09da39-f278-4b2e-8557-065c6a89d907,e29e0e0a-99c4-4955-93fe-64ad97bc9b07,
91eaafa9-7f9f-4ef3-93ea-b7e217d87434,2e09da39-f278-4b2e-8557-065c6a89d907,ef0aa50c-d8e8-45f2-9351-dbc663b78239,
a8d24b99-9090-461f-b68c-3b23b838b03b,2eb69c47-627d-4b4d-8887-3d4b814cbfa6,1256acf2-21a6-4253-9379-2e38407e1466,
3f12ec3c-ab01-43e0-bc6d-2a5482f23b59,2eb69c47-627d-4b4d-8887-3d4b814cbfa6,63f1ff8a-0af3-4380-9b04-fddf81a942f0,
1be77e22-f7f8-4fcc-9994-2f4ea376cb44,2eb69c47-627d-4b4d-8887-3d4b814cbfa6,678c176b-11f3-46c7-ac69-6270812b3cbc,
45d831e5-3eba-46d0-b59b-e86eea1ddd9d,2eb69c47-627d-4b4d-8887-3d4b814cbfa6,805a4127-b422-498a-b372-1e93cfa6e618,
82aa6aab-1a74-4a75-a2eb-a514fac24e62,2eb69c47-627d-4b4d-8887-3d4b814cbfa6,b56c8aa1-ff73-4708-a710-8881e0c3b9dc,
25b008f9-000f-4969-bb96-bb5d180da5b5,2eb69c47-627d-4b4d-8887-3d4b814cbfa6,d1da3c1b-1bf7-4258-b436-f19a46ba86c8,
38844879-6a2f-42ca-b1cd-eda47750a17a,2f032a00-b0ea-4f44-87a7-d4b24b123512,3e0b3cc7-ec7e-482f-ae14-918b46f42f36,
61fe861c-dfd7-42e2-95f8-8b480aad4ca2,2f032a00-b0ea-4f44-87a7-d4b24b123512,913be29a-b0df-4912-bc76-66628863139b,
81a3f9bc-4119-4596-a55d-dd24a2a98977,2f032a00-b0ea-4f44-87a7-d4b24b123512,956865ca-74ea-4eb9-9fb0-bad15eeae38a,
6ca9a50b-de55-454f-9de7-0c11d952a7c0,2f032a00-b0ea-4f44-87a7-d4b24b123512,a1585669-7d5d-40f0-ba67-b479e0723072,
c2be71c7-7d67-428b-908d-24aa4058ab30,2f032a00-b0ea-4f44-87a7-d4b24b123512,cb6855cb-8aef-4db6-acd6-770d22bced70,
9a194958-b64f-4c2a-8bf4-69f0f74aeb45,2f032a00-b0ea-4f44-87a7-d4b24b123512,d63850c1-9173-490f-a4ec-dd8b137e1ad9,
642542f2-494d-4ae3-8bf9-ff4ce3a77b1d,2f032a00-b0ea-4f44-87a7-d4b24b123512,e969dc24-7766-44d0-9b87-866e2a900a9d,
ba0b809f-0fc8-49cd-981a-050dfbd7a0aa,2f367783-a067-4c91-93eb-2e9a1d99619a,0569b427-5e67-42f9-9c72-26d4bfb1e58d,
445f97b2-2e21-4a96-b24b-2bedf791709f,2f367783-a067-4c91-93eb-2e9a1d99619a,214d67c9-d96d-43a8-841c-79583ead41ec,
ff1bcf90-c4e2-44c6-81b1-47b1b0c2150c,2f367783-a067-4c91-93eb-2e9a1d99619a,42466622-e765-4266-9799-6c950f68d223,
312b3301-397e-4304-9588-630de334b57b,2f367783-a067-4c91-93eb-2e9a1d99619a,67af3f52-cebe-418a-96ee-d406f472fc1c,
b9bd46c1-8bbf-4d02-be53-c531dfdd4359,2f367783-a067-4c91-93eb-2e9a1d99619a,74ad3e5c-e999-4814-ac73-9b35e258ed9f,
ad5b9c33-60d2-462a-94cd-c7912288c68c,2f367783-a067-4c91-93eb-2e9a1d99619a,b8d10615-c634-4c73-aca4-6849df0893ef,
743e1de9-85bc-4087-b341-afd9a8cef7c5,2f367783-a067-4c91-93eb-2e9a1d99619a,d14a9605-8202-4b49-8d81-e7aaf6a83213,
43d5f393-1b82-4f38-b736-bddf9cbc9e47,2f367783-a067-4c91-93eb-2e9a1d99619a,d2cb3789-7079-4cb5-a3a2-1ecba1ad6b06,
c415d6a2-ac5a-47b0-900c-3bfb3f660cf8,2f367783-a067-4c91-93eb-2e9a1d99619a,d5770b29-9026-4d51-9ee2-25e0ebe287e6,
fb7cee8a-279d-4be4-af3f-727cee9e0d37,2f367783-a067-4c91-93eb-2e9a1d99619a,e3cbe392-2354-454e-a28d-5c3fb6ff4082,
86ccd1b3-173e-4a87-b405-4ee508445184,2f367783-a067-4c91-93eb-2e9a1d99619a,f6c0a5e3-0791-44cd-94ba-0f41a55f82f7,
b6d0d4b0-6bc6-4504-a281-f609a52e0931,2fcbbd17-86de-4773-8bbc-f71520f01860,0081eabf-dc90-4a40-8d8d-75292db59678,
4220a630-9dcb-4878-bef3-e2015e3e7cbb,2fcbbd17-86de-4773-8bbc-f71520f01860,0a0396f9-96d8-4177-8c32-76c533123065,
b102108e-4a95-495e-9ea7-9b7f8c0debfe,2fcbbd17-86de-4773-8bbc-f71520f01860,22b8a3f0-ddee-4463-9dc2-7f6390cfa41f,
d0d05cc6-61f1-49e0-9bd8-28f5c8112877,2fcbbd17-86de-4773-8bbc-f71520f01860,44ef6c16-a471-4897-80a2-4b89ffce5d67,
6c945cd3-ddaa-47a5-9388-f0dc893c3d8c,2fcbbd17-86de-4773-8bbc-f71520f01860,5e38779c-3963-4d8b-8d4b-0b1706f9fcaa,
321602ba-d62f-448e-9784-077c8082e7b8,2fcbbd17-86de-4773-8bbc-f71520f01860,6ad9a684-c3e4-4fee-aae7-b2109523f479,
386bd0e6-14e6-4635-ac76-5ab78019f35a,2fcbbd17-86de-4773-8bbc-f71520f01860,865cd51a-8db6-42d9-958c-e7c6bab3f619,
efe8938d-1d30-43e3-b2ad-309471fea17c,2fcbbd17-86de-4773-8bbc-f71520f01860,8c697a5f-350e-47a3-82fd-f9c1b379d2bf,
165137bc-53c6-4c62-84a0-ac07853bbcea,2fcbbd17-86de-4773-8bbc-f71520f01860,a06d0036-bb55-4dd8-9572-eb5fbd2e4ece,
ead47b51-6d46-4d4c-963b-e6dc68cd0078,2fcbbd17-86de-4773-8bbc-f71520f01860,a524db23-7572-4af8-ae57-58270e37e53a,
aad67cfd-e639-4dfd-9219-f516e7cf90f0,2fcbbd17-86de-4773-8bbc-f71520f01860,bc289eba-5467-470f-8797-e25bbd34b1b5,
b83c1081-5a5c-4a4f-bccc-21e641ea6412,2fcbbd17-86de-4773-8bbc-f71520f01860,bc2d5537-ec1f-48d2-b69c-92a24e5d936a,
5f45e085-de6b-48e4-be6b-3712ee34bf33,2fcbbd17-86de-4773-8bbc-f71520f01860,c0c71dd0-5da6-4bd3-acb9-7de5defdc9c2,
0346ffee-3738-4b0a-97d2-171252cc7d8f,2fcbbd17-86de-4773-8bbc-f71520f01860,d16ee7f7-f2c5-40e2-8e21-21cee3e2b5e0,
781e591a-999a-457f-a472-d2c6821a4a56,2fcbbd17-86de-4773-8bbc-f71520f01860,d8ee4d60-5466-4458-af7f-7f0b59e47810,
2d23ef9f-02bb-4850-ac56-07d789989780,2fcbbd17-86de-4773-8bbc-f71520f01860,da43ad05-744a-4172-aacf-95bc849b7e70,
a9594ec0-e351-423f-ad20-5d0415d6d8bf,2fcbbd17-86de-4773-8bbc-f71520f01860,df46d7cc-fa9e-4770-9124-5a7dac038c64,
46b54c19-0d09-4739-a4f3-d4f2476100b1,2fcbbd17-86de-4773-8bbc-f71520f01860,f0ef98d7-e8eb-4e7d-8442-66ee6da2be1e,
046bef4a-b22f-44c6-b66e-eb3f9ac266aa,32a9b401-d4c9-4dd5-8faa-78cdee116228,2cc2eef4-de4a-44db-a421-9e47d2f8fd57,
baa5597a-4746-4aae-a991-1b820f58e117,32dd31f8-e095-4ea8-98ba-037f7e590fd7,64252258-3edd-4057-8a78-c7ff470995b8,
a31117b5-8c25-46c3-b9f7-8cc2d5a20462,37fab879-6f77-4f35-afd5-af8d83589564,020907e7-c582-4cf0-b395-8c93d55a2bd5,
a5dc10e5-9da4-49b8-b29f-c421a2fafa46,3c941a0f-3c9b-4fb0-83ee-0916b412087d,2875141c-5abe-4a3e-9e93-4ad3da589e8c,
bb194bfb-a061-45fb-b0f2-cc5ee1fc8b65,3c941a0f-3c9b-4fb0-83ee-0916b412087d,4162ee3e-852f-4ede-ab16-171001b26e88,
656303b9-a7ca-4210-904e-76ae4e7035d2,3c941a0f-3c9b-4fb0-83ee-0916b412087d,7027032c-ce11-4ce9-8799-ae115954dd1a,
5ad72d77-9fac-49dd-9c01-eed0ca3c3e35,3c941a0f-3c9b-4fb0-83ee-0916b412087d,7aa75f12-5fd5-4bc7-a1ac-69e93d4f6944,
38261e03-a410-4fd3-8871-770f7c6d2e10,3c941a0f-3c9b-4fb0-83ee-0916b412087d,85d4e1bc-357d-49f2-8277-fd6312f0b132,
629c79f5-6b08-41b6-8cab-4f17626201c6,3c941a0f-3c9b-4fb0-83ee-0916b412087d,8a9a8a30-e0a1-45a6-bc25-87698400fa42,
5888bf50-848b-4fcc-ab22-f572ecb05526,3c941a0f-3c9b-4fb0-83ee-0916b412087d,932b47d7-e232-4200-8349-f40528b93c57,
94ce50c8-260a-4585-97a2-869a20fcaa4d,3c941a0f-3c9b-4fb0-83ee-0916b412087d,bd8c67f6-6457-44c9-93dd-0d0d95056d76,
d2297520-c9f1-47c2-941e-a25d4712857f,3c941a0f-3c9b-4fb0-83ee-0916b412087d,c4ad6d41-d276-478c-90c1-8187e259db78,
090b975d-b558-4ade-8800-7a6dfedd4fcf,3c941a0f-3c9b-4fb0-83ee-0916b412087d,c5e860b9-79d5-4a21-8254-be3bd5d460fb,
448f18e9-91db-4576-9d8a-88ca743612bd,3c941a0f-3c9b-4fb0-83ee-0916b412087d,ca6f9f48-838e-440f-8e2f-b3a15b42d610,
a759cb92-7351-40a4-b6ea-6524a8d5c4a1,3c941a0f-3c9b-4fb0-83ee-0916b412087d,e56b23ed-903d-4095-8f17-c1ceb8cee2b8,
c3b40a6b-6629-42a1-8bbc-fae56cad3436,3c941a0f-3c9b-4fb0-83ee-0916b412087d,ee21a546-ad3f-4e50-b606-c531bb80bbd2,
1d754854-9c91-4ab9-ba8e-ab2d1514e00e,3c941a0f-3c9b-4fb0-83ee-0916b412087d,fae73c78-1f80-497c-bc62-8719ab6a180b,
3a1dc838-7462-4dce-8424-4fd04107adfd,3e421cc2-f1ab-4047-8db1-0cfb1e2e51a5,3025963d-ba09-4056-81e5-3f10c43bc27b,
a130aaad-01a0-41c3-be6d-4575927d52be,3e421cc2-f1ab-4047-8db1-0cfb1e2e51a5,4375317c-0efc-4c8a-adce-4c7216f216c7,
a577f5fe-4be4-4d1b-9700-944b67b9793a,3e421cc2-f1ab-4047-8db1-0cfb1e2e51a5,44d48bc7-c8b7-48e7-9bed-1f7fe65c91fd,
c024d89b-badd-4ebf-9aec-fc4c10dab643,3e421cc2-f1ab-4047-8db1-0cfb1e2e51a5,504aaef3-7a22-46cd-b04f-04a8f35c1f17,
a951d277-5193-4b5b-a11e-be69cdb6c729,3e421cc2-f1ab-4047-8db1-0cfb1e2e51a5,5572bc41-bab9-4d5b-9a9c-547fde455fb3,
7ce8ce6b-d257-4f35-986f-13733f4c53ce,3e421cc2-f1ab-4047-8db1-0cfb1e2e51a5,79b6f063-7fc9-4e2a-9fb0-4ac6103b092c,
d657f755-63ae-4a86-8147-121151bde814,3e421cc2-f1ab-4047-8db1-0cfb1e2e51a5,7fd6c3eb-588f-43a9-a5c7-5a79e1eb9f32,
90a30f58-600a-4548-858f-86b22ca16e12,3e421cc2-f1ab-4047-8db1-0cfb1e2e51a5,8913f003-d730-42b1-adb6-971bd03ceaee,
78701fa8-3e4e-4052-be10-a3e56a5eb638,3e421cc2-f1ab-4047-8db1-0cfb1e2e51a5,905e185c-3602-4221-974a-7ba98db47af3,
265e6413-84b2-497d-b8c2-af89cfbb6bd5,3e421cc2-f1ab-4047-8db1-0cfb1e2e51a5,d4af3609-1a0d-4818-82da-30e9a88fb705,
1658f54d-09d9-484f-9453-102abe4e216c,3e421cc2-f1ab-4047-8db1-0cfb1e2e51a5,e0f0ea47-1cff-4650-8ef8-27ec8a28311c,
9b7705ec-e63f-438d-b373-3f6bc5e51c4c,3e421cc2-f1ab-4047-8db1-0cfb1e2e51a5,ff871ef3-bccf-4bc7-a676-bbb1b362438a,
31a5c6fc-e2e5-4553-a96a-71198c63a38b,40d66079-4b91-4c43-9951-3aa102c9ef14,049d120b-d54a-47e7-bfe7-47b22b6005b7,
c7348ac5-0ce3-48f4-918c-1b3045e93ab5,40d66079-4b91-4c43-9951-3aa102c9ef14,0afe5678-f63d-49a0-a4cb-d545007ce2ec,
be66a130-81f2-4cc6-82a5-29f12cc6f5d4,40d66079-4b91-4c43-9951-3aa102c9ef14,0aff3308-be03-43b0-a241-a91a03034dae,
998c154c-82c4-462a-bda4-84a12fde778c,40d66079-4b91-4c43-9951-3aa102c9ef14,0fcd99da-3d9e-480d-b9cb-d73bee96e46d,
c34e521d-7a1c-456a-8ff2-13208a558b91,40d66079-4b91-4c43-9951-3aa102c9ef14,12f7c60c-67a5-4889-b8ec-6f0181009eda,
890149bf-c13f-48d0-b11e-93acdc3b80c9,40d66079-4b91-4c43-9951-3aa102c9ef14,174150c0-9249-4487-b3e6-cc38c6005565,
bbfca8a4-5471-4c6b-8ebb-857101b87076,40d66079-4b91-4c43-9951-3aa102c9ef14,17b2cbe4-cb26-4b5d-8a83-c9a292f670f1,
136b4ce4-7822-45fe-9bd5-2670f215e970,40d66079-4b91-4c43-9951-3aa102c9ef14,1983131a-937f-480f-8e7f-4fd340b5c953,
898e5a39-6b61-4d7a-ae50-0b471eac1db1,40d66079-4b91-4c43-9951-3aa102c9ef14,26b1ad59-5fa8-4d47-a7c3-026788987bfa,
1ac83c8e-c583-47ef-b67b-4cb90f2bd3a6,40d66079-4b91-4c43-9951-3aa102c9ef14,27a880f8-78fe-4b9a-93a1-6a00c43486bc,
ddaf3857-e228-4f58-9262-c179c8a57df3,40d66079-4b91-4c43-9951-3aa102c9ef14,2b1752df-4737-4fee-8905-81a30a2438c8,
5b4c00e0-1f22-425e-a0b5-f690336614eb,40d66079-4b91-4c43-9951-3aa102c9ef14,2c738880-864e-4f80-a151-b7fccc407806,
45923683-f793-4337-aa21-da245c094ccf,40d66079-4b91-4c43-9951-3aa102c9ef14,305a78a1-57bd-4aef-b902-43b1e99779fa,
3119ef85-eb16-4264-a384-243086c36260,40d66079-4b91-4c43-9951-3aa102c9ef14,3a91a6fa-3191-4baa-b01c-17a6f864fe21,
2606164c-5dc8-4ae8-921f-ec9f51e829ed,40d66079-4b91-4c43-9951-3aa102c9ef14,3ff8a31c-5ca2-4c81-8419-d3267ed54e53,
22adfc8c-37e5-452d-9425-064781ef6718,40d66079-4b91-4c43-9951-3aa102c9ef14,46b20184-7d62-4aa7-8978-adf0c2c1fb0e,
61064cf9-768e-4ce0-94df-2e2d48a59d3d,40d66079-4b91-4c43-9951-3aa102c9ef14,62e42581-2423-443f-86b0-d7185e722bbf,
feef359a-18af-4fb4-9e65-be8f2ed39c63,40d66079-4b91-4c43-9951-3aa102c9ef14,63e7ba85-a2ff-4148-a85d-a18d4cd4ba8f,
0e4dcfc9-aec7-45a0-b9ae-89a114fec65e,40d66079-4b91-4c43-9951-3aa102c9ef14,69c10f30-6793-4ce9-a751-f702ed5b6f97,
bac048e4-f778-4a01-8397-0317eaa3e335,40d66079-4b91-4c43-9951-3aa102c9ef14,6b32fc31-cde6-4544-9d9b-dda106574aad,
ca38eec7-8baa-4eed-ac5a-ff6f1b3099ee,40d66079-4b91-4c43-9951-3aa102c9ef14,7120b2d2-89a2-49d3-9d8a-cc4aa320244b,
e4989f3f-245b-425d-a01f-d62074179b5c,40d66079-4b91-4c43-9951-3aa102c9ef14,7a9b98c9-55ea-49b0-8cae-266078969d3b,
c2476909-4615-49a7-b51b-fb3fe322a13c,40d66079-4b91-4c43-9951-3aa102c9ef14,811bb60e-abac-49eb-8163-c883e6cbf95b,
aadfa2aa-d834-4eec-94fc-9c5a53848b96,40d66079-4b91-4c43-9951-3aa102c9ef14,8d60b27b-0d4f-4358-b059-b64d93255e7b,
ebbf2466-17a0-420e-8263-1cb485156494,40d66079-4b91-4c43-9951-3aa102c9ef14,911fdfc3-da27-4915-8d2d-3698e205e8a7,
7d80891f-5f20-49c3-a675-c07cf5753bc3,40d66079-4b91-4c43-9951-3aa102c9ef14,97421c11-747e-41cb-a8e4-77a4a9b21fa2,
e4767c93-f3e7-4c31-ab6a-2dbce2cb279d,40d66079-4b91-4c43-9951-3aa102c9ef14,a06a5721-5170-41fc-9c88-3a61aa68bac7,
1aac02ea-b6ab-476d-9cda-06e14c80cbb6,40d66079-4b91-4c43-9951-3aa102c9ef14,a1775d96-4df8-401f-9eab-65686f4369d6,
d761dd72-d33c-4fa8-a478-235c73ba9b9e,40d66079-4b91-4c43-9951-3aa102c9ef14,aa3e7e9f-f519-4400-93cd-69bf058052b5,
70dbb1d4-611f-4474-9c8e-15314f08d09c,40d66079-4b91-4c43-9951-3aa102c9ef14,ac184b69-a344-4410-acb4-9fd6527becac,
ac0f6ee2-1613-4cc9-bdcb-f7236850e92d,40d66079-4b91-4c43-9951-3aa102c9ef14,acd7333b-c3f3-46ff-bb3e-606d0b338be1,
8eb0510e-ffbe-41fa-b428-bd9f67bdf161,40d66079-4b91-4c43-9951-3aa102c9ef14,b0dbfaf5-474d-475d-adc7-48343fe6c20c,
fc53185b-18bc-4073-a596-efe29a8ebed7,40d66079-4b91-4c43-9951-3aa102c9ef14,cc96cb67-24c4-4ad9-8bda-ce8d90cae2b7,
9735a371-e435-453b-991c-78f00db28875,40d66079-4b91-4c43-9951-3aa102c9ef14,dd7c6346-800d-46ed-b61a-06965e9371a6,
fd27b2b5-014e-430f-af4e-a281c9ddb781,40d66079-4b91-4c43-9951-3aa102c9ef14,e1bcd065-7c68-4f5c-a38b-026308acbf01,
97a34976-fbd4-4a48-ac60-9fb3cac30c1c,40d66079-4b91-4c43-9951-3aa102c9ef14,f220e29b-a861-42dd-8ea2-201d6b9a10fc,
6d49ccb2-b283-4b5c-aa2f-140a03d4d763,41168405-525a-42eb-9fe0-5fda3446c930,84d21e2d-ba77-4f2c-827c-ac64070fee27,
60f75d62-68eb-4f27-b94c-c7f0c5ec5f44,466432eb-5d6f-4fd6-a3e8-fa04eb29cd23,0437331e-6210-4200-be04-c7f754203cd5,
f8545a50-fc78-46c3-b7c2-d0e9d749c17a,466432eb-5d6f-4fd6-a3e8-fa04eb29cd23,10933eb3-4dd7-4e80-bbab-b7c371b33bbb,
b3045bd3-0f77-4fff-8c6c-ee593ac0bf1d,466432eb-5d6f-4fd6-a3e8-fa04eb29cd23,1b67c01f-ac53-4754-b906-c64a7fc6f960,
4a9daf9a-e4a6-47f8-b122-c95be5c109e4,466432eb-5d6f-4fd6-a3e8-fa04eb29cd23,3e7747fb-13af-4103-835f-d77e35de3025,
dfb844b5-3723-4a86-8877-b3e414bee042,466432eb-5d6f-4fd6-a3e8-fa04eb29cd23,468f4b3a-8adb-4306-acf2-4b12df86b455,
3a2489a1-bfd7-487c-8fdd-3a184c42bece,466432eb-5d6f-4fd6-a3e8-fa04eb29cd23,492456a9-5799-4b6e-a5a7-a38990c13c46,
aa505ca4-da25-4fcb-bda9-d02c83d4c0e0,466432eb-5d6f-4fd6-a3e8-fa04eb29cd23,4a8d5e67-b99d-492c-a46b-5a2a96c9708e,
105685ac-1799-483a-9151-8513265da157,466432eb-5d6f-4fd6-a3e8-fa04eb29cd23,4e9a46be-1cae-4a65-94c7-3529bef337ad,
d767094b-9edf-4025-a1fa-d7c94434c593,466432eb-5d6f-4fd6-a3e8-fa04eb29cd23,51dd8170-4957-4199-a4f0-1b388355b7c3,
c63c1d10-faef-4124-a3bb-f73ff73f4007,466432eb-5d6f-4fd6-a3e8-fa04eb29cd23,578823cb-8f94-499b-8f78-a7ad83e5a2c0,
851abe34-4159-4b24-b07b-a025b06d2626,466432eb-5d6f-4fd6-a3e8-fa04eb29cd23,5cff36a9-cb67-412f-ace8-3726644bbbb9,
839a46ce-a8aa-49e5-9fc7-34ceacb336b1,466432eb-5d6f-4fd6-a3e8-fa04eb29cd23,5ff7d525-29fb-4815-8d07-b48b883cbc9d,
33fad3f8-edb9-4ac1-869d-7aadd0aa7b3c,466432eb-5d6f-4fd6-a3e8-fa04eb29cd23,6a107d56-89b9-493a-a5fc-3d1a9afdb7c7,
c8cd1660-b7bf-41b2-9e35-29c89f4aad98,466432eb-5d6f-4fd6-a3e8-fa04eb29cd23,981080e8-d773-4f07-b183-974e9258b604,
e7a82772-0475-44e8-9bb2-e4b6bd2a4ab5,466432eb-5d6f-4fd6-a3e8-fa04eb29cd23,a2752dd4-36d2-4856-9e97-3eb4def67265,
93779a30-d2e3-458b-8bbe-ded94da2ecf3,466432eb-5d6f-4fd6-a3e8-fa04eb29cd23,a9a1f922-30d0-4c63-9c3d-7610a8469930,
de14dd68-3230-4176-bb72-04d21f323f20,466432eb-5d6f-4fd6-a3e8-fa04eb29cd23,ac3933e2-9ae9-4375-ad80-cb28dfa0966f,
753fef7a-41b1-49ef-a818-cb38158c9a74,466432eb-5d6f-4fd6-a3e8-fa04eb29cd23,b1d4b1c8-d982-4155-8470-2065029016ea,
fc59e8c8-4128-48b5-9905-640d39388fde,466432eb-5d6f-4fd6-a3e8-fa04eb29cd23,bf7aa08d-f08f-4eec-9f59-ac8fee0fe415,
29254a41-e39a-4fee-98ac-91a2d1f90e53,466432eb-5d6f-4fd6-a3e8-fa04eb29cd23,d228a5aa-239c-4001-bd06-4aedeb9cd187,
ced05af9-63c5-44e7-8ff6-f716f3b1b6df,466432eb-5d6f-4fd6-a3e8-fa04eb29cd23,e764fa37-697a-4e64-8742-b3db531b39b5,
1eda7420-06e8-4f65-a698-22f7a0ae8c9a,466432eb-5d6f-4fd6-a3e8-fa04eb29cd23,fd406211-0c8f-445c-9a02-f5a01570172a,
795bf787-bda7-4b85-b3d2-6210fbb67a4e,476345f9-b812-4a78-95c7-4f0dc98f0d02,106eb00d-04e4-4ddb-a995-3a2788ef9363,
0bfe65b2-d70f-42e8-ba25-e2430ad4c8f5,476345f9-b812-4a78-95c7-4f0dc98f0d02,15fa84ea-27b3-456f-b6d6-d1d2b5bf4468,
17299185-4d24-4580-bbd0-d91feeb18e4e,476345f9-b812-4a78-95c7-4f0dc98f0d02,534b97e4-8e6d-4d98-8537-136bac29f1db,
bfa14274-2eac-4040-909c-4cda736f3137,476345f9-b812-4a78-95c7-4f0dc98f0d02,a6d577a2-ed48-4c5f-86df-b093ab2f7816,
eeff9568-8319-4b3b-97ca-9cbc36742d89,476345f9-b812-4a78-95c7-4f0dc98f0d02,cc2a8ce2-2799-465a-b694-2972c25855d8,
79eca3fd-0bf0-439f-9f06-d0fc0bea09f5,4dff6e8c-1234-47b1-9d74-63a0a5db99ba,3c5f2dab-33a8-4a07-8096-f01fb88dd42e,
404ac61d-8a72-49f9-9f07-600268096046,4dff6e8c-1234-47b1-9d74-63a0a5db99ba,8d57bff7-bd7c-44b9-984d-2458f5a79522,
12986f27-78b4-46e9-a14c-5fa2ed061cc3,4dff6e8c-1234-47b1-9d74-63a0a5db99ba,aaa0c793-39a5-4c18-bada-361d3acacb31,
83978729-3543-4e8e-a7d9-36d68786e851,4dff6e8c-1234-47b1-9d74-63a0a5db99ba,b7e70a1f-e2ac-4b73-bdb9-9b6f12e535fe,
11836049-68aa-44dc-bf71-abf6a6b620ec,4dff6e8c-1234-47b1-9d74-63a0a5db99ba,dec65634-b42f-4b24-97aa-6e9a037acda7,
2d7f2ecc-1b4f-4dbf-b301-c22ad5855472,4dff6e8c-1234-47b1-9d74-63a0a5db99ba,e3f2773a-ace8-4968-bd89-fed6467b0523,
5c36782f-97b8-49ea-92f7-91614a40976b,4dff6e8c-1234-47b1-9d74-63a0a5db99ba,f40d3d25-2b7e-4324-a538-9a03177f8725,
68106f17-c969-4593-b215-fa58b8543e0c,4eaa9a99-966e-4d75-af48-42853902a088,5023a870-4c7f-4dae-a8f0-b3af791c52d8,
9a7dbb9a-fc86-465f-aadc-03e4eb17b3de,4eaa9a99-966e-4d75-af48-42853902a088,541d7d31-cb36-462a-bbb1-85d30a1216a2,
cce3ad79-6398-4920-924e-9c3db7687980,4eaa9a99-966e-4d75-af48-42853902a088,54e57342-f0e1-46f9-8641-6d7688f753a7,
59bf3dbc-1b6c-4b7e-8369-16e6d30d1818,4eaa9a99-966e-4d75-af48-42853902a088,59e5199e-e759-4137-93e8-137f7df6db85,
746c8942-ad2d-4267-bad6-34a2e73668f9,4eaa9a99-966e-4d75-af48-42853902a088,5e70f69f-3e9c-4aba-83e9-af2d5b909edc,
b2a0915f-eb79-4d02-8dad-0d70cf50f58d,4eaa9a99-966e-4d75-af48-42853902a088,6a26f107-b7bc-4d9c-af5b-a63de7933a9c,
62740806-f07e-484f-af6a-9ada4d9c8c4d,4eaa9a99-966e-4d75-af48-42853902a088,85e15f42-c699-4041-8ed6-fe8022dcb82b,
1774259a-6d02-4788-9e32-50bb30b032a9,4eaa9a99-966e-4d75-af48-42853902a088,8e37453f-63de-450c-a9c3-36593411ec6e,
bdc8f65f-7e6f-4799-9f28-0a23a869eb4a,4eaa9a99-966e-4d75-af48-42853902a088,b790f701-6b11-428c-b8a4-ed69dc1edea2,
ed7a1c04-44b4-41dc-923c-e17679cb4977,4eaa9a99-966e-4d75-af48-42853902a088,d985a1ae-f8ca-46d8-9d13-6ad49185fd80,
e3d1c8f6-b8af-4171-aada-1c94cd22d7ee,4eaa9a99-966e-4d75-af48-42853902a088,e24c2dfd-8499-429e-9f3f-948167660d4e,
7b727347-65a4-4f8a-b9fd-70b94e218a1a,4eaa9a99-966e-4d75-af48-42853902a088,fbc8669f-9468-4324-b2cf-defd193bbd05,
1a60509e-cc5b-406d-92d0-01b5a9b9f23c,4f341884-85a9-4e06-a744-5418b1903988,070260e6-7fdb-436b-8ade-437fbb5bcf3e,
17ee0530-25f1-43ca-90fe-d023567e1f7d,4f341884-85a9-4e06-a744-5418b1903988,0845722f-e4ac-4c25-a334-2e0af937e4c0,
11384446-4a50-4678-85c7-8d153aa5250c,4f341884-85a9-4e06-a744-5418b1903988,0c4aae89-ded1-4f16-88fd-fba3fde269fa,
e2a6512c-d8aa-4b87-b84e-8b9cdf6143d7,4f341884-85a9-4e06-a744-5418b1903988,1557ec77-6a13-449a-9b3b-73dff06ce8c7,
694d1b7c-b5cc-471e-8dd6-ef2cf0fe419b,4f341884-85a9-4e06-a744-5418b1903988,198092ea-0d16-46ee-8a1b-ab67325e5efb,
ca97ee51-7707-451d-b814-3a289ff18f05,4f341884-85a9-4e06-a744-5418b1903988,22968e03-314f-48ae-813a-336b7325fa7e,
47a50ccf-3b3e-4a04-93e1-caa707616387,4f341884-85a9-4e06-a744-5418b1903988,2751afc1-b428-4ffe-914f-884e99d81d10,
c5411c03-b91a-407c-bf97-6b3aeaac9733,4f341884-85a9-4e06-a744-5418b1903988,2e3871cd-9542-4c5b-a068-18cc7a2c8643,
4bcd1598-d4d9-4aa2-87fe-1ccb3785d9cf,4f341884-85a9-4e06-a744-5418b1903988,3e8586a4-ca22-4a01-8623-af870599ea68,
4985b556-cc75-4256-990a-8266105f584c,4f341884-85a9-4e06-a744-5418b1903988,4494211d-90d1-41d5-b337-2f1cce0a0dbd,
1b3c7a9f-a5b2-4990-9266-24f541f698b5,4f341884-85a9-4e06-a744-5418b1903988,49c0578e-c978-493f-bf75-cac5e5324e06,
616295ff-b971-44bf-9bfd-2f20175f6509,4f341884-85a9-4e06-a744-5418b1903988,49c1675c-aeff-459b-8e25-d41c677075d2,
d4e49f2f-0e4b-4e51-965e-8ddcc327dd56,4f341884-85a9-4e06-a744-5418b1903988,4b717c2e-e4c1-4a4e-b68c-24bba51e7a7c,
be006a07-9f27-4b23-9e47-a8e98b1aa1f0,4f341884-85a9-4e06-a744-5418b1903988,4b764814-882d-48c1-9baa-c62fa135c2bc,
f3ee7e94-8b2f-4b73-80dc-cb41bec697c1,4f341884-85a9-4e06-a744-5418b1903988,4d1fd201-ca7f-4ef2-986c-a76663b822b4,
ffda911f-9001-43ec-992a-fdca2ac1fb80,4f341884-85a9-4e06-a744-5418b1903988,50e3a86c-e925-4189-bf1a-045f15f98cf2,
880647b5-f71f-4a3b-8daa-6384d178444e,4f341884-85a9-4e06-a744-5418b1903988,54bdb117-c0a8-402a-8701-31f9a6dcc7e4,
97bb996b-0467-4daa-9af1-f527c4281a33,4f341884-85a9-4e06-a744-5418b1903988,5bebc04a-747d-4c60-a18c-11dd195a36d9,
8fa850f6-76a4-4eb6-baeb-2840eb2c651b,4f341884-85a9-4e06-a744-5418b1903988,5e34a428-c1db-411e-abff-399b392d3b4c,
d5e70d96-a5a1-4e9a-9186-742991c94e25,4f341884-85a9-4e06-a744-5418b1903988,65361723-9199-4bfc-9bf6-197d3dff9273,
2ecb2027-dbfb-49c4-b8c5-7f904fba6ac6,4f341884-85a9-4e06-a744-5418b1903988,6818597e-0707-4a26-a9a6-49b7000b21a3,
a003cdd1-3403-4475-a2a0-0514397561c8,4f341884-85a9-4e06-a744-5418b1903988,69bd3bb0-eae9-4fa5-8373-6b73b86540a8,
ab5e534c-bcbb-4a52-9566-27ecc03867f6,4f341884-85a9-4e06-a744-5418b1903988,7cd35a4c-96ec-40cb-80fa-60bfc91e61cb,
1e1713e6-97da-4a9b-b82d-833b371cd238,4f341884-85a9-4e06-a744-5418b1903988,947bcc4a-72a0-40d4-8c13-db4b9d34322f,
f8f5d9b7-e248-44c9-9f82-14e29fea8691,4f341884-85a9-4e06-a744-5418b1903988,99a51680-ca2c-435f-bf45-2c03a9ebe238,
7d75a2a2-a9bb-4c7c-8181-6b3305496dc9,4f341884-85a9-4e06-a744-5418b1903988,a1b95a29-3557-4b19-b8f8-9f76537e3740,
d6db4e02-7419-48cd-ab88-d671e19ce0d9,4f341884-85a9-4e06-a744-5418b1903988,a8696934-3529-4069-b233-5881ea540b27,
6beddd87-715c-4511-a7be-1e7718c31f9e,4f341884-85a9-4e06-a744-5418b1903988,abe0f4df-2520-493d-a80c-2a5bd10bc714,
e9d11cb9-5e10-4401-95e5-e3c9cac04ea1,4f341884-85a9-4e06-a744-5418b1903988,b7cfc169-10e1-41bb-90af-e07417e2a971,
59dafedb-8d83-4f46-81bf-5195693b6ddf,4f341884-85a9-4e06-a744-5418b1903988,b850c077-52fb-46c5-a704-16943f7d792f,
c6f8a8d2-47f0-4122-a8e0-03b3c4318c14,4f341884-85a9-4e06-a744-5418b1903988,c4f907ef-a854-47c9-add3-7f013d4b25b5,
991f260f-70d9-4e67-a21b-1c72940bc5a8,4f341884-85a9-4e06-a744-5418b1903988,c69cbcd4-f98b-46d1-8068-6c463dd7c4ee,
c9e31981-77d9-401b-8343-79db749f5dc8,4f341884-85a9-4e06-a744-5418b1903988,d305d131-464f-4152-8bb1-84068073c143,
5a25607d-e378-4ffb-9fa2-6d8a13cbd63b,4f341884-85a9-4e06-a744-5418b1903988,d351f41a-913e-451e-b0ae-b83bc35117d2,
7af0040d-ff68-4196-8909-fe9f32cc7458,4f341884-85a9-4e06-a744-5418b1903988,d55986d1-5fd3-4de1-89a9-4f2172cf992f,
853a3bff-e033-4569-8d2f-2f0d0d37c2e2,4f341884-85a9-4e06-a744-5418b1903988,d7450948-cc86-46b2-9be3-3ec853bc5b7b,
bc2035fa-63d2-47e2-ac1f-510dc8100ad0,4f341884-85a9-4e06-a744-5418b1903988,e6d76303-8983-4a9f-b1b8-191b5ec0de6c,
52631dc5-a490-4f31-bf05-6e12d29847c4,4f341884-85a9-4e06-a744-5418b1903988,f12014f3-4059-4ba1-8199-733f3c2d26f5,
3315bc63-6596-4e11-852c-d8139941beee,4f341884-85a9-4e06-a744-5418b1903988,f1ec1dd4-2b16-473f-a4df-5cc6bc3133ba,
4527e9d7-bd52-4d47-839a-f68658b7edf0,4f341884-85a9-4e06-a744-5418b1903988,f6b87acd-6e95-4b82-9bc8-4c73eafdedb6,
9790c5dd-9e31-44e5-8bf0-ae9ea31c0b0c,4f341884-85a9-4e06-a744-5418b1903988,f89b186c-3ea6-46fa-9db7-7cfc7c589dd0,
3df4ec6b-078e-4630-b9cc-b0de49a5893f,4f43ba66-81aa-4dae-ba05-f60e55e381aa,2ec2ff77-de58-4b75-9808-af30657624c6,
209a23bd-3bd1-488a-8079-a373dba4a8e9,4f43ba66-81aa-4dae-ba05-f60e55e381aa,48ffc1d2-59c1-4136-8f45-99e9a4a7e69c,
aa692fb3-1034-48a7-8424-738b12788092,4f43ba66-81aa-4dae-ba05-f60e55e381aa,49c240fe-bae0-4fa9-9bd1-b42c2d503a9b,
d155eb4b-7267-43bb-8d7f-3ff8254d5edb,4f43ba66-81aa-4dae-ba05-f60e55e381aa,83a7a08b-a8fc-4b81-b24d-32ffcbe6606d,
26771df7-4839-487a-8cec-0b0f1a17f406,5cc7ddd3-483c-4a25-8068-c3294026b0c1,4d31e390-82d0-44be-b393-1065894d6dfe,
16f6b5dd-2b18-43c8-9141-fcc8f8a6971a,5cc7ddd3-483c-4a25-8068-c3294026b0c1,755f9e70-0dd3-4db8-9d86-22cfcaad91eb,
9261f7af-3dd9-4cff-afe0-cf63d137a5f8,5f52f156-1311-44c1-9290-a4033406a863,082cf3a7-24ea-44c0-a473-cf5aa2e90687,
6b675e73-5faa-480c-932b-9d085ff474e4,5f52f156-1311-44c1-9290-a4033406a863,09a90cf9-fd43-4501-bc84-053468726c99,
54bf0cf8-4293-4e6f-9f3f-e384a5165a1c,5f52f156-1311-44c1-9290-a4033406a863,19517199-c105-4f3e-96e0-4bda36e428bb,
d2dbacf3-e48c-4580-8005-5d28eaee4b0f,5f52f156-1311-44c1-9290-a4033406a863,1e5bc75f-639d-4c7e-aeff-9d004e07b8b3,
202a485c-fe30-43b9-b6e8-96ee88ff5ebc,5f52f156-1311-44c1-9290-a4033406a863,1ffee96a-b991-4988-90f8-325de4395f4d,
bc5aafea-2f6b-4a18-97fc-ef193fb981b2,5f52f156-1311-44c1-9290-a4033406a863,2251a08d-7d47-4f12-a619-45dfc38757cf,
8f55ed96-e112-4d14-a902-9f2f684901f4,5f52f156-1311-44c1-9290-a4033406a863,239d8542-7801-482b-9d2a-746e5ba761eb,
cfcc58ff-2765-4288-82e3-28724c9e9186,5f52f156-1311-44c1-9290-a4033406a863,2611a3ee-c78d-495d-b717-819d6080e191,
e519e7c8-db4c-45cc-9b2e-d89917fe301f,5f52f156-1311-44c1-9290-a4033406a863,308fb6f3-aa11-400d-8ff7-d33835e7b7c8,
bcd55390-adc4-4edd-84d9-1017903dbb03,5f52f156-1311-44c1-9290-a4033406a863,31fa82fc-a01f-4b13-99d1-2a77fbbd5deb,
95ae21c6-dd79-4529-8f7b-76258677ad88,5f52f156-1311-44c1-9290-a4033406a863,3a755363-021a-4760-baac-7ffd271f95ef,
62b1c704-bb4c-4d70-a173-8f5d167107dd,5f52f156-1311-44c1-9290-a4033406a863,3f1d947c-cd2c-48f4-9d09-7d6b05b59ff1,
43ac0f6c-9681-4029-b5cd-aa284d3e0dbe,5f52f156-1311-44c1-9290-a4033406a863,3f312e99-d3c3-49bc-9c62-81b49f227789,
66041fe0-405f-40cc-a53e-c9891780b7f5,5f52f156-1311-44c1-9290-a4033406a863,48545b21-85bc-49b2-ae4b-6aec06539249,
c1dd9492-47b7-4bf7-add9-39e9c8c9ceb9,5f52f156-1311-44c1-9290-a4033406a863,4878b2ce-fceb-4a24-b5b5-a253e86d3999,
8954134f-c0cf-4386-bd22-ddac579024d0,5f52f156-1311-44c1-9290-a4033406a863,5162aa0a-1dec-47a3-9898-2b5ae1bba610,
68f60216-c99f-4e48-830b-eaca8ec12f9d,5f52f156-1311-44c1-9290-a4033406a863,58bdf55a-7c58-447e-85d1-bfb7919cf074,
b58fcca3-f717-44ab-87d5-4e4519a71216,5f52f156-1311-44c1-9290-a4033406a863,59c4665c-601f-4922-a74b-22f024a40ed9,
cc319b54-094c-42b6-8129-deea6da923a4,5f52f156-1311-44c1-9290-a4033406a863,5e25df68-a5ba-43c7-964f-9e7618c67706,
57ef8afc-7f02-45a7-90e3-f40775916fcd,5f52f156-1311-44c1-9290-a4033406a863,61789b6b-9b59-4f66-8c72-f27f209b728e,
513161da-9f65-4d5a-8802-10ae28968591,5f52f156-1311-44c1-9290-a4033406a863,650e5d99-e560-47af-99bd-e7774d65e931,
912df72d-4c23-47c0-8943-f3c54b21b70e,5f52f156-1311-44c1-9290-a4033406a863,6ab729ba-bd53-4721-af8b-3e353ceeb690,
b73c6350-bda3-4451-b492-8abf2a94d16b,5f52f156-1311-44c1-9290-a4033406a863,70a12af5-ca78-436e-ad3c-012f6261e2b4,
1f358d6d-a25b-4f6a-9546-dfdf18e33c1d,5f52f156-1311-44c1-9290-a4033406a863,96684636-ca83-46d3-96f5-ddcd78de49f3,
1407ed3b-0148-4c9c-bdb3-ba303560f3a0,5f52f156-1311-44c1-9290-a4033406a863,9aac48b0-d5e0-4224-8d55-6d0b6c588445,
036b9cac-b470-4f30-976e-78890d4826f2,5f52f156-1311-44c1-9290-a4033406a863,a267cd67-ac06-42e7-8575-5c3b3273b657,
87ee0d1a-05bd-4494-960e-c70cf5ab2a88,5f52f156-1311-44c1-9290-a4033406a863,a3d93c70-b390-40d2-bbc7-fc1743a4d664,
6a853782-d128-4ff6-bcb8-8bca0590755e,5f52f156-1311-44c1-9290-a4033406a863,a43d78a9-8b85-4a58-ab48-7c1cf9474ebb,
18c6b5b8-f9f0-43f6-bc6e-43fc26abb304,5f52f156-1311-44c1-9290-a4033406a863,a642a289-a393-4d89-82f4-5c23e521c243,
030f9b8c-7219-47de-b9fc-36921364fa39,5f52f156-1311-44c1-9290-a4033406a863,bc190839-c3af-471e-a1ea-68315dd73668,
b30b1e6b-7f96-4839-a1b4-4269540265ba,5f52f156-1311-44c1-9290-a4033406a863,c010898d-9e00-4287-a768-6653a04d950c,
f8e4cd49-7d0d-4c7d-b6ec-994d6772bbde,5f52f156-1311-44c1-9290-a4033406a863,e983c04d-e201-464f-9419-9554d9b5fb4a,
16dba419-3d1d-42e9-825e-69c6d597e0db,5f52f156-1311-44c1-9290-a4033406a863,ede82e9d-010a-4c21-9fee-1b238231bbe9,
b371157d-86a8-42c9-8de4-1f5b2299a8e7,5f52f156-1311-44c1-9290-a4033406a863,efc394d8-8b8a-45d2-8c00-fe021b6f3ffc,
44c405d0-091e-4a3a-8d43-d36a90eb6191,5f52f156-1311-44c1-9290-a4033406a863,f01b1160-2d9c-44f2-8058-a2d2ee1d24ac,
fe3fd7eb-88d5-40c8-8130-0eb13f615b06,5f52f156-1311-44c1-9290-a4033406a863,f15ceda3-7301-45ef-a946-1e5e3a280067,
fa33c6e3-a377-4e32-899f-25e7a2eea3ef,5f52f156-1311-44c1-9290-a4033406a863,f3d1cf61-a7d7-4edf-be6e-f8df5da47454,
26278397-f89f-4272-beb6-a1ad249118be,5f52f156-1311-44c1-9290-a4033406a863,fe1ca638-8dba-4dfb-97a0-a777e39efacd,
604317c9-add6-4335-96fb-e026acb035a1,5fc47bf6-8d0d-4891-a39d-c3c744412f4f,529d2241-ee93-4cc2-8987-ff70b8f3ac0b,
efb24aaf-9b36-468b-91eb-d3099a818ae9,5fc47bf6-8d0d-4891-a39d-c3c744412f4f,786f8921-25d6-48a4-9c92-21497cc77238,
eb356ac7-2a8d-431e-ab4b-c24e5060fa55,5fc47bf6-8d0d-4891-a39d-c3c744412f4f,8ed9c1d9-8589-4610-b15c-7a817b463402,
fdafe10c-2934-4c1d-a275-5fc8676f60a6,5fc47bf6-8d0d-4891-a39d-c3c744412f4f,c2430900-177d-4e54-99cc-bf63e3223bc6,
803b5c8f-7e59-4fb7-b871-98af51fd7b43,5fc47bf6-8d0d-4891-a39d-c3c744412f4f,cf9d553f-69c6-4bda-839f-705ac02cc53d,
85065d16-00e4-4ad6-ab4b-11e914d9eed8,5fc47bf6-8d0d-4891-a39d-c3c744412f4f,ddd47942-4343-4450-8ab8-2fe84e22e2f2,
e84bd9ba-42d7-4bbb-8c26-61a09f667335,5fc47bf6-8d0d-4891-a39d-c3c744412f4f,e0da8099-8873-4dbc-b3fc-b19559c82886,
b1953228-386a-4bdc-bcce-caa4c64024bb,60f91152-db92-465e-8f3c-79f271735873,0e3f47ad-febb-40dd-b04a-5d027c0243db,
f12162e0-732a-4cde-9960-af40e66e0856,60f91152-db92-465e-8f3c-79f271735873,300c6d3b-b795-4647-938d-4248a230854b,
b54e9880-aaf8-45b5-9524-123cf3c9ebf7,60f91152-db92-465e-8f3c-79f271735873,48277b06-a1ac-4338-ab33-58a62e3e2f29,
887efc3a-300d-4a0e-a479-4a1f0f78714c,60f91152-db92-465e-8f3c-79f271735873,88a04919-ac1a-42b6-9260-8d3415f07a58,
3d1e2b16-7c4f-4f46-95f5-f5b70dacbde1,60f91152-db92-465e-8f3c-79f271735873,ac3929a1-78df-44c4-ae7a-6d242ee3a8b2,
a628d4e6-9f7d-47b4-b989-a4d07185d837,60f91152-db92-465e-8f3c-79f271735873,ec6f54a9-6b2a-4294-97e6-22c92f1019fe,
6b08d775-fba2-4da4-8995-1f5aa3a70c22,60f91152-db92-465e-8f3c-79f271735873,f276cab7-2664-4b0e-a9ee-027ac063a7a2,
fc2a40fd-fd0a-4161-920e-fee43ac23817,622f00a4-ec2c-46be-9610-09a49b221506,566a68e4-bb94-44c5-9850-97d7feb5005a,
e939900a-85ad-47a5-8eb2-3f49c71191e3,622f00a4-ec2c-46be-9610-09a49b221506,fee879ed-0150-4eea-8b47-9078be8d6ba3,
1d5c0ab2-eb17-411f-b566-e97388e13faa,63bd9b49-2d31-4f55-8f4b-43e4f086ea3f,825c1758-fd61-40c4-a62a-36092205c8d1,
362c46b6-8bbb-47e9-b34b-d82016cd1bee,693450ff-c228-4321-b96f-c8a6312b6258,021eaceb-f81f-429e-98ea-895c81680712,
2be27da1-438a-4f66-8045-17bf556557df,693450ff-c228-4321-b96f-c8a6312b6258,18f4e88a-c9a3-4863-9cbe-25b3760f81df,
690190dd-cfb3-4fa5-a9ec-bae1cfab4375,693450ff-c228-4321-b96f-c8a6312b6258,216d59a7-23fb-4f78-9d10-bb75fac89f6a,
781779a3-621d-4d0c-8881-c891ca6251de,693450ff-c228-4321-b96f-c8a6312b6258,2eff5e37-704a-4715-bc20-6599008c4021,
2e41831a-b122-461f-9b83-1b52a2d20114,693450ff-c228-4321-b96f-c8a6312b6258,37bd623b-2ec5-4d2c-b960-4130714a2dab,
bbd85c63-15d1-43db-8e9b-4e21778216ce,693450ff-c228-4321-b96f-c8a6312b6258,42aa685a-d588-4372-ab02-9253fa6d7b2f,
5f545369-3962-42af-92c9-3e822dbc1f79,693450ff-c228-4321-b96f-c8a6312b6258,5e70fd5d-4291-4346-96a8-88434d2b06ab,
38d8d088-0263-4c3e-b62e-16e7cd2223ad,693450ff-c228-4321-b96f-c8a6312b6258,62183248-d5ad-4330-bfbe-9a7fbdd89287,
f1a375be-3032-4a6f-8f05-6c1e4837b1f5,693450ff-c228-4321-b96f-c8a6312b6258,71b890c1-83fa-4b10-9e33-387275b1e277,
7ea714a2-a64a-457e-a942-bd21a530033e,693450ff-c228-4321-b96f-c8a6312b6258,81a0bff5-511b-45fb-9b8f-a32d0ba2cbac,
e4c49079-c7ba-48d1-84de-527c21e46492,693450ff-c228-4321-b96f-c8a6312b6258,831f95cd-f359-4c8e-8247-51f81d661665,
6ce1d781-93b2-4d6f-9283-551a61dbea23,693450ff-c228-4321-b96f-c8a6312b6258,89baeba0-56b0-4037-ba16-3cc873494242,
6e91fc8d-51c1-43a6-a78a-842b0f9a3636,693450ff-c228-4321-b96f-c8a6312b6258,8b70aee4-5879-4f94-91a7-24afc0f0bb29,
69dcaf86-db8e-4fa8-b818-e37e04e3594c,693450ff-c228-4321-b96f-c8a6312b6258,9b9b7474-59d7-461d-bd28-4e07611569e5,
18bbd830-1a31-4c4b-bec8-3933e62ebd55,693450ff-c228-4321-b96f-c8a6312b6258,ad191c45-12de-4a82-8260-9a8a6f82cf7d,
cd1c2891-9b23-46ec-b003-a35052b1fdb1,693450ff-c228-4321-b96f-c8a6312b6258,b6c7d3a4-5f79-440e-bffe-3cbc6eaa4e7c,
2553fa95-a6f5-441d-87f9-82f28f5e6c94,693450ff-c228-4321-b96f-c8a6312b6258,b82111ad-0502-4582-9743-8446aacc2cfb,
01d44416-c578-45ef-b25f-0fbb0f0b464b,693450ff-c228-4321-b96f-c8a6312b6258,b83b9a0f-6445-4b07-8900-6af0f3bde592,
9417163a-2f9b-4afd-9c0a-dd54f77791ca,693450ff-c228-4321-b96f-c8a6312b6258,c165f65b-3d4a-4656-b72b-c48c5c5dced5,
a7eed247-1196-4c32-821a-c1b285d97072,693450ff-c228-4321-b96f-c8a6312b6258,cc8bb545-9f8d-4f1e-9927-12c2d1403b0e,
5a384df3-f94d-45b6-8b32-bc25947bf6cf,693450ff-c228-4321-b96f-c8a6312b6258,dddbf061-07b9-470a-8955-ade804805da3,
77193dfe-6a6a-466f-b411-e04c55c8416f,693450ff-c228-4321-b96f-c8a6312b6258,e284ebe8-6f10-4a47-b1a5-8f431f7477d4,
6f48c545-4e6c-453d-9e56-0446008b341e,693450ff-c228-4321-b96f-c8a6312b6258,e44afd68-c235-4088-9eee-5f712683ad38,
b926b034-1b6b-4441-984e-d02be214d23d,693450ff-c228-4321-b96f-c8a6312b6258,e64b8a12-4129-4d65-b15c-1a023e16b2b8,
77e88a72-f54c-4281-836d-534601f15bd8,693450ff-c228-4321-b96f-c8a6312b6258,fc7521f6-b393-4c27-9ad5-9784b2a4dab8,
fb5bc8df-8227-4de0-ab44-429f8ba16cab,693450ff-c228-4321-b96f-c8a6312b6258,fcbb04f8-5d16-4226-9f9a-9814cbc0dc31,
c14f94ee-e7a0-450f-96df-2a190ddcb8eb,693450ff-c228-4321-b96f-c8a6312b6258,fed927d4-bc81-4c32-9d31-cbe5d3a74244,
be785701-63d2-4801-ac11-0603b985e3ab,6da82aae-4497-4ddc-9a34-640ea748c74d,1481744e-4137-444e-8b45-6373fc5651dc,
0c80ddb9-f16e-4d0a-b3e2-aee195ad7787,6da82aae-4497-4ddc-9a34-640ea748c74d,dff9895e-44ee-40d8-a185-f18a5d711083,
fb248d88-e435-48f6-9041-a32f6929d551,6e6b2d26-d307-4ba3-a37a-52454f8779e2,2143a614-eef9-41ef-96c0-1f8668829706,
82de85a8-84e5-484c-b57b-13fe4bf4d1a4,6e6b2d26-d307-4ba3-a37a-52454f8779e2,db091720-2aed-491a-b392-f461fe1022b0,
ce1cf8ed-62cd-4ad7-8bdd-09b4f8627781,6effd1fb-af58-439c-aa79-fd6bb592e79f,85e8e51a-d4e5-4293-b76d-d31703a7a502,
c1ff6db2-c8b9-4f4c-8f55-2fdc68f51adc,70d5e82e-7778-4933-a4e0-13202c3b3507,638017a7-cfe7-4940-83b2-5280a5119173,
d199de5e-e379-453e-b64c-9244475a6ec3,70d5e82e-7778-4933-a4e0-13202c3b3507,a7510bec-3759-4de0-a7d1-4470c553cd07,
ab05392e-8214-4494-b6ce-8364822f8fba,70d5e82e-7778-4933-a4e0-13202c3b3507,b4cb2bf8-4b3c-4221-9768-551e09209c26,
07c0de63-09ba-463f-82ba-85395110eeb6,70d5e82e-7778-4933-a4e0-13202c3b3507,ba26305b-ac32-4d68-962e-c614a3c6d7a0,
bd6ca1b9-a466-49fa-a4fe-7ea2dd63c28a,70d5e82e-7778-4933-a4e0-13202c3b3507,cd28aef5-c796-4159-934d-0a0db8d75eae,
945709b1-6a4b-4227-a7a8-8de5a02eef8d,70d5e82e-7778-4933-a4e0-13202c3b3507,f1a7d056-24a6-471a-a241-5b75df02f17d,
2548ee33-7870-4f16-8567-16c372914523,7176fcc6-72b5-431c-8f1b-1c2d7cc9f38c,7af9ef99-34da-468e-ba10-ef6b4e78886a,
9018e716-a912-4692-8150-f5bcb42a280d,7176fcc6-72b5-431c-8f1b-1c2d7cc9f38c,ace6cec2-c89c-44c7-bf1e-3a0df95d5ad3,
40596244-d8ba-4ceb-9ec0-81ef7d9a44d1,74d495a5-8300-4a18-a14c-446a42fdc1be,0148caf7-1e06-438b-a507-671182802785,
11497b1c-d678-4fa3-830f-948d5740d220,74d495a5-8300-4a18-a14c-446a42fdc1be,0240b1a4-c3d9-4f9d-8a95-1b5a48abbde1,
ccd4a6c7-2c88-4227-a1db-f64413da061f,74d495a5-8300-4a18-a14c-446a42fdc1be,047765b6-1a45-4b14-9315-425ac6a8443c,
5b2a4914-acf5-41a8-9cdb-b5211df9b740,74d495a5-8300-4a18-a14c-446a42fdc1be,05cc70c9-1fc4-48a2-af8c-aaa404cf5ac8,
283a6cd2-b5e4-4c9b-9209-384734880411,74d495a5-8300-4a18-a14c-446a42fdc1be,089a8cbf-d9be-4cea-a13e-2fdfc0334d7e,
4735a608-685d-4197-96a4-e5affb734b31,74d495a5-8300-4a18-a14c-446a42fdc1be,0ae3f2e9-706e-49f9-b6b6-c6ed383a8c06,
180606b0-9b36-46a9-8284-ea5e1716703c,74d495a5-8300-4a18-a14c-446a42fdc1be,0eff9caf-a571-4db5-9f13-11a4b8003dc9,
21da3885-d780-4d17-8cca-154d2b1bf849,74d495a5-8300-4a18-a14c-446a42fdc1be,13785d82-a1bd-424f-9443-1824c8c94e90,
4cfa9cbf-bf23-49ca-b11f-ae9846513947,74d495a5-8300-4a18-a14c-446a42fdc1be,13e2eb79-3819-4315-9a4d-30db52823247,
343d3af7-a241-4000-9621-33c2093ffac2,74d495a5-8300-4a18-a14c-446a42fdc1be,154f2113-11a3-4aa4-9a62-b4ca0f527f5c,
213faefb-8671-40bf-883b-0c1ecae9fcca,74d495a5-8300-4a18-a14c-446a42fdc1be,17d84558-e2e9-40f8-b0aa-ec3a6ae94554,
943c0a9c-79fb-4ac4-a1f0-31379fd33e73,74d495a5-8300-4a18-a14c-446a42fdc1be,186ac9e2-75ff-41b1-b192-258c1720860c,
8d41a800-a830-450a-b3f9-7c9a59fdda01,74d495a5-8300-4a18-a14c-446a42fdc1be,1913f029-0e98-47b0-8adb-fe75ad2df7ef,
786aa824-a9c1-4453-acd4-6203d6c0f132,74d495a5-8300-4a18-a14c-446a42fdc1be,1d0e673d-651b-4caf-a548-a4e377ec857b,
53949d3f-2a82-4eac-afa5-b3bb607e0a90,74d495a5-8300-4a18-a14c-446a42fdc1be,23556f62-1de8-4f8f-8a21-d7c3ac6a2392,
036cc997-2e89-4e38-818d-205847a4a774,74d495a5-8300-4a18-a14c-446a42fdc1be,2380b35e-1177-4609-9f30-9c7661553eb9,
7f9b4a2e-eaf9-4287-a4f2-dc7615e22223,74d495a5-8300-4a18-a14c-446a42fdc1be,262011d9-c401-466a-836e-916aa48da1d5,
889fe1c1-3c65-4f64-b49d-b0f963ba3307,74d495a5-8300-4a18-a14c-446a42fdc1be,297d7f1b-af77-4834-a50d-8984ba2a900f,
9e570bfb-2207-4913-a34d-884115079b8c,74d495a5-8300-4a18-a14c-446a42fdc1be,2ebe130c-a5f0-4f31-9bf9-c0682d52c1ba,
b91a7b26-090d-427e-8c24-e3f4770b763c,74d495a5-8300-4a18-a14c-446a42fdc1be,2ec4b2e7-e4dc-499e-a5d4-c76eeda55c1d,
1c8cad61-34b0-4cd0-94c7-3240540fcb0e,74d495a5-8300-4a18-a14c-446a42fdc1be,32ff2cfa-1bf9-4d9a-9c64-000fc11bf75d,
19c914d8-964b-476d-a349-eb7c194eb7ca,74d495a5-8300-4a18-a14c-446a42fdc1be,347e8fbe-835a-4645-8de2-42085e53f8ae,
6c40e6d6-d2b5-4c0f-9200-2da0b03ae2d4,74d495a5-8300-4a18-a14c-446a42fdc1be,35474792-2b21-422e-9036-aa42a44f32c2,
b0e5d129-0f55-416b-a2cc-7b3bc3fd0bea,74d495a5-8300-4a18-a14c-446a42fdc1be,3684f74b-fc44-4d08-b1b2-a27b04f1b2d4,
435eea5d-957c-41c4-9307-def0474327dc,74d495a5-8300-4a18-a14c-446a42fdc1be,36de8664-5568-46f3-8f62-ceb8e68f15dc,
5084ca46-6c8b-49ad-bfb8-b0c495f9f2a4,74d495a5-8300-4a18-a14c-446a42fdc1be,392afcf4-7a45-44cb-9776-f5af92e47c2a,
06f8b6c9-a3da-4905-963d-430354377501,74d495a5-8300-4a18-a14c-446a42fdc1be,3c5dfd06-c0b9-4d8a-9ed2-f64c8076beea,
ea395b0f-ab55-4c51-997b-8a58d3868d96,74d495a5-8300-4a18-a14c-446a42fdc1be,3cec4258-3cfd-47bb-ae74-cd36b41345e8,
3230fb63-7337-4ae2-801e-8aed563064d2,74d495a5-8300-4a18-a14c-446a42fdc1be,40dcc77f-0a03-4687-822a-f67ca4f25ab4,
c5d87e95-e8b6-4282-8181-f10140ca21f0,74d495a5-8300-4a18-a14c-446a42fdc1be,452a99a5-3186-4cac-9094-68733f4b071e,
cbeb65b2-873c-42e0-b728-aa0ff0b00ff5,74d495a5-8300-4a18-a14c-446a42fdc1be,4a71a25d-286c-4a17-9376-0b60ff5461d6,
f52bb7b0-d652-4cd0-80c9-4815b9b7eed6,74d495a5-8300-4a18-a14c-446a42fdc1be,4b34d687-da98-4f3a-b05b-0c0ce3ba316b,
68ec3240-98aa-4480-9124-eab1adbf6c5f,74d495a5-8300-4a18-a14c-446a42fdc1be,4ee0fca9-7e8f-4409-985d-eb3200f156ba,
8fa7ebfa-1a7e-40ed-8f0b-9ec7828a3815,74d495a5-8300-4a18-a14c-446a42fdc1be,546cf800-d7f8-4eea-bd37-5330331631d0,
765997c8-e77b-4938-8e58-948a273acde4,74d495a5-8300-4a18-a14c-446a42fdc1be,5642bc2f-3371-4056-ab90-867cb8215279,
1441d5a9-3aee-4e17-a087-b9146bb7340b,74d495a5-8300-4a18-a14c-446a42fdc1be,56cc17b3-ad67-43d0-9564-b9a4c3ae5738,
8d408271-e745-41c4-8685-f58ed152e880,74d495a5-8300-4a18-a14c-446a42fdc1be,57a9526b-556e-448f-8677-adff09923d8d,
dff9d2c8-d3ec-4e95-80f4-1ff7bd4872b6,74d495a5-8300-4a18-a14c-446a42fdc1be,5a70a6e0-ff1b-48d8-8a62-ccace5dfdd38,
a4662382-827d-4839-a2bf-0a4ab66b60ea,74d495a5-8300-4a18-a14c-446a42fdc1be,5bf69d2a-3f54-4de6-a941-0f860d28a550,
07e59228-fbb3-4f61-a9a8-a07bc3eaa033,74d495a5-8300-4a18-a14c-446a42fdc1be,60274a01-280a-441d-9278-fc6b3d0ea3b1,
bff1f522-0c92-4ee5-893b-be0abecbe4e4,74d495a5-8300-4a18-a14c-446a42fdc1be,6076c3c8-6652-4bfd-9042-20ea4f988abf,
af8e8350-18ee-4cad-9054-cb5fdcf4838f,74d495a5-8300-4a18-a14c-446a42fdc1be,60dc3465-efc4-4f2e-82b3-fe9ec34d3f12,
3b6894a4-857a-4ae4-9c9f-81415a54505f,74d495a5-8300-4a18-a14c-446a42fdc1be,672f685b-7ff0-4d29-9d4e-e2f1df4d74dc,
79d06b7c-8573-4513-8524-f3ee271ae257,74d495a5-8300-4a18-a14c-446a42fdc1be,6896dc33-2693-4f68-bb3a-da91fd398ae3,
5a1a613e-becb-4e0d-8115-c923dc0a401d,74d495a5-8300-4a18-a14c-446a42fdc1be,6905550f-ba9a-4541-99cf-f5dce02e113f,
c0c64b00-4783-4aaa-b3d7-d4c05042610b,74d495a5-8300-4a18-a14c-446a42fdc1be,739589b4-eb3f-42f0-b51f-afa78983c40f,
4f5a878b-2b64-4741-9ab1-bcf004eb0220,74d495a5-8300-4a18-a14c-446a42fdc1be,73f8aad0-b9b3-48f0-ac06-d622e5e71ac1,
f8650029-e002-4d95-98e8-afff2ff20fc3,74d495a5-8300-4a18-a14c-446a42fdc1be,75fd112a-a8c0-4c75-9a26-6f3d7ef6daf2,
6a6fdaf3-0421-4c37-8612-9453258098d0,74d495a5-8300-4a18-a14c-446a42fdc1be,77b68caa-8939-48a0-8450-cf7c1b4676ef,
6f2245d2-1d8e-45f9-910a-1d1d2b83c3b3,74d495a5-8300-4a18-a14c-446a42fdc1be,787a68ee-2fe0-4e80-9cfc-5a4ea2f3aba9,
e7976359-8e8b-4284-92f0-760a3157b538,74d495a5-8300-4a18-a14c-446a42fdc1be,78bac35a-2deb-407e-ae82-0164d7d7575f,
f37f6233-3435-406b-9860-dde3af06cc0e,74d495a5-8300-4a18-a14c-446a42fdc1be,78ea8cd9-581b-416b-9114-7b3898062399,
25dd9828-adc7-4012-ba9e-c0a1272d2539,74d495a5-8300-4a18-a14c-446a42fdc1be,795c95d7-4aed-4a01-a150-aae34ce9826c,
f168716d-f62a-47d0-be3f-daa73b872530,74d495a5-8300-4a18-a14c-446a42fdc1be,7eba3c28-ef33-4cf5-8c89-0c90aa0b3482,
090555f4-b144-4391-8f34-a04e2fbde2e5,74d495a5-8300-4a18-a14c-446a42fdc1be,7fa7bbcf-08fa-42a3-b2c2-e2eeea9556ed,
df2f7042-677a-4ecd-9afd-8fe79e5ec93e,74d495a5-8300-4a18-a14c-446a42fdc1be,7fd9f6c2-c66d-478e-ae37-bbe5fb610041,
1fc53c69-8e45-43aa-a75e-949663802eec,74d495a5-8300-4a18-a14c-446a42fdc1be,81ccb0c0-ec8e-4043-bd25-72d5981543d5,
74f7f87a-07ff-4eaf-9ad6-c883e74658e4,74d495a5-8300-4a18-a14c-446a42fdc1be,839f75f7-7503-46ca-89c7-c628988e73e1,
243f8002-d208-42c0-b7cd-1f09f0af0088,74d495a5-8300-4a18-a14c-446a42fdc1be,89947632-2ebd-43de-a4a4-55efdcd7a054,
9f2de582-b226-495a-8adf-2b5b188a059d,74d495a5-8300-4a18-a14c-446a42fdc1be,8a5f29ec-dacb-4f4e-8404-88b6c75a162c,
999c1e3b-a86f-4e16-8cfa-8d6f788c23fc,74d495a5-8300-4a18-a14c-446a42fdc1be,8be348e8-8d12-4554-a714-c42109826e82,
555b442e-e397-4221-b3cf-8d4d4cd829ef,74d495a5-8300-4a18-a14c-446a42fdc1be,8f7947cb-3b7a-4150-b749-02315d2b0ee6,
2f2d6120-0e3a-42c5-9d69-24fbc852da9d,74d495a5-8300-4a18-a14c-446a42fdc1be,94dc08e1-c19f-4bcb-a24e-514fb1ba660e,
860959ec-27eb-4fb5-9472-7f2853bb3374,74d495a5-8300-4a18-a14c-446a42fdc1be,9594a155-3815-4f5b-b85e-5afd57acce31,
1b1feb07-f6d2-466a-8039-d65bdc48a5fc,74d495a5-8300-4a18-a14c-446a42fdc1be,998b270f-5632-4359-a9f2-f2e888c770be,
8be81a15-2832-473e-aa7d-cb294c440895,74d495a5-8300-4a18-a14c-446a42fdc1be,9a81dd28-d74f-4a26-8cf6-785f32060557,
0cc08223-093c-4a5f-a68d-3faf7b035002,74d495a5-8300-4a18-a14c-446a42fdc1be,a4f4ca8c-dfa2-4d54-bef7-c05108781a54,
254da3d3-8629-49c0-9b41-6976fde91930,74d495a5-8300-4a18-a14c-446a42fdc1be,a5c1f907-47f0-45e2-a3bd-9957a56b8519,
52e70da0-89b1-4ecd-b278-4092d40a589f,74d495a5-8300-4a18-a14c-446a42fdc1be,a7170d98-cd85-485a-beee-697d74ce0082,
a30e6c24-51c5-4593-a16f-0e13ef683eb1,74d495a5-8300-4a18-a14c-446a42fdc1be,a91a235a-11b4-4452-9079-dc0e6f9ed415,
9f723ff5-f886-47bd-9994-d876ff512444,74d495a5-8300-4a18-a14c-446a42fdc1be,ad1f552b-9697-46c3-8e5e-8e57034bf0fc,
f47e2178-db28-4a29-8b4a-9cc3aef64c5a,74d495a5-8300-4a18-a14c-446a42fdc1be,ad74e6f6-e9ee-4b38-b81e-7c296a604daa,
bef1dc8f-4c68-4311-93c2-02285b1bce5d,74d495a5-8300-4a18-a14c-446a42fdc1be,adf27f0d-ab54-4d5c-abf0-7369a20a2175,
d2aa6949-c4cf-47fd-b2cd-0f9d983da64a,74d495a5-8300-4a18-a14c-446a42fdc1be,b0352f29-dd78-44a0-81bc-463cd59fe658,
f2e3c049-d71b-48ae-b33f-721e21154c7a,74d495a5-8300-4a18-a14c-446a42fdc1be,b397d682-5373-40c5-b2bd-69bc7ac1e6ad,
6ae14047-b037-400e-804c-3a915d7d5579,74d495a5-8300-4a18-a14c-446a42fdc1be,babe2e2f-3c2f-4748-a76f-8061fe162b6d,
1435d999-ec9f-4645-b893-c9716ef342d5,74d495a5-8300-4a18-a14c-446a42fdc1be,bc156c40-47c8-4338-bcd4-0c275d0cc92e,
a4a89a58-5320-4556-81fb-82a3ab92b8f6,74d495a5-8300-4a18-a14c-446a42fdc1be,bf8073fd-d0b2-4881-98ca-96f0ee3aeb65,
30f2947a-e71a-49b4-9c2b-0fe27215a594,74d495a5-8300-4a18-a14c-446a42fdc1be,c3cabbb7-6669-4d85-a707-5e949f68cf5c,
58f8dae4-abc8-4543-9ad7-8857597b3dd9,74d495a5-8300-4a18-a14c-446a42fdc1be,c4cae670-a354-43e7-b794-00d75cc24098,
1da54dba-ab10-4677-8d00-a832339b4d35,74d495a5-8300-4a18-a14c-446a42fdc1be,c5a9509f-58cf-4c4b-a1bb-9abae71fd045,
379cc85a-4a4e-4d35-8a29-a61755732ab1,74d495a5-8300-4a18-a14c-446a42fdc1be,ca8d766a-a05b-4b5e-bc8c-cf2f1afeed68,
56d597c2-6cd7-409e-b17b-c9f8bd987f55,74d495a5-8300-4a18-a14c-446a42fdc1be,cbdfb816-7e20-4549-b5d6-a5c5e2da4e8c,
5644f514-265e-465f-a7d2-150ab10649c1,74d495a5-8300-4a18-a14c-446a42fdc1be,cd0729bc-0ae2-426f-92b3-7801e9f09e35,
c9e60aab-109b-4a0a-8081-bf7970d4acbb,74d495a5-8300-4a18-a14c-446a42fdc1be,cd1c48c9-1649-4616-aadd-c0ca4e447ce6,
812cc715-743d-4a62-a4c6-66f2eefaeedb,74d495a5-8300-4a18-a14c-446a42fdc1be,ce54c2a0-c227-494f-918e-2eb071015468,
6f204254-5684-4137-95c5-8a341fa30a32,74d495a5-8300-4a18-a14c-446a42fdc1be,d28f2bfb-ccda-4306-8ee7-6b41c74f4872,
0f577d3a-cc9c-4acf-8a00-f3ddcafe3043,74d495a5-8300-4a18-a14c-446a42fdc1be,d447e8a3-68d7-45d5-8942-56989b70100a,
8dac9ee4-2c5d-4954-b8a5-32f1c9bcc0b0,74d495a5-8300-4a18-a14c-446a42fdc1be,d67451f8-a242-44c6-9090-3694a20504fd,
017ed766-8caf-47c3-8483-48c1eba9ad1f,74d495a5-8300-4a18-a14c-446a42fdc1be,d7536592-5322-4345-a9f8-6c91aa23812c,
2f62e3ed-1e86-4845-9035-f387a239dec4,74d495a5-8300-4a18-a14c-446a42fdc1be,da377e8e-9cca-48da-8503-1bfbf0bfc60e,
ce37370a-793a-483a-97ea-38846c081b55,74d495a5-8300-4a18-a14c-446a42fdc1be,db918f90-29f9-4558-bde6-43d9d682f1ad,
faa2ddb2-bb1c-410a-931b-68e1cad9157f,74d495a5-8300-4a18-a14c-446a42fdc1be,dbaf5db5-bbaa-4795-8834-1b377edb8767,
a220ca07-8718-4f56-8f09-1a5045b945d4,74d495a5-8300-4a18-a14c-446a42fdc1be,e120db8d-27a6-49c8-bbe9-f89d01062213,
764b80d0-4839-48e3-b939-7485d865979f,74d495a5-8300-4a18-a14c-446a42fdc1be,e158e8f2-dbad-4f5c-a34f-8fc26f502e74,
20af92a5-cd1e-4b0b-b8ab-7337982d7a58,74d495a5-8300-4a18-a14c-446a42fdc1be,e4303d36-c75a-4369-9837-0ac9496e629f,
5f525fad-032a-4c0e-a498-c49bd7abd289,74d495a5-8300-4a18-a14c-446a42fdc1be,e4e4d9a4-d579-4af8-a011-205353fa0812,
2a0025e6-b2ce-41f1-8ed2-ce98f3849612,74d495a5-8300-4a18-a14c-446a42fdc1be,e4f51ac7-0a9d-4672-9240-101e3e934c66,
c75a0a18-bb95-43f9-a8ed-390f64c3d8f2,74d495a5-8300-4a18-a14c-446a42fdc1be,ea6fa8b5-a62e-4f00-b308-dddb6d57939e,
b1531a49-11fb-4665-94cb-214d56e0ced9,74d495a5-8300-4a18-a14c-446a42fdc1be,edb7be0f-3051-4f88-ac89-d8e7940138b0,
e31a87c5-4541-4611-9322-eb75ae55672b,74d495a5-8300-4a18-a14c-446a42fdc1be,f09e0179-a930-4650-bc64-001cd7564de0,
a4e8fca3-3116-4037-8db6-4bfcca2b4320,74d495a5-8300-4a18-a14c-446a42fdc1be,f0a69fa4-be37-4a98-b977-329592b286d7,
ebd92967-77b2-4625-bcc9-d1314a80af22,74d495a5-8300-4a18-a14c-446a42fdc1be,f339fbfe-64f7-42d3-b91b-28529c53572b,
98a30804-d470-4e98-abc4-a5dc911b9f8a,74d495a5-8300-4a18-a14c-446a42fdc1be,f3e0392f-6a17-4b3e-9da5-0b60b6c88192,
db87ef3b-630f-469d-b096-834559a3048f,74d495a5-8300-4a18-a14c-446a42fdc1be,f4440d16-941d-4e99-b230-30b757a2fcf6,
06ac16f2-b4a7-4b60-bc74-cf10ff5665b5,74d495a5-8300-4a18-a14c-446a42fdc1be,f4ea8499-c305-426a-82ac-73c8783ffc3e,
5ec83624-1e84-49ec-873d-12987e593410,74d495a5-8300-4a18-a14c-446a42fdc1be,f5289949-b58b-4cb7-bef0-9502b850629d,
6bbecd45-3b63-4795-a1a8-c186b1a26f7c,74d495a5-8300-4a18-a14c-446a42fdc1be,f69a26d2-a883-4e1e-85a2-c76dbf554bf6,
512f2104-d5c3-491c-8465-ac2822caad47,74d495a5-8300-4a18-a14c-446a42fdc1be,f93d32b0-a52e-4dd2-9862-0b5cb5f11c71,
b23e7a38-abb3-49e8-8338-3b6db669bec1,74d495a5-8300-4a18-a14c-446a42fdc1be,fdc49e50-7262-4404-b9bb-ba46d26a69e2,
219cbb52-79b0-4cd8-bf64-c6c74a94d676,74d495a5-8300-4a18-a14c-446a42fdc1be,fee12823-401f-4bbd-aea2-90b6308ef6db,
9a384e19-29d0-4af4-ae25-ac5fa6cc675b,74d495a5-8300-4a18-a14c-446a42fdc1be,ffc832ff-dccb-46cd-81c1-8ae79598f7c1,
9f522d32-4159-4290-8629-d0664561878f,761e36a8-2786-49bb-b7f1-f0edc232d212,01d5ba6c-a073-417a-9879-ba4e5506f3d2,
aa6e50de-22fd-4cdb-999c-11f3f7d89a2c,761e36a8-2786-49bb-b7f1-f0edc232d212,0a2943ba-75be-4d10-ba30-51a7b12dc6f6,
03bbbaf8-56e6-471e-8e38-c768f4d54de4,761e36a8-2786-49bb-b7f1-f0edc232d212,10b65cae-4fc3-45e5-8cd5-274475ea95ce,
15c0137f-ff51-4108-b036-fcb746864f62,761e36a8-2786-49bb-b7f1-f0edc232d212,192b3289-e856-49dc-89f1-fef75d5f305e,
0f3ab8c5-5c40-4af9-8965-399ec7454d29,761e36a8-2786-49bb-b7f1-f0edc232d212,1ac022b3-9f6a-4c92-806b-39515f2f9f78,
c7d95ac7-bc04-4505-b2b1-c7b9a28f2208,761e36a8-2786-49bb-b7f1-f0edc232d212,31ef1cc2-a7a6-4bb1-9593-addc25c3a5bf,
c553de92-9d48-45e5-9ec7-8a7c0c3ee33b,761e36a8-2786-49bb-b7f1-f0edc232d212,3eb5d79f-e999-490a-a507-c029c0277cd4,
8772bf83-384d-4f89-821e-86149bc36b99,761e36a8-2786-49bb-b7f1-f0edc232d212,66382bbe-cefc-4adb-bee4-73a52bdb07ff,
eb6fdd19-760e-4c00-95c9-e7f0b7398dcf,761e36a8-2786-49bb-b7f1-f0edc232d212,71eae084-75d5-4b90-83e3-326c2f25a439,
e6c9005d-a759-4698-8919-c5baa8b74b51,761e36a8-2786-49bb-b7f1-f0edc232d212,721b7d0c-3b60-41dc-8d85-786c91528675,
839b4d12-6e9d-47c8-80a3-640767d1d1ac,761e36a8-2786-49bb-b7f1-f0edc232d212,73250de5-0db9-4b55-bd9b-498c0c5141e3,
0aa4d43a-3414-4837-9ec0-f8793a7e28d6,761e36a8-2786-49bb-b7f1-f0edc232d212,7ae1d503-3967-4a8a-88e9-4bf39eb9be01,
51b381ca-2d35-4f00-8e91-63ff78c9d04f,761e36a8-2786-49bb-b7f1-f0edc232d212,7dd9e209-95e5-47f7-8935-79c9b22fd2ed,
b12c0960-4605-406c-96fa-ea4f23b2f109,761e36a8-2786-49bb-b7f1-f0edc232d212,7df80453-c64c-48c4-b077-792bd7936207,
013f2580-6d86-4b0d-997c-ce559c48b9ea,761e36a8-2786-49bb-b7f1-f0edc232d212,8659e767-8d77-4cf2-90fc-4ae2236ab05b,
2ff01387-4a3c-420f-9e1e-85ba7c026155,761e36a8-2786-49bb-b7f1-f0edc232d212,9b25aab9-180c-4f8e-9e6f-20bedd0a8c17,
09c3d79a-1363-4c61-9686-7d6b385b6896,761e36a8-2786-49bb-b7f1-f0edc232d212,a25c6fb3-db27-420a-90b8-98329fa31788,
c6d76f5f-38d9-4540-b1d0-02520f71c1ad,761e36a8-2786-49bb-b7f1-f0edc232d212,a7cd18aa-299d-437f-b50d-040959d82421,
4ed98144-1c03-4eb4-bcdd-c6a028f6bb98,761e36a8-2786-49bb-b7f1-f0edc232d212,c9b27458-ab7f-463c-a67e-d9e03e2d7543,
9061d3bf-a3c2-4904-a31c-45e2635c70fb,761e36a8-2786-49bb-b7f1-f0edc232d212,cc89f920-4cd8-4036-9818-58920878af03,
1f481800-93d8-4153-9292-0ddd08d4fd5c,761e36a8-2786-49bb-b7f1-f0edc232d212,dc54b597-ccc6-415e-8d74-f80fa2f3e807,
1e344a0a-3bbb-4769-ac20-93b93776d639,761e36a8-2786-49bb-b7f1-f0edc232d212,f5db5c6e-564e-4998-9dd7-acdae19d815f,
402195b5-61cb-4aa4-b190-d533c891b250,761e36a8-2786-49bb-b7f1-f0edc232d212,f8043b8e-4025-498f-8cf0-f6fde30bbe38,
4b3bbbc6-4532-4af5-833e-27c8db48b482,761e36a8-2786-49bb-b7f1-f0edc232d212,f99261fc-eaaa-4e86-837f-6cbdcc1ff8a5,
826c035f-08b2-4507-93f9-9164fb97f2fd,762b94c2-4e5a-4b13-a2c8-c3e46876a592,061a68d7-b72e-4a6c-8135-1921ae35f27a,
817ae5a3-1e5e-435a-bd5c-69e60b2246b5,762b94c2-4e5a-4b13-a2c8-c3e46876a592,0bf259a3-eb2d-464c-beba-5f5a8983996a,
1b03982a-8813-4a51-a5a4-d1be5c54e4ce,762b94c2-4e5a-4b13-a2c8-c3e46876a592,0d8abf18-355a-4bad-ab4f-6f0c166cd305,
fc8d83e8-b108-42fb-a2b2-486bdcb2e500,762b94c2-4e5a-4b13-a2c8-c3e46876a592,1164863d-b4f4-4436-a334-c737c626c524,
37b33e29-549a-47b6-b864-209b1bc6dd8b,762b94c2-4e5a-4b13-a2c8-c3e46876a592,1221d79a-9321-476a-86e0-75212140818e,
d284182e-a43a-4bac-8dee-7813f410655e,762b94c2-4e5a-4b13-a2c8-c3e46876a592,193dc896-b7cb-44bc-ab6e-e33c5c452848,
8f9dc21e-f4cb-4a30-ab8c-0b7ed730e32d,762b94c2-4e5a-4b13-a2c8-c3e46876a592,1a0ea492-d6cc-4ed9-a629-08cc11e50664,
8dc9f092-689d-43b3-8055-048b433a43f8,762b94c2-4e5a-4b13-a2c8-c3e46876a592,1d0fa1a9-cb57-4484-9f78-7b843ed23daf,
ae2dfb27-64c7-4f80-953c-a33d270b907b,762b94c2-4e5a-4b13-a2c8-c3e46876a592,1ed27dc6-8ed2-4734-82a6-99cb1fbf89ff,
e9a3b66b-a9f1-4cd4-a68b-724afa622cfc,762b94c2-4e5a-4b13-a2c8-c3e46876a592,21fb656c-710f-49b0-abed-107b7df0ad3e,
4059dce5-fc7e-4386-81da-0c28ebe30f98,762b94c2-4e5a-4b13-a2c8-c3e46876a592,24199979-cdde-492f-976e-eed7ab8fc40b,
6da86e90-dd7e-449c-9055-c20cb1bfaaa3,762b94c2-4e5a-4b13-a2c8-c3e46876a592,25614a07-6bc5-4b5b-8818-a70317f24ad7,
b1ae6838-9314-4cfb-9b97-019da3792a3a,762b94c2-4e5a-4b13-a2c8-c3e46876a592,2ab5122b-4699-4fb6-adfb-782296b03c3a,
849b041f-ccb2-49ab-825a-9037e32d2932,762b94c2-4e5a-4b13-a2c8-c3e46876a592,338ab4db-506f-4b67-a7dd-e89f85b4bd09,
f8723398-40d0-4c8a-92d5-99ddda41694a,762b94c2-4e5a-4b13-a2c8-c3e46876a592,36505914-ffa5-4d5d-9616-9b15aee7e29f,
6bac753e-863b-47bf-9046-682622d820d9,762b94c2-4e5a-4b13-a2c8-c3e46876a592,41cb5782-ade2-42e1-8b47-43cc66c6e1aa,
eaa215b9-8962-41e8-9c43-801cad5b5160,762b94c2-4e5a-4b13-a2c8-c3e46876a592,450ec105-b647-44ee-b7bd-14814df49e87,
10cc2d19-a029-4145-ae34-7f97dc0c3b15,762b94c2-4e5a-4b13-a2c8-c3e46876a592,4817c01d-781a-4419-bf67-3eb3daf73fab,
217a8f43-974a-458e-beef-c5a13a44eb21,762b94c2-4e5a-4b13-a2c8-c3e46876a592,4b43b465-25f0-4e32-bd0f-6dac595b350e,
a3588281-84a1-4323-aa27-511ae9028ac5,762b94c2-4e5a-4b13-a2c8-c3e46876a592,4dfeb6a3-3f45-4781-85d4-30deb2dde70f,
8abc98a7-ae64-47e7-8435-6343f737fe3a,762b94c2-4e5a-4b13-a2c8-c3e46876a592,4e1129a8-7d3a-4759-9f97-b678be0ae4b2,
3e5ae2be-30e6-4767-84b4-e2a1fec0da88,762b94c2-4e5a-4b13-a2c8-c3e46876a592,4e15e57a-9ed0-402f-9dc0-27f944dd945a,
fda0439a-bdc5-4815-bd47-6621745d4dd2,762b94c2-4e5a-4b13-a2c8-c3e46876a592,4ec990bb-0d8f-495a-a972-b22dd30f4e94,
2b98da92-4b2c-4260-a072-8bf9cd51f314,762b94c2-4e5a-4b13-a2c8-c3e46876a592,52682e57-9357-4bdd-8c9d-080ef5435d31,
77d41138-d806-4bf9-bf42-84c3da91b774,762b94c2-4e5a-4b13-a2c8-c3e46876a592,5b6e43f0-5caf-4633-bcb0-98ab34973f31,
dc729554-6bc7-4df3-b80d-78b479594251,762b94c2-4e5a-4b13-a2c8-c3e46876a592,60c4d5ae-ff41-4e16-a16f-a61e966d8bcf,
80f2b748-18dc-400a-a8b0-01af0c210478,762b94c2-4e5a-4b13-a2c8-c3e46876a592,633332d2-3652-4436-adc6-2874b02ee4e5,
bedbaaca-15fd-43cf-b4a4-0a6be6d7351f,762b94c2-4e5a-4b13-a2c8-c3e46876a592,69c31f7e-83ae-4d96-9cf6-d7fc24619935,
e7c1b1a9-4fec-41a4-ac46-4c9297c25999,762b94c2-4e5a-4b13-a2c8-c3e46876a592,78167604-c057-4c85-b248-c433b7ba8ad6,
2057382d-c866-46f8-8ccb-e30816f23ce5,762b94c2-4e5a-4b13-a2c8-c3e46876a592,7a2ab226-b66f-4989-9fff-5a1308b79693,
3d9bf7f1-b634-4ba5-b77a-fb027db69d67,762b94c2-4e5a-4b13-a2c8-c3e46876a592,7d926b56-d715-413c-9001-2b36419cb2ff,
1d5e87e1-0317-47de-ab83-9b6dd81e6c05,762b94c2-4e5a-4b13-a2c8-c3e46876a592,7e00cc83-d25b-4699-a5d5-b1dc593bc37d,
916bd74a-f29b-4b18-9637-f6825b03f15c,762b94c2-4e5a-4b13-a2c8-c3e46876a592,7f09a22a-fae2-4018-939e-ca6c0e116e0e,
837de4a2-33d7-4c71-98a4-7f3924c5ac6a,762b94c2-4e5a-4b13-a2c8-c3e46876a592,8ee05ac9-6d49-4aa7-ba32-14428b310954,
70c775d3-770b-4e3f-9e8f-37a6a1651970,762b94c2-4e5a-4b13-a2c8-c3e46876a592,9630b9cc-3882-42a2-b515-30bf47adad31,
ee05a97c-aff4-4702-b21c-27428f77f5cb,762b94c2-4e5a-4b13-a2c8-c3e46876a592,99bfb208-a57f-448a-ac6a-77be22db0d2f,
1349433f-7bdd-4605-ae65-0dbbe153d629,762b94c2-4e5a-4b13-a2c8-c3e46876a592,99df9a2d-d975-42d4-9ea3-e8956771e13f,
40f23fe5-3a0f-4407-94f2-89ccf61bdca8,762b94c2-4e5a-4b13-a2c8-c3e46876a592,a1859747-3689-413c-94e6-24678140319c,
f75fdcc9-bc57-425a-b880-124301aa4bde,762b94c2-4e5a-4b13-a2c8-c3e46876a592,a5f32ce7-44b7-46c5-bfdc-b75f6b27b2a4,
b907cb09-7243-46a5-bb1e-34628b9f87e0,762b94c2-4e5a-4b13-a2c8-c3e46876a592,aa767ce6-58ad-44f7-ad12-590b9ac2f744,
0c7d2ef5-e958-4b75-adee-39bf2cbad912,762b94c2-4e5a-4b13-a2c8-c3e46876a592,afda0650-fcfc-4543-a444-c43c11061163,
76f0eabc-36ff-4c64-9528-5540bf268573,762b94c2-4e5a-4b13-a2c8-c3e46876a592,bc1956dc-033c-4229-b364-0a63f8d76df2,
3b838a33-db98-4d25-8c4e-6732f73cbc6b,762b94c2-4e5a-4b13-a2c8-c3e46876a592,c1e1a871-b42e-4b8f-b823-464dfd173cda,
492d32ab-17a7-41a6-91ed-6f199550e1d3,762b94c2-4e5a-4b13-a2c8-c3e46876a592,c49cc08a-6833-4243-8258-eb1779934772,
da20733d-5422-4e50-9085-b0cabd33b347,762b94c2-4e5a-4b13-a2c8-c3e46876a592,c7c71f31-5c73-4525-84fa-fb272a3093f1,
f7dc2ea0-112c-47e9-abf9-d8fe715447dc,762b94c2-4e5a-4b13-a2c8-c3e46876a592,ce64638b-b032-404e-94e1-e55714a8b47e,
8c934f2e-0d9a-40fd-a2a5-cc9a95dbc28a,762b94c2-4e5a-4b13-a2c8-c3e46876a592,d137ce64-8ed9-4ca4-87cc-2c09a920d6c4,
407cc3ac-3996-4fdf-8a51-bf5ac28994dc,762b94c2-4e5a-4b13-a2c8-c3e46876a592,d4e1b0ed-11c3-41d3-a36b-efb073833262,
a7fe97f5-7c6d-4ec0-964d-a43625a0705d,762b94c2-4e5a-4b13-a2c8-c3e46876a592,dd2130f9-b02d-4709-bace-6c6e894c554a,
590b37c5-0410-4855-b3fe-bd3ab38d26f8,762b94c2-4e5a-4b13-a2c8-c3e46876a592,dd5224cc-90c6-4ddd-b54f-eeec29cb8990,
c490a492-6ee4-4076-89ba-7b5a8b881c6b,762b94c2-4e5a-4b13-a2c8-c3e46876a592,e502125a-19aa-43ce-a39c-9469b019982b,
f052b05f-2d34-404e-80d6-2d2b3ae3d6c9,762b94c2-4e5a-4b13-a2c8-c3e46876a592,e7b71f8f-5b64-444e-9a9d-86a67aeb11be,
08c8ab4a-3ed5-4f29-a354-bf3e4e6a3276,762b94c2-4e5a-4b13-a2c8-c3e46876a592,ee7cafdf-a068-47b5-a1f9-100b381898db,
34433623-7b1e-4b89-b95b-7aabf3eb076e,762b94c2-4e5a-4b13-a2c8-c3e46876a592,ef947a5e-051b-4f9e-85dd-f8e100631480,
7a4d089b-f70f-4c82-9a80-6b2b95ecf50f,762b94c2-4e5a-4b13-a2c8-c3e46876a592,f1528495-b02a-4e9b-955d-7911595f0cb7,
d075bab1-a288-4e8e-b684-cd21417de9d0,762b94c2-4e5a-4b13-a2c8-c3e46876a592,f508634b-099c-4e30-8ab8-00dd13eab821,
ee025308-6763-4fff-8553-b2c116201ec7,762b94c2-4e5a-4b13-a2c8-c3e46876a592,f52117af-a77c-4cc4-83bb-1b07f9c68786,
a255a204-bf2d-49a8-9f13-5af192fb5522,762b94c2-4e5a-4b13-a2c8-c3e46876a592,f7727ebc-7a7d-429b-a11a-16b802c194ee,
afc48ce9-74f8-46f2-beea-8e5276018a11,7651f53a-e0cb-4dbe-b4fd-92731dd414c0,1d7a5236-2b80-493c-82a3-c289963b7524,
64c9cf65-7d32-4af7-b880-5328b86d6829,7651f53a-e0cb-4dbe-b4fd-92731dd414c0,29df8c2d-5a25-4af3-899d-6c858981c535,
0fda87e4-9261-4217-84e4-981aec69a1dc,7651f53a-e0cb-4dbe-b4fd-92731dd414c0,70d194ee-e2e3-4045-93f7-7f2dd13eca84,
30ac8a66-b16b-45c4-b0e2-bda80912bf33,7651f53a-e0cb-4dbe-b4fd-92731dd414c0,99433a4a-67a5-4ed0-9cde-68de476113b3,
4c37aea1-4d13-480a-945d-b5bc2356c902,7651f53a-e0cb-4dbe-b4fd-92731dd414c0,a15c5acf-26fa-4f01-aa60-0a953e059156,
14aab0a4-d083-4b92-925f-83ab38727203,7651f53a-e0cb-4dbe-b4fd-92731dd414c0,b15af839-6691-4795-a674-bd42d05991f2,
22df14f6-d570-4af5-88b8-a17ddc2d0904,7651f53a-e0cb-4dbe-b4fd-92731dd414c0,c53c93aa-fbd0-448f-ba2c-58f8487e8387,
a4fb3ac8-9069-4f38-8d90-29aed7f4231b,7a6447b6-022c-4d38-b3eb-179edf0b54d4,,d93a0bc3-34fd-4512-944e-b0edfb82f2a6
c3eeefb7-4945-43ca-b35f-a5b672024218,7d479f68-24f6-4668-b192-057a88a59c47,0766a5b7-74ac-48d6-9e97-a356a42a7fa7,
8d7686c7-e7a9-4bf2-abf9-5ab4fc7de283,7d479f68-24f6-4668-b192-057a88a59c47,0a424f42-1224-41c8-9761-6cde2a58651d,
a1ae26b1-fa50-4a29-a88b-5295f32615e6,7d479f68-24f6-4668-b192-057a88a59c47,16aca6ab-7343-420c-9721-fc23664c2495,
66100907-a7c7-4735-91a5-31141a872b67,7d479f68-24f6-4668-b192-057a88a59c47,1df9bdc0-bd98-4f24-b8fc-6c3f49a041e0,
ed75957a-065f-46bc-82d9-85231408a2e0,7d479f68-24f6-4668-b192-057a88a59c47,1ec3cd5f-4709-4685-a4b2-bf00507dd4b2,
21a730f1-6eed-4794-96a4-166b6a45b5a0,7d479f68-24f6-4668-b192-057a88a59c47,20858349-eaab-4f83-b69e-6c8c8af47e2b,
addfbcef-9432-46b9-8902-87d1d5d80925,7d479f68-24f6-4668-b192-057a88a59c47,234ba523-b641-4224-a4e9-9357502e7883,
776780e6-c2a7-4318-8c4a-d945acd140ce,7d479f68-24f6-4668-b192-057a88a59c47,2dfe2c26-d2b2-43c5-bae2-6982f2f42862,
29797c49-8495-4ebf-808b-ac3bb41d11f4,7d479f68-24f6-4668-b192-057a88a59c47,2eafbd77-f4ef-41b9-988f-8127ecd96bc0,
70eae282-e2c9-46e9-afbe-aa8e6754758b,7d479f68-24f6-4668-b192-057a88a59c47,30624239-57e9-464f-be7c-d3c57f0e02ad,
035ad97c-4db3-42cf-9bab-4ba3b50f7d1d,7d479f68-24f6-4668-b192-057a88a59c47,429d40bd-3947-423d-b66d-5225b6f289f4,
af2bf550-9d1f-474e-a197-feb081cfee95,7d479f68-24f6-4668-b192-057a88a59c47,5216261e-4769-431e-b7d0-98c64bb5f5c2,
d1cbbfb0-5f6e-4927-91e8-f54aab41eda6,7d479f68-24f6-4668-b192-057a88a59c47,558abb70-fb31-4d82-863e-b7f13998fdf8,
7440cad5-43dc-48f5-85aa-3406908e0ed1,7d479f68-24f6-4668-b192-057a88a59c47,5ab79fad-cace-4df1-8606-c56b227678f3,
fe88908a-abb1-4d01-8bba-6db97a61ebd0,7d479f68-24f6-4668-b192-057a88a59c47,63c7f1ed-294d-4d97-8c16-05abbbedcdcb,
3b185853-ca68-4cfc-93fc-d055c8fd8ce2,7d479f68-24f6-4668-b192-057a88a59c47,6681e30e-85f8-430a-9559-8e70c7183eac,
6cdea987-825e-4bb2-84ac-2ade30e02e00,7d479f68-24f6-4668-b192-057a88a59c47,67f09ed1-062c-4508-92ad-b486a33062e7,
b6a41a35-7fdf-466a-a944-8b8cd5b19d11,7d479f68-24f6-4668-b192-057a88a59c47,6c013c26-356f-4ee1-adb7-dc785cf79517,
798d5876-831d-4779-b7af-0cfc522063aa,7d479f68-24f6-4668-b192-057a88a59c47,7e12712d-04d5-4ac3-a1fd-3968890a6a59,
02fb4467-f10a-4b73-b14b-692b11905a29,7d479f68-24f6-4668-b192-057a88a59c47,8107efea-519f-40fe-a526-98d5c7dbab71,
cfb2a996-b029-4170-a696-5c6e80f80a57,7d479f68-24f6-4668-b192-057a88a59c47,840c3947-8567-4a4b-916e-051219bc0d48,
3656c194-8fac-45c6-851c-bc09445a26cd,7d479f68-24f6-4668-b192-057a88a59c47,88b2fb8d-584a-4ce8-a167-c4dd6dae8f84,
133396c9-822a-4295-8890-4c3c004f1b80,7d479f68-24f6-4668-b192-057a88a59c47,89d4ce84-d7cc-4deb-adcc-11b0bd66d328,
dbc61ddd-6973-4429-86bc-06e604f23f9a,7d479f68-24f6-4668-b192-057a88a59c47,a3b9de1e-caf1-44a1-ab4b-558cc15b5c7c,
8a6def5e-7dad-49c2-bef4-6e83de0194b6,7d479f68-24f6-4668-b192-057a88a59c47,b45e919f-82bb-4bcb-b056-33236f4970f9,
16d121a6-b0ca-4c60-b3ca-f2d577ce8151,7d479f68-24f6-4668-b192-057a88a59c47,baf3f672-b360-4dc8-a28b-8c9766d3f3d8,
e8c4345f-78de-4948-b6c7-3f73a69be52a,7d479f68-24f6-4668-b192-057a88a59c47,c0ea1209-91e6-4002-93a4-3f37e64587cf,
c1122d1a-b4e8-41ab-91ae-611453eff534,7d479f68-24f6-4668-b192-057a88a59c47,c5637218-4d47-4b1b-99f9-7e567b44063b,
a1588533-0021-44f0-bc0e-a7db64848238,7d479f68-24f6-4668-b192-057a88a59c47,c7f8a375-b414-46f1-93cc-4f597e8fb4d0,
b08f099f-00a5-4232-bc76-2a06870ffbee,7d479f68-24f6-4668-b192-057a88a59c47,ea196247-f00b-4cb3-8d24-77f0ca691a48,
02305a88-2ce2-4c36-a020-51a9c665977c,7d479f68-24f6-4668-b192-057a88a59c47,eb6acf08-0747-4700-963a-18ae660d5bbc,
e2ca1870-0727-4e58-8423-4e92254dd2e6,7d479f68-24f6-4668-b192-057a88a59c47,edd4eaaa-de65-4dae-9060-dae5c2f2379b,
10eaaa99-d33d-4828-aa9e-ec37166d99f3,7d479f68-24f6-4668-b192-057a88a59c47,f562de0b-a5e3-4e33-b856-f4a44a6abe05,
6169802e-fdc5-440e-9aa1-31f32c93b6fb,7d479f68-24f6-4668-b192-057a88a59c47,f79bcc14-e36d-47ac-8c37-31e74674572d,
d15824ca-f904-41c3-b712-bde8db929f6c,7d479f68-24f6-4668-b192-057a88a59c47,ff4e44f5-62b3-4d56-97a2-6443f97bf9a5,
7311df5b-fefb-4d42-88c4-c7358b0b81f4,8243d1c9-bd08-432a-ab39-83f5c9a55f9d,051fceb1-22f0-4b19-be18-71d36a5640f9,
3dd8acd3-172c-474d-b71e-24b21d56ef84,8243d1c9-bd08-432a-ab39-83f5c9a55f9d,0b07ad75-6e37-43df-9a30-54956aa3ac0e,
81bcd3c0-1755-4bee-adfb-9affcf550105,8243d1c9-bd08-432a-ab39-83f5c9a55f9d,0fd9b523-5700-4422-88e2-702b8456129c,
2744a2b2-4b1a-4e44-b6ae-b4797d71d21d,8243d1c9-bd08-432a-ab39-83f5c9a55f9d,1156095d-1527-41a2-a1a5-d4dec8e72b24,
4629afb1-d5ad-4747-bae3-a4329591fbf4,8243d1c9-bd08-432a-ab39-83f5c9a55f9d,249f1d4e-14df-4d47-8943-90c6cb864c89,
611b826c-fb35-4ba1-aec1-12b5ffc86403,8243d1c9-bd08-432a-ab39-83f5c9a55f9d,48d315a4-0d18-4d7b-8dc8-dbc3cb6a7071,
dbaedca6-dca7-41b9-b3ab-874c26f40c1a,8243d1c9-bd08-432a-ab39-83f5c9a55f9d,4df58364-fb09-409f-83e9-cded2ad5bc55,
7270a7ef-cd05-434a-bef3-aa3d7bc0273d,8243d1c9-bd08-432a-ab39-83f5c9a55f9d,5a3c152d-5a49-4b91-8d3c-f95289fb91ee,
8ccbdc0c-c784-48ee-b336-9fa076649f7a,8243d1c9-bd08-432a-ab39-83f5c9a55f9d,5fd11a41-b2a2-4fc1-bae1-2d85092f661b,
579abcc8-4723-4e51-9a8c-dd2bab91a44e,8243d1c9-bd08-432a-ab39-83f5c9a55f9d,62105b64-5b7f-4da4-beda-c1733783ebf6,
110ff11d-48a4-4ce5-8ba5-03c6d95b65e4,8243d1c9-bd08-432a-ab39-83f5c9a55f9d,816032aa-0098-4099-8e7b-e9d3292e9a5c,
0d97f964-a8de-47c6-b700-3827a761a258,8243d1c9-bd08-432a-ab39-83f5c9a55f9d,8b4527c6-52af-4267-98d2-b612a60aa97f,
923a2e2e-ca91-43af-888b-9668e6e59766,8243d1c9-bd08-432a-ab39-83f5c9a55f9d,8e4a85cb-ccec-47ac-b6f9-323ff25b960d,
4d073d08-95c5-479f-ab44-a4b6975c374d,8243d1c9-bd08-432a-ab39-83f5c9a55f9d,97ef04cb-5fd9-4841-b2fc-1f4fbdcbbfbf,
2211518e-f778-43d8-b2b2-f444d3d2bf49,8243d1c9-bd08-432a-ab39-83f5c9a55f9d,a0b4d455-5d80-4d03-853c-3b760eefa69a,
4a20bc1f-8506-4ac3-b4e4-158d7c2879e8,8243d1c9-bd08-432a-ab39-83f5c9a55f9d,a9590f7c-c3d8-4d21-877a-8474194715f4,
1a232ae7-9bee-42cd-90fc-63cc7c3c142f,8243d1c9-bd08-432a-ab39-83f5c9a55f9d,bbcebaf3-72f8-4255-86e4-0d17ac436cbf,
d987c3b6-ca70-4099-9b30-2f7c9a6e9a5f,8243d1c9-bd08-432a-ab39-83f5c9a55f9d,e3eb1994-9d44-482b-acf7-cbf3a4f3d98c,
d2acb879-59ab-43ce-846d-51321e4b1331,831c8161-9506-47f1-843a-411b3256b43b,04aeb399-de38-45c8-b372-ec5f2871b83e,
882c38d3-6284-4648-8b17-b2d5c89b0b18,831c8161-9506-47f1-843a-411b3256b43b,08457eff-2c79-4d43-90db-9fe651d33752,
ca001c62-4bef-4fb8-a375-cb6766194c50,831c8161-9506-47f1-843a-411b3256b43b,089f8a23-4e6b-4503-8372-5ce686d38472,
96724928-7b84-45b6-a13e-42664b51a2fc,831c8161-9506-47f1-843a-411b3256b43b,11f003f5-f457-45cd-92a3-910493abb78d,
9fa14b26-2b2e-4f61-99d0-729629be6513,831c8161-9506-47f1-843a-411b3256b43b,12983a10-f8fe-4ca8-a2b5-6fafe0f7dd49,
139005e9-2568-4e94-bbd2-439a380f12fe,831c8161-9506-47f1-843a-411b3256b43b,19580913-a860-45ad-9a21-5a57215c8033,
b6905455-0770-4b51-bc17-6640861a9afa,831c8161-9506-47f1-843a-411b3256b43b,1b13e99d-ebe1-4472-a4b7-315bcad6c90f,
6e966573-4bb9-4c0d-83df-86b8b96e5986,831c8161-9506-47f1-843a-411b3256b43b,21a02643-ca5b-4d1d-b7c3-ba164a9952b9,
39fb80f9-f084-4341-931f-f86dc7b2724b,831c8161-9506-47f1-843a-411b3256b43b,22419729-d977-49f7-8b3c-51b90587c957,
d5e2d22a-cb43-4f60-b943-52e26fdd8e85,831c8161-9506-47f1-843a-411b3256b43b,24514a0f-0efb-4470-907a-0bd030c1a0c3,
d0aed8f8-80de-4c3a-9634-04feb42d0a73,831c8161-9506-47f1-843a-411b3256b43b,266c165b-58ec-4b93-a4f6-b6e674257209,
dbf7c9dc-3406-4f09-a770-8749933a334e,831c8161-9506-47f1-843a-411b3256b43b,2cf659c7-4532-44cc-a2e7-4393a30e4477,
b9ede976-701c-4d99-8584-43ffa6aa1505,831c8161-9506-47f1-843a-411b3256b43b,2dc187d6-cb7b-488b-8e1b-2ea86ec5b5f8,
80fb1358-63a0-4a4a-8db8-437f28ff9d61,831c8161-9506-47f1-843a-411b3256b43b,2fb0507b-f603-4690-8246-4fed057f5990,
3984f9b9-545d-40e2-8f9f-f66486a1a879,831c8161-9506-47f1-843a-411b3256b43b,309350e5-7e65-4577-80f3-cee173116602,
4bec6412-58fb-42d4-b4bf-dd2c9ff0ae93,831c8161-9506-47f1-843a-411b3256b43b,329e58d5-add5-4ef2-8acc-c27db2d8d1f0,
d2c1a882-e689-4333-b0ce-9e6bcfd09d1d,831c8161-9506-47f1-843a-411b3256b43b,36479dde-76c6-4306-9db2-29ccaaa84e66,
f2943c6d-d026-413d-9d19-7ec6b03cc40c,831c8161-9506-47f1-843a-411b3256b43b,38755c2c-2f66-4e21-b17a-7634e3517fd4,
eeec27d8-a220-4475-a012-a083aae80e7c,831c8161-9506-47f1-843a-411b3256b43b,3b91533a-8a1a-445b-b1df-d842f123d5a0,
c4d151c1-24dc-4f50-92b6-632b8ee626cf,831c8161-9506-47f1-843a-411b3256b43b,3ff6f25c-d80d-401b-baca-92e835fb077f,
9251abb7-20f3-4285-929b-1d27e96adfe0,831c8161-9506-47f1-843a-411b3256b43b,403ee5c2-93dd-4067-853f-3e51d02184fc,
d44bf00c-e4cd-406e-ac10-f841210bb055,831c8161-9506-47f1-843a-411b3256b43b,40dc2563-7608-4b5f-8dcf-ea94c3242044,
089f5bc7-ec23-4a80-b2c2-95693a8e7712,831c8161-9506-47f1-843a-411b3256b43b,40f382e3-6450-4a79-be2e-61a3c77fa461,
0a112c10-250b-4595-b805-1ca2ca6417b1,831c8161-9506-47f1-843a-411b3256b43b,46b3dd87-5172-4637-abb4-5b6737f8ba43,
9ffd1f13-25fe-47d7-a77b-7beb507aec8d,831c8161-9506-47f1-843a-411b3256b43b,55b9eba5-44a9-4a81-b4a5-f087adc24a21,
dbac9fd2-97eb-45ca-8b64-7fb25c928180,831c8161-9506-47f1-843a-411b3256b43b,59794b54-b11c-485d-a847-5ca623ae5477,
31d558ca-f00e-489b-8adb-14aac4e18f0e,831c8161-9506-47f1-843a-411b3256b43b,5c27a1fa-55b6-4855-bb6f-44d4a45e50ea,
935fe086-66a6-4c3c-9d45-91b6a1d08e3c,831c8161-9506-47f1-843a-411b3256b43b,5d13c53f-bce2-4d3e-b4ed-ccb4052ab823,
13add2ec-97de-4a9d-9a9e-7a7794c8fb16,831c8161-9506-47f1-843a-411b3256b43b,6cca62c5-9807-4e43-900d-600e3d07d90d,
b2f82d05-eeb3-40a5-8c3e-09a73740a20c,831c8161-9506-47f1-843a-411b3256b43b,70b58d1e-acf4-4985-b898-e8dd1078f675,
5ef6bd8f-ad55-48cb-aacb-dc331c179b21,831c8161-9506-47f1-843a-411b3256b43b,728f4e8d-10bd-4838-bcea-2d305aebfd47,
81306928-a52d-465d-96e1-b22caa4e6767,831c8161-9506-47f1-843a-411b3256b43b,73f86451-57c8-4fb1-9b97-d1ae6810cc48,
35328afd-c271-4b6b-9107-1b20dfece505,831c8161-9506-47f1-843a-411b3256b43b,784fe6f0-26ff-4da7-ac0d-613eb8d0cb1d,
ffed2b7a-0f1e-47bc-b093-462b6f0e0e06,831c8161-9506-47f1-843a-411b3256b43b,7e5ff5c6-4abe-4289-b9b4-93327ea34ed4,
d74c7ba5-ae08-4d0d-bcac-3463f6e5c526,831c8161-9506-47f1-843a-411b3256b43b,8be76298-15e0-4288-bfdc-5f462e9c34ea,
5bdb1bc6-0b17-46f8-8ebd-895ec6ed03e1,831c8161-9506-47f1-843a-411b3256b43b,8c949e90-637c-4bcf-b193-a36ebae07885,
afe82321-ebe0-4993-a046-85f9b65bb74c,831c8161-9506-47f1-843a-411b3256b43b,927fb645-9a02-45fa-b805-cc212acc200a,
08b592cd-3f33-4d07-ae17-2869025248c0,831c8161-9506-47f1-843a-411b3256b43b,92efdbe3-1061-4fcc-b6a6-6e1185aadd25,
fe98a21d-dddc-4c0d-adfc-ece9ef772f7e,831c8161-9506-47f1-843a-411b3256b43b,96248216-e2fa-4d36-a2e2-526636d7b618,
08428ba8-d86d-4625-a396-a2bb181d76af,831c8161-9506-47f1-843a-411b3256b43b,9908667f-6a0a-4274-abab-6145f8a443b6,
293d690c-7f54-4a6f-94b2-3c160fab2286,831c8161-9506-47f1-843a-411b3256b43b,ab7e43b7-298a-4d35-a544-0bd583e20dbe,
83f73a06-8896-4af1-82bc-26ed125ef8d8,831c8161-9506-47f1-843a-411b3256b43b,b4c7bc85-b8d9-43a8-b093-fa80e6d4c8a6,
1df8eb4c-b0a2-4897-a417-f818011b2db6,831c8161-9506-47f1-843a-411b3256b43b,b4cb5144-87d3-46d9-b3c2-3cc19deb00af,
673822fa-ba41-436a-90aa-22c2c7d1df53,831c8161-9506-47f1-843a-411b3256b43b,b683b8b8-494f-47c6-9c2f-817821a7460d,
57e7b4a6-8cf1-4db8-9da4-8c07884b3662,831c8161-9506-47f1-843a-411b3256b43b,bfb8508f-1bd1-44ef-991e-27f00e29a61c,
78b3c85f-8847-4ea9-ac0a-f7770e663909,831c8161-9506-47f1-843a-411b3256b43b,c51c04c0-0f7e-4c2a-8c0a-451fbf446e28,
dc75d41a-70a6-4a96-8e84-a3ca3bc764d5,831c8161-9506-47f1-843a-411b3256b43b,c53b745d-24f6-4844-937a-ec6c38f2ed13,
9262b5aa-b5cb-434c-a7a9-08cddbf87891,831c8161-9506-47f1-843a-411b3256b43b,c69df646-942e-4b72-bee8-4d8c7625e6e3,
dc4cfc72-4978-47ff-a036-789bea9bb80e,831c8161-9506-47f1-843a-411b3256b43b,c7fc2695-2f1b-4cf5-803d-e8a41be75844,
88f819e7-9884-477a-9f9d-abe8aa0eabcd,831c8161-9506-47f1-843a-411b3256b43b,cad6a161-8454-422f-bbb8-6f73870a3fa3,
c1220ab4-00ac-4605-be8e-71a3ba543656,831c8161-9506-47f1-843a-411b3256b43b,cbb40c77-87b7-403c-86ec-ef785168afa2,
392bfdd5-9bc3-4a44-9073-6d4b6e3ec0c2,831c8161-9506-47f1-843a-411b3256b43b,cec6a359-3ae3-455e-aab5-3c4e4c3c6675,
e72e1c0a-7d04-4660-948d-40e482f845b4,831c8161-9506-47f1-843a-411b3256b43b,d4a6eed9-3473-46dc-90c9-19b4d78d4481,
9a0f0041-194e-4de8-8dca-5f780afd709e,831c8161-9506-47f1-843a-411b3256b43b,d627616c-d9c7-4208-9632-0c2ccb719f39,
2ff74d5c-e020-4587-8dcd-b53b54593e64,831c8161-9506-47f1-843a-411b3256b43b,e07c12fd-7a48-46e3-9e09-c15830f419f4,
3b92b71c-40cd-4f0a-ac9b-84cfec526181,831c8161-9506-47f1-843a-411b3256b43b,ec53bc5c-cee9-4438-8fc0-36899848e8e7,
fec4c821-c653-4cd1-9260-f3914517eece,831c8161-9506-47f1-843a-411b3256b43b,ece0d1cc-2554-41d3-989b-efdbe90ca2ec,
227d23d0-3e73-4bf3-8bfd-0af95fa25782,831c8161-9506-47f1-843a-411b3256b43b,f3292d72-ca02-4f87-81be-6a6636101597,
ed26dd65-e3a7-42b2-ae5b-e0f973e90004,831c8161-9506-47f1-843a-411b3256b43b,f40a034a-15e2-48e7-9783-3db58e397a6f,
eee3df4f-b656-4077-a641-827b80103bd9,87f0ae87-d429-41f3-a220-7206c74383ba,9736970b-b6ce-4e5d-baf7-018fa52d0e6f,
86f289e5-0a2e-4266-b59e-be5ab5e57e5c,884c8180-787e-46d7-a9bb-66d24d67d465,2dc2039c-bf50-42b7-a29b-acb81ab5d5d2,
2108daa4-48fb-4c54-88a5-6ab0c3c5e16b,884c8180-787e-46d7-a9bb-66d24d67d465,2f3cb6c6-cbb2-44af-906d-f1a4e64d7265,
fb2f6b04-b33c-4daa-8df5-777509981086,884c8180-787e-46d7-a9bb-66d24d67d465,78cb20a9-cc92-40c4-8670-a509e93a74b4,
12a337fd-4b2c-4080-b5c9-c2d2d751eb97,886d27ac-d55b-4cac-b552-ec71c4f97ff5,ab9d0d34-c13f-47e8-b33a-b5be3b2cae71,
2f8c69e3-6a24-46ef-9b88-41f8bbdd6f0f,8d3e68e6-8d78-468d-8b12-d96771aee688,a463a16c-ab0a-43da-8b5d-c3a8732e06c4,
3a7258b9-1c57-467b-bdaf-b2003bed121a,8d3e68e6-8d78-468d-8b12-d96771aee688,e31dfb9d-9545-43d5-a745-7daa43010e8c,
392b0d2c-9a5a-406a-a118-4e26de12a25a,8d3e68e6-8d78-468d-8b12-d96771aee688,f2a5282f-86c6-489b-8ca9-310a2c537fd9,
422ab059-a4ee-45e8-8ee2-7b7b1d2abd7c,8d3e68e6-8d78-468d-8b12-d96771aee688,f52b4da9-860d-40c7-8ff7-bb0b0d26547a,
0ebf94be-1cfd-4c13-b47e-4c6870bf21be,8d73e23a-bc8d-44ec-8a65-9adfc402c9c1,09542650-7342-4762-ab6c-f677a5733696,
3facf2a1-4759-4b80-97ca-95947c268ae0,8d73e23a-bc8d-44ec-8a65-9adfc402c9c1,478fbda2-fe8c-43c9-84ba-f9c1de9daed5,
9feff132-c1e7-4a79-8d58-76ef06649d80,8d73e23a-bc8d-44ec-8a65-9adfc402c9c1,63a957ca-4afc-407d-9c61-27fd29224cb9,
1e028ac3-f8e5-43e8-89c6-4e33ebf39b26,8d73e23a-bc8d-44ec-8a65-9adfc402c9c1,71037d40-3085-486b-994a-6fb8ef4d9571,
7dbaaa5e-fb29-4c43-b240-e9f6ee387f63,8d73e23a-bc8d-44ec-8a65-9adfc402c9c1,7d2f49ba-a6a1-442d-a0f1-c4c4e70d3507,
fcb07bbc-6958-4481-b4f8-aff133791e0b,8d73e23a-bc8d-44ec-8a65-9adfc402c9c1,c89c3fb6-ccf3-44e9-80ea-bca128bceca4,
1b32e864-1e82-4d56-abef-66d71c199cae,8d73e23a-bc8d-44ec-8a65-9adfc402c9c1,cefb2ada-3120-45cb-bd6e-ea1e926f3672,
fcdd13dc-aa80-40bb-8f92-b9005c365956,8d73e23a-bc8d-44ec-8a65-9adfc402c9c1,dea78173-0c54-4259-b48e-22247c72fbd6,
1f591edd-d534-4c75-a6b5-9b4428b4dc89,8d73e23a-bc8d-44ec-8a65-9adfc402c9c1,e1c35f04-ecff-4e65-a50d-b92978fbb7fc,
6c45caf0-e1f1-4113-a2b5-d10cd287c532,8f46f6ff-a00a-4113-bad1-a4c16125bba3,53aa3855-be51-42f8-8862-21e90fcc1809,
e5473387-e4a4-488b-922d-af47e66d9224,8f46f6ff-a00a-4113-bad1-a4c16125bba3,71b9e35c-e493-45e7-8617-469daec4c63e,
5b696a72-2b63-476e-a79e-97f60afc720a,8f46f6ff-a00a-4113-bad1-a4c16125bba3,a67b1897-369f-42fe-adec-2611832e3129,
2287fb98-5133-42be-aa8d-356fed5bdc54,8f46f6ff-a00a-4113-bad1-a4c16125bba3,b50ac9f6-ca21-4b4e-87b7-b83f2e79f759,
98dba5d6-300e-48ae-9b0a-8bd4cf687e98,8f46f6ff-a00a-4113-bad1-a4c16125bba3,ddb39448-7eee-4679-a750-f466e5124aae,
29cf989b-1413-4bb5-a576-9f4491e0e40e,90d52209-83f9-4e60-b0f8-514107f4128e,003f7e09-2732-4eae-b3c9-ad7adaa10718,
37f7775f-eff3-4868-aff5-3309523289e4,90d52209-83f9-4e60-b0f8-514107f4128e,04c417e9-e2e2-46a7-a092-2276a39ed59e,
3cbf37db-cf1e-4fd5-a593-1dd14f1b5cd8,90d52209-83f9-4e60-b0f8-514107f4128e,1117d4c2-f743-442f-a571-d6563bed9323,
a044f271-f7ce-4f83-8647-56edb41566f1,90d52209-83f9-4e60-b0f8-514107f4128e,138558d7-8162-491b-a040-ea0351f82147,
4dd7e1ad-1b75-4748-ac5a-aff96e255f5c,90d52209-83f9-4e60-b0f8-514107f4128e,42e30797-f483-41c0-9aad-b052f6933e9f,
bd97c882-54e7-4b06-9350-6b6cdcec121d,90d52209-83f9-4e60-b0f8-514107f4128e,52983dcf-538a-4646-9ded-99a9618b80bc,
31097cb5-b8cd-42b4-8fa4-66eb83837cfc,90d52209-83f9-4e60-b0f8-514107f4128e,5a9123d6-c697-4b1d-a3e2-7d13727c0903,
84610228-ba8c-4863-a17c-57a65b9c510a,90d52209-83f9-4e60-b0f8-514107f4128e,6876b697-fcca-42ee-b8c1-7c69cba6d471,
3c357549-2fa9-471a-bcf5-389c8799214f,90d52209-83f9-4e60-b0f8-514107f4128e,84b7a139-bc6e-48d1-984f-24799d1b41d0,
a9db7f95-eb69-4fb3-a43c-c0aec08b4803,90d52209-83f9-4e60-b0f8-514107f4128e,9f168b1a-d396-41b8-8060-3821eb2aa870,
767cf1b5-6e5e-4a5c-8783-d178596e7a23,90d52209-83f9-4e60-b0f8-514107f4128e,a3cbb1fb-c8fc-4990-8a41-1fef398b1462,
cd0028ec-7ee9-497d-844e-75a0a676273d,90d52209-83f9-4e60-b0f8-514107f4128e,b26388c2-c93d-4699-84c7-7baec726e5ec,
62e692ac-c410-46ad-8af0-30d1a36b452f,90d52209-83f9-4e60-b0f8-514107f4128e,b64a12cf-c724-45c5-a37a-afce48965d9e,
44517715-79d9-4bc3-a050-22bf8cd2aa16,90d52209-83f9-4e60-b0f8-514107f4128e,c8488056-3893-4432-8cf2-dd0414942d5b,
758b4f80-e441-4424-8a51-aad54787d47b,90d52209-83f9-4e60-b0f8-514107f4128e,cc63cc18-5a0d-4ae3-81c4-07f03e1e1484,
f2cd873b-89aa-458f-9d8c-01c81c0551a2,90d52209-83f9-4e60-b0f8-514107f4128e,f04e0e18-8b00-43d7-9b9d-ed56ccf51efc,
6091e2f9-80fc-4476-87c6-292d69e5299e,9405444e-d1e3-43ed-bdfa-6e8816829613,04a90b7d-d229-404d-9acb-88fabd7c2cf0,
9c7bcf0b-42ed-4d3a-a62a-2f76eb493ef9,9405444e-d1e3-43ed-bdfa-6e8816829613,07fc8b20-5f34-4cf9-97eb-e80d9b048c2b,
6d3d5bf2-3dcc-4d1c-b928-50beb6d45b7a,9405444e-d1e3-43ed-bdfa-6e8816829613,19aeab7d-cd59-45de-b8e5-bfbfdfa6f93f,
7b28fb60-e3a2-4c3e-9821-6e3d57306dc1,9405444e-d1e3-43ed-bdfa-6e8816829613,1ccdf80e-8181-467d-866e-d4802289291a,
ff41e392-3d85-4fa7-bca7-982294535d39,9405444e-d1e3-43ed-bdfa-6e8816829613,1d1563c5-3dd4-42e9-9f04-0f142bd23044,
7e55639c-01bf-4762-8f3d-5bc7b53b7f42,9405444e-d1e3-43ed-bdfa-6e8816829613,2776fe87-5be1-456f-aa9e-af4f6068b970,
cf4b4483-69e0-428e-944c-a3372465fb03,9405444e-d1e3-43ed-bdfa-6e8816829613,2b610242-5362-4cf3-90d4-f7e3f9e78cc5,
95446307-d234-4e6b-b813-22d0b3e016ca,9405444e-d1e3-43ed-bdfa-6e8816829613,2c43a39b-6e77-4f29-a8b0-71f85be7bdec,
78cbf878-77b5-4d49-8ef0-eaadc306cfea,9405444e-d1e3-43ed-bdfa-6e8816829613,325617c8-b34e-45ea-a346-f258aaffda5f,
0a64a8b8-923b-4f64-a283-7bd7463893da,9405444e-d1e3-43ed-bdfa-6e8816829613,4657172d-976a-47c2-b6d0-67455f1d6bfd,
b66e11b7-b818-4f49-a775-b65778e8d53e,9405444e-d1e3-43ed-bdfa-6e8816829613,5f47a485-5ec3-481d-a80b-b0ecbb274eb3,
306920ba-06c1-42f2-a482-d464995b0d06,9405444e-d1e3-43ed-bdfa-6e8816829613,70208cda-243f-4b57-a166-da9f73304b21,
bd6171ed-ed3a-4e7a-8143-ee3a7511fc16,9405444e-d1e3-43ed-bdfa-6e8816829613,72382a48-5b36-4d83-94a9-45026f762418,
e2f5702b-c4a9-43a0-8b3f-9bd19e9ee459,9405444e-d1e3-43ed-bdfa-6e8816829613,72b285c4-6a5a-46c8-b2af-9740d66154ee,
280a00d4-ab44-420c-ac8b-481cf9d1e236,9405444e-d1e3-43ed-bdfa-6e8816829613,737bbdd9-8e98-4406-892b-065dcaaa232a,
dca83a68-c1ba-48c6-a4ce-817c70b6e78f,9405444e-d1e3-43ed-bdfa-6e8816829613,79862cef-8df9-4886-8267-3ab23b69c280,
aa7f218d-ac44-41b9-9fc0-00baf9c6a94d,9405444e-d1e3-43ed-bdfa-6e8816829613,822f7df1-b037-431a-9000-a68253bd0eb2,
cf8a9cd0-a767-455b-9a89-9903f8076b71,9405444e-d1e3-43ed-bdfa-6e8816829613,8a90fcbf-936f-40be-97fa-220e6ec8b3b6,
5c90da1a-6815-4dea-91c6-082bdf94cf94,9405444e-d1e3-43ed-bdfa-6e8816829613,8c450676-77be-4a93-88c8-891e69f9d188,
9887ae8f-6ac3-4d6a-b7b9-dc95c81b4edd,9405444e-d1e3-43ed-bdfa-6e8816829613,918448d8-d5de-4d79-941b-2cabd83f46be,
37c39001-b2f1-459c-a289-5d24f42b4425,9405444e-d1e3-43ed-bdfa-6e8816829613,a729ee6e-8bb9-4b08-b78a-52aef1e6f57a,
e360f202-9263-4af3-8113-d6564225345c,9405444e-d1e3-43ed-bdfa-6e8816829613,af74094e-8ce1-4451-b303-405b100a6b05,
34b07633-d55f-486d-8ba1-34aa04f4e31a,9405444e-d1e3-43ed-bdfa-6e8816829613,b3cc6767-14b3-4614-a94f-15525eefdeac,
85e20ad9-79b9-4ac3-8a2e-5df48e6e5581,9405444e-d1e3-43ed-bdfa-6e8816829613,c6987bdf-8650-4439-a6d7-1a0ee21414fc,
d609ae4f-f47f-4d6c-b74c-4d8a3800d8e8,9405444e-d1e3-43ed-bdfa-6e8816829613,db1e04df-69d6-41f3-924b-db6ae71198fe,
e19b8e15-7d4c-4784-97d5-7f186b114ad4,9405444e-d1e3-43ed-bdfa-6e8816829613,e0edbbc7-356b-4016-b992-cfc7aaffae28,
ce8c261e-fd47-44f1-ba2d-306d34088750,9405444e-d1e3-43ed-bdfa-6e8816829613,f73eba5a-aebb-4022-abac-34ab55a5cdd9,
5057e613-52f6-4a17-aa5b-1156175a50cb,9405444e-d1e3-43ed-bdfa-6e8816829613,f9ebb368-2df0-4cd0-9ad1-30101fa10862,
aaf6a7a9-32ee-46c7-a910-abc0ba474045,9405444e-d1e3-43ed-bdfa-6e8816829613,fc645df6-3bd1-4273-a895-c676b9949fc1,
d00d1fc3-1319-4d6f-a6af-91fdaae3b7f1,95282298-59ed-467f-b734-fa885ae29ad8,339ffeba-5b0c-4023-b186-b56a79cbd58f,
d0377005-4b41-4a24-a67b-fbba626a5bcd,95282298-59ed-467f-b734-fa885ae29ad8,4b0bd3ff-f59e-460d-9be3-dfee0672ad4b,
aec06d67-66ff-486c-946b-1d4b80a4ce0e,95282298-59ed-467f-b734-fa885ae29ad8,714d8499-10de-4bc2-aaa6-747996d8f49b,
f6652d34-06ea-4162-a8a7-875c1e5073a6,95282298-59ed-467f-b734-fa885ae29ad8,ac49a478-46f1-4112-9659-92c3c89a5075,
cbe4c519-63a3-4cd2-ac44-918ae40c2ab2,95282298-59ed-467f-b734-fa885ae29ad8,d169a80a-2b99-463b-a87d-34afd3d4a76f,
57c19add-0627-4af6-931b-0dd578a9d326,95282298-59ed-467f-b734-fa885ae29ad8,e0b396a7-aead-45a8-83d2-a15d8117ebd3,
b06a4cef-015d-4826-813d-fe1fe49bd0e1,95ea1e52-eff5-472d-82ae-58e7a647827a,0b508aed-e896-42d2-8144-3e6fa325f38a,
06f092a3-188b-472c-9e3a-4a17a8b0537d,95ea1e52-eff5-472d-82ae-58e7a647827a,14dd3d2c-1b16-430b-a618-6f60b1d625dd,
9e1b99f8-e644-4174-bf2c-86bcf2d67ee5,95ea1e52-eff5-472d-82ae-58e7a647827a,17b4fb8d-495a-47ec-a919-60c881fab693,
df992270-fdec-4aa2-b6d3-dcc9beff7763,95ea1e52-eff5-472d-82ae-58e7a647827a,2d0969df-4a31-4e9e-b96c-a3a86b62f9d6,
8d116da6-6183-4065-92b8-8c45776d6084,95ea1e52-eff5-472d-82ae-58e7a647827a,328671e3-de26-4498-bf46-ffa874da6761,
9b251464-228a-49b7-ad7f-63c8fb97efa5,95ea1e52-eff5-472d-82ae-58e7a647827a,52c506a8-0217-4e80-8155-977843ce890f,
7d2d5b67-276a-44e8-8f6e-758d631b2570,95ea1e52-eff5-472d-82ae-58e7a647827a,59df1833-83b8-4ea0-bd03-6887ded6c73e,
82520bcf-3db4-446c-8d3c-0ca62a88822e,95ea1e52-eff5-472d-82ae-58e7a647827a,5d607a96-79b9-4430-8fbb-a8e2d62a6c4d,
32a8412b-a71e-44e5-88ec-5406ebb72c94,95ea1e52-eff5-472d-82ae-58e7a647827a,6ad5e594-4600-4f90-b3d0-851fe4b5ed64,
1d5cb332-2519-45b8-820b-d1821644ed90,95ea1e52-eff5-472d-82ae-58e7a647827a,6b9302d7-6cd2-4828-8d6b-84032bb81c66,
c51919b7-c6b7-4a2f-8d6a-a698130b2c37,95ea1e52-eff5-472d-82ae-58e7a647827a,6ddfe147-dbf8-4476-adf8-cddc834a1e6e,
89797110-2a91-4837-8993-577f6ad85108,95ea1e52-eff5-472d-82ae-58e7a647827a,7e648b25-487f-4c0e-8cbc-af4a09dcf7c4,
4bd0ec36-3f92-4e41-aedc-4291c475da07,95ea1e52-eff5-472d-82ae-58e7a647827a,900ea938-31d8-4aac-97f8-fd60f6ff95e6,
62ca11c4-9c2f-40ba-85cd-c231f0797190,95ea1e52-eff5-472d-82ae-58e7a647827a,9bb12ff2-77b5-4a4d-8c79-ef42067e5d46,
86392dcf-d823-4786-bea4-96965a43e082,95ea1e52-eff5-472d-82ae-58e7a647827a,a8107afc-ba7f-4146-b9cb-3f1d919d3c13,
42f5d3da-c3cb-4fd0-97fa-b730c80cf838,95ea1e52-eff5-472d-82ae-58e7a647827a,a865c7ea-9a77-45ce-aa91-85a91472fb13,
fcca7b82-4caf-49aa-aad4-b4c88f543faf,95ea1e52-eff5-472d-82ae-58e7a647827a,b2338012-6657-40e5-8001-126afc71feab,
ad09ea14-53f7-445a-b563-772d90fd93c0,95ea1e52-eff5-472d-82ae-58e7a647827a,b280e21a-4e88-486c-a0b4-72d29a8b6b7d,
1ef0bd75-34e3-4b6a-b040-1737beee8caf,95ea1e52-eff5-472d-82ae-58e7a647827a,bfb051e3-3a00-4596-a8bb-375574c32834,
3c5555e4-e429-4cf7-a488-1f2bfcf4740d,95ea1e52-eff5-472d-82ae-58e7a647827a,eae5370b-8f1f-45d1-893d-3129f63cb6b3,
49c5331a-d5f5-40e2-aede-7e1127ddde1b,9bccbb07-79f1-4cca-a001-9a3242d923da,1ea0804c-2316-47fd-b62a-aa859e0feacf,
4cce9f32-cb38-42aa-8545-7091430c94df,9bccbb07-79f1-4cca-a001-9a3242d923da,b8ebb55f-4793-4459-b0ad-7aa9163791dd,
cac59326-efab-422f-bbcf-28baf2eaf1f5,9eda60f7-ab1c-45fa-9a5e-a5c5e8013a98,20e0e605-85e3-433b-b3d5-9bd3f180c511,
f71e46d8-ab73-464d-9316-f700a3480389,9eda60f7-ab1c-45fa-9a5e-a5c5e8013a98,34586501-7214-4b7f-b562-cab1e328e7e6,
19f31310-2a4a-452f-84a9-adc146b36047,9eda60f7-ab1c-45fa-9a5e-a5c5e8013a98,c94f8876-6eb2-4a55-b186-582e19adc968,
5c26c3ec-4deb-40a6-a7c1-6250343109d2,a2f8dba1-c0e7-4955-a7b4-b48158b46cf3,00dfa66b-d70e-46a9-8e62-77e67f8742d4,
e52ed329-073e-47f3-9831-97799c1d7a2f,a2f8dba1-c0e7-4955-a7b4-b48158b46cf3,0e92fc6a-37e8-43a4-8bf7-55ec863079c8,
e63b8fba-fcaf-45cb-ae1e-000132ade798,a2f8dba1-c0e7-4955-a7b4-b48158b46cf3,1d427355-c3bb-43ec-8fd3-2398c005cca3,
6f376134-7174-48fb-9a62-9001350c6d00,a2f8dba1-c0e7-4955-a7b4-b48158b46cf3,1e269ef7-9a1a-4875-8d6d-c59084b519ad,
fbdf1fc4-a20a-4eb0-bf5c-8636163aa4ab,a2f8dba1-c0e7-4955-a7b4-b48158b46cf3,1ec10bb1-ef1a-4202-8f11-8fcfbb33dd3f,
ed17eed3-cc8e-4179-b30c-ba56e1c79d72,a2f8dba1-c0e7-4955-a7b4-b48158b46cf3,2a83b752-8017-4fc4-9200-eb5e64f0faa9,
a89d54c0-73b4-4d86-adc8-e9fb1c505a3e,a2f8dba1-c0e7-4955-a7b4-b48158b46cf3,2d867a4f-6d3e-4c44-86ce-11c198d2e8ff,
5f5ccffd-b5aa-4c91-abbf-0a099b496831,a2f8dba1-c0e7-4955-a7b4-b48158b46cf3,33498acd-fbbd-409c-96e6-88b18155f527,
e80c21ac-e627-4def-9cac-a4fed75e40e8,a2f8dba1-c0e7-4955-a7b4-b48158b46cf3,391b93d3-14de-4264-ad1c-3bb48411131e,
c709d3a2-1223-49c6-8864-aefc0759d3c8,a2f8dba1-c0e7-4955-a7b4-b48158b46cf3,3bf821a4-5c90-47d4-bf9b-0b3f614488f3,
3e79dd06-0774-4265-8a51-3650871225c3,a2f8dba1-c0e7-4955-a7b4-b48158b46cf3,3da8c6a2-e7ef-4f47-980e-47f344ecce93,
31d22aee-cc5f-408f-85a0-78b2e3ec0af6,a2f8dba1-c0e7-4955-a7b4-b48158b46cf3,3f1086fc-ecde-4e4c-852b-0e50dcf1498d,
7dc1ffb1-51f6-4af7-8b61-d9bc2bcabb0d,a2f8dba1-c0e7-4955-a7b4-b48158b46cf3,3fb5ffe8-0fdd-438e-a37a-1a243fdee3a1,
c296fffa-41e8-467a-9200-5954e1d81978,a2f8dba1-c0e7-4955-a7b4-b48158b46cf3,41ef03b2-3f33-4510-bb55-06aad1248e91,
f870714c-f04d-46ea-943d-cefc88a4d424,a2f8dba1-c0e7-4955-a7b4-b48158b46cf3,45e95753-8594-4d81-9096-9ec376990f17,
f817f6ca-2cba-4d87-a6a0-3693eb3c6e58,a2f8dba1-c0e7-4955-a7b4-b48158b46cf3,4b4bc4d5-a34c-4774-8c48-3a6c045f4001,
97f44f31-b07e-4030-91c4-99431e87b70f,a2f8dba1-c0e7-4955-a7b4-b48158b46cf3,4e0f76a7-a8a1-4b29-8284-d6b814fb96a5,
048d3146-6d8a-439d-8c57-c07bded16cbd,a2f8dba1-c0e7-4955-a7b4-b48158b46cf3,5044cf47-b5ac-4de8-b064-ac31a3701308,
5a999838-1b21-4ca1-a655-5e240d9f7e14,a2f8dba1-c0e7-4955-a7b4-b48158b46cf3,5171655f-6531-4925-ab1c-a334a46f4a9f,
61082189-23c6-44f8-838b-a8e13df335c6,a2f8dba1-c0e7-4955-a7b4-b48158b46cf3,53229e4d-1e48-47c2-b171-e07f7b8d79f1,
2d332249-f2d5-4fb1-aad7-211e907b3536,a2f8dba1-c0e7-4955-a7b4-b48158b46cf3,54c38a23-d179-4fef-bd23-a846d94d7291,
15a3cb2a-298e-4f4f-90d8-afd0e8c6c83e,a2f8dba1-c0e7-4955-a7b4-b48158b46cf3,5a2f12b7-eaf7-4e2e-a3c0-a1b0f1295d64,
020fe04a-d2bf-4e54-a0fb-6393e32b9052,a2f8dba1-c0e7-4955-a7b4-b48158b46cf3,5c4a4cef-7d0d-436a-b951-b173ffceba72,
76ec9f82-9c3a-46fa-ad1d-47e3b7a93f2d,a2f8dba1-c0e7-4955-a7b4-b48158b46cf3,61722764-83c7-4f75-b9b1-7a4bbe22d56d,
2e0c66d5-3f8b-43b1-a1ee-93192e83fa6e,a2f8dba1-c0e7-4955-a7b4-b48158b46cf3,619f72dd-f378-458e-806b-615ff5eff673,
f785f111-87f3-47bf-be71-99c15cf91e1a,a2f8dba1-c0e7-4955-a7b4-b48158b46cf3,6804d078-0510-4911-8fa3-d78cb1cbe971,
7ba1e9ce-e06c-429a-aa56-b7a5caa66fbd,a2f8dba1-c0e7-4955-a7b4-b48158b46cf3,7244949a-c64c-492d-83b5-3c98feb21261,
0f164968-cf64-46e9-b787-74da999e6e45,a2f8dba1-c0e7-4955-a7b4-b48158b46cf3,89d07db5-16b6-423b-9667-7e517867fd79,
21d9cbf7-5e16-4a20-b95d-b9856417a447,a2f8dba1-c0e7-4955-a7b4-b48158b46cf3,8bb6d71d-0d37-40cd-96d9-09d065875fde,
b5ccfe85-e07a-415a-a162-57959945916b,a2f8dba1-c0e7-4955-a7b4-b48158b46cf3,8f78daa5-d173-4a87-beec-0077aa9efee6,
8a783f06-363e-464b-9e74-1fa5cc5c3874,a2f8dba1-c0e7-4955-a7b4-b48158b46cf3,92ec0670-832b-4702-ba87-d2b47484840c,
6b46083e-9b86-4a27-bdae-1b0fa5554961,a2f8dba1-c0e7-4955-a7b4-b48158b46cf3,9544906c-7d2d-4d07-9d2a-a8e2e6d5763a,
e3b73f48-b0bf-4604-80d9-afbc97cb56e7,a2f8dba1-c0e7-4955-a7b4-b48158b46cf3,960e4555-dbf9-4dec-ab5c-db7161604c41,
5adbeb67-018b-4f83-b70a-a50f19904361,a2f8dba1-c0e7-4955-a7b4-b48158b46cf3,977021a7-cb87-41ee-bfe1-241221b090a1,
b1707264-4314-4e2c-be32-5a09062cd469,a2f8dba1-c0e7-4955-a7b4-b48158b46cf3,9a4a980e-80aa-4c62-951a-0ebc73015071,
d72c9558-a4a1-4490-80f6-58e8ab020cb2,a2f8dba1-c0e7-4955-a7b4-b48158b46cf3,9b29264e-04d0-49fb-97d7-2fd4a8e13752,
420847db-20ae-4846-9ed5-caca147955f0,a2f8dba1-c0e7-4955-a7b4-b48158b46cf3,a25f3fda-3a09-4344-84f8-7b94cc40908b,
da1aa26d-b395-47bf-b60a-57489c53adfc,a2f8dba1-c0e7-4955-a7b4-b48158b46cf3,a28f705d-d596-4e9f-8e69-c5bdddb4ad2b,
b0c9ea10-efd7-481f-b55d-63fc854f5e8e,a2f8dba1-c0e7-4955-a7b4-b48158b46cf3,afe7b767-fd13-4606-91ef-73859114b097,
e76ac6e7-4950-4bbc-b9f6-6495403c73df,a2f8dba1-c0e7-4955-a7b4-b48158b46cf3,b31afe7e-a104-4f27-be00-b2da752a4a6b,
f318be34-71d2-4847-bc6c-f57f3c895929,a2f8dba1-c0e7-4955-a7b4-b48158b46cf3,b49ee326-f0ef-4cc1-8a03-2f88c1c142a4,
d046dd7f-2ab8-4482-8134-504dc4c768c1,a2f8dba1-c0e7-4955-a7b4-b48158b46cf3,b9e28e2c-312c-40b1-b12b-b2b3e1bd6979,
6930a7e2-8a14-4cdf-a224-7a48e5560ff6,a2f8dba1-c0e7-4955-a7b4-b48158b46cf3,ba21f5bb-56ab-4db4-b5f4-733f9fccd1c4,
ee3987ae-19ad-4c84-946f-92178ca696d5,a2f8dba1-c0e7-4955-a7b4-b48158b46cf3,ba49f267-862d-4a4b-b9bd-bdfc312e90ba,
e8dbef76-2dd8-4be1-b9d4-b1a0b8ee0e66,a2f8dba1-c0e7-4955-a7b4-b48158b46cf3,bb4b2433-47be-4f03-87f7-45b803e94d34,
14b48f43-895e-4b0a-b79c-bbc406eac75e,a2f8dba1-c0e7-4955-a7b4-b48158b46cf3,c183b1e3-0448-4eb1-8ce9-803dff0cf3aa,
6cb3097e-cf6e-405e-ab26-e18df6f4dfe4,a2f8dba1-c0e7-4955-a7b4-b48158b46cf3,c1e8bab1-3e4a-48a9-b664-d695ea55e59d,
458b4200-6bf3-49ca-b8ee-65c587c83604,a2f8dba1-c0e7-4955-a7b4-b48158b46cf3,c32fbe33-1ff6-4414-a6f1-d0a5cc558e14,
b6dba069-36bd-4c7d-957b-397446efb9da,a2f8dba1-c0e7-4955-a7b4-b48158b46cf3,ce52cd1c-c690-4cc1-9314-3df71c7c96a1,
c689bb33-6767-4dd4-b852-bbb598a415f1,a2f8dba1-c0e7-4955-a7b4-b48158b46cf3,d5e9a7c8-fbe1-4c1a-b7e2-9525fc37d9bf,
e7d6a1cc-5e27-43cc-b736-f640e1ccbe36,a2f8dba1-c0e7-4955-a7b4-b48158b46cf3,e1569218-c786-4585-be2e-27a23bd25144,
bc2bbb86-d78b-4aea-aa6f-c356ceea7c5e,a2f8dba1-c0e7-4955-a7b4-b48158b46cf3,e1bfbc34-b609-4b7c-ad17-6c179e4c8eb4,
694402a3-16c2-4502-8123-92423ba0b58e,a2f8dba1-c0e7-4955-a7b4-b48158b46cf3,e3c74ae3-6da8-479c-990d-bd6a40ec66d3,
c7a18a7f-3d2f-40f3-8e52-970584bf377a,a2f8dba1-c0e7-4955-a7b4-b48158b46cf3,e7c60d18-8dea-4782-8105-7a56b2163c27,
c1b4d406-4bf3-45e0-89c2-9f6117305bd6,a2f8dba1-c0e7-4955-a7b4-b48158b46cf3,e9b9459e-257b-4a80-9117-37bebbe4d654,
7dc237f4-5cd3-4b52-8dd7-29b1becbb9ea,a2f8dba1-c0e7-4955-a7b4-b48158b46cf3,e9d12f4e-7ad8-4a75-89e7-67470ddda57a,
fef82bad-d0b1-4947-8ccb-3f397fcb9df1,a2f8dba1-c0e7-4955-a7b4-b48158b46cf3,f300d910-ace5-4869-8a66-429622f47528,
e629b628-00c0-4e35-a695-04cdb29ce0bc,a2f8dba1-c0e7-4955-a7b4-b48158b46cf3,f9277922-63c3-4985-b2b1-e6b6ffd53a91,
fac71361-c820-4dce-972b-821df12bdd70,a2f8dba1-c0e7-4955-a7b4-b48158b46cf3,fdc966d9-8150-4fe1-b5bd-8cbaa5d00d49,
b9dce086-865d-464c-afea-0ca79aa9e9ef,a2f8dba1-c0e7-4955-a7b4-b48158b46cf3,ffa785c9-eeb3-4ebc-9c03-cd8a994f2ded,
4626dcd1-2806-4a96-88b5-071fa0b1fd8d,a346cb03-e95b-4174-9f45-3eb37e7e7eb7,3f93f00c-a5f9-4949-aefe-0b6162547f90,
96c0b68b-8857-4bf1-8aba-7f4595d3c65c,a3e1a458-64bb-44b8-a447-9f2ef72c1771,,ed8d0b7c-b094-4900-a85d-65ae87e2efc8
f6dd5d02-7796-433f-9389-7a00110098d5,a8a934f7-b8fd-4d22-83ef-eae79c9bfadf,13cfef4c-6239-4d9c-ade4-a96968df777d,
b2c9d9cc-5c15-4085-a53d-2f37e2823783,a8a934f7-b8fd-4d22-83ef-eae79c9bfadf,22303fea-3cfd-4d70-b880-649155e956a9,
07a03420-b3b1-45e4-8a10-958f95236184,a8a934f7-b8fd-4d22-83ef-eae79c9bfadf,3032e9f1-6b36-4894-a1e5-c41339485ea2,
fa62ccf4-ba61-4058-a5bf-cbc2887d1e35,a8a934f7-b8fd-4d22-83ef-eae79c9bfadf,3c59b759-7f1e-473a-bd37-bced6f969f36,
3b4e01df-6410-4108-a6e9-1a2f2b2c9e05,a8a934f7-b8fd-4d22-83ef-eae79c9bfadf,43cf5bc2-477e-465c-9265-a5a099d88937,
7e6a7ada-46cd-4b44-9ef1-fc895b9ad1bd,a8a934f7-b8fd-4d22-83ef-eae79c9bfadf,5dd95ef4-eed0-42b9-a4ad-15ae5e230570,
47bf8c5b-4e8b-4ed1-9a11-ba70b3f415e7,a8a934f7-b8fd-4d22-83ef-eae79c9bfadf,73be49e8-2fc3-4fff-9141-afd77fb18553,
29b4f960-af1a-41b4-97ad-6c0f9f1daef8,a8a934f7-b8fd-4d22-83ef-eae79c9bfadf,7b65839a-e364-43d9-aa8c-80cbbb37d2f3,
49dacf4f-ee42-414f-a9bd-7cf2ee20157f,a8a934f7-b8fd-4d22-83ef-eae79c9bfadf,cba85851-8a80-4d2f-8f28-9107db930ffe,
b1a17802-a381-4674-91b2-5c57020e8bf7,a8a934f7-b8fd-4d22-83ef-eae79c9bfadf,ffe5e75a-e3ce-4f23-9229-4375f511cafe,
eb261daa-7b57-47f5-a75d-34ae43554e70,aa1d98c8-9239-41cc-8b2d-930da6333646,31f53adc-fdd3-4656-8f59-6e4344ac7e6c,
178bf5ff-0352-43ef-8350-c0e3889d4dcf,aa1d98c8-9239-41cc-8b2d-930da6333646,83b0d0da-16d7-44f6-862f-be538167b9aa,
9bc02f27-b298-4a9e-ac5b-1498b42fc0ce,ace5973d-6cd0-46fb-ba09-41d727c7db67,02dfc8aa-99f3-4b04-b64f-cb53902fe078,
bc4bab09-4233-4fab-8888-e1139a2e1ce9,ace5973d-6cd0-46fb-ba09-41d727c7db67,05812fd4-fda6-4c9a-8fa4-f6017d437297,
e1452997-74a2-4681-88ca-f7c351de6770,ace5973d-6cd0-46fb-ba09-41d727c7db67,0a44df3e-e7ed-4249-911d-85f7c2d903e0,
1578c1ce-5ac8-40f7-a050-1e86fc84d812,ace5973d-6cd0-46fb-ba09-41d727c7db67,0e7a0eb6-4d5e-4af3-bab8-649d3a764c38,
9158b104-0b53-4c87-a8c9-4343b4f086f4,ace5973d-6cd0-46fb-ba09-41d727c7db67,185a36ac-ae21-4a75-9f31-6aece8862e83,
fc31d555-ea43-430f-88be-a96419ba4c0d,ace5973d-6cd0-46fb-ba09-41d727c7db67,1c479daf-3b43-4dd5-9e8c-f77435886e3e,
8d6022cf-6d4f-47ef-8cf8-2e06e365ac7c,ace5973d-6cd0-46fb-ba09-41d727c7db67,2cca2442-710c-41f0-8299-ada8cd30c0c7,
9979f2e9-f2f0-4952-b171-1332c8c1ec26,ace5973d-6cd0-46fb-ba09-41d727c7db67,3465b3ee-2b8b-47c5-b6dd-0c61d0613d3c,
36dd2c54-7d28-40c6-aaf4-316d55ecc68b,ace5973d-6cd0-46fb-ba09-41d727c7db67,3de67fb5-2d08-4663-bbfe-705122a9a63d,
1dcfe5e1-3ec9-4bce-b407-b03c92cf4067,ace5973d-6cd0-46fb-ba09-41d727c7db67,3f70eae4-f861-42d1-b6fc-ea9e7f691e26,
9d8fb9f4-1e7e-49e4-a11c-8cffd3f9b729,ace5973d-6cd0-46fb-ba09-41d727c7db67,4a6b2682-f781-4032-aed9-3e6bbff6c535,
17937049-0169-4e1b-b475-99e43cd3b173,ace5973d-6cd0-46fb-ba09-41d727c7db67,5c723a53-d93f-439e-a9de-fd9701cf60fc,
8b026e3c-a1f6-4dd2-b75f-ee97d73304ae,ace5973d-6cd0-46fb-ba09-41d727c7db67,5d246648-02ea-4b9d-86bd-3a0b1e0cdc79,
3dd81f7d-cf39-4562-bb96-bf365f34eb4d,ace5973d-6cd0-46fb-ba09-41d727c7db67,6011eb59-875a-40f2-97c3-a9b60089ac99,
ff07790d-f627-4318-a73d-6ec8f129f43d,ace5973d-6cd0-46fb-ba09-41d727c7db67,662fddf1-7571-4e87-9ac2-41399282326d,
ba5943a5-cd73-45e4-b087-26b253c1e65f,ace5973d-6cd0-46fb-ba09-41d727c7db67,6af19a7a-5112-4fa1-954a-72f30d61e1b5,
89618b2a-4856-44b1-a928-d9694268f814,ace5973d-6cd0-46fb-ba09-41d727c7db67,6eacd642-0d8d-4628-9778-a1f37f370cec,
be0d0960-478d-4d6a-9eb1-f1c3694d8f61,ace5973d-6cd0-46fb-ba09-41d727c7db67,6faf3219-fa8e-4b09-b5ab-36c82bdd8ed5,
1781f784-c5f6-4f48-8455-10be84320743,ace5973d-6cd0-46fb-ba09-41d727c7db67,70ef0b7c-8de3-4aa7-b56c-965ef7860138,
80f79774-f5fd-4714-b78f-3570ab176e6c,ace5973d-6cd0-46fb-ba09-41d727c7db67,72b79ab1-2ce5-4e4d-86a8-7d6af970b2fa,
086f4a3d-00ef-484e-91e2-007fe975315a,ace5973d-6cd0-46fb-ba09-41d727c7db67,73f33df1-0ef6-4985-bdbb-9cfdcdb96390,
fcc6c505-067e-4cd0-a8f6-dfdb5f3d61e5,ace5973d-6cd0-46fb-ba09-41d727c7db67,761d4ea9-682f-4905-80fd-dbf3bdb84cc5,
5fa62c36-c306-43a4-8bbe-da494955ef17,ace5973d-6cd0-46fb-ba09-41d727c7db67,799c1e55-56ad-43ad-b06f-61b87967b6b4,
7e09ceca-fdda-4db4-be48-20bad6ac0a35,ace5973d-6cd0-46fb-ba09-41d727c7db67,7ce64b37-127a-4998-8cfa-92c24f3e7e6c,
67a9de71-9aa1-4501-846d-71506ccb5abd,ace5973d-6cd0-46fb-ba09-41d727c7db67,7d917e3d-f993-4023-8b17-e1ad50d64285,
82b2a44e-7ab9-4a3e-a789-608accda2914,ace5973d-6cd0-46fb-ba09-41d727c7db67,7d97cfe7-b004-46d2-a91f-377fcf02cf3b,
f311ec3a-a252-4fc3-8616-bbcae82ee91d,ace5973d-6cd0-46fb-ba09-41d727c7db67,862bef96-9569-4dc0-8fb5-b14b6b2c9bcc,
9cd2c325-a9ec-48b4-8cef-a92724ab1d73,ace5973d-6cd0-46fb-ba09-41d727c7db67,88c40909-70b9-4770-9e0f-d418990768e2,
0806e726-d53c-4774-8439-d5cc010643a8,ace5973d-6cd0-46fb-ba09-41d727c7db67,905abe6e-dbc2-49f7-9f1e-4ea3d143f26e,
db6e15b1-6e61-4800-af12-72a4325fdb13,ace5973d-6cd0-46fb-ba09-41d727c7db67,92e874e2-69fc-493c-bf61-ec5c8ea62d06,
f6a7afc0-ffa8-4458-a2d7-6bf3999b819b,ace5973d-6cd0-46fb-ba09-41d727c7db67,92eea492-02c4-48db-8f82-3ffa2727f5eb,
8a6fb432-5fc4-47b7-9323-2f02e33ac9de,ace5973d-6cd0-46fb-ba09-41d727c7db67,a0d44250-75d0-479c-9404-f2c4a1d7e47f,
c0576dbc-4748-4491-bf6d-f7f2eeabeb0a,ace5973d-6cd0-46fb-ba09-41d727c7db67,a6c5d459-b9bd-4fbc-bdaa-f50fe60f1f7b,
fec112e5-6898-443e-bb11-a7c1e4163941,ace5973d-6cd0-46fb-ba09-41d727c7db67,b89bbf26-3564-4cfd-a3f6-5e3976d75868,
31ec4ffa-ff78-4dca-91ac-baa4af14560a,ace5973d-6cd0-46fb-ba09-41d727c7db67,bb9444c6-4741-41cf-8695-30155be0f954,
5534cb57-2f06-4200-8565-11b156005a9c,ace5973d-6cd0-46fb-ba09-41d727c7db67,bcc46305-22fb-434a-834a-9a76f06aebde,
2c80b7d0-86d3-4be5-ac6a-b8f2247b9649,ace5973d-6cd0-46fb-ba09-41d727c7db67,c2dbf8cf-c18c-4483-8167-07fd1ab9cee1,
f469db2c-2654-41b5-87d7-d1483629ba6b,ace5973d-6cd0-46fb-ba09-41d727c7db67,c82e0e6a-e928-40e3-b257-ea46815f4d99,
f6fba6f4-6630-4d29-bdd0-85409691c09f,ace5973d-6cd0-46fb-ba09-41d727c7db67,d9db7827-b4b0-451c-8cc6-9899327f0941,
24eba8f5-7693-4b3c-94f8-47dcf2ee7db9,ace5973d-6cd0-46fb-ba09-41d727c7db67,db5e1b52-b7e3-46ea-82e9-fde01c3c9e6d,
01a8c1f5-a468-4142-bf68-372d195d730b,ace5973d-6cd0-46fb-ba09-41d727c7db67,dbc5a804-5015-482a-8fcb-f6d2c1989f29,
07006bdf-27dc-4261-a186-91558cee44f4,ace5973d-6cd0-46fb-ba09-41d727c7db67,dd29cd36-577a-4a19-9864-b81524be78df,
742d3d6f-6adc-4f06-b084-5e33524723d0,ace5973d-6cd0-46fb-ba09-41d727c7db67,fa16f9c2-a09c-40b3-add9-16b3f3442d28,
6744422a-5c2b-40a1-984f-56c1ac080817,ace5973d-6cd0-46fb-ba09-41d727c7db67,fc3199d8-ece3-481e-8a11-a08a4414f69e,
82c77081-8a4e-4351-8e4c-de643c8d9445,ace5973d-6cd0-46fb-ba09-41d727c7db67,fdf6782c-dd9e-4979-82e5-e4f9bf9d3dc1,
46e6582c-9d19-45d8-bf8a-d5fe2680687f,ace5973d-6cd0-46fb-ba09-41d727c7db67,ffc52cac-8614-4f9e-90ab-07fed7fdd80a,
752e3e8e-6e3c-45c5-b919-45f7dafdc041,af22bbb9-c195-4372-a735-a66f35bec2bb,41c49f35-96d6-4fa1-a306-9d67978fcdb2,
a284d42a-fe0f-4a39-b42a-94b6ffb2a5ca,b368c856-32c4-4c31-9af3-0ab813e679a2,001501b9-2d26-49b4-adad-dbecd0d0febb,
f99e7b19-f623-4a3e-a2a5-f2d043a06420,b368c856-32c4-4c31-9af3-0ab813e679a2,09084895-cf83-47df-9459-8a7d2c62cffc,
ff2a2253-1f2e-4dd6-9508-ef4c7cc8efcd,b368c856-32c4-4c31-9af3-0ab813e679a2,174d6fbb-42e0-488a-8fb5-86dfb8dc1dfa,
b93c224e-9add-46b0-8d10-ff9fa2fae2a6,b368c856-32c4-4c31-9af3-0ab813e679a2,19546cd6-7c06-4f59-89e0-ab3eb3663515,
c40ad37e-7146-44dc-b5b8-40144d1ec1bd,b368c856-32c4-4c31-9af3-0ab813e679a2,1f1bc75b-595c-41df-b1ef-b463e0f72bfd,
a03c14ec-9b48-4eac-a2ee-6ad3f93f2e81,b368c856-32c4-4c31-9af3-0ab813e679a2,2b00520c-d881-4c29-8b8e-e83512c93a22,
f0d84ff4-8124-498a-ab0e-788d1b7df29b,b368c856-32c4-4c31-9af3-0ab813e679a2,3c9474c7-6548-4c64-9e09-c8195cb8d935,
7f6a62e2-1b93-41e3-a7a9-b5b24bd5f08b,b368c856-32c4-4c31-9af3-0ab813e679a2,5f72a382-ec75-4aaf-9f2a-2557c6498bb6,
e3eb652e-79ce-43e3-9168-7336f8efb98c,b368c856-32c4-4c31-9af3-0ab813e679a2,6af5cf47-baab-4d37-998c-c559533f72a6,
2c061a42-7669-49c6-bf38-6688c20c317e,b368c856-32c4-4c31-9af3-0ab813e679a2,6d1cb1a3-e74c-4987-9481-756e1e0c0548,
96d55328-2fa5-4862-b879-618606f56d80,b368c856-32c4-4c31-9af3-0ab813e679a2,830dd09a-331d-4ff3-be17-969d13968e32,
d3949247-2e4e-4d3d-84bc-7ec50d17e71a,b368c856-32c4-4c31-9af3-0ab813e679a2,95294cb5-1407-4cdf-8ade-29b74fdd23e2,
0b46d4d6-1fce-458a-b30c-a4993f973101,b368c856-32c4-4c31-9af3-0ab813e679a2,9619418a-62d0-4883-b074-af4d907ce0b3,
bf32e605-e1bd-4a2f-8767-85266be9fcdf,b368c856-32c4-4c31-9af3-0ab813e679a2,97f36d1d-2438-4413-b138-caf801ce5641,
ff3a4ad5-afa2-4061-96c0-472beef6b508,b368c856-32c4-4c31-9af3-0ab813e679a2,9881bd41-f102-4000-a64f-66cd6aa9fc46,
260ae4c0-b411-4af0-a0e1-5dc63d4db6f1,b368c856-32c4-4c31-9af3-0ab813e679a2,9c305463-bcf9-4752-9d84-589550f8e065,
b3ce5a0c-d721-4e56-b6a4-5cf841d9b2f4,b368c856-32c4-4c31-9af3-0ab813e679a2,9dab23de-627f-4d7b-8e9f-b9be44d43a62,
31ba1cd8-7c72-482f-bce2-395d62fe7470,b368c856-32c4-4c31-9af3-0ab813e679a2,a0e624d8-6849-4fcd-9bb8-f33b58f724e2,
b189d2b2-ac7a-4799-b05c-4e052d168fd2,b368c856-32c4-4c31-9af3-0ab813e679a2,a341b4c4-7eff-4c04-be9d-1d73f3c38e0b,
9e8dc1a2-5d79-4878-8231-3e4764f267a9,b368c856-32c4-4c31-9af3-0ab813e679a2,a3558cf4-dd5d-4472-bf62-d885137b51e9,
ddadbd38-bd9f-43a3-b3e6-dd8f9f1ebab9,b368c856-32c4-4c31-9af3-0ab813e679a2,a4795f72-04f6-4f89-90cc-7d00238f7981,
46bca93b-6ecc-4f92-8a41-e9eabfcfe199,b368c856-32c4-4c31-9af3-0ab813e679a2,aa96614c-64b1-4bbd-a39f-f1e7b5e6dafa,
aa25251c-6002-435d-b7b5-9818d9cceb51,b368c856-32c4-4c31-9af3-0ab813e679a2,bdc63c0c-2828-4f40-af59-81c31584436a,
5345957d-6cd8-42be-a570-c527b4f1d844,b368c856-32c4-4c31-9af3-0ab813e679a2,beaf1cce-e4ac-410c-896d-fabeddbb83fb,
0038ef44-2f89-4e07-aefb-6b57668de1e6,b368c856-32c4-4c31-9af3-0ab813e679a2,ceff71b7-5624-4157-aaab-909f33a1419d,
8494a4a3-d028-4b9b-8834-d15ef47258aa,b368c856-32c4-4c31-9af3-0ab813e679a2,d4bd5038-47a5-479d-b1a0-31030db2a33e,
58872859-aa42-4b9a-bbe9-db88b40d6068,b368c856-32c4-4c31-9af3-0ab813e679a2,de621b57-ba04-4226-aa10-c4a31f27c90b,
6f98aa00-c334-43d8-bd54-e03c36177800,b368c856-32c4-4c31-9af3-0ab813e679a2,ee7bab39-3f3f-4c28-a12c-38ac115bd74e,
2aa9a645-95f0-4c82-b2d8-b6007c0942f7,b368c856-32c4-4c31-9af3-0ab813e679a2,f25189c3-c7da-4d4b-a761-0e385556d5f5,
b93c9ec5-cdf3-41b5-9e57-18f6a6aa66e5,b3d03f54-a066-4386-b807-e04529bad854,0205f8b1-6ba5-4c03-ba01-2e0bc049345b,
fc068ef3-c651-4955-98f3-347b95b92002,b3d03f54-a066-4386-b807-e04529bad854,5d85fc61-af11-4fc9-a06f-ed51ec417919,
382dfb86-77d6-425c-8789-c686d288e6b6,b3d03f54-a066-4386-b807-e04529bad854,71aee7de-b1f0-4ce6-90f0-7de296d5694a,
1e91a4fe-d346-415e-b108-f786dd2e2a87,b3d03f54-a066-4386-b807-e04529bad854,a4dddccb-ca04-4da5-bfe4-f104b5ea5c70,
bd75d914-afde-4273-bfe5-13cba40eb3a4,b3d03f54-a066-4386-b807-e04529bad854,b12ee1f9-73e5-4cb8-b810-3e0a8b3dc882,
d2d80d1f-5d50-49a2-b47e-db9f8366fad4,b3d03f54-a066-4386-b807-e04529bad854,e12dbc61-040f-4fe0-a0d1-e6df7d6965a7,
b6ce9323-64e0-4e82-8df3-12059dd4ed75,b3d03f54-a066-4386-b807-e04529bad854,e723ffc1-00ea-40cf-8320-124781c94dfe,
8ca828e8-5361-4afe-8908-ffd97416d569,b4733c99-cc2e-43d2-bcd9-a32f574e532d,04526f3f-c15e-4d70-8bb5-1b2ccbd54353,
7587501a-98cb-419a-9c9f-3a1fd22f7696,b4733c99-cc2e-43d2-bcd9-a32f574e532d,0789c0a5-542f-439e-b091-4fce792e1cab,
907f1842-067f-4427-9339-39d869e85a1b,b4733c99-cc2e-43d2-bcd9-a32f574e532d,0f853a15-63ca-4a46-98c7-be3659e01b02,
299df55f-ffe6-463f-8d5a-1280c3a00f4a,b4733c99-cc2e-43d2-bcd9-a32f574e532d,10808bf1-47d6-4ed8-aa79-e6f85372eec5,
fb16f142-f155-40ca-9607-457d5c6d3448,b4733c99-cc2e-43d2-bcd9-a32f574e532d,10ff8e1e-de18-42d0-98c6-c37c85716a35,
a24ca673-bb9d-4166-9983-8e1dd44d7e82,b4733c99-cc2e-43d2-bcd9-a32f574e532d,1d5914e8-862d-403e-b088-4bf3c19a7cf5,
d3396c44-766e-465d-b940-5d4344d285f1,b4733c99-cc2e-43d2-bcd9-a32f574e532d,21910099-9a03-40e7-a20c-5d7e544ac0cc,
1012d535-55e6-4478-907e-d9230f9f690a,b4733c99-cc2e-43d2-bcd9-a32f574e532d,24ad9b59-41b4-4ff7-834a-25c716450c6d,
e3fe518e-bb67-43e3-bc28-718d18c36e44,b4733c99-cc2e-43d2-bcd9-a32f574e532d,2a5037f2-6704-4667-a6fe-ba0306c8bccb,
96d3a350-876b-4a69-8815-4686bcae5895,b4733c99-cc2e-43d2-bcd9-a32f574e532d,2b136904-73e4-4e1a-9506-f3fe71e84192,
f8fcaeb7-8710-4eb0-aba7-9ec619f6f993,b4733c99-cc2e-43d2-bcd9-a32f574e532d,2d6b3b19-4a86-47b3-b5a1-6bbc2e2306e6,
69cd4a89-4d4f-4761-9aaf-71f98d4c0651,b4733c99-cc2e-43d2-bcd9-a32f574e532d,2e146027-2ef9-4ce6-8556-740d594ce785,
08d057da-835f-4064-9c17-9774f2487c74,b4733c99-cc2e-43d2-bcd9-a32f574e532d,30f15111-b885-4a5a-a2ff-dbd5479d0a2f,
15f3868c-676d-467f-8cd0-40a3cffc5053,b4733c99-cc2e-43d2-bcd9-a32f574e532d,352650fa-ff2a-4ac4-89fc-ac02d9522c87,
ad46f2ca-7ddc-434b-8af7-e2969914a84d,b4733c99-cc2e-43d2-bcd9-a32f574e532d,362cfc14-14ca-42b7-9e55-dee526643e5f,
36200094-6328-48ca-8891-dd3170e1f811,b4733c99-cc2e-43d2-bcd9-a32f574e532d,3952e86b-6b9d-4b83-bb01-dee13512a0d3,
37a51605-2b84-42af-a12c-0c963e1433fa,b4733c99-cc2e-43d2-bcd9-a32f574e532d,458b31c9-7e65-450a-9fb8-4332bba71bed,
44c1386e-24ab-4f58-9e39-d8987626a626,b4733c99-cc2e-43d2-bcd9-a32f574e532d,46ccc213-9577-43d2-8d2d-04e0f9e8a019,
b3c5df99-775b-4601-97ce-9631fc8b7fa3,b4733c99-cc2e-43d2-bcd9-a32f574e532d,519e5d6c-4cfe-4412-85e1-034250eb6b48,
915ae29c-5fac-4970-901e-186c850ae0db,b4733c99-cc2e-43d2-bcd9-a32f574e532d,5885be66-0e1b-43e0-a31d-2533bba0e31b,
e322c35b-13ca-41d4-b4c6-8cbae882ec06,b4733c99-cc2e-43d2-bcd9-a32f574e532d,597be4e7-9dd1-46ab-9de0-104639b116b8,
62b39d53-4448-411b-922f-5c992cdbfd0f,b4733c99-cc2e-43d2-bcd9-a32f574e532d,5c2d45a5-3466-4b70-8fb1-0a4d8eacd172,
47db8d79-3410-4fad-9d80-a5eba9929104,b4733c99-cc2e-43d2-bcd9-a32f574e532d,5ee419ea-76fe-450f-877b-412beb41cefb,
9c91efe9-d9c3-4409-9a15-72179d8c646c,b4733c99-cc2e-43d2-bcd9-a32f574e532d,6054c74d-b9d5-4234-91b6-c00058283004,
7f2a20cc-f17f-4055-ab3e-5d7418349745,b4733c99-cc2e-43d2-bcd9-a32f574e532d,62886702-6a66-4867-9188-0ef85fc1d57b,
5ef1fe41-5931-46ce-aa2b-9a9bb87d462c,b4733c99-cc2e-43d2-bcd9-a32f574e532d,65b8e2e6-ad1a-4d2a-9f48-486f8321dd90,
9ef16c9c-c332-4737-a230-c2a10722f9e0,b4733c99-cc2e-43d2-bcd9-a32f574e532d,6bf8b908-8760-43e5-bc85-8573afc0e32d,
d49de983-a53e-4a8d-849b-5c5f667d223e,b4733c99-cc2e-43d2-bcd9-a32f574e532d,6d1026e0-e984-4a60-bcb1-60b6eb0f6b01,
f584b041-3e75-49fd-8d13-6b5ac97beddd,b4733c99-cc2e-43d2-bcd9-a32f574e532d,6fad3d55-738a-4d0b-b3d7-00f24deebb91,
1772a65b-5294-4c66-9417-7e1bfabea657,b4733c99-cc2e-43d2-bcd9-a32f574e532d,703de8d9-2fe8-469e-bc18-dec437f97fc1,
171ceeea-4e1e-4eea-9570-c33bc624366a,b4733c99-cc2e-43d2-bcd9-a32f574e532d,736c4858-8ded-4533-b562-32217ae5401f,
c22ca727-42ae-420f-9167-dd402e0bf017,b4733c99-cc2e-43d2-bcd9-a32f574e532d,8104f7a2-a1c8-462f-8deb-4ed7f31dd4fd,
b81a74f3-298a-4d15-a0c0-4543324281a2,b4733c99-cc2e-43d2-bcd9-a32f574e532d,81ecfcfe-9477-4c17-b7cf-227be6999dc0,
912acf1a-e06f-458a-a7bc-c3024f2cb506,b4733c99-cc2e-43d2-bcd9-a32f574e532d,8b1738fd-9c38-4bd4-9889-65c0b85d8213,
4afe2281-eb5e-4a7c-93af-817f8cf201db,b4733c99-cc2e-43d2-bcd9-a32f574e532d,927200a6-7d4c-4978-9945-97830404db36,
07f8447c-c795-4068-bea5-8db3fe8bd351,b4733c99-cc2e-43d2-bcd9-a32f574e532d,92c521a4-b630-4f8d-add0-3e18677267b0,
77de6b7d-d40b-4748-8afe-cf91181cda1b,b4733c99-cc2e-43d2-bcd9-a32f574e532d,957c21fa-694e-49d5-95f4-c51e5091ca81,
2daa7b68-ef14-4b62-b02c-880d3828fef8,b4733c99-cc2e-43d2-bcd9-a32f574e532d,97826ca6-7b62-481a-8d88-dbc635d65235,
eeefa881-50bd-4d66-b5c0-0441a16aad0e,b4733c99-cc2e-43d2-bcd9-a32f574e532d,9b8e3847-0da8-4cde-9ef4-93cbbc5e4fef,
8820b0f2-c7c4-432d-91f6-5ec4218854cb,b4733c99-cc2e-43d2-bcd9-a32f574e532d,9e1e5047-c9cf-40d0-b5d5-e06102647992,
bbcb68f1-9cd1-4d29-be67-6ced5b2a05d3,b4733c99-cc2e-43d2-bcd9-a32f574e532d,9fac1ce5-5f69-4c67-83a5-308f5dff5879,
aa9c84f8-7b90-44e9-9368-eba623ae6b99,b4733c99-cc2e-43d2-bcd9-a32f574e532d,a8d83c7c-e9b4-4900-9f50-d08c39c66f68,
ceb8560b-96ef-41d8-8ca3-533cce21999a,b4733c99-cc2e-43d2-bcd9-a32f574e532d,ab53a179-266f-4e59-851a-0b25f0eb4d6d,
13ad2db3-e6ab-4fd5-98fc-42b53263c3e0,b4733c99-cc2e-43d2-bcd9-a32f574e532d,aba363f9-2919-4989-907e-519e0423cf10,
025cb5cf-2eaa-4f3c-96d2-121478f22796,b4733c99-cc2e-43d2-bcd9-a32f574e532d,acb77253-fd41-4ae7-b1ea-18db5933a526,
4d4a350a-2c6f-40f6-8a7e-33890cc79e9b,b4733c99-cc2e-43d2-bcd9-a32f574e532d,b63d5d84-e524-4f64-bee4-df2cfb6c0234,
11160e0b-6bd6-4555-9e08-0cd3611d3ad6,b4733c99-cc2e-43d2-bcd9-a32f574e532d,b6f6b9cd-ef3b-4a52-abec-523a1dedec59,
d4fb283b-1005-4e9e-84ea-b0b750a7f646,b4733c99-cc2e-43d2-bcd9-a32f574e532d,b769bc38-5729-438d-ac59-58b431692c61,
aa5b11e2-b2d7-4a20-baf4-94a7aaf9c723,b4733c99-cc2e-43d2-bcd9-a32f574e532d,ba2da1b3-5048-4979-b6da-9742858c8a44,
a3ff6fad-7a7e-4088-aa76-f81265ac8a53,b4733c99-cc2e-43d2-bcd9-a32f574e532d,be8d0587-0453-4613-9791-991d6616f45f,
97f6be9c-7d24-4c55-ac42-8c1c42835abc,b4733c99-cc2e-43d2-bcd9-a32f574e532d,befc41b2-c581-4142-bd5a-f242388ba0c6,
69fc6954-e895-4870-a0c1-7eddc406ab9d,b4733c99-cc2e-43d2-bcd9-a32f574e532d,bf8e0942-f191-4385-86fd-8aaba7dba4c7,
9f3d34f0-1d07-4d42-b71e-4f621e6edc46,b4733c99-cc2e-43d2-bcd9-a32f574e532d,c44293f0-d55a-438e-a29c-fad7672cdbb8,
10316f1c-e2cf-4564-b577-539b3e5a8f07,b4733c99-cc2e-43d2-bcd9-a32f574e532d,c54ac610-2ba7-41bb-b937-a1d2827cbf4b,
cfd32373-4845-40c5-9c17-d37b27fcd27f,b4733c99-cc2e-43d2-bcd9-a32f574e532d,c80227e7-fba5-4113-ada5-b01c30017aaf,
a319d8b6-1ebd-4f1a-951e-25eff80fbd1e,b4733c99-cc2e-43d2-bcd9-a32f574e532d,cb4a4037-5aa5-44e0-aeb4-a76dec676192,
c7dc233c-9bd1-4f48-a814-ecf56d9cb5d2,b4733c99-cc2e-43d2-bcd9-a32f574e532d,cf881339-f038-433d-b9a2-7a4dfeda4db1,
754269cb-8b78-4bfe-9b9c-23ad6c523037,b4733c99-cc2e-43d2-bcd9-a32f574e532d,d1392ef4-c8ff-4624-9ede-215e00cdb9d9,
e09f0ccc-da18-4edd-9a31-aebaa591b8d3,b4733c99-cc2e-43d2-bcd9-a32f574e532d,d9449b0f-a9a7-4404-9759-912cfe8c0861,
42d769ed-41aa-469b-a21e-23bc8bed1e64,b4733c99-cc2e-43d2-bcd9-a32f574e532d,e50b4701-d645-438d-8702-db78284b643a,
57250396-1ad5-4746-8be1-8ff78e9dc554,b4733c99-cc2e-43d2-bcd9-a32f574e532d,e6a28c9f-e92f-4b4c-879f-6b7a032c829f,
6c8ea1c9-b4bf-4d84-9b24-5c4eb8d9ec0b,b4733c99-cc2e-43d2-bcd9-a32f574e532d,e770826f-9f54-4c85-8122-b9170e8244cb,
b02699d9-b168-49d1-a26f-e1b54868c657,b4733c99-cc2e-43d2-bcd9-a32f574e532d,ea10a8c4-0850-4320-a6e0-89b9e76f0c33,
2c14cf1e-1167-4106-beed-177e784f9c64,b4733c99-cc2e-43d2-bcd9-a32f574e532d,f18a5ebf-757a-44a5-8803-463755eb6460,
cab5541f-92d2-4103-ac50-29a849d779e0,b4733c99-cc2e-43d2-bcd9-a32f574e532d,f70982df-f0ab-4d0c-8777-96deae8d4b4d,
29f50fae-1439-4706-aa1d-e19a7929ec06,b4733c99-cc2e-43d2-bcd9-a32f574e532d,f7c7f2ab-858f-4599-b124-146afbadf97d,
0f3dcbea-331d-434e-bce4-bbc579f7b477,b4733c99-cc2e-43d2-bcd9-a32f574e532d,fc6e97bb-369e-48e5-8463-e5d7943499fb,
1e258063-302d-4464-a407-e8d49a4cb2f3,b4733c99-cc2e-43d2-bcd9-a32f574e532d,fcd833cb-1bf2-4225-939f-a811de94f71f,
5b324673-07d8-42eb-b17a-ac41d58f391f,b4733c99-cc2e-43d2-bcd9-a32f574e532d,ff03e773-f059-4e58-9c5e-767d1ac10f1c,
82b1ff10-1016-4330-85d9-a483c6722d4e,b54ec49a-9b4c-4339-b5ea-c198131305c0,019737af-003e-4d30-bd7b-2ec00060c0a8,
8396d99f-54a0-40fe-b7c0-0e55a5e5a81f,b54ec49a-9b4c-4339-b5ea-c198131305c0,1a791911-81a6-48d7-b2f8-b57589ae168f,
079d018a-754f-4661-bd8f-86c21b2f9538,b54ec49a-9b4c-4339-b5ea-c198131305c0,249ff0d0-c8c3-41d0-b1d7-55f3de3130e7,
0351d4f2-cb92-4ce3-90cc-a333eb9a6869,b54ec49a-9b4c-4339-b5ea-c198131305c0,29762ea3-136c-4582-a957-23e0b3cf4558,
8174e5f8-90e8-4e90-9d28-185098946c9d,b54ec49a-9b4c-4339-b5ea-c198131305c0,2ab75db8-35a6-41f1-a311-5b88e5f682aa,
d693cf63-acee-4761-bc70-83bfd147d2ae,b54ec49a-9b4c-4339-b5ea-c198131305c0,4b34652f-290e-4c52-9dbb-a099ee0e5db6,
33ed2823-df2b-49fb-a73d-6b95bb5dbaea,b54ec49a-9b4c-4339-b5ea-c198131305c0,51f6e0f6-5b87-422f-b125-b16b99a293bd,
1b7edf5d-7bcf-4cbc-bc2a-fea1164761ed,b54ec49a-9b4c-4339-b5ea-c198131305c0,5ad58e19-f98a-49d8-87ea-cdb718b61a5a,
6c4e0f88-dd62-4df9-baca-3aa37199b215,b54ec49a-9b4c-4339-b5ea-c198131305c0,688004f7-e69d-4be0-ab41-7450a1160a57,
04645b69-aa28-4f1f-b752-c0a810cdf3fd,b54ec49a-9b4c-4339-b5ea-c198131305c0,72cc7c38-d69d-491f-8af7-73672772e543,
71b0d22c-fd07-4b7e-99bc-60704d9f237b,b54ec49a-9b4c-4339-b5ea-c198131305c0,73abb54b-c5c2-43ba-9134-a7c6acfdf6d5,
547aa464-e687-4dc0-868b-78df84bc1073,b54ec49a-9b4c-4339-b5ea-c198131305c0,7403ebd2-253d-4a50-a1f5-d104d97c5f2c,
c5f99282-546a-436c-911c-4c9a41adbbce,b54ec49a-9b4c-4339-b5ea-c198131305c0,79d95f5b-a6e0-45a5-9b70-f2d1f80f3667,
5adf8d03-cffa-4562-af3b-e9981a1f30c2,b54ec49a-9b4c-4339-b5ea-c198131305c0,7a680d77-82d7-4a8f-b753-bdd9530064e5,
cc371574-4795-44f4-8f04-4a7c0f2c6e6a,b54ec49a-9b4c-4339-b5ea-c198131305c0,7ae2727a-5d00-40ff-be81-e72b517bf86a,
c825e80c-7548-45cc-b760-28c30e06fac2,b54ec49a-9b4c-4339-b5ea-c198131305c0,942d20b7-76d7-4a40-949b-6c586547e7a4,
f44f81c3-26e3-4a05-bc4b-7b2ca207173d,b54ec49a-9b4c-4339-b5ea-c198131305c0,9928a8f4-9f56-4fd1-8a15-2ff449e10a0b,
3c358d13-0d44-4c52-a9f4-13d7e86be0e8,b54ec49a-9b4c-4339-b5ea-c198131305c0,9c772d7f-f325-4bee-97bd-a6c79f417ff4,
29be4bda-f18a-4f9f-a0c1-fb91fad30915,b54ec49a-9b4c-4339-b5ea-c198131305c0,a12ef2c7-2350-4733-afa5-ec50e6780169,
8573f82c-494f-484e-8906-14f37fd614e7,b54ec49a-9b4c-4339-b5ea-c198131305c0,a61d39b9-affd-4ddc-bb09-3ffa1cadd274,
de24e811-5f44-4df5-8eda-c9a72b7b4e29,b54ec49a-9b4c-4339-b5ea-c198131305c0,a7cca5c6-486f-43be-97e1-f1d76928c57b,
652346e9-63cd-4111-a527-b95569d00db1,b54ec49a-9b4c-4339-b5ea-c198131305c0,b1fe2ca2-cb99-4d60-b4fd-759a128e3c26,
a88b5cb5-271d-4f65-bce1-32060bd1254e,b54ec49a-9b4c-4339-b5ea-c198131305c0,bdfaa789-7ddb-4d73-8cb5-fe595373c32d,
99fae767-421e-4673-9cf5-88885d6d9dc2,b54ec49a-9b4c-4339-b5ea-c198131305c0,beb4663a-51ce-409a-87e6-272912be5eea,
91099168-8ee8-419a-8404-dc4ebaa7ca65,b54ec49a-9b4c-4339-b5ea-c198131305c0,c3c372e2-b528-4496-baa5-28c6ffdf836c,
219a0fab-5a8d-44a1-94b1-e5e63f01d5b9,b54ec49a-9b4c-4339-b5ea-c198131305c0,c7ce5a35-93f5-4a48-81c1-985882e8dab9,
cdb0e8ea-2867-48d6-b3cf-1a5bf2baf462,b54ec49a-9b4c-4339-b5ea-c198131305c0,ce5264a1-a715-4749-ae8f-61c93f50c905,
a5c5d469-f531-48d6-a38c-dd6266ca2648,b54ec49a-9b4c-4339-b5ea-c198131305c0,cf3e8998-9794-4c33-b9f0-057676038524,
cc334b7f-968a-4985-9c47-768bdb929a0a,b54ec49a-9b4c-4339-b5ea-c198131305c0,d10f7055-6214-464d-87fb-f4ee300fc885,
dc1438c8-fe6e-42d1-a652-f951fc476107,b54ec49a-9b4c-4339-b5ea-c198131305c0,d39355fe-f3a3-4e58-8d20-0211b7eb12ad,
103123e2-ad90-4a41-94b4-7d2f3bb5d802,b54ec49a-9b4c-4339-b5ea-c198131305c0,d66763ae-4262-4aea-a4ab-f44c5a2a8ce9,
fd5134f4-6679-4e14-94e8-6c1450ab1885,b54ec49a-9b4c-4339-b5ea-c198131305c0,dbf92467-988d-4c6a-af5b-e18ef3e4ccc2,
89ebb66f-4ae8-4b0d-a181-7182c91ffd21,b54ec49a-9b4c-4339-b5ea-c198131305c0,e2bbf675-8dc2-45d0-a5ed-ca109a8e32e8,
994ff81f-eb3f-4d84-a1b0-52d16426ddd0,b54ec49a-9b4c-4339-b5ea-c198131305c0,e4aaff20-8a2c-4009-9b7d-1cb0c5d3a93c,
ea05f07f-2679-4aaf-9203-2a38a9f47997,b54ec49a-9b4c-4339-b5ea-c198131305c0,e6753ab2-ae7d-4a35-a49b-381332db9801,
c350750d-591a-4936-85c5-c199b95c8c69,b54ec49a-9b4c-4339-b5ea-c198131305c0,e9cb0443-4c54-49e0-be50-ad4a546a1dbb,
acb982de-8b4d-46e2-a2e9-e5a1c79947d9,b54ec49a-9b4c-4339-b5ea-c198131305c0,e9e2ddb9-f8b3-4670-b88c-0b598b30ef57,
a8057771-f78f-4815-be7f-22f7f49ad6b1,b54ec49a-9b4c-4339-b5ea-c198131305c0,ea9b7a08-b757-4621-90f4-48d529b62d6c,
51a8e438-31e6-4290-95c9-5c0e127d06c2,b54ec49a-9b4c-4339-b5ea-c198131305c0,ff9a4db6-23a0-486c-8bae-5137a369bcac,
4f4522a2-3da7-4a16-b181-448d0ca79100,b5c67a39-3362-4e3a-b0af-e9a0271c8c6e,0ba8b813-4f55-4994-b32b-302ca4b441db,
967195eb-6644-40c5-b233-ed22fa73602b,b5c67a39-3362-4e3a-b0af-e9a0271c8c6e,0e1bce8f-dcab-48c2-929c-94bf98f9a96a,
505b5f0c-07b8-460c-8f7a-84481dd29312,b5c67a39-3362-4e3a-b0af-e9a0271c8c6e,1fb979b2-8172-4402-b8ed-b93253b5ae85,
2f258bb5-fcf5-4a76-a67f-d18e86bbbce3,b5c67a39-3362-4e3a-b0af-e9a0271c8c6e,25ca4410-353c-4b5d-b1dc-4f7c2a4c5575,
8c8ea798-6430-44e1-b291-2a0bbdcc8c63,b5c67a39-3362-4e3a-b0af-e9a0271c8c6e,29a272ff-8ad0-4f0b-9fc5-fc81af61e89a,
bdbce131-3357-42fa-8a16-e42b4394d062,b5c67a39-3362-4e3a-b0af-e9a0271c8c6e,2a5f5db8-f70c-43e4-a5c5-662513da7c85,
78313dc9-bfd1-4309-98d2-e00e11f739c1,b5c67a39-3362-4e3a-b0af-e9a0271c8c6e,2b027cfb-c6da-4958-9bc2-4d0ec3351c6a,
578ec794-4223-4a5c-832b-c80525c0ef4f,b5c67a39-3362-4e3a-b0af-e9a0271c8c6e,32ce58d1-9e55-4fa5-b374-d4f21525cd6b,
61d88567-5d88-4705-a7d7-6139abafc399,b5c67a39-3362-4e3a-b0af-e9a0271c8c6e,39f07b0b-a81d-4d6c-a418-5301c5535d96,
3d6056c1-d8f1-4146-8286-881fbbfcfa90,b5c67a39-3362-4e3a-b0af-e9a0271c8c6e,3cb4dd73-2751-4342-b494-cd91f203d76d,
6d35e840-2ae9-4d20-a8fa-d0492a7f0aee,b5c67a39-3362-4e3a-b0af-e9a0271c8c6e,3d699395-13b8-44ff-99c7-05aac2906099,
560ffe5e-739a-4ce8-a736-f00792298d07,b5c67a39-3362-4e3a-b0af-e9a0271c8c6e,460ac7af-e3e8-4cb3-9889-7c2376a29566,
6dee887e-fbe8-4aac-82b3-ab7baecc33cd,b5c67a39-3362-4e3a-b0af-e9a0271c8c6e,4bdafb89-cc8a-4aec-8250-2e4fc3cf267f,
973e7852-07ed-44b3-a2a3-d89e3923444b,b5c67a39-3362-4e3a-b0af-e9a0271c8c6e,4f9d2a03-314a-45a3-91e8-123e014768c0,
a8d14a4a-0997-4514-811c-e1e8c2c13afa,b5c67a39-3362-4e3a-b0af-e9a0271c8c6e,517d8e30-1672-4e70-b359-8ab905cb5caa,
e4e869b2-a813-4b02-bd8e-f75d9560c709,b5c67a39-3362-4e3a-b0af-e9a0271c8c6e,5482769d-9d48-4530-a512-9cc50e6eb4ee,
5dd1e243-613f-4849-8c5a-b38e8d4f78a3,b5c67a39-3362-4e3a-b0af-e9a0271c8c6e,5b8f1db3-54bb-47ba-96c2-8c626cbbfd81,
2e7cb5ac-2236-417d-b28b-eb5a4f09f00d,b5c67a39-3362-4e3a-b0af-e9a0271c8c6e,5d0fa3e5-af32-42e8-b6cd-b8a9851b3ea7,
8544990d-7e0a-401d-a7fd-d1d23984a61f,b5c67a39-3362-4e3a-b0af-e9a0271c8c6e,5dd88cec-ed8f-4add-a164-c96238841788,
fc247433-51bb-44dd-a810-5d29e63b5404,b5c67a39-3362-4e3a-b0af-e9a0271c8c6e,60d471b4-923d-45e9-9378-13ef6a8ebf16,
8de42804-b9bd-442b-a589-8b0e9ace23dc,b5c67a39-3362-4e3a-b0af-e9a0271c8c6e,64b2b915-2468-4a01-89aa-63003e6aa5fe,
33c518a3-7e4f-48d5-a96a-8fae0912aa7f,b5c67a39-3362-4e3a-b0af-e9a0271c8c6e,6c8c49e0-6e37-43cb-828c-9bfdf961a35e,
3b292660-901e-4489-a6e5-116d2b6e7926,b5c67a39-3362-4e3a-b0af-e9a0271c8c6e,6d2927bc-ee80-498f-943a-20ed24838080,
aa35f776-5fb0-4467-b31c-2e1d1eb3d1d0,b5c67a39-3362-4e3a-b0af-e9a0271c8c6e,7e0479d9-c8a2-41a1-b51f-11a48d7ca8db,
7bcf0160-4a57-47fe-99ae-7a6270ebab77,b5c67a39-3362-4e3a-b0af-e9a0271c8c6e,86a5a575-acaa-4416-9099-1e8acedb9701,
1a39ae18-a5c4-42e2-ad3f-dea6fdb7df0a,b5c67a39-3362-4e3a-b0af-e9a0271c8c6e,89cf2cda-d83f-4963-a628-373ff47889ad,
a9b43884-bf58-465b-84f1-2cb470276ed6,b5c67a39-3362-4e3a-b0af-e9a0271c8c6e,8ec268d8-47a4-4986-8054-a3de5173c776,
3d1d785b-ea7b-4b75-8286-1d2b8542115d,b5c67a39-3362-4e3a-b0af-e9a0271c8c6e,9f3913b2-4825-4e9d-8a9d-dc26e0154b33,
2dfe66b1-1a1f-4f90-91be-8811ee8de616,b5c67a39-3362-4e3a-b0af-e9a0271c8c6e,a4010461-19be-4bbe-95af-0f16e1d89933,
f1b3fdd6-ec7f-4e35-a17c-9684ea3e1a24,b5c67a39-3362-4e3a-b0af-e9a0271c8c6e,a4f6c839-a1b3-4fb9-96ca-eb482edb71e0,
c906f2c3-7036-49a3-ae29-7b4032e318d6,b5c67a39-3362-4e3a-b0af-e9a0271c8c6e,be9a1962-207b-4c3f-a282-73d26bb11347,
33bee5cd-26c8-4664-9d76-f6955391eb9b,b5c67a39-3362-4e3a-b0af-e9a0271c8c6e,c61fef32-56e3-4f3a-a3f9-602d5c882206,
dcdb8cf4-820f-42a5-80f9-fdacc6655b98,b5c67a39-3362-4e3a-b0af-e9a0271c8c6e,cd166b26-4939-402d-b004-b8dec06c3244,
f8833d2a-1e86-4c72-9c74-a021db8e2b68,b5c67a39-3362-4e3a-b0af-e9a0271c8c6e,cedae002-96f4-4894-a93b-f95fe49780b8,
4a12b2f5-f1f4-490c-b6a3-737929f7f524,b5c67a39-3362-4e3a-b0af-e9a0271c8c6e,cf45a88a-46a2-4ce2-abe2-3d93e64b7ae1,
2b839b8c-8cb4-4def-8c07-91067627f686,b5c67a39-3362-4e3a-b0af-e9a0271c8c6e,d597f70c-b732-402c-909d-439a42f6659e,
9a3e7a40-d78d-4203-b71f-83381135f809,b5c67a39-3362-4e3a-b0af-e9a0271c8c6e,da0b2bbf-d7d4-495f-a3b2-b32b8ae10e9e,
e58348be-a2b6-4403-b495-77b26e2da48d,b5c67a39-3362-4e3a-b0af-e9a0271c8c6e,da8dc7f0-969b-4a72-89f5-22ab82412579,
8a3e59cf-f2a0-4db4-8789-272ab40cfb88,b5c67a39-3362-4e3a-b0af-e9a0271c8c6e,dd31dc78-8f19-47d5-8f6f-35407d658a5c,
1a883436-5333-4ef3-a8c6-3b0fdff64ed5,b5c67a39-3362-4e3a-b0af-e9a0271c8c6e,e5a48523-d8c0-456f-91c8-598637d62e57,
97ef44d1-580d-4c48-8335-be75e09baf1a,b5c67a39-3362-4e3a-b0af-e9a0271c8c6e,edfd84f3-5705-44ff-af36-2a61bba0aac1,
5b8a40d2-138d-4c6e-a589-d22fb2ec8f3d,b5c67a39-3362-4e3a-b0af-e9a0271c8c6e,eef5e702-050e-452b-bd90-6a7b437e0981,
58e1938d-114d-4c5b-9fa6-3eb84cf6f5df,b5c67a39-3362-4e3a-b0af-e9a0271c8c6e,f2730add-d24a-4ed7-8218-989196e88372,
76febe74-b38c-4101-bb8e-55497ac5d566,b5c67a39-3362-4e3a-b0af-e9a0271c8c6e,f6c8c5d2-e3c7-4b03-8044-0347722ff09e,
d12c6b59-3e69-4e82-95b2-1a184f02f939,b74a3809-0f8e-4c9b-9e28-308d070fb607,0a3cd6ec-ec76-46a7-8d6b-3c500817357a,
0cd7d591-e629-4fc1-9a1c-969d89f2a977,b74a3809-0f8e-4c9b-9e28-308d070fb607,1810906a-84b9-4d9f-8f92-2ef801a2cebb,
b0d5d822-1f73-43fd-890b-7b76894a0009,b74a3809-0f8e-4c9b-9e28-308d070fb607,19a9b546-5664-4284-9000-f0b46e636a4c,
27b7fc9d-7705-4d0c-9a97-bf15dd620d0c,b74a3809-0f8e-4c9b-9e28-308d070fb607,1a5cfc83-dee1-4d67-8046-15adf1f6d60a,
6c0cd91f-6baa-41e9-8ba5-2fec6a31bf43,b74a3809-0f8e-4c9b-9e28-308d070fb607,1b019b60-26bd-4b72-a282-c1002f33bec2,
cc9e84b7-4e2b-46ff-84c3-e93dfbd18886,b74a3809-0f8e-4c9b-9e28-308d070fb607,2764ac8c-ff6a-45f5-903d-049cb12b9bc8,
1817bdf8-0ae9-4eab-b445-ba4d7d63d248,b74a3809-0f8e-4c9b-9e28-308d070fb607,2abba53e-8d57-44d2-b4be-76aad7b1753e,
1e40a066-5ecc-412e-8e5f-3f02144a93a1,b74a3809-0f8e-4c9b-9e28-308d070fb607,41de5fc3-d396-4e8b-85a8-2d4debe92388,
a19c8836-bccd-4415-8ee6-83b6d11120b2,b74a3809-0f8e-4c9b-9e28-308d070fb607,5555ce57-7ec7-48c9-97ba-4c4df2226fff,
9f7e3dae-cef7-4383-b189-9d17801495db,b74a3809-0f8e-4c9b-9e28-308d070fb607,5d29c139-d99f-4f26-bbde-9f6b4bd2d5c6,
33d64452-fb7b-4dfa-a473-6cd6977fa519,b74a3809-0f8e-4c9b-9e28-308d070fb607,6e898310-686f-444d-b271-9afeea0b816d,
12e89f70-982a-426f-96c3-282cba386488,b74a3809-0f8e-4c9b-9e28-308d070fb607,715273a9-ba54-4047-849b-96a2510d2dba,
8d120100-24ba-4a87-ab5f-1183d9b2a691,b74a3809-0f8e-4c9b-9e28-308d070fb607,748e8bb0-8295-4378-b99e-104860a4da59,
ae333e86-fc2a-451f-8bf6-4c0cbcf07b34,b74a3809-0f8e-4c9b-9e28-308d070fb607,7eeb9c73-9a41-4a65-b311-812cd94c7636,
d266560b-cedc-4c39-a1ba-7e45bebf6554,b74a3809-0f8e-4c9b-9e28-308d070fb607,82212b02-7d2a-4281-9c04-4ff010effba9,
f638a822-5ea1-4aa1-ad12-5dcb7eed6dd5,b74a3809-0f8e-4c9b-9e28-308d070fb607,8b807f17-84da-4292-b3b6-434ee82ddb88,
1c574907-c9ea-4943-92d2-1e770d010622,b74a3809-0f8e-4c9b-9e28-308d070fb607,8f812051-c6c5-4a15-bb88-bd33198665d4,
3f3e6bbc-f5e1-4869-930d-e43fc182b8cd,b74a3809-0f8e-4c9b-9e28-308d070fb607,98a6807c-9cde-49b4-8532-e1a482edee16,
0ebb04a5-91cf-4d41-aef3-5fa06a4bd95d,b74a3809-0f8e-4c9b-9e28-308d070fb607,a7c43c91-c156-44ca-a35d-2d56dab3e780,
c86c7fba-b80e-4b7d-bdf0-d163d06cfcc1,b74a3809-0f8e-4c9b-9e28-308d070fb607,b92e695a-b873-46fb-adc2-96319851d25d,
50d56cbd-8c03-4e19-a70b-9fad96c6bb12,b74a3809-0f8e-4c9b-9e28-308d070fb607,c2411d67-da5f-4615-9083-2a588b7d25f2,
3352cc83-e49c-4cb4-97c1-706d80d1422c,b74a3809-0f8e-4c9b-9e28-308d070fb607,d8c5b63c-ce00-4e3b-a79d-a1385e6509f5,
884c426b-3e10-42e6-95ea-b4e016f64b8f,b74a3809-0f8e-4c9b-9e28-308d070fb607,dc9a1c66-0dbe-4e32-b4f6-3afbf23639fc,
b33a84d4-0c07-42f4-b58b-797f14def280,b74a3809-0f8e-4c9b-9e28-308d070fb607,defcf430-fb64-49c1-a6a6-619e69ed3275,
50e84a94-30b9-42d9-8f9f-c75505c47785,b74a3809-0f8e-4c9b-9e28-308d070fb607,e1736129-8fc0-4196-916a-02f8e21f209c,
a31b5f1f-5f57-4f98-bf82-11c47914cda2,b74a3809-0f8e-4c9b-9e28-308d070fb607,e36e5822-6da4-430f-a2c4-d1d879be5026,
9c2af55b-2467-4c01-9177-ce9afce33506,b74a3809-0f8e-4c9b-9e28-308d070fb607,e747735d-fae6-4d2e-8446-1802874ed57b,
76ba4f0b-d8a3-4cda-be30-ab6fc154fc36,b74a3809-0f8e-4c9b-9e28-308d070fb607,eaaf65cf-f609-4bbf-a38d-35179c1ddd1d,
29e473a6-fcc1-4d11-883c-afc245aed06b,b74a3809-0f8e-4c9b-9e28-308d070fb607,f2f3c5a5-815b-48ce-a328-90684061d55d,
fb6d8bc6-d009-4657-978a-d2eaf39b6cd0,b74a3809-0f8e-4c9b-9e28-308d070fb607,fe612b12-6afe-4250-93e8-d42049b6efaf,
c5845854-7afe-49ad-a8e0-60b086a3715d,be71f8f0-3841-44f8-ae06-546f105cb2a4,109ee3d6-53ba-4572-9426-10397004a779,
65b29429-1801-4619-867a-9b740820df5c,be71f8f0-3841-44f8-ae06-546f105cb2a4,19a02f00-203c-436b-b797-23277bbba082,
1061d862-48b7-4f18-9860-8e90972da191,be71f8f0-3841-44f8-ae06-546f105cb2a4,19c5d238-9d48-42a8-b5a2-04ca0158fd47,
e3074ea4-a29a-4af5-a1ff-686d4576e1fe,be71f8f0-3841-44f8-ae06-546f105cb2a4,1c5e1b44-89d9-4dd0-88c0-414adbaea23c,
146fb1bc-c91f-4383-885a-6ef141bc67e5,be71f8f0-3841-44f8-ae06-546f105cb2a4,254fad1a-e2f9-4475-8fc0-9bc659b7adde,
b8d7e06c-4e36-4015-814f-8839ff97bd16,be71f8f0-3841-44f8-ae06-546f105cb2a4,33c345b7-22b7-423a-8d5a-0dbad2e5949d,
489ce864-a2c3-4d98-b466-e44701538a91,be71f8f0-3841-44f8-ae06-546f105cb2a4,457d8c26-760d-4141-9395-7a14e6ade036,
8b1b3694-ee47-4315-a379-d22d02f83714,be71f8f0-3841-44f8-ae06-546f105cb2a4,4789d846-9e79-4d34-a8f3-81ffbb12e3f8,
1547356d-df15-4467-8efb-96d803b1311e,be71f8f0-3841-44f8-ae06-546f105cb2a4,55d048db-7edc-47cb-bec3-d83b7c763f01,
ebfbdcfe-d36f-4fc3-991f-a01408b34393,be71f8f0-3841-44f8-ae06-546f105cb2a4,6285a6f2-4268-4193-9fcf-99d5ed496c2b,
24b65547-b217-4daf-9d45-b5d7c60df2f0,be71f8f0-3841-44f8-ae06-546f105cb2a4,6cbc1309-7349-4bae-957e-8fcf16545956,
73fb72bb-d07c-456d-b35b-5a1d2b5a909b,be71f8f0-3841-44f8-ae06-546f105cb2a4,6e047c96-f11b-4cf9-98a5-10c0adeec52c,
0f33dd95-1e85-4746-9556-47146577c5c5,be71f8f0-3841-44f8-ae06-546f105cb2a4,80a3843a-95ff-4d60-ae8c-0432cead041e,
9c66bde0-571b-48b8-a24d-0cb559aaf8aa,be71f8f0-3841-44f8-ae06-546f105cb2a4,86099e0c-5fda-4d0b-8023-1c6f8b0a6cef,
4b17c4bd-c917-48f9-81be-0e8048954276,be71f8f0-3841-44f8-ae06-546f105cb2a4,900d6269-f337-4586-b75c-ee9fd4844f7d,
c98f8005-0358-4504-a15d-c93e2ca8116b,be71f8f0-3841-44f8-ae06-546f105cb2a4,933766fa-cb60-4503-ad37-c490eec5ddc7,
79fe8f55-02d4-43e7-9b59-9c7fbaf0dcc2,be71f8f0-3841-44f8-ae06-546f105cb2a4,9a97a663-d5ea-4364-9f27-c0142a1c7e51,
fa554f41-ef87-4985-b292-1fdb934192ab,be71f8f0-3841-44f8-ae06-546f105cb2a4,a466db10-2522-42f3-a17c-b77b5e8496b0,
0705932e-d902-455c-90d6-47c352cdb277,be71f8f0-3841-44f8-ae06-546f105cb2a4,af84acf0-f40d-4b36-95f2-42678e5abf8d,
0094e7d1-c934-4155-845b-77a9a32ccbb9,be71f8f0-3841-44f8-ae06-546f105cb2a4,b2e3b634-5f30-484a-a221-7cc61a71b2fd,
e203b5a9-cd22-433e-9200-c251ba5c1ef3,be71f8f0-3841-44f8-ae06-546f105cb2a4,b477fad8-0ce1-4876-9898-303fafd88ae0,
0d05b6f6-e536-4d19-a2b7-3599b3ebc08e,be71f8f0-3841-44f8-ae06-546f105cb2a4,b5c1d252-622a-4f7c-873a-cd6de6c1bc45,
97a6281d-2a7c-4818-b3fd-a301739fe40a,be71f8f0-3841-44f8-ae06-546f105cb2a4,bead21ba-97df-4a6b-87cb-31292ff870e1,
8a05479a-629f-47d6-b428-9439d3b992cf,be71f8f0-3841-44f8-ae06-546f105cb2a4,becbe91d-d575-404e-90d8-0fbf0beddfbf,
dc6270ec-bd96-4ae7-b015-05988143d2a1,be71f8f0-3841-44f8-ae06-546f105cb2a4,c8c165a2-33c9-402f-af39-43e0f3fd7e41,
cd207a10-faa0-48ff-8520-369325108016,be71f8f0-3841-44f8-ae06-546f105cb2a4,d0d6f299-f238-4711-a738-efbdbe7f988f,
a7bfcaa9-1e26-4c37-acef-c23a6da6bc6a,be71f8f0-3841-44f8-ae06-546f105cb2a4,d6b05cfc-0bd2-4d83-9bea-54dd5774ac95,
c193ba53-1b30-43e7-99ac-537e08519eab,be71f8f0-3841-44f8-ae06-546f105cb2a4,d88dbdf2-c352-4cc2-9f85-59285d5b0fac,
2b3bdb25-ee14-42c7-9ece-acab093eda4a,be71f8f0-3841-44f8-ae06-546f105cb2a4,e1575c15-93ae-4c8d-8903-0fcc43919434,
50f8cba4-173b-4f3c-80ae-fb773314cdf7,be71f8f0-3841-44f8-ae06-546f105cb2a4,e7e5d446-6e63-4056-8f99-0e8285b41202,
7981404e-8c58-424a-843f-7b7d757125d2,be71f8f0-3841-44f8-ae06-546f105cb2a4,ea48b89a-1464-466e-8dec-20f58ce0ebbc,
7344b9fa-cc80-46e7-9a32-bb5df8470e34,be71f8f0-3841-44f8-ae06-546f105cb2a4,eb968f21-047a-4f01-ba28-8713e88a211f,
43529f29-e7eb-4660-abf6-638ed03d29a8,be71f8f0-3841-44f8-ae06-546f105cb2a4,f9ec18ba-a5e7-4604-a297-7069c2995fb3,
0c227993-e01a-43ea-8c78-bc1c1df234b9,c33d95a3-ab19-4a4b-89a6-e37039879e67,06f1ace9-fb1b-49a5-b925-7c32d24db123,
89eba1cc-f743-4735-88ac-e3c0f9d2f9b5,c33d95a3-ab19-4a4b-89a6-e37039879e67,1af3bc42-91cd-4031-a6b0-79bb282fba19,
01e43179-0bc5-4d8a-a2f6-1799cdf56be6,c33d95a3-ab19-4a4b-89a6-e37039879e67,22d755b3-42d1-4eac-997d-6d1c2aa576b5,
26340557-f068-46cb-adfc-eb1841db03ae,c33d95a3-ab19-4a4b-89a6-e37039879e67,24eea15a-cc1b-4a7e-9b0b-5cd96357ef24,
d5a49a62-b65f-4202-9de7-f75274671c2f,c33d95a3-ab19-4a4b-89a6-e37039879e67,253c69e9-94c7-47df-97e8-8a8113b36af3,
a61598c3-8008-4d5b-a2f7-24b860025947,c33d95a3-ab19-4a4b-89a6-e37039879e67,254c587a-e026-4993-a8a2-b718b8687d8a,
63789aef-ec47-4d84-8c08-c25f0a861cb7,c33d95a3-ab19-4a4b-89a6-e37039879e67,25a01f7f-1081-4f22-8f06-4ff8af6abfd6,
c463a596-eb25-4605-babc-481b5e719629,c33d95a3-ab19-4a4b-89a6-e37039879e67,2998c3ae-a275-4b3f-9676-ad2119d1ef29,
a46236c5-7866-453a-bc38-ae5b45a199e0,c33d95a3-ab19-4a4b-89a6-e37039879e67,3504a590-11e7-45d8-8670-2b9e91e477c5,
131c4ac6-1575-4008-bc2f-845908719757,c33d95a3-ab19-4a4b-89a6-e37039879e67,3ba11631-9358-4f29-8ff9-30b80b9803fa,
4413b9c3-7fc0-4975-8b4d-ed2fe933cbca,c33d95a3-ab19-4a4b-89a6-e37039879e67,3fbd9b2d-e6c8-42f1-bd7d-d31c5faf8a6e,
45f6cb83-c1bf-4e44-b4e2-40085f5be68d,c33d95a3-ab19-4a4b-89a6-e37039879e67,47e2970f-0f4e-48f9-8508-fcc485d467b6,
c3f390c2-716d-4c6a-a567-f889027229ca,c33d95a3-ab19-4a4b-89a6-e37039879e67,4e8e2cd5-a1be-4230-ae29-f569034f7e6b,
ed6b41ea-6150-44c2-b728-ad6cb62c3352,c33d95a3-ab19-4a4b-89a6-e37039879e67,64dc4a6c-3df5-44b4-8734-9ca2dcd8f7c1,
17f71fae-6c3e-4240-b631-ce98c03a8281,c33d95a3-ab19-4a4b-89a6-e37039879e67,832088ad-c101-4618-b463-7adcdd7b94d8,
a730cad5-8413-42b2-8c0d-f05828e20739,c33d95a3-ab19-4a4b-89a6-e37039879e67,9eaa018f-6f5d-4bf5-8856-7d90a57c05d5,
ea597843-4312-4164-b149-e07c7cfab9ba,c33d95a3-ab19-4a4b-89a6-e37039879e67,db9bd1fe-2301-485a-bdeb-c158560bf90b,
a49d166c-80e1-4300-bc21-00a460e2e246,c33d95a3-ab19-4a4b-89a6-e37039879e67,dbead876-5f93-42e4-a145-8690041886d8,
37b712a9-91d5-4597-ac4d-03c0f63efc5d,c33d95a3-ab19-4a4b-89a6-e37039879e67,ec32aa45-4f2f-4f0a-af65-78305ee81aad,
7cfbc8d4-746d-4ab2-9122-02ae33ca9f7c,c33d95a3-ab19-4a4b-89a6-e37039879e67,fe6c1baa-41bb-41b5-98db-1a5b23e54c4a,
9bb74262-8e1d-4883-afe8-ebe3e61d2ee0,c4692f6e-76fe-4849-b57e-f5171669d0c3,13c5ed56-63bb-4454-8163-702a79d6496d,
0730e870-962e-48f9-bb50-3169f9045d0f,c4692f6e-76fe-4849-b57e-f5171669d0c3,1a7912d5-3718-4af3-9f1f-e07bebe3af58,
3b6c99d4-eda7-4e02-b9bb-920de2b77cf1,c4692f6e-76fe-4849-b57e-f5171669d0c3,1b08442d-32ff-46d6-af05-77eaf57bcd11,
19dcc8a9-d7ce-4c51-b10a-26d7bf7b5379,c4692f6e-76fe-4849-b57e-f5171669d0c3,1fb50903-3d1e-4851-bcfc-913256aac841,
75106ef2-d567-40d7-b7eb-a18b1198f022,c4692f6e-76fe-4849-b57e-f5171669d0c3,253ebe5d-868b-430d-af95-9d143c9afb33,
80a13384-199b-402b-bffc-fbf14cc17b03,c4692f6e-76fe-4849-b57e-f5171669d0c3,267e7980-af61-437e-a3f7-ac10e89cc94c,
04167fe9-a682-4bac-9553-a21f111538d2,c4692f6e-76fe-4849-b57e-f5171669d0c3,27ec3cb9-9420-4c33-8f16-82a00cc21697,
95648b02-3cc6-4766-ac5e-24ad5af97d19,c4692f6e-76fe-4849-b57e-f5171669d0c3,2a593042-f500-4227-8e2f-28d9d7f5fd67,
bf56636f-a048-478b-b422-fb8abed87740,c4692f6e-76fe-4849-b57e-f5171669d0c3,2cc59c5b-0db2-49a5-a0ed-98bd9fc16902,
e5d371bb-4ec4-4292-a0f8-ceabcc3586bf,c4692f6e-76fe-4849-b57e-f5171669d0c3,332c5646-9b83-4e50-bece-bc2f20d34ee7,
9588f4b5-0de8-481d-a814-1ee421652bdc,c4692f6e-76fe-4849-b57e-f5171669d0c3,338b46b7-2d2a-4ba6-b926-4c31a2155b79,
4ced9c34-9f37-4a0c-8ffd-f5ec0d70b2ea,c4692f6e-76fe-4849-b57e-f5171669d0c3,34fcb2a3-1e58-45ca-ae4e-7b181fc351e4,
9c8921a8-1568-411e-96c6-c94b2a97da3f,c4692f6e-76fe-4849-b57e-f5171669d0c3,3522659f-cd68-447c-a7ce-d47d8d9f7631,
a0ac31d9-8438-472b-aec2-3ed77271c861,c4692f6e-76fe-4849-b57e-f5171669d0c3,370302dd-a52a-45ad-a57d-b7a2d11c84a9,
ca69b430-109e-46d8-945c-fb3d8b5e278a,c4692f6e-76fe-4849-b57e-f5171669d0c3,4497d7fb-0f3d-4134-bcf8-5146d4b39b2c,
5dcd1071-f80d-4be2-8ac2-90634d9d119b,c4692f6e-76fe-4849-b57e-f5171669d0c3,47ac8b57-e18f-4ffd-b932-adaa6615203c,
5a90684f-8e18-4fad-9355-db97d62736b9,c4692f6e-76fe-4849-b57e-f5171669d0c3,47b322fa-d0c9-40f7-a375-d1829dd385a2,
9eebc3f4-49df-403f-8772-fc85e039ac14,c4692f6e-76fe-4849-b57e-f5171669d0c3,4da9d4d0-acff-4f5a-a466-8cdacf7b6d08,
5fba9a49-b0ad-42a4-b848-a7c1963d9432,c4692f6e-76fe-4849-b57e-f5171669d0c3,572a12e0-3614-40fa-a666-b5a33fe72cfc,
8a44461c-9cda-4a96-9b55-b7e3b268a4ca,c4692f6e-76fe-4849-b57e-f5171669d0c3,5dc86e89-4900-42ae-85ae-42001dc58628,
337c6ee5-b72a-4456-b817-1abcaf3c3a24,c4692f6e-76fe-4849-b57e-f5171669d0c3,5ee6d22f-f24d-49bd-8bcb-0e152d7635da,
b2b085dd-33ee-47cd-af02-92d3dbfb1055,c4692f6e-76fe-4849-b57e-f5171669d0c3,650fb9ad-ceb1-4843-8f44-2125a4afd6a3,
3afb64ae-325d-4f01-900c-ba9717fee004,c4692f6e-76fe-4849-b57e-f5171669d0c3,69abff00-8b1c-4e27-b737-b5d1a9f29c14,
606e8693-790b-4366-a95f-bed1a1a29c8c,c4692f6e-76fe-4849-b57e-f5171669d0c3,6ebb59f9-5d26-499e-835b-bbc9618484c5,
b4e2ff33-6810-4e32-99e9-ad189751c0ae,c4692f6e-76fe-4849-b57e-f5171669d0c3,724fd05a-7d9c-4ac1-b965-463d50c68eb6,
43afe30d-96ca-4de4-aef8-6b1f672ffe1a,c4692f6e-76fe-4849-b57e-f5171669d0c3,7895b4fc-f74f-4738-9775-0a753e82b5d5,
0bf534f7-2e1d-4e98-98ee-5d11c6cb50d4,c4692f6e-76fe-4849-b57e-f5171669d0c3,7b058677-33ff-427c-a80e-357b3c1875ba,
6a8e5f27-e996-4a94-9f81-b6f465234942,c4692f6e-76fe-4849-b57e-f5171669d0c3,831dfa97-47ca-419e-89b4-8c36da72cccd,
9f113672-b1ff-4515-bc0c-378c7eba1784,c4692f6e-76fe-4849-b57e-f5171669d0c3,83f0dd8e-679c-46e7-80d2-c6457fc0c427,
ca9cb4d3-0681-4bc2-aa1f-9c36d3fcdc58,c4692f6e-76fe-4849-b57e-f5171669d0c3,8721cb8c-b909-4ff8-bf49-c92c1501d6ac,
65e1a43a-491f-4561-9274-61bd18d6cdef,c4692f6e-76fe-4849-b57e-f5171669d0c3,87de8498-e771-41a0-9ef9-dc46c143f838,
18601303-2e49-43d5-b10e-725bb375e015,c4692f6e-76fe-4849-b57e-f5171669d0c3,88b0d024-b1ec-46fc-be51-e1e23f74c8cd,
5e9a5601-31ca-4cf9-bdae-c68581aa4ff9,c4692f6e-76fe-4849-b57e-f5171669d0c3,9218eb04-ca0c-4fed-9c04-4d517bb58c0e,
adedea42-4706-4316-a5e6-7dea21d9a237,c4692f6e-76fe-4849-b57e-f5171669d0c3,9f1b790f-e465-49c6-99b3-ee591a74295f,
07b6ca84-595f-4727-955b-60d7fac03727,c4692f6e-76fe-4849-b57e-f5171669d0c3,a5ccc392-3710-4765-b20e-52db64bc2a22,
c8372443-c572-4d86-86b6-9f82eae42bf3,c4692f6e-76fe-4849-b57e-f5171669d0c3,a6b2154e-b91a-4708-9b17-e5b62d20f100,
e05c63f6-c700-4b1c-b338-5bde68062b7c,c4692f6e-76fe-4849-b57e-f5171669d0c3,abf5047f-a601-413d-b581-8c038adcd3f5,
add109c0-3335-4f5c-bb81-954e1a1d5cd2,c4692f6e-76fe-4849-b57e-f5171669d0c3,b164e43f-f752-4ae9-ace9-c5fc5f9ccd13,
4bf0eae3-5a86-454d-b1bc-465b071cfa2a,c4692f6e-76fe-4849-b57e-f5171669d0c3,b4cd2f2d-90eb-411d-a96c-8224f09fffa8,
0a15e85b-b341-4310-9ab7-b97855b16d92,c4692f6e-76fe-4849-b57e-f5171669d0c3,bb72b36a-3f7c-4f5c-bc2d-460da53ee24f,
85ab38c7-a81c-403e-ad25-df1652fe9540,c4692f6e-76fe-4849-b57e-f5171669d0c3,bcd68318-af42-444b-b4bb-57e9c0b8ec65,
a2543e75-4df6-4e12-900a-3c43962f6d1b,c4692f6e-76fe-4849-b57e-f5171669d0c3,bfb24be3-95a4-4563-9219-dc627f48fd8b,
625bbade-eab8-4e4c-b9f3-dee8b20b027b,c4692f6e-76fe-4849-b57e-f5171669d0c3,c307d35b-a3da-41de-9e14-0d48ee299869,
ee90ee98-aee9-4c5c-bd17-016669da0f5f,c4692f6e-76fe-4849-b57e-f5171669d0c3,c3920bf2-df23-4f72-863d-f6e9c860707f,
e36eddaf-6178-4509-8a59-81e84a59d282,c4692f6e-76fe-4849-b57e-f5171669d0c3,d9b74484-cfe9-44ba-ac07-06fbf77952a3,
9bbbe1f1-09c6-4925-a75c-68294b65b176,c4692f6e-76fe-4849-b57e-f5171669d0c3,dde16a5f-04f2-4a18-8586-73e919042d29,
2915fc4c-8651-4a5e-b7d0-0999f2663f6c,c4692f6e-76fe-4849-b57e-f5171669d0c3,e5464099-c23b-4d51-b56a-052ec2648d34,
f4724dcb-3759-4ed7-b6e3-03578acccb9f,c4692f6e-76fe-4849-b57e-f5171669d0c3,e6061430-7ef6-453d-a971-b03df3a36063,
19c55262-1ad6-4f71-9770-9ad18dcf2a50,c4692f6e-76fe-4849-b57e-f5171669d0c3,e637edf6-f006-481d-9e12-26f43c80362c,
8717fd50-6faa-4385-99c2-291e14ebeb19,c4692f6e-76fe-4849-b57e-f5171669d0c3,e6aabd62-6274-49f2-828b-8296fb0c218d,
56b9ae8c-52ab-4242-adeb-0aaf1535d742,c4692f6e-76fe-4849-b57e-f5171669d0c3,edf42b05-4c37-4012-a6dd-2b1c400a540c,
ade7ed6f-2364-42ac-afc4-ba789a7b0138,c4692f6e-76fe-4849-b57e-f5171669d0c3,f665c156-dcc1-4c28-bc01-b4d0d5dc7aa8,
bd85fc5d-1430-48ac-85b6-5abb9fdda694,c4692f6e-76fe-4849-b57e-f5171669d0c3,fa5bb139-c7a4-4651-bd8d-56f11b8b3563,
487b5f91-d2e5-4f4b-8ae2-e2ecca2da0df,c4692f6e-76fe-4849-b57e-f5171669d0c3,fc9fbc7e-d778-4b6f-8bca-51f0c3811c8a,
542684b8-1d18-4053-994a-6e8da8296700,c4692f6e-76fe-4849-b57e-f5171669d0c3,febc7f7e-2e70-4f93-b5d5-d8f7b9095267,
9b123617-11ba-4b00-9aa9-4a194c9a9f26,c4692f6e-76fe-4849-b57e-f5171669d0c3,ffaf2c1e-d225-4bec-a634-4de84e8a1a8b,
a5d3d468-5930-467f-85aa-1e40de97a74e,c5b3503c-4391-4058-8ace-572e4d21337d,001c10ad-bb07-4f9f-9f07-d77abf72b631,
594f72bd-f424-4420-a7ef-def9798c5006,c5b3503c-4391-4058-8ace-572e4d21337d,0237c94e-7de7-444c-a000-137d6ae213f2,
84d6f7c2-81ee-47b0-9c6a-79e0efc67293,c5b3503c-4391-4058-8ace-572e4d21337d,03ff9d0a-d569-4bc5-8be2-7f53d53891d5,
f31957c1-2172-4ddc-8197-b4b8d3c39c1d,c5b3503c-4391-4058-8ace-572e4d21337d,0597cb18-3aba-4716-be3c-3d8b24547cf5,
cf28a429-55c2-4e3d-bf3e-1d938558198b,c5b3503c-4391-4058-8ace-572e4d21337d,091b5a99-aa69-465a-b771-c2b8cd739800,
44f98136-a2c4-45fe-904d-c8a7c2d365cd,c5b3503c-4391-4058-8ace-572e4d21337d,103df31c-80e4-4323-bbd4-fac72570e577,
866e8210-53e5-4070-9bed-6d0c221d33ab,c5b3503c-4391-4058-8ace-572e4d21337d,13913534-d187-4ac3-b9e7-6cdbbe997dbc,
bb179d72-7701-4598-94f2-ee5eb97a7cbc,c5b3503c-4391-4058-8ace-572e4d21337d,16af31f5-e53f-4699-bd01-53a11ebe840f,
1cbc7d0a-301e-4d0c-9908-71da84c49a8a,c5b3503c-4391-4058-8ace-572e4d21337d,1d9253a8-42a0-45f7-96c9-dd8126504248,
0c410d15-cfa1-4680-bf97-3b880cdb8625,c5b3503c-4391-4058-8ace-572e4d21337d,1eb82843-af26-4b42-97a0-b23c3e60e862,
f7230b2e-54bd-4a08-af00-d1a60d739096,c5b3503c-4391-4058-8ace-572e4d21337d,22e6429f-4e78-42d7-9122-21995e9fd6bb,
0ab58c91-36c6-4884-9967-85cf3190cefc,c5b3503c-4391-4058-8ace-572e4d21337d,23614e3c-6638-49da-bb83-3cf2db06f435,
d7d1c125-6c75-455a-b6b3-507171e4f029,c5b3503c-4391-4058-8ace-572e4d21337d,2387033b-0568-4653-b2ee-b9f9172708a3,
5350f917-2486-4629-90e9-73c362e2380b,c5b3503c-4391-4058-8ace-572e4d21337d,25a4bdb8-772f-4e0a-8a1a-62c9d55fb9ca,
0d8775d7-03ae-47ce-b949-e9dc9f8d8c17,c5b3503c-4391-4058-8ace-572e4d21337d,29aa67f2-e616-4fdb-a1c5-cc753e480bce,
787068c4-d0e5-4f92-ac7c-a20df5ed8400,c5b3503c-4391-4058-8ace-572e4d21337d,2f0c6358-938d-4fda-b2eb-446b161b19e6,
22a2cb1a-11a5-48fe-b52d-948096b89e67,c5b3503c-4391-4058-8ace-572e4d21337d,343314f5-87bf-42bf-a4a7-7099a7d56deb,
2f0b466b-0f2a-44c5-a99c-8d1916fd86ef,c5b3503c-4391-4058-8ace-572e4d21337d,37f636fc-a457-422d-b2af-d0f034656ea3,
c3871983-ec89-4380-80f9-62753b7fe611,c5b3503c-4391-4058-8ace-572e4d21337d,3bb3c32f-aebc-44c2-bb3f-81d4ef7727a5,
0ccb0b59-0dd3-4a62-9e38-540eee5908f8,c5b3503c-4391-4058-8ace-572e4d21337d,43990692-280b-484d-bf17-0d85fae2d534,
64a90c3f-d42b-4a44-add1-5e5649fa93b5,c5b3503c-4391-4058-8ace-572e4d21337d,446a0369-689e-4c20-b834-e318c4ec0eac,
87a9e3a9-0a94-4150-bcb4-49d352abad20,c5b3503c-4391-4058-8ace-572e4d21337d,44c52317-abc9-43d7-b680-17bb0e489f81,
c34ca348-8f37-4ca5-820c-f8a3105a0937,c5b3503c-4391-4058-8ace-572e4d21337d,489263df-e7c8-4a70-9301-34ea85a0831d,
3f25112b-7485-4ace-86c1-f192a7c34ef5,c5b3503c-4391-4058-8ace-572e4d21337d,4a4966b2-4f78-4b92-8695-35237c387845,
de5c615e-8bc1-44a3-9829-6a9d4425db9c,c5b3503c-4391-4058-8ace-572e4d21337d,5001a55f-8e7f-470e-8727-4d6b1dd60b7c,
5f3065c2-d621-42be-9d92-74455ce948d3,c5b3503c-4391-4058-8ace-572e4d21337d,5658329b-3d30-4f02-bf94-bd16766e500c,
7638770c-34f7-4e2d-b903-652eedbffdff,c5b3503c-4391-4058-8ace-572e4d21337d,57969ad6-4a8e-4015-bb88-2165c9ba2eb3,
be2c0d0c-ba43-4a78-b82c-dd09f657c57a,c5b3503c-4391-4058-8ace-572e4d21337d,58af5f49-978f-49a5-b9bf-45c5d2a6c4ef,
7f02be01-aac8-4ff0-b858-60e473a844cc,c5b3503c-4391-4058-8ace-572e4d21337d,649b201e-d7d1-47db-aedd-ec5b668a16e4,
93860b55-5388-4d3e-83c3-aed4d3aa83ea,c5b3503c-4391-4058-8ace-572e4d21337d,65ca813c-2b5a-4de4-9473-5944a6926e76,
d8675dc1-592f-47cb-96fe-fcd65538d25d,c5b3503c-4391-4058-8ace-572e4d21337d,6846e377-044b-4cf6-bb8f-4b9768a38f22,
22e56abd-fd30-4c06-85e6-2f2f8ea7b452,c5b3503c-4391-4058-8ace-572e4d21337d,6d3bef37-dbdf-450e-9568-27e006cb55db,
f89255da-11cc-4edb-9ed2-0bcf3cd93de4,c5b3503c-4391-4058-8ace-572e4d21337d,703ea1e9-1142-4dcb-aa39-02b1133378f1,
d05314a8-4385-4fc3-b83a-0f9bc05150e3,c5b3503c-4391-4058-8ace-572e4d21337d,7073fca8-57a3-4b99-9f04-f4e7ae3da497,
d52b0e02-170a-445b-8485-05f7f92df6f3,c5b3503c-4391-4058-8ace-572e4d21337d,70c3e268-607f-4295-a6c7-35cf4c9ce91a,
1932cf79-59bd-42ee-8420-d297bb0198e3,c5b3503c-4391-4058-8ace-572e4d21337d,7214aa45-1056-4f0f-b0ec-6a8119df5c2b,
eaea04b8-c58b-4656-8e6c-5866dd55a3df,c5b3503c-4391-4058-8ace-572e4d21337d,72634f70-6c09-4023-801c-277d7c6eaac0,
ca1c761f-e4f3-4aa1-971f-bcfbb321de8a,c5b3503c-4391-4058-8ace-572e4d21337d,735b41e5-f793-41be-acb1-78b5beba2421,
261f8a91-879a-47e7-b504-900a1482260d,c5b3503c-4391-4058-8ace-572e4d21337d,73b8dd58-54c1-468b-887b-77aa0268f266,
9f1fe0f6-f021-4cf7-86c6-c17b4e610fb0,c5b3503c-4391-4058-8ace-572e4d21337d,7a62667e-2433-44f4-844a-cefb4331bbc6,
95150417-e592-4a77-bedc-862051bd5cd2,c5b3503c-4391-4058-8ace-572e4d21337d,7b6a8f89-a8ba-4d05-b825-6b28111309ac,
d50c8bec-dbb7-497a-8bb0-d3d8796abbc7,c5b3503c-4391-4058-8ace-572e4d21337d,810fa771-97b3-4251-af71-3171d18f47e9,
0d1a84b5-34fa-4117-893e-20b75444bd40,c5b3503c-4391-4058-8ace-572e4d21337d,8221ad9d-3f38-4a05-bf8d-41f3b6e3e143,
20d4b576-2e6e-4c76-9864-0791ea7bc2d7,c5b3503c-4391-4058-8ace-572e4d21337d,82816993-1975-4491-b942-47f54a849d66,
dfe90aa9-3f48-4b6b-aa5d-b0b6e88b2724,c5b3503c-4391-4058-8ace-572e4d21337d,84df8919-3955-4457-a56e-0641e63f8ea5,
6159c524-4bab-4bb9-8394-a7772fa3f05f,c5b3503c-4391-4058-8ace-572e4d21337d,8724b2b2-a3d0-4c9f-867f-433ad033555f,
027fee74-f68c-44fc-b066-03a4cdcacaff,c5b3503c-4391-4058-8ace-572e4d21337d,889b676d-730e-4df3-8963-b41076f58ce2,
cf286fec-5fac-47f7-a87b-68896da28f43,c5b3503c-4391-4058-8ace-572e4d21337d,8aeba960-bd64-4681-a52a-fa4acec8a556,
e7ddaf11-41cd-4d18-9375-3133cc08dfec,c5b3503c-4391-4058-8ace-572e4d21337d,96af0133-1a70-48de-8dcc-1957e4175ce0,
cc67cf40-4002-4e0e-a52d-8c2d9757ea8f,c5b3503c-4391-4058-8ace-572e4d21337d,9a8154ff-455e-4c1b-bd77-63d71c1d39ab,
66b0c5e7-6cab-462a-ac55-fe093a350ab4,c5b3503c-4391-4058-8ace-572e4d21337d,9b3d8076-1295-4d01-92f0-8ee684246c02,
8130542b-8c2f-4c26-a80a-d0aca91cd4ca,c5b3503c-4391-4058-8ace-572e4d21337d,a15bbdc4-33a6-410a-b6a9-efbb3e15e41e,
7afd9fe6-9c36-43f6-afa6-0436345f07a4,c5b3503c-4391-4058-8ace-572e4d21337d,a1a044ba-ca30-4283-a3b6-3640ecdfd1ee,
547605a0-8a39-401f-aa7e-b91108888193,c5b3503c-4391-4058-8ace-572e4d21337d,a366c6de-3a1b-4b3f-a352-a51a4a6bf4b0,
187c9e80-b13e-449e-982c-3c770c1f7f21,c5b3503c-4391-4058-8ace-572e4d21337d,a5db2f7c-9efb-4a00-b6db-389357d2e9a2,
8f838ec8-39cc-4f60-a224-fef8129e699a,c5b3503c-4391-4058-8ace-572e4d21337d,adc8a911-4f0b-46a0-b84f-3e2c3573d6fa,
d0baf380-3996-4844-8f56-abe8882817fd,c5b3503c-4391-4058-8ace-572e4d21337d,af805839-d748-45a3-a1a1-ea627270e490,
932f7735-0b1e-4827-9b2a-adb378b92083,c5b3503c-4391-4058-8ace-572e4d21337d,b095b438-8b2e-4474-9c85-462ceec44569,
f5bd5288-369a-4168-b5fd-f252712d3727,c5b3503c-4391-4058-8ace-572e4d21337d,b1f4da64-323b-4b7a-a2c7-c50fd17ef387,
3a1fb0cd-7d21-4307-8a5e-5b247e9d1cf5,c5b3503c-4391-4058-8ace-572e4d21337d,b552974c-af2b-481d-9233-4a5b0d005a8d,
06d442de-e75e-4f72-8af6-da450350b72f,c5b3503c-4391-4058-8ace-572e4d21337d,bb266855-cbed-4add-b0b9-cd4ec6f1608e,
5c3d63d8-eac6-408c-8714-3952029489b2,c5b3503c-4391-4058-8ace-572e4d21337d,be7eb91f-d045-4533-878e-703241ed16a6,
bc3d66d5-217e-4ad8-878f-16e9361ddce4,c5b3503c-4391-4058-8ace-572e4d21337d,c11299c2-9643-4ced-8b29-8aec9a2a0884,
e8867157-5bd3-4faf-b9ea-79984f4cb5d1,c5b3503c-4391-4058-8ace-572e4d21337d,cc28b531-2282-42e3-8b36-fc116d3471e4,
de955e73-ca38-420e-b7d9-506f6d9e536c,c5b3503c-4391-4058-8ace-572e4d21337d,d033cd63-356c-4f71-af4c-5fb03c05cd37,
e0368571-f08f-4741-86aa-c5d0841ecd31,c5b3503c-4391-4058-8ace-572e4d21337d,d1f1046e-dbfa-4c94-b48d-e55d1c6948a1,
38350699-d7ad-47ca-acc4-8056a09ef0e3,c5b3503c-4391-4058-8ace-572e4d21337d,d1f69ab6-fa6d-4820-bd26-59e9f3f84791,
a42a4687-4c61-4ef2-ba6d-f0a6a4d26143,c5b3503c-4391-4058-8ace-572e4d21337d,d5b3a516-1ff9-4345-954d-4aefb9ccb7b2,
99b8ce5f-f046-4f9e-ae97-44920ed752ce,c5b3503c-4391-4058-8ace-572e4d21337d,d5d22fc5-319a-48c9-900d-009cefe89d58,
e4ed4dd8-286d-4388-bab4-f5c1940ecd46,c5b3503c-4391-4058-8ace-572e4d21337d,d7b4e866-56c8-4809-8efa-90daef0b7f73,
8c367723-195f-4eec-8dc4-bacb0d6b2f4f,c5b3503c-4391-4058-8ace-572e4d21337d,d89713cd-4dde-43c8-833b-e105b3a58576,
5b693623-388e-4d95-924b-8bf84994b01f,c5b3503c-4391-4058-8ace-572e4d21337d,d8f43779-8e5e-4908-94fe-91210341ebb3,
d75c0906-8b5b-49e9-80f1-c300da1f7bb8,c5b3503c-4391-4058-8ace-572e4d21337d,d9a5a0c8-c796-480d-829a-719b75f68a28,
c47b04f4-9250-4297-bb84-983b496d2143,c5b3503c-4391-4058-8ace-572e4d21337d,db19f20f-0997-43d6-a5a9-a17fe9a6c206,
4be3defe-cfd7-4a35-bb42-969e4a8fb329,c5b3503c-4391-4058-8ace-572e4d21337d,dda7ca4b-4c8a-4849-bc76-341b77216f9f,
02f85e99-dcaf-4ad3-a59e-685556cd3252,c5b3503c-4391-4058-8ace-572e4d21337d,e12f808c-fdf1-4ac3-aa6a-09384292224b,
1b42ab75-2047-4336-8460-6d6c78f7165d,c5b3503c-4391-4058-8ace-572e4d21337d,e261984d-e67a-4b97-8738-f538a428ac7e,
f15de045-a275-4b6d-8059-de35ad2d0c8c,c5b3503c-4391-4058-8ace-572e4d21337d,e4794370-8db4-43db-b20f-617504d716aa,
2a623f20-051a-4c5f-98ef-d11369a184e0,c5b3503c-4391-4058-8ace-572e4d21337d,e49d6bc9-971c-491d-8b5b-f7a6d9dfcba3,
bfdc59f9-d9ef-43e1-8e00-7b71d3b84767,c5b3503c-4391-4058-8ace-572e4d21337d,e679692f-93d3-4bd2-a9c9-5da39fc16561,
ca96f400-2e91-47cb-a01e-8b2010dd0c9a,c5b3503c-4391-4058-8ace-572e4d21337d,ea185513-f19b-4a42-8fae-95b8c9252541,
a33bf2d5-6fe4-414a-a84d-522b3255a4c0,c5b3503c-4391-4058-8ace-572e4d21337d,ea18997e-55f9-451a-b1bd-183d798e68f4,
9b920b2e-dfbc-4db3-8eb3-4a630e19bf03,c5b3503c-4391-4058-8ace-572e4d21337d,ec1ec81d-f715-4615-a2d3-47a32f842022,
1068773d-f6d2-47c7-814e-82b6c0042458,c5b3503c-4391-4058-8ace-572e4d21337d,eeff7bf8-c7f9-4c44-8363-bba676ff3e79,
4a19222b-2d73-4500-bded-e9a2fad865f4,c5b3503c-4391-4058-8ace-572e4d21337d,f095bbbd-405f-446f-a544-a682aad41945,
23d88355-37ea-4a24-bc25-f781af22d9c3,c5b3503c-4391-4058-8ace-572e4d21337d,f9390c76-5682-42f1-8888-2d62c0c47d45,
d133c72e-35d7-4f93-b90b-4f6f3105b13a,c5b3503c-4391-4058-8ace-572e4d21337d,fad1b437-68d2-468a-8c20-b0bd641c1057,
3cb28900-a0a8-41b0-b15f-6f42f6d1f7c8,c5b3503c-4391-4058-8ace-572e4d21337d,fadddec1-de0e-4889-a086-8f3a30514ca2,
02d328de-8d8c-4228-a9e3-b3e668de7300,c5b3503c-4391-4058-8ace-572e4d21337d,fd3808a7-5d89-4a55-b34b-84a82e1fd168,
573bd168-9725-44b0-9f32-e313a9458107,c5b3503c-4391-4058-8ace-572e4d21337d,ff1ce771-a8d8-47ef-b291-9fcd61045b34,
b8f90f1a-4cd1-4bb0-a6f7-c69c07b50f2a,c991bb7e-2f67-429b-ad3a-91956cc55a85,3938149a-3cdd-40ac-90f4-f84635a65b8b,
9309c02e-aac9-4c51-8eb0-970ed4a428ca,c991bb7e-2f67-429b-ad3a-91956cc55a85,cde8b2dd-a347-402d-89e6-83e9d1f6e013,
fbfa2ba4-a466-45d0-b4c4-9b6fec5fb5b4,c991bb7e-2f67-429b-ad3a-91956cc55a85,e8ac53b0-61dd-449d-82aa-861d74621817,
33d3a9a3-8a62-420b-9f1d-e6b099031151,c9dc710e-4827-4180-a345-1e3e78b8c993,109600cf-1112-43c0-b5ce-8f8b9820da94,
70cdf5bb-9302-4046-92ca-b0ad352092e5,c9dc710e-4827-4180-a345-1e3e78b8c993,11348194-de66-41e4-8194-e4d2a9f663d2,
cff54a99-9e8c-47b8-96e8-7fb7c4d3c431,c9dc710e-4827-4180-a345-1e3e78b8c993,13e960cb-5eca-432f-8019-6a9045ae3907,
730b4ac3-7b32-412b-9085-d1102b6006bd,c9dc710e-4827-4180-a345-1e3e78b8c993,172508fb-08ec-48b3-aaf2-947236319e97,
b34981eb-431d-405f-9b48-acaf466e376e,c9dc710e-4827-4180-a345-1e3e78b8c993,1c045b11-24ec-44ea-827e-5e7148a2de3d,
dae570af-514d-43b9-84ee-a6caf7addc3e,c9dc710e-4827-4180-a345-1e3e78b8c993,268de39d-2eef-4814-a928-7f7d4ee398e0,
427579a5-a016-49ca-95ff-2858f32d798e,c9dc710e-4827-4180-a345-1e3e78b8c993,358b12c3-93f7-4b17-a841-e8451c73b064,
24983f06-a679-4b06-b74a-691ecd83ab41,c9dc710e-4827-4180-a345-1e3e78b8c993,41686be8-91d8-475c-883a-5a3b6e292f8c,
598fd0e7-4618-465a-a7c6-1673ef649be7,c9dc710e-4827-4180-a345-1e3e78b8c993,4551f4cc-3310-4feb-ad36-dfa644b50882,
7ad26260-4c86-4a99-a602-18c7aeb287a6,c9dc710e-4827-4180-a345-1e3e78b8c993,4ea07fa9-aa58-4cd9-9154-636ce3dc3b90,
3d459a5d-df8f-415d-b634-c348529156dc,c9dc710e-4827-4180-a345-1e3e78b8c993,5401b8aa-6525-461c-9022-317f2aee8835,
3a1d997e-2a64-4497-8e66-0ff1ccda87a1,c9dc710e-4827-4180-a345-1e3e78b8c993,5511f3f2-7c61-48e5-b316-d311effcc570,
d0a47e49-8926-44b8-93c5-c2553174e7fd,c9dc710e-4827-4180-a345-1e3e78b8c993,55870104-ed58-44e2-9739-74e5f25fc171,
2064c2c0-ceae-4cf7-81f5-16dfbe49889e,c9dc710e-4827-4180-a345-1e3e78b8c993,65976c58-7036-4b3c-8b2b-5d8936e76acd,
2afb1090-a4d3-4eee-b232-5d2e8450e57c,c9dc710e-4827-4180-a345-1e3e78b8c993,6dc1a7d1-89df-4c4f-951d-f695515ae56a,
15df9c0a-be79-4e23-95eb-b044d8470592,c9dc710e-4827-4180-a345-1e3e78b8c993,73895ff8-bc3d-4846-91bc-8a1e96ac420b,
083e2d3f-0128-431d-a6a1-460d432cd8d1,c9dc710e-4827-4180-a345-1e3e78b8c993,745cd35e-a6ed-4b25-8934-1afadd849320,
c53775c6-d287-4cf4-aff4-9a07f60a8c34,c9dc710e-4827-4180-a345-1e3e78b8c993,8932b869-b0f8-424d-b53c-047731bba795,
b0acdbb4-9fe2-4aba-af7b-19aac5f75162,c9dc710e-4827-4180-a345-1e3e78b8c993,8e228e25-340c-4a24-9f03-04f05657cc07,
90f68dd7-a19e-4ff8-87b5-06f75afe02ee,c9dc710e-4827-4180-a345-1e3e78b8c993,90e902fd-bab8-460a-888b-60d2b76460fe,
3070bc3e-cffd-4491-b18d-95a26187bc99,c9dc710e-4827-4180-a345-1e3e78b8c993,9afb12d3-53b0-422c-8134-5751e455b713,
5d162ced-6407-468a-a530-b1da57b2cdbf,c9dc710e-4827-4180-a345-1e3e78b8c993,9cfc9034-1493-48cb-a8af-bd1df60b2378,
c25f5591-c326-4809-a028-07865c31119d,c9dc710e-4827-4180-a345-1e3e78b8c993,9f00312a-d4da-49b0-97ef-cf1621f58650,
97b59a17-9c11-464d-b342-d02a4a34f342,c9dc710e-4827-4180-a345-1e3e78b8c993,a85a2f6d-753a-4602-ac47-dbd93b0ae2cc,
f852bb75-e730-4c60-96fe-5f4eccc06348,c9dc710e-4827-4180-a345-1e3e78b8c993,a97831b6-da14-44b0-96b5-59cec3ab8889,
8660a9d0-f323-4cfb-a60c-b8bcb1c499d3,c9dc710e-4827-4180-a345-1e3e78b8c993,ae37d495-07e5-490e-ab75-ef4f3a1e1481,
6471713b-f23a-4883-b77e-bfc79053d020,c9dc710e-4827-4180-a345-1e3e78b8c993,b5f66bc8-666a-4a72-b0f6-4c547d30cff6,
0e765307-b472-4853-8d21-6e054fee88cc,c9dc710e-4827-4180-a345-1e3e78b8c993,b73c71d9-d2f6-48c9-9056-ab9d88d2ec8c,
315c6e57-24a5-40d4-8cd3-257857e74be3,c9dc710e-4827-4180-a345-1e3e78b8c993,c324878e-a1e6-4df7-8390-83e774616ee6,
f1dac25d-a2ce-4af2-981b-9ea29abbacbe,c9dc710e-4827-4180-a345-1e3e78b8c993,c8c13ef9-38d0-466a-bad0-d086a66e0fe4,
6a8af458-4fe4-4cde-929a-ce0e693d9421,c9dc710e-4827-4180-a345-1e3e78b8c993,e4fe2e71-6d9c-41ad-9e27-33de3637b63a,
236ce494-f3ad-48ef-a79a-fea796049e02,c9dc710e-4827-4180-a345-1e3e78b8c993,e7ddf201-cb5d-4a26-9304-2fe79013bdb2,
6d0e782f-fb72-4e9f-92ce-6a1d416c8716,caca7df7-7392-4b2b-928a-0a2cb980958e,07fc67f6-b36c-47c5-9ded-84ea91763697,
7b753230-1465-473e-a362-b1413edee753,caca7df7-7392-4b2b-928a-0a2cb980958e,1463d479-9baf-4204-a473-cccdc6f1eb5f,
06c4ad30-35c7-4f78-be3a-8c0a7c8bf07b,caca7df7-7392-4b2b-928a-0a2cb980958e,17208f4d-7af9-4e68-8b8b-5e9ba1e6d49d,
850929b6-a9ee-4bec-97e2-a3727152d897,caca7df7-7392-4b2b-928a-0a2cb980958e,2f2d9b50-f1c8-45b9-b11f-a10aaf3d7ccd,
f067bdd3-be6d-44aa-ba2e-60e0f2b8dd1e,caca7df7-7392-4b2b-928a-0a2cb980958e,3afdf4ad-4c61-483d-b0c4-48990df8505d,
939aa496-88ac-4c2d-8b7a-0fc9851b023a,caca7df7-7392-4b2b-928a-0a2cb980958e,3ef88efb-8ada-4bfc-abe0-a00b091fde2e,
33383d23-533b-489d-9353-dbd93a0cbd0c,caca7df7-7392-4b2b-928a-0a2cb980958e,4a3c3ac6-243e-47b6-a070-f3f839446068,
195ab82f-a567-4182-a7aa-6990864f4ef1,caca7df7-7392-4b2b-928a-0a2cb980958e,4e4a1492-373d-4663-90da-b0c3fa34d09c,
f83d2573-cf1b-4990-b494-94be44d5197b,caca7df7-7392-4b2b-928a-0a2cb980958e,583566a0-ad35-44b8-b8d0-1ac8ef8b6dbb,
2f5152e3-9a85-4c60-b57b-fdbb04c5d58f,caca7df7-7392-4b2b-928a-0a2cb980958e,58a04b40-e1bb-4b2d-8f1d-f72c4a3bda1c,
a1e2d03b-35a9-427f-830b-573ae38d580e,caca7df7-7392-4b2b-928a-0a2cb980958e,5a6f4a4e-c7fb-475c-b564-cda95f75b7ed,
4e0bf332-b490-4c26-9d72-03778b4ef20f,caca7df7-7392-4b2b-928a-0a2cb980958e,60fcb330-3b5e-4eb4-9865-f2b699d975ca,
7b8ff544-2450-4554-bd79-6aacddcdd9dd,caca7df7-7392-4b2b-928a-0a2cb980958e,780d0307-c0f2-4d96-b283-a312a363f1dd,
6a8a01e4-bc78-4d7f-8676-7261c1a32869,caca7df7-7392-4b2b-928a-0a2cb980958e,799d5b7d-69a7-4d93-ae9f-1b3e6462e256,
813bd73a-326a-471c-bfd0-0ce949f45d19,caca7df7-7392-4b2b-928a-0a2cb980958e,88f03fd5-9770-4160-a0bd-0f91a02ac6c1,
41987c0e-ed82-4e98-869d-e7d4a37fe703,caca7df7-7392-4b2b-928a-0a2cb980958e,8955d9ca-5ecb-4f47-bfcf-bd7c5d83fecc,
3ce3106b-44fe-4309-ad15-76943023adaa,caca7df7-7392-4b2b-928a-0a2cb980958e,8d58b39b-7d67-4cbc-9e21-94c255c6a08a,
380d7de7-a383-4481-bf73-86e3ce96298c,caca7df7-7392-4b2b-928a-0a2cb980958e,97cd71c5-2360-46ad-8b87-7a91599cf34a,
e27f12ce-8c5a-4b0f-822f-a49b335f5602,caca7df7-7392-4b2b-928a-0a2cb980958e,a83d4595-55b9-4d40-bf5c-151d82e9c418,
aaccde74-f91e-43f3-9a18-948bd0c2e50c,caca7df7-7392-4b2b-928a-0a2cb980958e,b9c1a7e2-cccc-4afe-a51c-e55a621089cc,
d88fe3fb-8195-40ef-8245-235e16558948,caca7df7-7392-4b2b-928a-0a2cb980958e,d1822b92-2a0b-4a15-b637-8056f2e70aa6,
185f58dd-0dd3-4658-83ea-67aeeb26ab7f,caca7df7-7392-4b2b-928a-0a2cb980958e,d4110a70-17e1-4d97-93e3-63d159bafc35,
d4177445-94f3-4951-b6f8-ef53eb3c2a60,caca7df7-7392-4b2b-928a-0a2cb980958e,d567ca33-a539-4a7b-b5e7-49b6f12cb70a,
ff051d72-6437-4497-85f2-6d9a25c133b0,caca7df7-7392-4b2b-928a-0a2cb980958e,d98d62aa-db25-48f6-a2e3-16e2fe286d57,
e87397a3-7981-4cfa-b794-73050f163afa,caca7df7-7392-4b2b-928a-0a2cb980958e,e0fe0ac6-f6e5-44bd-9b76-a56cf8c80cbe,
a6439b54-1ce6-4e48-b6ad-617e52eda114,caca7df7-7392-4b2b-928a-0a2cb980958e,e702287b-7a25-4867-86bd-60ce740a69a6,
b77ceb27-4646-42e1-b3d2-64749ee73d3d,cdbe9c87-e27d-4837-bf89-6e0fe4a4c01e,04ef5122-9b1f-4647-91e0-2afd40eab11c,
e62be6f1-5e32-4102-a6bf-068c940604bc,cdbe9c87-e27d-4837-bf89-6e0fe4a4c01e,12b1eb53-25b3-4916-ae9d-3f5aa8d5f83e,
6962481c-1896-4593-8686-3ce15adabaf3,cdbe9c87-e27d-4837-bf89-6e0fe4a4c01e,145de5c5-aa5f-48b5-817c-01887b18d15f,
2b006e57-29c3-433f-9b38-6e05f01353ce,cdbe9c87-e27d-4837-bf89-6e0fe4a4c01e,1cb77dd3-9eed-44c7-98f2-4e41c4711ffe,
a3011dc5-e239-4e19-8f07-3fbecdbb178e,cdbe9c87-e27d-4837-bf89-6e0fe4a4c01e,24ab92a3-f6ae-4409-be10-4448a926719b,
cc7636a9-4e4f-41b3-b27c-1a0414b33a7e,cdbe9c87-e27d-4837-bf89-6e0fe4a4c01e,284ffb43-06a6-46f4-848d-e6eb6bf92faf,
3a1422fe-990f-4e7e-a476-9da28a68fb43,cdbe9c87-e27d-4837-bf89-6e0fe4a4c01e,29ebbcbd-2de2-426e-bfef-d37d60cd875c,
a0929e3f-db07-44e1-bd06-12630a8fe363,cdbe9c87-e27d-4837-bf89-6e0fe4a4c01e,2c5a518f-ccf8-4b4e-9c4a-777e3fc605b8,
f5caaac5-3bfb-4b63-bb5b-13eef8006fe3,cdbe9c87-e27d-4837-bf89-6e0fe4a4c01e,31fe517d-d7a2-46f0-b57e-330dfe67deee,
a60c2381-b337-46bf-938f-afa9dad664dd,cdbe9c87-e27d-4837-bf89-6e0fe4a4c01e,381917cc-3f1e-42c3-a80c-5adf5031e2f0,
dd72e471-8c8f-4b1e-bab8-b9429a802614,cdbe9c87-e27d-4837-bf89-6e0fe4a4c01e,3d5107df-d6de-483c-97f2-55ba296824db,
45242880-c01d-40f2-ae55-babf3bc95c26,cdbe9c87-e27d-4837-bf89-6e0fe4a4c01e,49628be4-929e-4616-8bed-c6d4e6585cdc,
a1c9a6f3-4a58-48cf-bba7-e29e475c09e1,cdbe9c87-e27d-4837-bf89-6e0fe4a4c01e,50d9c8eb-1992-42c0-a23b-facbaf092982,
73c1910b-c562-4048-8ece-2c856ee728c0,cdbe9c87-e27d-4837-bf89-6e0fe4a4c01e,511b0f10-b74f-4efa-aa47-ccd9fc7aab26,
39bc1e41-c647-43e6-a106-36d4b4671b98,cdbe9c87-e27d-4837-bf89-6e0fe4a4c01e,548584bb-7a1d-4c61-8405-62187ac64563,
ad070eb0-f207-4c6c-8983-6cd2826b0230,cdbe9c87-e27d-4837-bf89-6e0fe4a4c01e,55d571cc-a1b5-4e10-9a2c-7e8937ca5495,
28cfa34e-973d-4bd7-93dd-873c8154e0fd,cdbe9c87-e27d-4837-bf89-6e0fe4a4c01e,563e2997-98e2-4120-9f7c-a58332eddbbd,
a4621064-594e-4faa-ae0c-d6390114faad,cdbe9c87-e27d-4837-bf89-6e0fe4a4c01e,56c7ab14-52bf-472f-af88-35afeb85143f,
d11a77af-fe3b-46a8-94a8-88314c2264f8,cdbe9c87-e27d-4837-bf89-6e0fe4a4c01e,57ca781c-8811-4ee0-a7bd-54ed1d411ddb,
f755ebb7-692c-47e8-b3d7-f779b619f17f,cdbe9c87-e27d-4837-bf89-6e0fe4a4c01e,58d65119-78bc-4038-9a90-a03441bbb261,
d748b7bb-e539-4f78-841b-2075e50b8680,cdbe9c87-e27d-4837-bf89-6e0fe4a4c01e,597a9e4d-b508-46a6-9d2c-acd6a5805941,
badb2631-ae3b-4071-914e-95a289b0e7c1,cdbe9c87-e27d-4837-bf89-6e0fe4a4c01e,59d0bf6d-65bb-45f1-b308-95a6b54e0e76,
dfe3e9c2-7608-4379-999c-9b0fe5b3a474,cdbe9c87-e27d-4837-bf89-6e0fe4a4c01e,5f783617-bcb2-4fa9-998d-a1e01e3679d3,
5bb51b5b-850f-46e2-aa57-31b3223300f5,cdbe9c87-e27d-4837-bf89-6e0fe4a4c01e,620a4758-ee46-4d6c-a1cc-6e63e26eaeb6,
46eb59a0-88e3-41e8-9d07-a6b3cc8674f5,cdbe9c87-e27d-4837-bf89-6e0fe4a4c01e,6514eda3-cca2-4d8b-ad81-e9b17a585719,
c7fedda2-6baf-46b9-937d-caaa39483e4f,cdbe9c87-e27d-4837-bf89-6e0fe4a4c01e,6b8defce-f964-416c-a3d9-58bc9b80322b,
33286d1b-a624-46f2-9c3b-65b1d6d38208,cdbe9c87-e27d-4837-bf89-6e0fe4a4c01e,7751c2bf-57f5-4a85-bb2f-45a3f71a5d85,
b79f2275-27d0-48cd-97b3-e495eb8662d5,cdbe9c87-e27d-4837-bf89-6e0fe4a4c01e,7ad06ff5-92cc-4cec-816c-1e33725ba696,
bbf9892a-3fcc-45eb-80bf-8793bfdcc7fe,cdbe9c87-e27d-4837-bf89-6e0fe4a4c01e,82824a93-1e84-4af6-a99e-d9f48243a813,
190a19ac-483c-4888-bb13-ff8f8a9e31ba,cdbe9c87-e27d-4837-bf89-6e0fe4a4c01e,84b78808-7559-4aac-9f53-9c02e562a746,
b4945ae7-1688-46c6-b41f-ae044ba85485,cdbe9c87-e27d-4837-bf89-6e0fe4a4c01e,87a17d4d-5d00-4ab2-a513-afdc5701c2fc,
3ee8f30e-7901-470e-ae3a-fbd82e635424,cdbe9c87-e27d-4837-bf89-6e0fe4a4c01e,87c7780d-95f5-43b4-8e1a-3ed8c7c1c4dc,
16f61153-4566-4e36-b207-11ddab59a67a,cdbe9c87-e27d-4837-bf89-6e0fe4a4c01e,882db760-90e2-4d72-a3d3-b3fc7a9da75d,
3c98963f-dc16-4bf1-b26a-259a1c7d176b,cdbe9c87-e27d-4837-bf89-6e0fe4a4c01e,88cf270b-774c-473a-afe2-0d436e57c709,
e17134c7-5d77-408b-8af4-beb6d27b384a,cdbe9c87-e27d-4837-bf89-6e0fe4a4c01e,8cd67fb6-c244-4334-abc2-9744ae329807,
dee4bf43-598b-4a16-93a8-a16c7fbb4fd1,cdbe9c87-e27d-4837-bf89-6e0fe4a4c01e,8d264e73-a814-41e3-8ca5-6e58bfb43d1b,
6fae9312-8414-4b22-9f2c-02694119c2c5,cdbe9c87-e27d-4837-bf89-6e0fe4a4c01e,8ed32d0b-dea1-44c4-9fa3-0a3a946b5773,
84379dfa-1c03-4001-82e9-86b7ceef0fc1,cdbe9c87-e27d-4837-bf89-6e0fe4a4c01e,9253f19a-1f41-4176-9082-48355cbff92d,
4372bd06-b05c-4c47-8b2e-3331943e0fed,cdbe9c87-e27d-4837-bf89-6e0fe4a4c01e,9e17f80f-bfbb-4977-a77b-e38cc8dc328d,
69d6cb10-4737-4ffc-964b-db75e2b73f91,cdbe9c87-e27d-4837-bf89-6e0fe4a4c01e,a65726e1-58ed-4e4d-910e-b0775333021b,
00f4dd1c-059a-4155-bded-5ddf4229f44a,cdbe9c87-e27d-4837-bf89-6e0fe4a4c01e,a733674c-3a22-4ee7-8282-11ea22c93d4c,
76e23c10-1cd1-4caa-b3ec-06f34e820c02,cdbe9c87-e27d-4837-bf89-6e0fe4a4c01e,b12336be-2115-470d-a54e-c9bdfa380a11,
1e31c046-25c1-44d6-b899-72d0fb349224,cdbe9c87-e27d-4837-bf89-6e0fe4a4c01e,b5e80368-2fd3-4b70-ad31-9e3dac3b21b1,
0d6d0314-01ae-4093-8177-bd850348ccb0,cdbe9c87-e27d-4837-bf89-6e0fe4a4c01e,b750c4d2-e352-4bbf-8c64-85c3cfa64e76,
30eb674d-6cfc-491e-ab0a-3c1baa6a9652,cdbe9c87-e27d-4837-bf89-6e0fe4a4c01e,b75866e2-0b45-4574-859b-a9a1239070cc,
9bc786a1-aa31-4bc2-b997-0b0ca838326e,cdbe9c87-e27d-4837-bf89-6e0fe4a4c01e,bcb4b0bd-71fa-430b-9af0-183bf5e49338,
b60634d9-0ffb-4326-8e91-8f337ec726a5,cdbe9c87-e27d-4837-bf89-6e0fe4a4c01e,c1566577-21f9-4160-9b96-5039880ed344,
c7d2abf6-778c-4928-b3cd-de8fc364cc93,cdbe9c87-e27d-4837-bf89-6e0fe4a4c01e,cfdc7bbf-c6af-4223-9999-07f3f237e357,
9f85e805-6ad4-4782-a713-293b5fc1a1b8,cdbe9c87-e27d-4837-bf89-6e0fe4a4c01e,d2946b88-9ad5-4f96-b081-72fcd774853e,
455666e1-e2de-424a-9f80-bffc66dc65a3,cdbe9c87-e27d-4837-bf89-6e0fe4a4c01e,d88dba6f-c588-4c2a-b54d-a252878ba410,
e342448f-0f35-462a-8dfc-656ce6a9a97f,cdbe9c87-e27d-4837-bf89-6e0fe4a4c01e,d8a5d3ec-eacf-44eb-91db-dfe69d0914db,
fb96f35b-fa6f-4582-bfe9-47e2a2d2c368,cdbe9c87-e27d-4837-bf89-6e0fe4a4c01e,e67ab920-b73b-483c-8322-a7520fe30ef3,
9f68ec3d-7020-4fd9-9cea-3125032e37fc,cdbe9c87-e27d-4837-bf89-6e0fe4a4c01e,e8b1615f-5a7c-44c8-bfe4-192fa0a1b3b6,
62145d8d-8e7c-4628-95d9-9dd9da4adc51,cdbe9c87-e27d-4837-bf89-6e0fe4a4c01e,eca88e71-365e-43ee-8b8c-06c501c8a2c1,
05122360-a686-413d-b77a-0c8301eea03b,cdbe9c87-e27d-4837-bf89-6e0fe4a4c01e,f3a23718-28f8-41ea-892d-2321cf98170d,
f5109340-f5cc-4284-bdab-047f128b21f6,cdbe9c87-e27d-4837-bf89-6e0fe4a4c01e,f4cc8584-6693-43a9-b643-f915c49037f5,
b6834c29-6c52-4f8f-a614-185165c5168b,cdbe9c87-e27d-4837-bf89-6e0fe4a4c01e,fac6048d-5697-4af8-9901-46ad962a7266,
f1d61a5a-0d7a-4c05-a486-9651fd8139a7,cdbe9c87-e27d-4837-bf89-6e0fe4a4c01e,fe65efa0-8801-4eae-b4ae-867ee512efa2,
0f812a53-2132-463c-997c-dc5c32204a7e,d0838a7b-deb2-407d-b071-b33c759ef06f,00b51656-0bce-4e8f-ab5b-f21a3b5043aa,
9cc35871-307d-40fd-92af-f6f40fdb14cf,d0838a7b-deb2-407d-b071-b33c759ef06f,129bfe6d-715f-44f3-9ad3-3044bbfaf576,
fefe5ebc-c6b0-4b6e-9cfd-56612473c564,d0838a7b-deb2-407d-b071-b33c759ef06f,6dbe3359-1918-4d7a-89fb-20b7a563bc30,
01aa9fa7-3b5e-4ac3-9233-68108bccff9d,d0838a7b-deb2-407d-b071-b33c759ef06f,77b9e5a1-1b2f-40f0-8eb7-2fd7acd70146,
0944baf5-2da9-4b9f-ac87-8791084784c0,d0838a7b-deb2-407d-b071-b33c759ef06f,8c355ad3-8b66-4d93-ba0d-08c02f81c280,
05ab9e4a-64e7-41aa-86d2-d7ec8b0e308b,d0838a7b-deb2-407d-b071-b33c759ef06f,ad413ef8-397a-4f2b-bc30-8832a2df142b,
7f888b4d-dd2b-4d97-8f37-b53c889ca50e,d0838a7b-deb2-407d-b071-b33c759ef06f,b521f513-a895-4313-9108-85199a5594f9,
7d943be3-d9c0-4736-89e1-70b1644c6a0b,d0838a7b-deb2-407d-b071-b33c759ef06f,d7b64eeb-bca5-449c-a49c-328d14299863,
0cea2f20-1122-4640-ba7f-33bf7e256cb3,d0838a7b-deb2-407d-b071-b33c759ef06f,e2d4d981-a047-4eff-93b1-e9e628cb9360,
361c55e6-f200-4c9b-a04b-2494be899647,d0d94d03-611d-496e-b474-881c68a99892,,c88c4b5e-cf61-4c14-9d29-8ec8a6779975
d10c4b51-817e-4c29-b22d-6e44521e7b3f,d1ced025-8a5e-4c88-9f65-7fa29156768a,0053194f-47b9-4815-924f-da279e6a8ea9,
464c16d8-5112-4e99-91d0-e353755844b4,d1ced025-8a5e-4c88-9f65-7fa29156768a,0115a477-56ef-4005-a8a5-472934c0fa3e,
543a2172-1dbe-40a7-8457-3fd2169497f0,d1ced025-8a5e-4c88-9f65-7fa29156768a,01d8a65e-bbe6-4d0a-b09f-68968c8d2cef,
cf6d6713-2230-4d0f-8293-65b1cfcab57e,d1ced025-8a5e-4c88-9f65-7fa29156768a,02521b94-bfbb-4ffb-b288-6f930090a1a4,
a211ba46-edb1-43cd-a0a8-3f8097c69dda,d1ced025-8a5e-4c88-9f65-7fa29156768a,02e56c1c-7e16-401c-b314-71aa0378cb31,
0ad5d1ae-2b7e-4d9e-9377-66f3025ed83f,d1ced025-8a5e-4c88-9f65-7fa29156768a,031c38ae-0ae3-4cac-90e8-773cf1924830,
8fa06eb9-48fb-4e13-ab1e-a59748aa5b2f,d1ced025-8a5e-4c88-9f65-7fa29156768a,03ded8fc-a842-4cc5-ad2c-8d1401c57aeb,
dce34e9d-a239-4406-9863-1d0fe63b9931,d1ced025-8a5e-4c88-9f65-7fa29156768a,058e2b13-da44-43b4-b77e-ffdfa4681ad9,
3dc4a901-d2ee-4fb5-b701-ec2a96fbd651,d1ced025-8a5e-4c88-9f65-7fa29156768a,07aac3b1-6228-441e-bd14-bd74d26c9580,
4c9c9e4e-e5b0-4926-89ef-9f106c062db4,d1ced025-8a5e-4c88-9f65-7fa29156768a,0bacac0d-6167-48e4-8454-dc65e1833b3a,
39236ab9-80a9-4b42-ba52-039ab3300e4c,d1ced025-8a5e-4c88-9f65-7fa29156768a,0f6d775a-18c6-4f66-b5cd-ec1fa01337b4,
6c416910-bee0-46b8-85a4-f62f60d1ceab,d1ced025-8a5e-4c88-9f65-7fa29156768a,1406d9c3-324e-4493-b9e1-43f7857613ad,
fb79a574-a434-44fb-8e87-b42310c6d61a,d1ced025-8a5e-4c88-9f65-7fa29156768a,14a6b560-bcb1-4b9e-81d2-36f2079a3fb1,
3e2ee18c-be37-4fc5-8153-97ad7bb522bb,d1ced025-8a5e-4c88-9f65-7fa29156768a,1629ce9f-7df8-45b9-890f-a301e884e57a,
01769945-5615-4feb-b6d2-a0d24486af42,d1ced025-8a5e-4c88-9f65-7fa29156768a,173b2222-9501-4f0f-a639-1403cf0f3fda,
0876d9b9-5ff8-4cb4-8c4e-e8e6dd36a969,d1ced025-8a5e-4c88-9f65-7fa29156768a,1f860a0d-fa0f-4cb0-9044-ca8dbf60fb3b,
1f5e76f7-0025-4c68-b1c0-f9278b1e13a5,d1ced025-8a5e-4c88-9f65-7fa29156768a,2277e208-b966-457b-97cd-9de9e68962e7,
95e22e6f-b070-4974-9acc-b152c7f6ce42,d1ced025-8a5e-4c88-9f65-7fa29156768a,229f9e89-6123-465c-a74f-8ffaf7f03d24,
badb816a-0266-4cb3-9785-47d8b2e0caac,d1ced025-8a5e-4c88-9f65-7fa29156768a,28254a84-3d20-4436-856e-fd169909b29e,
6565074b-0e83-4b32-8f18-ba38dce0a000,d1ced025-8a5e-4c88-9f65-7fa29156768a,2899938e-8c15-4060-9a6f-e5ee736a00f4,
c736b35d-0701-4528-bb4b-9e4f5410d7e8,d1ced025-8a5e-4c88-9f65-7fa29156768a,2c988418-20f5-4cd5-9ac5-62855e3928df,
d875fc64-08cb-4253-b3ed-a389bad202b4,d1ced025-8a5e-4c88-9f65-7fa29156768a,2d54a500-5afc-418f-a04b-ae59ba8f7b9d,
cd2543b0-9161-4873-9c13-4239dd87aaa7,d1ced025-8a5e-4c88-9f65-7fa29156768a,2fd59840-82c3-401d-b770-a1a6b4908b8a,
46460c8a-0d4c-456f-a658-5fdf1703a879,d1ced025-8a5e-4c88-9f65-7fa29156768a,32680c70-e625-4e1b-8960-645ff3c8090d,
31e27552-a0ce-44bb-aa94-f37f933955a0,d1ced025-8a5e-4c88-9f65-7fa29156768a,362aa658-796b-4e54-a98f-bde0d23680f4,
1c7b8890-835b-4073-9265-0126b427f5a5,d1ced025-8a5e-4c88-9f65-7fa29156768a,3b8233da-1368-4551-bc75-7e0a97c2bbcc,
a32996f5-b6f5-425a-a94a-41f8cde73181,d1ced025-8a5e-4c88-9f65-7fa29156768a,3bfa9e62-e2de-4daa-be3b-7a6c2b5aad9a,
884fb6fa-3b66-42b4-8c38-8600e1f0749a,d1ced025-8a5e-4c88-9f65-7fa29156768a,3e60c376-ea23-489d-a7a3-c60a241996ed,
7e401f23-1d7d-4fa3-948c-369f35478d0e,d1ced025-8a5e-4c88-9f65-7fa29156768a,3e7a832a-b3d0-499c-9633-0ffc3c051b77,
4abd55a1-f054-4285-9187-5dc9ad8cf56f,d1ced025-8a5e-4c88-9f65-7fa29156768a,3fc3704e-951d-4530-bfae-9bd600d0a87b,
6e778d70-26a0-43be-b86e-64ae44ccadec,d1ced025-8a5e-4c88-9f65-7fa29156768a,42412d36-ffec-4b47-8f9d-18f8c5fc1d23,
cf4b562a-e6f0-4f16-8b39-dd4c7a0031c8,d1ced025-8a5e-4c88-9f65-7fa29156768a,4660260c-798e-43f6-80ba-edd18185d378,
ef5a43d2-359d-4cd6-bb16-d114898d688a,d1ced025-8a5e-4c88-9f65-7fa29156768a,46f8e38a-a8db-4122-8bc4-7dd385c72ab7,
abb79e4f-9c45-4ada-9ea7-5c9c90159c2e,d1ced025-8a5e-4c88-9f65-7fa29156768a,47c92446-8647-4a2d-990b-14304b4ec929,
d2a0119a-62f3-4847-9866-15b1f399f915,d1ced025-8a5e-4c88-9f65-7fa29156768a,48707896-2dda-4f12-b5ac-152578889f55,
b9266033-2852-4349-9eac-3a53d1b3fc3c,d1ced025-8a5e-4c88-9f65-7fa29156768a,4be66bce-89b2-4137-9e13-54bfac04114d,
8aba9d87-94f8-494e-9dfc-efa6a0d2b0fd,d1ced025-8a5e-4c88-9f65-7fa29156768a,4de9a2f3-b5ff-44ba-8426-cf269c0c68a1,
875b4596-7b31-43f6-b7cf-2cfe0ab3863b,d1ced025-8a5e-4c88-9f65-7fa29156768a,52da41ab-1f9e-4639-b8db-0660bd91b3ba,
1496cb76-a89f-4943-b77e-1c87db873431,d1ced025-8a5e-4c88-9f65-7fa29156768a,542679aa-733e-48ce-a89e-5a4de34bd0c5,
3d98c535-7a87-42b3-a1b1-714e33a53f40,d1ced025-8a5e-4c88-9f65-7fa29156768a,54284e7a-00be-4f78-9f46-e6a54985db4d,
c4643a79-b357-4540-98df-c0f70c44d64a,d1ced025-8a5e-4c88-9f65-7fa29156768a,5863860b-577d-4a54-b1b5-efb8c2c05120,
2f333637-9691-4d0e-8e07-72e074f0b5f8,d1ced025-8a5e-4c88-9f65-7fa29156768a,58f45804-29bb-4a48-a07f-8551fa37b624,
aa5952fe-da84-461a-9f03-53511b31ad37,d1ced025-8a5e-4c88-9f65-7fa29156768a,5a75aa0f-7b45-4f83-9e37-f0d9fc19b0d5,
21dbd620-9822-47ae-b128-fde0c42cbc30,d1ced025-8a5e-4c88-9f65-7fa29156768a,65dbacdd-251a-4be5-8cb2-bee4ecbe36ee,
0e998d29-8481-48ad-babb-067a735fcfc3,d1ced025-8a5e-4c88-9f65-7fa29156768a,6a3d19c7-f1c3-4991-8205-cf92b7484f56,
acbe90a6-1728-4a9c-96df-87d2d29daedb,d1ced025-8a5e-4c88-9f65-7fa29156768a,6c8c57bf-ca5b-4eb0-a920-607de55a46e7,
d98ed864-24cc-4c09-b042-9d89f8476ae8,d1ced025-8a5e-4c88-9f65-7fa29156768a,6f3ab080-cd41-4e6a-b882-60a695c797c5,
b179f19f-a1c8-4aed-896a-bcdc3f223f5b,d1ced025-8a5e-4c88-9f65-7fa29156768a,7109a1a0-349b-4668-b0ed-f1eafeba501a,
0007202e-0bad-4956-9230-1079098220f2,d1ced025-8a5e-4c88-9f65-7fa29156768a,7342fe53-42a8-4acc-8c17-103daf3eaeda,
5522f2f4-83cd-43f7-b1b4-d2843f14a081,d1ced025-8a5e-4c88-9f65-7fa29156768a,73c9c9b2-8667-4d61-99e8-e435e3f65c77,
e2b08750-1557-4f8b-87dd-1fd982f953b0,d1ced025-8a5e-4c88-9f65-7fa29156768a,7827620c-3b4f-4cee-b90d-bd78842777e1,
bb996cf3-ef1c-4566-874b-df639ce8dbcb,d1ced025-8a5e-4c88-9f65-7fa29156768a,7880ebdc-2c8d-4f1d-8fc7-9e7c6602adeb,
1625b2cd-2825-4efc-bac9-61f1dc1360ea,d1ced025-8a5e-4c88-9f65-7fa29156768a,7b5ada31-565b-447b-900d-12740367d14a,
8f6b41a8-d7a8-4343-b21c-7b463ef88932,d1ced025-8a5e-4c88-9f65-7fa29156768a,7bc2c678-49b1-49fd-b6e3-53215ba00117,
dfa5914b-b4c3-4ffb-8eaf-77afc533001f,d1ced025-8a5e-4c88-9f65-7fa29156768a,7c9b6ce3-3bc5-426b-ae12-8f495c125d0a,
c29f8898-2667-4b2a-8137-063117bc6420,d1ced025-8a5e-4c88-9f65-7fa29156768a,7ce2bf1b-c9e8-48ed-8418-68b6c5a6818e,
0449fc09-de2b-41bd-ba5a-d6f297be3fa4,d1ced025-8a5e-4c88-9f65-7fa29156768a,7dcc669d-5894-4b55-96dd-d03fa5140527,
2026d4b3-3648-4e30-b36a-47193c670f91,d1ced025-8a5e-4c88-9f65-7fa29156768a,7e5a054d-901b-4b0e-a1fc-474898c4ddf1,
d0fc0d7b-3296-4d6f-aafd-0e850d434a4e,d1ced025-8a5e-4c88-9f65-7fa29156768a,7ee4fc6a-d4e0-48ee-bd4d-6546461d1e83,
6de509a8-ab82-4cf8-9550-d95a363df390,d1ced025-8a5e-4c88-9f65-7fa29156768a,7fce4261-db73-42d0-9d01-32e543cb768c,
5358cd69-5203-4b5f-83a4-dc647502a334,d1ced025-8a5e-4c88-9f65-7fa29156768a,83499539-e063-41d9-88e2-eadb60739c0d,
a27b43f4-e11c-4000-8094-32d6eb664a89,d1ced025-8a5e-4c88-9f65-7fa29156768a,83cc8c36-eb02-4f9d-a62f-6d86cfaab4ee,
4d6a9ef6-ffd5-44b7-a303-38e79c91a4ea,d1ced025-8a5e-4c88-9f65-7fa29156768a,86b65a60-ba92-406a-ad79-ab029c44086d,
b879990a-cddc-47d0-87dc-d1c30c986ecd,d1ced025-8a5e-4c88-9f65-7fa29156768a,8717878d-7a84-4a4e-b97d-7dd23af10349,
896702e3-c305-403d-b286-279df1a48a67,d1ced025-8a5e-4c88-9f65-7fa29156768a,8b5ad97c-316c-42af-be29-072792c08ec3,
e72d5f25-c5e0-4ff5-bd76-e013616c6557,d1ced025-8a5e-4c88-9f65-7fa29156768a,8cf1462e-cd89-49a5-b542-b7e24d725dfe,
4c4af080-98b6-4631-b716-4702793ccd3b,d1ced025-8a5e-4c88-9f65-7fa29156768a,8d3220f3-ba09-41e9-b934-e31fd7c901ec,
eede2900-6a3e-426e-9ecf-3d802ef46aae,d1ced025-8a5e-4c88-9f65-7fa29156768a,8dea48e3-a38e-4d68-b17e-61b8503d9e85,
53c4e490-bf9f-495f-ba45-ce92e3319a3a,d1ced025-8a5e-4c88-9f65-7fa29156768a,95df6356-e4aa-4bbb-a96f-3951adf542e5,
88c48bd7-82f1-4148-bfbb-fb8b83371d54,d1ced025-8a5e-4c88-9f65-7fa29156768a,97d24f73-b6bb-4e7c-b189-b83c00c18db5,
243f3325-08ad-4c2b-9d7b-2474646214b9,d1ced025-8a5e-4c88-9f65-7fa29156768a,99402743-d8c5-417f-9025-a301e0c73a76,
f48d540e-324b-4958-9176-28b11f6729fd,d1ced025-8a5e-4c88-9f65-7fa29156768a,9d1848a3-8143-43ae-b093-02e931ab38a9,
dbab5865-9910-4cf1-bad5-550fcc2e0c9f,d1ced025-8a5e-4c88-9f65-7fa29156768a,9d683791-680b-4afa-8db3-246e9b738e7b,
db52d4a9-8e72-4516-9ad2-34fd4e960bed,d1ced025-8a5e-4c88-9f65-7fa29156768a,9e2d9066-1b3b-4ee7-84c7-9f22a57c488e,
28686cc9-4ad5-4daa-927d-c843c7ca0aa4,d1ced025-8a5e-4c88-9f65-7fa29156768a,9f078331-dc56-4547-b719-22c41ad34602,
bfce75c0-de19-407c-ab81-3eb09bc59cd3,d1ced025-8a5e-4c88-9f65-7fa29156768a,a1acab46-0db0-458b-b3db-ee7aaeae3488,
0ba1574d-7a25-486a-b068-a33d0216e83a,d1ced025-8a5e-4c88-9f65-7fa29156768a,a3026a4f-72c1-4c61-9339-70ce386ce184,
c6ceb7db-838a-470e-9951-1f9710ccb16d,d1ced025-8a5e-4c88-9f65-7fa29156768a,a5150635-60d8-456e-91cb-e6e31c01a445,
90ed1912-034b-4579-9aeb-650ed0c07911,d1ced025-8a5e-4c88-9f65-7fa29156768a,a59fea65-6571-449e-b563-9684d44770c0,
1e0414c3-0c22-43d3-8219-46fb563ff672,d1ced025-8a5e-4c88-9f65-7fa29156768a,a67f2dfa-e9df-40c4-8504-f2d6c0e0373f,
e6342bc0-1add-489d-930e-15e9c20beaed,d1ced025-8a5e-4c88-9f65-7fa29156768a,aa1afaf6-a07a-4d49-b20f-ff56b45d0f92,
22b78f7e-723e-493e-8c10-0ea3fe9c0e56,d1ced025-8a5e-4c88-9f65-7fa29156768a,aa88f3a3-5484-4959-b445-060c53c4f04a,
e1281dcd-4754-42bf-bb3d-3d8c5d60ef20,d1ced025-8a5e-4c88-9f65-7fa29156768a,ace79120-8f9d-41fc-a78c-eae68940b34f,
493ed838-22df-4dc0-a1c2-825962a05bb5,d1ced025-8a5e-4c88-9f65-7fa29156768a,ad9599d9-56e6-4622-91e4-1296706c7cb1,
02abbf7a-05e1-4486-8359-cca6c38a4082,d1ced025-8a5e-4c88-9f65-7fa29156768a,af636574-4d44-411d-9262-56a2fa24dd8e,
de5e6918-5932-44f8-b5cc-de8c296e6dac,d1ced025-8a5e-4c88-9f65-7fa29156768a,b0f630ea-994c-40a8-b9bc-a807d34cf064,
bb63262d-5c2e-404b-b2bd-b6280c012bd6,d1ced025-8a5e-4c88-9f65-7fa29156768a,b19bb7e4-90c7-4a11-983a-ebad34b18fbc,
f7174ee4-523c-4159-86dd-0a3ffa53e0f0,d1ced025-8a5e-4c88-9f65-7fa29156768a,b209741f-d25c-430a-a75f-7a9b0ff85184,
c2337b36-d21b-433f-822b-49b124289b40,d1ced025-8a5e-4c88-9f65-7fa29156768a,b3720211-a1d5-4da3-8014-b057a9ab986a,
fa6eb0b0-5d2f-4e08-9c5a-450907d3f82d,d1ced025-8a5e-4c88-9f65-7fa29156768a,b3d05041-78e6-40ae-a6dd-633703c9a544,
8c8b0731-8ee5-4ab3-9c17-8d9ad1399093,d1ced025-8a5e-4c88-9f65-7fa29156768a,b3dbe50c-4215-473f-a60e-edc7e8efc558,
55a3f4f4-6c41-4b15-8632-ab9d7d531d73,d1ced025-8a5e-4c88-9f65-7fa29156768a,b5b7ddc6-6950-45fe-bb01-0e08fd6053cc,
8c089213-fce1-4641-a09f-5d67912163d8,d1ced025-8a5e-4c88-9f65-7fa29156768a,bcc76612-1a14-41c7-b48c-c56f29d88f93,
e14b70e4-4383-45e0-9ce8-fb5e49d0f5a0,d1ced025-8a5e-4c88-9f65-7fa29156768a,c16cd6af-df95-41eb-97fc-cedd9f266e5d,
386ff211-90de-4a77-93a6-ab8c9176774c,d1ced025-8a5e-4c88-9f65-7fa29156768a,c684ebaf-3c6e-4e2d-af3b-d22f34609029,
2c024454-7936-469f-9d5e-cf20600e6d5d,d1ced025-8a5e-4c88-9f65-7fa29156768a,c798b811-5cd2-41ae-9939-d0b4d2165ad3,
3d2abb1d-85f7-4055-b51e-9d2a6009a095,d1ced025-8a5e-4c88-9f65-7fa29156768a,c809a547-3c38-40a4-994f-8c48af46db75,
e2509b30-de54-4424-bddd-a6711f6c02cc,d1ced025-8a5e-4c88-9f65-7fa29156768a,c8ccb11e-2efb-404b-9b95-5e5f40a08a41,
738f6178-2095-4a44-bbaa-89d58e67d185,d1ced025-8a5e-4c88-9f65-7fa29156768a,ce13993c-eb46-426c-8e4b-1f44d3bf020e,
c7ec8ae5-24fe-4e23-89bf-218a426454da,d1ced025-8a5e-4c88-9f65-7fa29156768a,cee1e97f-3d82-4280-951e-d29f22b25203,
26bf9338-ad39-44fa-8a0e-99181cd51e29,d1ced025-8a5e-4c88-9f65-7fa29156768a,cf953d1a-2293-44f7-b240-ad794164febf,
054771d4-f497-4ca2-b168-82d77b523514,d1ced025-8a5e-4c88-9f65-7fa29156768a,d07b0636-2c98-404e-8883-78c8089ca5f6,
9fdc81a4-28c5-42ee-b329-1061df11a391,d1ced025-8a5e-4c88-9f65-7fa29156768a,d0fbd8e2-f9bc-4262-ba9a-07e08c3b5472,
e29b69a8-3d73-4c2e-9897-e8bb70b9817c,d1ced025-8a5e-4c88-9f65-7fa29156768a,d170c4f4-80e2-4c70-8a27-88c2b31fd443,
f694fe40-a62c-4f51-88e8-6caf95cbc0cf,d1ced025-8a5e-4c88-9f65-7fa29156768a,d25d47ee-3064-4286-ad52-9a85e3abab3f,
ba27ec3d-1c25-4ffb-a165-ddc593d603b7,d1ced025-8a5e-4c88-9f65-7fa29156768a,d4203e7a-1434-4fee-b88f-4cc6dee50b54,
a7c7f0c0-a0cd-4e47-b98c-edec4c4f3da5,d1ced025-8a5e-4c88-9f65-7fa29156768a,d7e9dfac-6ffa-4d90-bffb-0a9564365b26,
050ce61d-d4fb-4db2-ab64-fa42e5a35273,d1ced025-8a5e-4c88-9f65-7fa29156768a,dbe97869-110b-48e2-b1b4-7064e777938d,
b8c7b85e-04d8-4e7a-b211-fe89e10d7c60,d1ced025-8a5e-4c88-9f65-7fa29156768a,dc86e211-b2a6-481d-b824-a71727ff2eb6,
679ca165-8ab0-46f7-849d-d0fe09a9bbe3,d1ced025-8a5e-4c88-9f65-7fa29156768a,ddb93164-758e-4450-9df5-348e9bc7013e,
a4276296-ab1d-4732-9203-bf9f5c18a749,d1ced025-8a5e-4c88-9f65-7fa29156768a,de09b0f4-d9cb-4325-8a58-4262e27a023b,
c8d6f5bb-220d-4369-a133-daba11f57f2c,d1ced025-8a5e-4c88-9f65-7fa29156768a,e00b7d13-baf1-4baa-b608-6373c75e3edc,
45ec07ed-a86d-47b0-bd9b-b4fa34f4b460,d1ced025-8a5e-4c88-9f65-7fa29156768a,eb938d65-f564-4678-9a27-0923ee875de7,
61dbca87-884e-4710-a6cf-2c5025dd9203,d1ced025-8a5e-4c88-9f65-7fa29156768a,ec47b0bd-4970-4eaf-b759-4558991abedb,
7bb540ff-772a-43d1-97b9-c9f18b2f67f8,d1ced025-8a5e-4c88-9f65-7fa29156768a,ec6bd39e-151b-487b-b5f3-958b5166bf91,
88e4fec4-93f3-45df-bf72-66a642716979,d1ced025-8a5e-4c88-9f65-7fa29156768a,eeb5176b-3441-429d-b772-24804a136c22,
9f5318ab-be10-4146-a065-b48750d0c4f7,d1ced025-8a5e-4c88-9f65-7fa29156768a,f073b3cb-4336-4567-a183-73492256a03c,
d19729d9-e4dc-40d2-a570-0dc208ba80c7,d1ced025-8a5e-4c88-9f65-7fa29156768a,f0afa8f7-2985-41c0-bd5f-66e8bdb3b176,
5cddfc2a-a458-48cb-b051-a355a3749fa2,d1ced025-8a5e-4c88-9f65-7fa29156768a,f5fa0068-8c39-4287-92f4-064b79acf8ad,
13037574-5b41-4225-8dd4-4f5af351c429,d1ced025-8a5e-4c88-9f65-7fa29156768a,f6f0d36e-3de0-4b7e-aad3-9868b362a2a0,
5e70abe7-ca80-41e1-b3a6-c16771f866c1,d1ced025-8a5e-4c88-9f65-7fa29156768a,fab3df62-9fb5-4c01-b5de-318ed455ad1a,
c95bea08-b201-4d23-82c4-293d521fed3c,d1ced025-8a5e-4c88-9f65-7fa29156768a,fb07f12f-d0fc-4513-a642-13c3215cee91,
7110896a-a983-4d94-9b71-d8cc2f111f72,d1ced025-8a5e-4c88-9f65-7fa29156768a,fb31396e-f7fe-4cc7-b59f-6a6185a309ec,
c05a7455-89bd-4b03-9f58-98027a9fcf80,d1ced025-8a5e-4c88-9f65-7fa29156768a,fb40207f-78b6-47ef-a2a1-2e0cb3ec49d7,
b4b204c7-1b7f-41af-b5a1-f1a8ba629680,d1ced025-8a5e-4c88-9f65-7fa29156768a,fb809a18-0f50-4690-9070-3b1af2d093e1,
678fb9ac-e9d5-4f85-88ac-8333dfd20bad,d1ced025-8a5e-4c88-9f65-7fa29156768a,fd211436-f6ca-43fb-ac52-e0285a5d5140,
2d92340c-2fb6-45ef-a973-7e5949317077,d1ced025-8a5e-4c88-9f65-7fa29156768a,fd4dd142-8f9d-4a0d-8d34-1d967db9b4a3,
e1a32749-56c9-439d-91ef-82f94e72aa94,d1ced025-8a5e-4c88-9f65-7fa29156768a,fe8304b0-c560-479b-a225-d8872043fcdc,
85af9723-3db2-4d98-bc13-4df8f00251a3,d2140c7c-d0c8-461d-ba26-d3906013ade4,,79bcef09-d6a8-4d47-b62f-c0f81113fde9
9ae5ae45-f5e2-4da9-b085-0f3de2813c24,d21c281a-16dc-4b62-9f92-eb5316b410f1,f8dd63e5-3cc2-4e6f-a41a-9462f316376f,
a195de1b-61c4-400e-bf17-dcabbe859d12,d4143213-77f2-4683-aa98-6a7c96fecd22,0231b0e8-a63d-44d2-8332-2a7f88e22f38,
8503f013-b647-4f6e-916c-8b3862ca639f,d4143213-77f2-4683-aa98-6a7c96fecd22,05db2fc3-c912-45ea-b07e-5b8f295ca9ce,
cbac9e9d-01af-47d4-8dbb-9a9cb69bf035,d4143213-77f2-4683-aa98-6a7c96fecd22,0c01f5ed-52f1-48e3-ace6-0262500d82f9,
834ea972-0a82-4b43-b02e-65103bed22e6,d4143213-77f2-4683-aa98-6a7c96fecd22,0c9c9722-7029-480c-b944-ee20c934c487,
ab0f5a8a-6081-4451-9568-0b75d062ec96,d4143213-77f2-4683-aa98-6a7c96fecd22,2338cad2-ad32-46ce-a2c3-64e392ec6a1b,
289e955d-930d-400a-8c5a-3ac883fe8dfd,d4143213-77f2-4683-aa98-6a7c96fecd22,23fef26a-7238-4279-9e81-85c5d9284dac,
ab44acf6-0de0-4984-b333-ddc6569e6446,d4143213-77f2-4683-aa98-6a7c96fecd22,2999238a-e8ec-4301-a8ae-dca217b43914,
e7c4ad55-1591-4d70-8d22-c8b421dda599,d4143213-77f2-4683-aa98-6a7c96fecd22,2c45b6a3-449f-407c-9162-f4c1f543ba6b,
5177fad5-ab5d-4d03-b47d-06b5220d31e0,d4143213-77f2-4683-aa98-6a7c96fecd22,35d58b08-25cc-4b07-a8b4-d6f7e56a3517,
28a2e989-81a0-43d6-9add-970ba3bc4e57,d4143213-77f2-4683-aa98-6a7c96fecd22,37a52345-aa80-4dbf-9ab7-fc6da803d957,
e0d128f2-253d-4a61-8a6b-9472bda1b1c9,d4143213-77f2-4683-aa98-6a7c96fecd22,3d059c96-b840-4131-b51a-75fba0fa00fb,
81c2f507-5533-41b3-9986-5d8e522467f6,d4143213-77f2-4683-aa98-6a7c96fecd22,49748e3b-1eab-4e1c-9fcb-4a7573a25cbc,
0de8e794-0013-42c9-b67d-00f610f3fb4e,d4143213-77f2-4683-aa98-6a7c96fecd22,4a1ea693-e5b9-4639-a434-3858eebf589c,
953c423d-9e03-4d70-9ace-dfd7e95355d2,d4143213-77f2-4683-aa98-6a7c96fecd22,4c0783d3-1622-4046-af54-836af02670e5,
f99c3500-91c4-4861-85bb-ae33d3516fee,d4143213-77f2-4683-aa98-6a7c96fecd22,51d7adef-60a6-452a-a86e-866702813e1d,
019e011a-a629-44b9-bf3e-5b4711f47e73,d4143213-77f2-4683-aa98-6a7c96fecd22,53cbad8c-c4d0-444b-9f85-c390e9fc3de7,
2345a9e3-3371-476a-bafb-6dec67ff2760,d4143213-77f2-4683-aa98-6a7c96fecd22,54bcb5f0-512e-4a77-a394-a4d43cf1dd24,
df87f52f-3ffe-406b-9b4d-33279d28340e,d4143213-77f2-4683-aa98-6a7c96fecd22,5724255d-0907-43a6-a1d9-a009746f0ff7,
f6e46eb1-0779-491c-a971-69031d9217de,d4143213-77f2-4683-aa98-6a7c96fecd22,5a5da87a-1c73-4c3f-bb56-8931c19e5f76,
fae093fc-ceb8-45fd-9555-753a315780a9,d4143213-77f2-4683-aa98-6a7c96fecd22,5b34e212-43c1-403e-bc5e-263fc3efabe0,
652b1329-c16f-4eeb-9b88-a81d63d2e041,d4143213-77f2-4683-aa98-6a7c96fecd22,622cc8d9-d58e-4c06-9687-36705676015a,
70c85b0f-494b-45d2-af02-92ef242b05ee,d4143213-77f2-4683-aa98-6a7c96fecd22,62d114d6-115a-415e-b5ec-31886a713918,
5df9bbac-d12f-4b4e-9a97-def38e15c969,d4143213-77f2-4683-aa98-6a7c96fecd22,6bf1322b-cb04-44de-94a4-7cce6cb3624a,
931d8ed9-d0a1-4f78-b35f-350dd03b9adc,d4143213-77f2-4683-aa98-6a7c96fecd22,6c5e9212-7d95-4be8-a84c-060c1e4e3492,
ee61d49b-403d-4784-abc4-12e72ba3a17c,d4143213-77f2-4683-aa98-6a7c96fecd22,745bf363-982c-4cb6-974d-8a53eb237d91,
eabd6a77-9e51-43cc-b90c-ab87ef7dfc58,d4143213-77f2-4683-aa98-6a7c96fecd22,8a8075c6-83a4-4ebf-bf9e-ddec13c819de,
7396a411-2362-4181-9486-7c559c46f448,d4143213-77f2-4683-aa98-6a7c96fecd22,8d3a959a-c5eb-4b2f-8120-a2086defbb05,
d4061adb-b694-46f1-afb2-b110792132ef,d4143213-77f2-4683-aa98-6a7c96fecd22,8e96b92c-e91d-42cb-8beb-216d0053413c,
89e656ea-405f-490b-b3ec-f5328f1f475e,d4143213-77f2-4683-aa98-6a7c96fecd22,9bb216af-2bd6-4613-8e93-32b864a26928,
5ee0158e-ec58-44fd-a97a-7421f444a9e8,d4143213-77f2-4683-aa98-6a7c96fecd22,a580dd24-6fae-4968-8d33-36f572808db2,
c7c6df3a-cdff-4fbc-890b-a34aaab5df7a,d4143213-77f2-4683-aa98-6a7c96fecd22,acea0566-1f36-421f-9925-3456ca8896b2,
422afc26-c2b8-466e-b9f5-1abdad125889,d4143213-77f2-4683-aa98-6a7c96fecd22,b3a9ac04-cc72-4d6e-ac6a-9801b730ba97,
ae1aaf27-fe2d-4c4d-b287-b7d64a2a6e86,d4143213-77f2-4683-aa98-6a7c96fecd22,b4c1cde0-7c3b-4278-930a-0d595a5c54a5,
4e617509-00c7-4093-8830-2c5defff6e3b,d4143213-77f2-4683-aa98-6a7c96fecd22,b65fdf2f-e160-45ef-ba88-30ded70fb9eb,
6533f9a3-702a-4ffe-a8bc-cbb4d24c3a7e,d4143213-77f2-4683-aa98-6a7c96fecd22,b7439987-9981-4853-af61-665042b38f53,
47a5d803-dafc-4c15-b3f2-d4611d2b1f06,d4143213-77f2-4683-aa98-6a7c96fecd22,b7d7d036-dc24-40a6-9e53-30056a931491,
14a116d7-b3f4-48d9-9304-0e8ffe29725a,d4143213-77f2-4683-aa98-6a7c96fecd22,b83d37f6-b8ee-4daf-97ec-9cf47e3ab00e,
dffe2a9c-34b0-4c8c-92e7-5aa06d43f2d7,d4143213-77f2-4683-aa98-6a7c96fecd22,bd8139c2-a952-4435-95ad-97e7a43ff400,
c8d3930f-61aa-4bb3-874c-b4e465121b04,d4143213-77f2-4683-aa98-6a7c96fecd22,c5fb5035-1499-44da-aa1b-b0128b9d9e19,
207838c6-f3d4-403d-b5be-c8485171cc81,d4143213-77f2-4683-aa98-6a7c96fecd22,c7024881-52af-4062-9980-fd8f1dfa7003,
5a5e8dfa-00e4-4fc3-adcc-d4be5e238f7b,d4143213-77f2-4683-aa98-6a7c96fecd22,cf3d0f59-6151-4206-b32c-014a4cb1315c,
616b3d49-7392-442a-aedf-b67b02ac0431,d4143213-77f2-4683-aa98-6a7c96fecd22,e2df6a00-38be-4c91-9a70-9fd0b65e7143,
7ecbcb1c-ca2a-4a78-8b7d-d2e35556b141,d4143213-77f2-4683-aa98-6a7c96fecd22,e37668a8-a7c0-4693-bc9d-23ec6f78f7f5,
e3bcefa3-ac59-40e2-b815-c637b7420b40,d4143213-77f2-4683-aa98-6a7c96fecd22,eaba6561-483d-4090-963b-76b803676040,
58d00c03-2006-4cfe-ac24-4685f851cb15,d4143213-77f2-4683-aa98-6a7c96fecd22,eb86c583-8203-400b-960b-e4adb3493654,
436d4d22-13da-4ee8-a072-5c44e343ec9f,d4143213-77f2-4683-aa98-6a7c96fecd22,f4a060fb-ec2f-4dbb-99ed-1c3fbe4eb633,
5a089836-ac5b-4029-9e82-d5f513dd5bd4,d4143213-77f2-4683-aa98-6a7c96fecd22,fa97a27b-5659-4381-aab8-6f24be61bd99,
f30dc0ab-7145-40ca-a10c-440d191dec37,d4143213-77f2-4683-aa98-6a7c96fecd22,fbed2c0d-d246-4131-966f-a7947335c20f,
f4a5dd9a-c757-4097-8062-cb36f9cef442,d60e04c4-1b49-43a3-8fb5-55a41ff3fb68,05d5d0bb-bdf6-409a-9d8b-b3a2ba44acda,
e5ae27d5-d715-4c4e-8677-1548137d6a50,d60e04c4-1b49-43a3-8fb5-55a41ff3fb68,4285f2e8-ae5d-4c4e-95de-3e77439bc710,
ee3e7f6c-3589-46de-ae27-f6fa7c434497,d60e04c4-1b49-43a3-8fb5-55a41ff3fb68,4b77f6d3-3317-4cf2-aa31-25783e640931,
0e41c372-88aa-4536-be28-6ac2eba02b30,d60e04c4-1b49-43a3-8fb5-55a41ff3fb68,4e93b537-c16c-443f-8c73-152b649e6fe6,
80e8ef5f-74b4-4f73-93bb-a8950dfbc4f0,d60e04c4-1b49-43a3-8fb5-55a41ff3fb68,6819bff9-7f30-4a32-ad23-f35b914c17b2,
7a352709-d08a-47e4-9dbb-de12d1e57e41,d60e04c4-1b49-43a3-8fb5-55a41ff3fb68,9602a6fc-d2a2-4851-98f4-41e6836b97e3,
a5a2b843-8f31-4462-9be1-48e055fe15a1,d60e04c4-1b49-43a3-8fb5-55a41ff3fb68,966f5162-8b33-4980-86ad-2bcafd387b01,
b3a85077-c4f9-4343-b627-25bfc0be21f9,d60e04c4-1b49-43a3-8fb5-55a41ff3fb68,a9a86049-0eec-4396-84a8-0d61a832999b,
43f83424-42b7-4b43-bc4d-a502cf621e6c,d60e04c4-1b49-43a3-8fb5-55a41ff3fb68,f73abb98-bd11-4e3d-a2d8-ffdf4a76d667,
ff82fdd1-e7ce-42f3-b81f-4bc8aa3c2e13,e1d0c19b-560c-4a64-bc64-54bb114f64e4,,43d4be99-a5ab-496a-8959-7ea3eb9c23c7
ac872e46-2fad-41c8-ac7d-4f1f457eced3,e8726737-8352-44f9-9d18-33dbed8fc475,0e400c4e-c744-4488-b82f-31258ffc0db1,
be4423f5-7244-4b72-9e6f-fa18fc8aec33,e8726737-8352-44f9-9d18-33dbed8fc475,1641af9f-4f71-46a7-9527-6002a27bd790,
e8b78294-1146-43a8-afcc-68ff48054b93,e8726737-8352-44f9-9d18-33dbed8fc475,198250d0-9ae4-4ebb-b5a8-78b0b54c2278,
f447d77e-861c-40fd-b8db-930f319e0d6a,e8726737-8352-44f9-9d18-33dbed8fc475,21ce2c46-cfce-45fb-8176-41e8a6830e60,
fc3e2b78-1a6f-4d11-b8d5-0aa264ec0a4a,e8726737-8352-44f9-9d18-33dbed8fc475,4048a112-4b88-4a85-8e9c-840e8179d82f,
df5df7cd-0515-4cc9-8d54-abd56ea77aba,e8726737-8352-44f9-9d18-33dbed8fc475,5fdec541-0b68-46bf-af55-5acaaaf3aaca,
cc34f05e-1aaa-44ab-813f-a1a72c713bc9,e8726737-8352-44f9-9d18-33dbed8fc475,7a5e67a6-1ee9-45b7-b9eb-f040b3296101,
4a7fcd9b-8e84-416d-9e0b-4fb4b6a0b241,e8726737-8352-44f9-9d18-33dbed8fc475,82538f60-c47e-46ea-9024-3ddb3dba29c0,
91c26846-7aac-4f45-91c9-009609196c40,e8726737-8352-44f9-9d18-33dbed8fc475,857fc59f-9ff2-45cc-b492-526de6d919e1,
623a78be-7bc6-45d0-af01-96692f4819e6,e8726737-8352-44f9-9d18-33dbed8fc475,a0554438-2a26-49eb-aec0-088f3b6a0c42,
1588f974-2041-44be-844f-a93669a13e7d,e8726737-8352-44f9-9d18-33dbed8fc475,a36c98c5-4379-4123-802f-cee522c039ed,
38e5cb4d-d3d6-4e24-baf2-1098d800ea69,e8726737-8352-44f9-9d18-33dbed8fc475,a478ebbb-576f-4837-9e54-3fce8f92b8fb,
ac61419c-4792-47fa-a3f5-ccb6cb57be8f,e8726737-8352-44f9-9d18-33dbed8fc475,ab2acd8b-89e4-40e8-96cb-7613c6ff94d0,
1b70682d-003c-43ec-b2a6-78e85560c19d,e8726737-8352-44f9-9d18-33dbed8fc475,bdbfac49-e4a2-439b-adc0-cc0a676d057e,
75c77e86-35a2-466e-9176-4cd80d4a0f4f,e8726737-8352-44f9-9d18-33dbed8fc475,c46d835d-129a-4104-beb3-c5bb241fc810,
285be596-10d7-4cbe-8b2d-eb4688684432,e8726737-8352-44f9-9d18-33dbed8fc475,e1c87cb8-3435-46ab-84a4-fab45591f921,
26fce40f-383b-4584-ae2e-e4f23c49b3ad,e9aa4e71-74a9-4a93-96e6-2681617c3bc4,2932e9ba-8459-44be-b872-6446fe2fc7ab,
fb21b95e-b9da-4ef1-8446-7160714c34e6,e9aa4e71-74a9-4a93-96e6-2681617c3bc4,478d0c58-7aa8-4860-9d88-291b357e39b6,
70fdd545-0dbc-45cc-b780-98a54f9c8d81,e9aa4e71-74a9-4a93-96e6-2681617c3bc4,5ace456f-d6ea-46ce-a30f-d32894a4b28d,
a647f826-1081-4e78-a7d0-e732ee502be3,e9aa4e71-74a9-4a93-96e6-2681617c3bc4,6a8edac3-6c1f-4389-b587-68de1bf22ce0,
2d326950-784d-40e3-93c0-b4a9c3c1a083,e9aa4e71-74a9-4a93-96e6-2681617c3bc4,7659c0b4-5c65-424a-b519-9f39e6d2b0a9,
65a1fc49-66c7-4a8d-892a-667fd868bc4c,e9aa4e71-74a9-4a93-96e6-2681617c3bc4,7f0da5be-0b6e-4ec2-9345-853987cd8d21,
d0da35b7-701a-498d-a682-46acc1c9ec91,e9aa4e71-74a9-4a93-96e6-2681617c3bc4,8604aa59-8266-4759-85a3-eaf527bd4ad3,
99a5d2bd-214f-448b-8871-2094f983f794,e9aa4e71-74a9-4a93-96e6-2681617c3bc4,974e5e35-70ed-4a64-abae-9ae7fdd09e0e,
a70e6d96-ee07-4917-a6f5-2438e7511d0f,e9aa4e71-74a9-4a93-96e6-2681617c3bc4,b9d9317c-bf40-4d8c-8013-5801046c540a,
3049d710-fe5e-49cf-aa1c-3e4c45d6e9c8,e9aa4e71-74a9-4a93-96e6-2681617c3bc4,f24a3483-6153-4203-accd-e9f9ca3737b7,
57a3dc10-8cf7-45e3-832f-88b700ecf275,eee61642-d9ca-4fd3-bf1d-49263d650e25,02bde5a2-43bf-4092-8246-ab59cd1f0b37,
1d04e993-49d0-4cc1-b78d-d7280e9a343d,eee61642-d9ca-4fd3-bf1d-49263d650e25,b48621fe-6b0b-4ca9-aed5-130a5ea5cc35,
caaa4352-bf30-4e5e-af0a-a4ffc9809ae6,ef574880-758e-438e-b9a6-f208e8b64810,,cea99b22-729d-4212-ac6a-9926bc341874
707c03cb-a7e2-4044-95cf-e1b33137fa41,f56a1bed-ffc0-4956-9030-fa755aba7933,,6616f846-e5b1-4f99-a51e-178363e8d444
16856fe8-0048-412e-b46b-c09713ba7478,f6a79d18-fb9f-4860-875c-38cad8ab6913,082170de-2ad8-4b7d-b8a9-daca52774ad2,
fb899d53-79f6-4dad-be27-c899f7926738,f6a79d18-fb9f-4860-875c-38cad8ab6913,1ec558f8-ace8-4631-8a40-d7969dad9865,
ea6e83f8-3ea8-4943-a2f5-7be23a8e1664,f6a79d18-fb9f-4860-875c-38cad8ab6913,270f7778-c353-49e4-8802-0baf87f7cd53,
5ee3bf98-afe7-4da4-a3f0-638a7426f386,f6a79d18-fb9f-4860-875c-38cad8ab6913,85dab882-3488-4a23-a4a6-e2d27f618e8f,
8f23b3f9-ef03-4ef7-b811-17da049c5b95,f6a79d18-fb9f-4860-875c-38cad8ab6913,d59b5a46-350f-4cd8-b1ba-153786423717,
3e3e5db9-1aa7-4377-b4bd-724eb0798fea,f6a79d18-fb9f-4860-875c-38cad8ab6913,d9795771-9a46-477c-8263-402f25c8e132,
1d0788e7-6f81-4be9-9bf5-16b627611466,f77e29b2-c2f7-46c6-9b4f-911fc08cfee4,0fbfc482-bf21-47ef-a3ac-1bcce030ce7f,
7d2f1022-da6b-4be6-b8b1-ea364e39e9d9,f77e29b2-c2f7-46c6-9b4f-911fc08cfee4,45636277-e7a1-4d0e-b1ee-2dc8816d009d,
211aa3b7-6bb4-4ebe-aa01-89d67304ad99,f77e29b2-c2f7-46c6-9b4f-911fc08cfee4,4653b070-c1aa-45de-ac02-b9f93d488942,
a14cae86-7d9b-4ba5-9cf3-e4305865387f,f77e29b2-c2f7-46c6-9b4f-911fc08cfee4,6e194a7c-ee75-4500-957c-3e37bddd799d,
b33106fc-bb0a-4722-b83f-8733f43feb0b,f77e29b2-c2f7-46c6-9b4f-911fc08cfee4,d55aedbd-57b0-4a04-9736-60fcf9918e5e,
b98b82c8-75e0-4483-91bb-b04388d05a50,f77e29b2-c2f7-46c6-9b4f-911fc08cfee4,d9cc264e-5aeb-46b9-b705-dd11305c4c0c,
269d4bb7-df77-459d-929b-4bf91daa5b16,f77e29b2-c2f7-46c6-9b4f-911fc08cfee4,da414d7e-c456-4fc0-b8d2-2aaaf4befccc,
25ee3357-9aa7-4cf0-b5d9-133cc8ef124d,f7ab2695-4616-4e5e-9dc2-1a0558843038,08ea6e55-4ef7-4d3b-80f9-c9c94a777d68,
beee5561-242b-475c-9a4b-75d93d328efb,f7ab2695-4616-4e5e-9dc2-1a0558843038,09f42ed5-201b-482e-86a8-2a0d87425777,
4b5359e8-a93d-430c-af8c-95fd79ae27c9,f7ab2695-4616-4e5e-9dc2-1a0558843038,13a7f982-4dd6-4a51-8933-88aa36506640,
07d8f15e-45d9-4fde-bafa-dc060b18442c,f7ab2695-4616-4e5e-9dc2-1a0558843038,2c92a3b7-2deb-43db-9a6a-aefe04d9006f,
8079c296-d447-4546-91fd-1ac2d5b224e6,f7ab2695-4616-4e5e-9dc2-1a0558843038,34629744-1332-425b-aba2-5eac863a7d74,
b60bd836-fc7b-4b4f-b6d3-8f3a20b1a94b,f7ab2695-4616-4e5e-9dc2-1a0558843038,41031517-f69d-49af-81ec-db417705da10,
9c9b5c53-32ce-4b1d-b2bb-d12261a97ac3,f7ab2695-4616-4e5e-9dc2-1a0558843038,473d9e3c-41b8-4437-a3b7-3a1844bc4fd8,
017e9bf3-328f-4dfd-be61-86a4a4f54384,f7ab2695-4616-4e5e-9dc2-1a0558843038,4ff6cbd2-b941-4813-9614-987b690feb58,
cafc9b97-3b86-4d22-ba62-724ecc52757c,f7ab2695-4616-4e5e-9dc2-1a0558843038,59c3ac85-cd55-4c38-8216-21b3eab4fb97,
6a40f881-d1c5-4d2e-9fe8-af5167ed1343,f7ab2695-4616-4e5e-9dc2-1a0558843038,6486055e-244e-4818-b194-883888278d82,
2ef4ada6-6023-4b02-b6d3-4304f8ad3149,f7ab2695-4616-4e5e-9dc2-1a0558843038,70c4a483-6117-4b7f-a9ae-63e1ae6a4cbd,
7c019585-4dce-4586-819c-7e173da8c9e9,f7ab2695-4616-4e5e-9dc2-1a0558843038,7d92bc8b-8513-4a42-a00b-6e3062be2300,
11b18104-e9dd-46b1-96e9-12592afcc660,f7ab2695-4616-4e5e-9dc2-1a0558843038,7fa058df-b6c4-445d-8aaf-227d21389238,
1673fe4b-af97-43da-9db6-d78a59072be9,f7ab2695-4616-4e5e-9dc2-1a0558843038,86162220-ce35-493a-a7a2-52636417aa17,
09ea2a93-b06f-43db-bdd4-c7ec767b1cbb,f7ab2695-4616-4e5e-9dc2-1a0558843038,8d5c5026-e5fd-4d3e-be50-6e1f045e61f3,
b2d9e633-8476-415a-995d-079b59ac51b4,f7ab2695-4616-4e5e-9dc2-1a0558843038,9861fc43-b0af-46c7-b38d-37f12151c8f9,
4e3d71e9-2b33-4321-99d2-e8643d72d9c0,f7ab2695-4616-4e5e-9dc2-1a0558843038,9864109d-1b7a-4dd2-9c96-13478729d48a,
7f217c92-b357-4b31-b735-61d8c20f1a28,f7ab2695-4616-4e5e-9dc2-1a0558843038,98dc1a25-debc-41c1-baa2-7bf3f5e346d0,
7411cd76-c3a0-4c26-b7ee-e7297e3192a6,f7ab2695-4616-4e5e-9dc2-1a0558843038,a0809c32-06d7-4440-8017-9005623ea690,
449806e5-480e-484b-9fa9-1e5d5f7acfc6,f7ab2695-4616-4e5e-9dc2-1a0558843038,aabd0267-5650-4327-908f-e45b117b21ef,
88f164d4-b187-445f-89d4-4250cf9d48bd,f7ab2695-4616-4e5e-9dc2-1a0558843038,acbcf4f1-e33e-40ca-bd87-5bf7dbde8b9b,
ceeb8615-2143-46d5-a741-b6b7da843ca2,f7ab2695-4616-4e5e-9dc2-1a0558843038,b4e6d309-aad8-4825-b166-2e2310f431db,
02177bfb-a599-40b3-9d5d-5ed86b6cfc22,f7ab2695-4616-4e5e-9dc2-1a0558843038,be343857-f1e4-4d52-9d7b-bf721def291f,
485a60e2-ea05-4044-8c50-fe9725e58519,f7ab2695-4616-4e5e-9dc2-1a0558843038,caf67cec-1e63-4e9d-bd1f-a669b3b0cb26,
9dd74252-a217-4187-a6a2-f63d7912b88b,f7ab2695-4616-4e5e-9dc2-1a0558843038,cec74302-5ecf-4732-9786-b5a89afb3642,
f03c6953-6a62-4e09-81d0-420f706a0cb7,f7ab2695-4616-4e5e-9dc2-1a0558843038,d0f8c26b-ce0a-4b13-8d54-c97a602c4657,
33e4fb63-ef6a-4feb-9142-9e0fac2565ff,f7ab2695-4616-4e5e-9dc2-1a0558843038,dd0b9e1e-f6a7-4032-8722-298ad77db4d8,
b15d7d87-63e3-43e6-8b1a-a841e6f4ba82,f7ab2695-4616-4e5e-9dc2-1a0558843038,dd37c9aa-433d-41ad-9c76-a0dd1812479f,
180dda74-b5a4-41b0-9c65-8052515ea4d6,f7ab2695-4616-4e5e-9dc2-1a0558843038,e90d36a4-b09c-4126-aae5-60fe4f787210,
a5d4887a-8590-427a-a28b-4f438808e90b,f7ab2695-4616-4e5e-9dc2-1a0558843038,eadce65f-6961-4a2a-ab34-2a76f02208c4,
8c43d4fd-7fa0-4014-9425-02e4889b30d8,f7ab2695-4616-4e5e-9dc2-1a0558843038,f5d421ce-d90e-41cd-92ef-9e53354b64f5,
944f87e7-65e0-4efc-8f57-3ded01e91a0a,f7ab2695-4616-4e5e-9dc2-1a0558843038,f8a70217-ab71-46f0-a969-2ff42042009e,
b1a281ef-6293-4d0f-ae19-36783860d9d4,f7d71b42-e000-4d6a-8cf1-81e3313e13cf,bfcb3eff-1f44-4827-837d-7a32b48a60f0,
666beea0-ff50-4da0-a0a2-e467cb330211,f7d71b42-e000-4d6a-8cf1-81e3313e13cf,e5701f6e-4aa0-497a-89e1-f73714152d52,
9d29979b-72f1-495c-a55f-3d1e96e2e258,f7d71b42-e000-4d6a-8cf1-81e3313e13cf,ff22abe2-f249-4608-8cea-34fe70c794dc,
dcbc6f6a-7a0a-4a8e-b652-cf90ddbc4768,f86d2908-cab8-4d00-ae9e-f01b46c52ce3,,1b515c9b-8147-431c-bf0a-3dc9e0ae4757
db296483-b9c5-40be-b493-e2829e852f85,fb790e32-50cf-4f36-ae1e-0f54349d3bd9,002db491-9f70-4bf9-af18-f1495dba28e0,
66b217e3-3f8d-4679-91f0-17be1c794ce5,fb790e32-50cf-4f36-ae1e-0f54349d3bd9,00dad733-cacd-40e0-9f30-1ac52fbf78fb,
28f7f774-6e0a-4d4c-8ed2-cb42cfe74866,fb790e32-50cf-4f36-ae1e-0f54349d3bd9,0123025f-c717-4658-892d-41a852834141,
f9155c80-8ae4-4da1-a59a-0a1a024b0dbd,fb790e32-50cf-4f36-ae1e-0f54349d3bd9,019bc148-4b57-4547-b977-43a5823ada9d,
cb0c609f-2ef3-40e2-a6fb-54aa5e9fc20a,fb790e32-50cf-4f36-ae1e-0f54349d3bd9,041d7d20-1166-4346-a825-90cb1a8233cd,
f1ebdacc-83cf-4600-a4cc-32e44ddec25b,fb790e32-50cf-4f36-ae1e-0f54349d3bd9,06b2a39c-1729-45c0-b574-7526b6278ecc,
e385b7d4-ad57-4a78-b84f-0848b4bd7b93,fb790e32-50cf-4f36-ae1e-0f54349d3bd9,074b6363-78f0-47c6-a352-27cfbc787a77,
d49952f6-ac2a-48db-bfc3-b2c6b400dd7b,fb790e32-50cf-4f36-ae1e-0f54349d3bd9,0a205857-cb81-4852-9576-ef1e6caf26e6,
07ce9442-11d4-4b3b-8c0f-0b8230eb4650,fb790e32-50cf-4f36-ae1e-0f54349d3bd9,0bfe185f-f979-43dd-b5a0-1c688ec4f83d,
b8239ac2-12ef-4b70-982d-e67c8f841196,fb790e32-50cf-4f36-ae1e-0f54349d3bd9,14696fc3-ddef-4536-beaf-b802e21efa37,
ecc03241-7677-47dc-8dc2-35774734cb7a,fb790e32-50cf-4f36-ae1e-0f54349d3bd9,155a6b61-8726-4469-b69f-f0b456b6af9a,
cf68ee53-28c4-4a66-a633-bb2a673b8691,fb790e32-50cf-4f36-ae1e-0f54349d3bd9,16fb53e6-2809-422f-8f58-05171aaf34c0,
8955a572-2563-4346-bb5c-5c092cd2bc9a,fb790e32-50cf-4f36-ae1e-0f54349d3bd9,305b469e-c593-4259-81e4-4699974c43b5,
c2392037-79d2-4f17-8aee-5ad5676fa525,fb790e32-50cf-4f36-ae1e-0f54349d3bd9,332b37c8-6c88-4b8a-91bd-d20f0fe28db8,
0edc63cf-6101-4588-8b92-300cd4deccb2,fb790e32-50cf-4f36-ae1e-0f54349d3bd9,396ba123-bf5f-471f-81fb-82a97674800b,
a3302687-6110-4744-b796-6fb7d51e2208,fb790e32-50cf-4f36-ae1e-0f54349d3bd9,3be6b7a1-5104-415e-a1b5-abfad6563d02,
bff5c6e2-5872-4d3a-840c-5864a8d9f8ef,fb790e32-50cf-4f36-ae1e-0f54349d3bd9,3f543cf6-9195-4792-86dd-ae80e81bd826,
1b48f27b-19cf-4bc4-97b6-1b4f123b7815,fb790e32-50cf-4f36-ae1e-0f54349d3bd9,41dad80b-a327-4cf7-affb-cd06bcdebd2e,
4dffc582-1096-4482-9694-d07b51ff25ad,fb790e32-50cf-4f36-ae1e-0f54349d3bd9,445ee175-1895-4edb-a398-eea237ea2ce8,
a31f125f-0e2f-4eed-83a8-b405c86cd9fb,fb790e32-50cf-4f36-ae1e-0f54349d3bd9,4ca05e76-7b64-47dc-82ce-52255cab143a,
df2cba44-f2a8-4da2-a3c0-f743a3490781,fb790e32-50cf-4f36-ae1e-0f54349d3bd9,52a6bbf2-e0c4-435a-afea-23981d5fdfcc,
40e85b5b-f018-411e-bb47-0b8c0bad74fd,fb790e32-50cf-4f36-ae1e-0f54349d3bd9,53a1116f-4b12-47ef-b4c4-275fbf74f2f3,
6e7ff0f9-7fd5-4a65-8cd3-f16dfe983a99,fb790e32-50cf-4f36-ae1e-0f54349d3bd9,5b7dba0a-af1f-491b-a823-bb9146b5408f,
fe5b2c37-65e1-4d14-90b3-7d914950c449,fb790e32-50cf-4f36-ae1e-0f54349d3bd9,5c3287fa-bc03-45d2-ba73-62d952ec0f56,
f2e1975c-a602-4394-be78-e77db1c08dac,fb790e32-50cf-4f36-ae1e-0f54349d3bd9,61765f2f-32f4-4fba-a3fa-881c6dd1ac03,
a3baa5bc-d9bc-49cb-a439-4aa501d9463e,fb790e32-50cf-4f36-ae1e-0f54349d3bd9,644e2bcc-803a-449e-ad75-3f48d246e69d,
26c33f2e-10db-4940-91b6-8ee470178313,fb790e32-50cf-4f36-ae1e-0f54349d3bd9,66f648a2-a8b4-4054-a36d-ddc84c64b5bf,
3e81a6ea-c00d-4fde-8c28-ddc07be0d009,fb790e32-50cf-4f36-ae1e-0f54349d3bd9,6883f15e-489e-41ee-9e34-09e8f516b53f,
9ff05c80-900a-4e6b-a8b7-d6898243a7b1,fb790e32-50cf-4f36-ae1e-0f54349d3bd9,6945596f-4a69-474a-9d22-ddc34801563a,
9f10a9ec-9a0b-40f2-8116-0757ebe61a20,fb790e32-50cf-4f36-ae1e-0f54349d3bd9,6aa25f58-e158-4b09-9531-f520d1bed810,
575ef660-6268-4b8b-9c91-f45defaff34f,fb790e32-50cf-4f36-ae1e-0f54349d3bd9,6d4bdf23-f437-452d-85c1-66d19d5e293f,
3da13aa0-1d97-4f31-b2f8-73deea4d78e1,fb790e32-50cf-4f36-ae1e-0f54349d3bd9,6d6e4c15-5dc5-4d8a-a6c1-a5791652c04e,
d4dd4906-f33a-489e-95bb-3320b0e6d519,fb790e32-50cf-4f36-ae1e-0f54349d3bd9,721c142d-60a2-4c80-ab09-a796b4e3215b,
af6d5a99-821c-4c4f-98a6-a2b7501b1ae6,fb790e32-50cf-4f36-ae1e-0f54349d3bd9,7b52fdff-e6cf-498a-b5f4-eb27d30fbce1,
2bb52444-7874-440e-aa7e-ba2b07c52d34,fb790e32-50cf-4f36-ae1e-0f54349d3bd9,82b5cca2-3393-49d6-963c-b10a0593d300,
c0dc9343-345f-4524-98b2-dac2661c2224,fb790e32-50cf-4f36-ae1e-0f54349d3bd9,87c7c51a-3000-4db8-977b-ee001d0d6197,
24c85995-5d06-4df9-b41a-a9746759f442,fb790e32-50cf-4f36-ae1e-0f54349d3bd9,88af400b-43d3-408e-ba63-f37da456b647,
cd19cf17-a89a-4622-a20e-f574bf783b8f,fb790e32-50cf-4f36-ae1e-0f54349d3bd9,88e06545-1ef3-4128-8f85-f5172b0eed46,
2bda196c-578e-4698-9ca4-0a3d74183de4,fb790e32-50cf-4f36-ae1e-0f54349d3bd9,8a838953-2b4e-4d84-b440-48b2f35d63c7,
7a9d708d-51c1-467e-8dac-0d94be5705da,fb790e32-50cf-4f36-ae1e-0f54349d3bd9,8b9381e1-a449-4dcf-a2b7-a545cd26dd8b,
f302cc86-ca01-4271-895b-e93a3028dd03,fb790e32-50cf-4f36-ae1e-0f54349d3bd9,90e5c182-90b0-45bc-aa1e-b1fb4ff5b4b0,
e1b7b6a9-67bf-4d05-8231-935aa151c1d6,fb790e32-50cf-4f36-ae1e-0f54349d3bd9,912b9b22-abd0-4c24-87bd-6292948e7d6f,
833f0534-ecdf-42d6-803f-a31e0ba12f14,fb790e32-50cf-4f36-ae1e-0f54349d3bd9,93cea1f1-6bba-4c0c-bc87-b062d9af911a,
21a5e290-8559-481a-90fb-8ba4ff8542c7,fb790e32-50cf-4f36-ae1e-0f54349d3bd9,97bd9500-8325-46c8-b2df-aa8dada7b956,
17735fee-2304-4f20-bf0d-c5d4bba1ac7d,fb790e32-50cf-4f36-ae1e-0f54349d3bd9,9b8fdb13-6543-4e50-bc71-2925e1de08f6,
9b8ae9c6-a66a-41f3-915f-5569a79f5ec3,fb790e32-50cf-4f36-ae1e-0f54349d3bd9,9c158eab-2cf8-4b9d-8317-4ee12e34a663,
f7f66830-d576-4798-8283-adbf61825671,fb790e32-50cf-4f36-ae1e-0f54349d3bd9,9ec06e51-aac2-44ff-b0e4-d209121ef12b,
1c4bc87a-cd3c-477a-973d-23c7e8c9ccd5,fb790e32-50cf-4f36-ae1e-0f54349d3bd9,a2d19f23-c7fc-490b-83c7-22289bca5683,
d44e810f-6aea-410f-aa8e-3307cf4949d7,fb790e32-50cf-4f36-ae1e-0f54349d3bd9,a505e0ef-aa6d-4f75-8775-d02793bbe07a,
47c2b572-25fa-458d-aa7d-fc7d45c05fd9,fb790e32-50cf-4f36-ae1e-0f54349d3bd9,a55e9bab-38f0-426c-885d-389430337697,
2567f240-4e5b-432d-91cd-a508165885a1,fb790e32-50cf-4f36-ae1e-0f54349d3bd9,a6961ea8-668f-453b-96d9-7d46637dcb7b,
30f05ebb-e41c-49c7-9284-57f6b9154c1c,fb790e32-50cf-4f36-ae1e-0f54349d3bd9,a78240d7-54fe-4757-a3d9-5be5c5265462,
edbc52f5-0099-4556-b2ec-a48fba8bf191,fb790e32-50cf-4f36-ae1e-0f54349d3bd9,acc1a843-de30-4c88-bb8b-1c2202b25527,
aa6b769f-3286-4284-a1d8-9b631ce73624,fb790e32-50cf-4f36-ae1e-0f54349d3bd9,ad8d069e-7d6e-4b54-9a91-9945624150d7,
6b240032-374f-412c-abbd-a93493df3a85,fb790e32-50cf-4f36-ae1e-0f54349d3bd9,adaf39be-715b-4b88-b10e-2ad25e1a717a,
6f7e15e4-13fd-40a1-a1c5-4d2c283c9214,fb790e32-50cf-4f36-ae1e-0f54349d3bd9,b0b17e6d-066c-4d64-acec-aed1c8d0ea43,
b8f843ba-080e-4862-9229-6426aa9c560b,fb790e32-50cf-4f36-ae1e-0f54349d3bd9,b830e9d4-5494-468e-84ce-956a50ad1e4b,
dffb84c3-aec8-41e7-bb7b-448143c61280,fb790e32-50cf-4f36-ae1e-0f54349d3bd9,bd844079-9131-4991-b763-c5dcdc09114c,
8b29c7e2-b8c8-4cdb-be1d-7db50cfad5d0,fb790e32-50cf-4f36-ae1e-0f54349d3bd9,bf6f9462-221f-4b72-a6e6-178e33bf577f,
c6ba3556-2660-4aeb-a587-b81de3a3cac7,fb790e32-50cf-4f36-ae1e-0f54349d3bd9,bfbddf38-4b24-4b31-bae7-968b7e39332b,
3d29422b-d290-4ab7-9439-984537376b2f,fb790e32-50cf-4f36-ae1e-0f54349d3bd9,c7672606-d08c-44f7-9e33-b2fe9a5a9240,
74af6ae7-f07d-4220-b3f8-17129107ed65,fb790e32-50cf-4f36-ae1e-0f54349d3bd9,cb21cf85-4ef8-4e9c-ad7b-731197989b74,
cdd0960f-ae09-4947-b8f9-cb5a05d6a7cb,fb790e32-50cf-4f36-ae1e-0f54349d3bd9,ccf6804d-fc2e-40d8-89c4-62acb5415590,
56045fb1-368c-4d9b-825d-1f0e990f588a,fb790e32-50cf-4f36-ae1e-0f54349d3bd9,d7ebf5fa-cc4b-4de3-a9e7-54a6f2253121,
9e426cba-f75b-4e1e-89bf-5b7c981314d0,fb790e32-50cf-4f36-ae1e-0f54349d3bd9,e1a1a4aa-200e-4b8f-8e7b-937e8c1ab691,
192a6244-2e6f-4b9b-94e0-a48c355b1970,fb790e32-50cf-4f36-ae1e-0f54349d3bd9,e4c5ceb0-0bf3-4585-a27b-af171dd4b2e6,
edb32565-ca0a-463e-9440-8df467efcae7,fb790e32-50cf-4f36-ae1e-0f54349d3bd9,ea83f3f6-22a5-40d7-b0ce-6016cd801b82,
758d6ea4-a3e3-4b16-84fa-dc653ea87833,fb790e32-50cf-4f36-ae1e-0f54349d3bd9,ed3a454c-069b-49f6-bf66-d47a12220f0e,
f0e73d5e-2844-4809-a97c-972c9fed2523,fb790e32-50cf-4f36-ae1e-0f54349d3bd9,ee0b3ca1-7b9c-4f57-9398-5f757cb4483a,
99f986a2-bafd-473a-bca5-6d74dcf75d02,fb790e32-50cf-4f36-ae1e-0f54349d3bd9,ef7ec7d6-086f-4d51-932e-22852c3a1541,
39647bcc-9664-4108-af4d-1472209bbc8d,fb790e32-50cf-4f36-ae1e-0f54349d3bd9,f04f7e4b-500e-4a4d-bad8-3ae3ea2bd7ee,
5a439e40-bb02-4550-b45b-b02f9a2f4002,fb790e32-50cf-4f36-ae1e-0f54349d3bd9,f0fd3117-1675-4626-af09-0480b1b83aa7,
aa6451ae-1ba3-404c-977c-db88f08da9a2,fb790e32-50cf-4f36-ae1e-0f54349d3bd9,f3ac7f03-94cf-4e40-94ef-a0fba10628c6,
9b370b39-b168-4391-bba8-f118d5e608c2,fb790e32-50cf-4f36-ae1e-0f54349d3bd9,fb832bcc-062e-4b1a-a4d1-20551cd2689e,
23313d8b-8613-4fb6-a68b-bd21310538fb,fb790e32-50cf-4f36-ae1e-0f54349d3bd9,fc485a10-7b17-47af-8421-b482c058bdf8,
455746df-ea45-440d-87c1-f32f9dca070d,fb790e32-50cf-4f36-ae1e-0f54349d3bd9,ff8baf9d-3ca1-4e48-aa43-79deb5bc7d92,
bca64183-5162-4069-acd8-2a8c15f06b58,fdb0bcf7-6760-461c-81b4-2047c7ee5bfd,04d2f8f7-d230-4836-b232-5ed5728948c6,
3ca3ae9d-dc3f-4c57-9c37-2ab22dc6084d,fdb0bcf7-6760-461c-81b4-2047c7ee5bfd,082775b6-4fa5-4ce6-ac8f-3ec8b458975b,
bf058d4c-c1c5-489b-b9f6-da77c729e070,fdb0bcf7-6760-461c-81b4-2047c7ee5bfd,0eddcc71-eeb3-4d0b-a78a-a59f7cb03071,
edbff817-c87c-44be-ad50-12bbb4257f57,fdb0bcf7-6760-461c-81b4-2047c7ee5bfd,151afb8b-d3a1-4823-870f-9273c9dd439d,
23002a48-9c96-4891-aaa9-17f668b9a2bc,fdb0bcf7-6760-461c-81b4-2047c7ee5bfd,18a6b3c8-65d4-42d0-ad9e-14348e37f7eb,
96217195-32dd-41a4-9038-e21746b3d6c4,fdb0bcf7-6760-461c-81b4-2047c7ee5bfd,18a9b928-e768-41a4-8933-f7a8ecae22d8,
64359d2d-3971-4ea8-a6d0-2bedc5a6a4ee,fdb0bcf7-6760-461c-81b4-2047c7ee5bfd,1d8bb41a-072f-4ddd-a909-2b4a0e10a84d,
9fe4e603-2c1a-4883-8a61-071941288413,fdb0bcf7-6760-461c-81b4-2047c7ee5bfd,1e75ddca-d332-45fd-ae7d-2bda6e3fdbe2,
7fcc2bdb-6842-4708-9c3d-6928bd80124e,fdb0bcf7-6760-461c-81b4-2047c7ee5bfd,200e8271-5e23-46e4-b254-dfcc0bd3cbbf,
417fc439-76bc-47e7-86c6-94e97251d3c9,fdb0bcf7-6760-461c-81b4-2047c7ee5bfd,20b6954e-c4d1-4fbc-9ee2-0eb6af5acea9,
ec75506c-ec28-4e8a-a820-83d7d6300bcd,fdb0bcf7-6760-461c-81b4-2047c7ee5bfd,255c0fce-517c-437f-97e8-7d21d0e7d41c,
e57d7a8c-00a4-4ee0-a253-2002d90ec67e,fdb0bcf7-6760-461c-81b4-2047c7ee5bfd,277a5037-d303-4ed7-a936-6d3e50bfe53a,
3fef3138-c2e7-4088-ab4d-fb74298de55b,fdb0bcf7-6760-461c-81b4-2047c7ee5bfd,27e7f6e7-7e7a-4ae6-94fe-4bde88a4e033,
0f46d3f9-76b5-4fe1-bc77-317db904ae5e,fdb0bcf7-6760-461c-81b4-2047c7ee5bfd,2c003e54-1adf-4cd7-8a3c-3ff3b004d9a4,
ad73e2e1-e313-4391-92d3-cfc648721887,fdb0bcf7-6760-461c-81b4-2047c7ee5bfd,2e64ed9d-f568-46c5-906e-2176e3d72169,
e591774c-b57c-4d01-b01b-5ad28ce7caf0,fdb0bcf7-6760-461c-81b4-2047c7ee5bfd,2e6f47e7-bd92-4531-b73f-7aa4f7c6984d,
d687f145-37a9-4106-9f63-bf8cb58410e4,fdb0bcf7-6760-461c-81b4-2047c7ee5bfd,2efc850c-122d-4dea-bd2f-2e440f55a1af,
008a55ff-8d79-4762-ae02-79dfc980055e,fdb0bcf7-6760-461c-81b4-2047c7ee5bfd,366268c1-c7c8-4b6f-8fdb-92bd3f321d3e,
53c72013-1378-4a67-bb66-ad9b9e8fa370,fdb0bcf7-6760-461c-81b4-2047c7ee5bfd,37474d44-51cd-454d-b23c-e633c0af965a,
b28770df-7ce8-49ed-94dc-05cc8e3acfaa,fdb0bcf7-6760-461c-81b4-2047c7ee5bfd,42b6790c-fc30-4ff4-9978-9dc75567fc1d,
adec986b-620c-48a2-9b08-db68df8814c0,fdb0bcf7-6760-461c-81b4-2047c7ee5bfd,487dcf6d-7948-41a9-ad6a-5ee8fa9a37d5,
d702e9a7-3f65-4990-bafe-7dda16d252ed,fdb0bcf7-6760-461c-81b4-2047c7ee5bfd,4bdfb9e4-35ea-49d7-abc1-eb21074d1efc,
7b401377-1a62-4042-8323-93556b030b2f,fdb0bcf7-6760-461c-81b4-2047c7ee5bfd,4eb3bcde-cdb8-4195-9038-cd006dce8d73,
f4a48f9a-e0b4-4928-82a0-3c0c245a66a0,fdb0bcf7-6760-461c-81b4-2047c7ee5bfd,54b95b31-9261-480f-a2fe-6343eec62559,
c56153cc-2ccb-4304-9685-23ce819d1634,fdb0bcf7-6760-461c-81b4-2047c7ee5bfd,583d84a6-663e-4dcb-8264-985241dbc216,
30700d92-5563-4abc-a68d-1cf02bf77da3,fdb0bcf7-6760-461c-81b4-2047c7ee5bfd,64c7a283-4d8c-4a18-b1b2-54cb1f8843b9,
04d5f1d1-d088-4444-9bc5-538d8aead002,fdb0bcf7-6760-461c-81b4-2047c7ee5bfd,67080677-82bc-4da9-9ec2-ff1f2f121a24,
31e87f41-ebda-48b4-86dd-4b18b09d614c,fdb0bcf7-6760-461c-81b4-2047c7ee5bfd,6849cc5e-62c9-4ddf-9804-75024c527e7e,
052cf1ef-30ca-4c05-9365-3b513eb8f218,fdb0bcf7-6760-461c-81b4-2047c7ee5bfd,7086a8d1-71e1-47eb-a6a8-c58c410c5ba4,
c1136b4c-4433-45c6-bda0-18cec65b5ca7,fdb0bcf7-6760-461c-81b4-2047c7ee5bfd,78eb06cb-420b-474c-8abe-816890420a57,
160b4d5c-cf52-4b87-b91d-ed903a86af0c,fdb0bcf7-6760-461c-81b4-2047c7ee5bfd,7ba3d7bf-2d8c-415f-91d1-ec177b1dc3b3,
b71cb6b3-fdd1-4b0c-9886-878f0388e38f,fdb0bcf7-6760-461c-81b4-2047c7ee5bfd,7f6d3d54-946a-46e2-9981-a7658f8ef4ee,
23868bdf-4e70-4ace-8c64-12a718293252,fdb0bcf7-6760-461c-81b4-2047c7ee5bfd,7fc2a8fd-c41f-4932-a4dd-b04724c89039,
b9b537aa-a5d4-4f08-8ce8-2739cc2d062e,fdb0bcf7-6760-461c-81b4-2047c7ee5bfd,8176636b-a13f-4fec-b096-1b53e7c7c96d,
f6526a4d-3479-4fe0-9a3e-d5e44524dc9e,fdb0bcf7-6760-461c-81b4-2047c7ee5bfd,81d58f82-6285-405b-b6cf-6a0dcf8c8118,
10b4e0c7-22cd-428a-97c2-f32f6ca6e4ae,fdb0bcf7-6760-461c-81b4-2047c7ee5bfd,81f9e537-a597-422e-9bc9-d113fb86d288,
9eb114a5-7fee-4c2d-afb1-16100447634c,fdb0bcf7-6760-461c-81b4-2047c7ee5bfd,832f62b0-58d3-4f3b-8ed1-b8b8b18ba820,
85f21a14-bf76-421a-95f4-9a6847203b47,fdb0bcf7-6760-461c-81b4-2047c7ee5bfd,87c9d441-becd-43c7-9522-4edf0184c824,
cf1c2aba-c886-4867-a35c-e21396d1158a,fdb0bcf7-6760-461c-81b4-2047c7ee5bfd,8c3d5b6b-7107-4998-a147-3b2def2cd8ea,
30d591f3-ae6d-4550-ae26-de10d034877a,fdb0bcf7-6760-461c-81b4-2047c7ee5bfd,9116fe0e-f040-4b3e-856d-a0e0908e8b7f,
77736e64-977b-4090-9aae-7a9a6ddd962f,fdb0bcf7-6760-461c-81b4-2047c7ee5bfd,91637d9c-3f80-4530-a91e-dbcaf3304298,
d593644d-dc9b-490f-8a8c-edc90d8a3276,fdb0bcf7-6760-461c-81b4-2047c7ee5bfd,921e2ee9-9fdc-4662-9ea3-18feaa92e0bc,
bd506eae-f0b4-4159-aa26-fc38aa33e621,fdb0bcf7-6760-461c-81b4-2047c7ee5bfd,961efc67-e211-40b5-8214-d2d2500c9480,
151409c6-5643-413f-93e4-bd26c0d2e4d9,fdb0bcf7-6760-461c-81b4-2047c7ee5bfd,98862d06-f194-48b1-b8b9-92222fd29bcd,
657fea40-f693-4bad-8c22-fb9c3662e7a6,fdb0bcf7-6760-461c-81b4-2047c7ee5bfd,9b3d3cd3-9790-4d8b-b481-d88907df16c5,
31846907-50c8-41b9-ab0c-6827b71886a7,fdb0bcf7-6760-461c-81b4-2047c7ee5bfd,9e86eafa-454a-4740-b224-46624fdd57fc,
76a97c33-8b75-4752-9a01-314196179940,fdb0bcf7-6760-461c-81b4-2047c7ee5bfd,9ef36951-dc12-48a4-a277-d58adafa7efb,
66a5d830-662a-4b96-9e04-945f6b793a33,fdb0bcf7-6760-461c-81b4-2047c7ee5bfd,a8aa78ed-8dad-4ebe-9b91-aec711e0f57d,
9790ca5d-e075-4093-a419-e47eda30963d,fdb0bcf7-6760-461c-81b4-2047c7ee5bfd,ade3e936-2c5f-4d50-b553-ab5f19e2a627,
8939b3bb-78a9-409d-8c43-13c5b877fdf6,fdb0bcf7-6760-461c-81b4-2047c7ee5bfd,b80d596e-4041-4dd0-9a09-ff3735fd1a02,
0d0da1d2-7862-4e71-8efe-8347f45ba58f,fdb0bcf7-6760-461c-81b4-2047c7ee5bfd,b99bdbc4-3691-4ead-ae2f-c59882036418,
06cb0508-1bdd-4c70-87c8-1e5e2577c7bc,fdb0bcf7-6760-461c-81b4-2047c7ee5bfd,bb9e500e-83e1-4801-9740-23d692e8a191,
52ce02c5-dbee-4384-9679-193b684a8bf9,fdb0bcf7-6760-461c-81b4-2047c7ee5bfd,c13767d5-b4f7-4491-8881-f7b658560ac7,
2e8c5ce1-4431-4579-999c-ae2fb7a6ece6,fdb0bcf7-6760-461c-81b4-2047c7ee5bfd,c4e797b2-7a98-4497-a5a9-aa050905b55e,
d015acfd-bf6d-43dd-a063-9130b0a4d916,fdb0bcf7-6760-461c-81b4-2047c7ee5bfd,c7560e1e-abb4-4fa2-acea-c65146602c54,
de0b2116-5eba-4d24-98d7-33c50917a5aa,fdb0bcf7-6760-461c-81b4-2047c7ee5bfd,cb6253f3-635c-4c62-95e7-1462e5fba956,
ba29e762-0c3f-4f3f-a745-9106856bd1c6,fdb0bcf7-6760-461c-81b4-2047c7ee5bfd,cfa419c4-0a47-4e6f-b1a3-442c2106955a,
c255a031-368f-42a1-8651-a08f304b6010,fdb0bcf7-6760-461c-81b4-2047c7ee5bfd,d3d8c960-b974-43f9-964c-6ffae304339c,
55b74616-e39c-489f-8c6e-5691abfb9dce,fdb0bcf7-6760-461c-81b4-2047c7ee5bfd,d4f4b592-5189-4307-8e4f-3e8b5eee9e96,
fd457c0c-0629-4e38-992c-7e324df4ecd0,fdb0bcf7-6760-461c-81b4-2047c7ee5bfd,d85091d0-81ce-4851-b50b-aa5f21f86356,
91c1789a-eb63-4429-a665-e46ddca8f278,fdb0bcf7-6760-461c-81b4-2047c7ee5bfd,dd0b53fa-c4ba-472b-8024-cdd32735f551,
65e895f5-33a1-49ca-a648-2aa7be9597be,fdb0bcf7-6760-461c-81b4-2047c7ee5bfd,e039e073-7c04-4a9c-b5e6-7b5ba694f0dd,
c0337655-c628-4178-bb0a-b61740133c6f,fdb0bcf7-6760-461c-81b4-2047c7ee5bfd,e0a31232-a962-44d5-a421-dabec8896571,
f7844615-dee5-4bf8-b581-19316ae50f3d,fdb0bcf7-6760-461c-81b4-2047c7ee5bfd,e0b7f4ba-f029-49e0-9a5e-595d3f2f68bf,
24dda503-86df-4bc8-8bde-63155f5831ef,fdb0bcf7-6760-461c-81b4-2047c7ee5bfd,e333fa62-dd91-4da1-86b5-2f5ab702345e,
c1543e97-df28-486e-844d-1fcbe9a3a3e1,fdb0bcf7-6760-461c-81b4-2047c7ee5bfd,e6c9a303-9771-4c14-8557-cb63d2865b2d,
f120b3d2-f657-48ab-a863-238b6c10c6e1,fdb0bcf7-6760-461c-81b4-2047c7ee5bfd,e71b1ced-5b1b-4307-b0c7-dae36d546018,
d3563884-d76b-4c1f-861d-ef1db3e13c8d,fdb0bcf7-6760-461c-81b4-2047c7ee5bfd,e7356765-c862-46ac-9c20-65dcfb17953c,
18ec1fd9-c5db-4cb8-82f7-3de3acdf590b,fdb0bcf7-6760-461c-81b4-2047c7ee5bfd,e9659120-9fb0-4b7a-8917-f9598b7bebd5,
a71da141-c7fb-4447-ae48-15dab473aa56,fdb0bcf7-6760-461c-81b4-2047c7ee5bfd,ea7b5790-82c7-4a3b-b149-f3f993b402d8,
a94194bd-d6b3-4be0-a103-78f882325e01,fdb0bcf7-6760-461c-81b4-2047c7ee5bfd,eb5b691d-379c-4028-9e3d-6955d75364d3,
bce5c96c-e8a1-4ad7-9a74-50e40bc0e93b,fdb0bcf7-6760-461c-81b4-2047c7ee5bfd,ec7ee337-50f0-4273-9474-5e4a10d8efd9,
20c41b71-e18f-4da7-8881-9d316eed373b,fdb0bcf7-6760-461c-81b4-2047c7ee5bfd,ecb1171e-8041-4f93-be0d-7202c6caceec,
db918449-b6b0-4598-b8ea-bf805c967504,fdb0bcf7-6760-461c-81b4-2047c7ee5bfd,ecd622f1-b683-4ac0-92a7-0f7595ca79af,
036a67fc-c4e1-43b0-840b-cd194aa08153,fdb0bcf7-6760-461c-81b4-2047c7ee5bfd,f0a88e5e-fc88-4670-ba9c-501e9d21efb9,
71d8d8d1-8d5d-4273-9f72-8a4783f6fb8d,fdb0bcf7-6760-461c-81b4-2047c7ee5bfd,f27766b6-9ea4-438f-917a-69abfac95149,
86f48aaf-1790-4a75-a06a-4085ad3e704a,fdb0bcf7-6760-461c-81b4-2047c7ee5bfd,f4753261-ebab-4ba1-b654-db9143937d8d,
69cc9313-d289-43a0-8ab9-4ac0746c0831,fdb0bcf7-6760-461c-81b4-2047c7ee5bfd,f4e48b2d-9c10-48f7-a75f-20256d79236d,
10fb0024-137f-4103-8c9c-279a8cdba1b1,fdb0bcf7-6760-461c-81b4-2047c7ee5bfd,f8609af2-c1d5-4039-bfcd-3c90e38577dd,
564a202c-2432-4559-872a-7ae1da8d457a,ff17cb93-bfe4-432b-b691-8d7c31c5cc97,2928c78f-65fd-41e5-834f-e6ed5fa41cd6,
b4981c98-b1dc-46e1-8c12-981481f6db8c,ff17cb93-bfe4-432b-b691-8d7c31c5cc97,2caae81e-b702-437b-9bf9-d46ff7e40bb5,
390a5ebb-c143-4f9d-a2d4-a5a1110ee4a8,ff17cb93-bfe4-432b-b691-8d7c31c5cc97,34f9db70-13ac-44f9-9702-37142213fc25,
5880018d-4188-4dcf-8f8f-9c2bc03f8152,ff17cb93-bfe4-432b-b691-8d7c31c5cc97,3786ce1d-e1f3-4b58-9fda-1845f988d1d9,
adec6bb3-65a8-400b-898a-1d874a077d82,ff17cb93-bfe4-432b-b691-8d7c31c5cc97,38c8be33-282b-4ebc-bb2f-38ad067970d9,
91984910-e276-49b7-84c3-c0afb091af2a,ff17cb93-bfe4-432b-b691-8d7c31c5cc97,38e2685c-eb02-4a9b-a05e-b6c56a03a2ae,
51d7d1e5-c663-41f8-b97a-bacda9642f6f,ff17cb93-bfe4-432b-b691-8d7c31c5cc97,3d2c7b66-194b-49f6-85f8-12e800a22aeb,
16852032-8f9d-4471-9d1d-95abb57944e7,ff17cb93-bfe4-432b-b691-8d7c31c5cc97,4411fd14-0ab8-46c3-b3bb-494b4931919d,
dbff922c-c1a2-4756-acfb-4c181ddfbb39,ff17cb93-bfe4-432b-b691-8d7c31c5cc97,57b9fa35-2f51-4c66-b898-5303f1deca54,
e5b03818-7167-4877-b2a7-cc557425e728,ff17cb93-bfe4-432b-b691-8d7c31c5cc97,8446a7c6-e5da-4be9-8760-abfc4e629df8,
0110506e-ece3-4e61-bbe4-5dc72e9f15f3,ff17cb93-bfe4-432b-b691-8d7c31c5cc97,90d0bcab-f093-41be-aa3c-3f44053a7302,
bec2483d-4233-4a50-b127-c400d56a2206,ff17cb93-bfe4-432b-b691-8d7c31c5cc97,92540155-b62e-4a2c-9047-40fc17f45041,
7f4d3ffb-e3df-4b6c-9f49-b6a5edc8caf5,ff17cb93-bfe4-432b-b691-8d7c31c5cc97,9f5645af-c7c6-4413-8d21-6483ce203a5d,
38b25277-ff80-4818-a9f6-e4981a3d2b8a,ff17cb93-bfe4-432b-b691-8d7c31c5cc97,a67774bb-3870-4c79-bb16-87d39ae3f83e,
715cf590-5a9a-4a21-ad22-0bf2ab9feb43,ff17cb93-bfe4-432b-b691-8d7c31c5cc97,c68d1bd0-c9ee-492d-9ea4-f3dfec4c43e0,
040bd594-0275-4d77-913f-dfe63a2fd3b0,ff17cb93-bfe4-432b-b691-8d7c31c5cc97,d3e080d8-4e01-4f4c-871c-00684b34798c,
72c03b49-00e3-46f9-be32-1da9d3d4f6ff,ff17cb93-bfe4-432b-b691-8d7c31c5cc97,dacedc94-9484-4269-bfbf-6ea20364fb06,
