id,district_id,jurisdiction_id,subdivision_id
5fc4eea5-2b4e-4f25-8eb5-a5668a9981d4,00787b3b-7e95-46dc-8dba-b8d264beb64f,2c849a7c-6a13-4db8-a40c-1c0ab3e6e210,
9d7081af-56b4-47fe-8d2e-80e6b8e9ae7f,00787b3b-7e95-46dc-8dba-b8d264beb64f,c133df8e-7931-4c05-ba13-812f517e023c,
3f853f47-1ff6-4884-92eb-db29dd94b4dd,00787b3b-7e95-46dc-8dba-b8d264beb64f,e4f540ee-cb6b-4c4e-8688-953e2139e12a,
fd208594-6799-4005-84cc-1a265fc8d4f0,00d213b6-fb63-4adb-8b7d-8290fccf79fc,080ba0fe-d9db-4925-a2ed-30eaa894237a,
809ac91d-fad7-4a5a-b3e5-b72e76b1b324,00d213b6-fb63-4adb-8b7d-8290fccf79fc,09cefd57-eda4-4269-9632-538599f165c1,
d5a804bf-38d1-4ad3-87f6-332e0a265db4,00d213b6-fb63-4adb-8b7d-8290fccf79fc,0dbc00a4-1296-4f58-82d2-6c44e909eec1,
e8801e5f-14a6-4d33-9c90-5483f7b4505c,00d213b6-fb63-4adb-8b7d-8290fccf79fc,10c3dd30-1adb-4bcc-9b5b-a495f37a5543,
5153b766-fd7e-4754-8db6-aaa79fea608c,00d213b6-fb63-4adb-8b7d-8290fccf79fc,12187055-da8c-45db-9ac3-cb2ce1ca8ab3,
d6abd111-2919-4cc5-b152-3d55ee13b595,00d213b6-fb63-4adb-8b7d-8290fccf79fc,1ce47b8b-4545-48ae-a52d-befe678647be,
a686d793-ff3e-4d8b-96c9-706e4cb8f093,00d213b6-fb63-4adb-8b7d-8290fccf79fc,1d30cc47-77dc-484e-8f62-dc4268c867f3,
9fe59361-31ee-4300-9be9-01e819bfcbdf,00d213b6-fb63-4adb-8b7d-8290fccf79fc,22010809-bef2-4dca-8c46-b606be9150c8,
edb30fc6-95af-4a2a-b951-35582bec4f81,00d213b6-fb63-4adb-8b7d-8290fccf79fc,2c67651c-dc2c-40fb-bd8b-e2a5a0d171ed,
016cd038-86a1-401a-8f06-c3d1493fb63c,00d213b6-fb63-4adb-8b7d-8290fccf79fc,2f9977d4-f0d0-4831-9bdc-d0f1fdaefb29,
d7aaf657-0740-4b0b-83f3-95e8ae59b7d7,00d213b6-fb63-4adb-8b7d-8290fccf79fc,2ffda8fd-b33b-4b6a-bf7c-c3df75e633c9,
a4cda046-5f95-401c-a1a8-c0e21c8337fb,00d213b6-fb63-4adb-8b7d-8290fccf79fc,30c41636-894c-4254-8a5b-c5b2fc59ef97,
8d044a16-3c83-45c0-934a-126443e096b3,00d213b6-fb63-4adb-8b7d-8290fccf79fc,31b598b5-eb68-45f3-825c-17ec9597da8a,
e7c2b26f-d19d-49d3-993d-10c0d8506508,00d213b6-fb63-4adb-8b7d-8290fccf79fc,36995751-4133-45f4-b159-cef931125ea7,
2ef13190-02c4-49cd-a378-9e43c21f4dd5,00d213b6-fb63-4adb-8b7d-8290fccf79fc,38e28427-2064-451b-b194-33f32db744d5,
13fd01db-e847-4a66-9044-7afc57b032d5,00d213b6-fb63-4adb-8b7d-8290fccf79fc,3920a320-4728-480a-bfbb-bb6a0097c50b,
d69cbea8-8203-426c-9815-f63918fb48ee,00d213b6-fb63-4adb-8b7d-8290fccf79fc,3a5d6647-e0fd-4853-818e-eeee3354e050,
40ea97e1-8fc4-4c82-9c82-96172fa76e12,00d213b6-fb63-4adb-8b7d-8290fccf79fc,3b106d4e-30e4-4b12-93d0-e87d3d97a0ba,
c2b4a372-6ed5-4823-9ec3-eb2f9a964910,00d213b6-fb63-4adb-8b7d-8290fccf79fc,3b706bc7-dd8a-44af-a381-5620729c81a2,
20b6215d-c948-4c60-9981-7a27de099d12,00d213b6-fb63-4adb-8b7d-8290fccf79fc,3ce449c4-8936-41b5-98cb-44750c2c1855,
1c7d2b05-8881-4411-b170-201968ad6d28,00d213b6-fb63-4adb-8b7d-8290fccf79fc,405543d6-b801-4ae0-81f5-88340f1b524b,
63dfb9cb-325a-4ee1-b8e1-1275aea709b3,00d213b6-fb63-4adb-8b7d-8290fccf79fc,4818387d-057c-479f-a148-4ac5940400fb,
ff151d6e-c140-40f7-8acc-12c6ab8b3f4c,00d213b6-fb63-4adb-8b7d-8290fccf79fc,555b93e2-1e43-4e39-a0c1-d7bcdc7f4b65,
d1cd0032-d445-4729-8c32-e730cc8285ed,00d213b6-fb63-4adb-8b7d-8290fccf79fc,566863f6-3cd5-4b3d-bd56-342982d8ef51,
958d7806-d75c-4968-8870-e3c69c73a390,00d213b6-fb63-4adb-8b7d-8290fccf79fc,58bbe67e-8735-410f-abe9-75ef53979a29,
b6fb4658-6f6b-4a71-9044-edb641be52bd,00d213b6-fb63-4adb-8b7d-8290fccf79fc,59021615-1749-406d-abe8-9f91f933d5da,
912ca7b6-a55d-4d6a-9925-21015861d0cb,00d213b6-fb63-4adb-8b7d-8290fccf79fc,5a3b7b54-9e2c-4894-a43e-6f9f4193ad8b,
a6f3234d-035c-4e03-afc3-9c6a9990712c,00d213b6-fb63-4adb-8b7d-8290fccf79fc,5fe728c6-eaab-482b-a7a2-7a65f891d383,
6c38ee7c-6106-4072-9904-23fc647670b2,00d213b6-fb63-4adb-8b7d-8290fccf79fc,65f560db-913e-407a-b1a8-05212bde22f2,
eacf038b-5d7f-4875-8af1-dd1759622c9f,00d213b6-fb63-4adb-8b7d-8290fccf79fc,6cb4e38c-0942-4759-b7eb-e2fd83ade552,
213de6ca-ca6e-4815-a190-36e10a1426f7,00d213b6-fb63-4adb-8b7d-8290fccf79fc,6e042109-e1e5-4743-99c9-c927f6324484,
5e9f2054-f4e4-40ee-87b8-305b35fd4a61,00d213b6-fb63-4adb-8b7d-8290fccf79fc,6ed00e30-ecdd-47cf-b092-063425fc9d2c,
e70bb8b9-2ade-430b-a5ad-066f1902e70d,00d213b6-fb63-4adb-8b7d-8290fccf79fc,7938e7d8-f4cc-4486-8bb3-b9f48b33c5d0,
1d64addb-3cb4-4a69-bee5-a8ac68ce9b4e,00d213b6-fb63-4adb-8b7d-8290fccf79fc,8192c7ad-c706-466e-9d32-0e2c75114634,
cafc46e7-d685-46c6-8e95-eef6ea387372,00d213b6-fb63-4adb-8b7d-8290fccf79fc,85632a41-b7a4-4af5-b465-d8b2f70a5205,
f1006be3-fbe0-4f19-a5a1-1406035c4245,00d213b6-fb63-4adb-8b7d-8290fccf79fc,86664da4-bd03-4b5c-b42b-3ddcf4029540,
9fdfec1b-4a62-4089-afa9-a19a59445719,00d213b6-fb63-4adb-8b7d-8290fccf79fc,90ee3b7d-943d-485b-8f77-113938a48e33,
0893f645-6215-43ee-b021-1a1067af69ec,00d213b6-fb63-4adb-8b7d-8290fccf79fc,99511796-bce0-4679-b151-b0fd2108b152,
4fc3c492-7a9d-4dd5-a9a5-7d38f729e1b9,00d213b6-fb63-4adb-8b7d-8290fccf79fc,9c1ef8e7-aa1e-42a6-90fb-ef21fd6ce12d,
bd2716c5-3f02-4c02-a567-738d45778100,00d213b6-fb63-4adb-8b7d-8290fccf79fc,9ef68073-b26c-4049-b530-a3948231a430,
9ffe4956-214f-47b2-bbbd-5c74a86b705f,00d213b6-fb63-4adb-8b7d-8290fccf79fc,a5111fef-3ba6-409d-bba5-e417e4e85a30,
d635701b-db61-4509-9ba1-edca484f6ffb,00d213b6-fb63-4adb-8b7d-8290fccf79fc,a8a62dc3-e8c2-4e44-8c91-51eefde96986,
3a490289-3219-4b05-9c5f-7a7609e390db,00d213b6-fb63-4adb-8b7d-8290fccf79fc,a90c7250-545c-4cd5-9e11-ded023817efb,
44656830-abdc-41a8-9983-115d227c8b42,00d213b6-fb63-4adb-8b7d-8290fccf79fc,ab77a4e3-5d77-4cad-aeb2-265ca9a976ef,
ed8c212a-f64e-4240-b184-eae5d101fa61,00d213b6-fb63-4adb-8b7d-8290fccf79fc,affbb805-a315-4c16-a91a-89f3ae0d9492,
c143274f-3fe9-4009-8f57-20f93620afe6,00d213b6-fb63-4adb-8b7d-8290fccf79fc,b2c2e1ec-7a83-4e2a-a881-874a4f7cf806,
16eb0780-4d85-4630-9e61-8c41a1d9bd0a,00d213b6-fb63-4adb-8b7d-8290fccf79fc,b5a9c683-7522-4633-9a0d-5febeb861faf,
693085c4-bec3-4c25-9f66-662e51a45a08,00d213b6-fb63-4adb-8b7d-8290fccf79fc,c6f96dba-8bb0-4efe-ba4a-4f3174924151,
da5a8a72-6931-4361-94e4-0365f58b42df,00d213b6-fb63-4adb-8b7d-8290fccf79fc,cb29d08f-74e3-4a87-a5de-8a65d8142cbc,
ca069388-1e4f-4718-ab21-9520e99e312e,00d213b6-fb63-4adb-8b7d-8290fccf79fc,cd50381d-cfd2-4185-9a11-52b1d49d88c9,
eb6bb016-b777-4c13-805b-84ed401aadc3,00d213b6-fb63-4adb-8b7d-8290fccf79fc,dcb32208-2a64-4275-b592-1030b82c1060,
54a27884-60b5-486e-b7a8-cb416a238167,00d213b6-fb63-4adb-8b7d-8290fccf79fc,e8a80e04-31bd-4fe0-99d5-9a400c1c011c,
8f889567-14bb-4893-8963-6b458703c30a,00d213b6-fb63-4adb-8b7d-8290fccf79fc,e936e7fa-9b06-45bd-9a12-3d2846d5bcaa,
29ad7be7-b4e3-45f4-a510-c6241da85731,00d213b6-fb63-4adb-8b7d-8290fccf79fc,ea4991b9-83bb-4196-8d60-ad30535e3001,
d09f333c-ed54-4b3f-87ff-a8351f6b8d56,00d213b6-fb63-4adb-8b7d-8290fccf79fc,f68bf95a-47f7-42ce-93ad-d42641c9a3db,
6b05fdd7-84c6-41d1-a637-f4c71ea9e01a,00d213b6-fb63-4adb-8b7d-8290fccf79fc,f9d8ec12-0af5-47a0-be63-a95a3a17e8dc,
87c15092-3439-4d6f-b6e6-6a404935ce91,00d213b6-fb63-4adb-8b7d-8290fccf79fc,fb25aa9d-997a-4f07-beed-d192e09dee42,
969bbbe3-eec5-40f3-a617-e43fb120ff66,00d213b6-fb63-4adb-8b7d-8290fccf79fc,fe32028f-0d01-4b4a-bf33-4f45099e46d0,
eca97afe-b437-4a0f-b8b2-c9845f3c4dbf,01293145-83a3-4296-a5bf-49719afea8ef,006e02ad-cfaf-4e79-ac9d-5729c37b5b48,
c3ffd64c-47d8-4024-83df-aa4c582b663d,01293145-83a3-4296-a5bf-49719afea8ef,3b415345-720a-443f-9fbb-1398b2250d96,
0e6e12a5-434e-4900-b8e1-a72fe3b6066e,01293145-83a3-4296-a5bf-49719afea8ef,980aea82-3f3c-4d27-beca-f8e695a23913,
62e5ac93-22b4-4ea0-86da-2cd25424815a,01293145-83a3-4296-a5bf-49719afea8ef,bd7d0fab-ddee-4055-8de7-bb6b55343a19,
06835789-2c44-44c1-9e40-f6f73ae020be,01293145-83a3-4296-a5bf-49719afea8ef,c0d555d2-6833-4400-b391-246b897a22aa,
0f6f3d8a-815c-4d6d-9459-7f6392801bb1,02464dcc-1f2d-4cef-a001-1ff62dced4f2,135b1a71-9592-416a-b34e-48891e1772a6,
4ea4d10c-9bc3-40bf-8d9e-76f1138f0535,02464dcc-1f2d-4cef-a001-1ff62dced4f2,18ddfd46-31a9-4660-b8cf-62b7062e1d86,
63c35c26-819f-4548-8f46-8e5c9ce5f101,02464dcc-1f2d-4cef-a001-1ff62dced4f2,1a35d25d-be98-416b-9cc2-521d6afcf3c9,
d270987d-fed8-4923-a3c2-da5935babc51,02464dcc-1f2d-4cef-a001-1ff62dced4f2,24b4dd5b-c039-4490-8a6b-f86df8fa9599,
5dc824a8-5425-447b-b713-733cccbb89aa,02464dcc-1f2d-4cef-a001-1ff62dced4f2,2eea4858-66d2-4bb8-9f3e-7632a17e3cdb,
55dd646c-bab9-4073-9d16-d0419222ab23,02464dcc-1f2d-4cef-a001-1ff62dced4f2,2fe73dbd-f44d-461c-a4eb-42757403fb7a,
2875eaf6-3df7-483a-9e3b-0565ea6c0043,02464dcc-1f2d-4cef-a001-1ff62dced4f2,308705f5-e288-421b-baae-f5337778669e,
0f4fb155-8e59-4e82-9941-b69c9fffe5d7,02464dcc-1f2d-4cef-a001-1ff62dced4f2,4045a26d-183a-4a96-988b-56612343d26a,
3574bd41-e085-4b8d-9566-524ced6838d4,02464dcc-1f2d-4cef-a001-1ff62dced4f2,4756a56d-b13e-45b1-af17-678fd7c595c6,
47e64c0b-7b7f-4e3a-8657-b18c70bf9175,02464dcc-1f2d-4cef-a001-1ff62dced4f2,479e3f89-fc99-4677-bf29-97994d91420d,
869aaa7a-1a52-4184-a556-8f08f6083205,02464dcc-1f2d-4cef-a001-1ff62dced4f2,4ddd2d11-1d03-41dc-aa17-08133378660a,
19a07ad0-dfc7-4ee5-b45a-ce17b072d8a9,02464dcc-1f2d-4cef-a001-1ff62dced4f2,50bc298e-7354-415f-bd2e-142f822d75b9,
68fb62c6-c4d2-4861-9cfc-af276a911021,02464dcc-1f2d-4cef-a001-1ff62dced4f2,5a21d61e-8e5d-4a9b-8c2f-b7d1e21e9396,
821b2056-1d72-4dd1-b04f-6d030ad4bef6,02464dcc-1f2d-4cef-a001-1ff62dced4f2,5c72ef66-8492-43f0-91e9-6946a5605aa5,
b8a0ada0-e95f-45f1-802e-9ef202ffa350,02464dcc-1f2d-4cef-a001-1ff62dced4f2,67467f09-32ab-4e5c-b7e8-5845dd4a3411,
c434492d-754b-4915-9300-d43443236240,02464dcc-1f2d-4cef-a001-1ff62dced4f2,67b6ca93-2b83-416d-9656-b58ba4c84e69,
6ca93f40-d312-4b1f-a94e-19fc06ef97f6,02464dcc-1f2d-4cef-a001-1ff62dced4f2,6b2d9799-ba59-4623-874b-8518709809ed,
5e1bd00f-bd3f-4ec1-b851-7e9cca2dc091,02464dcc-1f2d-4cef-a001-1ff62dced4f2,776fb17c-5052-4cea-9a54-d7530ca1f044,
b7f3831c-9146-49b1-ab34-ef354968a018,02464dcc-1f2d-4cef-a001-1ff62dced4f2,7a2aaa82-ed21-49cd-8f02-5d713fd9bb42,
77b05c61-bc8a-413b-8888-8ed55f5ac75a,02464dcc-1f2d-4cef-a001-1ff62dced4f2,7d29a42d-5dd4-4751-8291-ab4155528fe8,
1a8ed50a-6719-4bd3-a303-7028c3569ab7,02464dcc-1f2d-4cef-a001-1ff62dced4f2,7f16d9ac-4d47-417a-b0d5-fa99487d5712,
e6e6dd9e-a4cd-4687-afdd-f59b388d1041,02464dcc-1f2d-4cef-a001-1ff62dced4f2,84f49388-3e89-48be-b212-9c470d92ebe7,
ea7863c3-d714-4491-968c-cc4a8b64074b,02464dcc-1f2d-4cef-a001-1ff62dced4f2,89441c50-a3d0-4124-a3be-52b690846ef8,
468a7fba-580f-4651-a5f4-fa68250998f6,02464dcc-1f2d-4cef-a001-1ff62dced4f2,8e2fd284-9c02-4106-805b-f3f01c497051,
63356ca3-4231-44af-8eb8-3831ab31a35f,02464dcc-1f2d-4cef-a001-1ff62dced4f2,98ed9bdc-71e1-48c7-aa43-6551312180a5,
50b033a3-d8ad-4349-bf89-e2f50240cf66,02464dcc-1f2d-4cef-a001-1ff62dced4f2,9bf832e2-d0be-44e4-a06d-fb21afb94a99,
c551fd8d-4e10-4e3c-bad1-166a1e265478,02464dcc-1f2d-4cef-a001-1ff62dced4f2,b80c4976-1751-4e7e-a532-04ee0f6f0cd4,
9cc7bfb9-d63b-469c-b0e5-11a2583cc469,02464dcc-1f2d-4cef-a001-1ff62dced4f2,bfcfd83c-30dd-4446-8cee-207986b4ca42,
721f0115-27dd-4c8c-893d-10b8d5e3ee79,02464dcc-1f2d-4cef-a001-1ff62dced4f2,cf9fa506-913f-471e-a2c1-cb7f44fc75dc,
ef3170c9-eb79-47b6-93c1-c5a376eea44b,02464dcc-1f2d-4cef-a001-1ff62dced4f2,d40100ba-e6ce-408f-bd09-c3542ccb16d5,
8c11bffe-f30f-4dca-9702-098faa460aaa,02464dcc-1f2d-4cef-a001-1ff62dced4f2,da376be7-8a2a-495d-81fe-a6bd87c31186,
d7c6bb61-8106-4b9c-9f43-a25e581b8c67,02464dcc-1f2d-4cef-a001-1ff62dced4f2,e4d523c4-b7d4-42c2-868d-2785c942e864,
ed25d2b7-9177-41fb-acea-3c7bbf899c4e,02464dcc-1f2d-4cef-a001-1ff62dced4f2,e5279a7f-609e-43e8-b5e2-cd97aaa35ed1,
80c80f4c-cf10-4fab-bbe7-02a6e4c81ed0,02464dcc-1f2d-4cef-a001-1ff62dced4f2,ee2cce49-e36c-44dc-8ab0-99ef2114aed5,
45a2a859-e1ca-4cc5-ad0f-ee3fce672c27,02464dcc-1f2d-4cef-a001-1ff62dced4f2,f5209319-b807-4f88-947d-c3d738c35524,
698c6df1-78e8-4d19-86da-105e933378bf,02464dcc-1f2d-4cef-a001-1ff62dced4f2,f6f6a71f-9d49-4746-9e2f-2ec891c4b0b2,
8d85af1b-4592-43b7-b3e3-f6c5ef65365d,07e5df49-e93c-4177-a0b3-1b7f0e542897,049fa80b-b580-4a0a-894c-1018ffb4c4d6,
ba8b5c2a-8dd1-4f2c-a782-297e874ec478,07e5df49-e93c-4177-a0b3-1b7f0e542897,0d43f019-e2a5-47c7-905a-489a34b6b7ca,
34f9aa2c-ce98-4105-b87b-f97f3a7fe6a0,07e5df49-e93c-4177-a0b3-1b7f0e542897,1084051e-ff48-42a1-b692-570c66c916ea,
ec900eb5-ee5f-4314-b4b1-a5ee11279f28,07e5df49-e93c-4177-a0b3-1b7f0e542897,205520c5-1ec5-4e84-9077-cec7e8902c45,
110acebe-99f1-4531-96c1-e395ce1ba802,07e5df49-e93c-4177-a0b3-1b7f0e542897,2a827468-6cd8-49b2-ad04-b94e4816a300,
708edb6e-e1de-4569-b496-a7bb221d141f,07e5df49-e93c-4177-a0b3-1b7f0e542897,2a838ac9-e948-4e2d-8517-b5ce9bbb2b17,
e24de814-71a5-4887-baec-b183244f78d3,07e5df49-e93c-4177-a0b3-1b7f0e542897,2e0a3cbb-cf1f-4c2d-8073-8d4976eaeeca,
af564803-8b5b-45bc-92f1-6fb0e01c21cc,07e5df49-e93c-4177-a0b3-1b7f0e542897,38c69a93-dd32-4dde-9dcc-47525e9e3e09,
f97e19a3-9ac1-478b-8809-0970c8215d1a,07e5df49-e93c-4177-a0b3-1b7f0e542897,3fa7a220-fe12-415f-9f38-66fa66ac4710,
77523b09-675d-4e4f-9212-f22a0c7d07ff,07e5df49-e93c-4177-a0b3-1b7f0e542897,43d19e5d-700a-421a-bdb1-b07583b6a0ae,
632c2422-a955-4eab-9513-c43177ae3860,07e5df49-e93c-4177-a0b3-1b7f0e542897,4c00293e-7ada-4eaf-97e9-7eb1525235d4,
88440686-4cde-4871-bd56-f29e043dd5ad,07e5df49-e93c-4177-a0b3-1b7f0e542897,51038a11-a0e9-4cce-bbbc-2403dae1fc9b,
22f0fe86-77c5-413f-8835-5965c73b9087,07e5df49-e93c-4177-a0b3-1b7f0e542897,55022f0d-b1a8-48f4-a822-1c5033c1edbf,
a5a72f1c-abf3-4209-b535-a26e56024ca8,07e5df49-e93c-4177-a0b3-1b7f0e542897,553a11d6-32d4-4ec3-9965-221e4aacb6c8,
d9da330f-bc83-4f7c-85e5-0698e0c9425c,07e5df49-e93c-4177-a0b3-1b7f0e542897,6813a999-4a25-4f22-8590-ebbc79742c02,
216da6d2-6f39-44c5-b057-386c0548158f,07e5df49-e93c-4177-a0b3-1b7f0e542897,6b8a7a2d-b44b-4f20-8851-f2fa910492c5,
7a011074-1e87-4f3e-ac70-5c81918da7d2,07e5df49-e93c-4177-a0b3-1b7f0e542897,73611e26-9310-40a3-92c9-93cf4d718d8a,
d673e504-cdea-4a42-89d3-f3658c6f1d68,07e5df49-e93c-4177-a0b3-1b7f0e542897,7b109f47-9062-407f-abc3-92a7c9d48b05,
1b6c4e89-c19f-4d37-abfd-a1ec5e934587,07e5df49-e93c-4177-a0b3-1b7f0e542897,7c989b42-2df8-4a7f-b893-00718d99b7f8,
2250d4e2-a942-4c48-980a-1406460f3b60,07e5df49-e93c-4177-a0b3-1b7f0e542897,7d1f6df1-892f-44cc-9f50-4cbd15c7098e,
86f9d7a9-49cc-4b20-8e44-ba9c02f63524,07e5df49-e93c-4177-a0b3-1b7f0e542897,7f9476e1-db38-4cd2-9b73-a6b150a359ca,
f6e3eedc-d9cf-4390-8752-f027b82a5a11,07e5df49-e93c-4177-a0b3-1b7f0e542897,83e84c2e-b6f2-4395-b30e-b080a8c113ce,
3af70d44-f6cf-4d5c-bab7-68a8e8e51605,07e5df49-e93c-4177-a0b3-1b7f0e542897,89f9781d-9cc9-4e7a-a030-82e627d3e971,
6b432fa2-55d8-4e51-8bb5-e15a7d154639,07e5df49-e93c-4177-a0b3-1b7f0e542897,8ad90ba7-bd41-4bf0-a211-da1e6418469f,
61114d63-5068-4c6e-ae3d-bdf0b5dfc7fd,07e5df49-e93c-4177-a0b3-1b7f0e542897,92a0f513-e253-4431-af00-6b76949d0ee9,
db12050b-271d-42f7-b0e8-c1c4ef09f8d7,07e5df49-e93c-4177-a0b3-1b7f0e542897,9d4995e4-b953-482a-a190-f2c2c753bd20,
bdf2f8c2-2bb6-4fdb-b830-8385b4d249ee,07e5df49-e93c-4177-a0b3-1b7f0e542897,9e69eefd-6d7a-4961-9309-159191eea8af,
638b4671-1a75-4700-ac25-1a06304b9b89,07e5df49-e93c-4177-a0b3-1b7f0e542897,a28eb6c3-e395-4d85-a6e6-d8c025c8e19c,
184e302e-3007-42a7-b1cf-59cf8d749640,07e5df49-e93c-4177-a0b3-1b7f0e542897,d9e456dd-ee33-4974-a4b6-d9422d39b0ac,
94e37d47-698c-4e89-9a7b-066610b81916,07e5df49-e93c-4177-a0b3-1b7f0e542897,e107733f-596b-433d-964d-37ab31e23ceb,
d7058a0a-b946-4e1d-8a3b-7b3e1a925a55,07e5df49-e93c-4177-a0b3-1b7f0e542897,e8b47cf3-1c3f-4e8e-b1e8-65caf95bc647,
d053b66e-4695-488e-b491-f392b195163c,07e5df49-e93c-4177-a0b3-1b7f0e542897,ec9c0bc7-0a56-4405-b8ba-36e85035abdb,
f7462da7-11de-4c0a-8012-9966862f8776,07f2c44f-7b2c-433c-8f2c-f9ea6b110aea,b9cd8a01-e1a7-4cfe-a046-13a6b7028adc,
cd570be5-a684-4402-a82b-cdac9dcf82de,09d675ec-f0ac-4d95-8417-6c8e7958e1c9,40160327-ffd7-4101-abaf-9bb7e178c4d3,
a992550d-7bb4-459a-b4be-5e8ecb29c3b6,09d675ec-f0ac-4d95-8417-6c8e7958e1c9,4cde2776-f939-42ac-9a97-b180dc6eb650,
450419f3-8c39-4df5-9733-5e13e6f828f5,09d675ec-f0ac-4d95-8417-6c8e7958e1c9,6338e04c-e35c-494a-b89e-70035e868336,
a350d6ad-a186-415c-bb84-456ef04f070c,09d675ec-f0ac-4d95-8417-6c8e7958e1c9,774ea517-1e0f-4123-8e68-d59460d4721a,
3660717d-949b-4444-9633-c07d5011f57d,09d675ec-f0ac-4d95-8417-6c8e7958e1c9,8965f352-f339-4924-8c75-17086958f03f,
95b9e7b6-c74c-4f82-82c3-768bd83d503b,09d675ec-f0ac-4d95-8417-6c8e7958e1c9,9b3f9a8e-ac50-4fae-ba41-6c5624ddce75,
8f092491-0267-4bed-bc3b-23809d4d5d93,09d675ec-f0ac-4d95-8417-6c8e7958e1c9,9c15146b-1556-4323-b80e-8ec5cb5b64ac,
a28a9554-55a7-4514-8a2b-25f3c718b7eb,09d675ec-f0ac-4d95-8417-6c8e7958e1c9,a518f37e-e4e4-4ec7-8c67-104ffa2fe5bb,
e265eecc-79f9-483c-9f5b-b1843d82f930,09d675ec-f0ac-4d95-8417-6c8e7958e1c9,c31713f3-5da8-47e4-bd1e-625f3fd8ff02,
ebcf13fc-b04b-4165-a45c-d4f4d663a88f,0a92fad5-31c2-4d1c-968b-5d4c8ca8c05f,009f8c08-f1cd-476b-aa7a-dddfa5afb80c,
b71eebd3-53be-497c-9f87-e86ed33c73a3,0a92fad5-31c2-4d1c-968b-5d4c8ca8c05f,03b11253-b85e-465b-a848-60314aa8423a,
f05cbec6-4646-4659-84d3-19cf27d06591,0a92fad5-31c2-4d1c-968b-5d4c8ca8c05f,068a8277-138b-4b74-972d-c8a8d1d46883,
bdd976ac-85a5-4690-8c34-3288f80015c3,0a92fad5-31c2-4d1c-968b-5d4c8ca8c05f,0b21839c-5739-426b-adb1-a5a2075082f9,
fdfb11ea-42ec-4acb-a6c7-9a64ad799f3e,0a92fad5-31c2-4d1c-968b-5d4c8ca8c05f,0e7eef6e-3554-4d13-b308-9c9b82ee5b52,
f981e757-4fde-4521-93d9-645165a7c585,0a92fad5-31c2-4d1c-968b-5d4c8ca8c05f,11c9557a-86d6-4713-a217-1975b0fd256b,
2b71622d-c122-4c82-9751-f1e1f3bdf513,0a92fad5-31c2-4d1c-968b-5d4c8ca8c05f,185e7549-5bcf-4c89-9ae2-29ae642a20a4,
38bfdcdb-b026-4244-b803-211079e28712,0a92fad5-31c2-4d1c-968b-5d4c8ca8c05f,1925fd52-f086-4be5-b42f-92cccfe6a42d,
f786aa59-6831-47dd-ad37-f0a5c2cee446,0a92fad5-31c2-4d1c-968b-5d4c8ca8c05f,19f9d892-94e2-4d1e-970d-defd26886c9a,
e03a0116-1f08-4071-9212-fde3ac050d74,0a92fad5-31c2-4d1c-968b-5d4c8ca8c05f,2078a48f-ddf8-46cb-ba59-7701a08b283f,
ab263888-d0dc-4097-975e-bf51590ebebd,0a92fad5-31c2-4d1c-968b-5d4c8ca8c05f,21012a36-c8c3-48e1-9e8d-942f72cb5d3b,
2a6bc19f-b216-418c-a4d4-13a87aefadfa,0a92fad5-31c2-4d1c-968b-5d4c8ca8c05f,236b757b-ad48-4230-a6fb-a2c1795341cd,
c3ee8f60-c562-45d9-bf1c-1c3d7d06b5ac,0a92fad5-31c2-4d1c-968b-5d4c8ca8c05f,23da7787-4fbf-4bd3-8a1a-8b392b045356,
f875fa5c-59f5-42b3-9b87-775c7a14cfcc,0a92fad5-31c2-4d1c-968b-5d4c8ca8c05f,28581ec7-b51a-4c4f-a15e-f5ed8d2214f1,
861b84c8-607b-441f-824b-27b3c0d86491,0a92fad5-31c2-4d1c-968b-5d4c8ca8c05f,29ccc957-a6e5-48e0-bc30-0d7202b2fbdd,
145f1b98-9bfa-4a59-bbb5-d4638f0716a2,0a92fad5-31c2-4d1c-968b-5d4c8ca8c05f,2bb252ff-e0a4-48cb-b27c-7440f78e8cfb,
bd3c5af4-489d-438a-9bc7-e16aa076a05b,0a92fad5-31c2-4d1c-968b-5d4c8ca8c05f,31bb9e1b-de20-44df-8271-ac86c1550d89,
6217d0a0-a4e9-4f32-a8d6-507f7a08e5cd,0a92fad5-31c2-4d1c-968b-5d4c8ca8c05f,32611fb6-520c-4a6a-ad69-f0870e190195,
e4ce74ad-50c2-4bb1-8363-98e9bd6ad8f9,0a92fad5-31c2-4d1c-968b-5d4c8ca8c05f,36d735cd-fb7f-4819-9670-2fe0173655d4,
36d5e38a-04fe-428b-82c2-e86154cfa249,0a92fad5-31c2-4d1c-968b-5d4c8ca8c05f,39094d21-f366-49e5-a0ea-2cbf48557215,
b88c1e4f-18f5-4fc2-ab7a-e435e3543470,0a92fad5-31c2-4d1c-968b-5d4c8ca8c05f,3bfb0fc6-dae7-4022-b49a-eea24112823d,
e0c5bd77-eb96-45ea-aa9d-3aad7596d6f1,0a92fad5-31c2-4d1c-968b-5d4c8ca8c05f,3d70f69d-b6f4-4b40-8a8f-620f9b94a706,
8c2ccf8a-af34-4e2e-a7fa-2a439b8de910,0a92fad5-31c2-4d1c-968b-5d4c8ca8c05f,3df8cf69-dea6-4158-98ce-01db66139618,
325c08cb-bcc2-410f-887e-2d0b40605ec4,0a92fad5-31c2-4d1c-968b-5d4c8ca8c05f,3f77fd5d-db75-4838-8d58-79a637abcb36,
e8e2ca1d-bbcc-4fb4-96b3-61802e630c2c,0a92fad5-31c2-4d1c-968b-5d4c8ca8c05f,41ff8961-2df3-4727-ae24-fa69752523ce,
b7a969fe-49db-496b-a889-75e3358ad2fe,0a92fad5-31c2-4d1c-968b-5d4c8ca8c05f,422de6b5-4acc-4cc3-a424-e76129c1527c,
94e1c733-352d-4675-83c4-bcc489b5b18c,0a92fad5-31c2-4d1c-968b-5d4c8ca8c05f,478064fc-04b9-4f17-9eaa-4e83434deaca,
ec8f054b-56b9-42a6-b2b8-40d1a3aef20b,0a92fad5-31c2-4d1c-968b-5d4c8ca8c05f,4be288e7-5d7a-4cd7-aba9-f906941f4703,
d8a8fcb0-0b8a-4a32-88b6-8ea2850dca4c,0a92fad5-31c2-4d1c-968b-5d4c8ca8c05f,52941138-2d8f-40b3-b8ee-0aff867d88e7,
c3e88172-4f0c-43b8-9597-747cc3f270be,0a92fad5-31c2-4d1c-968b-5d4c8ca8c05f,55e66683-a614-4c85-aabe-258f38925e49,
967451c7-2a8e-4873-93ed-15611f7892de,0a92fad5-31c2-4d1c-968b-5d4c8ca8c05f,56f2e8ee-1ecb-40b6-8b53-ffa01d91bbf4,
ee16c35d-c559-4c4c-845c-499005ef7f89,0a92fad5-31c2-4d1c-968b-5d4c8ca8c05f,5dd3ebc1-af01-4fcd-b53c-191937d8db95,
b04f5134-9b53-4ac3-b166-382adf4061a5,0a92fad5-31c2-4d1c-968b-5d4c8ca8c05f,63b5765d-9dd8-45c8-ab2b-493ef17a0873,
7e9f12ba-e9a6-4b3c-b56d-2deaccc218eb,0a92fad5-31c2-4d1c-968b-5d4c8ca8c05f,65675608-0b7d-46ff-977a-ebaea140a11e,
2130ab6f-522f-423c-ac8f-1d1e279d49e1,0a92fad5-31c2-4d1c-968b-5d4c8ca8c05f,683c0406-b05d-4a37-9b23-12c6d76ff0a7,
098f9e2d-e127-48b6-891d-c3bc3ab7f864,0a92fad5-31c2-4d1c-968b-5d4c8ca8c05f,691da387-aca3-4211-8a20-e5b5816b614e,
e39ef13f-a10b-4b6b-a22f-a893b6f03d57,0a92fad5-31c2-4d1c-968b-5d4c8ca8c05f,738ee0b2-4480-4edc-957f-5df263fdaace,
02624d50-20d1-41c3-ace7-84520d51d10f,0a92fad5-31c2-4d1c-968b-5d4c8ca8c05f,76fdfa65-9cd5-47c9-90a3-012bb090467b,
c2afb97c-9d5b-443c-b404-82c7347a8242,0a92fad5-31c2-4d1c-968b-5d4c8ca8c05f,7793162a-7722-403e-bb50-bf6fca5a4b67,
12d6b24f-8656-4fe8-8980-3d4f003f7d8e,0a92fad5-31c2-4d1c-968b-5d4c8ca8c05f,7b023223-29c8-4d6e-841a-f177b4f116fe,
50e94395-61ae-4ac9-a210-71b10bcf5867,0a92fad5-31c2-4d1c-968b-5d4c8ca8c05f,801c66f3-1a95-4df1-a069-72b0522656fc,
eb93089e-2424-4421-a476-749482bcfe74,0a92fad5-31c2-4d1c-968b-5d4c8ca8c05f,83933111-6955-454a-bd74-0a0be39911d0,
5aeef398-841b-4ceb-9ad1-c879b495fcdc,0a92fad5-31c2-4d1c-968b-5d4c8ca8c05f,8557af43-a136-402b-87b9-215988a3127f,
8133b60f-c335-4a08-9f73-07f30179ea05,0a92fad5-31c2-4d1c-968b-5d4c8ca8c05f,89a18889-ade2-4ae0-93a8-e726955dcc1d,
df4e9da4-4310-48ef-9204-d7ae31945382,0a92fad5-31c2-4d1c-968b-5d4c8ca8c05f,89c6a88d-ca0e-4329-a3f5-1a2728d90838,
7d847403-dbad-4c3e-8864-b8d015f0375e,0a92fad5-31c2-4d1c-968b-5d4c8ca8c05f,8f2c4701-ac2d-45a2-8977-2efcf7c832fc,
8c44a5e2-0971-4613-8a31-428db165e7cb,0a92fad5-31c2-4d1c-968b-5d4c8ca8c05f,93ea9218-485b-4670-96fd-c605071e9719,
ef111c1f-24a9-482e-8992-2004218f4f65,0a92fad5-31c2-4d1c-968b-5d4c8ca8c05f,954a2691-dfda-467b-9cb1-53cf5607ba4d,
e006453f-026c-4bc0-be85-8c563c126a25,0a92fad5-31c2-4d1c-968b-5d4c8ca8c05f,98d445ce-87e6-4a65-93ca-022ecf15dc9e,
3e870b56-3135-4d93-8f27-a81013e1cb75,0a92fad5-31c2-4d1c-968b-5d4c8ca8c05f,9979bbcc-155f-43f6-b318-9c570133a25d,
781fa711-e4d7-4a5a-a62f-c94a3075865c,0a92fad5-31c2-4d1c-968b-5d4c8ca8c05f,9ac5ff47-f4af-40aa-ad58-603b0074f9f8,
7df780cb-a837-4b62-a877-52258fc05443,0a92fad5-31c2-4d1c-968b-5d4c8ca8c05f,9e1d235a-d274-4b51-89c7-6d284ac3d31c,
445142ba-069c-44a7-a538-1647afa6ea83,0a92fad5-31c2-4d1c-968b-5d4c8ca8c05f,a36583ea-da98-4975-a1d6-4f26c31e4359,
3fc6a45f-c384-4e05-9248-e139eeeadeb8,0a92fad5-31c2-4d1c-968b-5d4c8ca8c05f,a566fe4d-3050-4a74-acda-c5e4a1ea7e76,
4e146895-f360-4e98-81c6-af3063f64fa3,0a92fad5-31c2-4d1c-968b-5d4c8ca8c05f,a82185f8-a09f-4272-afe1-e7b28a37db29,
89bdf02c-954f-480b-9ebd-40cecd868ca5,0a92fad5-31c2-4d1c-968b-5d4c8ca8c05f,a9ff9798-726d-482e-8c08-e434bb39315d,
4054c9d5-2c3d-4d23-b41f-3a3cc0f04fc3,0a92fad5-31c2-4d1c-968b-5d4c8ca8c05f,ac16c4dd-1348-4881-81bc-f8cdbcde47c4,
235600cb-1704-4e5e-a79f-96fc0e6bb9d2,0a92fad5-31c2-4d1c-968b-5d4c8ca8c05f,ac96c36e-0ae4-423f-9605-b5eed95e750e,
4479e134-848d-4c04-a830-05ab367d6d7d,0a92fad5-31c2-4d1c-968b-5d4c8ca8c05f,b083268c-50cc-4b1c-abb4-15c6e4cfe5fb,
4bc8e283-14d0-4894-b1e3-d9bcdff1b72c,0a92fad5-31c2-4d1c-968b-5d4c8ca8c05f,b1133607-7216-4e14-8633-9780e44b54c0,
a9767f45-e78b-4748-8e6d-cce084ff86fa,0a92fad5-31c2-4d1c-968b-5d4c8ca8c05f,b650ac42-7564-4eb8-b3a2-0ee29cb75b69,
e70e90c5-203b-4e8f-a941-f01b18106143,0a92fad5-31c2-4d1c-968b-5d4c8ca8c05f,b682baf4-7414-4722-b4fb-c82c343a41d6,
00d4a5a7-4458-444b-9780-29008992deff,0a92fad5-31c2-4d1c-968b-5d4c8ca8c05f,b7e2d243-3122-4824-9a06-c2d787a917c5,
e50901d3-2efa-4da6-ace1-10ac79635eef,0a92fad5-31c2-4d1c-968b-5d4c8ca8c05f,b8f2198e-7df0-4f84-b13c-32914155aed6,
d873f76a-ba03-43c7-8048-fa470cfebe5d,0a92fad5-31c2-4d1c-968b-5d4c8ca8c05f,bb55b0a2-c1f0-4790-8c40-a43440b55a46,
75fc8f2b-dfb4-40cc-b1a5-b957446ec4e1,0a92fad5-31c2-4d1c-968b-5d4c8ca8c05f,bbedbfdd-de81-45b5-9b26-dfff9f2ed465,
ce859900-c698-48af-a4c7-b176c773a2f8,0a92fad5-31c2-4d1c-968b-5d4c8ca8c05f,c1f3fda6-0fd9-490a-9303-da398ad32d14,
ea057334-d7b6-46f9-94d6-ed39cee8108d,0a92fad5-31c2-4d1c-968b-5d4c8ca8c05f,c2e16feb-6fff-4c17-ae97-db433632997e,
c2d690fc-7c16-4acc-b9f8-ab36eeebfc00,0a92fad5-31c2-4d1c-968b-5d4c8ca8c05f,c3652c96-3a66-4e84-989a-5b5403c2d0aa,
e0bc5a62-2f96-4ffc-b2f6-fd300e674e4c,0a92fad5-31c2-4d1c-968b-5d4c8ca8c05f,c42c1833-f7d0-4b02-b69a-7894b31f5518,
03844141-834f-4240-8465-7d3b88922c1e,0a92fad5-31c2-4d1c-968b-5d4c8ca8c05f,c608e230-2c58-4407-a9bd-6d54b9dd9e08,
f1e087d7-2aec-40e0-a4eb-7df7cf6f171c,0a92fad5-31c2-4d1c-968b-5d4c8ca8c05f,c6bda9ca-2c8d-4c77-a7d2-4b364ce11658,
a52f755b-ab33-40f3-8e33-42835f97ec6d,0a92fad5-31c2-4d1c-968b-5d4c8ca8c05f,caba728c-e0b9-44cb-8694-f6dc50a409be,
0626ae3c-7664-4ae6-8622-91cd3b4d2d86,0a92fad5-31c2-4d1c-968b-5d4c8ca8c05f,cb08680d-eb64-44a2-883f-0c1b4f2a96c8,
9a7431d4-1774-4cdf-a7db-b421b4c5fb52,0a92fad5-31c2-4d1c-968b-5d4c8ca8c05f,cc010d4f-c8eb-455a-a34d-89feb8030ba5,
41ffd959-8cc7-42dd-8d96-687bd1ea068e,0a92fad5-31c2-4d1c-968b-5d4c8ca8c05f,ceb4f7be-6a19-4396-aff2-580d1168ac0f,
74452ba2-94a4-40c0-a61e-540edbdd83ae,0a92fad5-31c2-4d1c-968b-5d4c8ca8c05f,d0031259-6817-4a22-acb9-0f79da803685,
2b6e53a0-83c9-4dfc-b72a-bb9862449853,0a92fad5-31c2-4d1c-968b-5d4c8ca8c05f,da4b2323-fd40-4cdd-9e7e-6ef80fc79bdb,
77f8930f-5de4-4672-a1e8-f2c9af63beab,0a92fad5-31c2-4d1c-968b-5d4c8ca8c05f,dabff5cc-0f45-4223-b32d-5136412bb703,
651a775b-7d51-4534-802b-7f5084743486,0a92fad5-31c2-4d1c-968b-5d4c8ca8c05f,dfb1afc9-b91b-43ba-8407-c0e59e12213c,
a7e6d96b-f794-45ce-b2d6-95de1ee34e46,0a92fad5-31c2-4d1c-968b-5d4c8ca8c05f,e2d74849-167a-430e-80b6-b7b41446e213,
51f603fc-f070-41a2-9623-f93956c89e0e,0a92fad5-31c2-4d1c-968b-5d4c8ca8c05f,e7a0e9a5-080f-4fed-b919-87212fded866,
9a833843-5f9d-4d7e-850f-cfa48dd29b1f,0a92fad5-31c2-4d1c-968b-5d4c8ca8c05f,ed62d557-e328-4e9f-bb7b-eb0c9f679cfb,
1a004641-423b-4b30-ac12-5d9f5a0f8895,0a92fad5-31c2-4d1c-968b-5d4c8ca8c05f,eeae1489-f7df-404a-a036-14eb89d7cf59,
e45b69f9-087d-4b91-824d-3fca2da6995f,0a92fad5-31c2-4d1c-968b-5d4c8ca8c05f,f5de7c31-091b-4466-b4dc-9f9d3d36e656,
28fb8757-e93a-4677-8f7e-989858573f62,0a92fad5-31c2-4d1c-968b-5d4c8ca8c05f,f6a11621-2fda-4be4-a257-451673c1ccaa,
727fb3f4-805d-44e0-a688-c3d26c150af0,0a92fad5-31c2-4d1c-968b-5d4c8ca8c05f,fcb3e1f2-631e-4f5a-b18b-37317208547d,
dd9a10ae-4283-4412-bbd7-441a9386f09f,0acb3ec4-a0e1-4031-866d-ac37e556d7ea,15bb3b95-7cd7-4a3f-b8c3-4216fe49f1a2,
96b7bcc1-78a7-44ff-b329-d57afd478496,0acb3ec4-a0e1-4031-866d-ac37e556d7ea,1db51db1-d7f2-4a67-9d0d-637309f66445,
74d66e51-3ad9-43dc-b037-5f447d03cbdc,0acb3ec4-a0e1-4031-866d-ac37e556d7ea,2b8c9e6f-6706-4f6a-839a-ae84e0c8e041,
c1a20587-39f6-41d4-9e14-d6433b7ea071,0acb3ec4-a0e1-4031-866d-ac37e556d7ea,3543c631-500e-46df-b3f8-2985e62ea68d,
8056a739-cabb-4533-aa4e-d0875984b099,0acb3ec4-a0e1-4031-866d-ac37e556d7ea,360a58af-9fe9-4d29-9e51-f595eae530ea,
e2898fec-2c1a-4a3f-a3dd-88930ccf1729,0acb3ec4-a0e1-4031-866d-ac37e556d7ea,43e6d653-4e31-4d7f-8a4a-90c95ebde432,
93d5a6af-db0f-402d-85f1-16ec45a65732,0acb3ec4-a0e1-4031-866d-ac37e556d7ea,44f61f71-60d7-491e-be26-179209e2f7a6,
5f6c47ed-0ef6-433d-999e-c7787fe32236,0acb3ec4-a0e1-4031-866d-ac37e556d7ea,4d185d37-f97a-4e5b-b298-71b3ee55c6cf,
0a6e2b9b-8867-441a-809f-3745cfc8bf1e,0acb3ec4-a0e1-4031-866d-ac37e556d7ea,86de6fa0-f2c0-43e9-956c-4699da12633e,
28a50073-bde1-46e7-81aa-007fcd47592b,0acb3ec4-a0e1-4031-866d-ac37e556d7ea,8af05a70-e4c0-4aaa-ba0a-43d092d308b5,
6a382c35-9c7e-4fd1-9e8d-220937a68f0d,0acb3ec4-a0e1-4031-866d-ac37e556d7ea,8f1adec9-96e4-434c-8a7e-9dcad31b7966,
61787e5a-42ec-4e7d-adc1-370d3bc3f5b8,0acb3ec4-a0e1-4031-866d-ac37e556d7ea,96fec1b3-54fc-425d-8af2-bdb8db08d98a,
5e2c0466-2ce7-41c5-abc1-4ff588196622,0acb3ec4-a0e1-4031-866d-ac37e556d7ea,a40481c3-d999-4adb-8320-b409b9cb3789,
b7b473d6-387d-49e4-92ec-488447126183,0acb3ec4-a0e1-4031-866d-ac37e556d7ea,a671f514-bd1f-47ad-86ab-81135399d798,
814f3dff-5adb-4f67-88a6-5f91395b6737,0acb3ec4-a0e1-4031-866d-ac37e556d7ea,e0b9404b-a2e3-4fe7-9e98-13612046be23,
a97a6829-b7b3-4f30-920c-118b7109d3bb,0acb3ec4-a0e1-4031-866d-ac37e556d7ea,e56d1dfb-ab74-4aad-aae0-05e2c1014462,
9ef9f5f6-fb41-4ee6-a0f6-ab8a8767cfd3,0acb3ec4-a0e1-4031-866d-ac37e556d7ea,e79966b1-97c1-4f8c-86b0-ef5e144ce80e,
04438611-a26e-4195-af39-1709b538e2b5,0ce8adf9-03dc-46cb-8c0c-6d5abbc9c8b6,04376f8f-27a9-4d29-8830-ff875056daa2,
3f80695c-1d67-4511-98cc-9b6b53ec72f5,0ce8adf9-03dc-46cb-8c0c-6d5abbc9c8b6,1429cd8c-1548-4b53-984e-b779bb1021f8,
e9ac36a1-cadd-4a9c-92d2-2f484052cc6e,0ce8adf9-03dc-46cb-8c0c-6d5abbc9c8b6,227001e4-5b12-462d-99a0-28902d96ed24,
ba119fcc-5a58-49ae-a18b-49ec8af522b0,0ce8adf9-03dc-46cb-8c0c-6d5abbc9c8b6,4dd2e5c3-c04c-4105-9637-55561b928189,
8f32d4d4-35c5-421e-9807-8fb6f3c24058,0ce8adf9-03dc-46cb-8c0c-6d5abbc9c8b6,68e0cf75-63d3-4cab-a13d-70719ad771c7,
a7b0d572-36f8-4438-996a-7a3954f49fed,0ce8adf9-03dc-46cb-8c0c-6d5abbc9c8b6,69e03eb5-315d-425d-b6a9-8d0974ffcbec,
885bedd5-662b-445c-9f2c-ddba1fb39af6,0ce8adf9-03dc-46cb-8c0c-6d5abbc9c8b6,9f53fa1f-cdd4-46e4-baeb-3eabd9e6653c,
f533713b-e989-4aac-8ad8-4cf43099707c,0ce8adf9-03dc-46cb-8c0c-6d5abbc9c8b6,a6b58db4-697b-4a29-9e9c-201718ab7783,
725576a1-da95-4903-982b-81e4b0b963af,0ce8adf9-03dc-46cb-8c0c-6d5abbc9c8b6,a87a36bd-d4a6-4206-977b-37a3316e7455,
934cecba-edc5-4ff1-9f20-62c79c24dfb6,0ce8adf9-03dc-46cb-8c0c-6d5abbc9c8b6,ceec1ade-9409-4f4c-ab55-48069f3f4925,
742d3fba-16c5-40b6-a7cf-fe713e7e2418,0ce8adf9-03dc-46cb-8c0c-6d5abbc9c8b6,d7d87d6e-e4e2-4702-9f91-826cffe68f20,
4b77364d-d06b-4132-96d2-13b048585c13,0ce8adf9-03dc-46cb-8c0c-6d5abbc9c8b6,e0deef55-3114-4552-9698-d577b71c82da,
b5b2c27f-d668-400d-af72-7b74c33b6482,0ce8adf9-03dc-46cb-8c0c-6d5abbc9c8b6,f609f67e-8162-47ba-9629-ae2c3bb5f24d,
b068e346-9cad-42c0-8e8a-b1db54be128c,0d56c51d-bfc1-4eda-a168-bfe81f95a330,0222548c-9838-4772-84bb-905927cc8acb,
7e1251d1-959a-4886-93b1-53cd7ad7b261,0d56c51d-bfc1-4eda-a168-bfe81f95a330,0375045c-ec0c-45f2-81b7-b114ee442eac,
0896c6c4-bed7-475e-98e2-b3a8f404cee7,0d56c51d-bfc1-4eda-a168-bfe81f95a330,046c855d-34c3-4c78-a7dd-14eb64954bba,
b841f9a3-3bca-44d9-8e77-2cc03a6b1847,0d56c51d-bfc1-4eda-a168-bfe81f95a330,08cb0e75-6ccb-4c8e-b1b6-e6534a9fda19,
8844d9e6-008d-4563-9400-bbe9b2c0335d,0d56c51d-bfc1-4eda-a168-bfe81f95a330,09f0a3e5-fd9a-49cc-b157-c1b35322451c,
44fa5a36-cb76-447b-96fe-7514460433f2,0d56c51d-bfc1-4eda-a168-bfe81f95a330,0c059c31-bdc2-47f5-a7ca-86a6ffdfda43,
446c38d4-7730-4cd0-8b8d-7e7d078c8f7c,0d56c51d-bfc1-4eda-a168-bfe81f95a330,0edc99e2-a24a-4bcb-9616-fdc0b6d93409,
6bacfadb-19aa-4192-824b-95828df51759,0d56c51d-bfc1-4eda-a168-bfe81f95a330,0f0b96cd-6c02-49c7-b5c3-7df957ecd727,
65194b8e-8510-4cb5-b2a1-d74c893f626f,0d56c51d-bfc1-4eda-a168-bfe81f95a330,109ac41b-a07d-412a-a695-a33dcaa32407,
561ca3ba-5dac-4d46-b9c2-2712c82bb8f9,0d56c51d-bfc1-4eda-a168-bfe81f95a330,142bc769-9fa6-4869-b825-e3ad2beef220,
d3a5dfb5-9be5-48b2-9525-459b2ba571e9,0d56c51d-bfc1-4eda-a168-bfe81f95a330,195089c6-63ea-4c52-90e8-ed10cf101237,
f8f99089-4576-42ba-9b52-d31c8f53505f,0d56c51d-bfc1-4eda-a168-bfe81f95a330,1954cc8f-a8c1-401b-a6d6-acc4accbe01c,
a75391f8-1c14-499e-a5b7-18c87176fc94,0d56c51d-bfc1-4eda-a168-bfe81f95a330,1edb00e7-dbb8-4479-ab47-6d5972e88b1e,
a770041d-9db6-4ffe-b91e-6b3efbf1869e,0d56c51d-bfc1-4eda-a168-bfe81f95a330,22c311ae-4f54-416c-85d6-7f6dee5a709b,
dbf4e09d-0946-4792-b968-d566aaa867a8,0d56c51d-bfc1-4eda-a168-bfe81f95a330,2430c40e-84c7-4f02-a6da-7e717100ab0d,
c0321b40-bba5-4c28-88fe-812fe32d6324,0d56c51d-bfc1-4eda-a168-bfe81f95a330,2daa7f70-1a6e-4b1a-ab18-fefb0f765ebc,
6e74ca9a-dadd-4be0-9502-b447813a4758,0d56c51d-bfc1-4eda-a168-bfe81f95a330,2fb74a4c-79a7-47f6-b029-cdd74c09686f,
938fb49a-f5f8-498a-b2a4-170271b37f21,0d56c51d-bfc1-4eda-a168-bfe81f95a330,374ebbfa-bbfe-4046-84ad-9a2b11b063aa,
dffae950-5fd4-49fc-ba94-a6d05d9bfecb,0d56c51d-bfc1-4eda-a168-bfe81f95a330,4477dfb9-9bda-4a2e-80b2-5771aff15667,
efb01b49-d623-4508-abc8-1b488c909c76,0d56c51d-bfc1-4eda-a168-bfe81f95a330,4b228dc7-5c23-4ccf-be72-50f1087165f7,
54a8474b-80d3-4ffb-a407-6ae64dfb8987,0d56c51d-bfc1-4eda-a168-bfe81f95a330,56d6f61d-46fe-4df4-a098-502e02f12e01,
79b4add8-7dfa-476c-9158-2c3f469710c7,0d56c51d-bfc1-4eda-a168-bfe81f95a330,57346106-82da-4a3b-88f4-5d8ae148207e,
7208eaa1-9ed7-47c4-bcef-bd214a1c4ec7,0d56c51d-bfc1-4eda-a168-bfe81f95a330,58a35faa-2975-41e4-8666-86722c3167c9,
9f479b19-1c33-4a5d-bda3-3c3994d911bf,0d56c51d-bfc1-4eda-a168-bfe81f95a330,590a6f14-5270-4bdf-ae77-d6212589a7a2,
b193d225-abfe-4afc-bf8f-614152cda02c,0d56c51d-bfc1-4eda-a168-bfe81f95a330,596576e7-aae3-473f-9983-0193fb8d17e7,
30ebb8e0-05c3-4e4a-9cbb-72502dbf7b37,0d56c51d-bfc1-4eda-a168-bfe81f95a330,5a0ce885-c1be-49d7-a8ff-6bcce255f6c4,
11819c0b-1cdb-41ed-b2c2-ce50ac65b569,0d56c51d-bfc1-4eda-a168-bfe81f95a330,60280376-a04b-480a-b6ab-e4f6bd6f7692,
ebae3f7d-a783-4739-a21f-6d22f1d9b57d,0d56c51d-bfc1-4eda-a168-bfe81f95a330,602a8af7-1ad5-4ad7-9454-741da5367965,
5fb914ee-c89e-49d5-9661-e423403d8402,0d56c51d-bfc1-4eda-a168-bfe81f95a330,6222afed-3951-4d93-85df-6dbb823f3a68,
a06eb809-805e-4f8b-9620-bad1cdf8d680,0d56c51d-bfc1-4eda-a168-bfe81f95a330,6ae5e0dd-232c-435a-a8be-524deac8f5a9,
26d09268-819d-40e7-93da-ccdb27d3df92,0d56c51d-bfc1-4eda-a168-bfe81f95a330,6b9d4e1b-6361-4280-a943-687e2ccaa84d,
713fef9f-afd6-4f41-8674-c5484b2dfab5,0d56c51d-bfc1-4eda-a168-bfe81f95a330,70c5348e-9118-4faa-935f-db383b8437c6,
eab827aa-e3c3-4c8c-b5ef-da4f40546345,0d56c51d-bfc1-4eda-a168-bfe81f95a330,797d9586-e258-4d89-a350-e4d3603dec8a,
1bcadc7a-9218-4150-ae27-57131b33d48d,0d56c51d-bfc1-4eda-a168-bfe81f95a330,7cfa653a-3871-4ca6-87fd-b834c68cc2b3,
976ac909-7019-4d02-add5-ed1e1c145050,0d56c51d-bfc1-4eda-a168-bfe81f95a330,7e6cb74c-4759-4598-8d18-077caa8bbd08,
59ffea3c-5a4b-4d6b-aced-12b5097668e7,0d56c51d-bfc1-4eda-a168-bfe81f95a330,83b94e77-41c3-4a49-97db-eb65809ef49c,
20124808-f9a4-424d-99c9-f8cc12a987e1,0d56c51d-bfc1-4eda-a168-bfe81f95a330,90265b80-3a0f-471e-977e-ec31a052711f,
5f21e15c-fd72-4fa2-989e-c938311cb0a4,0d56c51d-bfc1-4eda-a168-bfe81f95a330,9851b746-09aa-45a1-a2a8-2b669befd4c7,
dfc1c3ff-6d70-4c0f-8371-6923faf69423,0d56c51d-bfc1-4eda-a168-bfe81f95a330,9c90e276-9103-4925-bc4e-9ba8ca0f0b21,
0031407f-46f6-4148-a352-fc35c110fe0e,0d56c51d-bfc1-4eda-a168-bfe81f95a330,9ee9df0e-9a26-4365-a40d-75fa45802a22,
1ad801ff-37c5-4333-9972-842ed8a25031,0d56c51d-bfc1-4eda-a168-bfe81f95a330,b806e020-db82-4519-a744-2f3f259e7d01,
be0823fc-4ebb-435d-8e4b-bf13e7a2a0f9,0d56c51d-bfc1-4eda-a168-bfe81f95a330,b8b02d41-f5f0-42a8-8168-0b6ab11687ed,
beb6d2c7-d9fa-46aa-95a7-f6f8958cff2a,0d56c51d-bfc1-4eda-a168-bfe81f95a330,be482049-dec9-44a1-a3b2-b98489e399d5,
9bb40852-8303-4860-add1-b2d83fb140c3,0d56c51d-bfc1-4eda-a168-bfe81f95a330,c070961b-72bb-4236-b295-e41fcd355e35,
b013fb8a-5661-4697-a5f6-e5582943a8ac,0d56c51d-bfc1-4eda-a168-bfe81f95a330,c664e354-bb9e-41d4-8244-1562fb4531f5,
e598d3fe-ac7a-4674-ae3a-6b67cdbbf4c5,0d56c51d-bfc1-4eda-a168-bfe81f95a330,cc9f7b95-dc9b-4e2b-8b7c-b371482cddbb,
1e3424ba-2316-4788-87dc-fc4fffaef891,0d56c51d-bfc1-4eda-a168-bfe81f95a330,cecd03c6-6a5d-41bc-8060-d5733a2343e7,
9e5722ef-9169-406a-b2c7-d081f6a53018,0d56c51d-bfc1-4eda-a168-bfe81f95a330,d696de94-22a2-44b7-92e1-9a9952219f67,
ecb7f92f-f867-4bc5-b4df-72b8db5c3299,0d56c51d-bfc1-4eda-a168-bfe81f95a330,daf6bc65-be90-4f28-ab41-0deaedf8bc25,
990d00b8-e828-4402-9a65-eec0b4e6827f,0d56c51d-bfc1-4eda-a168-bfe81f95a330,ea852c97-e228-4586-b46e-b62475617887,
78a717bd-919d-4b50-b944-0371c31538b0,0d56c51d-bfc1-4eda-a168-bfe81f95a330,f9c01b93-90f5-407f-8ae8-ff02b8c6b7b5,
125f4373-e4be-48cf-adba-0c46f19a6223,0f057229-4175-4988-897d-4075a002f7f7,09e8234c-b4d7-4fa3-a4de-81cf4ed15cff,
ea824f97-3385-43c1-a289-ba8968716897,0f057229-4175-4988-897d-4075a002f7f7,38c00311-4503-48c9-a3ef-ee7642744ba6,
663dde6e-af1e-4526-8a48-bf5dc7628430,0f057229-4175-4988-897d-4075a002f7f7,46b3e9bc-ff79-4694-a781-156b9d418391,
e855306d-31c3-45c9-991b-75b0ab911a2f,0f057229-4175-4988-897d-4075a002f7f7,5394c718-ddbd-47ea-8e56-859220c81b53,
4ac96c15-b305-42a1-b6bf-2c9dc0941d5c,0f057229-4175-4988-897d-4075a002f7f7,67b07981-0728-465d-a8a8-6a1289d4e76d,
729cea86-65c0-4c14-9bda-e43c5b0b5f11,0f057229-4175-4988-897d-4075a002f7f7,74b46ec5-3df9-400e-808b-e9dee1106636,
7e576bf0-1d86-4457-9fef-20ecfdb1bb37,0f057229-4175-4988-897d-4075a002f7f7,7b87728d-7528-41a3-a5da-3e157c4daf61,
24f703c3-9281-41e9-a287-d1eda2132b23,0f057229-4175-4988-897d-4075a002f7f7,8fdb80d3-686c-4913-8fc6-48ef057a0554,
29fd1300-d5eb-43fd-baf6-a393e78ced46,0f057229-4175-4988-897d-4075a002f7f7,973a155e-6789-46c9-b1d8-0d8d05deb944,
df7df2f6-0701-4dca-8c19-5b857a99b62d,0f057229-4175-4988-897d-4075a002f7f7,c11a0086-464f-4d49-8414-9a4dec968cc5,
978ead7c-f480-4c1d-ab70-06d4a83d7be8,0f057229-4175-4988-897d-4075a002f7f7,dcdb14c7-e460-4a46-a5cb-f54a348b83e1,
ae78b15b-88c0-4dd4-89c3-528f52b153d6,0f057229-4175-4988-897d-4075a002f7f7,e094efa3-d7b8-49e1-ae5d-1d9b1d78e7d7,
00da110b-ac3f-4158-8756-2ad06feda372,0f057229-4175-4988-897d-4075a002f7f7,e4698b26-3578-4aac-8d98-0c67f06f4a1c,
33754802-efee-46da-978f-08f3bd971f46,0f057229-4175-4988-897d-4075a002f7f7,f3378b59-4262-4655-bd66-f2169412f737,
a4b4ff11-eee6-49dd-91d3-439664504a73,10c77a49-01dc-4d9f-92ed-a837a7dccf41,8a31f0c0-3b34-4273-9651-08db92e66cae,
840e6efb-10ae-4cc9-99c8-a6e9dae0cc6a,10c77a49-01dc-4d9f-92ed-a837a7dccf41,9999c3a9-e48f-4c69-b1f9-e660e6f2111b,
1930674e-d868-4b34-be42-f438f6b8ef6a,10c77a49-01dc-4d9f-92ed-a837a7dccf41,bff263b1-94be-475a-b3b5-85f6515db502,
d170cbee-e761-41d5-a460-6c9f40cc6d9a,10c77a49-01dc-4d9f-92ed-a837a7dccf41,d5d20e4c-b219-4f0e-b05a-2056841cec68,
d2749620-c490-431e-b0e0-f8278d139a24,1124f493-19ac-4030-b735-5782b9d8c59c,080f2b7e-45fb-4495-982f-bb8ebebf6fd0,
a8376145-e80a-4a82-8699-eec0e74d96a7,1124f493-19ac-4030-b735-5782b9d8c59c,519d145b-7f19-42fa-bca2-42ec2911d8be,
3e7c0a0a-9e9f-418b-ba0b-85b61766c48c,1124f493-19ac-4030-b735-5782b9d8c59c,607604dd-d5ec-4a01-bcba-a73cbd31a369,
ae6cd15d-bb4c-402a-853d-dc7014b6416f,1124f493-19ac-4030-b735-5782b9d8c59c,6c8c0f00-851e-4219-9745-d8a66eb37ce6,
2015134b-b317-40b0-b2bf-c65bacd1d0ba,1124f493-19ac-4030-b735-5782b9d8c59c,716de2b5-e528-4a67-b944-2e8c3eafa51a,
1eb9f600-0907-4c81-a697-86ee9d586b5f,1124f493-19ac-4030-b735-5782b9d8c59c,a072b8e0-b4bc-4ab8-b3d8-952774699e90,
1224bc26-7614-4125-ae85-a5d75c6d15d2,1124f493-19ac-4030-b735-5782b9d8c59c,b7835e47-7e74-49c3-877f-eb270ad33b8c,
49bb14d8-a7f2-43bb-b93c-0fbd495a1b55,1124f493-19ac-4030-b735-5782b9d8c59c,b9e61446-1a0c-4aed-8a48-0a33ae2ab3b5,
cb3e4e6c-64b9-4600-810c-e471f556563a,1124f493-19ac-4030-b735-5782b9d8c59c,f3edb58b-f91e-4820-a511-6107f523a932,
0c92ac13-cc1c-4ee6-b4b3-ab78c328a6bb,1124f493-19ac-4030-b735-5782b9d8c59c,f6b31e75-0aa5-4939-8f2a-8b0fb7feb874,
8c520f64-e1c4-454b-99be-b911619ad4cd,12093e19-6370-4450-9d11-2e11448c37b3,80ae77bc-4894-4ec6-a804-c735802cba98,
c4c84ce2-96ea-49c9-bc64-2b4b14f15189,12093e19-6370-4450-9d11-2e11448c37b3,dfe77b3f-5126-4031-a04f-8bb14684b849,
b07128ec-173d-4ebc-b41f-69b72b60043b,1245ec3c-4973-42bb-a68a-5a2993317b5e,0748c37f-9338-469d-b7a5-141a3808e7d8,
e4bd4595-9c7c-409f-b0e6-522f121b6407,1245ec3c-4973-42bb-a68a-5a2993317b5e,0e03e153-6264-4f1c-aa07-952cd44765e6,
00593551-c073-418e-929d-f784ff4409f4,1245ec3c-4973-42bb-a68a-5a2993317b5e,210ffdcb-0f14-4878-b1e9-1db97b0c9914,
0fbf3ae9-8c5d-4e33-ba3f-a5f3edac65ab,1245ec3c-4973-42bb-a68a-5a2993317b5e,3f44a161-5c98-4099-84ae-51a59d9d3718,
9383ae63-285c-4a34-8073-95d1be45d51c,1245ec3c-4973-42bb-a68a-5a2993317b5e,4d377808-b475-44ea-aece-c71f1cb862d0,
817b4a16-41a6-4a1d-ab42-12e0267d77f5,1245ec3c-4973-42bb-a68a-5a2993317b5e,566b47e2-783c-45ca-8ca2-13823e143e24,
8653668d-0ab1-4ac4-8d16-1887e917d88d,1245ec3c-4973-42bb-a68a-5a2993317b5e,68b1d96d-125f-4abd-9379-f746fa2d300c,
bb6f4d0f-88c3-45ed-8fe5-089a58370b4a,1245ec3c-4973-42bb-a68a-5a2993317b5e,85846336-4f75-4b70-9557-12a0ae77dc69,
adb7edab-305a-4986-b036-a0973b28af84,1245ec3c-4973-42bb-a68a-5a2993317b5e,8fcad64f-f650-4b62-af2b-339b665ccd5d,
9929d0fd-6483-4bd9-8c1d-c8ac0ce0840f,1245ec3c-4973-42bb-a68a-5a2993317b5e,9865c0a7-cb69-4087-b9ee-da1f52b73c10,
968d28f5-b6f7-45a6-acef-53f1bddb503e,1245ec3c-4973-42bb-a68a-5a2993317b5e,9ed86450-c499-4393-94e9-7c250816853b,
9249ce42-a7be-4e02-9fbf-bd9b0f2bc09b,1245ec3c-4973-42bb-a68a-5a2993317b5e,9f2093af-a167-4278-82ac-074cc31ebf4e,
d5f37250-e9db-4789-b6f7-7577db6021c1,1245ec3c-4973-42bb-a68a-5a2993317b5e,a74aaa18-b998-49ef-b636-425fe659b9c8,
94edad22-425e-486b-ac2b-855fb5c89e32,1245ec3c-4973-42bb-a68a-5a2993317b5e,aeadea7c-e4db-46e1-8f83-dc524fff66b3,
24b74d79-a0ae-40dd-ad39-f68810aae830,125f5f50-edc8-43d5-9ffb-4510bcf4b196,2ba85d8e-a476-4da6-bbbb-6c55528f58ab,
7877a4da-2758-4f09-87a0-01669272262c,125f5f50-edc8-43d5-9ffb-4510bcf4b196,4f57a713-58dc-4c94-a7d8-621ea2d1d15c,
16930ae0-5926-4a36-a4d8-af8106c30bc3,125f5f50-edc8-43d5-9ffb-4510bcf4b196,78a2335c-3d6a-4bcc-a38d-5f10ac5b99ac,
753ff2d6-3741-4521-8a4e-db2aee9bc215,125f5f50-edc8-43d5-9ffb-4510bcf4b196,7bd5e3dc-c016-48df-8e8e-5eef4a21fc4f,
b4bd96e7-d880-4de2-b0bb-34063a1f3e9c,125f5f50-edc8-43d5-9ffb-4510bcf4b196,8c3e3e63-07c8-4faf-ba63-2dc294f8e5d7,
ec8ec113-f9df-490c-9728-40d9cdb24490,125f5f50-edc8-43d5-9ffb-4510bcf4b196,8e2300f7-5b0b-4cfa-afd5-ce692e1b208d,
2efeba25-c53c-4333-919d-33dc0f5bc1db,125f5f50-edc8-43d5-9ffb-4510bcf4b196,9cbaa8a3-a472-48dd-906b-e7410384a3b8,
45bdcd11-7fd8-4dae-8a6b-61db299bfa22,125f5f50-edc8-43d5-9ffb-4510bcf4b196,a03718be-d850-4397-a7ff-1b328811d8ad,
f818cde3-0fb6-475e-8b27-d5fb4d67af24,125f5f50-edc8-43d5-9ffb-4510bcf4b196,a2af8cf2-95aa-42b7-a4c2-01768ec3b319,
09569b18-0754-4f7a-ae46-6413c981c460,125f5f50-edc8-43d5-9ffb-4510bcf4b196,c2091fa1-8e5e-44b4-ba25-c52af926f7cf,
283b8824-26a2-49cb-84ca-375276dc3ceb,125f5f50-edc8-43d5-9ffb-4510bcf4b196,c44609c7-27f3-446a-8457-9faac6ebad34,
7a983620-4859-4577-b7ff-46d2ec51d288,125f5f50-edc8-43d5-9ffb-4510bcf4b196,cbc06cd5-0161-419a-adb7-4fb86e46c47e,
eb98aabf-9483-4547-81f4-87d5778b542a,12fdb5b4-69b7-410e-9d62-1b8a4c70603c,79613886-2c50-449c-9869-5e23b0db0a89,
4b8d36f1-578a-48ac-b2ee-0b40964fbc79,12fdb5b4-69b7-410e-9d62-1b8a4c70603c,85acec97-3632-44f9-86d7-feb719e30fe2,
39a4bafc-301d-484d-8527-b7b8890a49fc,12fdb5b4-69b7-410e-9d62-1b8a4c70603c,d1576985-15aa-4294-9ed0-5d151add08f3,
7d3111d1-a445-4d17-922b-8a1d5e1c0b4b,1447817c-1a4f-41ea-bf4e-aeb641546ee6,f91a8653-498c-4496-8371-aaf0f7cb6132,
15ad96ee-c5f0-48d4-a23d-786550f77757,1447817c-1a4f-41ea-bf4e-aeb641546ee6,fb002b14-9795-4731-9b92-3ee1079e027b,
0c3b10c7-9924-4a8a-9dfd-e0fc778367aa,16d3f85f-d88f-4b33-ab5b-e0f9e0251522,02585b44-7a1a-4431-b221-cc3f6bd32cfc,
4ad22ac7-17e2-44ae-bec0-56bf432c4d28,16d3f85f-d88f-4b33-ab5b-e0f9e0251522,07691b7b-f87c-4089-95c5-396f5365f270,
03a1abc9-6eb1-48e8-b81a-9ccaf1aecaca,16d3f85f-d88f-4b33-ab5b-e0f9e0251522,08638d01-dbbb-4aa4-a2e0-3d6947a79ca4,
2a3d0726-59b9-4023-ad6f-a50f35a8fd82,16d3f85f-d88f-4b33-ab5b-e0f9e0251522,08a3a9d9-b90c-49e7-8e93-41433b0957c6,
7a3a2ad2-98ac-4c15-ac00-ce179fe7a1eb,16d3f85f-d88f-4b33-ab5b-e0f9e0251522,0f437713-68e7-48bb-b749-19e6574e5bde,
ee8d67ae-ba91-408a-a3ca-c2d058fc2254,16d3f85f-d88f-4b33-ab5b-e0f9e0251522,0f78e77f-2d31-4e68-8a74-17f7292b1ff5,
bbecbc99-3c05-4ed5-a7ee-570b49d7a4c6,16d3f85f-d88f-4b33-ab5b-e0f9e0251522,10a26c63-b8d1-46a2-8d9d-6dffb22e3e4d,
5d2dd060-59ca-46e0-83b3-9a6a47a1ac66,16d3f85f-d88f-4b33-ab5b-e0f9e0251522,10cf409d-6132-45fb-bac4-3e21cb19eb1c,
5d277216-a602-4818-b8e2-a2602511f7b4,16d3f85f-d88f-4b33-ab5b-e0f9e0251522,149c4917-5291-4e35-9e70-0a5568da405b,
7c335909-992a-49c2-9ef3-2e18aa2fa72c,16d3f85f-d88f-4b33-ab5b-e0f9e0251522,251f4c64-6b5e-4d8c-9462-99d7dfab953d,
2bec4807-b496-4a7f-a3b9-ae292f91751e,16d3f85f-d88f-4b33-ab5b-e0f9e0251522,280aa9fb-68e6-4c2e-8546-3cd3bee3b9ff,
9693db96-fa77-4580-af40-ae85ec7d3baf,16d3f85f-d88f-4b33-ab5b-e0f9e0251522,33bf4f36-325a-4ca1-ae39-ff2d685d94e1,
09471b77-3727-4f72-8728-e6a044b28e50,16d3f85f-d88f-4b33-ab5b-e0f9e0251522,342f0a45-528f-434a-bfed-ae4136d0d35d,
4dec748a-a3da-4468-945e-bafbf109a29a,16d3f85f-d88f-4b33-ab5b-e0f9e0251522,3d2009a6-c925-44f0-8a9a-d0d976715bcf,
0edbb84e-1771-41f6-8326-a3414516374b,16d3f85f-d88f-4b33-ab5b-e0f9e0251522,3dc68465-4372-4130-a10f-46288c391f68,
12df6ac9-e147-4533-9c31-5cb226e519d8,16d3f85f-d88f-4b33-ab5b-e0f9e0251522,3ebf5d77-5607-4589-887d-f363eb69cdfb,
480c56f2-3615-454c-9bd4-7646dd6a716f,16d3f85f-d88f-4b33-ab5b-e0f9e0251522,3fa99dd0-fa28-4d88-8964-85bc19b19048,
0ddc6aca-6900-4046-a421-a745a913e808,16d3f85f-d88f-4b33-ab5b-e0f9e0251522,43dea2e8-d24b-4ba3-8938-b732bab34756,
31343384-12b3-43c0-810c-f1a8d744defb,16d3f85f-d88f-4b33-ab5b-e0f9e0251522,4e447bf7-d9b5-4045-a454-bd75970d5076,
62948304-05ad-419e-81a2-1e5dfc912ab7,16d3f85f-d88f-4b33-ab5b-e0f9e0251522,52e191c5-137f-4edc-bd3c-b81feaa9c2be,
5db33416-5251-4008-b6bd-b03f3d17dc7a,16d3f85f-d88f-4b33-ab5b-e0f9e0251522,53ac01b3-b89e-423f-88bf-154df0787f36,
cd023ec5-b353-400c-96ca-581c56389ee9,16d3f85f-d88f-4b33-ab5b-e0f9e0251522,5480da78-5c87-4308-b0cd-7e247e912880,
88a80329-aaa5-4906-9f8f-eda1206585e6,16d3f85f-d88f-4b33-ab5b-e0f9e0251522,56295b49-096d-4cda-86ea-1c06b5402fab,
d48b031b-9908-4e55-93d6-567505687645,16d3f85f-d88f-4b33-ab5b-e0f9e0251522,5abb36b1-5539-41c0-8600-3e131f0cc91b,
3f7384db-9b30-43b0-b45e-295decc0c244,16d3f85f-d88f-4b33-ab5b-e0f9e0251522,5bd324b3-8549-4cc0-8a5d-c68e836eb09b,
43568be7-3653-49e7-a879-16fb7906f4bf,16d3f85f-d88f-4b33-ab5b-e0f9e0251522,852f5dcc-a0ab-46be-80b8-81abecedccaa,
a1a9d8c9-5154-497b-a912-f177fe66b91a,16d3f85f-d88f-4b33-ab5b-e0f9e0251522,9d6cda88-a1eb-4430-927b-2082ce868f8f,
64d16d69-3fe4-4a80-992d-8040df4c5a98,16d3f85f-d88f-4b33-ab5b-e0f9e0251522,a0106710-22b1-474f-a78e-f37c24448f73,
8f9fd72f-2363-4cbe-b643-3a1a98073de8,16d3f85f-d88f-4b33-ab5b-e0f9e0251522,a0ea7f0b-b1b4-4eff-831f-ff1de2db72b8,
69191561-c381-41a6-8e03-fd26beed8a40,16d3f85f-d88f-4b33-ab5b-e0f9e0251522,a85860e7-45eb-4cb8-99fe-54dd822c676b,
58c27c98-339e-49dd-b706-e916ba040e31,16d3f85f-d88f-4b33-ab5b-e0f9e0251522,acf50b85-98a1-438b-901e-0edf29069b4c,
cae91347-46dd-4822-b90a-7dff9c27201e,16d3f85f-d88f-4b33-ab5b-e0f9e0251522,ad2cc8fe-4a7d-4835-892b-5cd563f63417,
f2faf22d-d20e-4283-8ead-f357723cbadb,16d3f85f-d88f-4b33-ab5b-e0f9e0251522,ae80e05a-99a0-4363-b98e-18285255408f,
ef245588-e3f6-4013-bef8-06635e5aa2dc,16d3f85f-d88f-4b33-ab5b-e0f9e0251522,b1b4ec5f-f226-40b7-95d6-57e83622ac3d,
47cb737c-3404-4b9b-ba09-d3f43ab2d357,16d3f85f-d88f-4b33-ab5b-e0f9e0251522,be99f45e-b9f1-4bb5-bdc2-dbcb71826188,
1fca2e9e-3f80-4ed0-aec6-4904b249b875,16d3f85f-d88f-4b33-ab5b-e0f9e0251522,c37dec14-7397-4576-b2e8-567338f5cfc8,
6cc468c3-beee-40e4-acc7-732f77353933,16d3f85f-d88f-4b33-ab5b-e0f9e0251522,c65ff037-3f11-496d-b6ef-ae4649e99209,
f147a1f8-cff0-40de-91e9-5dc0f1a58046,16d3f85f-d88f-4b33-ab5b-e0f9e0251522,c79c5950-0d4f-4f77-bcbe-26af52718bae,
162dfd4d-0092-465c-8c5f-829c06c508d9,16d3f85f-d88f-4b33-ab5b-e0f9e0251522,cea24877-b192-4184-a033-cdb2251ed634,
a7297e9e-966d-48b3-9e1d-cd9af3998ad0,16d3f85f-d88f-4b33-ab5b-e0f9e0251522,d1f2957a-6c50-45c0-ac06-e31874d8fd69,
3860e095-9781-4c60-8268-2c74bda4d695,16d3f85f-d88f-4b33-ab5b-e0f9e0251522,e247d303-5fc6-4ce2-8807-5f0d938892b6,
ead2aec2-7601-4175-b5e4-6711e6b230f9,16d3f85f-d88f-4b33-ab5b-e0f9e0251522,f3d01208-c276-4298-a2ab-6c76738fe592,
78a9451c-04bc-4dfc-88cd-a8e54fcca382,16d87622-1abe-4b7f-8482-c99ab9b37072,27b77ec8-a2a2-4829-92bc-8b099cdc7d36,
b899e3ec-bd5a-4edb-846d-c7cb7fd5287d,16d87622-1abe-4b7f-8482-c99ab9b37072,359c6c87-67fe-4377-8175-e669a2d28688,
9295fdf9-1862-49c0-8b12-082e363d7468,16d87622-1abe-4b7f-8482-c99ab9b37072,6d76c501-c3eb-4e7e-9bec-63644a976d68,
e6e77143-bc94-4903-b32c-dff257440100,16d87622-1abe-4b7f-8482-c99ab9b37072,737339d0-3241-4dc8-ab88-75277139f858,
989c21bf-ee64-42d4-8d6c-60e44989f2bc,16d87622-1abe-4b7f-8482-c99ab9b37072,7db11c66-48d8-43c1-bc49-7a32df08a286,
33a5818b-d3ec-460c-8dc6-fd9918bf307c,16d87622-1abe-4b7f-8482-c99ab9b37072,843c6f05-b006-4ec6-9399-3c8e57d5adbc,
97d145a5-e248-4285-bfde-4625bcf1b83e,16d87622-1abe-4b7f-8482-c99ab9b37072,97f10337-a8ca-4f4b-9035-334d8112e816,
873122b1-1ad5-4be0-a2d4-dc9c30849297,16d87622-1abe-4b7f-8482-c99ab9b37072,b4585429-dc62-4290-9b12-3c80bab1d1b0,
bfb7ab32-b486-4a01-bc43-e281f05682a8,16d87622-1abe-4b7f-8482-c99ab9b37072,d9d3655f-20be-44e8-89b0-da613126213e,
62a7481d-15ea-4c91-8bed-66695b75a452,19b384b8-2bfc-4f29-a34d-ea83cefb5f24,cb4b4cea-31d1-42fb-abd5-4ea356de5f2e,
b620a2ff-1812-4f9c-a919-0db1e29fac35,19d0f5df-d562-4fb0-9881-1eef1a7d91c7,18bd844c-197b-4c8b-a7b5-f075e05f9728,
4e492175-6f3c-4bcf-b158-7e46c4521f39,19d0f5df-d562-4fb0-9881-1eef1a7d91c7,22c0d22c-86d0-491c-9e5d-d0c7014f6561,
4fb64e63-5351-434e-87df-b3024d2a3882,19d0f5df-d562-4fb0-9881-1eef1a7d91c7,6fea476c-230f-4a0a-809c-d1b3e5aedd2b,
1d33618a-af26-44a8-b9bd-a03308bd8447,19d0f5df-d562-4fb0-9881-1eef1a7d91c7,842f832e-a453-4a7c-9b6f-236b219e0115,
bd09b24f-b0b0-4091-80f6-4d5991ed4cbc,19d0f5df-d562-4fb0-9881-1eef1a7d91c7,c0cd2683-7c2a-48e0-abc5-aac4c2ff4751,
b4fe6602-36ee-4be9-9830-5d7f0cc19a20,19d0f5df-d562-4fb0-9881-1eef1a7d91c7,d7cc11bd-dbf2-4693-984f-9946a05e9216,
555c23b8-ba79-4b03-b0c7-c2a3c44e9717,19d0f5df-d562-4fb0-9881-1eef1a7d91c7,ec63afc0-14d8-442f-a3c4-1f7a51b36cc3,
15f7cd10-4c0a-4e1e-8479-7d276d966993,19d0f5df-d562-4fb0-9881-1eef1a7d91c7,f4e6a2fd-8763-4aac-98ec-5b41ce66656a,
12138818-85fa-4ede-8349-3d1e808965e1,19d0f5df-d562-4fb0-9881-1eef1a7d91c7,fe2b58bb-1bc0-4667-8333-a81666c796d4,
2117c4d4-3782-41e5-b2cf-c1d199997748,1a1b8e16-6ea6-4e3a-a42f-9340983adbb1,98ed4fd8-79fb-4fd7-9fad-5d6d2fda3409,
d294adb5-087f-4fba-a948-bbe96ad92a74,1a1b8e16-6ea6-4e3a-a42f-9340983adbb1,c3635501-e1ef-44eb-aade-4e44f9dff2f9,
a7b77ce2-af76-40ec-bdb9-f38f57fadaa9,1a59530d-850c-4436-8cd8-ac83561af455,2836c21a-5867-429f-92c2-ca152d9ab243,
544cbec2-8d89-4f66-99fb-5fcc285d907a,1a59530d-850c-4436-8cd8-ac83561af455,2f8234ad-7f88-4bdb-8c84-b9efa41fc436,
0b590a52-1092-4b0b-98b1-5905d06bfbfd,1a59530d-850c-4436-8cd8-ac83561af455,7ffcbfb5-98e1-4dc3-a561-cbe557b53083,
88e3c068-1468-435f-8a21-d38ecf1ca312,1a59530d-850c-4436-8cd8-ac83561af455,aa464fb2-ccb0-4490-8786-d6e52ec933bd,
0da8feac-8acd-4e1e-88fa-0e8b48315a30,1a59530d-850c-4436-8cd8-ac83561af455,bb6d7892-4c45-414b-a1a7-3067b7286dc3,
06e4ab6e-0b35-420c-975d-0f92f01cf7a9,1a59530d-850c-4436-8cd8-ac83561af455,ecbc4346-c890-441d-ae33-95384d920433,
e3b81781-5a77-40b3-a58d-0846a4f627a9,1ba4d3cd-71e8-41a9-8cd6-5191471f511a,03cfc35a-7f67-4b47-9ee2-b6b149c30ec2,
9d7883cf-cd22-4e78-9042-c2e3a2ef5d0e,1ba4d3cd-71e8-41a9-8cd6-5191471f511a,041a71ef-10ee-4a52-99c9-34bd136d6e2c,
2233f7f7-de6c-4ab2-86f0-03814cde34a8,1ba4d3cd-71e8-41a9-8cd6-5191471f511a,0fa3ef95-7562-4e64-a22d-1ddbe46618c6,
efec853f-43f1-4e9e-aafb-965185e219a5,1ba4d3cd-71e8-41a9-8cd6-5191471f511a,23c75628-3a60-4446-a89b-3b3c9c831a54,
289a7f28-7212-43d6-a345-c73621671737,1ba4d3cd-71e8-41a9-8cd6-5191471f511a,25a19ba5-24fb-45aa-bc36-892110004116,
9c1cf1b3-a890-40cb-965d-cf7265e24ba7,1ba4d3cd-71e8-41a9-8cd6-5191471f511a,2ab9c657-6ebf-47ec-b44e-5fb28690acb2,
d32639c2-0ef5-463f-9b1e-ea21c567960e,1ba4d3cd-71e8-41a9-8cd6-5191471f511a,3c73ab1b-d5fe-4fc4-9c26-406232b963b5,
2396503d-720e-4876-ba4c-53d25274afdf,1ba4d3cd-71e8-41a9-8cd6-5191471f511a,484489ef-aca3-440d-a645-d57505d00246,
e7397551-a015-47c8-b673-842c449a4786,1ba4d3cd-71e8-41a9-8cd6-5191471f511a,5685b32b-0bf9-4b64-8173-737ca62ac3d0,
99b3ba6f-43b4-4fcb-90c6-374c58a1fec7,1ba4d3cd-71e8-41a9-8cd6-5191471f511a,57d6650a-7e53-4ebc-9c3f-b654f6dc2074,
177fd0bd-3cce-42cf-b4f5-e31e0ab784fc,1ba4d3cd-71e8-41a9-8cd6-5191471f511a,5d3d1695-6e06-46c3-b0d0-c2f308c098c2,
37fe65b6-35d0-41c4-b020-6b6a787c2c52,1ba4d3cd-71e8-41a9-8cd6-5191471f511a,5fbfaf7d-d0cc-4997-a7b5-7c844e3a950b,
50aa4ca0-9f29-495f-a35f-5220d9ce4e23,1ba4d3cd-71e8-41a9-8cd6-5191471f511a,6345b936-d364-462d-b8d2-765cfa005554,
2f41299e-b49f-4e0d-9563-e51c69e47c50,1ba4d3cd-71e8-41a9-8cd6-5191471f511a,7d9db883-fc9b-455f-9cf7-c9ed3023277a,
50675951-ad27-48bb-9ded-2330cb1feb92,1ba4d3cd-71e8-41a9-8cd6-5191471f511a,9d741160-a130-4abc-bd3f-42567beadb0e,
6f3dc257-bc26-4d7c-b7ee-6a64009387a3,1ba4d3cd-71e8-41a9-8cd6-5191471f511a,a876ccfa-adac-480c-b9a0-4ee874b2fb33,
fa592dc3-48a5-43c4-9bcf-7699403cbab9,1ba4d3cd-71e8-41a9-8cd6-5191471f511a,aad599dc-5cb0-4dca-8298-4bc3d81ba595,
da756d02-5a96-4f91-842a-da41a803dda0,1ba4d3cd-71e8-41a9-8cd6-5191471f511a,d76d9a5b-7257-4138-adad-c49e2263601a,
396cd1e7-6665-4717-961b-93c543bb85a7,1ba4d3cd-71e8-41a9-8cd6-5191471f511a,e563a8ad-71a6-45d1-8245-1dc1a3b7fc41,
404bb816-63dc-4fcf-99ca-ff46c52cc0d7,1ba4d3cd-71e8-41a9-8cd6-5191471f511a,ebd45846-262d-428d-a2ff-89a3a4870e42,
3170aff9-a025-411b-9723-38c5096c3a4e,1ba4d3cd-71e8-41a9-8cd6-5191471f511a,ec3a5047-feeb-4a84-b790-2eab2c66ced6,
f58fad42-1929-4eaa-8984-15d1be2cda85,1ba4d3cd-71e8-41a9-8cd6-5191471f511a,edd28d8a-74b0-48be-9458-1f7ed2df52a9,
ac942c58-0d90-415b-b496-1877b12a29b1,1ba4d3cd-71e8-41a9-8cd6-5191471f511a,ef9c40c8-7063-42cf-a099-e3808980f79d,
8d538a70-64f5-42d7-838f-ddc502e67b79,1ba4d3cd-71e8-41a9-8cd6-5191471f511a,f97a2ada-b813-42d6-b255-3ff511961d91,
03c1f265-e125-4a07-9738-66ca0a1c083b,1ba4d3cd-71e8-41a9-8cd6-5191471f511a,faec5822-cd89-4c31-acf9-00226ac0e26f,
e8bf88b6-3e74-4ae8-bc5c-349a43a80be0,1ba4d3cd-71e8-41a9-8cd6-5191471f511a,ffc3c591-af6d-4b9c-acb8-28a39b176920,
48721ae7-1a6f-47fb-ab27-5b7e233a39c3,1bd06c49-17df-4ff3-82ee-9aa5d5b4a9c2,3bd2101f-ff2c-466d-b0c2-0dd22f2c6e86,
4cff9fdc-9a24-49a3-8978-9bd2721be07c,1bd06c49-17df-4ff3-82ee-9aa5d5b4a9c2,3fbc736c-47f6-4443-88a0-1334bc6c104a,
27c1c5b6-76fb-4c76-9d90-9a50197c71d0,1bd06c49-17df-4ff3-82ee-9aa5d5b4a9c2,8d9b5495-ed6d-46db-bbc2-2a5e6303dccb,
ae55cad2-d5eb-46dc-bf92-505f69ddb8c4,1c71367b-ff35-4f24-a6fe-55ee2d7e0bc5,0baa7a0c-1269-48a3-8b34-7af8a9090847,
b9cedc34-94b0-46d4-b17c-8649c6237d98,1c71367b-ff35-4f24-a6fe-55ee2d7e0bc5,0cb4db33-6215-41d4-b964-3fef59ff59d2,
69d363ac-ad41-4aaf-b59b-48156794d6db,1c71367b-ff35-4f24-a6fe-55ee2d7e0bc5,1bcfb61f-3d98-47c4-a1af-55246043a744,
9b538b84-7be6-4b60-ba36-52db55d3b90e,1c71367b-ff35-4f24-a6fe-55ee2d7e0bc5,4645d2e9-5173-4fc8-bbaf-3d04bc301e87,
041407cf-e5a7-45de-b0ef-6b7709af57c6,1c71367b-ff35-4f24-a6fe-55ee2d7e0bc5,65af4089-d2a1-4ea2-9600-0f4cbd73d2c5,
0a325dad-fcf3-40c0-ac8a-cab11e1e11fc,1c71367b-ff35-4f24-a6fe-55ee2d7e0bc5,8cc55b82-cbcb-4be7-8ca0-bc9a00d938de,
89a70979-a4de-44d0-9424-77d030c44974,1c71367b-ff35-4f24-a6fe-55ee2d7e0bc5,940fb439-b99e-434f-8f26-00a2b4c9516f,
d53f4aa9-53ee-4481-b975-47e0c36bf5a6,1c71367b-ff35-4f24-a6fe-55ee2d7e0bc5,a799b42a-e402-4e19-896e-2888f5ffce4a,
49df1fe5-1fe5-4a60-b692-9daf6f07228b,1c71367b-ff35-4f24-a6fe-55ee2d7e0bc5,b195588d-c8b2-4f1e-8da8-9953d395deff,
3fab1a59-7530-416c-9100-864f545e99ed,1c71367b-ff35-4f24-a6fe-55ee2d7e0bc5,bb9d278d-7e78-42a8-8989-93a8aed4ee46,
a99a20b6-2deb-448e-89f4-32b12fc6fc12,1c71367b-ff35-4f24-a6fe-55ee2d7e0bc5,c13138de-ee75-4ce2-ad6b-acaa5208aad4,
3cb99af6-d29e-420a-9955-fe5b018866d1,1c71367b-ff35-4f24-a6fe-55ee2d7e0bc5,ed26435e-8697-44e3-8e43-0ab3f2fcb946,
b70a737d-6bef-4c2d-a865-e1a789aafc24,1e10aeef-91f5-43b7-b189-2566c6f9d1bd,03d48d56-e492-47e1-8d00-748064373bf1,
f0a3d739-3038-4fe0-bdb0-988d22fc9b93,1e10aeef-91f5-43b7-b189-2566c6f9d1bd,2b7a55a8-1aec-4486-bb13-80b7d25ad5a2,
8e2286ae-be46-4c08-ba51-22893aff9306,1e10aeef-91f5-43b7-b189-2566c6f9d1bd,5357df88-204d-49fd-a4a3-d2ae2e024630,
e427f37f-4395-44ec-9645-0f84b9eeb6fc,1e10aeef-91f5-43b7-b189-2566c6f9d1bd,6265281e-17c2-4c4f-b6c5-57df90fa6ac0,
0348c35f-ec6e-4471-8321-3dff1dcf1946,1e10aeef-91f5-43b7-b189-2566c6f9d1bd,65c4b0ae-09a7-4950-a736-8d4d5f02a1b4,
ceecf8c0-a00d-41f5-9877-8fa277f48d66,1e10aeef-91f5-43b7-b189-2566c6f9d1bd,8483f761-4074-419b-b1aa-6216af6f4f91,
870a5f6e-b05d-456d-8efc-e5e19174f22d,1e10aeef-91f5-43b7-b189-2566c6f9d1bd,8794fe8b-b549-4dba-b84e-2b96746d05b3,
debbb703-f811-481c-a109-3c1dd23b8c04,1e10aeef-91f5-43b7-b189-2566c6f9d1bd,8a538a3a-3cb7-44cf-bcee-d061284551a8,
bfb8fe83-c2a9-42fa-8af7-507e8d939bc7,1e10aeef-91f5-43b7-b189-2566c6f9d1bd,9b44f334-4d13-46e1-a87c-a2c9b14c6fba,
7862f1dc-fb81-46ec-ac55-bde6207d597b,1e10aeef-91f5-43b7-b189-2566c6f9d1bd,9c8c8ccd-545a-4c49-a59b-63ad8fca6be9,
f6dfff6a-501d-46b5-98fb-c10408c495cd,1e10aeef-91f5-43b7-b189-2566c6f9d1bd,b1c785a3-a336-4bcb-88eb-d95ea68ff62f,
7851a76e-6712-4327-8144-e215434228b4,1e10aeef-91f5-43b7-b189-2566c6f9d1bd,befa5cb0-371d-4ccd-8f59-326ac24c62b1,
e5a58830-2e1a-4f1f-804c-80cd21ff1fd3,1e10aeef-91f5-43b7-b189-2566c6f9d1bd,dc5bd777-841f-45a4-8fb0-b99eddcdbe4a,
3125081d-f9a9-474e-888b-8ad353b75d39,1e10aeef-91f5-43b7-b189-2566c6f9d1bd,e3ba129c-eaef-424b-8b9d-8a7645d2ea70,
66e2b4e4-7c4f-45b0-a15a-24c558c2f7da,1e10aeef-91f5-43b7-b189-2566c6f9d1bd,ea463deb-c42d-44ee-bfc0-7809d44ac380,
982e24ba-5a42-4031-ac3c-de7ebc32bf33,1e76226a-3fc6-48c2-b598-d24397c48486,6e8077e1-a6a4-4aad-a838-994d8edf83f9,
81c7cc24-99f0-4310-a24e-f3a8bdd6a30f,204f5789-9bf5-4fea-b562-6f8fbb7138d8,38862beb-5e8d-4536-bbf9-6f8e5b09dd8e,
ceb295aa-3e0c-4b1e-9a17-8389bc1a87fc,204f5789-9bf5-4fea-b562-6f8fbb7138d8,53194437-9187-4d6e-a457-af1fee3e2bc3,
15365cdd-282b-43e6-b461-eadad31fa73a,204f5789-9bf5-4fea-b562-6f8fbb7138d8,5585d2e4-d749-4c59-b2a4-d2be86367e4f,
c43275d2-025c-4cd8-8427-999c39b3e014,204f5789-9bf5-4fea-b562-6f8fbb7138d8,8b76a5fd-04e7-426f-ad50-b4e079c656ef,
c59ab2f3-195d-4df9-98cd-048212258947,204f5789-9bf5-4fea-b562-6f8fbb7138d8,b7acfa41-b7de-4034-be2f-4d996fe4db38,
3dd61978-ed10-4044-b454-586ad3988f81,204f5789-9bf5-4fea-b562-6f8fbb7138d8,b807a0bc-c200-4257-b113-47ebcecec346,
03892e54-2d5d-4c15-84cd-cdad983c3c31,204f5789-9bf5-4fea-b562-6f8fbb7138d8,fc64a9ad-5b1c-45a0-ba55-8e6e6c84040b,
6e7855ef-f32b-41b3-a58d-bff28f05b080,20ce2ee2-54d8-4265-8fe7-d77431f07c80,78c6e0f9-41f9-49fb-8d53-4d602a759288,
839cc702-2260-4709-b7a7-3110bd8bf879,20ce2ee2-54d8-4265-8fe7-d77431f07c80,95bfb764-88de-46f2-adcc-0db9b54f6347,
e1716aaa-a6ad-4914-add9-07046f3ae305,20ce2ee2-54d8-4265-8fe7-d77431f07c80,aa573f4d-a83f-4feb-8666-8e77c31e3b48,
93c437c6-d5b0-438a-95f1-63c3b6643979,216eb7f8-6dda-40a3-9fb7-962f19f4b476,00652592-78e8-46b2-93cf-9532f76e9818,
7279915b-a274-4ba1-9f5f-4ee41eef01d7,216eb7f8-6dda-40a3-9fb7-962f19f4b476,0f450726-359e-4c90-8e35-1f2d97da88f8,
f48dd641-adbc-4b2f-bc7d-c9be912f0e87,216eb7f8-6dda-40a3-9fb7-962f19f4b476,22cf5fc5-ffc1-409b-b70d-d46d24ef8fa3,
d8f3c377-a094-4965-91c9-3ba19f45e83d,216eb7f8-6dda-40a3-9fb7-962f19f4b476,2fc05ed6-da13-45d3-8a4e-2b087a437f9a,
5a6b5ff8-374f-4e98-8b9b-0b6d468f5902,216eb7f8-6dda-40a3-9fb7-962f19f4b476,35842543-5f2a-413e-be8c-5df9032094e2,
7031a61c-bc00-4007-a0e1-328bd9cbbaf6,216eb7f8-6dda-40a3-9fb7-962f19f4b476,e57818d2-fa15-4f81-bb02-805942d38d63,
812dbbb3-9cb0-41f4-85de-63f4a5d64c14,216eb7f8-6dda-40a3-9fb7-962f19f4b476,f3752559-ec1b-41e5-ae0d-3624a8c97cf7,
4240a140-f822-4d54-b7b8-47d595224a23,21bd3a01-f613-4a27-aeeb-72f7a2c46a48,06853ae0-0822-414f-894e-af6b559dfcf7,
a19f5e5e-9e16-4972-a998-21ffc7a969f2,21bd3a01-f613-4a27-aeeb-72f7a2c46a48,5b0be2f1-a195-47b4-b24f-cc3ac6544c7a,
9f0a3c16-6f2c-46b1-b566-b59b18dce07d,21bd3a01-f613-4a27-aeeb-72f7a2c46a48,7d594ebf-9101-48c8-a55d-2a53d51390f2,
0ee33226-ec07-498a-90a8-307ccd573b96,21d89e61-303e-4874-8a95-b25101ce38e0,6f9650f5-8e07-412f-bd40-bc55bdf525bb,
440466be-ec40-45fe-bc02-f19b7e371b4a,21d89e61-303e-4874-8a95-b25101ce38e0,743269f7-eb19-401f-a1e5-42a0944d3101,
74217ecd-862d-43d5-a13b-a4dba90c4570,21d89e61-303e-4874-8a95-b25101ce38e0,779fc3fc-fd86-40ec-a4b8-34002fa3dbf0,
5c5aa07d-9882-43ff-bd22-9a7074ae0c47,21d89e61-303e-4874-8a95-b25101ce38e0,8259d9b8-da3f-47c6-9dce-1deddef6abca,
53262cd5-18ae-4aa8-9fc0-dd0d857646f8,21d89e61-303e-4874-8a95-b25101ce38e0,8c994641-7ffb-4196-a9ec-a8c7ae1cb9ee,
7d25f89d-a6d3-4fe1-84b8-bfa22944b2ff,221cd4bc-2bba-4287-8851-80e157d2bbe6,08bf73f2-e3c0-4385-b1e1-b03884dd979c,
a72b0409-6f14-4b5b-84c8-c9fe913091de,221cd4bc-2bba-4287-8851-80e157d2bbe6,0b461836-ac61-49e7-9104-4d7f59ab2505,
40626475-3a20-44db-8317-509c26292256,221cd4bc-2bba-4287-8851-80e157d2bbe6,0d328ebe-617f-4b1c-a654-06d80c6bfdd9,
884f56dd-d3b3-40fb-95f4-01c3f804bfd3,221cd4bc-2bba-4287-8851-80e157d2bbe6,35efc45a-608e-459e-996d-fb1ead8be392,
40a32bb8-8cc5-4b54-9087-cce2e32ee671,221cd4bc-2bba-4287-8851-80e157d2bbe6,39881f10-3f01-43e8-af55-a9c8eba835d7,
958734c4-62c0-492f-8b88-6536eac3e858,221cd4bc-2bba-4287-8851-80e157d2bbe6,4a9d48d4-01fd-4290-9fb6-37e9b72a706f,
7c59b9eb-7bd0-4f5d-a4f9-3942fe9c6612,221cd4bc-2bba-4287-8851-80e157d2bbe6,4c9f2f83-b576-4242-82f0-1cb51b868da5,
70fd5ea2-10d0-4fc8-9218-f1cc85573ee2,221cd4bc-2bba-4287-8851-80e157d2bbe6,573d0e5f-a973-47e8-ae94-3fbf42a9e686,
2f20a2e8-197c-4e6a-a2db-c5ab8f0a565e,221cd4bc-2bba-4287-8851-80e157d2bbe6,58ecb1c1-7ea7-433f-9c39-110a5938027e,
c7047dad-c9e0-4d1e-94d1-dd8a3aa8d15e,221cd4bc-2bba-4287-8851-80e157d2bbe6,5ad6a661-cc65-4fb3-ae94-47730a95c918,
c6fab6c9-56ad-44b5-9622-1e976591ccf9,221cd4bc-2bba-4287-8851-80e157d2bbe6,5ff627ff-feef-408a-8ef2-2b0ed175ba56,
db188046-f9dc-4364-ab35-aa1bc240f22e,221cd4bc-2bba-4287-8851-80e157d2bbe6,61e4d742-54aa-46e5-a0cd-66c121cba842,
26d0841a-3208-4453-80be-7cd1c473aef4,221cd4bc-2bba-4287-8851-80e157d2bbe6,62274c14-3dac-482a-ba7a-a87160bc2a26,
963981c0-7481-4892-aedd-6e1594fd47cc,221cd4bc-2bba-4287-8851-80e157d2bbe6,6f528fdb-990c-4d26-a407-e2acc2d9f311,
4bb490b8-6dce-4f29-886c-30e5cd6d4393,221cd4bc-2bba-4287-8851-80e157d2bbe6,7064dc2d-d2d5-447e-9531-aeb27af97746,
336f7640-3c9e-4ac0-b745-6f969f2a227a,221cd4bc-2bba-4287-8851-80e157d2bbe6,72b010c3-4d90-4c18-ac2c-e170f04f44a6,
0cd0b434-8bc7-4050-a142-ac5306966c40,221cd4bc-2bba-4287-8851-80e157d2bbe6,740acf25-432c-4abe-9e3a-94ae1dcafca6,
a0129ba5-0471-470b-b991-875b3f334d7a,221cd4bc-2bba-4287-8851-80e157d2bbe6,75e39f93-0eb0-439e-833b-845d23b327df,
971454f5-b7e6-4f0a-be63-c6d69d9ab1e3,221cd4bc-2bba-4287-8851-80e157d2bbe6,7b23da9a-6ae9-4ee4-9c9b-bd0e2eb72e72,
eb508943-fcbb-4ec7-b0ec-2d62d3a1cd74,221cd4bc-2bba-4287-8851-80e157d2bbe6,82e69929-b3f9-4347-af85-a5040199747f,
19fc1e78-b500-4d2c-b513-898c39a90f19,221cd4bc-2bba-4287-8851-80e157d2bbe6,895f7898-af17-47be-b05f-587098b10bed,
c0fc4371-cd59-4f9e-b9a9-bfe776af53cc,221cd4bc-2bba-4287-8851-80e157d2bbe6,93aedd15-6c93-498a-8a61-b26cdfa40b67,
88a77dcb-3934-4041-ad24-41b660ca6f8b,221cd4bc-2bba-4287-8851-80e157d2bbe6,a65bffc4-b977-4f2b-9fc3-cb91016e5361,
c903a194-a73d-44c4-a33d-cbb85ba854e4,221cd4bc-2bba-4287-8851-80e157d2bbe6,a7480038-ec94-4fc0-962d-61d12ea62a30,
b1d6f4e5-7171-4c85-9a1e-ddcf7cffc240,221cd4bc-2bba-4287-8851-80e157d2bbe6,aedf8c72-c702-433d-b38f-1340261d4fef,
142127c0-6123-422e-b0b0-a2702976ec61,221cd4bc-2bba-4287-8851-80e157d2bbe6,b91276e1-4f1e-49ec-8c5f-a0b3c6ef897f,
f8817bf1-89eb-41ae-9468-9bb1f634b7f8,221cd4bc-2bba-4287-8851-80e157d2bbe6,ba5a97b6-7354-47a5-a0d5-e1c4cce59ba9,
06096d8a-e756-47a4-91c2-88c758f4f0e1,221cd4bc-2bba-4287-8851-80e157d2bbe6,c9deb0e1-6d2f-43a8-9f6d-5cc29793e994,
822bc021-5318-4417-930a-1cb102ff5eb0,221cd4bc-2bba-4287-8851-80e157d2bbe6,cd43d020-2783-4d5c-98ef-2c9ce876c2dc,
aa08b60a-fa7e-41f3-aef2-5b159b3e5b85,221cd4bc-2bba-4287-8851-80e157d2bbe6,d8a0601d-88eb-4e0d-8f48-fabbe30c120d,
ba6a722b-3d9c-49f1-9238-5b01bd6e66d7,221cd4bc-2bba-4287-8851-80e157d2bbe6,f7a7337f-505f-4a65-85c8-2a3ced795289,
dbce2085-637c-4c63-8ea5-70e5d20d5d11,22f16a8e-4166-40fc-a873-ce1714d2eb92,3a6060da-a1fd-44b8-ad0b-9a7aeadd2241,
c5f90383-8b81-402f-bafd-670667ce8c4b,245f4922-0cfb-490a-a751-b564e7b746ee,03938100-792d-45ba-84e5-2c9088a91fb3,
bfbf222b-51d5-4944-a9d6-482143ed31dc,245f4922-0cfb-490a-a751-b564e7b746ee,03f06813-ce73-4efb-bc8a-3a5722dd5ee9,
4cb2faa0-9a86-498b-8f74-74beb60eb4cd,245f4922-0cfb-490a-a751-b564e7b746ee,0adbdf53-7a72-4f9e-a208-5a49b391be11,
481198f5-2943-4af1-95d0-58cd0ce05af4,245f4922-0cfb-490a-a751-b564e7b746ee,1af27ba8-ed59-4862-9b45-7b466b548749,
29563ba0-e37f-49c0-93c4-b8e2628a385f,245f4922-0cfb-490a-a751-b564e7b746ee,28b25fe7-2041-4dd2-898f-56c0204382f5,
93704752-57e2-4c2b-9393-a7e99a7993d7,245f4922-0cfb-490a-a751-b564e7b746ee,4e655f17-cae0-42ee-aba3-b8ad726cedd3,
db62df60-ff46-495e-b747-1b1dead752c4,245f4922-0cfb-490a-a751-b564e7b746ee,50352b05-fc18-426d-ae94-af2a72773160,
a0192365-1def-47cd-b3ec-ba13a97c6577,245f4922-0cfb-490a-a751-b564e7b746ee,7799c916-4e3a-42ae-a3b1-ad526d178b41,
4643206c-e52d-45d9-a17f-bc41bec42e05,245f4922-0cfb-490a-a751-b564e7b746ee,81587165-dd38-484a-959a-0ccc9b16019f,
406a19fc-2400-4b88-ba82-3577191cd253,245f4922-0cfb-490a-a751-b564e7b746ee,9c33c58d-571b-45be-853e-d8105f0fe882,
f5ad8be3-219a-44e4-96f7-4c0e7c06fdf1,245f4922-0cfb-490a-a751-b564e7b746ee,a0026e0b-4a32-4971-9f90-0b614d66b8b3,
a9564b58-9be9-401e-87b5-85d4fc101228,245f4922-0cfb-490a-a751-b564e7b746ee,a6c34364-bf18-4e5a-ba3e-069d247268a5,
a229b72f-e5ec-4d7f-9839-69c5456f742f,245f4922-0cfb-490a-a751-b564e7b746ee,abe389c2-089e-46f0-8c28-4129c1a2d09f,
44f68ae3-ab79-4f8f-bc7b-73aec5cd4b48,245f4922-0cfb-490a-a751-b564e7b746ee,af4ccdad-42ee-4846-9c31-2f830af94b81,
6a9f6a08-ab0b-4f33-ac15-ae74d4ab50e0,245f4922-0cfb-490a-a751-b564e7b746ee,caa24233-5ccb-4293-91c0-5c84f9542fe9,
b55ec455-7a56-44f9-9568-3d90692563ae,245f4922-0cfb-490a-a751-b564e7b746ee,d0962c01-3ee8-43ab-b3d3-c1af4f90f601,
5c906dc1-e1f8-40fe-a7ee-e01c122b8901,245f4922-0cfb-490a-a751-b564e7b746ee,dadec16d-4f14-4466-b0ef-74b30ecedd9f,
282021a4-fcd1-4906-97ce-42791b2ac585,245f4922-0cfb-490a-a751-b564e7b746ee,e59070db-ca23-4842-b96b-b25567947613,
94eda281-53c9-4a09-8eaa-c6cb283e6363,245f4922-0cfb-490a-a751-b564e7b746ee,e731ce6d-d666-442e-a0c7-8907d2edb713,
339923cc-446e-4356-8ca4-3360ede139cf,245f4922-0cfb-490a-a751-b564e7b746ee,e882f74e-db94-453e-ad08-d16c57117870,
2097b501-1bbc-42fb-8ca3-47921ce5820d,245f4922-0cfb-490a-a751-b564e7b746ee,ec71c69d-e6c4-46f0-a21d-234a19dd1655,
a5e32e39-328a-48b8-acb8-41a966144f5b,245f4922-0cfb-490a-a751-b564e7b746ee,f09ce510-289c-42a7-83e7-7a43eb3bcd28,
45f4fd5a-4125-43b3-b649-1a1807c6fa33,245f4922-0cfb-490a-a751-b564e7b746ee,f92b14db-2cf6-4306-bd45-d1d3381c1f8d,
c4eb45af-433d-4a55-aef3-788323bdd90f,2462a519-153e-46c9-a377-5b5e7eaaf0ff,82ddbe0a-968b-462b-8dba-625f313acb83,
98ba108c-9be7-4792-83ef-aff81806c648,248055f9-de0a-47b3-b9e3-98520663971d,058a8e50-c79d-40fb-aedd-3be2b29ddb90,
6be6cd9d-db8a-4f0a-9a6a-895c26b04fa7,248055f9-de0a-47b3-b9e3-98520663971d,0b87c78d-adf9-4de0-b6a8-75715ef211fa,
dcea1a81-ddc0-405d-a0e1-a39358ff9253,248055f9-de0a-47b3-b9e3-98520663971d,7300d278-4d44-45a7-a8bc-7b252c965a47,
61837d4b-738c-48da-b9b4-51b9da2210f2,248055f9-de0a-47b3-b9e3-98520663971d,76ac35f5-b223-4616-9a0d-9fc472dfcd10,
6bbf732e-f512-43a5-ad2d-5a05c9163860,248055f9-de0a-47b3-b9e3-98520663971d,799e8668-0fa5-4387-aa71-6bd6f9212333,
d6284acb-ddcf-455a-9e5b-468b1ec832cb,248055f9-de0a-47b3-b9e3-98520663971d,822c0716-9196-4faf-8891-42599beb1c4a,
25333e4d-52a7-4113-9a15-78f95945b171,248055f9-de0a-47b3-b9e3-98520663971d,96b365f1-b947-4793-957f-626d0ba00c61,
18d93454-ddb2-4519-9aab-45d043a7084f,248055f9-de0a-47b3-b9e3-98520663971d,9ff9aebf-3300-4295-89ab-1c09922a9c40,
8ef00092-f5e4-4726-b273-7da670586d9c,248055f9-de0a-47b3-b9e3-98520663971d,d1e535e9-26bf-4f70-a4e1-92a729e1474c,
5387d819-aab8-41a7-b3c7-9c4dde55e3c3,248055f9-de0a-47b3-b9e3-98520663971d,f0ed47c4-63b4-4f9f-9f3b-8b9f42d41f3d,
3aa0e875-d2eb-477c-93db-bb38c0492801,251bf993-2573-4ced-86aa-fdb0d0762b43,0e7bc965-07b6-465e-b0e7-6f8b7fe47fdd,
9b2660ae-5537-4ce2-baf8-7db5b995a8d3,251bf993-2573-4ced-86aa-fdb0d0762b43,29f6c9c2-bc40-482b-ade6-954897b8c2f5,
6f873568-bc22-4f5d-b2e9-a6c815c5391f,251bf993-2573-4ced-86aa-fdb0d0762b43,5efa5daa-4883-4908-b384-270d622da0da,
891f319c-df2a-434e-b757-9155bc83162b,251bf993-2573-4ced-86aa-fdb0d0762b43,6156252a-632f-4cde-a831-a047f9a5b560,
33b6387d-8f1e-4f80-9ada-acda83256a21,251bf993-2573-4ced-86aa-fdb0d0762b43,6477e555-41c4-4cb4-ac6c-f2ac0dcc198e,
5e3c3409-33bb-47be-b819-648a2b19480c,251bf993-2573-4ced-86aa-fdb0d0762b43,8862edd4-c04d-45e7-a5b8-8d60fd2109d8,
ef089778-e089-43c7-ab34-6ff61cbbd3e1,251bf993-2573-4ced-86aa-fdb0d0762b43,aa56cf9a-be52-49a6-919c-ce8ed182915d,
ea49ff99-7fe9-43af-ad9a-7a091a7d6243,251bf993-2573-4ced-86aa-fdb0d0762b43,bb96612f-c5d8-4531-8643-ed02afebac9f,
c556ee71-5d16-4087-ac90-89e2532c1736,251bf993-2573-4ced-86aa-fdb0d0762b43,bec8ad5c-b1f1-4703-be1b-bf14ebc23a6f,
28aecb32-3e59-4a19-9a26-17f256d0db08,251bf993-2573-4ced-86aa-fdb0d0762b43,ed08af9c-c9e6-4cc7-b64b-537770ce3081,
17156178-7e35-4b8b-9608-123b29ec912e,25690bdf-6baa-4351-a461-ad58295cfed6,2ce86961-57fc-40af-9c12-ef03003b3791,
a9ebcca7-7777-40c4-abc5-dea4d94a9221,25690bdf-6baa-4351-a461-ad58295cfed6,afe80c9a-5159-487f-a64f-c17c38354721,
ab29c9ba-b39d-4424-afa0-577f7bb91aba,25690bdf-6baa-4351-a461-ad58295cfed6,b049ba71-75e0-490b-afb8-e216e8c3dcba,
20d979e1-69d0-4226-96d9-2d75f0f289de,25690bdf-6baa-4351-a461-ad58295cfed6,fc7b7d18-6a9f-4af6-851e-b49107537ffa,
629a5f94-b26b-49f6-bfc5-9023ef00dc02,260d5a2b-c81e-45eb-8e6b-3dbdadc2caf8,03d969d3-1dde-46ea-ac50-209c37ffdc22,
5d357e2b-d3c7-4e0d-be7e-e1ea0cdad6bb,260d5a2b-c81e-45eb-8e6b-3dbdadc2caf8,085f92f1-3298-42c9-be40-c2af6b97ce55,
1e07d076-97b5-488f-a33b-61a30db049a3,260d5a2b-c81e-45eb-8e6b-3dbdadc2caf8,0fb4bdb8-720a-4ff6-9def-8398af399870,
2e90e584-12cf-4bb9-97a7-a8c3c76a23e6,260d5a2b-c81e-45eb-8e6b-3dbdadc2caf8,0fb556fb-98e0-493e-98b6-e18998ae2744,
580acf5b-ae1e-45ea-b70b-44b3ab00b98c,260d5a2b-c81e-45eb-8e6b-3dbdadc2caf8,17fde8b4-7a99-49fa-83f7-a6f73b8a4111,
bf924fbb-4f44-4f02-976c-d499a63fe2a8,260d5a2b-c81e-45eb-8e6b-3dbdadc2caf8,1935bde9-4c0d-4f6d-8112-ab782d315e3d,
d326183a-96c3-4b9e-baa7-0c477bb20c13,260d5a2b-c81e-45eb-8e6b-3dbdadc2caf8,1c7d8b6e-1583-4239-8e30-1dad9d1c14f9,
99e791ba-1fbe-48ad-8f48-a01a3ea1a826,260d5a2b-c81e-45eb-8e6b-3dbdadc2caf8,25617b44-5e5d-45fc-b151-7c5bc6ced687,
86dced18-e314-4189-8929-a464bdcdaa1c,260d5a2b-c81e-45eb-8e6b-3dbdadc2caf8,2919849a-487c-421c-a3d1-173330f24854,
172e56c0-4e6c-419f-a97c-4b605ce32faf,260d5a2b-c81e-45eb-8e6b-3dbdadc2caf8,2c98ef04-8396-4c17-bf9b-836440353396,
d4a07d07-5917-4f95-a43b-1145a20cab90,260d5a2b-c81e-45eb-8e6b-3dbdadc2caf8,2fb57e22-f718-46de-9b17-563f48c00761,
b15f3fec-6319-4197-a630-1a336b9c418e,260d5a2b-c81e-45eb-8e6b-3dbdadc2caf8,32640b95-cbd1-4d83-9753-4a84884dd403,
4ec6f1f8-6ab8-485b-b030-1a0b9b66a3b6,260d5a2b-c81e-45eb-8e6b-3dbdadc2caf8,3c9de747-7e4f-4f99-a464-45f43aaf8030,
a4b4fc87-6b4b-4f60-ba8e-299c8c67184f,260d5a2b-c81e-45eb-8e6b-3dbdadc2caf8,40890ad4-2b69-490e-b68e-8e16d9f376de,
64b6943e-c318-479d-b6b8-d54460da2bd0,260d5a2b-c81e-45eb-8e6b-3dbdadc2caf8,41b57759-5b49-4e62-899b-f84a59571ac1,
e24a4c69-fac6-403b-9108-4017d6f71d06,260d5a2b-c81e-45eb-8e6b-3dbdadc2caf8,4b316c0a-7bc7-44cf-9e5a-585aca935c45,
83d898f9-f279-48f7-9193-c4198396144c,260d5a2b-c81e-45eb-8e6b-3dbdadc2caf8,4cb4dbb2-95e3-4965-8a98-771a68e31281,
4ff4d145-2dc5-45ea-bf3b-c0a74e629266,260d5a2b-c81e-45eb-8e6b-3dbdadc2caf8,57853c20-36fd-40e5-b115-027d84912fcf,
73e5299a-a5b5-48bd-b737-2ce7c23ac1cd,260d5a2b-c81e-45eb-8e6b-3dbdadc2caf8,611f0351-20dc-4224-bfa0-fe0c477ba372,
b43f8e28-025f-4ab6-ada1-c7532e3925fa,260d5a2b-c81e-45eb-8e6b-3dbdadc2caf8,678c80bb-b4cb-40e4-87fd-7f708aea7af5,
e8d1e46d-e8a9-484f-96fc-b1368210aaca,260d5a2b-c81e-45eb-8e6b-3dbdadc2caf8,6e6e95cf-e048-4b01-a0ac-d888af343721,
2d473319-850f-448c-9035-97805e42b9af,260d5a2b-c81e-45eb-8e6b-3dbdadc2caf8,72518a79-4479-4a27-afde-abc0bb00413b,
9461f7b6-110c-4862-a6b7-2ece1dc23c79,260d5a2b-c81e-45eb-8e6b-3dbdadc2caf8,7851d988-eaea-431f-bcc0-3b2871a51a8b,
f3e042c5-f396-4aa1-a295-fe478edb3996,260d5a2b-c81e-45eb-8e6b-3dbdadc2caf8,7b4e106b-7256-45fc-9db9-9a5cdb04a378,
e36a7810-2d05-4905-870e-805fcd4cd449,260d5a2b-c81e-45eb-8e6b-3dbdadc2caf8,83aef051-1411-4f79-8bde-e4ce24e44813,
c4a0f7d1-bf30-4b91-86ad-62cdbc0726bf,260d5a2b-c81e-45eb-8e6b-3dbdadc2caf8,84f3d0fc-ddda-472a-851f-422c8be8eb48,
74e521ab-058f-4b25-ae73-3659bb3b6d00,260d5a2b-c81e-45eb-8e6b-3dbdadc2caf8,8e4e5d12-c6ab-47b0-a838-4a40a0c43898,
12b9b7eb-0177-46ed-82d7-c022f31638d3,260d5a2b-c81e-45eb-8e6b-3dbdadc2caf8,8faeef79-3ee6-4131-bd55-798abc4f71dd,
be9cec41-3d70-4a30-846a-f8e3bd6ea4b8,260d5a2b-c81e-45eb-8e6b-3dbdadc2caf8,a04f08ac-59e0-4198-99a7-da6f41c49be8,
7bdc0a9b-14ec-412c-ae97-6c81eeddbf8e,260d5a2b-c81e-45eb-8e6b-3dbdadc2caf8,a0eff3e9-5cae-4d6f-b2e6-354b5abfece5,
278bc676-5cda-47a8-bf40-e38c322a13e8,260d5a2b-c81e-45eb-8e6b-3dbdadc2caf8,b1070eae-e456-43f3-a482-54040e39c571,
d0dffb14-e998-4f0e-b4b9-6dfa2f83dffb,260d5a2b-c81e-45eb-8e6b-3dbdadc2caf8,b6935b57-7102-48d0-82a8-71afcb1e3eb3,
c7a6d2ac-9b6b-440a-aa24-0975743a1c2d,260d5a2b-c81e-45eb-8e6b-3dbdadc2caf8,ba6daff6-994e-4bef-b509-75f54b55a22f,
2318705f-8835-4445-a238-6f6c1b68e4a9,260d5a2b-c81e-45eb-8e6b-3dbdadc2caf8,bd7b8431-438a-4204-ae65-503b414834ca,
42fe85c0-410f-4773-9427-be6549b8b332,260d5a2b-c81e-45eb-8e6b-3dbdadc2caf8,be66a3e8-1acb-45e4-a99e-1fc73f7a13ed,
49ba73be-9058-46d5-98d6-cc89c8c4173d,260d5a2b-c81e-45eb-8e6b-3dbdadc2caf8,c852ceff-538f-4fb9-a786-c98d1f0a9e51,
45b1622e-f5fb-4a7d-9b68-3ff28862b3e7,260d5a2b-c81e-45eb-8e6b-3dbdadc2caf8,d35cd606-3228-4ab9-a87e-641fbb7dbdbd,
2e26347b-ccb0-4885-8b08-6f0d80e69138,260d5a2b-c81e-45eb-8e6b-3dbdadc2caf8,d7a2d206-6b2f-46e7-9909-e1c1e725bda9,
3aafe77b-3b45-4040-8804-b13e770ab133,260d5a2b-c81e-45eb-8e6b-3dbdadc2caf8,e1666a2c-cb64-4657-8d89-fd737132cb58,
244958b7-686d-4c39-863a-4490ccbf5e9a,260d5a2b-c81e-45eb-8e6b-3dbdadc2caf8,e90a4538-9d4c-48ae-af67-6a8a6f2cc0bd,
31980fd8-400c-4c93-bdcd-dd86088b712f,26d63554-b302-4a74-8c43-9d75b3e9f805,019e8520-3aa3-443d-9eb7-d7acf1f967d6,
37797373-151d-4fb9-b28e-93abd25b5dbc,26d63554-b302-4a74-8c43-9d75b3e9f805,2be681b2-4f36-4b07-b6da-b7f95f4e3cb9,
dcc777ae-4edc-4119-bd03-bcdc346b83ce,26d63554-b302-4a74-8c43-9d75b3e9f805,3d018dca-bcda-4ecc-9fe4-6982d3f297b9,
15884470-d2b9-4214-9c55-106b069fa11e,26d63554-b302-4a74-8c43-9d75b3e9f805,47ad1fe3-0583-4016-8533-622cfaa13a1c,
b0fd6762-cf6f-46b5-94e7-dc0a4eee1bbc,26d63554-b302-4a74-8c43-9d75b3e9f805,47cdb83d-5679-4e41-a059-e36ed6624131,
3cba1a19-613d-4b96-a4ba-a42e07dd177d,26d63554-b302-4a74-8c43-9d75b3e9f805,50c4c579-56d6-44d6-b1a8-ea9da9e0dfee,
c5876239-89c7-4d17-aecf-d22b7572fab8,26d63554-b302-4a74-8c43-9d75b3e9f805,99f1d663-f147-449b-82ce-d782a4d2dcf3,
88fc6b42-ec4d-45d6-8b02-d361404e719c,26d63554-b302-4a74-8c43-9d75b3e9f805,a0beddac-cf5e-47fe-8a68-464dbba474d0,
1c508b7c-58ad-4fa2-863a-e3ffbfb4ed7a,26d63554-b302-4a74-8c43-9d75b3e9f805,dd1434f2-eee8-44be-b9a2-7a66cea0681e,
d7f186de-ea0d-4a00-b8fa-cf2f1bdd2653,26d63554-b302-4a74-8c43-9d75b3e9f805,e2e3ca53-7a9b-417b-8520-974e732e0379,
2efb1aa8-ae38-44e6-b6f0-85178e5ae052,26d63554-b302-4a74-8c43-9d75b3e9f805,fa2e8e4a-5275-405a-bb49-c9c56ac95da4,
78ff0817-8ce9-4848-84f7-1e1415eb0dfd,271f1671-d117-4f19-a148-e693800b147c,67e67e2a-ddf8-4539-be23-b44bb86b9202,
561861e5-27aa-4669-933c-87507d436d06,296eb258-b6bf-43bd-acaf-c73b5c364a89,1fa38a48-afbb-4f97-89b7-92103c5ebf77,
6a26fe6b-0a49-42ed-b3de-ac7eacf1f688,296eb258-b6bf-43bd-acaf-c73b5c364a89,59379559-ea5b-4c99-bb01-6e17d0f980f6,
b56a16db-4266-4d60-b7f0-35b582f4bea0,296eb258-b6bf-43bd-acaf-c73b5c364a89,5d86b1b5-89c8-41e9-9187-c8a5b7fef1ae,
e8466cd8-d56e-4623-a1c2-f032618873a5,296eb258-b6bf-43bd-acaf-c73b5c364a89,6009e24e-aa3c-4abf-a107-78bd0ceac248,
6b5571a9-b06e-4f32-8ab2-362c9344e16e,296eb258-b6bf-43bd-acaf-c73b5c364a89,627e3316-f31b-4a7c-9f36-08684b23270a,
f08084c1-7942-453a-a6d0-8473085cfb29,296eb258-b6bf-43bd-acaf-c73b5c364a89,6379f7fd-f487-45b1-9ff6-2deb27139310,
38a3d50c-b843-48e2-a171-5067e543a5e1,296eb258-b6bf-43bd-acaf-c73b5c364a89,759f678b-6f89-4bfb-9ded-f23f2ca2d6bb,
4e46c995-39f1-4113-acca-14be7cfb64f3,296eb258-b6bf-43bd-acaf-c73b5c364a89,8c74af63-7259-48b9-b0fd-f727b309d890,
8df352ef-5d74-4ae6-8091-d3c8dfa27926,296eb258-b6bf-43bd-acaf-c73b5c364a89,8cdb3a5f-6287-4b37-8d32-87e0ebf59a52,
2b094ac9-369c-43ce-ab74-6f1e24804dfd,296eb258-b6bf-43bd-acaf-c73b5c364a89,9ed05018-cd0b-42f6-8b0c-2f8e757d0b10,
c3754855-42ab-4e95-843c-8d620de9e58b,296eb258-b6bf-43bd-acaf-c73b5c364a89,9f6708c1-7035-40d7-93ec-3f6f3c0527a7,
6480eb55-2fea-40a2-8a35-ecffbbf2304b,296eb258-b6bf-43bd-acaf-c73b5c364a89,b77361fb-9a0b-4724-baa8-c205bea0ffa1,
facccae1-1b95-4025-b906-b231ecca199a,296eb258-b6bf-43bd-acaf-c73b5c364a89,bcdbc516-6df1-4e5e-a43b-3aa1479311c1,
98c181b0-7696-4616-95eb-52dc3b82d0be,296eb258-b6bf-43bd-acaf-c73b5c364a89,cea415f8-edb2-4b0b-a033-c73f09a11ff5,
93ac0730-6379-42fa-a134-15d30127395c,296eb258-b6bf-43bd-acaf-c73b5c364a89,d0baad4d-f245-43e6-b592-3e143c2cec5f,
c8f1423d-0afb-4e08-b652-bf11b1bff7c1,296eb258-b6bf-43bd-acaf-c73b5c364a89,e69eaeb6-5b97-4e02-b1a9-6a9fe6d7d5ae,
f3c744b6-fda0-492f-82b7-ac14cca0e8e7,296eb258-b6bf-43bd-acaf-c73b5c364a89,e8e99ee3-b714-44d6-a1d2-f5b450668f68,
f5256ae7-f983-4208-90a2-edf5461f8e82,296eb258-b6bf-43bd-acaf-c73b5c364a89,ed3ecbb5-79a0-4fd6-a282-4df06397d0a8,
9b39a063-968e-4903-901e-58f141bd3187,29b730fc-a7ee-4b07-bd39-77390c4fe881,a022ebd7-76cf-4428-a928-e75a6d9fed3e,
7919598b-56b7-4047-a078-2883dd966e12,2a0d6729-15a7-4684-85aa-26e686876400,0de30e41-d465-4413-ac43-d24b1fb53c6b,
7edc968a-a4c0-4ba8-8c34-40fcfd849279,2a0d6729-15a7-4684-85aa-26e686876400,1357ad18-4584-4bdb-86a2-3d80650ff791,
a9c37f7a-24a6-40da-b187-64d8e8060f7e,2a0d6729-15a7-4684-85aa-26e686876400,149ca9bb-c5ab-4172-be94-07ca9946c874,
c3480cb3-56bc-4dbd-9a2f-ab2a40c9fab1,2a0d6729-15a7-4684-85aa-26e686876400,1e4ce1ca-aaf7-4d73-9e4a-dd3e364f55bb,
06f24ec7-d000-4048-a629-5f88da7c8b43,2a0d6729-15a7-4684-85aa-26e686876400,6cdd8dce-d2f6-408b-9466-039ddb89a79a,
74686999-5c8d-4a4d-ab03-4d1b42db85fa,2a0d6729-15a7-4684-85aa-26e686876400,71410d88-2ab8-43c0-9972-5e3f4a998234,
3e7f1b14-c52d-4bbb-ad57-54cbc6e4add9,2a0d6729-15a7-4684-85aa-26e686876400,71afac9b-089b-4bd2-8c3e-4d509c631828,
aedc432e-1d77-402d-a6df-92393ddc15c2,2a0d6729-15a7-4684-85aa-26e686876400,78688bcb-57ec-440e-a4a6-d6d25b988cf7,
ee1e450b-c2d1-4403-8fc5-ce4f62bad92f,2a0d6729-15a7-4684-85aa-26e686876400,893f7801-a610-4990-b60f-0a0bbfb1347b,
301765ad-57c3-4c10-b04f-0965520a0514,2a0d6729-15a7-4684-85aa-26e686876400,8de7909a-2414-4d2f-854b-a4b3f12f05d4,
b4c25dcd-c8a5-4a3b-832f-8b9a0a9b8c80,2a0d6729-15a7-4684-85aa-26e686876400,c16ada8c-b868-4054-b7c0-0bd6c83cb148,
7860d950-005a-4e9a-8128-aa531453c213,2a0d6729-15a7-4684-85aa-26e686876400,cad8aa1a-e89b-40c1-a844-016a39a73d02,
cde99af2-5939-4daf-8e5d-8d20790056bd,2a0d6729-15a7-4684-85aa-26e686876400,d698d825-55d8-4781-b3f3-5f502ce69f21,
cd63c60d-970a-4dcf-9a39-9d77873918cd,2a0d6729-15a7-4684-85aa-26e686876400,eae14bf6-94f5-4dcc-894f-088d6942b110,
686f3730-61c0-42f2-a899-e7d930244877,2a0d6729-15a7-4684-85aa-26e686876400,f31bf8cd-f027-4ea5-8aa3-bd467b6bf383,
9c7ff4ea-b1f0-44e7-96a9-c7aa1393971f,2a0d6729-15a7-4684-85aa-26e686876400,f362ef03-224c-4bd6-9cb2-f4205c81b2fc,
aa5be9ed-ee5a-42d0-83c0-06e91d3c3003,2a5eee56-adb8-4cd8-8934-2879c6da1e65,03ce509a-72af-4bf7-9a9a-5258360ff66f,
11b1716d-7a79-4785-bd99-8bb277b6cf96,2a5eee56-adb8-4cd8-8934-2879c6da1e65,122241cd-6767-4aa3-bedf-6c40303dcf82,
139205b9-f24d-459f-8893-f0bce067db6c,2a5eee56-adb8-4cd8-8934-2879c6da1e65,12415810-a679-4e8c-b4ef-8d57343accf0,
97829cfc-ba38-4ca8-b37d-95bbaf1d86ce,2a5eee56-adb8-4cd8-8934-2879c6da1e65,1375c5fb-ee88-43e0-957f-4e6c8b065225,
e4eeecd7-f7b9-4320-ae10-7af71d4cb812,2a5eee56-adb8-4cd8-8934-2879c6da1e65,14824661-d7d0-4f64-8af2-0ba1008047ab,
67829340-3d1f-439e-a1b4-202be23bbe83,2a5eee56-adb8-4cd8-8934-2879c6da1e65,1a4cf073-38c0-49dc-8824-5049f9d0dcb1,
65a9fd20-e3df-49a7-8d58-1bf6ccb5ec9d,2a5eee56-adb8-4cd8-8934-2879c6da1e65,296dbcf0-ada0-468b-a300-bcc93ca827ae,
eecfdef0-499d-4fb9-8888-cd796fe68714,2a5eee56-adb8-4cd8-8934-2879c6da1e65,3bd13f70-944a-476e-95fa-7e94e55ee2b1,
b0116cdc-2498-4c27-8011-b9b16926e620,2a5eee56-adb8-4cd8-8934-2879c6da1e65,408ed0cd-9012-4e6d-bd4f-eeb884192108,
37f4a562-a2ae-4f73-8962-31ea1723db8d,2a5eee56-adb8-4cd8-8934-2879c6da1e65,42989167-da32-4fc7-b9e4-8bb5a211704a,
c550741b-2bca-4b4f-b934-56610f140e73,2a5eee56-adb8-4cd8-8934-2879c6da1e65,44bf10c1-122b-4460-a1ca-e5abba92b943,
17f29b35-23de-4f43-a00a-a3bcf8bade18,2a5eee56-adb8-4cd8-8934-2879c6da1e65,4a6203c4-a373-43d2-b44a-81aa1106bf50,
66555b7f-a42c-44fb-9f7b-63b60f47065d,2a5eee56-adb8-4cd8-8934-2879c6da1e65,4c7cb4ef-8c90-4453-abcd-368d9ddaa3f7,
a95745d7-322f-49c7-9f16-328e2074d577,2a5eee56-adb8-4cd8-8934-2879c6da1e65,7844f49b-4a84-4994-a25f-215b2a447fb7,
7caad8b1-c37d-49f2-b6a0-6de3eacd08e6,2a5eee56-adb8-4cd8-8934-2879c6da1e65,817bf4f7-1cf9-4cd7-bbb9-ccfcbc5cb9d1,
fa209e3f-1aff-4893-9eb8-2bfbf8b5f19d,2a5eee56-adb8-4cd8-8934-2879c6da1e65,8dd993f5-fcbb-4350-8f7a-77af0b813488,
bd9f977a-b282-4f4e-a066-3e05f9161f9b,2a5eee56-adb8-4cd8-8934-2879c6da1e65,a909572e-2dbe-4951-828b-493aed884b03,
96b6613a-fc7e-4447-8ae9-04df9a0ae32a,2a5eee56-adb8-4cd8-8934-2879c6da1e65,ad728276-b923-4624-b29a-aa3ac128f14f,
cf552d30-283f-4ea1-9068-03e258ee0a43,2a5eee56-adb8-4cd8-8934-2879c6da1e65,b5d8d8aa-0013-4b65-9e3c-096c34e4b91f,
6a3fc772-d213-462e-86bc-8df4f1326a58,2a5eee56-adb8-4cd8-8934-2879c6da1e65,cda0c979-f0b2-4209-b030-a1a3fc3701c5,
f74c1ab1-afc1-47d6-89d7-3eb343e620c4,2a5eee56-adb8-4cd8-8934-2879c6da1e65,d0827cb7-06d9-46d4-88f8-fd3c1d40b12d,
1f677f00-b3aa-4ff2-a9c6-8b530aba9061,2a5eee56-adb8-4cd8-8934-2879c6da1e65,d0e55563-8975-444e-be2c-36ce7cdbbebf,
81a8485e-5bd3-4b98-a5fc-bcca1f953fe3,2a5eee56-adb8-4cd8-8934-2879c6da1e65,d669aa5d-6d38-4e5e-a038-f69c7bd8218e,
a3157c2d-346a-40f2-9e9a-d752a55332c1,2a5eee56-adb8-4cd8-8934-2879c6da1e65,d6d7fa86-549c-4995-8a13-8c445fda8045,
d3374bef-7d47-48ee-b494-d4280ac9b49a,2a5eee56-adb8-4cd8-8934-2879c6da1e65,d915ad83-74d8-45f1-bc56-d52deec8b38d,
0ae14c0d-a15b-42fa-be95-a05c7658b75f,2a5eee56-adb8-4cd8-8934-2879c6da1e65,daed66fe-818c-4f39-a801-0daca6860355,
8057c749-6c3c-4130-82f9-ad8f0a9760c6,2a5eee56-adb8-4cd8-8934-2879c6da1e65,dcf56a44-5974-44c7-954b-8bb47f8c1217,
a7125a03-3b9e-4022-bc62-f34c85c85d1f,2a5eee56-adb8-4cd8-8934-2879c6da1e65,e81c36e2-97d5-4494-8625-d6f79892fcdf,
aea96699-2131-4baf-bcb0-4333aa91ad9b,2a5eee56-adb8-4cd8-8934-2879c6da1e65,f67ff41c-9ad8-4922-acd1-d6bae60659a8,
8cdd3133-4543-40da-9cd3-f6e158423040,2a5eee56-adb8-4cd8-8934-2879c6da1e65,fe54d104-32d0-4ae8-9357-0f9def19e00f,
d91ac9c8-1b3c-4098-8ddf-0adf4af7de43,2c90a5ee-4130-43ba-b8e3-d88ffe76b361,04bd9772-b795-40ae-bda2-72927d0279ef,
dc864d6d-5345-426b-abb5-e62396fb52e4,2c90a5ee-4130-43ba-b8e3-d88ffe76b361,14162fb9-aeea-4b0b-901e-e53197127c52,
a0b1f268-b226-4789-900d-d1907646560e,2c90a5ee-4130-43ba-b8e3-d88ffe76b361,3faa0220-fdfa-4c71-84fe-53718bc0e09c,
471b3dd3-6916-4ca0-9a37-8a06fc89e59d,2c90a5ee-4130-43ba-b8e3-d88ffe76b361,6f177549-71c7-462d-8803-45439063fa2f,
c3f40eaa-9e5a-4487-be3d-e62736260f25,2c90a5ee-4130-43ba-b8e3-d88ffe76b361,8670fbd1-884f-4d10-b26a-09330706239f,
2307f852-f39f-4694-9257-e499ef09a638,2c90a5ee-4130-43ba-b8e3-d88ffe76b361,8f75b7fa-fd27-4ccc-aa1c-9efcb53010a9,
89c75178-8671-488b-bbcd-a3a5dd5409f1,2c90a5ee-4130-43ba-b8e3-d88ffe76b361,90b202e2-2a1d-41d2-b1e5-ad2fe163d05c,
772ce817-16e5-49b9-a6f9-e4fd339622aa,2c90a5ee-4130-43ba-b8e3-d88ffe76b361,98d2b65f-fa07-41c8-9cd6-2dd30f7a3ba1,
2b3fe17a-7920-4793-b882-164187766880,2c90a5ee-4130-43ba-b8e3-d88ffe76b361,a426d305-e9b9-4bed-b565-d89a99447553,
f3796511-9904-47f4-b59c-39b99d9fef30,2c90a5ee-4130-43ba-b8e3-d88ffe76b361,b010d978-19a5-4347-a15b-2ded04522295,
8789c9db-148d-43e8-afbe-dcac8b356ff0,2c90a5ee-4130-43ba-b8e3-d88ffe76b361,c19aab2b-e697-4fb5-b449-ddebcea2d055,
778d3655-2993-4f55-9708-5b8961c33a5a,2c90a5ee-4130-43ba-b8e3-d88ffe76b361,c6184391-9f1c-438f-8e58-152cb08f029a,
6d2b1396-2887-4392-90c5-8a8eb98c8206,2c90a5ee-4130-43ba-b8e3-d88ffe76b361,d45d8036-dacd-4369-a2e9-b177c7f674c4,
68a188b4-5476-4d96-8209-143e3b692339,2c90a5ee-4130-43ba-b8e3-d88ffe76b361,dc80dcd0-41b8-47a4-bfd7-46b4c6bced9d,
c4cfc8db-cf50-48b0-82ba-baaba07ac4e6,2c90a5ee-4130-43ba-b8e3-d88ffe76b361,dd45e1ee-69ff-4864-a733-01d84805ea74,
f1e5af56-f3a9-4e97-895f-adc0883071c6,2c90a5ee-4130-43ba-b8e3-d88ffe76b361,df3bad14-2e2a-45ec-b0e1-655c0ce8eda0,
c63685e2-a8f6-457b-9740-193c021361bd,2c90a5ee-4130-43ba-b8e3-d88ffe76b361,e470eb05-ec79-42d7-b09b-54a8d51155c8,
9a5a3af6-27c8-4fa6-ba2c-0d7fad289453,2c90a5ee-4130-43ba-b8e3-d88ffe76b361,eb0844f8-d4bb-4f05-8298-3ab770285bf5,
96399d70-d3c3-4049-bc83-50f32b1cd44a,2c90a5ee-4130-43ba-b8e3-d88ffe76b361,f105ddf1-eb5b-4bc4-bcd6-34aebf509b50,
62522f4b-ccfa-44cd-aceb-45c965095b00,2c90a5ee-4130-43ba-b8e3-d88ffe76b361,fd0f448d-eb6a-485f-8f38-7dff30a08d4b,
9320aae0-3a08-4039-9730-b915dd247772,2d775a33-0c54-4566-9fc8-939905269472,0b2dd6e9-853a-45ae-9f9c-8c0a1c580663,
40fda433-2186-4c6d-b54f-775805cb130f,2d775a33-0c54-4566-9fc8-939905269472,304fd61c-b59a-4306-a2ae-874f9d77dcb4,
d052c922-2748-4666-9f6a-0d3263e3bf77,2d775a33-0c54-4566-9fc8-939905269472,d71e3131-b79b-4ee6-9ebb-e2c181437c7b,
76785099-db04-4c84-a991-cedce798ea12,2dd97cf9-1223-46e1-b023-0c0e7d4931c1,05cecc4c-76f8-400e-b289-c06c6784d95a,
3467f51d-3e2a-41fc-9085-2eeb7815f48f,2dd97cf9-1223-46e1-b023-0c0e7d4931c1,451af09c-41eb-4d36-8b68-67ab05313748,
98549613-4aa3-4465-a8d2-c5eaa1a14b1c,2dd97cf9-1223-46e1-b023-0c0e7d4931c1,751240fc-4681-4827-b8cc-a0e2ee29da30,
930cfee9-7d0b-472f-8145-95e7b689518f,2dd97cf9-1223-46e1-b023-0c0e7d4931c1,9430033d-1e0e-496f-9d81-c78e2f680972,
0c54ba56-54dc-4bd7-9a36-201fd25e29e4,2dd97cf9-1223-46e1-b023-0c0e7d4931c1,b88c48c1-24ac-4999-8d05-501a09baf79a,
db2067a4-d9af-4fa2-afe6-5c96708ab03f,2dd97cf9-1223-46e1-b023-0c0e7d4931c1,d2c245c2-b028-48f5-8ce6-314273b90f2c,
4ed99af9-e59e-4ef9-bcf6-f848212160a6,2dd97cf9-1223-46e1-b023-0c0e7d4931c1,d578f151-6c53-419b-8067-c10c036ba348,
b50a21e1-f16e-4efa-be30-5892d1565ce2,2dd97cf9-1223-46e1-b023-0c0e7d4931c1,d94d5615-a411-4175-9d6a-0c89878211f8,
feea9858-c639-4295-b1cb-7072d4e5a349,2dd97cf9-1223-46e1-b023-0c0e7d4931c1,dfd9f8b6-7c61-4305-acb5-53c970690fde,
70e2c670-9707-46a3-b5ed-a9aa360ad4d5,2dd97cf9-1223-46e1-b023-0c0e7d4931c1,e1d352a2-9f33-4346-abe7-25088c5f2f34,
57dc55cd-f685-4699-98fa-eb7c1e43ff57,2f835927-255d-46e2-bf4b-79e3d1e81ea7,0b3a0f69-11cc-4959-a2ed-7be9a1c63ca7,
4e9e24eb-f357-4e0c-9f81-eda1dd663055,2f835927-255d-46e2-bf4b-79e3d1e81ea7,5fa0db45-de05-4eca-9d70-be2a29b9797c,
ade3da74-c9c5-4b7a-968b-5acb67593fb9,30da42bc-29c0-4989-b82d-0c2ad8479db0,1ace79c3-3f90-4116-8998-dee15691e7e9,
66fdb5bf-5520-4deb-85b9-a18fda01176f,30da42bc-29c0-4989-b82d-0c2ad8479db0,23b94945-eec1-4215-834d-7bad77b39c74,
8cc2e61f-5652-4e63-9a64-270419aa7269,30da42bc-29c0-4989-b82d-0c2ad8479db0,3aa54969-99c7-4d68-93f3-b58aee542e98,
1b82ac45-eb94-47f5-b92c-60a280fc7b3f,30da42bc-29c0-4989-b82d-0c2ad8479db0,44e68c0d-1f3e-49da-9aee-e78b4c4d4496,
5693c778-211a-4d30-9eb6-e148eb91ac3f,30da42bc-29c0-4989-b82d-0c2ad8479db0,8944ffe0-a5a3-45a6-899b-69d75359882f,
2d82c463-f53d-47bc-824a-34c6e1e8fc4b,30da42bc-29c0-4989-b82d-0c2ad8479db0,8e0da813-f0bb-4cf5-9d68-72155a55fdf4,
eb14bde1-8069-4a97-ba10-f9c761da4385,30da42bc-29c0-4989-b82d-0c2ad8479db0,8e3f8970-4159-4c91-b6c0-1202821d8c41,
75e940e1-57f0-4df9-8f85-e39571e96583,30da42bc-29c0-4989-b82d-0c2ad8479db0,9320ab03-5cc2-4985-a889-3b52140c0637,
91432f09-cbdd-4efa-95b9-a5de82ff83b3,30da42bc-29c0-4989-b82d-0c2ad8479db0,9349e060-0eef-4161-90c6-a789c460ee85,
688d08f9-ead0-472f-98f6-7413a07dca2e,30da42bc-29c0-4989-b82d-0c2ad8479db0,c59e2600-f280-4ae6-8b34-1537e932ddd1,
855b4f13-d47c-419a-83c7-4d374419147f,30da42bc-29c0-4989-b82d-0c2ad8479db0,fda76ebe-bd9a-4072-b05b-b59ed2fce299,
214c1fcd-bb51-47a4-96b4-d9ecdc4a04d7,3140a956-991a-48b2-b24e-65cff1029e0f,16819779-8de0-4ac5-97bd-358097805af0,
44c0baaf-5776-4405-9273-732eacb8b95d,3140a956-991a-48b2-b24e-65cff1029e0f,f96282de-b187-4a54-99cd-3555db16204a,
7ab665a8-6d23-447c-9249-5add44d61650,315e6f09-e8d4-4ac4-9cc5-184f374a403d,12e3fdeb-a5a6-44c6-bff9-2a493ab437bb,
c699c615-12a3-4f1d-bf90-a54da6dc6d7d,315e6f09-e8d4-4ac4-9cc5-184f374a403d,1378c7b2-274c-436b-a285-a031ef497a52,
6c198581-a94b-4c3a-adc9-552c208de43e,315e6f09-e8d4-4ac4-9cc5-184f374a403d,1c989ede-880c-4509-b6ef-83c2ce4d38f2,
9ea906be-397e-4647-a68c-4c5fca7e7f6d,315e6f09-e8d4-4ac4-9cc5-184f374a403d,280d1ece-2cc4-455a-bebe-998b973a483d,
72ba2774-4d96-4cb0-b5b5-cf6fb2bce08c,315e6f09-e8d4-4ac4-9cc5-184f374a403d,29eb0386-0248-4491-bd64-500ea6c8eedd,
63bec05a-da1b-4c36-b3b5-da279996803e,315e6f09-e8d4-4ac4-9cc5-184f374a403d,2b9001fd-6fab-4182-b360-27c0b144e337,
e2c138f8-bf99-4224-a018-51fd08e1bcf3,315e6f09-e8d4-4ac4-9cc5-184f374a403d,35035cdb-589e-4e89-b170-2e24356bbe94,
1ddf6980-8a11-4376-a7f3-e8a39d278c12,315e6f09-e8d4-4ac4-9cc5-184f374a403d,3991a1c3-31e2-4f0a-a273-bd84c65c268d,
26076193-b091-433e-8405-e50985298de0,315e6f09-e8d4-4ac4-9cc5-184f374a403d,40195616-1251-4743-81ce-74efa6d311ca,
39611e31-f9eb-4e8c-b5ed-8b3a250e8dd9,315e6f09-e8d4-4ac4-9cc5-184f374a403d,4051155b-254d-4330-ae87-cca8b1250b2e,
f60da322-6caa-4057-a52f-c8c2acbeac14,315e6f09-e8d4-4ac4-9cc5-184f374a403d,42b6b6c5-cb55-4dde-82d0-bf106bcb70fc,
b57cd75f-9e11-47ec-8a8c-138a35562a65,315e6f09-e8d4-4ac4-9cc5-184f374a403d,492bea73-e708-40d2-aba6-1761a3b4d816,
6b7609c5-00ee-4ff5-b918-108dd178c5cc,315e6f09-e8d4-4ac4-9cc5-184f374a403d,49baf14c-63de-41bb-8f49-e1ce45d720ef,
657df98d-9a26-4c7e-a738-77b931b5c76c,315e6f09-e8d4-4ac4-9cc5-184f374a403d,4ae58a3c-f532-408f-8861-c8e121307880,
d30488a3-d000-4853-98d0-7bde4e6fc598,315e6f09-e8d4-4ac4-9cc5-184f374a403d,4bbc1f03-b2dd-4e0f-bde4-78bc571594ce,
6c856f7d-402d-451a-873b-7d4cf02dc6ac,315e6f09-e8d4-4ac4-9cc5-184f374a403d,4c6b4d55-54cf-424d-af34-c908af81c0ac,
cdc462b3-4659-4df1-b9f4-c68ee9bb2fed,315e6f09-e8d4-4ac4-9cc5-184f374a403d,4ed632fc-0278-4e40-b100-4a3ce14a6f87,
80e1de05-e482-4fcb-bf9c-f756ca9e00c1,315e6f09-e8d4-4ac4-9cc5-184f374a403d,6e768013-f242-4e80-9869-3b7f5f248d6a,
51e10ead-f424-4c8a-99b9-9c8b515d6733,315e6f09-e8d4-4ac4-9cc5-184f374a403d,74e3ca8d-ffe2-4bbb-8ed6-abb4d48ac748,
ce574682-1223-48e9-bb13-58f2ba99124b,315e6f09-e8d4-4ac4-9cc5-184f374a403d,78f70e3a-4111-464e-9703-28772d29b219,
757f4f30-1594-48d5-800b-8ad956ad49f9,315e6f09-e8d4-4ac4-9cc5-184f374a403d,814ccd70-ad6e-46d3-b187-a4e85f4b23bd,
18d8f7fc-a9f3-462c-a2dc-809ee09ae07c,315e6f09-e8d4-4ac4-9cc5-184f374a403d,841db763-5e83-4dbb-9e62-40cf6fdc1aaf,
8824f679-8cbb-4f2c-8930-b6df189818fa,315e6f09-e8d4-4ac4-9cc5-184f374a403d,86340608-0ad3-45ed-bc0a-cd5616b5b98f,
27fa4e5a-d0fb-410a-b8e1-45c4d2a17982,315e6f09-e8d4-4ac4-9cc5-184f374a403d,87c8a3d5-499b-40e5-8e4a-8feff0e1cfc8,
08d7d200-b193-440f-a040-c526970c2bdd,315e6f09-e8d4-4ac4-9cc5-184f374a403d,8833f927-7464-41d4-908f-a506cb9bf195,
0f1b2879-41ee-4411-a16d-64773c0cae25,315e6f09-e8d4-4ac4-9cc5-184f374a403d,898a8438-b22d-447b-95f4-8686c94e9e81,
f30f1984-c88b-45f9-a80a-747c20204d02,315e6f09-e8d4-4ac4-9cc5-184f374a403d,89b85ab2-2ee5-4206-b3e4-ed5283dbe5ce,
852e3193-b5f1-4c87-8380-efe37221497e,315e6f09-e8d4-4ac4-9cc5-184f374a403d,8fd340e3-3117-467e-b2b5-b6f8d8d3ebc0,
3f0ffd27-d981-4ab1-a232-e8f86b1d2e76,315e6f09-e8d4-4ac4-9cc5-184f374a403d,961633ba-2ce4-4c47-9315-0345e617fe5d,
ceeaf03a-1738-4cb1-a953-76680c391114,315e6f09-e8d4-4ac4-9cc5-184f374a403d,971d55c3-7671-4df1-bfc0-e53709c0852c,
1c3ac64e-9e43-46f8-9b60-333507ec96e7,315e6f09-e8d4-4ac4-9cc5-184f374a403d,99fa6659-ef28-4161-af73-e7a1b897a67b,
9f883228-ba2a-4129-8d84-61cb8f900122,315e6f09-e8d4-4ac4-9cc5-184f374a403d,9b7aaa52-3896-42d5-a2b7-b554c61b5683,
6360c897-2a75-4c37-ae35-422c2220d59e,315e6f09-e8d4-4ac4-9cc5-184f374a403d,9c367a0b-5c03-4206-869f-dcec63a0173d,
8e545a8e-756e-4646-8e57-e8cedd80caad,315e6f09-e8d4-4ac4-9cc5-184f374a403d,9c818301-6d93-4ddb-bc18-638654f9b4e3,
077a453f-3579-4cf3-b69e-38a37cf06346,315e6f09-e8d4-4ac4-9cc5-184f374a403d,a8931c8e-3b06-47fe-a4b1-9c0070b0dc67,
0ec6c56d-e8a5-4ffc-96ff-b071ee543e74,315e6f09-e8d4-4ac4-9cc5-184f374a403d,acdfdb5e-61f5-4494-9b59-7756bcd22bbf,
6ff636d6-c76d-4f7b-ba05-d6ca1a78bddc,315e6f09-e8d4-4ac4-9cc5-184f374a403d,b03dd10c-134e-488a-a9d8-95a628d03c74,
f454e346-96c8-42be-b7d0-c394c50e62f7,315e6f09-e8d4-4ac4-9cc5-184f374a403d,b63691b3-1169-488d-950b-4c0c3ee989b5,
d6ab09cf-b511-4b81-80df-6287b0ae7e3c,315e6f09-e8d4-4ac4-9cc5-184f374a403d,b950e7a8-79e5-4bae-a250-c09e68c4ac6a,
92729990-f93e-4903-93c0-fb735d5e36cd,315e6f09-e8d4-4ac4-9cc5-184f374a403d,ba4118ac-e837-4f19-a1da-129320ab7874,
a4f9a02c-6826-43d8-ba98-0bccebb742d8,315e6f09-e8d4-4ac4-9cc5-184f374a403d,d77027ad-f13e-4f88-874f-69393b341ac2,
8bf22dea-a1d8-4a52-9e01-8103ee421c34,315e6f09-e8d4-4ac4-9cc5-184f374a403d,db113ba5-bd91-42ad-b1e7-2d4df1bf95e5,
a083a6f4-b923-4cfb-87b1-e7cb970e22ac,315e6f09-e8d4-4ac4-9cc5-184f374a403d,dbff2337-620c-4c8f-974e-1869184362ff,
21827109-9233-4111-9bd5-426c3b698fc8,315e6f09-e8d4-4ac4-9cc5-184f374a403d,dd99fcb2-c4fc-452d-b8e2-efd9234c72a5,
5a56a69d-8c16-442f-9a47-c0124ff5746a,315e6f09-e8d4-4ac4-9cc5-184f374a403d,ded4a6a6-0bd8-4294-b65f-63ca05730516,
410e146f-207e-422b-b1e4-c61c88ed9972,315e6f09-e8d4-4ac4-9cc5-184f374a403d,e186daf4-d8d2-407f-90d7-ee2000745aa2,
b85bdba3-0c2d-4c66-840f-8b728d4921db,315e6f09-e8d4-4ac4-9cc5-184f374a403d,e7fa9790-aad7-4128-9d2b-35c0269c7243,
d3fe877d-a764-4642-b6f5-b17ef1267cf9,315e6f09-e8d4-4ac4-9cc5-184f374a403d,e9afb079-1f6e-4913-9982-ce78347aa840,
6d506264-1abb-4b2e-893a-fab0161d7fce,315e6f09-e8d4-4ac4-9cc5-184f374a403d,eef1dfae-45cd-4272-b452-6478f1360720,
724f6ec7-a486-49f6-830b-a9d9dab61c74,315e6f09-e8d4-4ac4-9cc5-184f374a403d,f2b35d27-2839-49b2-aac2-f5a17d0d17b7,
2f57ed0f-e0da-4e99-82bf-be09ba4f1e63,315e6f09-e8d4-4ac4-9cc5-184f374a403d,f6987ae6-09f9-4db5-b8f3-9cdddf363e9f,
c5154ca0-5a65-4196-8abf-61fc742c6631,315e6f09-e8d4-4ac4-9cc5-184f374a403d,f912f4f0-ee30-4fb0-bc66-86d89b253cad,
0fc0982d-9630-4b5f-9212-a9f7242d3aff,315e6f09-e8d4-4ac4-9cc5-184f374a403d,fa0fccf6-8a3e-4c9d-8544-30e0497ca05d,
afffc505-a2c7-4f87-ab57-852bd7630a2e,315e6f09-e8d4-4ac4-9cc5-184f374a403d,fc23beff-855c-45c6-94b6-18459e9d69e7,
21df0db5-7caf-40cf-9d63-14c67f49722f,31b86f6b-3550-40b7-98b3-f6e201e0206c,06f35f96-258e-4568-8736-80c14375d9cf,
4c01c274-a9f9-4d4e-b164-57d99a8eb32a,31b86f6b-3550-40b7-98b3-f6e201e0206c,08649b16-d574-48bc-99b6-9862f6f8ce5a,
b7133756-8e4f-45f7-8602-19a59cb022aa,31b86f6b-3550-40b7-98b3-f6e201e0206c,170b25a0-07ef-4ac3-a79d-70a7fa3b22d7,
4e335738-2f08-4453-b2c7-577019c68c04,31b86f6b-3550-40b7-98b3-f6e201e0206c,2219f7ed-82d3-4ce3-b1e7-c275ada9e1b5,
3851a088-2f1a-44c3-a71b-279942dc2ec7,31b86f6b-3550-40b7-98b3-f6e201e0206c,395aa115-f604-4731-bc28-67b64aff02e5,
d25104e1-2b81-456c-865d-33ac49b8e666,31b86f6b-3550-40b7-98b3-f6e201e0206c,3b7c5762-3ea2-4443-8d17-88be0d8fbcb9,
4c3db101-219f-4fe7-8ab7-4bb8bf6b2cc9,31b86f6b-3550-40b7-98b3-f6e201e0206c,511aab8d-3665-4176-a33d-17017009de3f,
27843fe0-88e1-4907-8f75-91d3b3e118b1,31b86f6b-3550-40b7-98b3-f6e201e0206c,52be09d1-b19b-4405-a84f-bb61286dbb09,
cb2fc9a2-e8a4-440f-a57d-1703317a1f49,31b86f6b-3550-40b7-98b3-f6e201e0206c,55bb3802-dd9e-475d-bef7-38fd8292edb0,
bc69d67e-469f-4b8e-9541-19329aa5d299,31b86f6b-3550-40b7-98b3-f6e201e0206c,7488f0f5-4dd6-4f57-8e68-d378e140aeca,
286c9085-22e9-46e2-9ba9-01e38522b2eb,31b86f6b-3550-40b7-98b3-f6e201e0206c,7600db65-1a06-4ecc-b82f-b05fca026105,
995011f2-cc1a-4a98-af63-3353cd38b9a4,31b86f6b-3550-40b7-98b3-f6e201e0206c,8319c900-2753-4fd0-abdc-ceffe30067d7,
92f8a7d5-46b7-47d6-a1d1-5f869087d598,31b86f6b-3550-40b7-98b3-f6e201e0206c,906d7ae2-a85a-445d-87f1-f18f19d5b63b,
cfba9e39-ae09-46ff-8a63-141fcc7d1ade,31b86f6b-3550-40b7-98b3-f6e201e0206c,9a9fe17d-81a4-4660-8c64-d2effa12f051,
9036942c-b98d-4baf-87df-7fc255ed2603,31b86f6b-3550-40b7-98b3-f6e201e0206c,a9c34778-aa16-4b9c-899a-c95cde617359,
decfb847-5a60-44d1-9475-c30919023e03,31b86f6b-3550-40b7-98b3-f6e201e0206c,af6cebb3-402c-4f3a-b99e-413b6dc4a3a5,
826eb615-e819-4648-9071-b84be8bc08e3,31b86f6b-3550-40b7-98b3-f6e201e0206c,cd235a15-e114-4eec-98d6-8a5449828923,
aa78f920-323a-4ba8-a0a4-e427fb04af1b,31b86f6b-3550-40b7-98b3-f6e201e0206c,d5f6fb88-fbcb-444a-8981-32a59910656b,
00c022d8-7243-453d-a2fe-67c1428c4201,31b86f6b-3550-40b7-98b3-f6e201e0206c,d9118ced-45c4-4e1a-bcdf-460decdb2c66,
28353335-e9c7-4952-a687-9d9102035eec,31b86f6b-3550-40b7-98b3-f6e201e0206c,dabd994b-c629-4761-aa81-b9f7ae3a8bd0,
4bb48b95-4580-459c-a686-a4b5757d659b,31b86f6b-3550-40b7-98b3-f6e201e0206c,e632252c-950e-4aca-9097-4ca3abc3eab0,
83364854-0302-424e-945d-56ea7cebfc1a,3304ea74-9275-42c1-99ad-06634e840011,164d6462-466d-4e35-aeee-64d32566c12c,
9ce2b861-0a7a-461d-aa8e-1b6a55024802,3304ea74-9275-42c1-99ad-06634e840011,1bed1d20-6c33-4d12-b609-a095aa538130,
76c58429-52ee-43c6-a023-71f1df87f296,3304ea74-9275-42c1-99ad-06634e840011,1e638efc-7e5d-46d3-94a2-81c5f3c51779,
be497e88-e0e0-4b62-b60c-8fdb9be4e93f,3304ea74-9275-42c1-99ad-06634e840011,20a977a9-34bf-4f23-83eb-b8325d145338,
9b4f5b85-e719-4a63-827c-6b3cc01bf0e9,3304ea74-9275-42c1-99ad-06634e840011,266bb422-80a0-4ea9-9dfe-95346ccd3213,
47fe0983-af21-4537-9fd3-971669c2a96c,3304ea74-9275-42c1-99ad-06634e840011,41c1fd2d-a424-47f6-8e29-91e2fee4b589,
7201c4ab-0c28-4ee4-9136-6ce56fd785a4,3304ea74-9275-42c1-99ad-06634e840011,471136a1-ec63-42ed-bc82-7745b3104dda,
87d7bab7-4ee3-4fff-b16d-c4bb1ac61f6c,3304ea74-9275-42c1-99ad-06634e840011,5eeaa093-4ddc-4f72-89fc-6b0b5b292390,
9b718e48-8ecf-4464-9664-e390a3f57b30,3304ea74-9275-42c1-99ad-06634e840011,691e7024-efcc-4a00-98fb-9923b9c6cd5b,
2e52dee0-c85b-4d7f-b462-31cd90fbb18d,3304ea74-9275-42c1-99ad-06634e840011,74be8f92-9e38-491d-bf64-da1103c1ccda,
f36cd1ca-f9aa-405d-a770-3ba084c6cef8,3304ea74-9275-42c1-99ad-06634e840011,7960767c-42cc-487f-b8c7-c6ec92a56c4d,
86c61ff7-5015-4fa3-903c-e32acec16b04,3304ea74-9275-42c1-99ad-06634e840011,7fbd05f9-cd5b-44f8-a557-9d899dd30fe2,
a215470a-b730-4046-b588-2d8e423cf14a,3304ea74-9275-42c1-99ad-06634e840011,7fc91a96-faa2-4a0b-b0d1-7b79437e4155,
2b84a68f-100a-425c-b594-cf496fd79593,3304ea74-9275-42c1-99ad-06634e840011,80456ae1-3aac-4189-8cf1-0ec808ee5d1f,
c3ae0b5f-f1d3-4002-a3d2-097bfec35ffb,3304ea74-9275-42c1-99ad-06634e840011,89148d52-1609-41f7-bf9d-4a7b0d192c5d,
6de611d6-4c00-4f8e-881a-85041df52e8a,3304ea74-9275-42c1-99ad-06634e840011,9bff6d76-1d08-4af4-8b8c-056f2c04e95d,
e22391bb-9ed8-4aa3-86b3-8cbff40aa9d0,3304ea74-9275-42c1-99ad-06634e840011,ba9b3d3f-d74c-4f7f-a5e9-794b8598cb50,
ab5bdb58-26ca-499c-9110-c6200f5d1f17,3304ea74-9275-42c1-99ad-06634e840011,cc092357-085a-4703-81ea-7a968805da4e,
1c920838-da6e-4881-bbff-dc112f485254,3304ea74-9275-42c1-99ad-06634e840011,cf2cd137-42a3-4894-ad84-1c75242944b0,
f76c9950-45e7-4854-83f0-06e2c1d4f9ea,3304ea74-9275-42c1-99ad-06634e840011,d7fc47a2-341b-4b91-8b1f-5a55c76f3504,
7d1c02a7-da54-4eef-812f-c0e912b78b77,3304ea74-9275-42c1-99ad-06634e840011,f5a08434-5b8d-44af-bbc2-ce48f89804dd,
6c042c2d-2bc4-4686-810a-1837343f684a,3304ea74-9275-42c1-99ad-06634e840011,fc4ac815-a789-40a3-9e26-05d25f4f06dc,
07358334-ea2e-408f-b06f-68af9c59500c,34124269-83c9-42d9-8b09-5a20c886a3a2,4b89ee9a-3315-4d5e-80c9-38bef311c8c1,
714a7183-82bf-49b3-b04f-4f5800fb2ae6,34484d67-6702-45a0-9c28-790089d2f1dc,06486e71-cc7f-4cfb-89f2-aa95ecf1a359,
5e0d2d5b-0991-4c31-b1cc-b7c4b920344c,34484d67-6702-45a0-9c28-790089d2f1dc,3016387f-17c6-40df-b4b2-8280a82f47c7,
91e4f585-748d-4fc6-bef8-904c1d0a970b,34484d67-6702-45a0-9c28-790089d2f1dc,5a3c8b36-7513-4e35-9ba3-5b591dd847ab,
89b3d4aa-6c59-49e5-b0dd-6a541f222644,34484d67-6702-45a0-9c28-790089d2f1dc,8f0fa927-e82f-42db-b9f4-7ae90943bdee,
a7af9b96-3b50-4b93-88d4-d42be9ff2768,34484d67-6702-45a0-9c28-790089d2f1dc,9a4aa089-63c7-4324-ac26-0e565160dbf7,
eb4f0c0f-37e2-4f62-a9e4-022b69e814ec,34484d67-6702-45a0-9c28-790089d2f1dc,c392db7e-349e-49f4-99cc-1f61f6d59ca5,
bcafe461-2ba5-40eb-8b28-e2c0dbb1ce4c,34647483-3343-4929-89e1-3ba8004747f7,1a192dc1-ae28-4ed2-94fd-a16f753b722e,
220c89e7-fd63-49ea-9a85-7363defb2d18,34647483-3343-4929-89e1-3ba8004747f7,1f6817f1-3e56-46b3-a260-9553c5fd2355,
cba40d2c-d018-45b8-9d18-4b23400cc057,34647483-3343-4929-89e1-3ba8004747f7,484d23ca-a25d-4424-906b-1b4d7a50abaf,
d91b1c95-7453-434c-83ef-231085bd3d49,34647483-3343-4929-89e1-3ba8004747f7,f319452c-9f4b-48b2-84fd-082d57b37f6c,
180a47d4-634a-492d-ac88-5831598cc3ed,350cda6a-3d08-4245-b529-8ced99b96a3e,020907e7-c582-4cf0-b395-8c93d55a2bd5,
f3a585f9-3e0a-4091-8a74-f88023536045,350cda6a-3d08-4245-b529-8ced99b96a3e,49d7c831-31e6-472d-9d0a-5036e8756445,
887fef1f-25ee-4381-88ed-184c1a771439,350cda6a-3d08-4245-b529-8ced99b96a3e,6fcdeab8-2d64-4709-ba75-c67f20a90622,
6d0d9902-1522-40da-bbda-cf0bc30370d0,350cda6a-3d08-4245-b529-8ced99b96a3e,825c1758-fd61-40c4-a62a-36092205c8d1,
2368967a-57a3-4405-a472-4cde3b923a3d,350cda6a-3d08-4245-b529-8ced99b96a3e,efe4b6d1-e1ec-4f58-8e2e-802bf44fff9b,
f762507a-aa07-4cae-967d-a159828ee814,35e4aa6e-7f82-4578-8dfe-cccf26afef86,00a3e6a1-0d8a-44dc-8a8b-c941a0f69b48,
7e39fa21-d7a0-4b11-b72b-1863ebd5868c,35e4aa6e-7f82-4578-8dfe-cccf26afef86,00bd103d-a1c9-4c97-af0f-661275295316,
d4bc50b4-491f-45aa-836d-50dadada894e,35e4aa6e-7f82-4578-8dfe-cccf26afef86,010fba4c-c678-497e-9402-4d27b6d8810f,
6642f90c-c45b-4133-9a3c-c6e0b75caa44,35e4aa6e-7f82-4578-8dfe-cccf26afef86,0132f038-959a-4b37-8779-0fe5070ea03f,
c3b8c440-4c99-46d1-a31c-450cecb1bbb3,35e4aa6e-7f82-4578-8dfe-cccf26afef86,017915c7-5b90-4f07-8083-3a431d9cd923,
1e5a51f9-96cb-426f-beea-b53ed4ab4aaa,35e4aa6e-7f82-4578-8dfe-cccf26afef86,0179bf95-92df-4de3-81da-fda2e9d73a57,
e5514ad0-7455-4293-a619-07b457e14509,35e4aa6e-7f82-4578-8dfe-cccf26afef86,0226725e-bcc5-4ce8-9190-556c1cddc2c5,
4740c129-e0f7-4cde-a1f6-0df2b09cbab4,35e4aa6e-7f82-4578-8dfe-cccf26afef86,02727348-ae4a-4fdd-86ea-ea9b5586d927,
62cc1cee-f2fc-47bd-a065-821da722129f,35e4aa6e-7f82-4578-8dfe-cccf26afef86,027cd27d-ff84-49f5-89bd-6362d89154ad,
a1190259-cc49-4d10-b6e2-5c7d048dd117,35e4aa6e-7f82-4578-8dfe-cccf26afef86,052b0fe3-4be7-4d40-9ee3-601fc5f37038,
93b11b60-558e-4cec-9714-2ba1432ff998,35e4aa6e-7f82-4578-8dfe-cccf26afef86,0539e3b3-150e-4d67-8763-87e8edab2d28,
036bdf5c-8c66-4192-b6ab-b2647c8dfa74,35e4aa6e-7f82-4578-8dfe-cccf26afef86,05caf4b3-9d0e-428d-a56a-9d7d442b793e,
1ad1af9b-507d-427d-87c8-00d669e1c319,35e4aa6e-7f82-4578-8dfe-cccf26afef86,0602aa1b-8cab-4ece-8ccc-5f9f518f742d,
54bc39a5-87e0-40de-a858-d501955859b0,35e4aa6e-7f82-4578-8dfe-cccf26afef86,0637e371-fb0f-48b9-aa09-7ab174248d2d,
0b95bfa8-8c14-4e54-bd7c-605fd1cb7480,35e4aa6e-7f82-4578-8dfe-cccf26afef86,077355a0-f545-40f8-813e-6a24e5b37964,
402eea2f-20dc-4f39-8bc5-6fb0b93d6deb,35e4aa6e-7f82-4578-8dfe-cccf26afef86,08091d2f-6998-4545-ad4b-91357c0e7310,
839c6816-c437-4f07-8d34-5c9fdda4db88,35e4aa6e-7f82-4578-8dfe-cccf26afef86,083e78c8-ad49-4822-ab4a-3bbeacddc1f8,
1bf01987-51df-4acc-be88-377c3dfd0f52,35e4aa6e-7f82-4578-8dfe-cccf26afef86,08674f6e-ff62-4311-b870-cfa2a7fead05,
ec089d36-3444-4ac3-8b7c-72641f28ef14,35e4aa6e-7f82-4578-8dfe-cccf26afef86,086d3554-014a-4a41-b6bb-cf33d853c856,
edd45fea-b372-468d-bfc3-5a2488d5d418,35e4aa6e-7f82-4578-8dfe-cccf26afef86,09a38921-8fe4-41a0-8740-8023737555a0,
d34f3d47-71cc-4339-9bb4-c51268932bbd,35e4aa6e-7f82-4578-8dfe-cccf26afef86,09cbea50-de00-4e1c-a4d8-4771d604c752,
53d1f12b-9ec7-4c81-a232-69adeca673dc,35e4aa6e-7f82-4578-8dfe-cccf26afef86,0a894c58-c42c-4dd6-9787-fa5e0697dc34,
4bc3372e-b9ed-40d1-93e3-c9b4f44e5cec,35e4aa6e-7f82-4578-8dfe-cccf26afef86,0b00cbd5-b344-41cc-8393-b7b6221d412a,
401afb76-b26f-4540-bba2-474a00758d0f,35e4aa6e-7f82-4578-8dfe-cccf26afef86,0ca1b505-c81a-4a8e-9a81-ddbd91000600,
ebe96e15-a795-4e6b-94bf-789aa0a743af,35e4aa6e-7f82-4578-8dfe-cccf26afef86,0ce49a16-44b2-4502-8fc5-8504d3a3771e,
fd18fb1e-c764-4aed-8f24-287903f4f97d,35e4aa6e-7f82-4578-8dfe-cccf26afef86,0d437678-7649-4ac3-83aa-dffe68594516,
3e10bb8d-da52-4ca2-9c63-b68b1eb94869,35e4aa6e-7f82-4578-8dfe-cccf26afef86,0da23049-572c-4535-91b2-15042866a6e2,
aa9d056f-7b0a-494b-8f79-ca1be6897b4f,35e4aa6e-7f82-4578-8dfe-cccf26afef86,0eda46b1-63b6-4d23-beb9-6b804d6f5916,
99c6df5c-06fe-4b2e-bd75-d8a0093860da,35e4aa6e-7f82-4578-8dfe-cccf26afef86,0f6eefba-58f1-41c6-b927-2fb628845978,
925f3231-0795-4dc8-8b1c-6367eef80aaf,35e4aa6e-7f82-4578-8dfe-cccf26afef86,0f8826da-0f29-4369-8336-5b2a6129c71f,
3464603a-3cff-4d92-a0e2-717ad6b1f78e,35e4aa6e-7f82-4578-8dfe-cccf26afef86,0fcf801b-efc8-47e2-b258-11ceac337a50,
ea34cfed-a140-44a7-be26-6484caa4570b,35e4aa6e-7f82-4578-8dfe-cccf26afef86,10c102d5-890c-4a8b-94fc-9dc2d63e6ac4,
9c912d09-81d8-4716-8275-bd95221f4535,35e4aa6e-7f82-4578-8dfe-cccf26afef86,11159f21-ed48-492e-ae35-19590c7bdf00,
ec9d8163-4b7a-48d5-b0d6-3e2fd14650fd,35e4aa6e-7f82-4578-8dfe-cccf26afef86,113bdad2-fee4-4053-8690-08377b2a019c,
d929858f-8a48-4b41-b4d4-e3cde2af1bd2,35e4aa6e-7f82-4578-8dfe-cccf26afef86,11626ebb-aed0-4f46-bc27-ab8d3db1d408,
ed8aeee8-18cc-4374-a99b-7319f4ee024f,35e4aa6e-7f82-4578-8dfe-cccf26afef86,1244e94e-1233-4b61-9226-00ff0df86617,
c2be7bfb-f349-457a-b2b2-ac4ee7c97968,35e4aa6e-7f82-4578-8dfe-cccf26afef86,128a6e56-bc8c-4967-b51f-78dd24f30d3c,
24001fce-811b-4bc8-b531-9ebbe8091478,35e4aa6e-7f82-4578-8dfe-cccf26afef86,1355ba5e-3927-45cc-bfb8-a52fd2268b1d,
03b3174a-7c6c-4934-9696-fa70b6f0e438,35e4aa6e-7f82-4578-8dfe-cccf26afef86,1366be33-dc7d-4757-a8a7-881c274c5ffa,
01c7afe7-b2cc-4d19-be92-b65f6570ff8c,35e4aa6e-7f82-4578-8dfe-cccf26afef86,13e7899d-63c4-4f40-9918-539495e90489,
29d99476-5473-41fb-bb3d-2e22811e91e7,35e4aa6e-7f82-4578-8dfe-cccf26afef86,1451dd9c-6bcf-44fe-aaaa-84e57d41a6d3,
6807d508-59fe-4647-b9d8-9cca90046127,35e4aa6e-7f82-4578-8dfe-cccf26afef86,1462cf82-bbe5-456f-a0f3-5cbdbfd6e5b7,
6d053b36-1c3b-48bd-aa48-c57ca858454c,35e4aa6e-7f82-4578-8dfe-cccf26afef86,150f73ad-2991-4596-9a28-e89c21d3d824,
5f27e309-bbda-4547-bc4b-d469526b2f76,35e4aa6e-7f82-4578-8dfe-cccf26afef86,15695bb4-020f-41b2-805b-d3f679bfaaf4,
3a46d8c4-c987-427c-99c2-346fc2b8d6c0,35e4aa6e-7f82-4578-8dfe-cccf26afef86,161540ee-c536-4824-85b8-015bd09384ff,
85859447-4494-4279-9ba4-47aa303f9756,35e4aa6e-7f82-4578-8dfe-cccf26afef86,16cb08ea-4e4a-4ed9-a4c4-709de7aa1f91,
5198ec43-0ba1-4446-8c3a-2621d3832b4f,35e4aa6e-7f82-4578-8dfe-cccf26afef86,173e486a-1887-46ac-bb0d-05d6ff4b9d49,
f45d1d04-8f15-406d-91b9-e8b27825c8d0,35e4aa6e-7f82-4578-8dfe-cccf26afef86,17a6ac72-652e-40a7-acc6-ff635701c105,
05e9782f-1cf2-45d5-8c39-18468e450f5e,35e4aa6e-7f82-4578-8dfe-cccf26afef86,17a6eec9-5f21-4097-8063-e6de7d060bdb,
a204f0fc-edf2-4337-b558-52a614f79a7b,35e4aa6e-7f82-4578-8dfe-cccf26afef86,17c20a03-e237-4a88-b127-b5b437ed9704,
07491e05-4225-4d89-9112-6100d6f419d8,35e4aa6e-7f82-4578-8dfe-cccf26afef86,18b67a33-cad1-4178-8e65-152d3dd1fcd3,
37659914-6211-4cd2-af30-a5c5b49bc9ad,35e4aa6e-7f82-4578-8dfe-cccf26afef86,18d6cda2-b4d4-4020-a7b3-1d89d486bc59,
693629a5-8b2a-45bd-8fb3-177c6cd39494,35e4aa6e-7f82-4578-8dfe-cccf26afef86,19448c9e-03c0-4903-b38d-94b462d1e5c2,
67a50559-1413-46bf-8c80-b9f008656b92,35e4aa6e-7f82-4578-8dfe-cccf26afef86,19a331da-e3a0-477a-b5b4-b355cc9f1451,
7995a7ec-add8-4966-85bf-d1b6fd75b0d0,35e4aa6e-7f82-4578-8dfe-cccf26afef86,19a953ac-2cfd-45b4-9a0b-8ef6702df3ef,
0c840706-1a51-4695-a0ea-00b561bda195,35e4aa6e-7f82-4578-8dfe-cccf26afef86,1afd6765-bf1b-44a1-b370-2a7f71bcfc13,
0c62e03e-0319-41f1-bc09-a2277d2795a9,35e4aa6e-7f82-4578-8dfe-cccf26afef86,1b0a06dd-83fb-43d2-8389-0166b3f13ff0,
5cee1ec1-d033-4ade-9226-7c3b161c3f7b,35e4aa6e-7f82-4578-8dfe-cccf26afef86,1b17c882-8271-448e-827c-6c0bf36b4eca,
f36c8677-dc77-48a9-81f1-a48515a4140c,35e4aa6e-7f82-4578-8dfe-cccf26afef86,1c3a754f-bb9c-4b3d-b9a8-5272c33e5721,
3a6ec1fb-77b5-4a74-81ac-9dbea5a93428,35e4aa6e-7f82-4578-8dfe-cccf26afef86,1d570452-ae27-4838-8c5b-1501c53e2bcc,
6a56c68b-efb3-44de-9188-790f319b12f1,35e4aa6e-7f82-4578-8dfe-cccf26afef86,1d71eec3-809c-4a8e-a8f4-f0671a4ffccb,
621b747d-0740-49d8-81f1-5b2efb2c9fdd,35e4aa6e-7f82-4578-8dfe-cccf26afef86,1d84dbf2-8d5d-48fe-a359-5356a3b8a71a,
6dfc30de-301f-498f-82a8-935f7953d70f,35e4aa6e-7f82-4578-8dfe-cccf26afef86,1ecaff5c-ed48-4a6c-bb42-e1555e4cbdc9,
5ef0e033-6f58-43a3-8abc-2c0b7583e7e8,35e4aa6e-7f82-4578-8dfe-cccf26afef86,1ee3b8f5-bff0-4299-b238-ac67f953ad70,
e712486f-e786-4068-8b21-594fe273f9ef,35e4aa6e-7f82-4578-8dfe-cccf26afef86,1efebf7d-66e7-4a2b-b518-553f499f8f43,
da31a7d0-7774-44a7-b60a-ea5406325172,35e4aa6e-7f82-4578-8dfe-cccf26afef86,1f0a4bb4-a751-480e-87e2-bcc41fdb0777,
b2ab19ed-2371-4393-8d80-5314fbda122a,35e4aa6e-7f82-4578-8dfe-cccf26afef86,20037679-3612-4d7b-b6c7-e10663abd26a,
2cc3cfd4-5d51-4b75-bc20-09be565eebc2,35e4aa6e-7f82-4578-8dfe-cccf26afef86,2033ff3c-3d2e-4148-906e-46f507309846,
d7c8774b-d578-468c-ba5e-680d12546c44,35e4aa6e-7f82-4578-8dfe-cccf26afef86,2075716b-0ecb-441a-8064-18e382945f91,
e68f1119-2f7c-41d4-9333-71d25de775b2,35e4aa6e-7f82-4578-8dfe-cccf26afef86,20ec6f99-26e5-41b0-a5ef-7f7a2fe15e1d,
37905658-3ce4-45ed-bd97-fa5cce0be940,35e4aa6e-7f82-4578-8dfe-cccf26afef86,21a8caf0-6f64-4516-b81f-aae0a405450d,
215b38c5-246f-4196-8b14-2014e0139d90,35e4aa6e-7f82-4578-8dfe-cccf26afef86,21bff4ad-91a5-4cd6-b246-3ff8ea900b08,
6599ef5a-de66-4ac7-a631-8fb896b5f0ea,35e4aa6e-7f82-4578-8dfe-cccf26afef86,21ef4f3f-4032-4796-a1ef-81caf8b19ff9,
3172bbfe-5051-4c0b-9e9a-2589424f091d,35e4aa6e-7f82-4578-8dfe-cccf26afef86,229091ce-0c1d-4a28-b332-f2ae5d273cce,
ed6b0b76-2c7c-46e5-9adc-a4c3ea95a8ac,35e4aa6e-7f82-4578-8dfe-cccf26afef86,2329c328-afb9-4f28-9c95-1f15d83498b7,
26dd58cf-ad83-46a5-8f42-77d019a689df,35e4aa6e-7f82-4578-8dfe-cccf26afef86,239dfd49-8f95-4da9-aaf9-f28fb6040a64,
52ccba09-19bb-486d-9c11-b961403d279f,35e4aa6e-7f82-4578-8dfe-cccf26afef86,24e3d584-3dea-4c83-869e-cdbb16d80aa0,
087b27fe-77a2-40ca-a56f-dc75f9661a49,35e4aa6e-7f82-4578-8dfe-cccf26afef86,25e24ec9-7c02-41d1-a5e6-e4caf1847b49,
69257f0b-7ee1-4d7a-9a3c-7884e24beb04,35e4aa6e-7f82-4578-8dfe-cccf26afef86,26483d73-a828-4571-9ee0-751f55279798,
3595cf21-fc1e-45cc-adb0-703cc3484209,35e4aa6e-7f82-4578-8dfe-cccf26afef86,26664c46-3124-4ea1-964b-013323601c39,
4f67f48b-5bd8-4c4d-b5fa-0756ddd17bc2,35e4aa6e-7f82-4578-8dfe-cccf26afef86,2a2931da-88ec-477b-995e-117ce4f7298e,
a6777c47-f221-406d-afec-0a43f1d79ada,35e4aa6e-7f82-4578-8dfe-cccf26afef86,2a59386a-a2b0-420b-9e86-b21bed2f791d,
9d3cb578-0e3a-4a09-a50c-c2180437f5bd,35e4aa6e-7f82-4578-8dfe-cccf26afef86,2b2e8cd6-baaf-490e-846c-fed86d9c88e8,
a0e3311f-57da-41ab-a9c3-01190435d603,35e4aa6e-7f82-4578-8dfe-cccf26afef86,2b318c5a-ee2d-4405-90e8-ce310d80af81,
3707dd03-60ce-4ef0-9468-a62ad50ce6ff,35e4aa6e-7f82-4578-8dfe-cccf26afef86,2b80f74f-6b0b-42a0-b134-f481205e9858,
b6288302-e431-4175-832b-7a37404eba31,35e4aa6e-7f82-4578-8dfe-cccf26afef86,2b9bd255-ef75-452b-b130-644fd2bd3cef,
af7c3fae-2732-42ba-b34a-d2b80fb836cc,35e4aa6e-7f82-4578-8dfe-cccf26afef86,2b9e642c-3ab3-4666-b426-ea0700cb050b,
d4335c45-9d78-4e1d-8e58-f386a4969536,35e4aa6e-7f82-4578-8dfe-cccf26afef86,2c7bcef7-4db2-4479-9401-8933e3c4181f,
b797c2e2-7a66-4b9b-aa0a-bc2ba8a48ef2,35e4aa6e-7f82-4578-8dfe-cccf26afef86,2d10d270-57a1-4e17-b90a-d80b7cd937ee,
e7e96644-35dc-43c5-9027-ab810baa6d92,35e4aa6e-7f82-4578-8dfe-cccf26afef86,2d894c5d-1357-438b-a306-ac4db86882c1,
4392ed23-e237-4feb-b535-040faff98946,35e4aa6e-7f82-4578-8dfe-cccf26afef86,2e0dd843-1828-42fe-8b23-9f63bf69205e,
655f0078-1b69-4257-a4ae-f1f17049e80f,35e4aa6e-7f82-4578-8dfe-cccf26afef86,2ebe76c3-9ef2-4563-ba14-246f40a37ce4,
ead737bc-4e44-417f-a9a9-6839a024c604,35e4aa6e-7f82-4578-8dfe-cccf26afef86,3008bc8e-ef80-4bdf-9f35-0d5742d21847,
3f56a597-8382-4ad8-973c-b29e4e2090aa,35e4aa6e-7f82-4578-8dfe-cccf26afef86,30edfe71-52dc-430f-9cb3-db7615dfb0de,
22d3fd15-b5b9-4eeb-b327-2e8d4b7df5e0,35e4aa6e-7f82-4578-8dfe-cccf26afef86,31101bb0-518b-4d4b-b80f-6e444e064152,
e47f40e8-6aaf-4212-83fc-33f3fff99291,35e4aa6e-7f82-4578-8dfe-cccf26afef86,317449e3-a945-452b-a050-52462e1ff62c,
7d1637ee-ace0-43e3-ab85-f074ea24e8a7,35e4aa6e-7f82-4578-8dfe-cccf26afef86,317a10fb-ae7d-4834-bf54-31f131b85e8a,
31ccdaab-89a5-4ba2-bab7-0c972539bfe2,35e4aa6e-7f82-4578-8dfe-cccf26afef86,31bd65ad-57d0-45eb-b0aa-395d7419f6ff,
2506ef8d-f899-41e8-8dd0-e1cc14892074,35e4aa6e-7f82-4578-8dfe-cccf26afef86,31c7bd4b-abb8-4267-9f05-9cca61433302,
e192d926-8e46-41c8-aeea-7482b6c98735,35e4aa6e-7f82-4578-8dfe-cccf26afef86,31fef8b4-e05b-41c9-9434-2ef2c02333bd,
2892bee9-0c03-40dc-8fb1-1778fc949f0b,35e4aa6e-7f82-4578-8dfe-cccf26afef86,327c07f8-4f97-4ff7-a977-22cedd9a896b,
63b251db-e14a-4c71-a153-994fcf9887ca,35e4aa6e-7f82-4578-8dfe-cccf26afef86,32d4c93b-f8e2-400b-957a-b23472bb83f5,
e55fdcca-82bc-4e0e-bb92-150d9a758b2a,35e4aa6e-7f82-4578-8dfe-cccf26afef86,32fed73c-e610-4221-8fa0-b5b70ad3b929,
fbb677aa-cb49-44ad-886d-0d0c2ae01c48,35e4aa6e-7f82-4578-8dfe-cccf26afef86,33137c69-8083-413c-9e68-e7d5c07a5e79,
3b7f9682-37b7-4bc9-a2aa-59f10c04075f,35e4aa6e-7f82-4578-8dfe-cccf26afef86,33c46690-ef13-4974-9776-50530cdd068c,
6989a143-fa7d-43c5-86ef-c0b28b8c18b5,35e4aa6e-7f82-4578-8dfe-cccf26afef86,340aeeb6-4c5d-46a7-ae57-fb9e33275712,
5c95c67a-7840-4603-8d84-510d1096b95a,35e4aa6e-7f82-4578-8dfe-cccf26afef86,34778646-a2ae-4a71-99de-849c13134041,
4b06a4f5-c8e7-4ad6-aa3d-bd2a005c5640,35e4aa6e-7f82-4578-8dfe-cccf26afef86,34eac536-827d-4b1a-a9ef-af95bdd48687,
0c47f9d7-3cab-4d02-b928-c3bbeef7d309,35e4aa6e-7f82-4578-8dfe-cccf26afef86,34ef164f-00f2-41f4-86bb-863dcec3a315,
68b44564-5804-4c37-b305-714c65df5e1d,35e4aa6e-7f82-4578-8dfe-cccf26afef86,353f509d-84f4-4f4e-b196-cd0b17ed66e2,
2a44c976-5687-49d4-9009-104daee1bc66,35e4aa6e-7f82-4578-8dfe-cccf26afef86,35b0a268-f8e9-4525-ba7d-e8ee5e0af9fe,
f6c5a3b0-32e8-49a0-a284-b26a68171f5b,35e4aa6e-7f82-4578-8dfe-cccf26afef86,35b12918-73a3-4e02-b4d8-23d71058d2fa,
66fa9df2-84b2-4a1b-ae01-9f4d468e3a22,35e4aa6e-7f82-4578-8dfe-cccf26afef86,35e63cfa-1da1-4d24-a793-8545305a27b4,
78f27835-26ea-413f-82db-3a96b88ba3b6,35e4aa6e-7f82-4578-8dfe-cccf26afef86,36163df1-8453-4fa1-b139-75cf9241dbda,
e849006a-5618-4bd4-bb5b-18650a6efbb4,35e4aa6e-7f82-4578-8dfe-cccf26afef86,3671ed1e-468b-4cd7-8c6c-1f2c0cfb15a1,
7cc04a43-c58f-49a4-b3b2-fbd048e71ee5,35e4aa6e-7f82-4578-8dfe-cccf26afef86,36d58f7a-f661-4a5f-bffc-42f6cba6d65c,
4f82332d-41d5-4f4e-b280-485fe48881c7,35e4aa6e-7f82-4578-8dfe-cccf26afef86,3773db47-f335-4b64-836c-f87d17306bce,
a63bddfa-aaf4-47dd-8d92-4e7a7f911f07,35e4aa6e-7f82-4578-8dfe-cccf26afef86,3809fec3-cf25-4462-8218-9a6a51d9d575,
5fd69198-680a-4c0b-83c4-904fc9b1630f,35e4aa6e-7f82-4578-8dfe-cccf26afef86,383d26ad-8a85-4167-a002-2ea2f624dba4,
f0c73101-04a6-4a2c-9e8d-f2ead26c9ab9,35e4aa6e-7f82-4578-8dfe-cccf26afef86,385fc61f-3620-473e-ba6f-cfbf39e9ff69,
ca694579-06da-41bc-938b-026bab9ea5e4,35e4aa6e-7f82-4578-8dfe-cccf26afef86,38a199a6-d69f-4c7a-8720-715412a68d76,
f681d7b9-9e47-4fcf-aa8e-aed3b172707f,35e4aa6e-7f82-4578-8dfe-cccf26afef86,397f3d14-684a-4d96-8844-828af861de93,
0b0a5d7f-96ab-44b5-9999-8d2252d78ba1,35e4aa6e-7f82-4578-8dfe-cccf26afef86,3b76006c-5690-4be2-b0c1-5ce5028c60d7,
46f6052b-6a92-4c70-b155-9e48e42ef522,35e4aa6e-7f82-4578-8dfe-cccf26afef86,3c779b6e-e1c9-40ce-aa62-e487727bcaf2,
46337458-a5b3-476a-89d1-0f1736216782,35e4aa6e-7f82-4578-8dfe-cccf26afef86,3c7b8ede-8cdb-49b0-b1a5-6cd10a0e1f91,
43263b1d-ff85-4cf5-b040-9cc04330fe2f,35e4aa6e-7f82-4578-8dfe-cccf26afef86,3d21a58e-fbe3-4569-95e2-1c8c2a59dca4,
9bc5c474-01b0-454e-adf2-0fa2585b761d,35e4aa6e-7f82-4578-8dfe-cccf26afef86,3d56cf5a-1d70-4a85-9e19-ff1553fb408b,
cbecfdba-0c7d-4c7f-a2f3-4457541a29b7,35e4aa6e-7f82-4578-8dfe-cccf26afef86,3e5a487e-f4c8-4ed5-a8ca-30e6d2555fd5,
a1c839f5-b939-4e4b-a77c-ab61e80b04dc,35e4aa6e-7f82-4578-8dfe-cccf26afef86,3eb616d6-9776-4778-9f14-31cc8ec44e5d,
0052f671-0060-4aba-953d-b99e20e182b1,35e4aa6e-7f82-4578-8dfe-cccf26afef86,3f406138-e136-4e9d-9a15-7170486e7379,
2ef309a6-08dd-41b3-9e97-63089b5c80c2,35e4aa6e-7f82-4578-8dfe-cccf26afef86,3f899b1b-f5fe-4cb5-8ad5-5866d1df07f1,
f480e15b-8b75-4a80-81ca-0de0d752a8d7,35e4aa6e-7f82-4578-8dfe-cccf26afef86,3fb67c8c-0d98-4fc6-894e-e0339e352ded,
1ab4c5e4-d4db-4674-aac7-1dfbae593411,35e4aa6e-7f82-4578-8dfe-cccf26afef86,41648b10-9626-4f08-a3ab-997e3bd07e49,
0d4b30bf-585d-4b86-a161-958bcbc11298,35e4aa6e-7f82-4578-8dfe-cccf26afef86,417451b5-dddf-45d1-a0a4-86c38324ff1e,
cc8a2c04-03b3-4b1e-b148-6a89b20c216d,35e4aa6e-7f82-4578-8dfe-cccf26afef86,42269e3f-31c0-4533-892f-2fdee21a775f,
80399016-f149-4635-926a-8c31555d0664,35e4aa6e-7f82-4578-8dfe-cccf26afef86,426ddef5-6c6a-4b99-b17f-850202e07bf2,
6cd1e42a-bc4f-41f6-8b92-fd88d515674b,35e4aa6e-7f82-4578-8dfe-cccf26afef86,428e8abe-0e59-44c4-a014-758883c55b90,
c84fecba-0117-4ede-8f5e-fe6283efcbb7,35e4aa6e-7f82-4578-8dfe-cccf26afef86,428f3a51-55fe-429e-bab7-1872b2326e66,
1fe8323c-1d33-464e-afce-d2ff97efbf2c,35e4aa6e-7f82-4578-8dfe-cccf26afef86,42fec048-f302-4f0b-a903-b32e9671bd18,
2a9742ea-5063-408f-af4e-c742349eb8ec,35e4aa6e-7f82-4578-8dfe-cccf26afef86,43191434-10d7-4c07-8420-772412b8f73f,
d44253ec-588a-49d4-aa3c-0ec13743cdb8,35e4aa6e-7f82-4578-8dfe-cccf26afef86,448810f5-cc28-4205-bf0b-c3dc10caef2d,
b0148aff-c1bc-430d-88e8-09b4d71b6b14,35e4aa6e-7f82-4578-8dfe-cccf26afef86,4492b25f-9061-4250-ba9d-8960f4b18dbf,
1f6851cf-5670-493c-9835-ed40742a2185,35e4aa6e-7f82-4578-8dfe-cccf26afef86,459e3568-69d6-404b-95a6-ac2cc3739525,
9a9bf7da-7956-4823-9534-e35897931ae6,35e4aa6e-7f82-4578-8dfe-cccf26afef86,46813241-a55e-4937-86b9-4ee4336b29e4,
6fc0c220-04e8-4608-a293-eb62dc931ca0,35e4aa6e-7f82-4578-8dfe-cccf26afef86,46848dce-01a3-4ba6-a7bb-a733baa89dad,
d6f1514e-183e-40aa-a681-666d36001fac,35e4aa6e-7f82-4578-8dfe-cccf26afef86,47745516-9942-4e6d-bace-450df2072d11,
5d9b0bcd-e349-4ad0-8ebb-d337324283fe,35e4aa6e-7f82-4578-8dfe-cccf26afef86,47b27839-c2c1-408d-907b-f36b247108ea,
824f8a6e-511e-49ac-a273-b6c3cf484f4d,35e4aa6e-7f82-4578-8dfe-cccf26afef86,49b10448-b60f-452d-be6c-d893c563892e,
8d897d4f-41c1-4e77-8548-35ad55bc92d0,35e4aa6e-7f82-4578-8dfe-cccf26afef86,49d507de-8d1f-4cc7-8623-4d270ff2919c,
5aab37a4-bc74-475e-bac7-4addfeeb215f,35e4aa6e-7f82-4578-8dfe-cccf26afef86,4ab92ef3-e7fd-4df0-8f0c-dbbd188effd3,
0110c68a-b49a-40ac-a4ec-2759f927f620,35e4aa6e-7f82-4578-8dfe-cccf26afef86,4ab97774-9f55-4027-bde1-b9d6b740930d,
efebab26-7833-48f6-bc52-67c207d22df7,35e4aa6e-7f82-4578-8dfe-cccf26afef86,4adce0b9-935f-4ab5-9166-c8d5ca0058e3,
4926ba4c-bb1f-4618-835d-70bb72a081bc,35e4aa6e-7f82-4578-8dfe-cccf26afef86,4b6a1930-0013-4b10-a543-1ad508297d01,
ba468bed-ff9f-4a73-9c19-ebff5688814c,35e4aa6e-7f82-4578-8dfe-cccf26afef86,4b7a4ded-b4dd-48d9-a7de-5f4b6f9a03cf,
c75f11b0-46b9-4dc9-ae11-2e9b38b7ae85,35e4aa6e-7f82-4578-8dfe-cccf26afef86,4bc48d3d-7472-4194-abe1-af88bf3623a3,
d537e443-f35e-4e8a-98b1-3d63606e9026,35e4aa6e-7f82-4578-8dfe-cccf26afef86,4c416405-7690-449b-bbaa-2227d1ebb8d2,
441f0f91-da80-4281-bfa2-42450073dc5f,35e4aa6e-7f82-4578-8dfe-cccf26afef86,4ca50dea-947f-4629-9f12-e45a66728b80,
f716ee37-755f-4cca-8999-33ec12c7c430,35e4aa6e-7f82-4578-8dfe-cccf26afef86,4d7211de-4edc-440a-9935-efc248a46f34,
6d961384-a206-434b-be93-8c2a987dd893,35e4aa6e-7f82-4578-8dfe-cccf26afef86,4da39877-00b0-43d7-add1-a7e9e6d89d5d,
4b0b5dd5-c738-4d8b-8067-4731550b8eaf,35e4aa6e-7f82-4578-8dfe-cccf26afef86,4dab0eaa-edb3-448a-97a9-fa6adf2526e7,
5aad47d1-94c0-49a0-95d1-5bdb3719624b,35e4aa6e-7f82-4578-8dfe-cccf26afef86,4db70148-c7c6-4e35-9221-c6e74990297b,
4518ca98-baef-4432-903a-1af03a25f341,35e4aa6e-7f82-4578-8dfe-cccf26afef86,4e112e4e-5869-40f5-9f9d-16f665565e53,
cdc8b33f-53a5-4d64-ad90-1dff3db813fc,35e4aa6e-7f82-4578-8dfe-cccf26afef86,4e51b657-cbc7-47a3-b208-d70cf93136de,
0405b7b9-4a3f-457c-9fea-059c0a6064b3,35e4aa6e-7f82-4578-8dfe-cccf26afef86,4e6cbb28-78ff-42a7-9151-09ba759ea8a4,
04a93215-0309-41dc-880f-85c92aec1b27,35e4aa6e-7f82-4578-8dfe-cccf26afef86,4fdc9d34-a2da-4387-9395-fccb33d21914,
79864487-038f-40af-94e1-c7fe10fca950,35e4aa6e-7f82-4578-8dfe-cccf26afef86,51fc8b1a-864b-42de-b295-1c3849c2650d,
c3239aa9-a4a3-4937-a55b-d0f7548af242,35e4aa6e-7f82-4578-8dfe-cccf26afef86,522bf0eb-abde-4511-9727-6c15508b3fc8,
dbc624c1-3830-4cf8-818b-63369e3712f7,35e4aa6e-7f82-4578-8dfe-cccf26afef86,526d92e4-0445-46a2-8d7d-aa9a2072055f,
2a5d00f0-6ca0-4b19-a065-d68b4aa1a756,35e4aa6e-7f82-4578-8dfe-cccf26afef86,52a732fe-0460-4adb-bfb9-ef13d04ed80c,
acff57d0-3eb5-4863-aee1-0cb61476ef7d,35e4aa6e-7f82-4578-8dfe-cccf26afef86,52ff9c7a-47d1-4111-9266-c1328bed370c,
500f894b-5c0a-4c2c-9505-0e417e89c231,35e4aa6e-7f82-4578-8dfe-cccf26afef86,5383909a-b359-4485-a735-2329b3e51d08,
10219725-2014-4c9a-8ad9-db28c51176c9,35e4aa6e-7f82-4578-8dfe-cccf26afef86,54cdcb76-f1c5-4484-b347-ac1e2c82861d,
3aa191be-4185-4aca-b3f2-8b19b9dff82f,35e4aa6e-7f82-4578-8dfe-cccf26afef86,54d631d5-e2b3-4343-866b-bd2bdca8a978,
94f663ad-1d98-40a6-a020-d6816e89016f,35e4aa6e-7f82-4578-8dfe-cccf26afef86,55b491ad-d49b-4d4b-934e-07ad5b73e0e5,
b666a0ad-3359-43af-81b7-e410d66ffb98,35e4aa6e-7f82-4578-8dfe-cccf26afef86,55c4c385-69cc-4f86-ac99-7d14f3112d2e,
3c725b83-ecd0-4339-8aae-063b8acdf540,35e4aa6e-7f82-4578-8dfe-cccf26afef86,56195d00-dd74-4c51-a846-351a97bd8ad5,
701bceda-525e-46be-ac7e-d74fc09abd69,35e4aa6e-7f82-4578-8dfe-cccf26afef86,5651b2f4-c8c1-4bf9-935c-5942fec0461b,
5ced6dea-79be-407d-b70d-e0eda637a000,35e4aa6e-7f82-4578-8dfe-cccf26afef86,57608be8-fef7-40d5-87f4-dd985a67fd37,
3fa0074d-457b-4ada-a83c-3e4ab7454f09,35e4aa6e-7f82-4578-8dfe-cccf26afef86,59e7e460-2317-4196-80b4-ccbf604705e5,
4401824e-ec43-4399-8d33-92d23d55b827,35e4aa6e-7f82-4578-8dfe-cccf26afef86,5a056c43-0b71-4caa-a827-1ac11eb0fea8,
70ffbdba-50fd-4634-8644-3012ed5c9f1f,35e4aa6e-7f82-4578-8dfe-cccf26afef86,5bc81f54-9df6-4eff-b776-d885a0f73345,
d79b9d0d-e3dd-457f-ab79-82c2689454d6,35e4aa6e-7f82-4578-8dfe-cccf26afef86,5bfa3405-ae65-4c5e-a27a-46021f2b2d88,
bc83c8f3-02da-4079-9eee-8954290c794a,35e4aa6e-7f82-4578-8dfe-cccf26afef86,5c12bf2d-8ada-4a22-962a-ebe26f56b330,
20b21093-2e43-431b-96af-e097d4ccb1cc,35e4aa6e-7f82-4578-8dfe-cccf26afef86,5c4f1569-fb2f-406b-bd39-3f30df73c40a,
dda9aa6f-b11f-480f-9b44-0d789c56dad5,35e4aa6e-7f82-4578-8dfe-cccf26afef86,5c7f5afe-4efa-448c-b5c0-c10afcc50317,
ff0a9419-68e8-4038-a06b-b213dff3b9d4,35e4aa6e-7f82-4578-8dfe-cccf26afef86,5ca6b548-2cb4-470b-a2be-9cd205289235,
2feb2b47-0f49-4511-9042-dd3b5fb04832,35e4aa6e-7f82-4578-8dfe-cccf26afef86,5d0a1dbb-5351-4462-9e9e-beeebd70f4f4,
26d51caf-ed05-4ef1-84fd-16d2fc33859b,35e4aa6e-7f82-4578-8dfe-cccf26afef86,5d5f0dfe-58d2-4249-81cc-713ed5c73f32,
44d7f9f0-7471-428d-9012-c17a99a90f10,35e4aa6e-7f82-4578-8dfe-cccf26afef86,5e839eb7-91fb-426f-8bf6-d5ba0e5b46d9,
134320c3-bfb5-43c4-ba02-cd8ccae1bd58,35e4aa6e-7f82-4578-8dfe-cccf26afef86,5f929c92-aa2d-4367-b8fe-ccc637f7b803,
e1c799f9-6f68-4338-8a91-928783e8ecbe,35e4aa6e-7f82-4578-8dfe-cccf26afef86,60788dd3-7ff6-4791-aa4b-c59f75858299,
5bc6a68b-c03c-4420-9213-9bf0b50a7b9f,35e4aa6e-7f82-4578-8dfe-cccf26afef86,6081981b-2d85-4173-8366-bd235409f7fe,
20646c10-f22c-4e1a-a26d-570412ffb377,35e4aa6e-7f82-4578-8dfe-cccf26afef86,60f7c60e-be2c-42c4-b2b8-fb82248435cd,
f28b9bce-2a00-4fb1-a84c-b4dca133460f,35e4aa6e-7f82-4578-8dfe-cccf26afef86,60fb1a3d-7ecf-4e07-bcee-41cb0b7cd34a,
0adf5670-d1e8-4585-97b8-3f6eaa4353f4,35e4aa6e-7f82-4578-8dfe-cccf26afef86,618ad0dc-baeb-4897-8c22-2096f0379db6,
482427af-23fc-4eaf-a460-840bc3be8ba1,35e4aa6e-7f82-4578-8dfe-cccf26afef86,6203c17b-f9dd-431c-8017-a167314cc85b,
e358c324-f26f-4ae1-b02d-f207e1074cb0,35e4aa6e-7f82-4578-8dfe-cccf26afef86,6266bdde-7a80-4c65-858e-edc11f4c243e,
1ebc8b55-cd52-490d-91f5-011d4d8ffad3,35e4aa6e-7f82-4578-8dfe-cccf26afef86,63f41f98-2108-494b-8b3c-44e5c70fc8b4,
b5a4ba5b-a7f6-4455-a30f-b56a53adc242,35e4aa6e-7f82-4578-8dfe-cccf26afef86,64361ef6-c8c5-4647-9d19-7b6c017afc16,
d3aad68b-19fe-445a-a603-bccdcd50cda8,35e4aa6e-7f82-4578-8dfe-cccf26afef86,6439a6bc-f907-4dff-a4a1-3aeec2c172e9,
44697743-4a53-48fb-9baf-e105dbabf07e,35e4aa6e-7f82-4578-8dfe-cccf26afef86,6488c691-001e-4ebf-b34b-a3fd974111b7,
faedffba-6dbb-469b-b89a-fa215e661a66,35e4aa6e-7f82-4578-8dfe-cccf26afef86,64c7531b-4abf-42d6-897d-cafa5f24b802,
a115e843-72c5-4416-ba8e-88cfa8e54823,35e4aa6e-7f82-4578-8dfe-cccf26afef86,64f3a601-9612-400d-89ae-ce5d1476b87b,
2cd79be4-34c9-4a0b-83b6-34ffd1dec98b,35e4aa6e-7f82-4578-8dfe-cccf26afef86,65bcf67c-737f-469f-95b9-113772e5aa7b,
7bba7f56-ca7a-42b5-95fe-9475972c5117,35e4aa6e-7f82-4578-8dfe-cccf26afef86,66ecc53d-8364-44f7-8de6-969cb13b1688,
901aed61-be23-48a9-a073-4b0ea0c6d024,35e4aa6e-7f82-4578-8dfe-cccf26afef86,67397f4d-53bc-4e60-a611-00b332e75daf,
01eb6eaf-8c3d-4186-8bea-a7629b0a2565,35e4aa6e-7f82-4578-8dfe-cccf26afef86,67806afc-f3f1-459c-8cf0-4cf4ab00bfd9,
3487f7b9-eb72-4d07-bbd3-38d9d9a00269,35e4aa6e-7f82-4578-8dfe-cccf26afef86,68752565-bd80-41d1-9df7-4fc05bb13d51,
6ef7db0e-61e2-45a6-8c69-30ca83c4dffb,35e4aa6e-7f82-4578-8dfe-cccf26afef86,68974078-aa01-49f5-adf4-2c63c30b5645,
78f2d594-a90e-4466-8b06-7d4534a822a0,35e4aa6e-7f82-4578-8dfe-cccf26afef86,69a14764-b5d4-4794-876e-e07884e772ef,
b955f142-b8a2-488d-abcc-27349e77435c,35e4aa6e-7f82-4578-8dfe-cccf26afef86,69ef1d0f-9e40-435a-b220-1e2be1f0cdd6,
3099cc72-dab4-424f-a2f0-ee307f1538b3,35e4aa6e-7f82-4578-8dfe-cccf26afef86,6a538eb2-559a-43a0-81ed-306c2060dcfb,
6c7bcb9a-6056-4d15-b140-cfb1cc2387d8,35e4aa6e-7f82-4578-8dfe-cccf26afef86,6a7fb789-9128-4b32-8abf-bf1cbae5a136,
f1bc2360-0adb-471d-a989-296c0044cc04,35e4aa6e-7f82-4578-8dfe-cccf26afef86,6ae9a542-050f-4a5d-a7f1-18ca02d0bdc6,
5689691f-37c2-475f-8284-4af5a54ba1a0,35e4aa6e-7f82-4578-8dfe-cccf26afef86,6c70314d-0a22-433c-812a-192d964267df,
02329398-3037-400f-ab43-ad79ba6e81dc,35e4aa6e-7f82-4578-8dfe-cccf26afef86,6cdc44d3-a509-4111-88cc-8a649d7872b6,
647bd90c-a48f-461b-a6ed-5a7dfb31c2ac,35e4aa6e-7f82-4578-8dfe-cccf26afef86,6dc0ae7d-603c-4b21-858e-7470285b7de4,
84f9113a-3321-48cf-a796-40f7c802c9d4,35e4aa6e-7f82-4578-8dfe-cccf26afef86,6e1bc1a3-3ce7-4bc1-91ab-3e0533715731,
e7ef810a-89f9-4e9e-aefe-ca43810f7752,35e4aa6e-7f82-4578-8dfe-cccf26afef86,6e50752b-d15f-4daa-aefd-dfd4d9a4f67e,
2206b0f7-9ec4-48d6-90f1-d8a628d91b15,35e4aa6e-7f82-4578-8dfe-cccf26afef86,6e51945b-f4a3-4814-8b87-e56d20b15460,
023508fa-0329-405b-b6f4-c36303c5d4fb,35e4aa6e-7f82-4578-8dfe-cccf26afef86,6e705885-c1ef-406b-919f-de24b398362b,
af59e5f3-aefa-4746-88e4-5ffc37a94b84,35e4aa6e-7f82-4578-8dfe-cccf26afef86,6e7f9c9b-9ee2-4454-9230-61c0b526573d,
aac91972-ddd4-4786-a0df-527a42b6f759,35e4aa6e-7f82-4578-8dfe-cccf26afef86,6f7a782b-3f95-48f3-876c-a8d41d3f38fa,
caddae60-4b5a-4bd5-90da-d6d4d6d544f6,35e4aa6e-7f82-4578-8dfe-cccf26afef86,6ff546d5-9af5-4564-b07c-701952221cb0,
4adb1927-83cf-449b-ac51-c221d297d35d,35e4aa6e-7f82-4578-8dfe-cccf26afef86,7048d84f-dc74-4071-babb-ce9436e69806,
51ff09f7-43ee-434e-acfe-9b2ca0e600ad,35e4aa6e-7f82-4578-8dfe-cccf26afef86,707734b0-7fe3-44da-93da-151c0da4d8cc,
9c807135-5416-47e3-b368-c50cea41b55e,35e4aa6e-7f82-4578-8dfe-cccf26afef86,71f9b8e7-c24e-4c17-8a60-cb54da491462,
c5b12f7f-f5d6-4521-bd41-9ada4eec8c23,35e4aa6e-7f82-4578-8dfe-cccf26afef86,72b6e211-c7ab-4d90-b226-a74559b0217a,
f8faaf65-67e0-485a-a556-3079622e8730,35e4aa6e-7f82-4578-8dfe-cccf26afef86,72cd4b64-80c1-4c8e-b035-27836c05b457,
6199958c-a234-47f3-8fca-2d5a68e30f79,35e4aa6e-7f82-4578-8dfe-cccf26afef86,733dde98-9330-4957-93ad-5f8c307b217b,
cbe87c65-860a-41c8-a75f-37713927c6c8,35e4aa6e-7f82-4578-8dfe-cccf26afef86,74065e69-8c6e-4e33-8c2b-987ff4b9a36c,
8e4ba34a-673d-4f37-a4cd-656efc9164fd,35e4aa6e-7f82-4578-8dfe-cccf26afef86,741f8f29-0938-48f3-a5ee-0a9b2419aaac,
753a0b9b-77eb-4119-868d-6c1728263fcf,35e4aa6e-7f82-4578-8dfe-cccf26afef86,74754866-75e1-468b-9ea4-6f2ed62488cf,
1107cd1e-55ee-4f09-983a-f7eea510b814,35e4aa6e-7f82-4578-8dfe-cccf26afef86,74a24118-ab83-4ddc-8190-8df45bd04b99,
0b70db9a-7d55-402e-84bf-941e16f281aa,35e4aa6e-7f82-4578-8dfe-cccf26afef86,75a9a371-5cff-4f15-af2a-b348e32748b4,
1548d7d3-07a2-4af8-a4be-33b8a2084836,35e4aa6e-7f82-4578-8dfe-cccf26afef86,76539ff5-12f7-480e-8e47-5a6e52646fc7,
d81b9d09-c26a-4f3e-aeec-9bb22bce9898,35e4aa6e-7f82-4578-8dfe-cccf26afef86,771372f2-2937-4fe6-acb6-35a21b6c4800,
3437d46f-510c-42e6-93ee-60e6046f0811,35e4aa6e-7f82-4578-8dfe-cccf26afef86,773eb640-0fe1-4644-b8ad-44d3513a1807,
c2dd9d68-22e9-4b6f-9121-64a7d5e6b3ca,35e4aa6e-7f82-4578-8dfe-cccf26afef86,7747a246-01f8-47ec-8bdc-0586de81cfb6,
a0d90d61-f464-4c8f-a008-0a16d16acdb7,35e4aa6e-7f82-4578-8dfe-cccf26afef86,77498969-7535-4855-aa92-0acfcaef6653,
fa62a233-f09f-4337-ae51-9d0095a2baa6,35e4aa6e-7f82-4578-8dfe-cccf26afef86,7822c09b-c26f-4ed4-a028-df33917e9a92,
fb292ee1-c7ac-45dd-8eb5-55bc3ee97eaf,35e4aa6e-7f82-4578-8dfe-cccf26afef86,786432ca-9c11-4941-a5eb-afd816d06f35,
1df84686-1393-4b37-b268-e9aa55de6265,35e4aa6e-7f82-4578-8dfe-cccf26afef86,79396cbb-de50-47f4-b873-49ca404a23f1,
9dc57ecf-3f90-42e7-99a3-98334a617584,35e4aa6e-7f82-4578-8dfe-cccf26afef86,79afb0e2-f053-4b8a-a95d-0e195fb4dfa3,
931537a5-ee89-4ef7-8ea4-768b558c5330,35e4aa6e-7f82-4578-8dfe-cccf26afef86,79b19ecb-27cf-49b2-a0af-e3e35a353792,
27b5d4e3-3790-4049-9803-eb90fc1d69ae,35e4aa6e-7f82-4578-8dfe-cccf26afef86,7a0833d9-40a5-446f-9c65-a2ac810f77ed,
6715a812-bacf-478e-bb3f-cc627e1f910a,35e4aa6e-7f82-4578-8dfe-cccf26afef86,7a60e1c3-d599-45ef-87de-eb876c6dd01b,
5ca50fbf-9ce5-4e7e-99e7-cc0bf2bedd34,35e4aa6e-7f82-4578-8dfe-cccf26afef86,7b216bc4-ffc3-4f77-b5f6-31ece86914df,
1e6f0ec8-6cd8-4075-8884-3c18e2bad69a,35e4aa6e-7f82-4578-8dfe-cccf26afef86,7b2607e5-3e94-404e-b5df-474e2b7871f8,
4cb78257-dbca-43ea-a499-399b7f5c8574,35e4aa6e-7f82-4578-8dfe-cccf26afef86,7b87824f-103c-428b-b39a-38e12897a543,
189f4b2e-b304-4f13-8bfd-4ffddc7f40b3,35e4aa6e-7f82-4578-8dfe-cccf26afef86,7c21b588-cb7d-45a9-8dbb-5e0e599261b2,
a6eaf2a7-b539-411d-b1b6-385ae31e1a27,35e4aa6e-7f82-4578-8dfe-cccf26afef86,7c47af6f-902d-4099-8468-b9abc76b8a13,
2205d321-51af-41a9-a35c-ce9bc5ed899b,35e4aa6e-7f82-4578-8dfe-cccf26afef86,7c7b7685-049d-426e-afb9-4c017acd1f8e,
d8d1d554-d90f-4d7d-9155-93a5ac961774,35e4aa6e-7f82-4578-8dfe-cccf26afef86,7cddd591-7676-4e2e-aec4-5407195d6443,
bde1f0a8-3fe1-4c07-abfa-01e8a16d3bd5,35e4aa6e-7f82-4578-8dfe-cccf26afef86,7d449651-fc36-44fe-99d4-6de329bfe29a,
80e847be-7089-4c50-8e78-fdeb112f29b4,35e4aa6e-7f82-4578-8dfe-cccf26afef86,7e0cfe12-1fe5-4663-8f99-ac3866fbb2f5,
34ac130d-7213-4bd6-9c59-fa4df9bd6b43,35e4aa6e-7f82-4578-8dfe-cccf26afef86,7edc25f2-86fa-47c1-95a1-d8172e583e3d,
2e56324b-b001-4b78-b107-55f2d24923ef,35e4aa6e-7f82-4578-8dfe-cccf26afef86,802996c7-e10e-4109-bb41-201a3483e4c5,
2eb69fde-9b8f-4002-9773-d13466a3f283,35e4aa6e-7f82-4578-8dfe-cccf26afef86,8089d11e-3947-4953-bbae-811f78837c6b,
c2c3fe14-5222-4e82-ae43-0f31e3874807,35e4aa6e-7f82-4578-8dfe-cccf26afef86,80ef999b-0948-462c-bffd-e6e36de0bf90,
c0fd691f-1865-4f3d-acf1-41acb0190304,35e4aa6e-7f82-4578-8dfe-cccf26afef86,81155453-93b7-49f8-878c-7db47bfea728,
04c49810-9151-4984-bcd9-bd81e46d230b,35e4aa6e-7f82-4578-8dfe-cccf26afef86,81a90c4c-2354-4838-891b-8630a303944b,
04d5de06-c6cb-47d6-a386-c8038817244e,35e4aa6e-7f82-4578-8dfe-cccf26afef86,81d2f6ae-e6ee-4171-be14-1ba97eeec7a4,
925a2a24-1e80-41e6-9b9b-8d9dc3869fa2,35e4aa6e-7f82-4578-8dfe-cccf26afef86,821f7c8e-7c51-4f4f-9872-34df3a8045a2,
4faddf50-7af0-4575-a079-1917fd1f0456,35e4aa6e-7f82-4578-8dfe-cccf26afef86,8275fb5d-415d-4699-8512-9c28bbe122e3,
5abe6c42-ae07-44fa-91b2-1898d68d8b82,35e4aa6e-7f82-4578-8dfe-cccf26afef86,82db865d-9651-415c-a568-94561e0c04a3,
46e75f47-3a27-4788-8c0d-0b6dd573c727,35e4aa6e-7f82-4578-8dfe-cccf26afef86,83bed171-e9e5-4fcf-b3a3-6f1ae36739f4,
cfd32e26-3765-44b3-9bce-2cc872d34802,35e4aa6e-7f82-4578-8dfe-cccf26afef86,84ef7ad4-8c1b-46ac-9b47-5aade820002b,
b2e58097-77d3-4dc5-b251-81b226a3b235,35e4aa6e-7f82-4578-8dfe-cccf26afef86,851a8459-444f-480d-ad3c-e827fbd5f9cf,
3bd37d79-3d83-43d1-90d9-62fcdcae6ec6,35e4aa6e-7f82-4578-8dfe-cccf26afef86,8570f7ce-0587-4f54-acbb-99effa4210bd,
2d482651-3c24-4935-babd-fc3f2ea4ce17,35e4aa6e-7f82-4578-8dfe-cccf26afef86,85824244-32e1-4ea1-828e-90e19d9020ca,
d9e4cb72-9a4c-40a6-b174-679a479ce673,35e4aa6e-7f82-4578-8dfe-cccf26afef86,85eb8989-5b14-419e-b4c0-12506d85b6ce,
eec5517b-c533-4ca3-861e-42d519f2f593,35e4aa6e-7f82-4578-8dfe-cccf26afef86,8712677e-1f1b-4d21-b261-c3385b064d57,
a8574e01-445e-4dbc-8fb4-661dec4ad66a,35e4aa6e-7f82-4578-8dfe-cccf26afef86,87654eb4-a12a-45a5-b213-82cf7b5f9aa3,
ca8aa194-e439-4239-834b-f31bd8fdc002,35e4aa6e-7f82-4578-8dfe-cccf26afef86,87783430-82e7-4d44-b037-00c9fdadf50b,
9b6bf801-8477-4b0e-a7b9-2e81aed589b4,35e4aa6e-7f82-4578-8dfe-cccf26afef86,879409ee-10f6-4f5b-9be9-c57f28ab6a06,
fe4b730d-7afe-4cd2-b9ec-ecea53e3b7ba,35e4aa6e-7f82-4578-8dfe-cccf26afef86,880d97e2-aedc-4354-ac4b-51f9f71e0db4,
6e685bd3-a8cd-456a-9bf5-434821329daa,35e4aa6e-7f82-4578-8dfe-cccf26afef86,880f663a-af7d-4f95-b4d2-72c7a00f94ad,
5a82be18-e2ef-4f79-92c4-5c46232c9a0c,35e4aa6e-7f82-4578-8dfe-cccf26afef86,89d1d0d1-fd34-4ecb-bcc6-ca99db85969e,
631beded-8855-449c-aad0-5dbbfe9f50ee,35e4aa6e-7f82-4578-8dfe-cccf26afef86,89dd3d4e-cb39-46ac-86e4-3e72c3da78e2,
8065e750-8aca-42d1-b95a-85b654566675,35e4aa6e-7f82-4578-8dfe-cccf26afef86,89defc47-f2a0-46a3-9908-9479b05eced2,
d6edd59f-4f39-4a25-8979-6b7a59dca75d,35e4aa6e-7f82-4578-8dfe-cccf26afef86,8a1e2bc8-9800-4eab-bcb5-07308923526d,
b6babbfb-dea4-4187-b5c4-b837c3d5bdad,35e4aa6e-7f82-4578-8dfe-cccf26afef86,8aac19ca-f14c-459c-8e33-28b98477e976,
4931d134-a549-4fe6-99ee-21455f36228b,35e4aa6e-7f82-4578-8dfe-cccf26afef86,8abe1d62-44e1-480a-abfe-d13a5b646cb1,
8c371a08-b126-4312-a79a-d2ea8bec55f6,35e4aa6e-7f82-4578-8dfe-cccf26afef86,8adaaafb-c7de-484b-b916-e0877f726b2d,
32de162e-9def-45d1-aca6-ba8022e34c92,35e4aa6e-7f82-4578-8dfe-cccf26afef86,8b0d8488-861d-4a37-9850-ba674c0c6bc8,
3acf169b-a94c-42af-ac60-bceb118fb58e,35e4aa6e-7f82-4578-8dfe-cccf26afef86,8c11b3e0-5ad8-4d23-9b35-e4e3a9f3006c,
f9054316-43fd-407c-82fb-2863107106bc,35e4aa6e-7f82-4578-8dfe-cccf26afef86,8c69d477-58b3-471c-960e-113021968b8f,
9bb357b8-e03f-4f2e-b89f-d9c1fe546279,35e4aa6e-7f82-4578-8dfe-cccf26afef86,8cb80650-a867-475e-95cd-e67387a0b925,
ed45a148-2e06-4d2d-a8a2-d840220cc0ef,35e4aa6e-7f82-4578-8dfe-cccf26afef86,8f35498c-fb51-49e1-9ea4-6b094366ea26,
63a4a69f-1c83-4f3e-bc48-7e1c9c997ba0,35e4aa6e-7f82-4578-8dfe-cccf26afef86,901425a2-a0f1-4d6b-9e9a-9567dcd89236,
8f53e0fc-529d-4a77-be07-cc690d7be878,35e4aa6e-7f82-4578-8dfe-cccf26afef86,904fe7bb-a492-43c9-ba67-677dcd5ef130,
f4a85505-96d0-4b7d-9dc9-c7f62fa1e45d,35e4aa6e-7f82-4578-8dfe-cccf26afef86,91b2b837-1ace-4522-a45e-88e7b28ae09a,
6f2c746f-8970-4d9b-bfc6-17cc65bbf084,35e4aa6e-7f82-4578-8dfe-cccf26afef86,920c90f5-4c11-4069-a067-f46fa9d1526b,
929c3751-f81a-48d2-99f4-003eee63b723,35e4aa6e-7f82-4578-8dfe-cccf26afef86,92a026b1-c989-403e-a877-24be888e9a28,
9e3f013d-a126-480d-a8b9-b7e19d755dc0,35e4aa6e-7f82-4578-8dfe-cccf26afef86,93152ca2-2236-404c-8f06-3280c4628dff,
23b3c313-2845-4c6d-b1cd-9ace946c75ed,35e4aa6e-7f82-4578-8dfe-cccf26afef86,93b0e880-1da5-4775-82d6-da9fa5d527b5,
e416376c-42ac-47d5-86f1-eae038e38887,35e4aa6e-7f82-4578-8dfe-cccf26afef86,94bcedaa-4744-4396-abb1-c579c4f00383,
34ab2d55-133a-42a9-b244-d16e0edd5b96,35e4aa6e-7f82-4578-8dfe-cccf26afef86,9525aac6-6131-4083-b6f5-cd2a6b3884dc,
61c5afb7-4a5f-4357-af9e-35a6b6a0b5a1,35e4aa6e-7f82-4578-8dfe-cccf26afef86,95359271-f2eb-4c9b-b0c4-e39a8bbcf823,
99d5f872-de95-4093-bb35-5f9b897794f2,35e4aa6e-7f82-4578-8dfe-cccf26afef86,95e9da5e-6939-4371-adeb-a74dc9ad6f78,
aa51344f-2e22-4a3e-acf3-48b662045669,35e4aa6e-7f82-4578-8dfe-cccf26afef86,960c30fa-56d4-4749-bccb-9ad340907678,
e5e7f823-1363-4655-853e-93b6a75ff2a0,35e4aa6e-7f82-4578-8dfe-cccf26afef86,965a188a-93b8-4465-acc1-b76db3d9850a,
481df525-4062-4f53-b6b3-e1003edf4a47,35e4aa6e-7f82-4578-8dfe-cccf26afef86,9667f99b-0cc6-4b37-ad79-e7c9e23ca10b,
59b26650-076b-4106-b8df-c417d2ffed34,35e4aa6e-7f82-4578-8dfe-cccf26afef86,96dbc704-1a43-4faa-b5b5-17986e1a0ada,
499cc8f8-a9cc-43a8-9190-4a2aadd482da,35e4aa6e-7f82-4578-8dfe-cccf26afef86,970baee2-e229-4bdb-903a-8e658e7d679b,
7046d279-3aac-4c0a-9e91-0b794adc4c1e,35e4aa6e-7f82-4578-8dfe-cccf26afef86,97551527-4b78-4e45-89fa-de38700b5abd,
e7e59868-2806-4708-aacb-87dfbec4f468,35e4aa6e-7f82-4578-8dfe-cccf26afef86,978f6556-fecb-43c6-b314-97a2b245f79e,
a0c57ac0-2f51-4dc3-9adc-e48a981c28b9,35e4aa6e-7f82-4578-8dfe-cccf26afef86,98416a7e-0e56-41e3-ab64-c60987f431e8,
4cce99fc-08ac-4f54-9f07-2503026415cd,35e4aa6e-7f82-4578-8dfe-cccf26afef86,98a07696-d7c5-4df3-a7c6-6a0f3f17e5ea,
277837ef-21c6-48f9-83df-b5ba5cc423ec,35e4aa6e-7f82-4578-8dfe-cccf26afef86,995f38a2-881e-4678-982d-8edf0cdf4a5f,
4ed48cf0-a265-4866-9752-1fbce832d13d,35e4aa6e-7f82-4578-8dfe-cccf26afef86,998e7c22-c85d-454a-a314-4d7fd7563740,
8bf07359-9347-43e8-b16b-ddef5e186c0c,35e4aa6e-7f82-4578-8dfe-cccf26afef86,99b04ec2-bb9f-4bb9-a8f4-7167a24f1016,
55de6532-0685-4645-ac92-9ca3fb3a0405,35e4aa6e-7f82-4578-8dfe-cccf26afef86,9a761a47-b851-4739-8a45-1ac5312180c5,
538e2d6d-e974-4867-941d-5e71133d92d2,35e4aa6e-7f82-4578-8dfe-cccf26afef86,9aa392d9-7591-418e-a75b-74ee94f9ebd8,
daa9ef32-c952-4fa7-a699-1a35215259c5,35e4aa6e-7f82-4578-8dfe-cccf26afef86,9ad2dee8-3813-4073-8fe6-ef3d455e207e,
59ce615c-4f13-4afd-b671-cc4a896d46c6,35e4aa6e-7f82-4578-8dfe-cccf26afef86,9b01daaf-9b8f-442b-a0a5-809ee9f14235,
ce2a29ff-717f-48a1-bf88-2facd8ac8f67,35e4aa6e-7f82-4578-8dfe-cccf26afef86,9b061616-ae00-4090-ae6b-f9f90022f7b5,
4dd2aeba-fd24-4d42-8031-71f9777d288a,35e4aa6e-7f82-4578-8dfe-cccf26afef86,9b1b2c51-de19-46a3-a39f-3fb95168031d,
ed6ea9e4-8d36-4258-8861-c45caee9ea8f,35e4aa6e-7f82-4578-8dfe-cccf26afef86,9b3488b8-f9a7-47e1-b8a7-af81c5353196,
dd608d72-4119-4d5c-8fb5-f33773063313,35e4aa6e-7f82-4578-8dfe-cccf26afef86,9b919100-da71-40bb-8db2-893a828804e2,
4f64b9cd-786b-4c2f-99ed-a26b1c80da75,35e4aa6e-7f82-4578-8dfe-cccf26afef86,9be026f7-ad8b-4087-be41-429750cb5447,
8c0b4d3f-efbf-4d00-b78c-bf3a3947c759,35e4aa6e-7f82-4578-8dfe-cccf26afef86,9c5b87f8-eece-40cd-9598-cb00caa09ee9,
927c2730-f8aa-4338-9bc0-c552448a0bf6,35e4aa6e-7f82-4578-8dfe-cccf26afef86,9c908932-74df-4fa3-b981-02f36c505609,
f8f8bbd9-313a-4bd2-ac7a-ad28ff91bc73,35e4aa6e-7f82-4578-8dfe-cccf26afef86,9cbf5a11-4b75-4ca7-93b9-3ce66ef5314f,
59915e18-0d17-4b3d-870a-e8fd5613bebb,35e4aa6e-7f82-4578-8dfe-cccf26afef86,9d6fb4ba-22c0-42c7-be3f-c80ac8e44956,
0330b1ea-9cbb-4912-a672-3caf51989653,35e4aa6e-7f82-4578-8dfe-cccf26afef86,9da927ae-530f-4184-a16e-aff0866d0951,
8c9eb572-03a1-49be-9f23-f28da1594bc3,35e4aa6e-7f82-4578-8dfe-cccf26afef86,9de7dbed-da24-4aa6-9157-57a175f6301d,
dfcd1e86-7668-4a8a-83ef-87ab0d2978fa,35e4aa6e-7f82-4578-8dfe-cccf26afef86,9e15c2b7-6a41-4085-853f-5feda5f5cc50,
9e81c079-2548-44a8-ab4b-561daf60e5ec,35e4aa6e-7f82-4578-8dfe-cccf26afef86,9e492e6e-5679-4e47-95de-2280d23f8642,
b90ad114-68b4-4b49-af94-46ffadb9ddc9,35e4aa6e-7f82-4578-8dfe-cccf26afef86,9e5b8b84-389c-43ba-9b60-4eb78c6f9de0,
e04e4774-ea82-425e-b01c-1b6ebe642cbd,35e4aa6e-7f82-4578-8dfe-cccf26afef86,9eec0924-15a1-4141-b65b-eac4ece5d93d,
030f0149-c4c6-4a31-a05b-9a5ff94987e1,35e4aa6e-7f82-4578-8dfe-cccf26afef86,9ef4dd04-1305-4a64-b7df-39e0d186763c,
f1240813-0601-45f9-98b6-e160fafbdf5f,35e4aa6e-7f82-4578-8dfe-cccf26afef86,a0d8ee3c-94f0-474b-b7a0-8846daceade3,
a480a685-6e02-4768-b449-aa6d7ebdfd2e,35e4aa6e-7f82-4578-8dfe-cccf26afef86,a21553cd-d714-4268-a924-ecb7ea23c736,
95920d21-a84e-4b6c-8a98-d08b36949a44,35e4aa6e-7f82-4578-8dfe-cccf26afef86,a24964aa-8ead-44a4-9e55-02dc12d7cc76,
1d111d3b-3d32-4a60-9f2e-e1222ac13262,35e4aa6e-7f82-4578-8dfe-cccf26afef86,a2a53c26-1397-4e37-a788-5f93566a7eaf,
f53fef22-42cd-4d75-b116-ac27719c4f03,35e4aa6e-7f82-4578-8dfe-cccf26afef86,a2ba2a36-1bdf-4429-af88-1a0f98bbcf90,
56f99115-7e00-4726-8a3b-b206f73bf957,35e4aa6e-7f82-4578-8dfe-cccf26afef86,a2e8ae4a-fe6a-4ecd-bcd9-2e555ec8f4f4,
d91521b0-d458-4ba4-8bee-de23718bdf95,35e4aa6e-7f82-4578-8dfe-cccf26afef86,a3fa14fd-117e-4b46-a28d-6bb96ef1705f,
2998b648-7f0e-4001-a574-6bec95021cb3,35e4aa6e-7f82-4578-8dfe-cccf26afef86,a464e63a-7897-4533-9ba2-b0cba5f13235,
9466dbfb-1056-4a83-a5dd-4b2fc4aac894,35e4aa6e-7f82-4578-8dfe-cccf26afef86,a4c1204d-bac3-476c-bf57-5b74ed84a4ae,
5759a6cb-5d7e-474d-97de-cb4624d350fd,35e4aa6e-7f82-4578-8dfe-cccf26afef86,a5263050-1c26-421c-94a6-0c76348e987a,
3bb7a659-f986-4606-b2d6-12313f1e198f,35e4aa6e-7f82-4578-8dfe-cccf26afef86,a656e957-feb6-4ea5-b918-17dcdcf080b9,
708f293c-cca8-4ecb-aa82-d3cc12b15c55,35e4aa6e-7f82-4578-8dfe-cccf26afef86,a683b7ae-2b15-4076-bd00-964b330d5bc3,
2fe0a072-29f5-4063-b017-1b956d074a7f,35e4aa6e-7f82-4578-8dfe-cccf26afef86,a688ba0e-4fa8-45a5-b961-f25c914bd54a,
2e27fa29-a108-4a54-b8ca-1d5929e10000,35e4aa6e-7f82-4578-8dfe-cccf26afef86,a6a35503-c245-4cd3-b7af-f404a5ca7cb2,
6676caaa-7039-4015-b521-a78c124f71e3,35e4aa6e-7f82-4578-8dfe-cccf26afef86,a6c519ba-4860-444c-a8d8-43697f5b00cb,
b15511ac-cd00-4631-888b-3ff0be733915,35e4aa6e-7f82-4578-8dfe-cccf26afef86,a7bb794f-80c9-4a86-a0cc-eb4ed7efb5ca,
05a1bf84-80e8-494d-a356-0a95ec8dc157,35e4aa6e-7f82-4578-8dfe-cccf26afef86,a8b9c496-f655-4d7a-a752-511efd85ef52,
c74d8e77-f509-43b4-804f-9a5024be3944,35e4aa6e-7f82-4578-8dfe-cccf26afef86,a8d70bb0-4ca7-4c7b-b64c-dbff2cc6cad4,
6edbab44-45eb-446e-b23c-eadc846f9077,35e4aa6e-7f82-4578-8dfe-cccf26afef86,a94381d3-4f40-4771-9951-583d500fece8,
2be319e8-d538-48eb-84bf-3b801f26a763,35e4aa6e-7f82-4578-8dfe-cccf26afef86,a9d60aa2-00a0-4ee0-b39e-08105b8523f9,
ddc72f7a-ef2c-42da-95f2-a86eac394f3d,35e4aa6e-7f82-4578-8dfe-cccf26afef86,aa411c30-c3ce-4d2f-8712-dcee869a4cc0,
1e054b53-859b-45ea-8c52-dfe3375d72bd,35e4aa6e-7f82-4578-8dfe-cccf26afef86,aa572801-891a-44de-a9b8-e38d1bbd82a8,
f1a38fb3-147b-4d79-a91f-14e608551d95,35e4aa6e-7f82-4578-8dfe-cccf26afef86,aa74db73-0a3c-426b-8dd0-527543e7d927,
d1f116c3-879b-47d7-9e1b-b2db4ec08d35,35e4aa6e-7f82-4578-8dfe-cccf26afef86,aaa2dbaa-51cc-402e-8bba-0a349dac5372,
a0efaf3a-7560-4cfc-bc32-dd18644cfc36,35e4aa6e-7f82-4578-8dfe-cccf26afef86,ab1b32df-6bad-4896-8f74-8d00ebcea192,
be579270-c258-4c13-8aa9-f5749e68a19a,35e4aa6e-7f82-4578-8dfe-cccf26afef86,ab522fc0-1724-4e28-9121-8ed5fe905f58,
6ca90248-5828-4fb5-a9f2-9bce2e22c85d,35e4aa6e-7f82-4578-8dfe-cccf26afef86,abe546ed-3777-49cd-af2f-ddef50e6cb5a,
31aa129f-4b55-40ec-9cc8-20bd2dce0585,35e4aa6e-7f82-4578-8dfe-cccf26afef86,acc75c41-b051-4694-b08b-dffbe62d51ab,
832df7e2-4d3c-4ae1-b11c-db66204f9580,35e4aa6e-7f82-4578-8dfe-cccf26afef86,ace73918-a4bf-4159-9f91-d84701533f57,
5b8a17a7-d9e6-41f9-8f02-47a78dfa1c75,35e4aa6e-7f82-4578-8dfe-cccf26afef86,ad2f1b4b-da83-4529-88db-d9c140c7be31,
3668f6ae-7a4c-4854-bda2-045c832a0140,35e4aa6e-7f82-4578-8dfe-cccf26afef86,ade29167-0e1c-4f53-a153-9a7109818815,
c32dc270-d6b3-48f6-9272-964b7629982f,35e4aa6e-7f82-4578-8dfe-cccf26afef86,ae540c74-68f8-4025-b067-6ba324247b9c,
d37914de-dde1-443e-8b78-2f9ac673edf8,35e4aa6e-7f82-4578-8dfe-cccf26afef86,af04ab56-8242-4dae-b779-95d5bad2faf5,
fd2ad2d2-6c28-4355-8f80-8f4548571093,35e4aa6e-7f82-4578-8dfe-cccf26afef86,af9c625f-d9e6-4818-8d66-ab058447ddfe,
2e5f8e99-5ac0-4f17-baeb-f85e23e9079e,35e4aa6e-7f82-4578-8dfe-cccf26afef86,afbdec39-aada-4584-afab-05c8d6a564e4,
e58ad5ff-938c-4a90-8a92-f029f3abd6b7,35e4aa6e-7f82-4578-8dfe-cccf26afef86,b05ca418-b3fd-475c-8302-a3f91dbad615,
d3227547-00d8-4b70-8c6e-4ebe8901a809,35e4aa6e-7f82-4578-8dfe-cccf26afef86,b1453424-c055-424f-87b4-07665036f6f4,
e151051c-9a2a-4a23-b2f8-4fbc880b1500,35e4aa6e-7f82-4578-8dfe-cccf26afef86,b1482d81-7ea5-435c-b580-7aad716981b5,
886e46fa-d1ce-4539-8458-7968cc569386,35e4aa6e-7f82-4578-8dfe-cccf26afef86,b234ee82-d3c4-4866-8651-e66249b952d6,
f9171620-33f3-49b6-851f-dceafc1afd20,35e4aa6e-7f82-4578-8dfe-cccf26afef86,b2b04df1-954a-4cf5-8f6f-8276e0234b1a,
2e7d2956-7c6b-4f53-a2ea-e86d6ffdae01,35e4aa6e-7f82-4578-8dfe-cccf26afef86,b2b4a46b-7485-4f7f-8ade-943be88de576,
78d1a499-dd95-4e59-8a30-e104e907b3c4,35e4aa6e-7f82-4578-8dfe-cccf26afef86,b2ba1d1d-4cd0-4b7f-bfc9-585889c8db92,
5258709c-efcf-4a67-9df1-960d1b910d2a,35e4aa6e-7f82-4578-8dfe-cccf26afef86,b2d907a7-c662-4d34-8897-45d425bfce96,
4c30da85-aa87-4558-968a-266f53088be6,35e4aa6e-7f82-4578-8dfe-cccf26afef86,b326f4a0-353e-4d51-aa7c-cc16b4a87928,
b61a8d5d-65da-46f7-9018-f9e632e56be4,35e4aa6e-7f82-4578-8dfe-cccf26afef86,b36d487e-047e-4ebe-91ee-786eb6b00d0b,
9168a70d-d1a1-49d9-9558-1479e87446ea,35e4aa6e-7f82-4578-8dfe-cccf26afef86,b3843532-ae9d-4b3d-b135-552bbfa260d5,
70f47525-96bd-4648-98e9-1a7a3c845fa2,35e4aa6e-7f82-4578-8dfe-cccf26afef86,b4c3cc9f-af4a-4468-8fb9-8d60e9340894,
2dcf787e-655c-4090-aa35-7b79a1d6bc07,35e4aa6e-7f82-4578-8dfe-cccf26afef86,b557a578-d296-4995-abe7-b711eeaaf120,
887b47f8-c39a-44d3-ab67-bf37e67b7542,35e4aa6e-7f82-4578-8dfe-cccf26afef86,b55e9240-d51d-4824-b1af-5fe5cc44394e,
de788458-9e1f-4519-ad8d-23ee71906b3d,35e4aa6e-7f82-4578-8dfe-cccf26afef86,b5bc4305-bd26-4764-a3d1-87fd0294a1bc,
4f4e3284-3314-4e31-91ba-f7f86c610d60,35e4aa6e-7f82-4578-8dfe-cccf26afef86,b6287493-8fce-4ab0-8fa4-529027d9389c,
27628e76-9f3a-405e-88d4-530e2273a479,35e4aa6e-7f82-4578-8dfe-cccf26afef86,b68396f6-5574-4f63-92f1-7ee47fefc7e7,
bee14b90-29d5-49bb-b2da-e448bd6979bc,35e4aa6e-7f82-4578-8dfe-cccf26afef86,b7d53ef9-aee1-4119-84cc-1f83dffdd6dc,
29d13bdf-016c-40e6-8aa3-1021d4b36cf7,35e4aa6e-7f82-4578-8dfe-cccf26afef86,b80a5c36-842a-4bc2-a1ac-60396f8a1f2c,
13426c7a-a7fd-4785-8ac3-c7fd2115ae07,35e4aa6e-7f82-4578-8dfe-cccf26afef86,b86064fe-c571-4caf-bee6-a656571333d4,
2173dc28-7942-47ac-9ab8-6169baf16571,35e4aa6e-7f82-4578-8dfe-cccf26afef86,b8866b13-654f-4335-9619-6634ddf9f3bf,
13f52948-7628-4ba2-aae2-046722543a55,35e4aa6e-7f82-4578-8dfe-cccf26afef86,b897f950-05bb-4a21-80bb-ef1065bdd9d3,
60c195d0-f02f-4c7e-b68e-4455fad94776,35e4aa6e-7f82-4578-8dfe-cccf26afef86,b9ba4929-0cee-4b45-ae10-2611fd876a04,
225d9617-b6ec-4149-b506-936eada366b5,35e4aa6e-7f82-4578-8dfe-cccf26afef86,baef0579-a1b5-4c79-9364-e660a52b4472,
672db30e-8548-406b-ac8b-7cd3e4adb3ae,35e4aa6e-7f82-4578-8dfe-cccf26afef86,bb55c37b-d22c-4f4b-98ff-b6c4acbb3b4b,
5591e42d-8e3a-4061-a9c2-62ebde39dd0d,35e4aa6e-7f82-4578-8dfe-cccf26afef86,bb90d94d-08df-426d-af1c-509ce806881d,
e532383c-5a13-4622-89c1-3fb65af8deb9,35e4aa6e-7f82-4578-8dfe-cccf26afef86,bbe1d60e-a964-4ea4-9cc8-0cfefb891ac6,
b171363e-2d3a-4259-9936-b4e695893d96,35e4aa6e-7f82-4578-8dfe-cccf26afef86,bbf5e2a5-22fb-4635-b1c6-00f924a2f8e6,
34da2230-54b7-4d6c-b6c0-a237db69903c,35e4aa6e-7f82-4578-8dfe-cccf26afef86,bc01cb97-0828-42db-b5ed-c55b5126d916,
b93436e4-2c01-494c-9e8f-26e5b18b2fbf,35e4aa6e-7f82-4578-8dfe-cccf26afef86,bcfedd88-cac3-4952-ab2b-1f018f366071,
a393b286-55d5-4853-b13e-73cc56e3d4bf,35e4aa6e-7f82-4578-8dfe-cccf26afef86,bd500ff4-e45e-496e-aac2-4f3f6b01b672,
a31ca309-2c98-4979-ae9a-2cfbd0f7e36e,35e4aa6e-7f82-4578-8dfe-cccf26afef86,bd733901-d3b0-4359-a6eb-c57dd6206932,
712cdb1c-6b21-4d23-af93-63240a3b1e14,35e4aa6e-7f82-4578-8dfe-cccf26afef86,bdd98e48-ab3d-4c9a-b7e4-235fd1944a51,
85b97f5d-28c5-427d-91f6-f77fd73d799a,35e4aa6e-7f82-4578-8dfe-cccf26afef86,be064803-0c08-4779-9914-609e34f4bec2,
054c324c-158d-4ed4-986d-42050a142a28,35e4aa6e-7f82-4578-8dfe-cccf26afef86,be168daa-c9da-491b-8b7b-92d71a709694,
353e8aa5-4e5b-4cfd-923e-1c5a1bfb24e6,35e4aa6e-7f82-4578-8dfe-cccf26afef86,be85eaac-0d86-421b-a942-f5a2fc99fbc1,
2734e368-1e03-4ca0-bbac-64a3c6ef30ff,35e4aa6e-7f82-4578-8dfe-cccf26afef86,bf156be4-2de0-422e-a9f1-dd2e4398a1b8,
65733f14-e59f-43df-ae3c-05f663bdadc0,35e4aa6e-7f82-4578-8dfe-cccf26afef86,c0022d44-e527-4c90-8c79-66f03f7a0c77,
3f38294c-8a7c-4b3d-8a17-609c278493de,35e4aa6e-7f82-4578-8dfe-cccf26afef86,c006e6b0-533e-435d-b16b-b834380c3857,
cdb0e3ee-89d0-4821-ab36-46666ef381ef,35e4aa6e-7f82-4578-8dfe-cccf26afef86,c06f8de0-0a56-48fb-8aee-eca619579c79,
aed033a1-ef98-4d4c-b0fb-78906f769ce3,35e4aa6e-7f82-4578-8dfe-cccf26afef86,c10acba7-e983-44d8-b9b7-35e4d310e45c,
aed6cdbe-6053-48de-879f-e369378e218b,35e4aa6e-7f82-4578-8dfe-cccf26afef86,c1299d0e-f322-4f13-b2c7-67b9ce921653,
d25344d4-18fb-47ee-b0b3-ca639b77cec5,35e4aa6e-7f82-4578-8dfe-cccf26afef86,c1c67e7e-f255-4e93-9ef9-b6cf90973376,
5667d089-0ec0-4a28-abb9-4f97d15df648,35e4aa6e-7f82-4578-8dfe-cccf26afef86,c1d6f1d1-1724-40ae-85a1-af8b09ca5f97,
4c9bdcf4-e8f1-4c35-95c0-fb2335fd0c9e,35e4aa6e-7f82-4578-8dfe-cccf26afef86,c2334094-d242-4a3c-9117-8a60480d7496,
46f57860-fe81-46d7-9bd3-74376605e398,35e4aa6e-7f82-4578-8dfe-cccf26afef86,c255d742-539f-4efe-98a2-8498fbc02e79,
95f085b2-b995-472c-a5bd-8f6d4712f04f,35e4aa6e-7f82-4578-8dfe-cccf26afef86,c2eb158a-141c-4673-b81f-1bda532a92c9,
d8a6edb1-2beb-4bf5-b4f8-e24b9f7b1b0c,35e4aa6e-7f82-4578-8dfe-cccf26afef86,c2f4676c-5923-4323-8e56-d78b30ed38fb,
b4c76000-70b0-4c2e-a481-817a88c6b302,35e4aa6e-7f82-4578-8dfe-cccf26afef86,c3d3514a-2ce6-42ee-8a47-9923db5a5628,
f4cdb649-d7bd-470a-9a2e-529e3fdc18bb,35e4aa6e-7f82-4578-8dfe-cccf26afef86,c3f1143c-5ab0-4965-a27c-937b3140e448,
723bbcc8-9cfc-4bb6-942c-5bea14348c4e,35e4aa6e-7f82-4578-8dfe-cccf26afef86,c47c9371-6f08-426f-a715-01a03740ee6f,
73d5efde-64e9-4f5f-a0ce-29224c6f84e1,35e4aa6e-7f82-4578-8dfe-cccf26afef86,c4f5bb71-a7cf-4358-b15c-08f21ce34fc5,
847ed85f-c9df-4352-9822-2972ebd6f11d,35e4aa6e-7f82-4578-8dfe-cccf26afef86,c4f7401b-736f-4e51-adde-7017961a81f4,
1adf6232-eebb-4545-9a14-80ce81ddd637,35e4aa6e-7f82-4578-8dfe-cccf26afef86,c556de28-f6be-4b4a-bcbb-73bd8f0d9802,
ec7bd7a7-4c4c-411d-acb1-84692a5d0ec5,35e4aa6e-7f82-4578-8dfe-cccf26afef86,c5a328a4-5996-479a-9546-faeb138d5c1c,
582723b4-9c6c-416e-a979-01e439838f84,35e4aa6e-7f82-4578-8dfe-cccf26afef86,c5f84de0-17da-4fa8-9eb7-d1a9609d3203,
e4fd028f-e5b8-40ac-9d6a-875b8bc7062f,35e4aa6e-7f82-4578-8dfe-cccf26afef86,c6c1016a-59d0-4f04-a6ca-4a845dd77afd,
9ce0c8d5-7167-47ff-b7da-74fb8579c686,35e4aa6e-7f82-4578-8dfe-cccf26afef86,c6d5a28c-df92-454f-a5fb-272a8ac3eac7,
cc6e24f1-5ac2-4d56-90bb-cfa653d77629,35e4aa6e-7f82-4578-8dfe-cccf26afef86,c6df55f2-cef2-4ed3-9071-c3749bfa8829,
1c23c0df-65ed-4601-9fab-6839d2c96203,35e4aa6e-7f82-4578-8dfe-cccf26afef86,c75450c1-743d-43f9-bdc4-1ff31cca582a,
3624cdf3-91c1-47b4-99a2-e21138ec635d,35e4aa6e-7f82-4578-8dfe-cccf26afef86,c7b623ab-94de-4010-b961-2872a7f6c960,
5a1dee1d-6e12-4c93-bc3e-2dae5d0ede38,35e4aa6e-7f82-4578-8dfe-cccf26afef86,c7e2c1ae-28e6-4987-8568-9c6a49f10e79,
5a173fa5-7ff9-409b-a9d4-12a55bd42457,35e4aa6e-7f82-4578-8dfe-cccf26afef86,c7f81452-a974-47dc-8b78-e3fe95bc55f7,
9d109286-0637-4191-8fe9-5c7423f4fb89,35e4aa6e-7f82-4578-8dfe-cccf26afef86,c8241037-19be-40dc-bdbf-dd26f35d4cc7,
1ef9fdb4-290d-4c20-9cf2-bd34f892b02a,35e4aa6e-7f82-4578-8dfe-cccf26afef86,c8c608cd-55f4-4307-809f-9b204c7ea804,
ebbca08d-12ea-468b-bfd4-38b6c1dfa897,35e4aa6e-7f82-4578-8dfe-cccf26afef86,c8d2e866-b7f2-4031-ad2b-0ec1126db444,
0afb2f14-5492-4eab-a9a9-ab759ab8a5f3,35e4aa6e-7f82-4578-8dfe-cccf26afef86,c8e31c0f-f13f-410a-ac93-ad802a874a72,
0dd12ecb-5d39-4b53-9a92-c4bbb1bcfa13,35e4aa6e-7f82-4578-8dfe-cccf26afef86,c93db947-4ada-4b4d-a123-794297c784a9,
a8ddc43d-792e-4e68-b772-b186921f7c58,35e4aa6e-7f82-4578-8dfe-cccf26afef86,c95109d2-8bbb-4130-850e-7a1fdfe76c63,
9380557b-9f4c-427d-ba24-87211eb43c8c,35e4aa6e-7f82-4578-8dfe-cccf26afef86,ca11f0af-8f73-4fb7-97b2-024e50fd429a,
50312840-d903-49a3-be5c-7073588879de,35e4aa6e-7f82-4578-8dfe-cccf26afef86,ca248d6f-7e20-4b9e-81be-b93a73a0de85,
bcf0cded-06dc-41aa-8d1f-26f0b401be07,35e4aa6e-7f82-4578-8dfe-cccf26afef86,ca2f6a02-fb36-4237-a6c2-a7b2d27c068e,
4ef1b38d-78bc-4bff-b778-ef134d44e4a5,35e4aa6e-7f82-4578-8dfe-cccf26afef86,cb84136f-a857-44f2-b777-113b69e33a03,
753cc07f-0690-4d8f-bc2e-14e08c33b9bd,35e4aa6e-7f82-4578-8dfe-cccf26afef86,cb866864-1300-4e2c-a7ae-c563cea9615f,
298ed51c-46cb-46ea-b4a7-7bba0fa8c7ec,35e4aa6e-7f82-4578-8dfe-cccf26afef86,cbaede6b-06ba-4e95-8103-1a9a92be8f52,
534ea5f0-ad52-4dd9-b60d-10872229490a,35e4aa6e-7f82-4578-8dfe-cccf26afef86,cc9b1e28-e22e-49ca-b055-c4b4482a9875,
19df5c08-0a13-4a55-9da1-a6bdebb60552,35e4aa6e-7f82-4578-8dfe-cccf26afef86,ccba8361-29fe-43d0-b56e-6c64d901c0b9,
ac8fe3e1-ecd5-46ad-a294-12bb6a9fdef8,35e4aa6e-7f82-4578-8dfe-cccf26afef86,ccc6e755-9e98-4b8e-9488-2d296608c4a4,
b065227a-4c94-45ed-ba8b-8b9ba7e6296d,35e4aa6e-7f82-4578-8dfe-cccf26afef86,ce1f82b8-a2b4-4dde-bdc5-97dfaa249448,
1db34b26-0bd0-4fd6-b36f-f369a844f484,35e4aa6e-7f82-4578-8dfe-cccf26afef86,ce63f262-3bc2-48d1-8f95-f976aab59461,
ee8422e8-c381-4f2b-8fca-d43e8db6e815,35e4aa6e-7f82-4578-8dfe-cccf26afef86,cecfb143-89ec-48f6-9eee-6aa8a46620c7,
96d671b3-45a9-42c9-a6b0-87d6901208f5,35e4aa6e-7f82-4578-8dfe-cccf26afef86,cef23662-896b-48b7-8697-cce71fb169dd,
d226259f-2ae5-4275-88cd-a7fa229e3089,35e4aa6e-7f82-4578-8dfe-cccf26afef86,cf95a86a-8598-48a9-9891-6f058606cffe,
7b410ab2-6a99-45dc-a3aa-dd4dffd9422f,35e4aa6e-7f82-4578-8dfe-cccf26afef86,d03db9d7-ad67-45bc-8c6e-ffa8d1331bc9,
c18d5c7f-08a1-46c1-8966-5e9bd5e0ae01,35e4aa6e-7f82-4578-8dfe-cccf26afef86,d08402d8-6cd0-447f-8610-36e4daf7e149,
a8cb0853-cde2-4178-843e-f8f7603a1169,35e4aa6e-7f82-4578-8dfe-cccf26afef86,d0b22b79-5d37-4335-9fb0-b4882ef1ab81,
dedb0126-602b-411a-887d-2b22cdc99bfe,35e4aa6e-7f82-4578-8dfe-cccf26afef86,d0fab0ef-00a4-4408-88d9-43591e5b9530,
ca3e37a9-55c8-479a-b62b-04aee7e2fbc0,35e4aa6e-7f82-4578-8dfe-cccf26afef86,d1040d5f-b524-454f-8c67-01f3ad974aad,
ce9d1b3e-5924-45d8-a3ff-263dc31d4342,35e4aa6e-7f82-4578-8dfe-cccf26afef86,d1c73c3e-e7ef-4e1f-b81d-be947b88402c,
f828eb46-4080-429c-9d93-9bcaa1640900,35e4aa6e-7f82-4578-8dfe-cccf26afef86,d242ddb7-be92-464b-941a-3a6052cc1833,
bc36ada8-a0df-4a58-8942-07f4f6f8c75f,35e4aa6e-7f82-4578-8dfe-cccf26afef86,d28179e3-03a0-41f9-86b5-1b78f97acf81,
c316a79f-b938-4d30-8060-e874ef647745,35e4aa6e-7f82-4578-8dfe-cccf26afef86,d3bb64fd-4691-45a4-a792-b0672fe0d185,
877b5bc8-31b3-4ca4-b7d4-a38eebfcffa3,35e4aa6e-7f82-4578-8dfe-cccf26afef86,d4b0d860-d5d2-4bf8-9b97-895ebf79ab71,
75a772f7-ca5c-406a-9948-22be7f1e365a,35e4aa6e-7f82-4578-8dfe-cccf26afef86,d4bc3c66-f23e-4d82-a0fb-58d273b52e0d,
e9e70dee-4491-4dae-a517-f3bbb8a1cc46,35e4aa6e-7f82-4578-8dfe-cccf26afef86,d579ea5a-4923-4b40-b8bf-ea4a78939c58,
f9bc9379-d795-4a45-8ef9-562a7ad54b6c,35e4aa6e-7f82-4578-8dfe-cccf26afef86,d6ee325c-e804-4e51-aa8d-8e2ac85310ad,
c73c09fa-ae15-4452-9070-ee73657481a3,35e4aa6e-7f82-4578-8dfe-cccf26afef86,d731c8f7-4c29-4eec-954e-c934e762aa08,
62701cdd-63f9-42a3-a592-7733274f36bc,35e4aa6e-7f82-4578-8dfe-cccf26afef86,d7f11eac-a04a-41c4-8760-9e3b2b304af9,
4eb0e39a-385f-44bb-8250-e161534ae147,35e4aa6e-7f82-4578-8dfe-cccf26afef86,d8290d5a-72e7-44ba-be37-8af0523eb6bf,
6a65156f-aab8-4972-b965-39fd51b276b0,35e4aa6e-7f82-4578-8dfe-cccf26afef86,d8642f13-b67a-47f7-a191-97939f917b31,
d48df8b6-f4a3-4319-a50b-35596e335baf,35e4aa6e-7f82-4578-8dfe-cccf26afef86,d9b07ef8-692f-45de-8571-fa2bb031dd52,
c2b8b679-bbcc-402a-85b0-df728bcf491f,35e4aa6e-7f82-4578-8dfe-cccf26afef86,da5c2707-5f3b-4ef9-ac92-7681f174d1fc,
f14fb67d-6d02-43b3-8586-1cc8ca309f2d,35e4aa6e-7f82-4578-8dfe-cccf26afef86,db1834cf-a2bd-4b75-8869-08dc796676a2,
55c602a6-324c-4207-9e8c-ddd40a9834eb,35e4aa6e-7f82-4578-8dfe-cccf26afef86,dc603e1b-c509-4138-8741-ce8ecd74d2c9,
872fdef8-57f6-42eb-8359-cadd60e13b34,35e4aa6e-7f82-4578-8dfe-cccf26afef86,dca59acd-bbe0-4d73-8c05-77f6f49e6e2d,
db3aa892-7df2-4e59-9ae4-26a1aedf4f6a,35e4aa6e-7f82-4578-8dfe-cccf26afef86,dcd1d30f-04f0-44f0-bac7-14d77d23d41f,
291c1b23-743d-47b1-92f7-2f724f98ca0e,35e4aa6e-7f82-4578-8dfe-cccf26afef86,dd37766b-3953-4941-bc60-be61684788b9,
b8ed3d0b-0258-4218-8047-64c80612d5f5,35e4aa6e-7f82-4578-8dfe-cccf26afef86,dda4dcbf-e0a4-4375-88d0-ae13a3395d9d,
8e96d3ef-feee-4071-916d-b671f35ea534,35e4aa6e-7f82-4578-8dfe-cccf26afef86,ddb7b9fb-2a52-4145-bf13-51a357f72850,
e52877ef-8b3d-4c60-87d7-40b186f677f4,35e4aa6e-7f82-4578-8dfe-cccf26afef86,de7e8583-120d-4b66-9cb2-e1397f206167,
77b1482b-98e0-4196-949a-548806a7fc92,35e4aa6e-7f82-4578-8dfe-cccf26afef86,dec270e1-2f32-42d0-b19e-0813553a9870,
6fa9f5c2-8a5d-4810-b78a-fa40a6805481,35e4aa6e-7f82-4578-8dfe-cccf26afef86,df8ece6a-1ea6-4bcf-a837-253fd4d8239b,
dee632c7-f2ab-43da-a14f-6f2aafd359d9,35e4aa6e-7f82-4578-8dfe-cccf26afef86,e110f5cc-9485-4417-accb-56dd88c38630,
89eeb3af-71c5-4d8b-9c7c-fc86ac635ae1,35e4aa6e-7f82-4578-8dfe-cccf26afef86,e1173598-d200-4bcb-ba35-5661937f1a68,
9fae5a12-6dd0-4bb9-bc7f-ccb2d943b671,35e4aa6e-7f82-4578-8dfe-cccf26afef86,e1322a5a-d41e-4e53-817e-f667e5532dd0,
3fc1242d-4fcd-4c70-beea-6195127c5452,35e4aa6e-7f82-4578-8dfe-cccf26afef86,e17ff0ef-8fd6-40a9-94e0-eaba35dacc9e,
3c934ab9-a74b-4e73-a75e-a8739b7dec0b,35e4aa6e-7f82-4578-8dfe-cccf26afef86,e18010ac-2144-4d05-b13b-044be9a8c3d6,
839cbf01-0d6f-416c-9839-1efffbbe3e61,35e4aa6e-7f82-4578-8dfe-cccf26afef86,e2f58965-40c8-4973-86e2-2367c3cd9d48,
48379d39-fbf5-40e6-94b9-5ed35fabf9aa,35e4aa6e-7f82-4578-8dfe-cccf26afef86,e30c065b-9fc6-4d68-bb80-4fbc71594c28,
4fc12905-0fc8-43b0-999c-2cd3c8d6df4d,35e4aa6e-7f82-4578-8dfe-cccf26afef86,e3670e54-631d-47ea-8969-e79a25247ba8,
fba422ca-a65b-4507-85f1-56943c162107,35e4aa6e-7f82-4578-8dfe-cccf26afef86,e3c5c4cc-d103-4973-90a6-11a657bc020b,
4f6c831c-a421-4d09-89e9-88b259ca1ad8,35e4aa6e-7f82-4578-8dfe-cccf26afef86,e3e25e09-3082-452c-a769-b97db0ee085e,
19199c00-02a4-412a-8148-f6d3f4b988fd,35e4aa6e-7f82-4578-8dfe-cccf26afef86,e3e2f17f-5945-483f-99cb-1a44de134516,
ba8fbfce-ca80-433e-a139-f2aae96506be,35e4aa6e-7f82-4578-8dfe-cccf26afef86,e3e50e22-8d20-4743-afbd-1ffe1d623e45,
f4460314-98e9-4639-a116-1fef56826e28,35e4aa6e-7f82-4578-8dfe-cccf26afef86,e43755c6-0dc1-490e-8bf0-f17b47cb4ee8,
a1cc90ff-57f0-4b72-9335-44233616686c,35e4aa6e-7f82-4578-8dfe-cccf26afef86,e4b77066-fa44-4d35-be81-9e6eb0c97d70,
78b63e25-b1bc-4c7f-969c-4d2630181d34,35e4aa6e-7f82-4578-8dfe-cccf26afef86,e4f163a2-2ab4-43a0-92ff-44281e9b1faf,
309e35ea-25ff-41c9-8684-821c3f07cab0,35e4aa6e-7f82-4578-8dfe-cccf26afef86,e4f26faf-7e97-42b6-9ad8-ea1b84e701e4,
c105da74-5144-49cc-ac49-8305ad669811,35e4aa6e-7f82-4578-8dfe-cccf26afef86,e54ccd07-26ad-412b-b3f8-6b2fd906f024,
65b1bfe9-fab6-4eb4-bb07-1c5778ee3cb8,35e4aa6e-7f82-4578-8dfe-cccf26afef86,e55cb240-0e8e-4b4d-b0cc-346fc4eb3170,
a0b53f87-0395-40f0-bd25-6c2c7d25f849,35e4aa6e-7f82-4578-8dfe-cccf26afef86,e5a0ae06-dafc-45c4-a3e1-1725b98526ba,
1b1a8cef-546c-480e-9e0e-cda240e2f697,35e4aa6e-7f82-4578-8dfe-cccf26afef86,e6266aff-3d6b-45b1-acfe-ffe8ffb73637,
3060fac7-f7e0-48be-a8e1-bb0976b21368,35e4aa6e-7f82-4578-8dfe-cccf26afef86,e693d991-1f27-4477-af10-c2afa28e0fae,
11287304-0326-4ae2-9da2-a8e6facdf5ef,35e4aa6e-7f82-4578-8dfe-cccf26afef86,e6a9cd5b-d825-42b0-911a-87a1431e4004,
95020988-6ed5-47a2-ab66-85b56baf9781,35e4aa6e-7f82-4578-8dfe-cccf26afef86,e758aa4e-747e-4ddf-86c5-ff460d8de1a6,
c8caa997-34cc-400c-8853-e4ac9a9ef49e,35e4aa6e-7f82-4578-8dfe-cccf26afef86,e77a2683-a1b3-408b-b779-4463ffe0ef96,
a70085ae-7f09-42fb-bd67-3a96283d3b7f,35e4aa6e-7f82-4578-8dfe-cccf26afef86,e7e95fcb-2d5a-48b0-9159-cd2a870cdf47,
1da390b8-cd62-4745-b894-3fc4d30a2f85,35e4aa6e-7f82-4578-8dfe-cccf26afef86,e85c6a5c-8c8a-4124-9c8f-8d4a4f77bc1d,
f2c96595-5246-4b8a-b476-f145d1b29afc,35e4aa6e-7f82-4578-8dfe-cccf26afef86,e9ac9329-cf68-40ef-9aa0-3f1bf8a3f6d1,
b18bda35-9f57-4ba3-8d6f-3400593bd15f,35e4aa6e-7f82-4578-8dfe-cccf26afef86,e9edd238-7dc9-4517-9ae9-28eac4be7349,
3958bf25-f4cc-4374-b790-49c139ffbfe7,35e4aa6e-7f82-4578-8dfe-cccf26afef86,eab25be1-2dc2-46ef-8d95-4bd2d1c8ee00,
8f763b1d-df87-4fe8-83b5-905592f51203,35e4aa6e-7f82-4578-8dfe-cccf26afef86,eab9e8b9-0112-40ef-bcf4-99f0781aba88,
d89226a7-7885-4ee4-bea3-2d0910165b23,35e4aa6e-7f82-4578-8dfe-cccf26afef86,ebacfe69-9885-4926-88f0-976d7d593a6e,
3d18b71b-01d7-40ee-b8cf-69a71d65073a,35e4aa6e-7f82-4578-8dfe-cccf26afef86,ebe810a0-da8e-4d48-a802-04fa21dc65db,
179af98e-bfbf-4667-87aa-a24f2ddb9bf1,35e4aa6e-7f82-4578-8dfe-cccf26afef86,ebf81ce2-8606-4be3-a90d-732339f49dee,
e78b79d1-69ce-4b0a-ac4e-18f0a46a259e,35e4aa6e-7f82-4578-8dfe-cccf26afef86,ec222f75-8835-4d05-b042-749cc6006fd0,
98a22579-f88d-42a9-aaeb-b8648694c7a0,35e4aa6e-7f82-4578-8dfe-cccf26afef86,ec3581f3-fbb9-4c68-9c0f-9455d3db71fc,
d6694387-4fee-4754-8e68-6fdf0edc8184,35e4aa6e-7f82-4578-8dfe-cccf26afef86,ecc5dda6-d8e5-4ee7-9371-2a1bf65ecba9,
c3283f76-7637-4b80-8262-39c704115e05,35e4aa6e-7f82-4578-8dfe-cccf26afef86,ece34210-2611-4782-9491-39ad279eae0c,
a5e10cca-791a-45d3-b18b-17100053e2de,35e4aa6e-7f82-4578-8dfe-cccf26afef86,ecf0c951-57fb-408e-804d-a2a28143353c,
8817dc22-128e-4d47-8ad9-6216ff1ff5c1,35e4aa6e-7f82-4578-8dfe-cccf26afef86,ed66e8b1-33b7-4967-b80d-c40aac0860ee,
444f77d7-1f4e-4123-a49b-2a2d6025d70f,35e4aa6e-7f82-4578-8dfe-cccf26afef86,ed99e12e-c4a0-43a5-8b97-3cc36d645eeb,
1c26647f-aed9-4450-bd68-0ff1966bbbc0,35e4aa6e-7f82-4578-8dfe-cccf26afef86,ee0b8ddd-f044-4f65-9959-9a79e786149f,
9745959b-f0aa-4fb5-9b73-187e4fa1c0b1,35e4aa6e-7f82-4578-8dfe-cccf26afef86,ee405baf-7a97-4f90-b7d8-9965b6bf7ac3,
f67453de-4903-4c09-b427-7e28831a16ba,35e4aa6e-7f82-4578-8dfe-cccf26afef86,ee4b7100-0987-4b0c-b115-5cc28c527828,
e9d93c8f-bb18-402a-a2ef-9bcf967e8fc9,35e4aa6e-7f82-4578-8dfe-cccf26afef86,ee9f4590-ecaf-4857-962e-5b3cd5189d4d,
06191dde-336f-499a-a7ea-2463fe8a6df2,35e4aa6e-7f82-4578-8dfe-cccf26afef86,eece1fcc-61f3-4b02-a985-3a284323d406,
9ad508d2-a65e-4e6c-8c8a-425fa639dc59,35e4aa6e-7f82-4578-8dfe-cccf26afef86,ef14ee7a-3b48-4b57-8452-cdf1f247df03,
66ffda58-0684-434a-bf99-e7f144a4486e,35e4aa6e-7f82-4578-8dfe-cccf26afef86,ef26e730-1c5a-4234-ba2b-f0bb5704a523,
9657cfb8-f524-45e7-9149-073f80578983,35e4aa6e-7f82-4578-8dfe-cccf26afef86,ef63c2f3-8ca2-42a2-bd19-6aa8e03e2fe4,
b1791d2a-edf6-437a-b791-943311113c10,35e4aa6e-7f82-4578-8dfe-cccf26afef86,ef9ac07a-8c04-46cb-b6b1-b32f7af42760,
c15af37a-c8e7-4b07-af7d-fe4009551788,35e4aa6e-7f82-4578-8dfe-cccf26afef86,efcb5ef6-ee2a-4fb3-9fa2-5b7821da44b1,
1edb0ebe-57f6-4ee9-bb82-fd11b1891ce0,35e4aa6e-7f82-4578-8dfe-cccf26afef86,f01a4bb6-1be1-4073-ac34-c16594a03a3c,
5363b296-02ba-4c50-9f1c-38ea1b63d1e9,35e4aa6e-7f82-4578-8dfe-cccf26afef86,f044f7c8-5ceb-4481-8777-07a38d187f54,
032e22d6-8a3b-400d-aaf2-ad32ec6b7ee7,35e4aa6e-7f82-4578-8dfe-cccf26afef86,f0ef41a8-7ba5-4522-a44d-e1d8d25f4e33,
b5e58a01-47cd-4a28-bb41-818bc00d8818,35e4aa6e-7f82-4578-8dfe-cccf26afef86,f1ddd5e1-464f-47e9-ad75-ffebcbe8dbab,
e31eef2f-9af8-48b9-961d-ff8e910f9375,35e4aa6e-7f82-4578-8dfe-cccf26afef86,f219b10d-e562-410a-8305-e60543c7b692,
4a0e86ef-4aff-4b29-826f-b9187ba85b63,35e4aa6e-7f82-4578-8dfe-cccf26afef86,f2550048-85d6-4c27-83e8-99686d1e622a,
19f1cf11-ab5a-4b7c-a819-b663d3170406,35e4aa6e-7f82-4578-8dfe-cccf26afef86,f36b96f3-b5c6-42d5-8118-15dd8c615dc7,
417c0db4-5e8a-47b4-a8f4-11ad37ba180c,35e4aa6e-7f82-4578-8dfe-cccf26afef86,f3b29d7c-34bb-493d-a13a-b55d7f4f7d97,
75e44531-6783-4215-9571-48897e76b35c,35e4aa6e-7f82-4578-8dfe-cccf26afef86,f4afb9e4-e952-43da-930b-f3c433107881,
43cd9364-9436-4580-aa9f-3e39c6dc4e3f,35e4aa6e-7f82-4578-8dfe-cccf26afef86,f4b44acc-caf1-4e8c-a219-74ed7cb35513,
54bc75f3-6245-4ad7-b0d7-0d97a336e2a3,35e4aa6e-7f82-4578-8dfe-cccf26afef86,f5ff93b8-1e78-4027-8eb8-3d59105f8367,
4174fd97-8e7e-46e9-947f-8ecb742de540,35e4aa6e-7f82-4578-8dfe-cccf26afef86,f64fd782-2741-41c9-937f-8816b87f06ba,
ff911438-442d-46a5-ae7e-fe4a899c4ec2,35e4aa6e-7f82-4578-8dfe-cccf26afef86,f6d0600a-bfe9-4672-8a40-c527af0f79d1,
29bf0e4a-c3e2-4178-9aed-c6d4588e25b1,35e4aa6e-7f82-4578-8dfe-cccf26afef86,f71d51e5-579c-4a6a-b992-62b735eb9c4f,
c9be8882-d9a3-4e9d-b703-5c63333b63e1,35e4aa6e-7f82-4578-8dfe-cccf26afef86,f82a6d8c-818c-420e-9bc2-9ec7b275eda9,
ba738848-84f3-4241-bdfd-72db8c6dcf75,35e4aa6e-7f82-4578-8dfe-cccf26afef86,f894d8bd-5bd8-4cab-ab2b-82acc6018ca9,
b177a6c4-9aa5-4ba8-ad7f-90002f08ce5a,35e4aa6e-7f82-4578-8dfe-cccf26afef86,f913a7cb-8758-4065-aafd-b739d799b370,
ec145ad8-8cad-46e6-8131-ca1f7becf7a5,35e4aa6e-7f82-4578-8dfe-cccf26afef86,f9263779-42bf-438a-b414-cec290baa366,
006b504c-abeb-49e8-bd27-e44f45695985,35e4aa6e-7f82-4578-8dfe-cccf26afef86,f9d26af6-8c94-47b1-b45f-2341f027bb19,
62a6bfb8-09b5-4de7-9ae1-09d9c2128092,35e4aa6e-7f82-4578-8dfe-cccf26afef86,f9e41ddd-7584-4469-831e-6fb50a145315,
a547e129-bfa1-42e6-b701-ff03900859fa,35e4aa6e-7f82-4578-8dfe-cccf26afef86,f9eba30e-0d56-475e-827e-89ca31a1401a,
c6fb759b-a8ad-4f40-a1dd-d9e189e5b237,35e4aa6e-7f82-4578-8dfe-cccf26afef86,fa31763d-10d5-45b0-bc59-04f94bde8a40,
208145d8-ce99-4632-bb33-97d19dc084ef,35e4aa6e-7f82-4578-8dfe-cccf26afef86,fb11cb87-5121-4c3b-b7e9-3c33fa2c2f2d,
656c2cde-9084-4139-b721-147dbcae3a4b,35e4aa6e-7f82-4578-8dfe-cccf26afef86,fc7dba03-30f9-417d-afaf-6a371cffd39c,
ecf4eb01-5c46-427c-8949-af435ba5b35f,35e4aa6e-7f82-4578-8dfe-cccf26afef86,fcd79c16-3ba6-4f65-9c0e-ce9c9a311b6f,
6eea4bf0-50ca-4e4e-944a-01f1defcda01,35e4aa6e-7f82-4578-8dfe-cccf26afef86,fd220701-c858-4ea2-8d63-3978f1f54b5b,
c52a7cca-ca27-4fa9-aae1-5887544b0128,35e4aa6e-7f82-4578-8dfe-cccf26afef86,fd92e85b-b8ca-4200-9857-f5f7e2daae2c,
9449ec5d-10c4-473c-b5b8-40f2f08cfe8a,35e4aa6e-7f82-4578-8dfe-cccf26afef86,fdf34481-4cb5-45ae-a0e5-b153354f5c6e,
749b197f-34c5-495c-8435-5b0ec005c719,35e4aa6e-7f82-4578-8dfe-cccf26afef86,ff0fba19-0719-4fd7-a9b9-ad2ec2cd52b2,
811a7de3-ccb8-47f9-ba78-004ccc540c8c,35e4aa6e-7f82-4578-8dfe-cccf26afef86,ff3bad64-e506-4066-a1f7-525febebe83f,
b48f7461-be29-449f-9cda-7ba68f8680d3,35e4aa6e-7f82-4578-8dfe-cccf26afef86,ffcb4ab8-9544-4958-b79c-9380a19e6686,
90823624-6376-493f-be78-b07ef7940399,35e4aa6e-7f82-4578-8dfe-cccf26afef86,ffffabcb-e284-429d-9451-4e5ed1da1f94,
5045867a-0efa-47a0-b994-c04dd7f0d917,3609d6d7-e205-4c3e-97f9-df5321017f2a,35910ff4-0ec5-4052-8b2a-6cbb2ee3ae14,
2a8fda30-a169-4994-bd55-e94818575a78,3609d6d7-e205-4c3e-97f9-df5321017f2a,89d59e57-d7e4-472e-b67e-2d10e262e28f,
cea1b208-4ad9-4d95-9e82-fe81c63301d6,3609d6d7-e205-4c3e-97f9-df5321017f2a,a3b7e91a-df12-47c2-a3b2-36add41cf7bc,
55c31b7b-939b-4005-b4f0-ddc69d3e9481,3609d6d7-e205-4c3e-97f9-df5321017f2a,abf3b211-9807-42ce-b2fd-21834c65d935,
ffd3bf32-6d4d-4517-94ad-49b1ab3bc7e8,3609d6d7-e205-4c3e-97f9-df5321017f2a,b2f0d754-4f04-4091-8081-7f42384dd22f,
033f41fc-ed12-4d87-af2a-dfbe4fbed000,3609d6d7-e205-4c3e-97f9-df5321017f2a,e2636969-8bd3-45c4-9d7e-3069e59a43b9,
5f482853-6172-4fba-a68b-5ea9d82e53d5,3609d6d7-e205-4c3e-97f9-df5321017f2a,ec7bd8d6-49d5-4597-bac8-b5b2e23b7e6b,
074973f6-048b-44a8-84c9-5647da1d2b0e,37a53ada-42a2-429e-843a-0662105d46dc,0676d76e-8b95-401d-8815-b3089b6d8f61,
a5bc47fa-9cef-41c6-a9f9-052a5ec79fa0,37a53ada-42a2-429e-843a-0662105d46dc,1ec10181-924c-4953-b952-f7b8e3428585,
5992eb84-7066-45f4-9fd6-d29ab2242502,37a53ada-42a2-429e-843a-0662105d46dc,2a2e292a-298d-467d-b97a-2186ac7e083e,
e5848342-cf11-493c-822e-3c168ff00df5,37a53ada-42a2-429e-843a-0662105d46dc,31eac440-6091-460f-a22e-0943fcf086dc,
cc6fc2f2-11cc-40ba-bc66-27a32b67e180,37a53ada-42a2-429e-843a-0662105d46dc,47f016c4-ce56-4729-99b1-8c9ce7b9770e,
efa63f9e-d1c1-46b7-a006-7c09df517877,37a53ada-42a2-429e-843a-0662105d46dc,6b4a4e7f-bbf8-446f-b20d-f336b474ae9a,
d25f06a4-0d51-455f-aeab-f2374a2dad62,37a53ada-42a2-429e-843a-0662105d46dc,7d40a632-a53f-4696-aef5-afe783c8e6e0,
e3eb0234-ac8b-45f6-98a8-7f810a6fa1ae,37a53ada-42a2-429e-843a-0662105d46dc,7d5be1b8-cb4d-46ad-b103-7e75e2db0fb4,
845fb39c-03ef-459a-a2a1-c5a470746482,37a53ada-42a2-429e-843a-0662105d46dc,adf306d3-91fb-402a-b715-8006320d9714,
5b07a20c-de1f-4fa0-bc75-790dcaeb62cf,37a53ada-42a2-429e-843a-0662105d46dc,b04de080-b7b0-4e44-9e43-e4110fc37068,
af0d06d4-49bf-407e-a596-883535088932,37a53ada-42a2-429e-843a-0662105d46dc,bfa4b772-1015-47f1-8b23-c5bdd68dc897,
2d346bd5-b5d1-4c7e-bd00-d6035c8065c0,37a53ada-42a2-429e-843a-0662105d46dc,e9738d3f-08ad-4d2e-b66f-f221ccc272fc,
cea6b8c9-8b53-405d-8bf0-1c57d00ba8ed,37a53ada-42a2-429e-843a-0662105d46dc,ff9fcd35-edc4-4cc6-ae0d-985bb3e4d062,
460a0dd2-8062-4650-8c27-aa2db6ef7771,39090b18-acb6-4c74-b2ea-0ca913b6ba16,0cbeec54-dbbc-4ee4-8080-43c895712952,
c37dae37-d8ec-45fd-a80a-c58622325c1c,39090b18-acb6-4c74-b2ea-0ca913b6ba16,c07bbe8c-1110-4569-9bba-173b917fe8fd,
93ca0d05-3997-4629-bd2d-2ea85dce1d6f,39090b18-acb6-4c74-b2ea-0ca913b6ba16,c85b7af5-f5e5-48a5-b0aa-93d3f80a85fc,
1bc4432d-48d8-432a-9110-1672165ac181,393cae63-aa6b-4396-947f-7aa4b60463b3,12f91397-8475-4b8a-ad7b-0ba0e0b7d1e3,
e27a70ec-bc71-4851-af5c-f2add6f85799,393cae63-aa6b-4396-947f-7aa4b60463b3,1bf2b2f1-f7de-4e03-84d8-cc45d608092d,
36804fbc-e3de-4c09-886f-4dc48df2011e,393cae63-aa6b-4396-947f-7aa4b60463b3,2522a7c5-c06a-495e-b21b-339712a815ff,
aac0681d-07ad-4a4c-b270-1289531667bf,393cae63-aa6b-4396-947f-7aa4b60463b3,2abb872e-a766-437d-b584-aedf79e11ad5,
ee9cf932-ad47-4b9a-9c00-50ca8abee1e9,393cae63-aa6b-4396-947f-7aa4b60463b3,53412f3e-a0c4-4f12-85df-a206f2cabce9,
9b794a18-39de-49ae-82f2-1f284f831a3b,393cae63-aa6b-4396-947f-7aa4b60463b3,62d4bc20-bfb0-4ca3-9dd4-a15577f128a9,
94b96b31-e840-4247-8403-9eaff68bb809,393cae63-aa6b-4396-947f-7aa4b60463b3,73fc94dd-a671-4f5b-99d7-00118dc197eb,
3c1a23a3-6453-417a-b215-3536ce1aec3a,393cae63-aa6b-4396-947f-7aa4b60463b3,7b41092b-ca3e-41e1-b417-33d036b3ecee,
0e13c1e3-19aa-48e5-9115-83834963661a,393cae63-aa6b-4396-947f-7aa4b60463b3,90a3009e-50e8-465a-89c3-9357f3b456f5,
4013374c-e54a-4a09-a931-2b0c169983ec,393cae63-aa6b-4396-947f-7aa4b60463b3,9fe50ce6-e41c-4e0d-b9dd-2cffea1ae505,
1a81908d-46ac-4f94-875f-aa94f333c5f5,393cae63-aa6b-4396-947f-7aa4b60463b3,a2ad84e0-95ca-496b-8544-3dba9938b5d2,
6230d6d8-5378-4431-a64b-6c2b05d636d4,393cae63-aa6b-4396-947f-7aa4b60463b3,a7bb3914-64f6-4542-880c-af51f9adef95,
44acaf53-7e8b-4cb7-b63a-8aaed78916d2,393cae63-aa6b-4396-947f-7aa4b60463b3,b4e3c612-e816-4a96-aea7-4b560af5bfda,
4732dfe4-4ba9-41ca-b04d-ca2ad7de32f9,393cae63-aa6b-4396-947f-7aa4b60463b3,ecb4b57e-2f5f-48d0-aafd-74169bade168,
1e31b07d-c4a3-4511-8c15-25e08aac6859,393cae63-aa6b-4396-947f-7aa4b60463b3,ecffe3b9-c9ff-449a-9d09-3bff2e257eb6,
f8731cd5-1616-4809-a607-eef3e4c62b9d,39fdcdb4-1d4b-4642-a935-77413c014511,0c2635d0-d918-4273-a3c1-1dc8a0113e94,
49a4b62c-8111-486e-a0c9-cd51f7aa7003,39fdcdb4-1d4b-4642-a935-77413c014511,1102cdab-1cee-4bc2-8cff-973c3100851f,
710a78cd-52b8-41a0-813e-ccc2140079a7,39fdcdb4-1d4b-4642-a935-77413c014511,36f1b895-13bf-4aca-a133-fef785bbc3d0,
78736d4a-eeeb-492b-af8f-e6674b10873e,39fdcdb4-1d4b-4642-a935-77413c014511,4a8aecda-cb09-4fa7-9b97-8c0ec1eb3c2b,
2bfdea62-2e73-4766-af09-19d64b55477d,39fdcdb4-1d4b-4642-a935-77413c014511,567e7fac-bee6-41d3-bd77-a433be659f00,
b1346425-9e36-4c0f-883f-cd3632be682b,39fdcdb4-1d4b-4642-a935-77413c014511,596e7ba4-23c8-4396-aec4-257ee118cbc1,
ce9d5dd1-a84b-41c4-a645-f0329a34aded,39fdcdb4-1d4b-4642-a935-77413c014511,5cd4b7e9-e879-4558-80d0-33387474ec4f,
28170414-ff78-43cc-afe2-ff0549bde636,39fdcdb4-1d4b-4642-a935-77413c014511,655b4edf-0fdb-4323-a32c-55e411643edc,
1dc7fc79-273c-4353-af0a-dc44661a2d9b,39fdcdb4-1d4b-4642-a935-77413c014511,6db84513-e9d4-4ad9-b56d-61670c06700c,
76a1310c-4707-4afa-a3b7-48d0521d98e7,39fdcdb4-1d4b-4642-a935-77413c014511,6eb533fa-d3d0-45a9-895f-09ca94718933,
9f01d56c-6aaf-4f52-9d18-81cdae3afc07,39fdcdb4-1d4b-4642-a935-77413c014511,81b383a4-f114-46b2-bd70-4db5b70afb17,
ab766e0e-80db-4cc3-9859-bce2156a37d2,39fdcdb4-1d4b-4642-a935-77413c014511,bbf7e927-7b19-4dae-af05-ad6422ce8663,
b5d5d540-8ddf-47ec-9f88-3b7b2c0b9a0e,39fdcdb4-1d4b-4642-a935-77413c014511,d093a1e9-940f-4b72-a810-b6114424d7fd,
7763d6a0-c785-42a0-a8d6-8194d8280446,39fdcdb4-1d4b-4642-a935-77413c014511,ec1dc393-8ba2-4f36-9339-4c5ad6a667fb,
2e68031d-caf9-49b2-aeca-b2646f43f890,3a4ea360-4fd1-4b5a-be37-365fe110ea08,2023b19a-1662-4180-aa7e-ba3208328991,
d3fea3d6-8b6d-4fee-9870-654093370339,3a4ea360-4fd1-4b5a-be37-365fe110ea08,520b81f5-788f-4a29-9a16-60df8d78df19,
63823f05-85da-42b3-8d8d-852140d171de,3a4ea360-4fd1-4b5a-be37-365fe110ea08,67da240c-9dcd-4a4c-98e6-bd888ff635c0,
a9379b5f-0647-4a78-87e2-ea184e24e66f,3a4ea360-4fd1-4b5a-be37-365fe110ea08,97e72020-c4b9-446a-ba84-f961eb17de01,
ddbf91d7-ca96-47b6-bfe2-320573963712,3a4ea360-4fd1-4b5a-be37-365fe110ea08,df54f7ed-8742-404e-92e5-1cd6114f81df,
17eefd25-11ac-4f18-ba67-26d6a1fc1652,3a4ea360-4fd1-4b5a-be37-365fe110ea08,f847c1ad-f95e-43a3-99f8-75d704b21975,
7e0f9430-3aeb-4c08-bea2-bc5f87680dc2,3bcd3110-8dc1-41a5-b591-fa21ae602a86,34586501-7214-4b7f-b562-cab1e328e7e6,
ae57c511-f6da-4991-a4a3-1428a704c3b1,3bcd3110-8dc1-41a5-b591-fa21ae602a86,aadec238-4775-4644-95ec-59a32eb36ed7,
57af71d6-6964-423e-a132-54a5fbfe66a0,3bcd3110-8dc1-41a5-b591-fa21ae602a86,ab9d0d34-c13f-47e8-b33a-b5be3b2cae71,
62af08b5-a7d9-461c-9b72-edbbd016dfbd,3bcd3110-8dc1-41a5-b591-fa21ae602a86,ac01fe33-1bd5-4a5c-895a-849a1ccfcdd4,
c0a0d136-0bd5-42e5-b013-0a0b3b0651ff,3bcd3110-8dc1-41a5-b591-fa21ae602a86,bfcb3eff-1f44-4827-837d-7a32b48a60f0,
7d1a472e-a827-4c43-a2ad-87b8c3b8980a,3bcd3110-8dc1-41a5-b591-fa21ae602a86,e5701f6e-4aa0-497a-89e1-f73714152d52,
5c8d9f39-d3e1-4d5d-8ef8-2099d984faa6,3bcd3110-8dc1-41a5-b591-fa21ae602a86,ff22abe2-f249-4608-8cea-34fe70c794dc,
3067dc65-1833-4f66-8a7a-e82d5d68338c,3bf841ac-e6eb-4b9c-bd5f-a514f02989e5,1543e72c-ab1a-4695-8140-0394163d4c87,
228eadae-9564-441c-b02c-b474acf41ad1,3bf841ac-e6eb-4b9c-bd5f-a514f02989e5,44e4383e-dd9e-4fc3-b50e-51573a6c482c,
f4884ef7-f326-471f-841a-6d3f95bb9c8a,3bf841ac-e6eb-4b9c-bd5f-a514f02989e5,4db07cd0-0ccb-4f51-92e6-cc3f99a587bc,
e6144697-5c4c-4979-9c8e-299cafc4d992,3bf841ac-e6eb-4b9c-bd5f-a514f02989e5,51f9331a-7687-4d5c-a5af-d3797b30f237,
b6d1c785-824b-4d3b-9959-3c58beabddb8,3bf841ac-e6eb-4b9c-bd5f-a514f02989e5,56b083c3-b622-4144-98dc-230ad8186572,
ad5dd15c-1c9f-4fee-b369-7beacdc3f0a9,3bf841ac-e6eb-4b9c-bd5f-a514f02989e5,65d39b0c-018d-475c-b931-ba486a0be94e,
a7ac243f-7e16-4a3d-8ed2-a839d036dca5,3bf841ac-e6eb-4b9c-bd5f-a514f02989e5,7ecb0027-0d8c-4517-8a40-8baf88c9d90c,
e06737c7-2e7d-4381-b76f-c321da524e67,3bf841ac-e6eb-4b9c-bd5f-a514f02989e5,80658f83-dfb9-4ab3-86c3-f632fe3e6269,
6134bd78-8460-4902-ad29-ada2bfe23a5f,3bf841ac-e6eb-4b9c-bd5f-a514f02989e5,bfce1bd5-ca95-4497-af34-fd211acf8cda,
82c026ef-a512-4469-a5f3-85afa10b159c,3bf841ac-e6eb-4b9c-bd5f-a514f02989e5,d81ee8f8-d649-421d-b98a-d510de443af6,
c0fe2302-21ee-4daa-8706-8fbf61755720,3c4663ca-8e39-4648-b515-75537fcc41ff,13165ee2-19cf-493e-82a5-1b9e09bcb7ad,
6de4650c-69f0-4fb5-8a31-167ab639236f,3c4663ca-8e39-4648-b515-75537fcc41ff,4d7345b5-704b-4d3b-9ebe-66114f6d76ac,
aec4b47a-e02d-482b-bca6-c04ac87fe993,3c4663ca-8e39-4648-b515-75537fcc41ff,59370bd5-0631-45bf-8aa0-23d5a0c2368d,
2b04bc5a-7986-482b-a57b-92b8c3453a8f,3c4663ca-8e39-4648-b515-75537fcc41ff,5ccefc3a-f9af-41e7-8ccb-a49fc7367d10,
55117422-ee2c-4fd8-b03f-da6fe6cb9cba,3c4663ca-8e39-4648-b515-75537fcc41ff,7e2a2640-6c4b-40f6-b82b-82cfd217fd73,
646d89c8-e4d2-43b1-8b15-59bc72c5dd2c,3c4663ca-8e39-4648-b515-75537fcc41ff,821dae8c-46e5-4d45-9030-7b40773e72cc,
231c2f8b-f339-4e25-8d45-c6edd4dd0476,3c4663ca-8e39-4648-b515-75537fcc41ff,89a4df9d-b58f-4898-a504-5efabca74f3a,
ab3abf36-603e-4cad-88fb-323f722b0744,3c4663ca-8e39-4648-b515-75537fcc41ff,9854506c-de0a-415a-b021-db9262a9db87,
4cbb9e03-d0c9-4d17-bef9-a1035d86c18b,3c4663ca-8e39-4648-b515-75537fcc41ff,a166c6e1-362f-4c17-aa69-c89c17885a60,
86f3c1e1-c3f2-4e24-9156-6a4a71f7dfa4,3c4663ca-8e39-4648-b515-75537fcc41ff,aa4fdba4-6c09-4d1c-9d34-c3bebe5f15ff,
52e36622-0978-4c31-ad3a-d597f51746f8,3c4663ca-8e39-4648-b515-75537fcc41ff,d2ee019d-eb0f-4936-a84a-04d33fdb3a3c,
14adaaf6-a79b-42af-8d14-a8ee1273d514,3c4663ca-8e39-4648-b515-75537fcc41ff,fa67a42b-e397-4184-83c8-e56822e2af07,
f6704d8f-9699-4b92-ba92-8dfaa889b471,3d87dcf0-632b-4f27-a658-ff368d2b4e88,028d2771-808d-4e8a-8af6-b16219524ace,
84ea6c48-93f6-4b42-a7c4-21bd8d1ed7b2,3d87dcf0-632b-4f27-a658-ff368d2b4e88,0a1290b5-2964-46d5-bac7-b57dde109cb7,
4f6ee982-7b75-4d5d-a6ba-921b34304f52,3d87dcf0-632b-4f27-a658-ff368d2b4e88,5a5b121f-43c0-47a1-8f61-c41c99c268db,
f63da2c5-9d03-4909-b552-56dec3e0db9b,3d87dcf0-632b-4f27-a658-ff368d2b4e88,f26badbb-1076-4bb8-b061-87c8b1abc3d7,
12cc064b-452e-4567-934a-cf683ff523dd,3fa53ef4-f2c0-4121-857e-c93d12fff8e3,032073b2-3c1c-4520-9b33-2edbeb2f728c,
197b4e68-c6e5-4cd3-9b62-0bef77996e0d,3fa53ef4-f2c0-4121-857e-c93d12fff8e3,08b494e8-870c-407a-914f-032a1da13f1d,
8af2890a-f97a-4496-a894-2a89304e69de,3fa53ef4-f2c0-4121-857e-c93d12fff8e3,0ea65e1b-370a-449d-a80b-0987d951009b,
4d281d6f-4797-4c88-a302-778d3c5fdf1c,3fa53ef4-f2c0-4121-857e-c93d12fff8e3,12d5263e-6a2a-44f5-b1b6-3963ff0f3f78,
98391f46-35c8-4b74-84f4-325f0131b23c,3fa53ef4-f2c0-4121-857e-c93d12fff8e3,1387c25a-ca4a-428d-adb9-2ea57c5d71c7,
8d45f11b-db92-4390-91e4-9c04b0247255,3fa53ef4-f2c0-4121-857e-c93d12fff8e3,154a8a83-688d-469a-9c40-b1345e80c952,
53504016-706b-45b3-ab3d-b0124e663825,3fa53ef4-f2c0-4121-857e-c93d12fff8e3,1742eed8-c409-4731-82ed-0182dd12c565,
b5adaaba-810e-4a7f-9ca7-c4a2ba1fd5bf,3fa53ef4-f2c0-4121-857e-c93d12fff8e3,29f11d62-3506-44f6-9166-854e41d272b8,
d6336b34-2007-413c-a186-97689e174605,3fa53ef4-f2c0-4121-857e-c93d12fff8e3,2b1c88e7-c26c-4542-9536-e5cd5e9de3f2,
8a5878df-8e4f-4bd0-81b0-24d19b0b050e,3fa53ef4-f2c0-4121-857e-c93d12fff8e3,39263459-78a7-43f1-8b5b-f2c6b845999b,
3be87840-5360-4e76-804d-adcfdaaf2821,3fa53ef4-f2c0-4121-857e-c93d12fff8e3,64725179-28fc-4313-abe4-06ab8b4eec05,
ed65d53c-63e4-4e2c-91f7-470461b4ce29,3fa53ef4-f2c0-4121-857e-c93d12fff8e3,6e223e56-0ba7-4773-8220-c47244a0f3a4,
e52cffba-34d4-468b-8142-2e925cc7af96,3fa53ef4-f2c0-4121-857e-c93d12fff8e3,7f4900ad-d1bc-4a62-969a-361fab40231d,
4aa5ac6d-a0ea-418f-9a7d-4ad23788e86c,3fa53ef4-f2c0-4121-857e-c93d12fff8e3,87171744-d3b6-46ca-a235-2b1ed02e75ec,
0de3f894-36d8-4acc-9c15-ff28b4cbbaff,3fa53ef4-f2c0-4121-857e-c93d12fff8e3,87c9ab4d-316f-4e08-a024-a8a46a688d77,
49201c93-ee9d-47af-80c7-22930fe52583,3fa53ef4-f2c0-4121-857e-c93d12fff8e3,a71f10b7-eca7-42b5-9ade-b02869634ad5,
425a4cd8-3a19-46a8-b6ca-851c1b72170d,3fa53ef4-f2c0-4121-857e-c93d12fff8e3,df27fb18-7947-4a5b-9aa6-9b128d36c0db,
3fd0e4f6-2c5d-4580-9e18-a81342a8e73e,3fa53ef4-f2c0-4121-857e-c93d12fff8e3,e45b5426-24e2-4c13-afe7-2ad62a181301,
21381413-1edc-4639-9dbf-322a3a9dabe3,3fa53ef4-f2c0-4121-857e-c93d12fff8e3,ec05614e-c2a5-4da0-9a79-6d6c50844e43,
d2d02486-7041-4465-b259-01f5991d96d1,3fa53ef4-f2c0-4121-857e-c93d12fff8e3,f00cd2db-6d79-45db-8651-79c388aea92e,
95de5817-bcc4-4d24-8fc9-7cfcd8deff6c,3fa53ef4-f2c0-4121-857e-c93d12fff8e3,f0699ae3-24a3-4c69-aaf8-ce726ba9d584,
22f3a108-278d-4a89-bcf1-2eb104180e23,3fb13e78-0251-4f35-9a1f-ad3e00fc5518,945a7e29-0bb7-4fe3-b9d1-9118ff983d97,
0da85f1d-d096-423b-b741-54b3239219d5,3fb13e78-0251-4f35-9a1f-ad3e00fc5518,afec864b-6502-4202-bfeb-27c6f012e17e,
9c042509-8645-4bf4-8c30-2f8450b542b8,3fb13e78-0251-4f35-9a1f-ad3e00fc5518,b9468292-917b-4718-b43b-d98583f2907b,
67b66089-c905-4e94-8497-1a6c5ce5eb7a,3fb13e78-0251-4f35-9a1f-ad3e00fc5518,c75596af-5e75-447a-a1ff-44a9d5df51b3,
7b761a3f-6dd7-435f-b7f0-0c316d5cfa6e,3fb13e78-0251-4f35-9a1f-ad3e00fc5518,e7c0d49f-e7f2-415c-9674-b2df80eb4ab5,
8a33aad3-baf4-4c28-b8b2-73b74cbfde1a,3fb13e78-0251-4f35-9a1f-ad3e00fc5518,eaf841a1-c304-496a-a12f-c27a0369dc6f,
cd837180-7475-4cec-9346-1cca43b8d0d1,403ca233-e0f0-4345-8510-80223443f54a,03d9a8df-5839-44c5-babf-5250941021bc,
b074b8e7-747d-49e7-97e8-80c1ef43d03f,403ca233-e0f0-4345-8510-80223443f54a,08cecd0c-4210-4d34-99f7-c224c3f7ddcc,
726c12f9-2932-41dd-a1de-36ef05918aa9,403ca233-e0f0-4345-8510-80223443f54a,0c75a6b2-ab56-4537-803f-a59f3bd5a696,
04414f14-946c-449e-b1e1-adc1a09b11ef,403ca233-e0f0-4345-8510-80223443f54a,10ed7e80-0caa-4cad-8e5e-fa115450a86a,
5f3b0065-f3fd-445c-9457-30d21f3a816a,403ca233-e0f0-4345-8510-80223443f54a,180d897c-60c1-4f6e-8e8c-b965b4114cc7,
1ff400d7-a9eb-45f3-bc48-800a1f07d208,403ca233-e0f0-4345-8510-80223443f54a,217edd04-6f32-428c-b6c6-c4c1c19c1677,
18b845eb-48d8-4333-87fa-e305b7932eaa,403ca233-e0f0-4345-8510-80223443f54a,281bb9a7-aa3f-4275-9ece-76289c5fef88,
8be4800e-c2ac-48e6-9e66-09cd1c2e78b5,403ca233-e0f0-4345-8510-80223443f54a,29b9990f-5587-4332-95fa-342b3f695cba,
3a2a6b67-fc35-4992-8aa2-ec9fe40fa534,403ca233-e0f0-4345-8510-80223443f54a,309bd776-b180-4ea7-b024-cbc0c9755219,
cfbb9199-6b67-47d3-8995-3b7261adee98,403ca233-e0f0-4345-8510-80223443f54a,32751701-7c98-4c9b-80f7-cb9171e28bbb,
4e57e530-cabf-4452-9178-04193ff19f24,403ca233-e0f0-4345-8510-80223443f54a,36d5113f-ddc0-4a05-bcd3-c13b5d2eb95d,
6d645ce1-5dc4-4367-8591-fa2f881740d7,403ca233-e0f0-4345-8510-80223443f54a,385f1ea2-b577-4191-b2bb-5db64a80d28d,
9a27017d-923d-4148-964d-bfa435914a10,403ca233-e0f0-4345-8510-80223443f54a,3f1d40c4-d32e-433b-9cf6-f584b2b843c0,
13a0723d-f5a9-46f2-9c78-b945633cbf18,403ca233-e0f0-4345-8510-80223443f54a,4064c0d8-5279-4929-82a6-8f9a4d13a3f1,
18dac4cd-44ee-464a-bf1c-b5308fb0f226,403ca233-e0f0-4345-8510-80223443f54a,4640b89b-1234-4be7-850a-4cc4800bdb3a,
e7ee02b4-d05b-4d59-9491-fb81dad9af3f,403ca233-e0f0-4345-8510-80223443f54a,49c665e7-5ba8-4c38-ac24-efff5f43cbb3,
9001a2a3-2d94-43f8-94bf-9035d9c30553,403ca233-e0f0-4345-8510-80223443f54a,5234b201-f619-4ded-8d66-031a0d253d78,
b6a9dcef-1037-4e82-8aa0-018a79e1b004,403ca233-e0f0-4345-8510-80223443f54a,5b188ddf-ca00-403c-894c-6e0bcfec89d3,
1955bd41-8c1e-465d-9f77-6a167ba1320d,403ca233-e0f0-4345-8510-80223443f54a,5c9396bc-9bca-44a1-a115-6887056445ae,
99b865ad-e50e-4485-a5b5-1a20243f6341,403ca233-e0f0-4345-8510-80223443f54a,601d2b23-afd5-4a0f-961e-53b91edd5073,
7a510881-97a5-432f-b58d-5fa1948970b7,403ca233-e0f0-4345-8510-80223443f54a,63638524-e638-441d-b676-e8e8b1231727,
83aa2595-157e-4c50-9ebc-79b1cdc3312a,403ca233-e0f0-4345-8510-80223443f54a,6b3908b1-338f-47f8-9482-6937ac7e96ed,
2229eb18-f1c9-401e-94f0-7c2ffb45e5a2,403ca233-e0f0-4345-8510-80223443f54a,7193dcf6-c48e-45f2-b426-205faf812eea,
43bc8f58-5a48-4b74-bb0a-0f92a0150b1b,403ca233-e0f0-4345-8510-80223443f54a,76147327-2745-4120-b06e-b8df2a3a9c68,
5d95f29a-28c2-4f78-9500-9f85d0638b15,403ca233-e0f0-4345-8510-80223443f54a,86d0cf2f-a63b-46dc-8e04-361f63bfa341,
b354145d-a18c-4caa-97e6-14cd0cac3710,403ca233-e0f0-4345-8510-80223443f54a,902bec18-efb7-46b1-aab7-926d6346b58d,
c1b68702-1edc-4467-9e43-736d9635d9fb,403ca233-e0f0-4345-8510-80223443f54a,92cf8e09-1f33-4248-bbd9-9e55f42598ce,
7050e225-2516-40ea-b5c4-448608021dfb,403ca233-e0f0-4345-8510-80223443f54a,99afd8c6-ebd9-4814-9f2f-b3530ba4d2b2,
81022201-36d3-4955-9259-f38f81e537e8,403ca233-e0f0-4345-8510-80223443f54a,9c66da61-4583-4a8a-a0bc-5b0863ecd4dc,
080a39db-1e65-4240-9428-73ff9f6aa4b4,403ca233-e0f0-4345-8510-80223443f54a,9d2dd045-3b22-45f1-be45-8e5b8e8c892c,
94257bce-1a8a-42ef-89e8-de8bd3827f9d,403ca233-e0f0-4345-8510-80223443f54a,a5805466-8b22-42eb-81c7-9c06da76ed54,
2a979253-67f7-43aa-acfc-9dca1108de17,403ca233-e0f0-4345-8510-80223443f54a,a89b48ba-931a-4c12-9b75-57eb10331d42,
5d3eac80-abae-43e7-8d3f-f4eb173a6313,403ca233-e0f0-4345-8510-80223443f54a,a9e88fdf-4dcc-4ffd-a1e9-cc0e6e514b55,
89c41318-028b-4e67-b611-702b5a851a7c,403ca233-e0f0-4345-8510-80223443f54a,acf80af1-900d-4e5f-96cf-fa185a0bb0e4,
51dab3eb-21b2-45ad-b393-678b1037330a,403ca233-e0f0-4345-8510-80223443f54a,adfb8f46-8939-4668-9d8f-8dccc4ec0dbc,
2bc78eb8-e2c6-4805-ac6e-1013e49aceba,403ca233-e0f0-4345-8510-80223443f54a,b088b4cf-a795-4f02-82f4-65b95bb6370f,
171b5014-50f0-4187-ba16-0db04df0bcfc,403ca233-e0f0-4345-8510-80223443f54a,b16da593-7b5c-4628-9b34-dda859f64126,
59cc8623-663f-4c5d-91a1-52bee1cb782f,403ca233-e0f0-4345-8510-80223443f54a,b5ff0635-56cb-46c9-8487-cb8cab59d2a8,
8edf8143-0bf3-48c1-824c-a70de9bd0e55,403ca233-e0f0-4345-8510-80223443f54a,bfb03ca4-04a9-4a29-84e7-43a29f9f59e4,
1b79d017-65a9-4370-ae0a-8ad124626ad4,403ca233-e0f0-4345-8510-80223443f54a,c60a4729-a167-4920-9bbe-2aed374937f4,
51ba0056-4329-4dd9-80ae-1d8eb9c13bef,403ca233-e0f0-4345-8510-80223443f54a,c75e2b14-38c8-406e-b07f-1664f431bdd3,
ad281e8b-6e0b-496c-bb2a-0f0c26421672,403ca233-e0f0-4345-8510-80223443f54a,c90cd7d1-acb2-4820-bdd7-6da8b6aba49d,
3435b599-f23f-4a1d-b9cd-75a2103754b2,403ca233-e0f0-4345-8510-80223443f54a,d4d015e5-1722-4778-9a3d-8a1b80bb8d62,
b82b03d5-6d09-4283-950b-a5b0d99b4919,403ca233-e0f0-4345-8510-80223443f54a,e258a349-9f42-4caa-8c14-918738368dd3,
2ca4566e-b6bf-437c-a372-8baea88c5bb9,403ca233-e0f0-4345-8510-80223443f54a,e5b9aa22-fd5b-49a4-bcde-930067c366c4,
c94892f9-a35c-48da-b037-02d0668b4bd9,403ca233-e0f0-4345-8510-80223443f54a,e6cb8234-14f9-4997-9aa6-88f54d0e48a6,
a7290f99-f593-4517-9743-7d7ca0c14d34,403ca233-e0f0-4345-8510-80223443f54a,e7e52d19-c816-45dd-b138-d562441f1c71,
2ee90e2a-1dd7-4f6b-a9ae-af3eb8a55fa7,403ca233-e0f0-4345-8510-80223443f54a,f570d626-e6b6-4de1-8a98-94fcdd62a667,
5d57cfe8-079e-4a2d-97cd-5fe674d985cf,403ca233-e0f0-4345-8510-80223443f54a,ffffb8f5-8a40-4825-9b1b-58b2015cabfa,
985aa2a1-4020-4108-9766-a0814b3e135b,42798a42-1c47-4f12-8324-9666d5da70b1,15bf51d5-c2a8-43a9-a927-2191bc1a08ad,
253c90be-9ec6-4517-af32-a99702280c8a,42798a42-1c47-4f12-8324-9666d5da70b1,1b83ad4d-f5cf-4ac7-8b3e-70098a301998,
acf2d3eb-2249-45e0-bdf5-1f3e6e0ed735,42798a42-1c47-4f12-8324-9666d5da70b1,4614c75c-96dd-44d4-a67a-62753e31e99d,
79ca6d21-0c3f-41a5-8e24-3da5668d7ac9,42798a42-1c47-4f12-8324-9666d5da70b1,53260cba-fb0b-4b90-aab4-55d4518b8b8e,
944c32ef-b65c-4bba-a6e4-93b2036636f4,42798a42-1c47-4f12-8324-9666d5da70b1,579af8e0-edb2-4118-9407-cb4149aec63e,
ab0dec60-71e7-4a7b-9f4c-44636e515117,42798a42-1c47-4f12-8324-9666d5da70b1,57ce7d07-e42f-4518-a871-0fe0e7c7fb30,
0b9465a2-85cc-4dc9-99cf-0d0e18e091cb,42798a42-1c47-4f12-8324-9666d5da70b1,63cde894-24f3-4619-b8d3-588d3044b4ed,
bd8dd5f5-c0de-403d-81d7-b099bb9f90e9,42798a42-1c47-4f12-8324-9666d5da70b1,6c94e801-f9f7-4e99-bf45-a6a67bfe574e,
143d93f5-9c0f-40e0-a996-d2f5a4a7bc12,42798a42-1c47-4f12-8324-9666d5da70b1,790a1a7d-e65e-4ee2-9147-5fc639aeac11,
c92e94f8-1660-4688-a5d1-8a2a12956005,42798a42-1c47-4f12-8324-9666d5da70b1,8241e271-c19c-4462-a69a-fc1836651e87,
8065975e-15f9-45fb-abdb-eb497b66b623,42798a42-1c47-4f12-8324-9666d5da70b1,bbb89a2b-c661-414f-b9b6-a7d34fb0c953,
dc57d7b4-6338-4079-a98e-c12c651ca406,42798a42-1c47-4f12-8324-9666d5da70b1,bc4f104c-0cfe-43ae-9b0b-1469b06dfb7b,
74cd8b43-d356-4acc-85c5-d128a65ed9bb,42798a42-1c47-4f12-8324-9666d5da70b1,bd0b9997-4f9d-4674-9969-c33e3effb5c4,
521fea78-3a84-4eb8-af26-845b7301c6c5,42798a42-1c47-4f12-8324-9666d5da70b1,c02c6c45-424d-4429-b7d6-775117481862,
eaef73fa-16bb-447e-af6b-c8adfe671cb7,42798a42-1c47-4f12-8324-9666d5da70b1,cd17f233-041e-4b9e-93c6-05a4c8bc3ed5,
64f6e15e-958d-4285-bd2e-ae68fc89355c,42798a42-1c47-4f12-8324-9666d5da70b1,cfea9a5c-dfa9-4913-ab79-ef0ece12397f,
692252fd-f768-4f3b-86db-d11871f3454e,42798a42-1c47-4f12-8324-9666d5da70b1,dd688a01-578e-4404-aea1-469ba1a405d5,
3f671617-60d7-41e6-97f2-f5a9f4edab26,42798a42-1c47-4f12-8324-9666d5da70b1,f0308a3f-5962-4b8c-a44b-d49c57ad33b0,
62f32868-85fb-4025-b276-a9dc84dbb3c7,42798a42-1c47-4f12-8324-9666d5da70b1,f8f5e8f9-30d0-43e7-bf3c-5eb207acc7db,
1089c805-120e-4ec7-bbae-960509ebb487,428ed09d-f1f7-4ff9-9d84-21e2236ee57a,407451c1-aff9-431e-b7ef-f0c21e43e550,
fc6b629a-d9c1-4d35-bb19-d4f2b6d3f442,428ed09d-f1f7-4ff9-9d84-21e2236ee57a,7ebbbe0a-b4a5-4a18-bead-64fd7d630dc6,
fbb53729-9682-4126-bc61-dbb4923b9db7,428ed09d-f1f7-4ff9-9d84-21e2236ee57a,bbebb2e1-7f6c-4529-b19a-c114854660e9,
dabfe6f2-0694-43aa-bef8-0cf631c71bed,457a92a0-4618-44fd-b4c6-5b0748f1423f,0f807431-b11c-46c1-ba6b-7b1855205ed2,
e6e2a1c0-0c09-44e7-b976-81006bc208d6,457a92a0-4618-44fd-b4c6-5b0748f1423f,3ed25704-143e-4b3e-9c4a-49e588941e6f,
9dfca79a-0c03-46d2-8db2-e7e1bc78cce5,457a92a0-4618-44fd-b4c6-5b0748f1423f,4062457c-9b09-4afb-a938-b3aa5140b3b9,
11fe9359-16bc-410c-b0d7-09221287edde,457a92a0-4618-44fd-b4c6-5b0748f1423f,c4873bfb-0fb2-4356-a163-94c998f79eeb,
4c23ea53-a2a6-4662-8c51-ae43f5ac51f9,45a1b09f-e4be-41a9-bd09-272e0f7ee768,1822674f-a8da-40af-91d7-91ead1aab2fd,
83e47050-b97b-4e21-b9d0-038bf8477694,45a1b09f-e4be-41a9-bd09-272e0f7ee768,988973b4-922d-4636-8834-b9582885b024,
11b681a3-a64a-4870-9c8c-06dffe2260c2,45a1b09f-e4be-41a9-bd09-272e0f7ee768,ffd9aa34-6a7b-4148-a350-46c35650706a,
fa1357b9-1604-4215-ab9d-29b7e54b803e,489bbf67-da0f-4f87-94ab-c345b46eb104,064d63a6-137d-4173-a4da-010a3ff0a52b,
828e2eac-822b-4579-86d6-d903b99156ea,489bbf67-da0f-4f87-94ab-c345b46eb104,10b8c072-1c3e-4a48-825a-2ca82a4a8203,
e1488809-3fe8-40c0-a8a0-edd1d0c34e70,489bbf67-da0f-4f87-94ab-c345b46eb104,2b36f8c6-26a3-4538-bbaa-15a252539d75,
af8211b6-e7ce-40b6-93cf-555d7f4c570d,489bbf67-da0f-4f87-94ab-c345b46eb104,4b0db1c9-7d41-443b-88ea-01623c4b9d6a,
bc6d0a6f-f39c-466b-9140-ba2a30556f88,489bbf67-da0f-4f87-94ab-c345b46eb104,65f32723-098d-48d0-a311-0724d4584022,
e9d24076-c1ef-4be1-9948-fb57649e5ee9,489bbf67-da0f-4f87-94ab-c345b46eb104,65fffb2e-e6d6-4e58-8226-8ccbf885b03a,
71bebe3e-a157-4531-8fde-03163df0686c,489bbf67-da0f-4f87-94ab-c345b46eb104,7941f661-5ddd-49b5-b8e3-965d458e6c59,
165c777d-1e08-4a03-a16a-998866ac340e,489bbf67-da0f-4f87-94ab-c345b46eb104,7bc9a0b4-1ba1-44e6-86f1-f41edd68f7c2,
8743c688-519b-4b9e-a163-430118f353ba,489bbf67-da0f-4f87-94ab-c345b46eb104,7ee8bfc9-8345-4c0d-b3be-77016d40d022,
215adadd-16f1-4c30-83a6-d5c2f831c8e2,489bbf67-da0f-4f87-94ab-c345b46eb104,8212b1e9-ff81-4b83-987a-a15c8ef8ffd1,
97e7d0cf-180f-4876-bd1c-2ce7d139465c,489bbf67-da0f-4f87-94ab-c345b46eb104,ddf53e77-60bc-4be7-9b1f-57fd1d252fa1,
61d1010c-aac3-4562-84fe-25997297da41,495a5424-b675-4a51-9d66-5e98786664ea,03af3065-1f3a-4a55-8f58-dbadc89285e4,
ec650bcf-cf11-4145-8d90-ec07f4bf9b6c,495a5424-b675-4a51-9d66-5e98786664ea,0460d60b-13ff-438a-9f0e-9071142ba678,
1eae4720-fd9e-4b0a-a574-f8b4dbabd39d,495a5424-b675-4a51-9d66-5e98786664ea,08eb249d-796d-4b36-a51e-f10d51cad62e,
4a909e28-64c0-4bcb-9f1f-859b97d538c4,495a5424-b675-4a51-9d66-5e98786664ea,155aa8b4-b077-4ce9-817c-c65441c842e3,
57101a41-ea6b-4fe2-842b-0a3aa6a8f630,495a5424-b675-4a51-9d66-5e98786664ea,183fc768-36c8-4662-aa81-1cf1bce1e2ea,
5962fc6f-1dd8-4da6-bb0c-4a4f29e91413,495a5424-b675-4a51-9d66-5e98786664ea,183ffde7-b42a-4edf-8086-2159eed843c3,
437d3a53-1c5a-418e-968a-d2d48b3b909f,495a5424-b675-4a51-9d66-5e98786664ea,26283739-4277-4f31-b7f1-dc45db2ef61b,
c1819c3f-948f-4e1f-9abe-360cac0ecef7,495a5424-b675-4a51-9d66-5e98786664ea,27c47f2f-43a3-4af8-ad9c-d00de8f3c616,
e830f024-304f-48a1-ba51-ec080ce1ca15,495a5424-b675-4a51-9d66-5e98786664ea,2d399d4c-de36-49f5-946b-342431530992,
64f505e3-15e6-4920-95cc-2f389508ad03,495a5424-b675-4a51-9d66-5e98786664ea,2fba2339-0757-438d-8f0e-7c05d80550bc,
21ae8ab4-ef93-4153-8315-f61ea7ee5835,495a5424-b675-4a51-9d66-5e98786664ea,35de921a-4a49-48b8-8d81-2fa6ac5b8cfc,
f8b5aaee-a409-4808-ac94-30da74427da1,495a5424-b675-4a51-9d66-5e98786664ea,4293ef6f-26c5-4538-a2b8-7d075981ead5,
d9f12014-dedb-4694-8c73-442e77cf53ac,495a5424-b675-4a51-9d66-5e98786664ea,5494bca2-d930-4fc0-85c6-5e73201db24d,
09eaac86-0a6e-40a6-adf8-f096e47b6418,495a5424-b675-4a51-9d66-5e98786664ea,5fa9d31d-0d2e-4125-8946-d019c963b9d7,
9eac9488-9dcf-473b-867c-33a0d4dd38b5,495a5424-b675-4a51-9d66-5e98786664ea,5ff5ee37-efc2-44f5-900d-6b9d5390838a,
3c49a48f-3683-4d8f-8570-8e0a5d612b89,495a5424-b675-4a51-9d66-5e98786664ea,61893e28-a62e-4c7c-93fc-19a7f656c778,
05a4ebe0-bd1b-4047-8cdb-8765f1c6dbd4,495a5424-b675-4a51-9d66-5e98786664ea,644c7060-c6ce-4a07-ba09-ec06c197bc31,
9d5fff67-4351-4209-adfb-c0cabf3564d7,495a5424-b675-4a51-9d66-5e98786664ea,68d60826-dded-4529-a655-1406118210e8,
45b46383-61f5-44f4-83e9-3f42986e5140,495a5424-b675-4a51-9d66-5e98786664ea,6be89dd5-c438-4605-875e-27a599d11a4f,
e5170b0d-1bd7-479a-93d3-313dbda0caaf,495a5424-b675-4a51-9d66-5e98786664ea,6d91bc47-e5e3-4ab2-b1b4-db8452763db5,
b18656c8-8b6b-4772-99ca-a11aaee7e8b8,495a5424-b675-4a51-9d66-5e98786664ea,7554018e-a680-4885-b5aa-88acdf235830,
c35386d3-c70f-4ad9-997f-7de1404ba4cc,495a5424-b675-4a51-9d66-5e98786664ea,766ff239-e1f4-4940-bc1b-e634931f9e15,
af7a95f8-27bc-49e3-924b-5b13558fadee,495a5424-b675-4a51-9d66-5e98786664ea,831f2f64-29b4-413c-a44a-b971c7b793ff,
2b70a562-67db-46ce-a170-890cae039f21,495a5424-b675-4a51-9d66-5e98786664ea,85063526-ebdb-4d83-a94f-f66f23d08373,
7241405b-9d62-4267-badb-8df440cfb8fc,495a5424-b675-4a51-9d66-5e98786664ea,8a35d01c-4ca6-4993-ac47-4f00d80c6e90,
7c783099-b3d6-4b96-acf3-6758534fe870,495a5424-b675-4a51-9d66-5e98786664ea,92d5ecb8-7525-4b9b-983a-f37445f6cbb8,
7449d6ed-b817-4680-afc4-6c50be2a29c9,495a5424-b675-4a51-9d66-5e98786664ea,a08eb952-53f1-4be4-bdb6-77703747f8b8,
524ff2a8-9900-4893-8bff-2dc7b5e09aea,495a5424-b675-4a51-9d66-5e98786664ea,a2fa6148-2299-4076-bc1c-2169024f0482,
88903364-9f6e-466d-841a-9fe8161e29b0,495a5424-b675-4a51-9d66-5e98786664ea,a5d84695-36f0-4e62-95a2-133fe19ed5c7,
9b0eb468-0450-4019-90cd-47d8271fb0ea,495a5424-b675-4a51-9d66-5e98786664ea,aa6c39b1-18d3-414a-b0a0-2683fe1d63da,
ac7816d9-844a-4d7b-aa8d-73e89f142636,495a5424-b675-4a51-9d66-5e98786664ea,abb3b4ef-0f95-4a2c-920e-e95c9b3959ff,
e88b812a-8883-422a-ae81-43a86b1fe363,495a5424-b675-4a51-9d66-5e98786664ea,b9daa069-0808-4040-8641-ada6e125eecc,
9c5c3912-f7b3-4681-896a-4d5820180c07,495a5424-b675-4a51-9d66-5e98786664ea,be491d64-7078-4530-b3ae-42012694b958,
3662aa2a-87b7-4d83-b586-996dde0f427d,495a5424-b675-4a51-9d66-5e98786664ea,c8f7e2e6-55b1-4f77-88b7-4c0f0dfa15de,
3ff2033f-1cbe-4177-bc58-19eb2d1a57d6,495a5424-b675-4a51-9d66-5e98786664ea,caa2656a-e63c-419b-abe6-c0ffa29ee630,
5e360dd1-38b4-43ec-ad97-1c0b93837714,495a5424-b675-4a51-9d66-5e98786664ea,cc31cac5-9aec-42d6-8beb-416ee3934772,
2567f238-acc6-4a61-a80b-2bd4de3cd769,495a5424-b675-4a51-9d66-5e98786664ea,d092d8d9-f7b0-4523-a9ec-7a731a9170f6,
fe8dcb40-1957-4f70-ba71-3721069101d0,495a5424-b675-4a51-9d66-5e98786664ea,e7777799-eda5-447a-8fc8-a93e061f5dcb,
a4806d37-b0ce-4e0b-acc2-9dfd692dd219,495a5424-b675-4a51-9d66-5e98786664ea,eb90198a-4f8a-4fb5-9371-785d9b675255,
0516de0b-e628-42d1-82b0-d51cba9c61da,495a5424-b675-4a51-9d66-5e98786664ea,f6978592-be7a-41c3-a11a-667b98131c5e,
362f584b-c602-4df6-8b78-5b3adb2f57af,495a5424-b675-4a51-9d66-5e98786664ea,fda85c77-e9a2-4b25-9e8d-bf6b43194d56,
dee1bd4c-23f0-4c16-b1df-55d11f5b19fa,4a5f126a-0751-4429-b0dd-4d2d044e8449,0633e920-36cf-4fc1-9cc3-cdf9f85d66f7,
2a17769c-b558-4647-97fc-0aa8043ed0da,4a5f126a-0751-4429-b0dd-4d2d044e8449,101d2565-8882-4be7-a2b0-70ef209e3a72,
48e743a1-5958-44f5-8453-79a543e5e512,4a5f126a-0751-4429-b0dd-4d2d044e8449,529483f5-d8bc-40a9-b205-a1d64e2436dd,
bad98d04-7fb1-4e87-9062-280919077774,4a5f126a-0751-4429-b0dd-4d2d044e8449,69884761-1c89-48d6-9855-8eac8cfaab2c,
2c22231f-8e31-4426-8b70-6077088054ce,4a5f126a-0751-4429-b0dd-4d2d044e8449,99bbaf19-ac65-4f13-98b8-0673ca24fdca,
983e8de3-d231-4884-ba51-2de05393f2f8,4a5f126a-0751-4429-b0dd-4d2d044e8449,9c3e5303-b011-4e9f-b03a-a69f70fd3b9c,
5e8e952f-fa91-4291-aa20-dfcaeed25da0,4a5f126a-0751-4429-b0dd-4d2d044e8449,a6151c2e-254e-4a1f-b49d-fee65bba96d7,
f13199fd-bf4c-407e-b5db-9ec196310e94,4a5f126a-0751-4429-b0dd-4d2d044e8449,b39c33e3-b4d7-4e15-9b1f-498eaaa26b60,
2af562be-fccd-4c9b-8fea-b252cc3fcc17,4a5f126a-0751-4429-b0dd-4d2d044e8449,f0e27677-536a-476e-a6e5-d09b34e641d6,
093f6a68-077e-41e1-9921-22773f50cd2c,4a5f126a-0751-4429-b0dd-4d2d044e8449,fd0cc971-13e4-4225-8e9d-6bacb2ecc1ca,
cc8bb3c1-32c9-4e8e-a2b1-ed54444b2e7c,4a9beecc-dbe2-434c-a2b1-f701bfa79e8b,02691c41-9f00-4ef5-8cf0-668e7607fea3,
af0bee4b-b6a6-4ed2-95a4-8bb2756aff8a,4a9beecc-dbe2-434c-a2b1-f701bfa79e8b,0641c92c-d3db-4a72-952d-66209c9b98ed,
232f3af6-e4c8-4f73-924c-9765b22dee96,4a9beecc-dbe2-434c-a2b1-f701bfa79e8b,10940f2c-ea91-4732-b0e7-43a2b2ef2968,
7eaf32de-2e84-4ccb-a5dc-e83e32d63d1c,4a9beecc-dbe2-434c-a2b1-f701bfa79e8b,119cf5f7-2f29-4f35-a835-7788886f7a07,
11c10f28-f927-492d-9d61-57d79f6aac84,4a9beecc-dbe2-434c-a2b1-f701bfa79e8b,22424411-11c1-4d6b-81dc-6d4d2781c20e,
0ea61584-ee1a-40f7-9d0e-93d3bc4b6b8b,4a9beecc-dbe2-434c-a2b1-f701bfa79e8b,2e026dee-ef76-45b8-b950-615759718316,
7e1db8ed-371c-4ad5-a990-200ec059198a,4a9beecc-dbe2-434c-a2b1-f701bfa79e8b,4390421f-bd49-4ccc-9503-023b08be8f19,
4dac1382-fd56-4f39-9d82-07c8c1b1d43f,4a9beecc-dbe2-434c-a2b1-f701bfa79e8b,48318436-74ec-47e8-b5ce-ec598723c0a6,
0ad44cdd-29db-43db-9539-ee9f0f49448d,4a9beecc-dbe2-434c-a2b1-f701bfa79e8b,49bc5cd9-2e56-45ab-a371-1ce50662794c,
6e4680d1-d43b-4deb-a34d-271df67f6014,4a9beecc-dbe2-434c-a2b1-f701bfa79e8b,4b500812-13b7-4cfc-804b-e80750beba88,
d7965b7a-b87d-451e-a92f-04d8a90900b1,4a9beecc-dbe2-434c-a2b1-f701bfa79e8b,4d3ada0f-8c25-4eac-9602-6beca9f73355,
06f1f8c6-1e57-4f05-aaac-24f2028c3c05,4a9beecc-dbe2-434c-a2b1-f701bfa79e8b,4e11f17a-6c58-4d21-ae65-5a187bd3a2db,
a2adceb2-3995-44ee-a8d7-b1b1b989d827,4a9beecc-dbe2-434c-a2b1-f701bfa79e8b,51e6fec0-2969-40a3-942c-1e2f7e182517,
384cc358-82c4-4a23-b4d8-d4cfd9d9ac95,4a9beecc-dbe2-434c-a2b1-f701bfa79e8b,5e08d63c-da64-46dc-a9b0-9ae6c6ddf56d,
752f55c8-1ccc-4e8c-aecd-aff6a293f4d6,4a9beecc-dbe2-434c-a2b1-f701bfa79e8b,604dda75-ab25-442a-b6c0-69c600cce43a,
7ee657f0-98c5-46b0-b950-4983e22681f7,4a9beecc-dbe2-434c-a2b1-f701bfa79e8b,6c872380-0294-4f53-9b89-b0ea88f1876d,
62e5408e-5387-4ba9-b3ad-80ee0c0be084,4a9beecc-dbe2-434c-a2b1-f701bfa79e8b,720a788a-3788-41de-8805-30c6f57d2df9,
a6b42072-d5b9-4860-bb95-1177bf3a30c3,4a9beecc-dbe2-434c-a2b1-f701bfa79e8b,720abc0f-b51d-45dd-8f07-bb3ff5e1d290,
159d825e-d14b-4fc6-a0d5-9a337ca57ba2,4a9beecc-dbe2-434c-a2b1-f701bfa79e8b,7ddc95ba-aa56-4b52-9ca9-7254945d33ea,
6bdef8cc-3197-4fe1-935d-e037fef49162,4a9beecc-dbe2-434c-a2b1-f701bfa79e8b,8e5d9654-3fe6-4779-84e2-f3e2ac5ab76b,
e94e32aa-7873-44c1-aa29-c03769719ab4,4a9beecc-dbe2-434c-a2b1-f701bfa79e8b,919ce35e-ccc2-4040-81eb-27ee1397d0fa,
20e702a6-3ba0-41b4-95a9-8a2a38b502b8,4a9beecc-dbe2-434c-a2b1-f701bfa79e8b,93ede414-57da-43e4-98ae-120acb356f0f,
481db345-b671-42d7-a870-3da8f7ce6b50,4a9beecc-dbe2-434c-a2b1-f701bfa79e8b,9457edf8-e750-42f2-9e00-56a0ed8730e0,
9ea6adb5-a998-442b-aece-3c60a66182a9,4a9beecc-dbe2-434c-a2b1-f701bfa79e8b,94e2b411-2070-4e26-8476-9f13acd735a4,
01239d06-cc46-4b6b-99ab-f65e1bfa7015,4a9beecc-dbe2-434c-a2b1-f701bfa79e8b,956ff2d2-0cd3-4633-b6f9-a7ebbd2210e0,
9d826425-adc3-4b28-9b5a-7015d98cc7d1,4a9beecc-dbe2-434c-a2b1-f701bfa79e8b,98b89fbd-3939-42ad-8f39-2c71498c3b0f,
59a53431-5e94-4557-baaf-f69342aa1754,4a9beecc-dbe2-434c-a2b1-f701bfa79e8b,aa052c8a-99bf-4909-b91d-5ef2aa14e7ff,
acbd3f1c-45c7-4353-8a8d-62943ca64465,4a9beecc-dbe2-434c-a2b1-f701bfa79e8b,b0b1ed57-f35c-479e-be40-0c01f98e878b,
3e387a44-ed36-497c-9001-80201b2a3934,4a9beecc-dbe2-434c-a2b1-f701bfa79e8b,b7e047ec-c478-4b6b-a0e3-c68d0ea9205e,
68c3e3c2-9681-4e55-bed6-19270b48f94d,4a9beecc-dbe2-434c-a2b1-f701bfa79e8b,b890b3a8-a198-46a3-aeb9-f5683eb5c798,
46d3e0ce-33b5-4076-b546-bdeac3aae5ac,4a9beecc-dbe2-434c-a2b1-f701bfa79e8b,be8e781c-c25f-411f-9731-429e77d65ef2,
81750a4c-ecf8-4fda-94ff-714bd8d1d96a,4a9beecc-dbe2-434c-a2b1-f701bfa79e8b,c01678ba-49a6-4fbf-93ca-4b8d175ff8bc,
1eb632d6-2a14-44a8-bab4-08a2c5fb4c4b,4a9beecc-dbe2-434c-a2b1-f701bfa79e8b,c161bff6-b040-45ee-ab5d-1c6e86cbcea2,
51102858-3bb0-4c07-93f4-82584e18e4a7,4a9beecc-dbe2-434c-a2b1-f701bfa79e8b,c37dd3f4-adbd-49ee-abde-5063c59ddbd3,
faf7af3d-c418-4418-9609-51e81fec1dad,4a9beecc-dbe2-434c-a2b1-f701bfa79e8b,cbbaf29c-cf9f-4599-b7a4-8a134efb348c,
d00cbe7b-32d6-4a8e-9d09-c7bdb06f0137,4a9beecc-dbe2-434c-a2b1-f701bfa79e8b,d0214d86-c382-4467-b6cc-539bd7ea4a8d,
e5e15182-ae25-4873-8621-707c85fbb97e,4a9beecc-dbe2-434c-a2b1-f701bfa79e8b,db33f891-ba3d-4fef-8c47-7f1cf92441d3,
8e62edb9-8bfe-4200-a480-b6c193ed2f43,4a9beecc-dbe2-434c-a2b1-f701bfa79e8b,e09c8ad1-ccb5-4028-b224-76114fd5d51f,
edc628f5-a6dd-4387-8572-703aeadc4443,4a9beecc-dbe2-434c-a2b1-f701bfa79e8b,e671dea1-c224-4e6d-a8fb-e249c95a4f3a,
d12de5cc-5816-49a0-80a9-c8fe9d1de545,4a9beecc-dbe2-434c-a2b1-f701bfa79e8b,ee812e26-80a6-4575-b3ed-b5dfe36687e6,
9a222eb6-83f6-4cfe-bf1f-b7fd1376fc76,4a9beecc-dbe2-434c-a2b1-f701bfa79e8b,f320fde1-215b-449f-a70d-21ab44ed2c80,
a7a1e6e1-e401-48a6-82aa-fccbf693a9ca,4a9beecc-dbe2-434c-a2b1-f701bfa79e8b,fd4da1ea-e7d4-4e68-af48-814e1c30e105,
5ec50332-149b-4150-a030-4b34029a906f,4a9beecc-dbe2-434c-a2b1-f701bfa79e8b,fd6a8ddc-81e6-49a1-a6e7-939a3144b976,
9cd2189f-c2d9-4882-9650-51eca8c42b1a,4a9beecc-dbe2-434c-a2b1-f701bfa79e8b,fe3d7455-cdbe-45b9-b34e-86d7edfd344e,
ae8993f4-fb5e-4442-bc4e-7d30bfebd07d,4aa1c9c7-6446-4985-9c77-c37fb188992a,01dd0f04-3289-45c2-9dd9-f5600c25a02c,
5a3dad4c-fff1-4004-affc-2b045cfceb87,4aa1c9c7-6446-4985-9c77-c37fb188992a,05d6eb28-2e7d-473f-aaea-c2a67549e7f1,
4e08b5fe-1f9a-47c3-a76a-46bf866b754f,4aa1c9c7-6446-4985-9c77-c37fb188992a,0953abad-1a5d-438f-af49-6ff060ba6f0d,
4a248fad-0407-4477-8533-04b681096fe4,4aa1c9c7-6446-4985-9c77-c37fb188992a,2b428a9e-f457-49da-96e1-f2094d24f30b,
1c7f1627-2419-4c25-8ea4-6081036a3e9e,4aa1c9c7-6446-4985-9c77-c37fb188992a,37b69ba0-a539-4288-9275-72eea9c53350,
1f87ad19-e8b4-4453-aba2-81d82540d5ef,4aa1c9c7-6446-4985-9c77-c37fb188992a,37e4f26f-5579-4ea9-814d-5e42b2391b70,
d8aa599b-cfce-4bdc-a2ab-3dbc5a48563e,4aa1c9c7-6446-4985-9c77-c37fb188992a,5394b70c-67a1-4684-8754-7bf66dba1bb3,
d19c91c8-19e6-4ba1-838b-ec8568a14e5d,4aa1c9c7-6446-4985-9c77-c37fb188992a,68d40d64-06a9-4c36-acf2-c8f651bfff85,
33c6192f-cc45-4425-b5b9-fb9d2eb5f16d,4aa1c9c7-6446-4985-9c77-c37fb188992a,7b4cddcd-efb5-45fe-9b15-b66d2392caa2,
8e3a6531-a75b-4ba1-bfb2-19b22d5abe5a,4aa1c9c7-6446-4985-9c77-c37fb188992a,8356555a-ac1e-4d2d-a094-966216da5035,
ab86c8f4-6d62-4ec2-b29a-a7e50d356507,4aa1c9c7-6446-4985-9c77-c37fb188992a,8c5486ce-a600-44e8-91a5-2ea3228deed5,
351e5931-b903-4b58-9b5a-a0b9df6a34c6,4aa1c9c7-6446-4985-9c77-c37fb188992a,8e50b67d-2801-4dea-88fd-08873c4823d4,
66b55f5e-c57d-4de6-ba25-de74185ec7f6,4aa1c9c7-6446-4985-9c77-c37fb188992a,90113ec2-aae3-456e-be79-21aa030bda66,
7b592ce2-10b8-47f0-8936-e2c0a65c731f,4aa1c9c7-6446-4985-9c77-c37fb188992a,95dd78ad-c927-48c4-a6d1-486d053a1eca,
3a8ce8a0-1ea7-4c88-b317-cfcb56b6e676,4aa1c9c7-6446-4985-9c77-c37fb188992a,960e4d05-b6d6-4848-a250-9fd02b6caca6,
f7b7db81-dc4a-40ee-bdcf-817652755eb9,4aa1c9c7-6446-4985-9c77-c37fb188992a,98636363-7309-4b96-aee2-7d31ee3b6d3a,
784a4322-e085-466e-a937-b86305544ba3,4aa1c9c7-6446-4985-9c77-c37fb188992a,ad50f51b-b5eb-483a-99b0-f48f328c5111,
12250e12-fb4e-4ec0-b38c-42957a060ab2,4aa1c9c7-6446-4985-9c77-c37fb188992a,b29967be-4c36-42cf-9271-29e34bd78de0,
305be4d2-3840-486c-9539-f0273e41e67c,4aa1c9c7-6446-4985-9c77-c37fb188992a,d3730369-cff6-44cc-bb3d-b27991df93f7,
b538d5dd-85e2-4012-88b0-630965abf1fd,4aa1c9c7-6446-4985-9c77-c37fb188992a,db260ad1-0283-4ba2-8df4-4e50d44760eb,
6c95f623-731c-4faa-8ea9-4b9af6d47fcc,4b714dbf-2759-4492-a675-eba700870830,06d09818-3676-4660-ab0a-66ed7be804e8,
8f549ef9-1d87-4ca2-8603-79dd374f68e5,4b714dbf-2759-4492-a675-eba700870830,21c3aa29-7b75-4bec-9e3a-12a7de84ff11,
96971a31-4ef3-4b30-a20b-9f10a6e81735,4b714dbf-2759-4492-a675-eba700870830,34129e70-ad79-4680-ab67-e217abc7b970,
bc1fc179-e9cd-433c-b1c9-c6ed8d129d77,4b714dbf-2759-4492-a675-eba700870830,3edfe821-7404-48bc-bb31-85fa9b9bf05c,
e0078fa2-6eb0-4d95-a247-f9e8a51a7039,4b714dbf-2759-4492-a675-eba700870830,48b14abb-706a-40cd-b933-183893cd3b2e,
b3a3ce07-a72d-47cd-b1c5-4375f2d633a5,4b714dbf-2759-4492-a675-eba700870830,934afa05-9dd7-4fc6-a49b-683e856ccdfc,
832f3c91-5ef5-40a9-b860-597cf3add446,4b714dbf-2759-4492-a675-eba700870830,9941da01-03e5-4960-96f9-d6c22f11c55e,
054be3a2-40c4-469d-a440-b4db3afed0a9,4b714dbf-2759-4492-a675-eba700870830,b1888af2-8e65-4fa9-8592-0fd50dc0a9cb,
a47abf31-9262-48ba-8a84-281a89aa0b9b,4b714dbf-2759-4492-a675-eba700870830,cbea60eb-aead-4010-bdad-58daeb44b128,
fa6b9e2b-2e38-450f-8b83-d664d4b4fded,4b714dbf-2759-4492-a675-eba700870830,e73cd9f1-6bd0-4c95-94fd-00a58d050023,
dacabec8-a00a-49a3-aac8-cf90de08196c,4c88bdd2-85db-4bca-ba84-4b0c66373b1c,11279f31-ca83-4273-a52c-c9c9ed67e7ae,
bf46a704-7029-4b4f-97fb-e2c7f6467d13,4c88bdd2-85db-4bca-ba84-4b0c66373b1c,378bdbbc-588a-4f6c-b2aa-2f6bbfe80665,
f7526ebc-8230-4938-9b01-d5751f9c8890,4c88bdd2-85db-4bca-ba84-4b0c66373b1c,48ffc1d2-59c1-4136-8f45-99e9a4a7e69c,
dd9e46cc-7312-4324-87d6-24403e906bb6,4c88bdd2-85db-4bca-ba84-4b0c66373b1c,49c240fe-bae0-4fa9-9bd1-b42c2d503a9b,
0c4bb1c9-6178-4fc3-bfbf-0e5fd8eaec91,4c88bdd2-85db-4bca-ba84-4b0c66373b1c,64252258-3edd-4057-8a78-c7ff470995b8,
8017566d-c569-4ea6-94b0-02d658d49463,4c88bdd2-85db-4bca-ba84-4b0c66373b1c,83a7a08b-a8fc-4b81-b24d-32ffcbe6606d,
29c4f942-c192-49eb-8ccc-cc4a1922f964,4c88bdd2-85db-4bca-ba84-4b0c66373b1c,af2f43ab-c8a4-4541-a77a-2ea7edc82d5b,
94025db9-ea24-41f0-9d15-fdec4add47ae,4c88bdd2-85db-4bca-ba84-4b0c66373b1c,f8dd63e5-3cc2-4e6f-a41a-9462f316376f,
d1cbcac6-5101-4c57-b918-8e0e88f4fc03,4cf13ea2-b64c-42ee-8082-e4ed2e73e131,416dadac-3882-4dde-9881-de8df60ad0d5,
aad89c25-55f6-48f9-a619-45942c0f612b,4cf13ea2-b64c-42ee-8082-e4ed2e73e131,895f0030-d16f-48f5-821d-cc2289b942ff,
a6dd61fa-4c48-427a-9379-df6f209ca380,4cf13ea2-b64c-42ee-8082-e4ed2e73e131,c7ccce7e-7a59-4267-8a6c-b94b550c9036,
50f99fe0-5e39-4401-bdd0-48497c711faa,4eb141f1-53f6-48f3-96bf-d93ecc0cbd84,1a0248ad-fff9-4bed-82a6-bf6dd191824a,
a6cd404b-4c43-461a-be5f-80fec29c93f5,4eb141f1-53f6-48f3-96bf-d93ecc0cbd84,341b073a-3a4a-4e45-b21e-e2e5c687b377,
9d6c4b0b-9199-4da4-ab06-0db42c50d256,4eb141f1-53f6-48f3-96bf-d93ecc0cbd84,3af9ee83-0dc6-443e-83b2-669dc46a7e84,
b05b1efc-8e03-4927-abdb-6f3b7cfef155,4eb141f1-53f6-48f3-96bf-d93ecc0cbd84,6e1fe644-f260-4c7a-86db-8f2e9a5a7e66,
17fbc047-f43a-4b0f-92d9-4d3558c8af10,4eb141f1-53f6-48f3-96bf-d93ecc0cbd84,b2d8ff64-3535-4d8a-a053-ed13d166286b,
9020ed5f-d4e5-4a1e-bccf-0e83ccdab449,4eb141f1-53f6-48f3-96bf-d93ecc0cbd84,de53ff03-cb33-4566-bf42-e80cc1559752,
f70edbc1-6a6e-4189-a3ac-6215541c741b,4eb141f1-53f6-48f3-96bf-d93ecc0cbd84,e24cdb56-6dc6-4969-835e-9e63c3bb91e0,
0e8f6111-cf42-4335-846e-ff7ca9d9bb1c,4ecaeafe-85ee-4eb7-8be7-ff39c7e8a6b0,1f1636e6-d842-423f-bd36-ebdd223a2164,
3c5363cf-b5f6-4b77-a967-43c23b8d9c6e,4ecaeafe-85ee-4eb7-8be7-ff39c7e8a6b0,68ffa7ba-1514-49cb-b87f-d04fff0a8667,
b36dbcb8-2206-4685-b4d4-662f37f18787,4ecaeafe-85ee-4eb7-8be7-ff39c7e8a6b0,dcc1e3a2-d5ab-4a0b-88c3-a2f73700d15b,
3b6d526c-4c8b-4db1-8d4e-3e58107c2128,4ecaeafe-85ee-4eb7-8be7-ff39c7e8a6b0,fba2aa5a-edcf-4aba-959e-eab482aeb022,
f8400bac-908b-4899-8f27-6ac52056d492,50d49a94-3798-46bf-8a05-a8e4b9f43281,11016ec0-44e4-48d5-acd4-b06d5a964969,
6161f728-8f42-4cc0-9173-08a1e114f913,50d49a94-3798-46bf-8a05-a8e4b9f43281,415b42cd-c4fd-496b-9b26-b3d06f600acf,
0f10c155-4e32-459e-a798-d2e7ca0f5256,50d49a94-3798-46bf-8a05-a8e4b9f43281,5d06e78d-7fa5-4790-b51d-c1a64b48e164,
57a573ef-499b-4676-9832-d25b5e365389,50d49a94-3798-46bf-8a05-a8e4b9f43281,663068b0-d8a6-42f8-ae2a-a80e06e41378,
47092817-2d92-4362-9126-3e0af150037f,50d49a94-3798-46bf-8a05-a8e4b9f43281,761a3d42-78f1-4848-a350-3665c7571984,
59fddd3f-466a-45f5-970d-b22e0b228228,50d49a94-3798-46bf-8a05-a8e4b9f43281,8786dbca-dc96-46ad-8f55-cc0bc4c95193,
f934d847-bead-4b39-80d4-a33acb67e27d,50d49a94-3798-46bf-8a05-a8e4b9f43281,93e1794d-ba86-4247-a381-d5906f1b0545,
641ab606-314b-4316-babf-11e10fc10dce,50d49a94-3798-46bf-8a05-a8e4b9f43281,b7d2b472-ecaa-4f37-97dc-cc20b9632530,
b5926932-2a46-4347-b1c4-841321fad311,50d49a94-3798-46bf-8a05-a8e4b9f43281,bc2b68bd-eb79-48b2-bf38-0d8a38a4b383,
c1370031-1ff4-47d7-bc91-c4bf89c79ab5,50d49a94-3798-46bf-8a05-a8e4b9f43281,d5596785-bdd3-417d-bf4f-b0b043594735,
2f0d61b3-f2bc-4676-ab17-1d8c63b5693e,50d49a94-3798-46bf-8a05-a8e4b9f43281,ebed2c43-1b9e-404a-a24b-4e0cd67c4bc3,
adcb293a-ef44-4c19-b393-e1d649fa3737,50d49a94-3798-46bf-8a05-a8e4b9f43281,ff5d5385-2f8c-4559-9876-77a93eab1960,
68d24b3e-7d5f-40f7-aa85-81229887e0c0,52487a3b-5f4b-4799-94a6-5a4f927590bd,2a9c4342-c7a2-46a9-ac2c-1757a4023e97,
4b792a71-4a66-4fd2-a47f-5eb8dc9e2eff,52487a3b-5f4b-4799-94a6-5a4f927590bd,3f4e74e5-a7a5-48f5-9e95-b902573d3ed0,
f724c5fe-d3ac-4f97-bb66-6f522025a2d5,52487a3b-5f4b-4799-94a6-5a4f927590bd,bd97ad06-2bbc-4f45-89b2-387701b6c903,
ceb340d6-1bb5-4088-8434-0d15b6cf9d64,52487a3b-5f4b-4799-94a6-5a4f927590bd,cc14a87e-910a-4386-b99a-2fd801867a4e,
0128e09b-4e90-4010-993f-76a393b626ba,52487a3b-5f4b-4799-94a6-5a4f927590bd,f5aa0afb-9877-41a1-be15-e846c7b14715,
f0c0af1e-aca9-4516-adf1-ae74d4866b2c,533e8c21-76cf-4782-9f24-db196b40595f,268e1762-b8d8-4568-b45f-7337fa7b6c10,
d06bfcf7-474d-4cfc-a852-041be23bb98e,533e8c21-76cf-4782-9f24-db196b40595f,61b7f0ec-c5e9-4161-8a74-c985da705a8f,
5182f944-8a11-4e7f-b72e-5270accb8736,533e8c21-76cf-4782-9f24-db196b40595f,cf4263df-9f3a-431a-a601-99506b34e074,
272f533a-ad6c-45c4-b7bb-a5921e1ea008,533e8c21-76cf-4782-9f24-db196b40595f,d64bf8be-9f8c-4fe7-88ef-f9441bbc78ec,
07848684-3237-42d8-865b-d7dd6513dd49,53929363-5c70-49ee-9f57-bbcee6c035ca,0cf4eebe-cafb-4291-acbe-dfe8c50cb21b,
cf7893be-0679-4950-86da-f4f8affa04ad,53929363-5c70-49ee-9f57-bbcee6c035ca,1f54ed2d-f669-4941-974e-2441eea10006,
4c1be178-40d2-4546-8fa4-ef41f2ef039a,53929363-5c70-49ee-9f57-bbcee6c035ca,290a3522-c1c8-4ab6-9f81-6eb6fe229c53,
bad50d61-556d-4c88-b110-7ab3199b6af4,53929363-5c70-49ee-9f57-bbcee6c035ca,321d8c7b-4aa3-4d37-9cf9-fa790e4fabbb,
63ffde4c-41b1-40e9-a0ff-656af83ac21b,53929363-5c70-49ee-9f57-bbcee6c035ca,33d6cd02-be4d-41d4-8cbf-e220361e0867,
e67affd6-b2f9-47c7-9d5a-8b02a291a655,53929363-5c70-49ee-9f57-bbcee6c035ca,340acb66-6022-4304-92c5-4a2d66d2936b,
0fab52fc-db53-4a2c-81e4-612cab9507b6,53929363-5c70-49ee-9f57-bbcee6c035ca,4e4b14d9-70be-4bc1-bcd9-9a74bc9f75f8,
c2d3fcc5-f5c1-4f2f-a39e-bf4307ca1343,53929363-5c70-49ee-9f57-bbcee6c035ca,52952481-1961-4e4d-afa5-f8a5bfaea69e,
db547fd0-4491-4935-a932-660566bef1dc,53929363-5c70-49ee-9f57-bbcee6c035ca,6d462b9c-0c03-4f09-8a94-8efd0c9454a0,
d1b6294b-7e15-4633-b095-1d90f3d672a0,53929363-5c70-49ee-9f57-bbcee6c035ca,6f86f36e-be0f-4f16-9e19-009c06adf865,
b80e6061-bfe5-425e-84a1-e86a9b5aac4e,53929363-5c70-49ee-9f57-bbcee6c035ca,91ef77ef-3ba1-41e2-bad9-0e56e37232ac,
0c67bb60-0800-42e8-88dd-5adb208b995c,53929363-5c70-49ee-9f57-bbcee6c035ca,920ad690-9aa2-4332-99dd-e9e99fcba8df,
8249f17c-600b-46eb-856d-67e4fd7e6518,53929363-5c70-49ee-9f57-bbcee6c035ca,9a91b3dc-0e6f-4e2e-8951-bea560133c79,
257eb4f9-303a-4b13-a919-30cbe4a41070,53929363-5c70-49ee-9f57-bbcee6c035ca,b481e5e9-4c14-4713-9f82-4db756f0d59e,
9859e9ee-8034-4558-a788-6f8d88cd8c99,53929363-5c70-49ee-9f57-bbcee6c035ca,c3f442a6-70d3-4e6d-9cd3-aa5a30dae536,
bb2b7330-5793-4985-a526-a2d9e18cef71,53929363-5c70-49ee-9f57-bbcee6c035ca,d0876f1e-7d53-4f82-b6e4-0aa63b622b04,
1b8e554a-1132-4b0e-b047-24ef897cf047,53929363-5c70-49ee-9f57-bbcee6c035ca,d3041a0c-cab5-4d6d-87ba-746b07a5bdb0,
e8fa2ec1-3d57-4351-ad92-cfa20e34cd17,53929363-5c70-49ee-9f57-bbcee6c035ca,d40b4f53-ca3b-4d40-a9f6-26189dbab7b8,
64b52db4-88cb-4008-b278-230656aa3e70,53929363-5c70-49ee-9f57-bbcee6c035ca,d592f36a-b180-4a53-bdf6-7063a837afff,
6d81dc4e-bc99-40a3-9be9-9202bfa4752b,53929363-5c70-49ee-9f57-bbcee6c035ca,d5bf55ea-72e7-4e76-b4f1-f3fd69444855,
80efe6cd-48b7-4b23-a31b-1941fc73731e,53929363-5c70-49ee-9f57-bbcee6c035ca,ebf26bad-4aa3-44e2-90dd-5fbd563fe6dd,
882ead57-c991-4f25-a7a4-f8cbad8529f8,53929363-5c70-49ee-9f57-bbcee6c035ca,ece412c0-e48c-43d0-bbd9-d4e050cd2a1e,
2f6740fd-621e-4b12-81af-3cb0673d16e0,53929363-5c70-49ee-9f57-bbcee6c035ca,eff48f37-9c7c-4a81-b5a4-798578a73950,
877983b2-7e5f-4f06-aa11-658300e45f32,53929363-5c70-49ee-9f57-bbcee6c035ca,f425efa9-259c-44f8-a70d-a3f12832583d,
904649b1-4ba7-4361-a3c7-336c8390f90b,53929363-5c70-49ee-9f57-bbcee6c035ca,f802df39-b2b4-499a-9a41-ed38967015ce,
cbaf02fb-6cb6-4cff-86dc-7d1665239063,53929363-5c70-49ee-9f57-bbcee6c035ca,f9d8ed70-856e-418f-a448-d5464c82688f,
b1cd57ba-6df7-4d94-adcf-52879146ee73,53929363-5c70-49ee-9f57-bbcee6c035ca,feb0c304-5e86-4d0a-abac-346f94ad0233,
9de6de3d-49ad-47c1-84dc-97e7986f987a,54e20fa9-b0a6-4ed9-98db-ef2b050b5237,2abdb04b-dbc2-41d6-9a1e-f27baf05eb74,
4b1edcf9-5f91-4537-98d3-5ad32ace473d,54e20fa9-b0a6-4ed9-98db-ef2b050b5237,82125019-bca7-4d44-8824-315818a40b46,
551fbb27-01ad-44fc-ade1-f868b82a8350,54e20fa9-b0a6-4ed9-98db-ef2b050b5237,bceafb72-d231-47ab-8b13-7ac498ebe741,
50558b6c-8500-4c61-961e-345f7b5e296f,54e20fa9-b0a6-4ed9-98db-ef2b050b5237,f36716ab-58c4-4bd2-8013-b2d319667bd9,
b0ea2c42-3a38-4a9b-809b-44c026953c14,5575453c-3b5c-4f21-b3a3-c2389aabb890,0a9c3351-6771-4e66-82de-ab5837aa1f4c,
9f8aa92e-918b-4a8c-9ad4-fce16d4adc76,5575453c-3b5c-4f21-b3a3-c2389aabb890,0b4c777d-da7d-4e13-8fa0-5d1560669649,
e4cdbc84-c008-4491-acc0-14e5ceef7bf7,5575453c-3b5c-4f21-b3a3-c2389aabb890,149a0f01-ef28-4bb9-a611-e498c9549232,
cf28ca59-a2c3-4d08-bbcb-6fc48e09185c,5575453c-3b5c-4f21-b3a3-c2389aabb890,176dcc6e-a24d-4315-ac7c-3bb7dc9116bc,
7fba63a2-ebe5-41db-8747-221d33699d7d,5575453c-3b5c-4f21-b3a3-c2389aabb890,1d1f2956-fdf6-43e6-9dc9-f9ca9a693b7a,
663d263a-686d-425f-97a8-a174949fa265,5575453c-3b5c-4f21-b3a3-c2389aabb890,1d2fef42-24b9-4d3b-be0b-a525e357d42e,
f8d673a9-6977-4802-a8dd-afc2ccf5aaeb,5575453c-3b5c-4f21-b3a3-c2389aabb890,1ee5f907-b488-4878-8790-cd912d5a9518,
5b264624-cc49-4d3b-a22a-acd7f3ca0f6a,5575453c-3b5c-4f21-b3a3-c2389aabb890,1f388aa5-e096-4875-8edd-94922eb48e0f,
65f41545-0427-4615-9263-44ee0901ece0,5575453c-3b5c-4f21-b3a3-c2389aabb890,2211ee9e-0fbb-46b5-99c9-d951b10a2727,
cb6da327-77f0-4269-82c1-397754b2e06d,5575453c-3b5c-4f21-b3a3-c2389aabb890,259e4054-4d8d-4d8b-8ddc-de3b53c362c7,
d18b202c-5a8b-49d3-837d-ecc1e7180ceb,5575453c-3b5c-4f21-b3a3-c2389aabb890,2a018aa4-a643-408b-87ab-09f5911908a0,
e99910d3-e578-4adc-bd09-c276a8fd67c9,5575453c-3b5c-4f21-b3a3-c2389aabb890,2bff2238-c392-4b14-a8a5-2d937111ba39,
7538527c-bb16-48d0-bee8-fa484a34df53,5575453c-3b5c-4f21-b3a3-c2389aabb890,2d772a9e-58b1-4c65-b327-d7ab03c6619b,
49fd6976-d14d-4a9a-80d6-643ca93ec146,5575453c-3b5c-4f21-b3a3-c2389aabb890,359d045c-1c68-4b6a-b9a8-9f7e8b4465e0,
336130f0-36c0-4c0d-85a5-e7b88f7e07ef,5575453c-3b5c-4f21-b3a3-c2389aabb890,37feafec-d086-4f9f-8970-9b576d6ffa66,
5c8b28ea-969c-4c45-99b1-5c120c58da6c,5575453c-3b5c-4f21-b3a3-c2389aabb890,39f56e80-a36e-43fd-94ff-7cd590c2abba,
190c52b9-1e26-4d33-878d-7aca6e6e36aa,5575453c-3b5c-4f21-b3a3-c2389aabb890,4ad76d17-bfac-4a8e-8421-bf57884294e4,
a410b6fa-7314-42aa-a310-c5cb5f63917b,5575453c-3b5c-4f21-b3a3-c2389aabb890,4af933ef-b05f-48ff-842e-a4bede6a1414,
2789a21a-2942-48ae-8ca8-6ddf944d04af,5575453c-3b5c-4f21-b3a3-c2389aabb890,5213ced8-28e9-4b27-bf7b-fa4618e1e12d,
0d301b55-e36f-4345-b012-ee1a4190c9a0,5575453c-3b5c-4f21-b3a3-c2389aabb890,56a5d518-d088-487c-8a82-37e5065fb311,
47a82b0c-2076-42a4-8c14-0b656ed27b06,5575453c-3b5c-4f21-b3a3-c2389aabb890,5a1546ce-4a0e-4b92-af2a-55b80fa57d5b,
985a57fc-55f7-43c1-8f1c-fb65e9e757ca,5575453c-3b5c-4f21-b3a3-c2389aabb890,5bb02ab6-06dc-4e86-aba7-d50f14f5840d,
66792dad-6f6e-411f-bff0-a3d74b279be2,5575453c-3b5c-4f21-b3a3-c2389aabb890,6225e488-bad9-4c2d-946a-4c419e23df48,
c95f6ee2-7177-4f1a-bdae-be9b498b5396,5575453c-3b5c-4f21-b3a3-c2389aabb890,65b06893-c01d-4837-a998-ab0cc54e1cc4,
251fbcce-2822-4428-b852-ee73cacc9113,5575453c-3b5c-4f21-b3a3-c2389aabb890,65f42c48-5be3-4a04-9283-ebbf9a67f35c,
c5d1e077-12ab-41c9-90fb-1a62fbff2f86,5575453c-3b5c-4f21-b3a3-c2389aabb890,67fe3fe8-ee62-4230-8a42-e4c6348d7753,
88e862a2-201d-497f-90fd-5d52514aa4fa,5575453c-3b5c-4f21-b3a3-c2389aabb890,75b68892-d760-4766-bd0e-9ce989487ccb,
427cd8a7-84f5-4053-8a3c-49706904ce3c,5575453c-3b5c-4f21-b3a3-c2389aabb890,879baa84-917b-4eda-bfaf-5bd8095715fd,
7dd270a2-ed16-4885-8488-c84c7e0b2488,5575453c-3b5c-4f21-b3a3-c2389aabb890,88bb121e-f871-4d39-9bdf-e8bc01e5e207,
37db32b5-925e-4b52-94d9-b0177c8ffeec,5575453c-3b5c-4f21-b3a3-c2389aabb890,8a286c63-0c4c-49f7-bd60-549535d9fe32,
d3041f71-e568-4fe5-8bec-139bd6088e50,5575453c-3b5c-4f21-b3a3-c2389aabb890,8c70aeb0-0601-42ed-9faa-6f3ae990ad1d,
9e3ede78-907e-476f-9c5b-8737706f9021,5575453c-3b5c-4f21-b3a3-c2389aabb890,8f154315-1ff4-4dfa-867e-8eb6bc075332,
6ebb4925-cdda-4cc0-83ac-f1380fb824ec,5575453c-3b5c-4f21-b3a3-c2389aabb890,9094ae4e-5e9f-4dc2-a106-08f7a9118708,
696ab54b-33f7-4c3c-8e39-52ccb37dd0cf,5575453c-3b5c-4f21-b3a3-c2389aabb890,9514a197-e0a4-413b-8f58-a3ac22616f1e,
dee956cf-7ae8-4810-a186-990f86143cd0,5575453c-3b5c-4f21-b3a3-c2389aabb890,95e70f2e-05c7-4e39-9fc7-a5837e8e7bd6,
7dc74d27-461b-40c0-aecc-755e18fdc1de,5575453c-3b5c-4f21-b3a3-c2389aabb890,a0b7f9a2-3025-4d6f-8575-9a9c5e912a91,
fe7dbfca-5118-4352-937d-9ee9c6cf98ee,5575453c-3b5c-4f21-b3a3-c2389aabb890,ad41e9b8-1004-4df4-bff5-b85773faa202,
23eb9a86-afc0-491f-88a9-54ab446f9757,5575453c-3b5c-4f21-b3a3-c2389aabb890,af7f4535-ee56-4a23-920c-8a25f2520a0c,
5d6772e0-afba-468d-b8be-71ff22e218e1,5575453c-3b5c-4f21-b3a3-c2389aabb890,b2e3fb0c-a6b9-4dec-b036-f3861f2e5560,
643b3b88-deb7-4fcf-8d30-c13c5f5b7aed,5575453c-3b5c-4f21-b3a3-c2389aabb890,ca28290e-0d6d-4eae-acd3-85a802b0c0d4,
718da154-198b-4c7b-8f02-22d2de371df9,5575453c-3b5c-4f21-b3a3-c2389aabb890,cff05027-26fc-4ae3-94ee-52f3436c9259,
90ce968a-a091-431c-ac27-ef78a851ad6a,5575453c-3b5c-4f21-b3a3-c2389aabb890,d3ee8f70-c635-4ce1-a2f4-ec47dce87211,
81387c7f-0343-4a11-81d3-ee4b9f6eed8d,5575453c-3b5c-4f21-b3a3-c2389aabb890,d760b0b8-ed66-4932-9001-72dece0da528,
9262ebe4-2056-42d6-8af1-0960c2865167,5575453c-3b5c-4f21-b3a3-c2389aabb890,d8599ee1-5bd4-4b82-a769-ed1524c16a97,
79e2ad37-7f14-4355-904e-867814c3d596,5575453c-3b5c-4f21-b3a3-c2389aabb890,dcc0548a-1762-4678-b2a7-cb0a6c0f8712,
067009bf-e9bd-4a48-b39b-65984847dc4f,5575453c-3b5c-4f21-b3a3-c2389aabb890,deb56b29-a947-4123-8064-d864e70beccb,
bb105406-d001-42a5-b9b5-2cab0011e375,5575453c-3b5c-4f21-b3a3-c2389aabb890,df7e4b1c-3a5c-4c26-a850-0c2ffbfa20cb,
cd1a01e6-e19f-4f04-b749-a11873fd10d8,5575453c-3b5c-4f21-b3a3-c2389aabb890,eb21cd06-d265-4e71-82d0-4fcdd33ab1e3,
6a32a356-28c3-4947-ba58-93ee72584fbf,5575453c-3b5c-4f21-b3a3-c2389aabb890,ed0334cd-8352-4d12-bc17-3bf7ec978d3f,
ac9f6fa5-3928-4914-85a3-f32103a78894,5575453c-3b5c-4f21-b3a3-c2389aabb890,f620d833-92f7-4cca-8f51-3b7cc25ae33e,
86d0b168-2fab-48f3-9470-876db7074644,5575453c-3b5c-4f21-b3a3-c2389aabb890,f7c5cb06-944f-4866-9fd4-33465384beb2,
6739eb91-6b8e-44c1-98ee-96cdcebe3c2d,5575453c-3b5c-4f21-b3a3-c2389aabb890,faa1222d-4b54-403f-9882-a890acb6b79b,
6c64099c-2124-419f-a815-0a62b2f957bd,5575453c-3b5c-4f21-b3a3-c2389aabb890,fb57e0de-a21a-45e2-9bc1-90acd9dedabc,
b8ca3e74-19ac-413c-80d4-d43d74c1ebb7,5575453c-3b5c-4f21-b3a3-c2389aabb890,fee1b192-5253-47b4-abb2-49db89052073,
635b0aa9-9891-422b-a14d-52e8ae0c7d71,5575453c-3b5c-4f21-b3a3-c2389aabb890,ff4fed21-a364-40de-b6b7-897dbb3da3f7,
12914ef6-049c-47e7-93f3-1bdb8b2fb675,56f8cc69-575d-460d-96fe-751732daa1f6,0e6def90-28ec-4662-923f-4ee7b051ecb6,
564eb397-3fef-40e8-aea3-1e27f27b2e84,56f8cc69-575d-460d-96fe-751732daa1f6,2cf19cba-ec4c-47db-8460-e23e992f2316,
4d26068c-93d3-462e-b5f0-84b605869c0c,56f8cc69-575d-460d-96fe-751732daa1f6,4241bd81-285f-4040-9e61-927ca94de46f,
b77be90c-6d14-4bc9-b356-e2bbe55ccf5b,56f8cc69-575d-460d-96fe-751732daa1f6,a16177d8-d6b6-4f58-abd9-014da90f691b,
b8983af4-6a97-4328-ae70-79a3bbeb1a67,56f8cc69-575d-460d-96fe-751732daa1f6,f57715b7-a04a-4889-8b56-ff4ddac3654a,
b82c3581-60bb-436b-93bd-c4ff37390b94,5870d7eb-27d6-4881-8264-2405cf73ec78,059357bb-a328-4387-a523-7762a573c917,
cdfd5c3f-0690-4a98-ae14-1e589e5c07ad,5870d7eb-27d6-4881-8264-2405cf73ec78,19aa797e-efb9-49a5-8904-f93b0d4a2559,
32ad1767-2c8c-4318-9505-b58913fc0cfd,5870d7eb-27d6-4881-8264-2405cf73ec78,26528da5-3f48-4db4-9844-c08bd5b2202d,
733c2c52-e974-44a9-9972-aac754edb9ad,5870d7eb-27d6-4881-8264-2405cf73ec78,56a07099-fc9a-4295-85a5-c8f35be15e62,
95a2ae9c-175d-463c-890e-32f5a804d3e7,5870d7eb-27d6-4881-8264-2405cf73ec78,5a19cf1c-39f3-4597-971a-c38056b21e8f,
526d89b5-efb3-408a-b399-77ef7b6c0e9e,5870d7eb-27d6-4881-8264-2405cf73ec78,5ac4de99-8184-4056-8b4d-ffd3dc217967,
7e02be86-773f-4a97-bdbe-4a29cbc8c967,5870d7eb-27d6-4881-8264-2405cf73ec78,608219bf-a8e6-4c2d-9daa-92372e68ea9e,
5da5b4f3-a3e1-41d7-b771-15ec3f36a09f,5870d7eb-27d6-4881-8264-2405cf73ec78,643f969c-148b-4b64-8f06-7299a83d357c,
5f31bd11-d492-41ab-8465-73e35c5f27f9,5870d7eb-27d6-4881-8264-2405cf73ec78,673481b7-c665-4689-a22e-1781e46f342b,
eb7134cf-a079-439b-beba-14e32a0d538e,5870d7eb-27d6-4881-8264-2405cf73ec78,677a1b81-e909-4a4a-8fa0-135aa9959fdd,
88e41c8b-b074-4f1e-9424-c07c2beef4ee,5870d7eb-27d6-4881-8264-2405cf73ec78,84b04d79-4bbd-4e24-a2b6-8fcf97c7ffcf,
a75e099b-e0c1-4b64-aefd-6a26762aac9e,5870d7eb-27d6-4881-8264-2405cf73ec78,8c1990a9-4a1d-4324-90e8-91e2a242d119,
afbb0b79-4ffa-4fb2-a63c-c973be58b42b,5870d7eb-27d6-4881-8264-2405cf73ec78,9347e2b3-c059-4c44-a468-238068557725,
32c03930-f4af-44d6-b86a-8c19de1afd2f,5870d7eb-27d6-4881-8264-2405cf73ec78,9396ec01-9b63-480e-ac68-b33b4c025e82,
c5047cb1-0261-4a82-9d6e-8df88734af69,5870d7eb-27d6-4881-8264-2405cf73ec78,a8adfbfd-cee9-4294-8412-172af24b02ef,
0e9dcdd3-12e0-436a-9bd7-c39997370dbe,5870d7eb-27d6-4881-8264-2405cf73ec78,b2fa58f1-9d88-471e-9d2e-0c9eeb91dd5e,
7297db45-fad8-494f-a5d6-81bc3cadaa4b,5870d7eb-27d6-4881-8264-2405cf73ec78,c15f5d68-e68d-4ac6-b433-2549304391af,
968f421c-6faf-487c-abb6-516d34e2edcc,5870d7eb-27d6-4881-8264-2405cf73ec78,c379075e-81b1-4589-ad89-8d63a8c517d7,
9f794e3f-a7f0-400a-8b5b-89784ce971a0,5870d7eb-27d6-4881-8264-2405cf73ec78,c957f673-6143-4bb2-8743-9da259cf57b8,
c19fe6e1-75bb-46b4-8469-f2677d4b2a8d,5870d7eb-27d6-4881-8264-2405cf73ec78,cdba3d70-d1a3-4d7e-9dc3-c90b8ddde3b4,
65720615-c317-43b6-8bf4-dc09731f65e4,5870d7eb-27d6-4881-8264-2405cf73ec78,e0d5a876-5157-400c-8d81-dc33547990f7,
733037f3-e17e-4790-afff-98b71bbfeea3,59ba6a9e-b2aa-4664-b6c7-6eb0837159c7,129c74f5-230a-49f5-8e01-d68f2dbd44e1,
0fcd316a-6bef-40e3-b576-bcda6bb81b47,59ba6a9e-b2aa-4664-b6c7-6eb0837159c7,2f61608b-af0d-48d6-a094-bc0750664441,
8681d070-bb52-48ec-9730-9a59a3f3758e,59ba6a9e-b2aa-4664-b6c7-6eb0837159c7,65bf4bde-cf6d-40ff-ad99-130d09dbf428,
e93f7faf-aef4-42bf-a94d-1d3f1bd67aa8,59ba6a9e-b2aa-4664-b6c7-6eb0837159c7,764ce8c2-cdec-479c-b6a8-682b2374b823,
e39c5e4f-ca95-4847-91df-433cc48f152f,59ba6a9e-b2aa-4664-b6c7-6eb0837159c7,7edaca6a-b582-46f4-840b-6a9c6569cf96,
c0ef3755-2f5a-4461-ace7-b7539148302f,59ba6a9e-b2aa-4664-b6c7-6eb0837159c7,8ecd34cc-8c61-4c25-9ebf-e4938f4d1ae1,
de661855-7373-48b4-9703-a8321201f1e0,59ba6a9e-b2aa-4664-b6c7-6eb0837159c7,964d8d31-5557-446b-b7c0-c2b1a4eaa0c2,
ecee5136-a978-48cd-bd54-f6dd5e4629b7,59ba6a9e-b2aa-4664-b6c7-6eb0837159c7,968006b0-77d2-4580-a7d0-8b49270837f2,
fb95bc5f-8be0-480d-9c85-b2fcaa1bb87f,59ba6a9e-b2aa-4664-b6c7-6eb0837159c7,a037691c-0191-4a62-8d07-a14adf14744a,
2706bb59-591b-4082-9600-03949f43a1bf,59ba6a9e-b2aa-4664-b6c7-6eb0837159c7,adb8df88-6feb-43c0-b9ed-cf67b5ef68aa,
c1f2c7b4-e8fb-4c8b-a45f-8ad7a0459706,59ba6a9e-b2aa-4664-b6c7-6eb0837159c7,be2427ef-b41a-4b0c-9990-9cbce0a211bc,
ac889a59-f098-401b-ab06-0ef712a97a58,5a198413-878c-41d8-ae1e-0987032d61bd,5226cffa-efb4-4694-9430-8dc53be6eaee,
401d483e-facb-43de-b0a4-0954d369f5e1,5a198413-878c-41d8-ae1e-0987032d61bd,6a48677c-8d38-4342-982c-bc3b6130d1e1,
9c4a05f5-b14c-4688-99eb-ca6a39127afc,5a198413-878c-41d8-ae1e-0987032d61bd,8ad5d473-9d8b-4c1b-8de6-152332606eca,
f2274c28-b769-4239-9f91-dfd5e92f7df1,5a198413-878c-41d8-ae1e-0987032d61bd,9bd7d28e-2983-43fe-a279-c64768bc1914,
4df962f3-6286-4946-87e9-2b8bd931d9d2,5a198413-878c-41d8-ae1e-0987032d61bd,ae66d756-8c6a-4c6e-b11e-d988ad88ad56,
a3df3bf3-7be4-4231-8f9e-0eff683ab3ee,5a198413-878c-41d8-ae1e-0987032d61bd,bc7b5c50-0718-4c5a-9e35-4c295d512fdd,
c9b75a1f-2de2-4ab6-a7ba-035eeb05c40c,5a198413-878c-41d8-ae1e-0987032d61bd,d977db7c-9c68-4a2a-91d5-675105ee78fe,
443a9149-a3a8-431b-bdcd-9b2befeafabd,5a198413-878c-41d8-ae1e-0987032d61bd,eed2b7cf-636d-4c34-9a21-d9ce369e1813,
d80d86c3-7779-4362-85dd-66e8f2bc88a7,5a738c73-65af-4faf-a538-c6330db674db,2dc8d5d3-654f-4598-be21-4c3976423d46,
19dee906-187f-44df-83b8-67ea6a2f1aa6,5a738c73-65af-4faf-a538-c6330db674db,37df1750-9548-47ce-a8cb-14a6480b1081,
edbf8fbd-70b5-4a68-aef8-084d1c937342,5a738c73-65af-4faf-a538-c6330db674db,65b48227-887d-49aa-a8c1-0a44bcd326a2,
6ac3226c-dbb7-49c7-9dc1-ce386d06e95d,5a738c73-65af-4faf-a538-c6330db674db,afc78972-2aaf-4dc1-87fd-a11f8919647a,
55c7b0bc-92e2-45ee-9032-af06a3a4dd2a,5a738c73-65af-4faf-a538-c6330db674db,b2ae0781-c686-489e-8966-48a5e1bd2ad6,
965c8bff-df07-4216-93f2-77c4e6fa24aa,5a738c73-65af-4faf-a538-c6330db674db,c26b545d-8bc4-4ae5-b457-9b85c35270db,
4d6c3a79-332c-42a0-ad24-81e4cd9eb214,5a738c73-65af-4faf-a538-c6330db674db,d8d3474e-548b-49ec-b965-d653cec70f5d,
4cb0ed92-7d2a-4213-b0b4-dfc27633814e,5a738c73-65af-4faf-a538-c6330db674db,e22290dd-668b-4713-88fc-2e8cdafbfa10,
d15964da-8979-4da7-b083-67809910b213,5a738c73-65af-4faf-a538-c6330db674db,ee14f2d5-760b-4490-8c02-828d69ea6205,
b98897dd-5a1b-4fef-afb1-7a65af26acd0,5c4eb146-c369-4345-ad35-93c9fafbeda4,057ca614-262e-4c62-b0f0-3bc9c72e5a68,
bd5645b5-9772-48da-9434-862dadac12f3,5c4eb146-c369-4345-ad35-93c9fafbeda4,0ccd66e9-daf4-426a-91e9-2e042ae0e916,
0e6fc83c-5114-44a0-a214-f79018e39afe,5c4eb146-c369-4345-ad35-93c9fafbeda4,16a06ae7-ff40-4e81-b8ef-e3670750a300,
f390f3da-39a6-4d66-97bd-ffdd44c1f243,5c4eb146-c369-4345-ad35-93c9fafbeda4,16c9328e-62bc-4322-a2dd-f0c76475c9e5,
ea844145-d65e-458a-8fb4-092c0359a052,5c4eb146-c369-4345-ad35-93c9fafbeda4,1ad062dd-51f8-4437-9b50-10245b9241ce,
34d4bd7f-387c-456a-84c5-fd48a64b95a3,5c4eb146-c369-4345-ad35-93c9fafbeda4,1d4393b4-5176-4520-bdd4-ac78998b7534,
4fefb4fa-70a4-4eb4-8b8e-c53ef3a1e3ea,5c4eb146-c369-4345-ad35-93c9fafbeda4,1fac0a20-2fd8-4357-b7f2-d4fcd1157bb8,
6d1236b9-d844-42f1-bd1e-32b9a1e02403,5c4eb146-c369-4345-ad35-93c9fafbeda4,260633a5-4695-4f7b-b73a-6c48ebc5f0a8,
c1fcaea1-3217-4d01-8fa4-5344d96ea8b7,5c4eb146-c369-4345-ad35-93c9fafbeda4,29111b4b-cbe8-40ed-b597-adc1e202ab90,
415a1fec-0059-4a27-b0eb-bfe273169e82,5c4eb146-c369-4345-ad35-93c9fafbeda4,2d962116-6c80-443b-98cc-96efe80c9c0d,
bd1370cb-24ae-48b6-9d2e-6654f54cd2e2,5c4eb146-c369-4345-ad35-93c9fafbeda4,3e4fc22a-3a9d-4d06-9250-f7b58a542bd7,
6d02f491-4577-4932-ab79-92a09621ce15,5c4eb146-c369-4345-ad35-93c9fafbeda4,4263b8e1-626a-49c2-a6a5-0d55616188f1,
fbed5ef6-b278-4a1b-91fb-decf91fcfaba,5c4eb146-c369-4345-ad35-93c9fafbeda4,432f9ab9-dd5a-475b-a986-3140dfccc79f,
1513e6dc-c060-4e3c-90ae-e50effd0116e,5c4eb146-c369-4345-ad35-93c9fafbeda4,4862f080-ec95-4560-a46b-dfa7aa69560e,
2b428d32-3a94-45c0-92b1-74e66c402fb9,5c4eb146-c369-4345-ad35-93c9fafbeda4,5091d732-6215-4486-a7b2-ad41c2602ce8,
f99dde94-b44c-45b2-8904-31fb15e3880e,5c4eb146-c369-4345-ad35-93c9fafbeda4,50b8c6fd-3919-4d19-8331-3d738d8c338e,
343b42f2-f529-4007-87c2-2de2fb6c3268,5c4eb146-c369-4345-ad35-93c9fafbeda4,64beaffc-faa1-426c-bb90-d9066664764d,
ccc7a7f5-5540-4c27-b947-4b298ad0a602,5c4eb146-c369-4345-ad35-93c9fafbeda4,89a2be00-a1e2-4048-bbb9-03bce7cd32f4,
5034792c-311e-4e28-a017-7248c63bf94c,5c4eb146-c369-4345-ad35-93c9fafbeda4,8b3a51bf-110d-45de-ac28-571a1b7e3ce8,
abd75dd6-3ac8-4732-9228-d47cdeadfa80,5c4eb146-c369-4345-ad35-93c9fafbeda4,8dfaad9a-a916-4ce3-ad9c-ee141501a4a6,
1310e00a-4c2d-4c21-9c56-b7185fb20cb0,5c4eb146-c369-4345-ad35-93c9fafbeda4,96af7e4f-4735-40b9-9175-39b4b49c18be,
42494ddb-0936-43b6-8704-6ade7e59af8d,5c4eb146-c369-4345-ad35-93c9fafbeda4,987a06ad-6ae8-4c09-95be-93f96fcf90d7,
f549a212-ab21-43db-8da9-8a5ce2fe400b,5c4eb146-c369-4345-ad35-93c9fafbeda4,a4fe41ce-ff85-47df-a586-617cc8bd52bc,
db26b666-c415-4ab3-a214-628f9f7457fe,5c4eb146-c369-4345-ad35-93c9fafbeda4,b006a93b-774b-4685-b0ff-d7ee36012066,
76885c00-96b3-4891-be95-915e0dd24965,5c4eb146-c369-4345-ad35-93c9fafbeda4,c71bcf5d-4267-42f6-b711-cb1fb7323bff,
c3da714f-c3cd-4831-aaaf-a40245ff3e1a,5c4eb146-c369-4345-ad35-93c9fafbeda4,cb5b3857-51cc-4d08-b339-c51bad772d2d,
3a9b102b-96bd-4820-a7fb-4d8c965dccd8,5c4eb146-c369-4345-ad35-93c9fafbeda4,cbda135f-aeaa-40c7-94c3-c00482cc36de,
7f4adbc5-059e-4e60-8a13-86ba0fb3aa7f,5c4eb146-c369-4345-ad35-93c9fafbeda4,cf58f039-89b0-4299-b80a-3372501e0305,
07597fca-2b51-4924-876d-b76f0f868ace,5c4eb146-c369-4345-ad35-93c9fafbeda4,d7f66f2f-05f2-408c-b67e-9176a65f979b,
3bdbaebf-4e67-46e2-b1f2-e4b27662aeee,5c4eb146-c369-4345-ad35-93c9fafbeda4,e0908164-025f-40e0-9300-8a31b4d6e8e4,
fb78ba9e-ea0c-4f3a-98f5-8b2c47b89745,5c4eb146-c369-4345-ad35-93c9fafbeda4,e0f19a45-4218-4fc4-9a83-27ac5c1e24a6,
652a4ea9-5ecd-430e-b390-f02ab6eaf8d4,5c4eb146-c369-4345-ad35-93c9fafbeda4,e555e7cf-9fd7-4d3b-b70f-1844f938b625,
de81e825-9b86-4177-8a97-c0a5482b8847,5c4eb146-c369-4345-ad35-93c9fafbeda4,ebfbea0c-b7c8-41c8-8554-9639d405946f,
7c663a7f-e6b3-497f-a953-395caf6c923a,5c4eb146-c369-4345-ad35-93c9fafbeda4,fabe9646-4dbf-4219-bf87-9809bb307746,
54052531-9c2a-4557-829a-2bb2d8e302d7,5c4eb146-c369-4345-ad35-93c9fafbeda4,fd07e6a7-5d6b-4642-8a3e-6cce0aee13b5,
18ffa74a-6b72-4c93-b011-0cd75adb3f3c,5c4fd393-6da6-43ce-be24-b7d1e3ce56a6,1aa56898-468b-46a8-8348-8068612bf044,
f8165a5b-8c68-4e26-afa7-39f6bbb30cae,5c4fd393-6da6-43ce-be24-b7d1e3ce56a6,2666e055-a705-4320-8c70-c704cee74092,
a57c3da2-d1b4-4556-a195-595a028feb02,5c4fd393-6da6-43ce-be24-b7d1e3ce56a6,46364b72-5dee-4f93-919d-f96f702a1182,
5f6b3f1f-352a-4a4c-afee-a2aea8206c00,5c4fd393-6da6-43ce-be24-b7d1e3ce56a6,68572bec-88c9-40ab-81fd-643212289f34,
9be49e9b-3165-4bb0-8adb-d69af6cbf70d,5c4fd393-6da6-43ce-be24-b7d1e3ce56a6,70f97c48-35ee-4f0e-9796-55c8b2a414ea,
e5374795-0ae1-4927-b282-1f6984665298,5c4fd393-6da6-43ce-be24-b7d1e3ce56a6,7e9b50d3-89df-4205-8a30-5b90e1e804c7,
b7a5f18b-1944-42b7-bc2e-5b5785085047,5c4fd393-6da6-43ce-be24-b7d1e3ce56a6,866a5fbc-1a86-4d36-b7f9-32e954305069,
08c161c9-24e7-4cac-bb38-6afec948b934,5c4fd393-6da6-43ce-be24-b7d1e3ce56a6,91fa88db-78ae-4df6-a3b7-587943e8c68a,
79c8cab6-032b-47c7-9457-9eb47a97ad8e,5c4fd393-6da6-43ce-be24-b7d1e3ce56a6,933a6c75-e126-49d2-8477-1ee1b41b385f,
fa9f4639-e245-40d8-beab-35bf06c36ed2,5c4fd393-6da6-43ce-be24-b7d1e3ce56a6,beb65273-355b-4c56-ade2-1f8cb1c3784c,
7e68ff7a-5e47-4015-a0f0-bb616566f82c,5c4fd393-6da6-43ce-be24-b7d1e3ce56a6,d07046b1-43e3-4fbb-b467-fd734c37135f,
c4ab8257-e442-4b47-a7aa-9ecb642adaee,5c4fd393-6da6-43ce-be24-b7d1e3ce56a6,d18d43b3-c219-4c53-a435-ee0f6cbc0b2f,
41b5fd88-9e87-4a62-90e7-336b6ecf075d,5dcb302f-ecbb-463a-baef-23eaead859fc,07d801f9-e3eb-4721-b5ad-79ab57013af3,
29b23eb3-04a9-4ddc-bbba-24f65e076dca,5dcb302f-ecbb-463a-baef-23eaead859fc,1763e028-e09c-42e2-a545-e47a65ca72b3,
2023e292-d951-4b3e-ae4c-60765f3e8d1e,5dcb302f-ecbb-463a-baef-23eaead859fc,20c59f66-7fba-4417-8d03-8b7a9878650d,
402a2243-2195-4730-9582-affa890e8bb0,5dcb302f-ecbb-463a-baef-23eaead859fc,2a2d5d73-03d0-4a90-a038-0cc5704bb9b0,
ef4dff2a-a6c2-4c7d-850b-418e607d7ee8,5dcb302f-ecbb-463a-baef-23eaead859fc,670ed40b-4327-4535-a992-a9db636ac6ca,
1f4154b5-c649-4ad7-8378-dfde9e4e9839,5dcb302f-ecbb-463a-baef-23eaead859fc,90eedc95-9efd-4ae2-8beb-c0731b609292,
b80fbd88-8f5f-42c4-b6a1-540c5cd1927d,5dcb302f-ecbb-463a-baef-23eaead859fc,975c9975-c124-44c9-b2b5-8c7506be2e23,
2de4de4f-09f9-4523-83de-77f66918544a,5dcb302f-ecbb-463a-baef-23eaead859fc,a697de10-8fed-47fb-b8f8-d8415574caa2,
62f2945c-71b0-4556-b537-415380b3f47f,5dcb302f-ecbb-463a-baef-23eaead859fc,a9aed3de-62fe-42e3-a385-07833a0baabf,
f3818ae1-2a50-408c-8790-6dd56eccd5c3,5dcb302f-ecbb-463a-baef-23eaead859fc,b168deba-4d57-495f-8abb-3eec5ae5807e,
5bd8c7b8-2cb2-4bc3-81d8-dab0f6af0451,5dcb302f-ecbb-463a-baef-23eaead859fc,c2b1e704-9f13-4a95-818b-d5d4790b054a,
bcd0ebec-98bf-4ec6-8d17-b9976a6cd073,5dcb302f-ecbb-463a-baef-23eaead859fc,c59685a1-c905-4a8c-a9bc-d44118893c4a,
85022288-3bc1-468d-903a-5f04fa9d5b26,5dcb302f-ecbb-463a-baef-23eaead859fc,c7b37b9e-0bc6-4818-83e2-4ad3da56273a,
dad67bfe-f9bb-4286-bbc3-2ebc16235bd8,5dcb302f-ecbb-463a-baef-23eaead859fc,d4993041-aa72-40af-9fed-2535be57e4fb,
beee95b8-e20e-4bf5-9eb0-445a2f642f22,5dcb302f-ecbb-463a-baef-23eaead859fc,e6b179a6-0248-42eb-96e5-1c1c24ce918b,
49e95415-0d6c-4c4a-bb20-80f16c2e82fc,5dcb302f-ecbb-463a-baef-23eaead859fc,eca24901-ca57-4654-b105-65582331282f,
b140fd5e-7b97-4eb0-8fe1-95b3a83406c6,5e4a53f0-cbf7-460a-a79e-c3e3792cb8fe,314018fc-aadf-42e0-852c-dbf6c66389a3,
a0635787-c1a4-4d60-bace-5de411d54a75,5e4a53f0-cbf7-460a-a79e-c3e3792cb8fe,4e342201-9d9d-4ca5-98bb-9ee7ee30a480,
fe340831-0a9d-46e4-b380-034c2ef5476a,5e4a53f0-cbf7-460a-a79e-c3e3792cb8fe,78ab17e3-b50b-494e-b25d-974c95751fd3,
ffc9a5f2-fc0f-49d9-9a22-5fc031706e61,5e4a53f0-cbf7-460a-a79e-c3e3792cb8fe,8d90dfb0-c234-4014-8acc-238391ba917c,
0d514fe3-af18-4ba4-b5ae-1ce02652048a,5e4a53f0-cbf7-460a-a79e-c3e3792cb8fe,9aee6693-96a0-4710-8602-b629b40b02bc,
eb3a1db7-99f2-4129-b1b0-ee6c8bbdc8ef,5e4a53f0-cbf7-460a-a79e-c3e3792cb8fe,cb30a847-23dd-4ff5-b5b9-12647369aa7b,
3e3ddfef-7b9f-43ee-a692-0ad1c2eabfd0,5e4a53f0-cbf7-460a-a79e-c3e3792cb8fe,cfa573fd-5fa8-4f6a-a902-1054517fa568,
41d486c7-58d1-4ab8-a3a4-735735fcbe88,5e4a53f0-cbf7-460a-a79e-c3e3792cb8fe,d3f36ee8-8842-4ff6-8505-d7980959e6b4,
d2cbceb6-f094-4db5-9bd4-72e851f29d8d,5e4a53f0-cbf7-460a-a79e-c3e3792cb8fe,dd2230ec-85f2-4edd-86a4-157420935e6d,
9d8f65ba-cd2e-4939-9743-5fce837b9cc6,5f0ef8aa-68fd-4f53-b477-e9e8ed8292ad,0bd96587-d726-4788-9580-b85ed3768c09,
c2ad073a-fbf5-4167-8b1d-f11d23a77926,5f0ef8aa-68fd-4f53-b477-e9e8ed8292ad,13b6e8ba-63da-41ae-b5b6-18cc6703d1d8,
af562458-9cc8-4c69-a359-27aeec35bb13,5f0ef8aa-68fd-4f53-b477-e9e8ed8292ad,302b4641-f8d8-4031-b8e2-d19f510bd93e,
2731914d-5d63-49e5-af29-531379958216,5f0ef8aa-68fd-4f53-b477-e9e8ed8292ad,3246e0ba-bb78-48a7-b0fb-db8aa156539a,
57243d65-bb52-4585-97d0-f76df770baee,5f0ef8aa-68fd-4f53-b477-e9e8ed8292ad,3b070f86-11a3-4927-b172-62cc265b500d,
fc355b18-6c4f-454a-b1fe-b5f87177405a,5f0ef8aa-68fd-4f53-b477-e9e8ed8292ad,6037b606-89ac-461a-88b8-2f86c031e034,
86b86293-c35b-4e8c-ab44-90e807f63caf,5f0ef8aa-68fd-4f53-b477-e9e8ed8292ad,76ac7813-4e13-4647-8219-b8f9d4089dcc,
ccf307d7-2f2a-4743-9034-6c6e27c4bf5e,5f0ef8aa-68fd-4f53-b477-e9e8ed8292ad,7efe61eb-3e40-481c-86bb-a404ca4ce670,
31df92b8-3924-4940-af45-cb71453361be,5f0ef8aa-68fd-4f53-b477-e9e8ed8292ad,a2f0e3ba-e74a-4142-aafc-8f8d41506813,
5636a26c-fce9-4906-b514-de41931c7d41,5f0ef8aa-68fd-4f53-b477-e9e8ed8292ad,f8d58762-dcd1-482f-956d-3a16474bfa74,
2f461e23-7b5e-433b-a11f-5f278ce04bf3,600a9319-0e78-4738-9893-ace9fc5f3af7,0960a666-544e-4d9c-8c4b-729ad77e83fa,
0f6e297f-9f93-4020-9196-714d9de56318,600a9319-0e78-4738-9893-ace9fc5f3af7,0c3cc4d4-ab81-451f-8815-52383841eac1,
56a18868-2a48-48b6-9068-e8bdb08534c5,600a9319-0e78-4738-9893-ace9fc5f3af7,0c86fde1-1fae-4433-b127-fbd0691a2cb9,
4001cd37-2b8c-40f5-a7ca-33fa8b38b80d,600a9319-0e78-4738-9893-ace9fc5f3af7,2ac96584-dc3e-4ba3-84ad-ea38c75f7779,
5dabbcad-589b-45d9-a6d0-530cb2b860b3,600a9319-0e78-4738-9893-ace9fc5f3af7,4fe8ed7e-5511-434e-9c29-558ac6d2d519,
54d257c4-822c-4f88-bf7d-3185387e1760,600a9319-0e78-4738-9893-ace9fc5f3af7,56e5e22b-3600-447e-9481-63dfa310bf7b,
c1bcad40-bc03-4239-9f00-939e4366949a,600a9319-0e78-4738-9893-ace9fc5f3af7,77af04c9-5a7a-4c2b-9d55-a70cf7982a33,
bf989d14-bb92-476d-a16d-fcc193fa1f01,600a9319-0e78-4738-9893-ace9fc5f3af7,83105b77-8e72-4011-a109-daf1d7e678bc,
9a03bf35-7b48-4905-a289-4c0d85e3d8b6,600a9319-0e78-4738-9893-ace9fc5f3af7,8ff8189a-a69d-4c8b-b65a-c96a8cce9ba0,
bb3e0413-c513-40ca-a5c4-650b57b2528c,600a9319-0e78-4738-9893-ace9fc5f3af7,95717cba-5249-46bb-84e7-f309638610a7,
fa317311-f842-4652-b514-c1891a1d8007,600a9319-0e78-4738-9893-ace9fc5f3af7,dafe3408-ccac-4ac0-9579-ce1fb57b6047,
da1dfe6b-d453-4c38-9ce4-6a4cbbe59708,600a9319-0e78-4738-9893-ace9fc5f3af7,e1a7d460-410b-4d42-a70b-75a9ced7a2aa,
c2dc88f7-dcdc-408f-8f4f-07c11b7699dd,600a9319-0e78-4738-9893-ace9fc5f3af7,e391252c-6c3a-417e-93ae-22a2a2e55a78,
00bf69a4-2aed-4df3-afb1-fe30123a9ab1,600a9319-0e78-4738-9893-ace9fc5f3af7,f6abe3a4-5c71-4cc3-9cc8-778d1a2bdd0b,
0b9c412a-2bca-499c-b2a6-1396354a9e66,60e61e3e-fe12-457f-9f04-ecac008d4362,082170de-2ad8-4b7d-b8a9-daca52774ad2,
e73f32eb-d1f4-469a-b0d1-60f3001cd88c,60e61e3e-fe12-457f-9f04-ecac008d4362,1481744e-4137-444e-8b45-6373fc5651dc,
2a08e8d4-8101-4a8c-a357-33b242c4fc26,60e61e3e-fe12-457f-9f04-ecac008d4362,1ec558f8-ace8-4631-8a40-d7969dad9865,
bbae20af-8767-4183-bb0a-f904fdaa8dc7,60e61e3e-fe12-457f-9f04-ecac008d4362,85dab882-3488-4a23-a4a6-e2d27f618e8f,
b8173ee5-5b93-47a5-84ec-6b78bbfb46f1,60e61e3e-fe12-457f-9f04-ecac008d4362,85e8e51a-d4e5-4293-b76d-d31703a7a502,
9dc36939-59dd-4cd9-a397-22103aa53407,60e61e3e-fe12-457f-9f04-ecac008d4362,8a9fb9cc-c3e2-421d-a52d-b378e36b3ee4,
1af66606-44ef-470f-be81-dfcb93491336,60e61e3e-fe12-457f-9f04-ecac008d4362,9736970b-b6ce-4e5d-baf7-018fa52d0e6f,
4960c43e-c409-4897-91b9-e9f0b1e046b8,60e61e3e-fe12-457f-9f04-ecac008d4362,d9795771-9a46-477c-8263-402f25c8e132,
3d60e2a8-b53d-4a14-a9c0-b3a88094ae4d,60e61e3e-fe12-457f-9f04-ecac008d4362,dff9895e-44ee-40d8-a185-f18a5d711083,
c5b0475d-727a-4279-ad0d-9779e9cda72d,619111a1-6665-4583-ae24-a77e305f6064,e633b81e-1b08-470f-8c7b-7081b724eba6,
4db4836e-fa57-4e26-bd92-2eda1008c736,61e00933-7d29-4d44-8413-e349fae4c9ee,c71a99a9-f398-4fa7-b5c1-d1dad136413d,
64eee0da-74a4-4417-af65-59469d5dd9e9,634a4a5a-7eeb-4732-a39c-5ce013322e81,05eb5078-a7a5-4787-9f21-39fa31318051,
4b341275-725e-4b36-b805-3bd46b7c6a72,634a4a5a-7eeb-4732-a39c-5ce013322e81,0bd69fc8-f480-4b4b-867f-7fdc6484f4af,
c975b0c4-55e8-4f1d-aae4-738926e795ae,634a4a5a-7eeb-4732-a39c-5ce013322e81,14cb9f34-05bc-4875-9a7b-be68cf053f75,
8610fc79-e06f-4259-847c-4f2fd3983b5e,634a4a5a-7eeb-4732-a39c-5ce013322e81,17c9c1e3-7b1f-4fe6-a684-321eae5ea61d,
26b90f93-c516-4971-ac0c-f3da89cc616d,634a4a5a-7eeb-4732-a39c-5ce013322e81,186eb264-9d36-4e61-b315-2f6fa99c6e18,
1dd19984-f58d-4cef-b217-b04e8e3b392c,634a4a5a-7eeb-4732-a39c-5ce013322e81,18a2b85d-0b7a-4f3e-8c0c-f18b393f1d10,
75f0b29c-2981-40a9-b70f-d10be251d96e,634a4a5a-7eeb-4732-a39c-5ce013322e81,1e7b2423-c73c-462d-9ab5-12625fad45f9,
ea80a526-2523-4e98-b8a9-a27054257574,634a4a5a-7eeb-4732-a39c-5ce013322e81,2c09ed93-1b1c-434d-9956-d64cea588299,
8baeab64-3a0e-4e2b-a78b-ed3d98640795,634a4a5a-7eeb-4732-a39c-5ce013322e81,3e356106-dedc-45a4-9998-4bb50b471c7a,
7e2107f7-f813-466e-9f14-08eb984e5b20,634a4a5a-7eeb-4732-a39c-5ce013322e81,45521941-22e7-4d7d-94ef-114f12c4a614,
2060ba6f-e8e6-484a-8cdd-4e45d0624a3a,634a4a5a-7eeb-4732-a39c-5ce013322e81,466c54ad-cf3c-435b-bd72-7a43e7cc1af9,
8508522a-9974-48e0-8692-74bef39ed536,634a4a5a-7eeb-4732-a39c-5ce013322e81,496fa271-26cc-4a0a-908a-7cfa08630a93,
7edee5b2-4e57-4fe6-af7a-7cce2ed1f374,634a4a5a-7eeb-4732-a39c-5ce013322e81,4baaf568-7852-42d1-adff-4f377899600a,
1e877465-e2fe-44cf-a88b-e0798233e16f,634a4a5a-7eeb-4732-a39c-5ce013322e81,4eb37713-402e-4f86-aa1c-8be0b38b1a7a,
637fbe11-96c3-453d-8d55-d69f2637d35d,634a4a5a-7eeb-4732-a39c-5ce013322e81,50bf4d6b-0450-48af-8fb0-e2fe383abdce,
d7fec0b5-249b-4146-b0a8-6b47c93e3ac8,634a4a5a-7eeb-4732-a39c-5ce013322e81,561a3e36-34b0-498e-901e-1508a7ea3d04,
2768fcf0-2a8a-4e6d-9001-3594b359444d,634a4a5a-7eeb-4732-a39c-5ce013322e81,5b03350a-d303-40d6-981d-5b2fa99d97de,
b7ec800e-be7f-4941-ab03-8fc52a5fdc61,634a4a5a-7eeb-4732-a39c-5ce013322e81,5b68b345-3a48-49c6-9f38-98dc1f3ddbb3,
0c2f0b30-a210-49e7-9e99-4605db271e02,634a4a5a-7eeb-4732-a39c-5ce013322e81,63f7d5dc-492f-4ec7-a85b-09e741ed2915,
cc625fa7-a8eb-4614-8ada-6d0cf17e1ea1,634a4a5a-7eeb-4732-a39c-5ce013322e81,65d4a973-ed1a-4b8a-b80d-a0e163385658,
aad88566-5928-4cf0-9e43-dc419abb3e69,634a4a5a-7eeb-4732-a39c-5ce013322e81,71a5fdf8-9807-45b7-a3aa-ee52f3239cd4,
92430e71-49f8-4ca5-b9b6-6ae86185b238,634a4a5a-7eeb-4732-a39c-5ce013322e81,71dcd63f-e388-43b7-9e03-84ec72ea9bfa,
2bffa8ff-7f1d-4a30-bc2f-6008df8cb4a5,634a4a5a-7eeb-4732-a39c-5ce013322e81,77307294-f08d-4ed3-9d39-d057e0aa1615,
e527127f-ee66-4d30-81a4-e407e063ca71,634a4a5a-7eeb-4732-a39c-5ce013322e81,7bc59dda-6a23-453e-bf46-32b25f15d1d5,
34a12bff-967b-4c80-8efc-2f2550c43e4f,634a4a5a-7eeb-4732-a39c-5ce013322e81,7d9e5863-67e1-4928-9bcc-f37ebe47e1b8,
a6261f8d-8774-4695-968b-bd7f8a9adb17,634a4a5a-7eeb-4732-a39c-5ce013322e81,81d7d15e-88bf-48d2-bb75-d1769b912768,
93b8d4da-4315-4aef-8a0a-7a07da020311,634a4a5a-7eeb-4732-a39c-5ce013322e81,83304908-3361-40b0-828a-a0852e212382,
31e9c734-e12c-4a19-a96e-041037f351da,634a4a5a-7eeb-4732-a39c-5ce013322e81,8ac9a2c8-be5c-4b6e-9367-bdd36a00afac,
06854abf-cf0e-41b9-a70e-fec697a51d0c,634a4a5a-7eeb-4732-a39c-5ce013322e81,8fe2e453-25ed-4fc3-b562-e677236eec6b,
4e605984-e52d-4a96-91e4-f197ac16444a,634a4a5a-7eeb-4732-a39c-5ce013322e81,91751b63-c8ba-421c-b4bf-e6bdc237d1ca,
577e9791-a5cc-4d25-bcb0-70799eace5c0,634a4a5a-7eeb-4732-a39c-5ce013322e81,96e63b33-bdf0-4ef9-9ad9-f47ca520622d,
9da5a556-05b9-45e9-b5e1-e2f75a42e8a0,634a4a5a-7eeb-4732-a39c-5ce013322e81,9e5f0bb1-b457-4542-8222-fedf59a71fba,
f4d45f20-0dc8-4197-ab75-cdb3ee03ff31,634a4a5a-7eeb-4732-a39c-5ce013322e81,a19b0928-1617-4de3-9241-835c2410b9ce,
562108f0-7649-4380-b62c-4982385fd650,634a4a5a-7eeb-4732-a39c-5ce013322e81,a3903c41-e91c-4b7c-a7d6-6d585c4239b4,
ef131f1a-b9a1-44bc-9d0e-cd5760ffedd4,634a4a5a-7eeb-4732-a39c-5ce013322e81,ab825c58-b45e-4486-a0cf-3a303dd00a4e,
4818397e-f0a7-4b5c-bbf1-024d9fc8a66b,634a4a5a-7eeb-4732-a39c-5ce013322e81,afad0b0d-ab69-49d4-bd3e-e3da901c4670,
0e776153-4458-4bac-a010-1fa0851f2f0c,634a4a5a-7eeb-4732-a39c-5ce013322e81,b68d7ff6-d372-44a0-a2e6-fda8297ed8b7,
e261ca73-807c-4695-8852-db0ba11d7e84,634a4a5a-7eeb-4732-a39c-5ce013322e81,b9444132-b93e-4591-b5e6-89235856c177,
64899963-b458-47a5-a98d-5a4881a405b3,634a4a5a-7eeb-4732-a39c-5ce013322e81,c5d7967f-959d-4778-b77b-9eccf2c9d33b,
c823e8bb-3102-4667-8b13-0bf4f5a0513c,634a4a5a-7eeb-4732-a39c-5ce013322e81,c67fff9d-da3a-48ee-a951-b13a1741dcf5,
864eee04-9bd3-4eaa-a776-041dce5de41d,634a4a5a-7eeb-4732-a39c-5ce013322e81,c8348f18-e76f-41c7-b80e-b94c93d0fa59,
dc1b5167-085b-4ec3-98e0-744386428afe,634a4a5a-7eeb-4732-a39c-5ce013322e81,c956c70f-7feb-4c96-8820-3b6201804bad,
49b327e4-247f-4fd3-93ec-d1012efc70b9,634a4a5a-7eeb-4732-a39c-5ce013322e81,cb548740-4461-4fbb-bf31-2f1d1235517c,
2d55464d-372f-4f96-8714-882a7a03529a,634a4a5a-7eeb-4732-a39c-5ce013322e81,cd85be06-71cf-458e-8b6f-07a8265fdc19,
355949f5-29be-4b18-973e-2402b289e826,634a4a5a-7eeb-4732-a39c-5ce013322e81,cedf0a3c-074c-46a4-9496-fcfb50d52fef,
c4b7b5ce-f034-4c28-9b18-5b2bb2316da4,634a4a5a-7eeb-4732-a39c-5ce013322e81,d0bf0692-ef28-41df-9a7e-ae2f29799f93,
4542e663-b48e-4794-8025-abda6dd6a132,634a4a5a-7eeb-4732-a39c-5ce013322e81,d123369c-e600-4181-9339-ebaf35f1ca75,
9ff3a857-e0e6-49cf-a3ad-5ed93fc5e8e1,634a4a5a-7eeb-4732-a39c-5ce013322e81,d1bfcd7b-8fd9-4c3b-857f-2c7916af382b,
107f8fd7-1bb4-42bd-8139-6ff8cf51ef3d,634a4a5a-7eeb-4732-a39c-5ce013322e81,df820257-97df-47b5-a5cb-f9031915dbe8,
88fedd5e-4c8a-462b-b968-bfdb428e2d5b,634a4a5a-7eeb-4732-a39c-5ce013322e81,e44f133e-5b1c-4d0d-9306-02c5adae2c8d,
da0f9dfc-5eb8-40f1-981b-bacfd1f1f1e9,634a4a5a-7eeb-4732-a39c-5ce013322e81,e6513b32-b317-421b-95f3-faf686a3d892,
8e6711ef-67cd-492a-9ba9-4f72cba8fcec,634a4a5a-7eeb-4732-a39c-5ce013322e81,efefff67-3001-4f14-a7f2-66d9516d3d59,
6130a246-1b0d-4c8d-ae18-cf0abb7d6066,634a4a5a-7eeb-4732-a39c-5ce013322e81,f0fc8a5c-578f-4c9f-8102-146b5adae3bc,
dc0d6c28-a811-404e-b327-5e7af4bb161e,634a4a5a-7eeb-4732-a39c-5ce013322e81,f83a9594-2054-41c6-b5bf-4d8675c5d315,
efa6229d-1fac-4a2f-ad31-efc9b374f503,634a4a5a-7eeb-4732-a39c-5ce013322e81,fe201a29-964b-4368-aa8b-54f1832388f7,
afae2553-1060-40d2-9ee0-b264d1f49200,63afe38a-4044-4870-8bce-76fd7dfbfc0a,c2f90617-d881-4efc-b928-0e5c68f5e0c0,
52b0cf51-25c8-464d-a722-1fe1138a97bf,64ea0f9c-2a51-4b59-bf79-e78a3da2031f,03afe12b-d2b5-4ffe-9651-78500c0480ad,
4987ec10-5bde-4306-b237-f046709e093f,64ea0f9c-2a51-4b59-bf79-e78a3da2031f,6c372c17-1748-40bc-94db-1fb04c525d7a,
b53460c2-26a3-4940-ae93-eb8b4ac95bb1,64ea0f9c-2a51-4b59-bf79-e78a3da2031f,b5687e47-d5aa-4e20-b87f-59d92f901141,
a388cab9-f559-4eef-a8a9-cf3781b781b6,64ea0f9c-2a51-4b59-bf79-e78a3da2031f,da5ba146-d684-463a-95ee-74469f48dfb8,
3467ed81-84b9-4b01-be82-d10449c1b53d,64ea0f9c-2a51-4b59-bf79-e78a3da2031f,f20a2752-e819-4231-9b91-7c4cb7256061,
486ff9f6-ea2d-46c3-a0d1-cf25779105a0,66106c4f-d8e1-4436-a68d-bf287ec38093,38ab7c3c-81a5-4ff2-a0e3-783a1e57207a,
ec5f666c-0f14-41e5-942f-703d3fd67a0f,66106c4f-d8e1-4436-a68d-bf287ec38093,3b1df7d8-b78e-4dba-90b3-0abcd55b79b4,
fbbf2d71-4ca5-48ca-825b-dfab9e289099,66106c4f-d8e1-4436-a68d-bf287ec38093,8fb0c742-6ef7-427b-a586-e6642e3083cb,
437d6ffc-5f41-4b24-bf17-46187f171fc5,66106c4f-d8e1-4436-a68d-bf287ec38093,a4d4f561-e26f-4d97-a9ce-d1f2ce31f030,
24d9ffc9-137e-42e3-b302-7ec47c86b4ad,66106c4f-d8e1-4436-a68d-bf287ec38093,fbbf91b3-6583-4978-8219-4c285b0fd5ea,
7b60f6ed-a06b-4f40-8e6c-4e0b45cc06b2,6654661d-bf10-4c5b-b12e-b401e83e4430,25e4ca32-695b-42ba-abfb-bc8e8ef76343,
35d9720f-3ae7-4044-8aca-a16514458241,6654661d-bf10-4c5b-b12e-b401e83e4430,2eb9a6b1-4235-446b-9534-67f156ec4ace,
1119d8fe-993f-4e4a-b19e-d1c44958753b,6654661d-bf10-4c5b-b12e-b401e83e4430,4df75309-cf35-4142-a6bb-4400d889d78b,
d7b347e5-c871-488e-9b9e-1e35d9e3910d,6654661d-bf10-4c5b-b12e-b401e83e4430,e004b3ce-73e8-46f7-a575-89ca8edb148c,
b81c1670-13bf-47af-b07d-490d5fd17ece,6817e041-03b7-43a4-97cd-8cfe904fa70e,50331ca2-a06a-40c3-b0f4-2ada727cd1d5,
f0358c78-4745-48a9-a37e-01de466f84b7,6817e041-03b7-43a4-97cd-8cfe904fa70e,de5163e8-59bf-4cdc-b459-83d63a0cfdb8,
ca373d03-48d7-4971-9e10-8252e19a009a,6817e041-03b7-43a4-97cd-8cfe904fa70e,e8b48b87-02e5-47d7-b9c3-815e8c14a71a,
dc097ac4-b597-4e18-9454-2d75235dcc34,683233b1-45fc-4439-a46e-d9fd1d157718,00e55dec-a0ef-42bf-b0e6-428e91d15e45,
c6b1e416-ebf3-4811-9a1d-c0b5a619020d,683233b1-45fc-4439-a46e-d9fd1d157718,00f29ad3-47de-4325-a421-c26050152f6d,
8c824104-9c53-4ff1-81c9-1677b3054aa5,683233b1-45fc-4439-a46e-d9fd1d157718,09a55e67-4d32-48ac-97a2-4be0535d9126,
96a3bf63-4791-4820-b426-41679e317a27,683233b1-45fc-4439-a46e-d9fd1d157718,0acce96f-4410-4ed8-8d11-4e52d8ad6042,
d411a1be-2f10-426b-befe-8e816d7abbde,683233b1-45fc-4439-a46e-d9fd1d157718,0b44e7f8-b753-4a74-bf07-8c12b5789961,
85b23eff-ccb5-40b6-80d5-a90a4f8164b3,683233b1-45fc-4439-a46e-d9fd1d157718,0bbb3d86-35b6-4e9e-a7b5-b3d17d4e7344,
e8e2b3af-4311-4260-baa4-100e100672de,683233b1-45fc-4439-a46e-d9fd1d157718,0c6bdba1-1928-4039-845c-54c87beddb46,
574316e9-3f5c-46fa-b084-9debbf2d9bd6,683233b1-45fc-4439-a46e-d9fd1d157718,0fb5eeff-8ffd-4281-883f-e15eb510aca6,
79d6c406-7fb9-4ce5-a7bf-5cc0139c9df1,683233b1-45fc-4439-a46e-d9fd1d157718,110176f5-2407-4d02-a492-b896269eaf0e,
793de675-0d2f-440b-8a4f-47fea8777f07,683233b1-45fc-4439-a46e-d9fd1d157718,116c77e8-f66f-4da1-aa57-c88ebe0dc18f,
a9e820d4-d0a6-4218-80db-6c687c3b122f,683233b1-45fc-4439-a46e-d9fd1d157718,14964919-bdab-4a09-ae5e-94e327752e00,
bfaef40e-9f00-4fe0-9111-a6a9f09b6e8c,683233b1-45fc-4439-a46e-d9fd1d157718,16100377-a3a0-47ce-ba42-403955e77ced,
619413a1-fa9c-4f76-8588-10f59e350f08,683233b1-45fc-4439-a46e-d9fd1d157718,18d80ce9-3914-411d-bb46-f138dc721ddf,
2a9fc4de-7edd-4a6e-90ef-ecdf36586ce5,683233b1-45fc-4439-a46e-d9fd1d157718,1f5a462f-a568-4ed7-a049-553ec23726e5,
53e8261a-d8ed-4a40-91a5-5ece021bb9c3,683233b1-45fc-4439-a46e-d9fd1d157718,2215fddf-aefb-4a51-ab4d-f2f004157c4b,
8a1ff9a8-7d89-4aba-991c-083cc6966fa5,683233b1-45fc-4439-a46e-d9fd1d157718,229d22c3-685f-48f9-ab36-6c98166e4335,
5b2648f0-7b0a-4d79-a18e-b64f9e7e4d73,683233b1-45fc-4439-a46e-d9fd1d157718,320be666-d88a-4a31-a1a2-3d3ee3ee5841,
40c71760-9e85-4ce5-bfb0-db62ce97c06b,683233b1-45fc-4439-a46e-d9fd1d157718,3ec5af18-b5b6-4fbb-bbf9-c215d309b8a9,
8c9a7162-6267-4a84-9acb-0d39a2abbcdc,683233b1-45fc-4439-a46e-d9fd1d157718,41cd476a-db38-4c87-b206-75b59a1ceb82,
ee225fbc-c227-4854-a591-e4d75c2e74fc,683233b1-45fc-4439-a46e-d9fd1d157718,4a1bf1a2-e5c1-415e-acfe-36fb20b353d6,
cf2d95df-1f13-4f92-a7ef-7f567c853a26,683233b1-45fc-4439-a46e-d9fd1d157718,4f00afc6-3de2-4355-90b2-f893b9893bf5,
4be651f9-24cd-4a93-b5c5-a9faccd2ea14,683233b1-45fc-4439-a46e-d9fd1d157718,54d168b7-8f6b-40ba-9796-3c007f2c83d9,
07ceaf61-5563-4f6a-b5eb-1aee05d5c96b,683233b1-45fc-4439-a46e-d9fd1d157718,56018412-1e80-4ef2-8711-f3e3b62dfc8a,
082aa159-684b-4d42-8fb1-74bbb0f52173,683233b1-45fc-4439-a46e-d9fd1d157718,595aff74-ef9f-4740-bdc0-065ef57067e2,
90f46697-2c7e-4b61-87ef-4af5262da424,683233b1-45fc-4439-a46e-d9fd1d157718,611b40da-30be-40d8-bf5e-aa4de60b2105,
4ed8062b-fa06-4421-84b6-2a1ca3dba8b5,683233b1-45fc-4439-a46e-d9fd1d157718,6bbba877-5890-416c-9a61-84be0c0c4e51,
f5aa908f-0df8-4b39-bf2d-fcefc8cea300,683233b1-45fc-4439-a46e-d9fd1d157718,702a9e6a-aeda-4d82-af6d-84f040eea9fb,
7137ed8c-8f5d-44d5-b1bc-129b43a8c114,683233b1-45fc-4439-a46e-d9fd1d157718,7061a901-0e58-4192-8fcf-43dd460767c8,
49f7913d-532b-4a13-93ea-67748194ec60,683233b1-45fc-4439-a46e-d9fd1d157718,74a1ca6a-99d6-49d8-989d-251007a3978e,
1a0ae71e-704e-434d-9d2e-278f5de907f4,683233b1-45fc-4439-a46e-d9fd1d157718,82e7e587-4b20-4653-a5a8-3735107426ab,
38e455b8-7389-4c6d-930f-2b653657a980,683233b1-45fc-4439-a46e-d9fd1d157718,82f7dca3-defd-4f8b-9d55-ca08272e9334,
2a340315-ffff-4488-b9a5-0c5d10f51d51,683233b1-45fc-4439-a46e-d9fd1d157718,84579870-b4dc-440b-bf32-34aa982c9d0c,
aeeff182-0a97-46e5-ac4d-eef63addb897,683233b1-45fc-4439-a46e-d9fd1d157718,86cc5e28-69b4-4534-a473-0064cc825458,
9b4c5c47-de45-4eb1-8612-3e84dcb4a9a4,683233b1-45fc-4439-a46e-d9fd1d157718,87c342a7-6cee-4313-a0fa-30e102f7922d,
d3e4ec48-5bfc-49eb-a62e-d75d4af7a910,683233b1-45fc-4439-a46e-d9fd1d157718,8b3e9372-7105-470c-b848-9a2a0137136b,
5ecb51a3-e0e4-4fad-a77d-2ead34bc0914,683233b1-45fc-4439-a46e-d9fd1d157718,8d2597d2-d392-4eba-a8f5-9d552ee9d976,
e9e1affa-2c84-40fd-9691-a9a64be26401,683233b1-45fc-4439-a46e-d9fd1d157718,907ca31f-4fb6-4caf-a88b-30d1b9d15881,
b14a9777-cba9-4317-99f6-1d85d714e3b0,683233b1-45fc-4439-a46e-d9fd1d157718,90e0de12-5249-416f-bc59-5738a05fc7d2,
78d57343-ab7f-4c54-8cb2-277c798825aa,683233b1-45fc-4439-a46e-d9fd1d157718,923e68f8-0802-46ff-a5be-d414f177507d,
ae94d538-edbd-4335-9551-c9b41c247047,683233b1-45fc-4439-a46e-d9fd1d157718,93c0834f-a0a8-42e2-b96b-03423550122e,
6ac63ded-a2a9-49ed-9817-c6ce1e23bb45,683233b1-45fc-4439-a46e-d9fd1d157718,93cc0ab3-0181-4a72-aba8-ff2576b554ab,
6d2b133c-2516-437a-aa10-3d7cedee272e,683233b1-45fc-4439-a46e-d9fd1d157718,9416f474-f21d-474d-ae25-770623f6384d,
ff5bb438-0ac2-4ac7-aa59-2a0a5c980c5e,683233b1-45fc-4439-a46e-d9fd1d157718,964ffc02-1e99-445d-89e0-f097230b8664,
de5d0428-402b-49f1-a3af-d16724cd5c69,683233b1-45fc-4439-a46e-d9fd1d157718,97ba6b5a-1644-4397-847c-b38e9dcaa387,
4b231bf3-dd71-4829-9e25-d44b3f1c27b7,683233b1-45fc-4439-a46e-d9fd1d157718,a05ce1ed-b864-49de-903e-b33cf1608fea,
16701379-73df-4636-82e7-aaac823ae5ee,683233b1-45fc-4439-a46e-d9fd1d157718,a273ff16-5915-4049-8693-9522cb133d21,
952dcf68-e34d-4748-9ddf-421e862b65ca,683233b1-45fc-4439-a46e-d9fd1d157718,a481dcb9-b0df-4433-8ff8-375ccae2b8a3,
32da348f-c88c-451f-8d81-10b012721fe0,683233b1-45fc-4439-a46e-d9fd1d157718,a4e7eca4-bb78-4c0c-b2c7-5f0f7fe83143,
473d8de9-9e0c-428e-b91c-071c4dc3c371,683233b1-45fc-4439-a46e-d9fd1d157718,a60bc42e-8b21-4df7-a0bb-99e15b8f6cab,
9dd76bec-754b-4ac2-bc09-0c3dc5919bc2,683233b1-45fc-4439-a46e-d9fd1d157718,a62fe5ed-aa01-425f-8159-e05268cee9b6,
3ac5a09c-1f6e-4406-9e74-f38c7121099b,683233b1-45fc-4439-a46e-d9fd1d157718,ab6b62c8-fe9f-4ec9-90d7-223ad2911a6d,
f18d0e35-236e-438b-8759-9dc948b16951,683233b1-45fc-4439-a46e-d9fd1d157718,b63d76c7-1a5a-4a2a-a5e4-c93db7ce89e9,
f7a813e3-5cba-405f-87ce-865c3f3f3387,683233b1-45fc-4439-a46e-d9fd1d157718,bad0a4d3-f66a-4e89-b87e-f6072076d638,
94a8eb59-06bb-4131-bb64-ef767c366dd1,683233b1-45fc-4439-a46e-d9fd1d157718,bf6f9336-8221-45cd-800e-4824319e0131,
720884d7-3778-465a-a04b-e84c631b6395,683233b1-45fc-4439-a46e-d9fd1d157718,c0a33804-045f-4a64-8739-3a0cd68eb51d,
dd384799-8771-4288-baed-abb2ab72abac,683233b1-45fc-4439-a46e-d9fd1d157718,c5b13e3b-65e6-4aca-95f3-a1b106b7aae6,
a12eca04-0a64-41a0-81cb-5faef3afe45a,683233b1-45fc-4439-a46e-d9fd1d157718,c7e77023-fd04-4c18-9815-85c59d03106e,
dd29730a-4870-44be-a60f-6af3b36c10d0,683233b1-45fc-4439-a46e-d9fd1d157718,cd560e43-f775-4717-aec7-443b72ca4cd5,
1bf2a532-cdd2-4cfb-bbdd-8af8a0acae8e,683233b1-45fc-4439-a46e-d9fd1d157718,cdadb96d-d4a7-4e1e-b8a3-03a3b65681a1,
0a9d8e0e-bf36-44ea-a988-a32292212b03,683233b1-45fc-4439-a46e-d9fd1d157718,cf3592a8-8b7c-423a-9761-f728c74d0e05,
a34dd593-d47f-461a-a628-7ea564e6bba9,683233b1-45fc-4439-a46e-d9fd1d157718,d327695d-d749-478d-b116-f7d27bbef5fd,
35c3771a-9048-4604-918d-c60c36043f1c,683233b1-45fc-4439-a46e-d9fd1d157718,d53a950e-bee4-48fa-aae8-6eac904138f7,
500c4c30-7376-49c8-ae0b-d31af7e3afd0,683233b1-45fc-4439-a46e-d9fd1d157718,d5f0626f-d932-4db2-9cc0-00b39df07bc0,
482ef9df-c0e4-4da0-a0f0-0ad73c4d347b,683233b1-45fc-4439-a46e-d9fd1d157718,d9efd812-5991-4a0e-aef2-a33da1052ed4,
da59fab2-4a1f-4e88-9502-ee019718fdab,683233b1-45fc-4439-a46e-d9fd1d157718,db52fc2b-954a-41d2-9aaa-f8659c8cdc86,
593107a8-4769-4bb4-952c-92f0fb46f425,683233b1-45fc-4439-a46e-d9fd1d157718,dc3c5b16-2277-44c5-bac4-5eba1ee8f346,
2632b583-ba69-483a-a9e5-e56025881a44,683233b1-45fc-4439-a46e-d9fd1d157718,eccc75da-529b-4782-9ab9-42564d4cd068,
ae330628-daee-405d-99c3-d297d0ede566,683233b1-45fc-4439-a46e-d9fd1d157718,ed230064-1df4-4b94-adeb-2587717a9690,
b11f9ccb-d9e8-4b5b-8e09-add2e5efb87e,683233b1-45fc-4439-a46e-d9fd1d157718,edd69ddf-18cb-4b2c-8780-373dadb737d9,
e3be5a9b-1a20-48b2-8a1c-224a5f29f61e,683233b1-45fc-4439-a46e-d9fd1d157718,f14e579f-6d85-4ba3-8fe5-e677bf99ab1f,
cb4b67d1-9539-4454-a66e-1dd300494dd3,683233b1-45fc-4439-a46e-d9fd1d157718,f403b181-c79a-4154-919c-32f2e264cd04,
df8974be-f308-4fee-a993-3e698e38471d,683233b1-45fc-4439-a46e-d9fd1d157718,f452b471-1760-458e-86a5-425cd32f6423,
2d106937-ea08-4937-9298-a647073f4912,683233b1-45fc-4439-a46e-d9fd1d157718,f46ae491-a68d-4376-9901-3e561bb8c867,
3e17de4c-4e99-411e-9543-4e7dc6405ce7,683233b1-45fc-4439-a46e-d9fd1d157718,f5bc9222-464b-45cd-9970-a5b96585986b,
7c016cdb-a545-4d9e-9b8a-d935c317841b,683233b1-45fc-4439-a46e-d9fd1d157718,f6c99b37-03ee-4539-889f-8c65f0e2cc19,
d905a3d0-d791-4444-80f6-70df8e044eae,683233b1-45fc-4439-a46e-d9fd1d157718,f7d73166-52ff-4358-b428-c7f0d90b5523,
30748531-51d5-4ecd-b6ab-5f8e4f76c51b,683233b1-45fc-4439-a46e-d9fd1d157718,ff214b95-0cb2-4bf4-ad67-7ff03a5fc6f6,
c1953556-8e7a-47a6-a0d8-303134067c21,68c3bcd3-d83f-4821-92fc-4df0bea45fa0,3547da24-af48-47e1-a643-7d52afa323b7,
4a17f32a-6342-416a-878a-6eae925a9198,68c3bcd3-d83f-4821-92fc-4df0bea45fa0,35ce1528-22fc-4fa5-b42a-f096cc180270,
7e76fefe-bd72-45b5-94b1-76464bffc9cb,68c3bcd3-d83f-4821-92fc-4df0bea45fa0,425e9cc6-5cc1-4ee8-9117-e7917b6122b8,
ee96232c-73c3-4765-b2f2-bf9e42f0a1e6,68c3bcd3-d83f-4821-92fc-4df0bea45fa0,68386c24-b388-46cc-8097-bf57b9afcb37,
fd49c38d-ce43-4b4b-b0cb-3203b3f3b101,68c3bcd3-d83f-4821-92fc-4df0bea45fa0,743a88b5-a913-4774-ad1a-be78a66df746,
15c8fda2-7136-4e91-9918-ed81d401a9b0,68c3bcd3-d83f-4821-92fc-4df0bea45fa0,93e70e00-a43c-43f6-a6d2-911d8675c4e7,
1681a58e-c7af-4343-b407-b7da2fad0cf3,68c3bcd3-d83f-4821-92fc-4df0bea45fa0,968a46be-8c82-46b8-9f07-adf83c09906e,
eeeb9505-4bcf-4a53-80c8-aaf52028fc12,68c3bcd3-d83f-4821-92fc-4df0bea45fa0,9b1f4b38-94ec-43ec-a6c3-5bea66657d98,
146d4d00-7003-4ffd-9ef7-266217f1ba31,68c3bcd3-d83f-4821-92fc-4df0bea45fa0,bb82a6a7-1c6b-4cc8-81f8-ca39cc8b7d22,
172b93ae-a774-40c9-baeb-1e06fbe23fa9,68c3bcd3-d83f-4821-92fc-4df0bea45fa0,da3012d0-f2bd-4a02-97f2-cfbe8262ba47,
943f8e3b-7602-422e-8b27-032567eac907,6945503f-2b50-4748-91f8-be2e3412f39d,871d8476-d12c-485b-8f35-a94e685d63b3,
87c7b1d0-0823-402b-a1da-d7a14d8c4aad,6945503f-2b50-4748-91f8-be2e3412f39d,ab127c08-dffe-4773-bb96-3463fcbabb3e,
b1f70351-4481-4115-8a1f-e90a79f6a280,6d1b947a-6d6e-44c1-b346-eede8b6f3e73,0cfe3f6f-84ba-483d-88c0-5f07a2c7e497,
c719e454-79f2-4c1f-a7b5-a9d820c536c7,6d1b947a-6d6e-44c1-b346-eede8b6f3e73,6cf84451-c0f9-4426-a49f-8da58cfb162c,
70aa912e-bb28-4015-a1bc-fc979b09b3a9,6ef8724d-ea12-4947-b8c0-ede9a9415418,65838bca-f386-4200-b6ae-91c1f125cf79,
cbaded0c-a842-4d03-bf92-0284d9aa74fc,6f0e23bd-d7c5-49c9-9077-a97738642e58,bbfd7ba4-f0b0-4875-af79-4a2171d7bf11,
991fdeae-cf33-4d80-9c82-d50f04cbfdfc,6f2e787e-bf96-4a3a-acfd-d816705a96f1,13159156-4e95-4173-9519-be62b79a46c0,
e5877bb8-0449-46e6-a1c4-37bf2f6c8f32,6f2e787e-bf96-4a3a-acfd-d816705a96f1,31448d5c-8726-4ae7-bbd2-bb812d333239,
0f93bed1-6c46-4ac6-9971-4dce710b47cd,6f2e787e-bf96-4a3a-acfd-d816705a96f1,43b26d09-b624-4dc0-8020-6704afcdc688,
d6f897cd-2cc7-4418-ae17-4954cf6cbea4,6f2e787e-bf96-4a3a-acfd-d816705a96f1,47640ca6-d2b4-4aef-a1a0-fc77971d5758,
a9265f15-b9f6-452b-ae1e-1394c7a5ae9c,6f2e787e-bf96-4a3a-acfd-d816705a96f1,4bdde61d-7c6d-4a0a-a2a5-70b542bb45eb,
ac039b0e-d942-46aa-b65e-8a064de66209,6f2e787e-bf96-4a3a-acfd-d816705a96f1,51ef08af-319a-4c93-bd37-7ff16db65287,
63852f8b-6453-4394-9de1-b5c009a97606,6f2e787e-bf96-4a3a-acfd-d816705a96f1,5890c36b-87f8-41f0-9e22-073257650d15,
92e3af07-c19b-4d90-b3f0-f1cabd08c7e4,6f2e787e-bf96-4a3a-acfd-d816705a96f1,67175079-0578-4d88-a55f-0f4b055867ae,
6a8a39b4-ce69-4e59-8d99-eef9d523e18d,6f2e787e-bf96-4a3a-acfd-d816705a96f1,7e02c26e-2eaf-4aee-b65d-703332e686d4,
83be0bd0-aa57-4b36-82ef-dd2005650dc9,6f2e787e-bf96-4a3a-acfd-d816705a96f1,8e4af223-d61e-43fb-9f04-32c4f7b80462,
9bfc9cca-cf18-4421-8dbd-736433ad51bd,6f2e787e-bf96-4a3a-acfd-d816705a96f1,bb64415b-08b7-4355-ba6f-d1cfd1f148fe,
b943dc01-0f50-46d0-a90d-bed80bf8f77b,6f2e787e-bf96-4a3a-acfd-d816705a96f1,bf9c9cf4-3ee6-45d7-b8c6-9ed754ce816a,
d4767880-805d-4909-a985-a1ca69050a44,6f2e787e-bf96-4a3a-acfd-d816705a96f1,c2979437-2f7d-4950-be31-6f3caf9cdada,
99279582-c692-49cf-bbf5-f8ebf8bd8eea,6f2e787e-bf96-4a3a-acfd-d816705a96f1,c83a0f2a-592e-4c83-bb48-c408cfd57697,
e746e077-9802-42fa-a04b-b96975adc74f,6f2e787e-bf96-4a3a-acfd-d816705a96f1,ccc649d0-420d-4d80-889e-ffbaf9b8221d,
f6406798-910c-42d1-b175-3bdf8e9aec6b,6f2e787e-bf96-4a3a-acfd-d816705a96f1,df26b609-ab69-44ce-96c5-a77e78de7117,
cbacf2a3-07f6-4eb5-887e-12ca3b0395ce,6f2e787e-bf96-4a3a-acfd-d816705a96f1,e084d256-b884-45e9-ae25-a309eb6be717,
51ed57ad-c4f9-4cd1-98a3-45cc0da412db,6f2e787e-bf96-4a3a-acfd-d816705a96f1,fb96712e-2668-4570-9149-9854089deb43,
e6f0955b-43a6-4172-99de-776015ffd6c6,6fb53db2-8b0b-4c93-b20d-118f97e3fd18,2282f6e6-4590-4514-8a0f-72067458b7d2,
82058fc5-342e-41f6-9b24-830e29c3ec0c,6fb53db2-8b0b-4c93-b20d-118f97e3fd18,4d1a8a7b-9bc3-4680-9334-9cbfb338699a,
30afe82f-2eef-4620-9049-fa3e734dd876,6fb53db2-8b0b-4c93-b20d-118f97e3fd18,52dfd00d-696c-4691-82df-6dd0d3323cc8,
772bf10e-a443-4739-9ec5-a13a9b88d135,6fb53db2-8b0b-4c93-b20d-118f97e3fd18,60967c7c-c6bc-4e7e-95c0-010e32afa11f,
87c5b0ce-c58f-49fe-820b-e91d80098d72,6fb53db2-8b0b-4c93-b20d-118f97e3fd18,6843ab27-7d28-4375-8811-a1d8cb4f15d4,
8965f060-1ad1-41b1-beaf-630ab7acb66c,6fb53db2-8b0b-4c93-b20d-118f97e3fd18,f7c10895-60aa-4afb-b387-e006a5a781ca,
9b2259f0-8532-4ca0-9b1e-0dc6d5e67929,6fb53db2-8b0b-4c93-b20d-118f97e3fd18,ff3e7145-ab2e-49a5-af9f-d24c36002950,
aad342cc-a1ad-474f-8a20-469a00b24318,70d913bb-1188-48cf-80f1-9f4686993e13,29dc82e6-5277-488b-863a-cd35c1d9bdad,
82d08290-1e2c-48ee-b996-5b58a277d964,722ee142-d1c4-4651-854a-4104d091a6d6,c94d1342-929a-47c1-bdc9-163902346082,
c27ff84c-3ad9-4582-8524-3d5d4749124d,73ef7942-345f-49d2-938a-99aa76e17fc3,0a93c91c-1cd8-4dea-86a5-0eb2308b077f,
a0d1229c-6471-4d36-9401-4675e56029b4,73ef7942-345f-49d2-938a-99aa76e17fc3,19237f4b-6f69-4862-8863-19197a7ec3c3,
81c4e9e0-b3a6-47aa-bb51-705ec5868f86,73ef7942-345f-49d2-938a-99aa76e17fc3,22e4c836-8c0c-4575-838e-b16bffdffa08,
6d111dac-ef3e-4949-a48a-b79cceaac560,73ef7942-345f-49d2-938a-99aa76e17fc3,32a3f20f-f462-4fa0-896d-1830bbe4c271,
9c9684bb-d743-4c43-afa9-ebc397dbcb60,73ef7942-345f-49d2-938a-99aa76e17fc3,34523855-5e67-44c9-95e2-1cfc89c52fc7,
1612d1d6-3625-4a4b-851c-6502850d94b0,73ef7942-345f-49d2-938a-99aa76e17fc3,37fe4c18-44dd-46e6-b331-b8b38d969231,
046c9d9a-3689-4204-991e-51055f5e3c4b,73ef7942-345f-49d2-938a-99aa76e17fc3,3903fd9d-5239-4a1f-9135-b44819b541a8,
34fb6613-2e59-4265-b9e8-8045c6762095,73ef7942-345f-49d2-938a-99aa76e17fc3,46fd23a4-b508-4e12-94b2-96e86a74bb37,
615c46ea-04c1-45cf-af7b-c5d9ce7a0b53,73ef7942-345f-49d2-938a-99aa76e17fc3,47049757-57af-4484-92e5-8bc931444d5f,
baa4ca3c-1ba2-49bd-ba26-5b4486a166bc,73ef7942-345f-49d2-938a-99aa76e17fc3,556518e4-f5dc-4628-8cf1-41b7d645a502,
e38ed61b-4e99-4983-83f1-25481ac24de3,73ef7942-345f-49d2-938a-99aa76e17fc3,6f1e4d44-1a02-4036-bfb8-d95cfab3fe40,
7f61dd3b-bd1c-41e1-8f12-fbd90f8fef70,73ef7942-345f-49d2-938a-99aa76e17fc3,760c33d8-56ef-4bce-98ef-6ae3d309595f,
fd496fbf-dec6-498e-b335-eb4f656d85e0,73ef7942-345f-49d2-938a-99aa76e17fc3,7626ab3c-df97-4f7f-bee1-ff07a233bca7,
47c9f048-1e11-4432-84eb-8ae46b3986b9,73ef7942-345f-49d2-938a-99aa76e17fc3,793752b3-c9d2-47ed-96c5-8e7cdb354644,
fd96960b-2bcf-4e4b-80b1-d960c12f2b96,73ef7942-345f-49d2-938a-99aa76e17fc3,b0c92b9f-fe21-469d-9af1-1f001279cb01,
061fc397-fff0-4ba4-8c38-4a360c2d0b07,73ef7942-345f-49d2-938a-99aa76e17fc3,b70a4670-5fe3-454a-ad07-a2ea46abba9e,
a63113b0-de63-4c13-80db-6e0b5aeca959,73ef7942-345f-49d2-938a-99aa76e17fc3,b97191bb-73c1-4499-bc72-d18be446d14a,
d35da4db-ae80-41a8-835b-04b2a95a7108,73ef7942-345f-49d2-938a-99aa76e17fc3,d2976d81-ea38-4fc5-89f4-c3d80e811392,
3635d94d-524d-48d7-b695-5fb1c9334021,73ef7942-345f-49d2-938a-99aa76e17fc3,dcf025b9-e3aa-4065-91b0-887f249e6352,
5b0d4484-c671-42c4-8d66-66f19931c82a,73ef7942-345f-49d2-938a-99aa76e17fc3,e95353d0-f57f-41b5-b5ac-9f2e2acfe014,
31ff1098-2324-4d02-b863-1c43be52ece6,73ef7942-345f-49d2-938a-99aa76e17fc3,ea74c95b-7171-4853-ab09-5d096be4abb0,
112053ca-9633-42fd-8033-6ac22b6cf756,73ef7942-345f-49d2-938a-99aa76e17fc3,ec3a9cd0-7cd7-4960-8ac9-eda0794ff65e,
ff0fb23c-97a9-4b6e-95d1-79e52e7ac6d8,74146629-6556-4381-80f8-9de0727c2f10,07599d57-42fb-47a9-95ed-319a636fed50,
7c987429-437b-4cdf-9a7d-7bd322ad3770,74146629-6556-4381-80f8-9de0727c2f10,0ad83bc0-8cdf-4fdc-ad6b-4625075047a7,
69900289-eea9-4642-9328-4a67afcb664d,74146629-6556-4381-80f8-9de0727c2f10,0b351e17-b2e1-4fbc-a57b-3f0a18a503b7,
38bd26c6-fabd-4c9b-bf2d-aa9acf925f54,74146629-6556-4381-80f8-9de0727c2f10,0e60c029-03b3-43df-a3b3-7bba90c643ea,
37d182f8-cb61-44fe-a58e-c3cbada6bd36,74146629-6556-4381-80f8-9de0727c2f10,0f5e4e35-7962-494b-a4a7-864ef8b1a042,
145b1ffa-8b2e-4094-859e-46f042e8800b,74146629-6556-4381-80f8-9de0727c2f10,11ce9ab3-083b-4822-8f24-2dd9fa0def4e,
fb901777-b8a1-41d7-a847-fc7ffca1b60b,74146629-6556-4381-80f8-9de0727c2f10,13ade7d1-0918-494c-9893-e4be411aa9e6,
ab67eab7-d96a-40e2-a818-016299a5013b,74146629-6556-4381-80f8-9de0727c2f10,143f05dc-cddc-46fc-984a-1baf9db8fd6a,
3b779ef3-81da-4850-9ee8-8e35bcd0fdb9,74146629-6556-4381-80f8-9de0727c2f10,1ab57155-bcec-4c57-8779-18f33bf6ce98,
5b899570-7cdb-4d5c-9a03-7ae0104af675,74146629-6556-4381-80f8-9de0727c2f10,1ea0774b-b2c0-4393-9982-c14bb36850d0,
bd1e9f05-2f24-49f6-8cf2-c8ddcc97dc3a,74146629-6556-4381-80f8-9de0727c2f10,20e56676-9f9f-4ca2-b4fb-a703313c1ab3,
86d58e6e-bd52-4d67-97db-32290cb2defb,74146629-6556-4381-80f8-9de0727c2f10,27bda4c8-ca08-422e-a56d-8e0b98179615,
becdf293-572f-4d9d-aee6-c3cdfd881882,74146629-6556-4381-80f8-9de0727c2f10,3929fc13-4373-4b2f-9363-a430f57b780c,
6f317663-0ddf-4b03-9de1-56c25f43eb84,74146629-6556-4381-80f8-9de0727c2f10,394da276-fd7b-4e56-884b-fb0d28719b72,
00677dcf-5fc8-4b8c-befd-8a2e83d94b9f,74146629-6556-4381-80f8-9de0727c2f10,417045af-73a8-46fc-9a63-17f3a9b28b59,
92975dcd-cccd-40f0-8c60-f1c2ada64565,74146629-6556-4381-80f8-9de0727c2f10,429d13a7-e34f-462b-a543-af566a322a66,
31120ea3-776c-46cc-86d5-be4fceba3eb1,74146629-6556-4381-80f8-9de0727c2f10,48901afe-b794-4989-b7bd-260c3e1a1a84,
38c71b59-ad54-4c0f-a1df-95aa0ac29464,74146629-6556-4381-80f8-9de0727c2f10,49227f24-397b-4051-8dc9-6773dfe8dd25,
7684e8f0-b998-4bb7-9ad1-34699cb587ba,74146629-6556-4381-80f8-9de0727c2f10,49e3ecf5-6ea0-45ad-93c4-f150fe69aabf,
81ef3bb4-50ce-4aa6-9777-a227cb51f3ee,74146629-6556-4381-80f8-9de0727c2f10,4de1aaed-8475-442c-b4b1-67b2e53f916a,
aacbe3f6-6fd7-4256-8488-85fed81d1221,74146629-6556-4381-80f8-9de0727c2f10,52760272-c56f-473f-a0b6-168d9d971942,
6fc55ef0-5131-4464-8fa9-7831362acd85,74146629-6556-4381-80f8-9de0727c2f10,612784de-c3df-4abe-a3fd-b945d76f9f9a,
3b98ed9f-471a-4b5d-a5f5-0f8d5e824b38,74146629-6556-4381-80f8-9de0727c2f10,621e2c60-21a5-4831-8178-8dcfa5e87dc3,
8c5de64e-d0bc-4f26-ac9c-4e53d56b38a6,74146629-6556-4381-80f8-9de0727c2f10,62cea99b-1c0a-4aee-b6a3-051db074e587,
e87f7c03-582c-4c43-844a-94d174a4521b,74146629-6556-4381-80f8-9de0727c2f10,6560f2a5-58d2-4965-82dc-980a96f826b5,
01e586c2-400e-4af0-bf24-3d04f03d0c4e,74146629-6556-4381-80f8-9de0727c2f10,65796a02-88e5-4650-9fa7-941547104e82,
d4e808ae-76f7-4e26-9b1b-887168ee9557,74146629-6556-4381-80f8-9de0727c2f10,685d0270-7da0-493c-97f2-a6da2111dd03,
e7a8c02f-65cc-43a4-bd42-723f75e8817b,74146629-6556-4381-80f8-9de0727c2f10,85f2a421-459b-4145-9332-b70d87c23e88,
58021fac-a951-45ee-affd-f005212054af,74146629-6556-4381-80f8-9de0727c2f10,8f2419d9-6da8-4587-adf5-2078ffccaf56,
c3b912b7-72f2-4578-96d8-5807aaa8007b,74146629-6556-4381-80f8-9de0727c2f10,948d4ef4-2d8e-4b0d-944c-37ea1ced8868,
90bb58c5-39bb-4095-90cf-2e3e7fb71938,74146629-6556-4381-80f8-9de0727c2f10,99369bd1-3ecf-4540-8193-1644c4dc7439,
143e7144-a86b-4888-bcac-fe7e1ac62839,74146629-6556-4381-80f8-9de0727c2f10,9fe8d53a-7e19-4015-b951-9e1c07bc0978,
04b1f9cd-3969-4e76-85fc-d2a0d9cef608,74146629-6556-4381-80f8-9de0727c2f10,a34acb60-dead-40f9-a4ce-e75bacbb170a,
e82f9194-2ea3-4ffe-8df0-0ffb07f63c34,74146629-6556-4381-80f8-9de0727c2f10,ac578e08-b136-46a5-a318-d18327a63f96,
0728d38f-ae97-42ae-86b7-d287484ae4a6,74146629-6556-4381-80f8-9de0727c2f10,b4a6b999-bd43-4c08-9e58-039d0d9450de,
f5304ea2-4f90-46f5-8e67-7908070d13b5,74146629-6556-4381-80f8-9de0727c2f10,b522baf7-f618-4a2a-84da-afd886eafbda,
18947f0b-3dcb-4002-9fca-fd75b87d37c4,74146629-6556-4381-80f8-9de0727c2f10,c3fa43f9-4648-4ab4-9de4-2f78bdd29b6b,
f8e30f4b-c5a0-421b-ba72-611f541c8f18,74146629-6556-4381-80f8-9de0727c2f10,c623fa99-044f-40c2-9089-11aa243dab93,
c724749b-7726-4ef9-bac6-2acf7a4c7ed1,74146629-6556-4381-80f8-9de0727c2f10,d2d4308c-bf56-4476-b993-1b885d3b5ecd,
c4036de3-bc56-4c6a-8bbe-67e32aa4cd0d,74146629-6556-4381-80f8-9de0727c2f10,d787890f-c62a-40a1-a2ce-b6f0f5071952,
556b3b1d-9b7d-4013-91ef-3804c4f05312,74146629-6556-4381-80f8-9de0727c2f10,de09f738-bfff-4022-8b9e-730f6d6796b6,
a7b1d6d6-f0fa-409a-a598-0a774f36ee72,74146629-6556-4381-80f8-9de0727c2f10,dfa2d2cc-e018-4dff-9e9e-8002da8b5e74,
116ab1b2-aa94-4814-a613-4c582ac1592b,74146629-6556-4381-80f8-9de0727c2f10,e3439ab3-3fad-4406-8e0f-5ec151bcd1d8,
81f85926-92ef-4108-ab84-b6f04852d5eb,74146629-6556-4381-80f8-9de0727c2f10,eaa0467d-b8f2-49e9-88fb-ed34316cf143,
f4bec26c-4d97-4888-8d13-ed3c52a6fec9,74146629-6556-4381-80f8-9de0727c2f10,ee2faa56-42e7-4e00-9393-6028892d2caf,
b29c7d9d-8b6e-4cf6-8cd9-93396cb7a529,74146629-6556-4381-80f8-9de0727c2f10,f0cb6be7-1373-4910-a0ff-fcf6a6996e91,
c6e7e522-8070-4f05-81aa-5d97948c218b,74146629-6556-4381-80f8-9de0727c2f10,f2a1ce0c-a3e2-4c4a-9ea6-7f1f60eca58d,
8417585b-7027-4fe8-8e62-599cfefdc239,74146629-6556-4381-80f8-9de0727c2f10,f76c4db1-cb38-4114-83fd-481f9f35776c,
bc69ad6b-dff3-4955-b714-7e323ac6e8b1,74146629-6556-4381-80f8-9de0727c2f10,fc51519a-091b-453b-8dce-63eb074a5be2,
27961211-6416-4660-9684-8c711dd88191,757bd492-2bff-4a31-ba8c-6c311288c04c,249b79e6-f12d-4ce1-a325-00698cef1a20,
950ac400-6ff5-43a3-9471-3fab61348574,757bd492-2bff-4a31-ba8c-6c311288c04c,f0cb0c96-2ee6-4d11-87f1-ef5bf1721ef8,
cc8d4a84-4ed1-4283-b722-3f08c8d31970,769c23a4-8390-4213-bdeb-a9c1519491a9,06f0dc5c-2765-41cd-996e-3f7b97ef4d3a,
12594e5e-5da7-4eb3-b40c-82a34c0e6395,769c23a4-8390-4213-bdeb-a9c1519491a9,08e087ec-aee0-4f32-b1e9-58effe401097,
23107e16-2c51-4e41-957d-71dee329b816,769c23a4-8390-4213-bdeb-a9c1519491a9,1c686e30-80bc-409b-8e58-1dcdb8446c3c,
41b434ea-1422-41f4-9179-3313d2ea1558,769c23a4-8390-4213-bdeb-a9c1519491a9,1e2c2cb2-7fde-43cc-921c-1218d7e3b875,
3e1e48b9-e812-44d9-acf5-816b9fccb86e,769c23a4-8390-4213-bdeb-a9c1519491a9,200fbdd7-9efc-4ea6-baeb-4d78c23d6a11,
f646e1c3-8242-4d76-a369-32c7dec26422,769c23a4-8390-4213-bdeb-a9c1519491a9,240e41c5-075d-453b-8d80-978a6b1a55f1,
b2a3aaea-44f0-4e6b-9382-e99cfb1470d6,769c23a4-8390-4213-bdeb-a9c1519491a9,25af03f7-11c6-4896-af2e-7197c1b03136,
73ffa216-024a-432b-9d24-3f768b97cc3d,769c23a4-8390-4213-bdeb-a9c1519491a9,282e483c-c670-4d58-a726-98830f1b0125,
234b7f4c-7036-4bdd-a073-bcfad68d9e0d,769c23a4-8390-4213-bdeb-a9c1519491a9,2999136e-78fd-43d5-b017-7f05424772fa,
a71d1c9d-bf2e-4d1a-93fd-ba947c4d3224,769c23a4-8390-4213-bdeb-a9c1519491a9,2d2780b5-0faf-4bd5-a1fa-85de56173223,
91972acf-a37b-4b7d-8feb-8ce191462a8f,769c23a4-8390-4213-bdeb-a9c1519491a9,2db0a379-b875-4a3e-8008-5a8aef8b4619,
9d7edc37-eb30-433f-8a13-b7d89a6a4124,769c23a4-8390-4213-bdeb-a9c1519491a9,37ad572f-5224-4604-abeb-e81d6156fd30,
680c8cc9-63ce-47bc-99a6-556bf53947eb,769c23a4-8390-4213-bdeb-a9c1519491a9,3cf0e4f4-9cb6-402f-9d33-5b6aedbdde28,
61f34271-b708-4d47-a429-7ba6547f4db4,769c23a4-8390-4213-bdeb-a9c1519491a9,3fda8d48-69bb-42e0-899d-a91c93c36362,
1acc4219-1f3f-4efa-800d-f3cc1fc30ddc,769c23a4-8390-4213-bdeb-a9c1519491a9,408ee1ab-af74-4de5-bfdf-ec07cd697c3c,
0191a75d-c5bb-42f1-96fb-e298f4d3eac5,769c23a4-8390-4213-bdeb-a9c1519491a9,41d69112-e16e-4f33-a950-9277ec035ec0,
ee5a8e6f-587a-40b4-9b7d-1554bf36f47c,769c23a4-8390-4213-bdeb-a9c1519491a9,43e3da9f-035c-4635-9d69-11b7f8b9eec2,
bd1a33ff-35d4-4978-ac60-c64b8ccec481,769c23a4-8390-4213-bdeb-a9c1519491a9,6159fcb6-bce9-46dc-8197-97b39c52a72f,
cc92facd-d98e-4a7f-808b-51f778150c5a,769c23a4-8390-4213-bdeb-a9c1519491a9,63533ca8-459b-4c0e-92d2-ff8a80269abb,
084e832d-ac93-43b0-b262-43c461c2d130,769c23a4-8390-4213-bdeb-a9c1519491a9,639733e0-b5c6-40fd-a95b-1bd2682f0fdd,
0b6dde8c-cc85-45aa-ae38-35cd07906320,769c23a4-8390-4213-bdeb-a9c1519491a9,63cf7ac1-7285-43c1-b2e7-8f42050dc43d,
65776c8e-9c8f-42a7-a487-29706603980f,769c23a4-8390-4213-bdeb-a9c1519491a9,681e7382-164a-4cae-bcbe-1020534d6235,
348d50ba-5d69-4089-8474-5cb648c71cd3,769c23a4-8390-4213-bdeb-a9c1519491a9,6a48ed85-6853-497a-9ca3-683830dc973c,
b265d034-aed6-4d21-a568-6d7dcd1b566a,769c23a4-8390-4213-bdeb-a9c1519491a9,70ea77ff-7749-4bf2-b915-123d5e2588df,
76a67ef7-161d-4229-8cf0-feccdeb395a4,769c23a4-8390-4213-bdeb-a9c1519491a9,76e49415-6208-41c9-a8c2-c5d30435153c,
6ee7102b-21c8-43e1-b36f-a0fe11f37d4b,769c23a4-8390-4213-bdeb-a9c1519491a9,782c94d6-5304-40f6-afaa-52f683f949af,
ecb8d219-0c87-40ce-ac63-0eedbedc78b5,769c23a4-8390-4213-bdeb-a9c1519491a9,7ec1c93d-a3db-4963-847e-ca6ce23e8aa2,
67598805-26c9-40db-9726-976cf882d0f6,769c23a4-8390-4213-bdeb-a9c1519491a9,84f8de82-8b7b-4bc8-b3ba-a357e2d29000,
5929c0fe-6f87-42e2-a3ed-c5aabbdadeb4,769c23a4-8390-4213-bdeb-a9c1519491a9,8b43e56e-f8a7-467d-8da0-042338ce560c,
d70c078a-d98e-48d2-a8c6-5a169d8fea65,769c23a4-8390-4213-bdeb-a9c1519491a9,8b8831dd-6e3e-464c-97d6-0ec5da42e076,
4a223bb8-6541-4728-8f63-4cd119af324a,769c23a4-8390-4213-bdeb-a9c1519491a9,95143f84-a941-4c78-9c64-db6bd12d2559,
c18cce94-fc82-434b-8f35-cfdb9cd0f8a0,769c23a4-8390-4213-bdeb-a9c1519491a9,97be671d-6ccb-4125-b2dd-76e77711c7a6,
31e4db6b-f428-4576-b9e7-a108632dfd3f,769c23a4-8390-4213-bdeb-a9c1519491a9,98375758-3e8b-48b4-8e7f-f2abcb6b292e,
0a08d4e5-4501-4534-b7e0-607a03a73d44,769c23a4-8390-4213-bdeb-a9c1519491a9,b81930bf-bf65-4a74-b52a-2f0c73e4f0ba,
72a52b3f-7fe6-40fa-bafa-531dc257c795,769c23a4-8390-4213-bdeb-a9c1519491a9,c01ff7b4-0f38-46bb-ab06-0acf9a0c4d22,
afcf826a-6077-4e4d-b364-acde654bccb6,769c23a4-8390-4213-bdeb-a9c1519491a9,c6f82f7a-adae-4090-a89e-b4c9ac367bb9,
93c9e614-b1b3-4ae9-97c8-9cd5dc100608,769c23a4-8390-4213-bdeb-a9c1519491a9,c70e87b6-c3d9-4477-bec3-6b75c1d25d83,
1d2e3359-8324-4307-8c18-f9234c82e985,769c23a4-8390-4213-bdeb-a9c1519491a9,c73f8fc9-c98a-4df5-81ed-792eebd7abf1,
1b2094b3-e739-4f30-b639-a720a4206d06,769c23a4-8390-4213-bdeb-a9c1519491a9,c7ef083b-b91d-40ea-bc9b-c84f2cedf752,
f49821c6-adf4-448b-8e26-b189524e3dc4,769c23a4-8390-4213-bdeb-a9c1519491a9,d4a3eb74-eb95-4027-814f-2f6b79ada764,
32117d80-9cc6-466e-a783-e590089fc94b,769c23a4-8390-4213-bdeb-a9c1519491a9,ed5a29e3-a2df-4cb5-a02d-cf8fdb70d385,
d0c8ab75-0349-4750-841e-4223196c9717,769c23a4-8390-4213-bdeb-a9c1519491a9,f53174c7-7eda-46a4-83b8-4f232a4be454,
9867943d-89c8-4152-8795-35c2f5faa05b,77dbbdca-0f27-4685-958e-205fab08fbc9,6ea5f163-5fc5-4654-948b-0af9a583d281,
e6297630-fcfc-4ba8-959f-c59c98a4a41b,77dbbdca-0f27-4685-958e-205fab08fbc9,b9e392bd-c861-491e-a5a0-a343c2821b02,
3bec9c1a-a539-4683-9abd-468d377f4563,77dbbdca-0f27-4685-958e-205fab08fbc9,d3b25523-7606-49ec-9a2f-edd5d48d63ba,
735056d9-a86b-4c1a-86f0-1a490d46847a,77dbbdca-0f27-4685-958e-205fab08fbc9,dd17ad9c-4e5c-4bee-84d2-3668d04c9e61,
115440bb-0c3e-4a4c-b0d7-7424a3ec941d,795d55ce-a7dc-4026-bb7a-322bac847805,0adacbfc-3984-4d0f-bfda-880ee9e21f7b,
e6267cec-9d44-48ee-b6e7-9403b57d3400,795d55ce-a7dc-4026-bb7a-322bac847805,18ac08de-4c69-4776-b0e1-d7741cd1fb3b,
706233f8-dcc5-4438-be6c-9e6c526d0e36,795d55ce-a7dc-4026-bb7a-322bac847805,24b3f2f5-d4fc-4387-8569-680ae9da447f,
0d041882-d460-489b-809d-e796ad396f6d,795d55ce-a7dc-4026-bb7a-322bac847805,3021d384-4c0e-45c0-8d7a-d94c8e12c8a0,
66f042de-811c-4038-947c-f0ee46d27d98,795d55ce-a7dc-4026-bb7a-322bac847805,36c7c43f-f560-4d9d-9b8c-e4214cc78fe8,
32c40172-4b70-42e7-bc6d-84052bbd0580,795d55ce-a7dc-4026-bb7a-322bac847805,37334e07-9fea-435b-8fa4-15c09772535d,
71e3312c-87a6-48d6-a725-7b8fc7b97fa8,795d55ce-a7dc-4026-bb7a-322bac847805,3b60f249-080f-4072-a5cc-c83f88baa467,
d9da2c3e-e4db-490f-9958-870bf683c22b,795d55ce-a7dc-4026-bb7a-322bac847805,3c9623c0-e383-4430-a73b-8a4bdd8fc5ed,
97a9f269-32a8-438c-86a6-09736cbd69c7,795d55ce-a7dc-4026-bb7a-322bac847805,4bb229f8-a57f-40ec-91df-718bfa7dd642,
d55cb842-5011-4e6f-97df-9d2304a19971,795d55ce-a7dc-4026-bb7a-322bac847805,65224005-07f7-4280-be80-fba6b250fad3,
b1f9fefc-e215-492f-9115-67128670a178,795d55ce-a7dc-4026-bb7a-322bac847805,6ccb737d-b060-4c44-92c0-f6acc700376b,
d33bb09e-fc0b-48ef-9c91-ed1bffd8b6d1,795d55ce-a7dc-4026-bb7a-322bac847805,7a50cb35-d9e6-49cd-88be-59cdc6d4e11d,
e84fe6a1-474d-453e-813d-28430d295b09,795d55ce-a7dc-4026-bb7a-322bac847805,87cee7e8-947a-4da1-b0a5-7fa02768ea84,
8541fe7c-ed39-4f31-850c-2d6db9b3840d,795d55ce-a7dc-4026-bb7a-322bac847805,8f68af61-912a-421f-a9d8-bae37794f96b,
5f3f48a4-26fd-4fdd-9857-5416260caad5,795d55ce-a7dc-4026-bb7a-322bac847805,97f4be42-4d53-4b8e-89bb-410696ed9b00,
bb0db472-9e8a-40ff-9099-32d18be4c6ca,795d55ce-a7dc-4026-bb7a-322bac847805,ad4066f6-150b-4a9a-977e-0f1f40e2b444,
735a2bac-13c2-4086-99bb-e97a43a65605,795d55ce-a7dc-4026-bb7a-322bac847805,e149e009-b482-414f-b730-5ece55f46871,
ef4495f6-8ac9-4ccc-b7c9-897299d68798,795d55ce-a7dc-4026-bb7a-322bac847805,e6df8ac9-1ca1-4c26-be15-be25bdf05d7b,
ccfbb1b7-43e4-44d6-a006-ee27ae10159b,7ae49b13-2505-4c78-9aef-e9ea5e16407d,13b19b37-e482-4213-a15c-73a97b5dbcd7,
38080fe5-17ff-475b-b2a5-091b32a73a51,7ae49b13-2505-4c78-9aef-e9ea5e16407d,726c9ac6-def4-4d6a-81a5-71a69d2b200a,
e6941e7f-ff27-42b4-bfff-070590e4f028,7ae49b13-2505-4c78-9aef-e9ea5e16407d,7578355b-7e36-4f06-b389-fe114c712e56,
aed65d90-41d9-40fe-80e4-7a3ac0ce167f,7ae49b13-2505-4c78-9aef-e9ea5e16407d,826d9c0e-da4b-4db7-b023-03ee74633a9a,
8fdfb2f6-cc06-4c5c-a32d-9c6923b32aec,7ae49b13-2505-4c78-9aef-e9ea5e16407d,c4757d66-a8e4-4dad-9815-d2bb91b0b4a9,
a74e5b28-e18c-4d8c-ba0a-bd00ec2682f3,7ae49b13-2505-4c78-9aef-e9ea5e16407d,cd44c53d-3755-4dbd-9e02-a7db0e01a3e4,
cff6786e-bbc5-4f29-9843-efaac2b4a2b6,7ae49b13-2505-4c78-9aef-e9ea5e16407d,eb6aede4-e646-4bde-8cd6-911bbbcb8243,
61954936-220d-4d61-abb6-1c047ac9c1b1,7b615f78-f421-42d1-b8c8-125ddfd362ac,48c2e59c-dd54-4155-8ad1-2afc402b39bd,
de7d45f0-a48a-4d54-888b-890c7f6d9508,7ba5ea56-d165-4905-94bd-fee3798a966e,28623be8-d5e5-4d12-a5ed-8a38e116b104,
71b503df-20f7-4b4e-8f5c-1cbe76cd7329,7ba5ea56-d165-4905-94bd-fee3798a966e,4f79d745-378e-483e-934b-13d0e55d6021,
bf22c8b3-ad5f-47b6-8627-2d7f06420e77,7ba5ea56-d165-4905-94bd-fee3798a966e,685da299-8680-474e-b350-ef722339f7c4,
f89b02c1-d3af-4a73-b5ca-d706c68489a0,7ba5ea56-d165-4905-94bd-fee3798a966e,8a898ea4-70bd-481e-a69e-e158dc35dc16,
fae167c6-3046-4ffa-a89c-2ebcf06a1304,7ba5ea56-d165-4905-94bd-fee3798a966e,d9e9d9fa-383b-45fd-b032-361fea8bdfef,
ceb2c950-b20e-4888-8ce3-08cb8644d990,7ba5ea56-d165-4905-94bd-fee3798a966e,fcc3559d-5058-4939-aadc-7766a94f480c,
5fce4b34-5343-4378-9595-52d1476484d6,7bd7357d-e70d-4110-9872-a06425915693,415bfdc6-df62-4dba-8ac2-050b20fd40c5,
04cb3b8c-ea1d-41eb-bb32-c709148094ae,7d34ca90-77ff-4a93-a81d-2f18e6fdad14,969cad98-c4e1-4119-bdcc-75f7825f9f09,
061132a1-27cd-4408-8966-29e8639fa59f,801b0bec-8f86-4964-860c-8e7434fa6b44,0babce4c-d251-4bf8-a373-c6e4bc65681b,
31667a16-abf0-4cc3-bbe5-979c86b1c877,801b0bec-8f86-4964-860c-8e7434fa6b44,1f77206d-52be-4107-b798-a080b628f9fb,
1eed2774-cc4e-4039-8296-5e596ffb3752,801b0bec-8f86-4964-860c-8e7434fa6b44,242a5e58-ec80-4109-9e74-f5baa93d64bb,
16f888ca-49e3-4481-8490-8c2b68ae7ce3,801b0bec-8f86-4964-860c-8e7434fa6b44,293e996c-111b-4479-9f2f-728871366df0,
3e43e987-6486-45e6-8dbd-e9625a53f93b,801b0bec-8f86-4964-860c-8e7434fa6b44,387e48cc-950e-4b60-a5fc-eb870782e20d,
80417458-502e-48ed-96a5-1d5785ad7a01,801b0bec-8f86-4964-860c-8e7434fa6b44,388f4ea8-9831-405a-a631-5377f3df528c,
aa6b9a61-dd97-4c54-8295-cc54742977c0,801b0bec-8f86-4964-860c-8e7434fa6b44,3dc7ca09-166d-44da-947b-9c0f778738d4,
2d454596-dc96-41ba-b41b-776f178e9029,801b0bec-8f86-4964-860c-8e7434fa6b44,3f563025-ed70-44a9-a7f7-a19080085a33,
e3079ef7-0ea2-48a6-919f-c45418219303,801b0bec-8f86-4964-860c-8e7434fa6b44,417da09c-c74f-44dc-8773-b74ad11c9bb5,
ef76b3b2-7159-4d22-85e1-f50d0b7ed143,801b0bec-8f86-4964-860c-8e7434fa6b44,495254e5-679e-410c-a3a5-89c6781d7f11,
9981ca65-14cd-402f-a2cf-248f9347589f,801b0bec-8f86-4964-860c-8e7434fa6b44,517afd81-c3bf-4317-ba78-768e6d035033,
4057dbae-bd18-4c6f-ba54-0cf69a3ed30c,801b0bec-8f86-4964-860c-8e7434fa6b44,5bbd4e6d-a938-4e24-99af-04851ebec215,
3980130a-da77-49ed-986b-4189a384660d,801b0bec-8f86-4964-860c-8e7434fa6b44,5c7ddf23-7fcd-4264-a2e8-a058f68abb68,
55733376-5cfe-4ec9-83a9-859a8373ce9d,801b0bec-8f86-4964-860c-8e7434fa6b44,6cec9b77-fa6e-4530-9de6-c6b3cbe32986,
7dc9a63f-e8df-42dc-bb39-300fcff6b581,801b0bec-8f86-4964-860c-8e7434fa6b44,6d17dc5a-f643-4596-b44b-4127e584bfcd,
284a6046-d62a-4cb9-a468-d371175663d7,801b0bec-8f86-4964-860c-8e7434fa6b44,740c3d9e-97af-4e4c-bb70-05f06d95a26f,
09120375-0191-4a84-b6e0-797160baa672,801b0bec-8f86-4964-860c-8e7434fa6b44,74b8932d-7c95-4503-8a56-5305ee260817,
c59e9ead-e585-4351-b3c4-13d495f2f335,801b0bec-8f86-4964-860c-8e7434fa6b44,9463b7be-7b20-4d04-b4a4-8af321d4754a,
c46b895a-acd0-4b89-a1af-8d33384682fd,801b0bec-8f86-4964-860c-8e7434fa6b44,a45f99e7-9675-4e92-978c-49c2d33620b4,
14da7fe2-5c6e-4453-8a09-6e492e2bdf45,801b0bec-8f86-4964-860c-8e7434fa6b44,a672cd1c-c293-435e-a3c0-7c934cdc7f36,
214f3d24-8016-4df5-9155-a3281c66403a,801b0bec-8f86-4964-860c-8e7434fa6b44,ac70e92a-b295-4ef4-885c-ae73e5c3b882,
6d79feba-ab03-49c5-92c4-7e4f135ba264,801b0bec-8f86-4964-860c-8e7434fa6b44,ade87215-b726-489a-8c96-2e77ec6ca6fc,
5e47879f-76d4-479c-8b5a-c42f694992ab,801b0bec-8f86-4964-860c-8e7434fa6b44,b6641bbb-d584-4c57-88be-658f89bcb752,
98bdf4e7-50a8-42c4-8e16-5b200c7a9d0d,801b0bec-8f86-4964-860c-8e7434fa6b44,b6c511be-8406-4dd2-b841-19244c74b76b,
008c9662-f9e0-4242-aafc-08811f1961e9,801b0bec-8f86-4964-860c-8e7434fa6b44,ba4a289f-2fa5-405d-a358-43f56c7b63ad,
1ab5de27-0a65-4cd3-a4b5-927e18ffad7e,801b0bec-8f86-4964-860c-8e7434fa6b44,c2de1ed4-4571-4775-976f-a3715687b1ba,
c8fdf55d-c0df-49d1-a027-9606d35fd27d,801b0bec-8f86-4964-860c-8e7434fa6b44,c4d90994-8ed9-4273-b3a9-aeff669d62be,
a5b8bece-e001-43a6-8cda-72111d9796f3,801b0bec-8f86-4964-860c-8e7434fa6b44,c58b9e5c-aa1f-4b50-9e7e-b895f1f1435b,
fbccaff4-c3b2-4bb5-9758-bef2e7be1c21,801b0bec-8f86-4964-860c-8e7434fa6b44,cbd50c42-4dad-4caf-b338-6e36fb6d72fd,
16579615-c469-427c-a69e-8a5d56486fd6,801b0bec-8f86-4964-860c-8e7434fa6b44,d36305ec-a2f0-4086-9572-095decc632bb,
a4a5811d-c2b7-4ee0-afa3-d60c347f5362,801b0bec-8f86-4964-860c-8e7434fa6b44,dc265190-f5a9-4cdf-b125-f38fb22633e0,
c8e68024-6fc4-4b5a-a148-fe12eddc88be,801b0bec-8f86-4964-860c-8e7434fa6b44,de951e60-d69f-43df-9900-3057a562c39e,
0b4fcb2a-6abd-41ff-b3f3-6143674c3e7e,801b0bec-8f86-4964-860c-8e7434fa6b44,e09fae52-0fc8-4953-b8db-53f7a13d2a03,
150a2c68-ab2d-4d5d-b6ba-035c8d811c06,801b0bec-8f86-4964-860c-8e7434fa6b44,e294ca6c-f38f-4e13-9c66-649650ef1b9e,
12f5945e-d756-4127-8b86-c82f04146b51,801b0bec-8f86-4964-860c-8e7434fa6b44,edd43ffc-7004-4cc6-b17d-dc27e82be4d7,
3419f89e-b48e-42dd-9137-ec8c39ff6e3b,801b0bec-8f86-4964-860c-8e7434fa6b44,f3266881-1686-44b4-a850-5c4ced14684d,
0a54e789-a9c5-4a15-ad77-364e58b0abc2,801b0bec-8f86-4964-860c-8e7434fa6b44,f3726ffe-c40a-4414-bbad-63fca0d91c8c,
ce3f988b-fcd9-4b84-8eed-2a18a334b13d,801b0bec-8f86-4964-860c-8e7434fa6b44,f91cf756-5370-44ae-bd35-3b0ffeedf262,
6d82c2de-bed9-4ece-b8c2-6deee26fd017,840503e0-53a9-44d9-8a63-b8a8e9215e08,09a25929-54b2-4549-b825-d54e50ab8b8f,
e9ddb86c-c344-4ea5-afdf-07b42eb4139f,840503e0-53a9-44d9-8a63-b8a8e9215e08,2a6e2a57-ba9d-4571-b793-cf2d7f1df910,
be12256f-7b16-4c12-85fa-73a31c8add87,840503e0-53a9-44d9-8a63-b8a8e9215e08,3bb0dbc9-3743-4092-821c-2f913e9f446d,
1f322daf-feaa-43d8-a419-886dbe862af4,840503e0-53a9-44d9-8a63-b8a8e9215e08,5b630ec6-22f5-4a78-b7e0-9db21f6aa7bd,
d794a5a2-0061-418a-92b9-1ba86c230814,840503e0-53a9-44d9-8a63-b8a8e9215e08,5c83fe9a-8511-428b-91d0-2a5036c78c68,
951a6a70-433d-4c93-85d4-aa3cbda51572,840503e0-53a9-44d9-8a63-b8a8e9215e08,77fe107a-bdec-49cf-936c-d49da9653cbc,
fd3a35cd-a1cb-4531-9eef-32c36695f1b4,840503e0-53a9-44d9-8a63-b8a8e9215e08,7984b34f-9c06-4df2-87fc-6e2affe38096,
4553e07a-115b-421c-a8d8-f8de42da9140,840503e0-53a9-44d9-8a63-b8a8e9215e08,7b8243f1-f4ab-4dab-9f82-55f27aa598ae,
f1191097-59ab-4dc7-aade-504d78bbff7d,840503e0-53a9-44d9-8a63-b8a8e9215e08,8ca54319-b076-40e3-89e3-a463eef4995a,
32b7bc1a-11f5-4177-8d07-54e4cf26bb93,840503e0-53a9-44d9-8a63-b8a8e9215e08,c74b9512-555b-442d-88f1-5442cb3aef2c,
9cafcd9d-4b3d-43ff-8076-5c13f3e8a9de,840503e0-53a9-44d9-8a63-b8a8e9215e08,d6834b8b-f1f7-470c-b578-0b1c5f9fc997,
c1561990-2824-4cc8-b2bc-fdb2eae71b94,840503e0-53a9-44d9-8a63-b8a8e9215e08,e84c6485-ad83-4f0e-8338-c923b9230abd,
a8f5ba19-a85d-419d-ae71-6d61a390358f,840503e0-53a9-44d9-8a63-b8a8e9215e08,e853b339-130b-4bda-9af2-868bac6e69db,
5fe828b0-e7c4-4eae-8fe3-5a6b810c24a7,840503e0-53a9-44d9-8a63-b8a8e9215e08,ef97fd99-0b8a-4b9b-af33-bad718ff81ad,
4d546727-2865-4362-bd3b-cc9a1e49f506,84238771-b035-46b9-bcc3-c20af05b1126,0ae5a468-f0b3-4fa2-812b-779c2a6f02dc,
674b5f3a-3477-4604-9300-a539804c2668,84238771-b035-46b9-bcc3-c20af05b1126,2271beaf-05c2-46af-9d78-70092f85dfc7,
4b9f7a8e-08a3-4b06-a599-b3ecef50b0fc,84238771-b035-46b9-bcc3-c20af05b1126,352d301a-7627-4899-9dc1-f68cac183a7e,
e7e6a53d-0e06-47c0-a2cc-d9b54dfdc33b,84238771-b035-46b9-bcc3-c20af05b1126,37b2d99f-4462-4dc1-8cfb-58559e8a9c5e,
8022d2cb-11af-40b0-8a24-4e1fff6e676e,84238771-b035-46b9-bcc3-c20af05b1126,583335a1-832c-4cd8-aca5-c7aba0eda4f8,
0393a21b-9828-4d5d-96a8-0ad1f236adb1,84238771-b035-46b9-bcc3-c20af05b1126,7bfbc0bf-e4ce-4d6d-9639-341c99271db4,
27953d60-2bec-440d-b7ce-d5a27ad0ce28,84238771-b035-46b9-bcc3-c20af05b1126,8aaab3d4-ec54-42ad-ab9a-25607d44df0c,
a714fd94-7ea2-4467-8af2-81b181010c04,84238771-b035-46b9-bcc3-c20af05b1126,add75c46-0c56-4a3d-bf85-55772f3b1ae1,
40b359e0-c5cd-446e-9d97-4ad8db98a6d4,84238771-b035-46b9-bcc3-c20af05b1126,b8557638-7d50-4d02-9cf8-67bc780df729,
6440f175-3551-461f-9405-21478b8c3d22,84238771-b035-46b9-bcc3-c20af05b1126,e0ae4edb-47cc-4ef7-b370-4c0eac5dae64,
d92e7d03-4894-47aa-9886-64b451fcb27a,84332fe4-71f9-46b8-9b47-7589dfd3fc6e,06fc3c3f-3199-4f3c-9eb3-911ad8d558c5,
59124a45-3ed8-4c6d-903a-5b7da0021696,84332fe4-71f9-46b8-9b47-7589dfd3fc6e,3071a57c-bc4a-404c-9b6d-f95da0aa873d,
f3b46085-7e1c-4633-ba2c-5835fbe2039e,84332fe4-71f9-46b8-9b47-7589dfd3fc6e,3b796ccb-882d-4989-952e-91d4f0138753,
fa75c5b2-bcf7-4a80-82b3-616908230e1d,84332fe4-71f9-46b8-9b47-7589dfd3fc6e,4962a7ef-0dfd-47d9-aa3a-02a6e70c1c47,
71d28867-04a9-428e-8a30-36301583e6eb,84332fe4-71f9-46b8-9b47-7589dfd3fc6e,53ffa9f1-f7e7-43ac-a41d-f616208a5b99,
d1e83984-2fa4-4fec-8336-5ebd8ede9499,84332fe4-71f9-46b8-9b47-7589dfd3fc6e,58328be3-3d37-4aaa-ad79-b3f985082fac,
5af9fd57-e084-4973-b237-8e2e9ec27315,84332fe4-71f9-46b8-9b47-7589dfd3fc6e,6a5ac9f9-9ff3-48dc-823a-2ab1b3264b9a,
421eca9b-a2a3-4221-b2e9-6fc5972ff3b7,84332fe4-71f9-46b8-9b47-7589dfd3fc6e,7316ac23-a8ab-4415-8d1c-0641acd30bb2,
713b7adf-2f69-4229-bd2e-24785169e897,84332fe4-71f9-46b8-9b47-7589dfd3fc6e,df2cf5e2-0156-406f-a21e-be218f5aff52,
13fbca28-331a-4c94-8f24-ab89a76a2e4d,84332fe4-71f9-46b8-9b47-7589dfd3fc6e,efa0e74c-dc82-4b30-b699-6b353fe9e1b2,
7fc63580-60d8-4799-8a9c-cb1c79e93b50,8452863e-17bf-4dd9-a2e3-13349dec3866,cb861432-f08a-422b-9b53-5badf2354e3b,
a724c013-e207-41d8-9431-9cf082f21e96,8452863e-17bf-4dd9-a2e3-13349dec3866,e1bf0185-5de5-484f-b84d-761335ecbade,
8176f918-3a77-44cd-94cc-67159764e16b,849cfa5a-984e-4ef5-b631-ef08d3f61938,7d204158-2f79-4cd5-bb42-580ef8d2ae23,
4334fd6f-1d02-46bf-b3b8-4e620315063a,85d53737-6d46-450a-8bef-125f1e39b119,383fe9c6-17e1-425b-90d3-d333868d9fb9,
3ccad4ed-77b0-4b84-aed3-130bbea2aa54,85d53737-6d46-450a-8bef-125f1e39b119,a1ff92ee-d624-4cfd-be8f-852a8cb49d83,
16590e9c-ca26-4f7d-9554-66483fc35e73,85d53737-6d46-450a-8bef-125f1e39b119,d245c5e2-be44-4ec1-abae-fda33a993a6d,
b4ffc092-265b-4759-b80f-e0588223611d,88a90b63-619b-4b95-9a2f-f5d2f648cb03,2b9d22a4-8370-45c5-96cc-c16aa5966d71,
41326ca2-99a7-4c8d-bb11-619c3939946e,88a90b63-619b-4b95-9a2f-f5d2f648cb03,3210280a-c614-4db8-86f8-f67b81446faf,
905c04a5-ffbd-4696-ac7a-e958e97a163e,88a90b63-619b-4b95-9a2f-f5d2f648cb03,5613587d-9312-489f-9a65-6e845842f0ef,
673a0558-e520-451e-b545-bddd56c3030b,88a90b63-619b-4b95-9a2f-f5d2f648cb03,985f636a-60fa-4eb6-a966-ae49e429b51d,
a2985af1-1fe8-44cd-af75-a9dff8eac0fd,88a90b63-619b-4b95-9a2f-f5d2f648cb03,e2a5dc5c-d851-4dd6-9006-dc380fba4703,
63a72296-4f16-42c1-9c18-67194ae3af48,88a90b63-619b-4b95-9a2f-f5d2f648cb03,f1096af8-24c0-4653-a17d-3c359846d208,
fea381c3-868f-45c8-8915-134d27e8aa42,88a90b63-619b-4b95-9a2f-f5d2f648cb03,f401d5e3-2f5c-4002-97ef-0951e4ab7f3a,
76c06b9c-3460-43c0-ab4f-9cd4aed5997f,8937c5b9-63bf-4880-a6f2-aeb0d81bede5,2f55d66a-a4cf-42f9-ab86-68b88d8d2dae,
574796e8-8842-47ac-be89-ff5673e6819d,8a31dc4d-fda1-4bcd-a18d-60bbf7323d6f,5d4db974-9b9d-4865-878c-f2b76472c6c9,
7d6ddc3c-9489-4e09-a38c-90f39e680a13,8a31dc4d-fda1-4bcd-a18d-60bbf7323d6f,d771c942-fbb8-4d17-b4cb-5de0a19a209f,
0a14d79b-2568-4675-8682-16452b4249aa,8ebd7c2b-e6d1-4020-871c-8d8ecfe04297,147cca70-45f7-4fff-b678-c67fab240f77,
324772ec-3e8c-41ba-9afc-26254391a3b8,8ebd7c2b-e6d1-4020-871c-8d8ecfe04297,24b61d03-91b3-47f5-930d-7e90cff1df21,
b00f7df2-04c9-4b81-b255-03d0dfda664c,8ebd7c2b-e6d1-4020-871c-8d8ecfe04297,41a7d107-edc8-4386-8887-fa164f50e04e,
e6b1c5fb-4cdc-45a3-bfc2-6e0e75af6d96,8ebd7c2b-e6d1-4020-871c-8d8ecfe04297,56d5c853-8cb0-4b95-8f72-f211a5a74bac,
a50b17cf-02cf-451b-86c4-cccf32a25dbb,8ebd7c2b-e6d1-4020-871c-8d8ecfe04297,5d4b1c44-7507-4924-bf12-181d69aecdbd,
70f9ea43-b3da-4495-a46e-c18f157b7ff0,8ebd7c2b-e6d1-4020-871c-8d8ecfe04297,7832d0ac-de7d-44cf-b12e-a1e195422781,
305dee4b-8b9a-4651-955d-11e57b08f3c4,8ebd7c2b-e6d1-4020-871c-8d8ecfe04297,93e6ed8d-1c9d-48fa-a719-43307515baf8,
93751f8f-f3fd-4668-b937-c49872c29e1e,8ebd7c2b-e6d1-4020-871c-8d8ecfe04297,a2a0e61d-c034-49c2-ae9e-d69fe78d4c87,
c413282d-9287-4193-a4f9-8e9ffb317663,8ebd7c2b-e6d1-4020-871c-8d8ecfe04297,b2ce19f4-6ba3-4ccf-9f09-0d002be15315,
f2e1e1c8-4aea-405d-82bb-99afab9c6f00,8ebd7c2b-e6d1-4020-871c-8d8ecfe04297,bbb0dff5-842d-4499-9867-4922b843dcbf,
e3df593f-f1a0-48e1-9142-7cc580217776,8ebd7c2b-e6d1-4020-871c-8d8ecfe04297,ce394e95-e20a-4cc8-9fa3-a90f5f83cfb1,
8250fda0-d004-48c3-a405-4f981ccedcc9,8ebd7c2b-e6d1-4020-871c-8d8ecfe04297,dca0600a-6f9a-4062-bb9b-6714fa2e7373,
ed2a1c4e-cebb-4828-8360-943bdafa743c,8ebd7c2b-e6d1-4020-871c-8d8ecfe04297,de27195c-cd33-499d-ac11-238a235eee57,
03ac7986-ef4d-4b97-a2a5-1be2f94ec323,8ebd7c2b-e6d1-4020-871c-8d8ecfe04297,e2a7baad-7618-4e3f-98b6-ae4aa60fa135,
e453658e-3275-4532-828f-909fe8aefaeb,8ebd7c2b-e6d1-4020-871c-8d8ecfe04297,e35e5140-94f1-4029-9223-1bb02003935e,
e34530b8-2e92-4309-a3ba-294eb7bffe20,8ebd7c2b-e6d1-4020-871c-8d8ecfe04297,f3db958e-1898-4d7d-896d-b0a4b6245638,
5d692641-a515-463c-b5ae-fe83fe14c738,8ebd7c2b-e6d1-4020-871c-8d8ecfe04297,f4bc1d98-9257-4619-ac56-b9b004e6a7be,
f2ac3d12-f662-4cef-ab4d-0dbd3c202bbd,8ebd7c2b-e6d1-4020-871c-8d8ecfe04297,f9dbf68b-eaa3-4128-99c6-a710234a2c5a,
402ebd0b-391d-42ea-878f-c26b1f6ee020,8fa3de07-dcd6-4df6-a207-b944802a130b,1dcdefe1-095f-45e9-ab2b-c96dcf0c6ff5,
e0fa18f6-d49c-4517-a291-3d6d325d95f6,8fa3de07-dcd6-4df6-a207-b944802a130b,90dc609d-a614-40d9-ac08-eafbc4ab782d,
8e41ed78-4bb9-4b4c-8ab6-fd9a27aa6653,8fa3de07-dcd6-4df6-a207-b944802a130b,bb2451a7-25ef-43ac-a0fd-baa82ee44cc3,
28a17c54-e18f-410d-bfda-d907f8a88c33,90347898-ccda-4dd8-a8a7-633e6c29b31e,01729384-af19-4108-8938-562975ec47b5,
5ba76160-5ab3-4f35-8644-5e6bedd0a8a7,90347898-ccda-4dd8-a8a7-633e6c29b31e,05d5d0bb-bdf6-409a-9d8b-b3a2ba44acda,
3a8426e4-b512-4393-b954-9536c154778b,90347898-ccda-4dd8-a8a7-633e6c29b31e,0869012c-0ffc-4230-8123-eba0e219aa54,
d6c24530-bc6c-4ce0-a65e-fcea6bd746fd,90347898-ccda-4dd8-a8a7-633e6c29b31e,0ca17051-0007-4f86-9273-0f48f35826f7,
b3585459-2307-421d-9a69-cb03535b10fb,90347898-ccda-4dd8-a8a7-633e6c29b31e,0fbfc482-bf21-47ef-a3ac-1bcce030ce7f,
f3c87d0c-60d9-441f-944a-fb542e3abbda,90347898-ccda-4dd8-a8a7-633e6c29b31e,116f5bda-9456-49bb-b2b1-81b26274d434,
0b4f2f38-9de2-4398-9b1f-9554f228270b,90347898-ccda-4dd8-a8a7-633e6c29b31e,2143a614-eef9-41ef-96c0-1f8668829706,
63e6288b-f23e-46a6-8843-27c7d7124bd7,90347898-ccda-4dd8-a8a7-633e6c29b31e,2178fcd7-9ccb-41d2-a112-f34e5e60abd5,
b9a97f1a-140a-479c-aa03-32b7cede8b28,90347898-ccda-4dd8-a8a7-633e6c29b31e,2692a61b-9d6d-4b0c-bde6-f2724f5c085e,
18fc4191-a36d-4521-bca4-784998c3de34,90347898-ccda-4dd8-a8a7-633e6c29b31e,270f7778-c353-49e4-8802-0baf87f7cd53,
dab2c4ac-38a7-48ec-8477-7f6c2c930fc6,90347898-ccda-4dd8-a8a7-633e6c29b31e,290cf0e0-71cc-45ec-b28b-c54bb565b973,
72d76cc3-f47c-4c1a-8fa1-1f26f53efd7c,90347898-ccda-4dd8-a8a7-633e6c29b31e,2dc2039c-bf50-42b7-a29b-acb81ab5d5d2,
8b0eebb0-c8ae-4550-b6c4-2531d6f6bb3c,90347898-ccda-4dd8-a8a7-633e6c29b31e,2f3cb6c6-cbb2-44af-906d-f1a4e64d7265,
e14e0a31-692a-4e44-ba7e-6af2f9c96ba5,90347898-ccda-4dd8-a8a7-633e6c29b31e,3c5ae0fd-4934-4c17-9ea2-49aba6513714,
6f313878-7b40-413a-bfbb-acc5e6a2646a,90347898-ccda-4dd8-a8a7-633e6c29b31e,3df4f1ea-8b8c-4790-be97-a2f7babd0a41,
92a99af1-5256-47a6-a54b-f89f75f574d6,90347898-ccda-4dd8-a8a7-633e6c29b31e,4285f2e8-ae5d-4c4e-95de-3e77439bc710,
45435c55-cfa9-4b82-a671-a366d75e8c9f,90347898-ccda-4dd8-a8a7-633e6c29b31e,45636277-e7a1-4d0e-b1ee-2dc8816d009d,
764c661c-af40-4dfe-9d58-12621afe5e7e,90347898-ccda-4dd8-a8a7-633e6c29b31e,4653b070-c1aa-45de-ac02-b9f93d488942,
8606dac4-db41-4243-a196-55066c90ff32,90347898-ccda-4dd8-a8a7-633e6c29b31e,4ab5dfc1-a621-4155-92e1-81620ac58c6c,
e7209947-c3b9-4ec6-91d7-3d70026231e7,90347898-ccda-4dd8-a8a7-633e6c29b31e,4b77f6d3-3317-4cf2-aa31-25783e640931,
c16612ec-171d-4286-a9e7-59f090be31f3,90347898-ccda-4dd8-a8a7-633e6c29b31e,4df5b5a7-e890-4183-8136-dce734dc317b,
760dc49f-4c00-439b-a487-b88ae419339b,90347898-ccda-4dd8-a8a7-633e6c29b31e,4e93b537-c16c-443f-8c73-152b649e6fe6,
8cdb0768-3ed1-4fbc-ba22-a3497a1b77f6,90347898-ccda-4dd8-a8a7-633e6c29b31e,58d31c84-db79-4955-a849-5fae35649348,
575c856a-836d-424a-a5b4-71f8fdd8f6ef,90347898-ccda-4dd8-a8a7-633e6c29b31e,5f2dab23-a7c2-4ca2-a451-1b94367a5d34,
cb3cb4d0-6ebc-4ce3-a46d-22b6301a73e0,90347898-ccda-4dd8-a8a7-633e6c29b31e,6819bff9-7f30-4a32-ad23-f35b914c17b2,
b23f7849-4253-4bbb-a00c-155b9b1b09c3,90347898-ccda-4dd8-a8a7-633e6c29b31e,69a2d1a3-76c4-4c09-bd66-9ee470c33ec5,
211688ea-b037-4530-a537-d060dc30ce19,90347898-ccda-4dd8-a8a7-633e6c29b31e,6e194a7c-ee75-4500-957c-3e37bddd799d,
b7596c7d-dc3d-4806-aca9-59282cf86d8f,90347898-ccda-4dd8-a8a7-633e6c29b31e,78cb20a9-cc92-40c4-8670-a509e93a74b4,
f4f5e94d-0bd5-42c6-ad66-671146bfd2f3,90347898-ccda-4dd8-a8a7-633e6c29b31e,7988f78f-d00f-48a8-ac7c-e271a1079d64,
61138fd5-44e7-487f-86d8-3a25220ddca6,90347898-ccda-4dd8-a8a7-633e6c29b31e,7af9ef99-34da-468e-ba10-ef6b4e78886a,
6e7e7ad5-8b61-4cf3-8b0a-69df99627237,90347898-ccda-4dd8-a8a7-633e6c29b31e,9602a6fc-d2a2-4851-98f4-41e6836b97e3,
df3b3f7b-2e07-46fa-a9cc-a6e0c67268e9,90347898-ccda-4dd8-a8a7-633e6c29b31e,966f5162-8b33-4980-86ad-2bcafd387b01,
8e3c76bb-3b9d-47b3-9f20-e90918cc4db4,90347898-ccda-4dd8-a8a7-633e6c29b31e,96f7c19e-9b56-4b04-929c-622a72bc32bd,
215f6f06-37ef-4fb9-806f-e2be028e6acc,90347898-ccda-4dd8-a8a7-633e6c29b31e,a4c84b59-36f0-4688-a10c-efb769b9ca6e,
ef37d91d-425b-426e-a988-b98d8091a6bf,90347898-ccda-4dd8-a8a7-633e6c29b31e,a9a86049-0eec-4396-84a8-0d61a832999b,
196578f8-a7d7-4d79-bb75-0b10a8b01235,90347898-ccda-4dd8-a8a7-633e6c29b31e,ace6cec2-c89c-44c7-bf1e-3a0df95d5ad3,
cfb812ff-0973-43dc-915d-c051d767add7,90347898-ccda-4dd8-a8a7-633e6c29b31e,ba74897a-452b-4429-9cdf-610b00fced4e,
03af9351-2a0b-4b44-a738-91e6c35a308d,90347898-ccda-4dd8-a8a7-633e6c29b31e,bcb417e0-3abc-4eba-aa0c-9bfa1c02c076,
221385a8-f58e-4f05-bb5b-dd5a2a1bc662,90347898-ccda-4dd8-a8a7-633e6c29b31e,d55aedbd-57b0-4a04-9736-60fcf9918e5e,
d056ec81-305d-4c03-b13c-e70e22d0f563,90347898-ccda-4dd8-a8a7-633e6c29b31e,d59b5a46-350f-4cd8-b1ba-153786423717,
1a278f6e-787e-40a4-8a09-dd2bd24b35bc,90347898-ccda-4dd8-a8a7-633e6c29b31e,d9cc264e-5aeb-46b9-b705-dd11305c4c0c,
cfe61fd0-c545-425f-97bc-9f1e3062a73f,90347898-ccda-4dd8-a8a7-633e6c29b31e,da414d7e-c456-4fc0-b8d2-2aaaf4befccc,
b8dd0248-528c-45da-9c10-bcc396a5a85c,90347898-ccda-4dd8-a8a7-633e6c29b31e,db091720-2aed-491a-b392-f461fe1022b0,
7276da04-e173-42ba-bf89-a9fb7e07a599,90347898-ccda-4dd8-a8a7-633e6c29b31e,e3d27f06-4763-4ff5-9e1b-c175b7d4c638,
298ad96b-f8f1-424c-8c88-f7229a1d3966,90347898-ccda-4dd8-a8a7-633e6c29b31e,e454ad35-b81f-4e5e-90a1-124fd9169a74,
f3fd759d-a5d8-479e-b001-e22884eb5ae2,90347898-ccda-4dd8-a8a7-633e6c29b31e,ea3b0ab5-12fb-4cd2-a02e-3da4dca50f22,
ada04d11-f7c4-4604-8d27-25dd37d29565,90347898-ccda-4dd8-a8a7-633e6c29b31e,ebd7eb58-bf0a-4d14-8642-a23ad189140a,
d76715e5-4f4c-42b5-988a-f36854fda681,90347898-ccda-4dd8-a8a7-633e6c29b31e,f73abb98-bd11-4e3d-a2d8-ffdf4a76d667,
033c06c0-fbd6-492c-bc18-2045fe7d3bcc,90347898-ccda-4dd8-a8a7-633e6c29b31e,fa0e40b5-8fdd-421b-9bda-20746a10fc6d,
3d9c2b27-030e-4a47-ac23-d92249ae3dcd,906b2077-e335-4e00-a9d4-68cc2ddcea82,14e11697-2a5d-409b-a666-ea9bf47e93a9,
628f4c67-25a4-4964-a814-5b5436b1deb5,906b2077-e335-4e00-a9d4-68cc2ddcea82,3953708f-d46e-4bd8-8662-c3511853bae9,
e7df20ad-4356-4d8b-98ff-f06c7763aabf,906b2077-e335-4e00-a9d4-68cc2ddcea82,8f1b19eb-39a4-449f-a97f-affedd0d9f7b,
7d3ee929-b871-4bda-8345-18eaa192d426,906b2077-e335-4e00-a9d4-68cc2ddcea82,9c236ff2-62fc-4cb6-bec2-23e3db88ea07,
432c4634-8724-4291-961a-83bbd00e7e7e,906b2077-e335-4e00-a9d4-68cc2ddcea82,b0eaca11-9bb0-43f6-8a2e-b4b946ce5b50,
01a3a31a-7426-4112-be22-5e706798068d,906b2077-e335-4e00-a9d4-68cc2ddcea82,dfd60732-732d-47a4-9796-79488efdc07b,
7ac056f2-43fb-45e3-99b1-ee253694ac32,906b2077-e335-4e00-a9d4-68cc2ddcea82,ef2af570-555e-4d88-a005-6d2a91f20b48,
9cfbb179-eaba-4ace-9d8c-88e3b875cae7,90ab707b-e814-4e58-9832-2df5ffb333a9,05723777-fc20-4f64-80a3-a7144833ca31,
8dc944c3-c64d-4128-8762-cc7091820100,90ab707b-e814-4e58-9832-2df5ffb333a9,2c60a8cc-df5a-4191-860d-f2eb76732ce4,
4068e39c-ed95-47d3-b2d2-e7854c9d4850,90ab707b-e814-4e58-9832-2df5ffb333a9,30b4067e-c898-4b52-b67a-179b6f06c2b4,
3e136799-8e23-4a96-bc80-6391b6a22104,90ab707b-e814-4e58-9832-2df5ffb333a9,420c4583-7e3f-42a7-9beb-bb7f69bcae1c,
7d719dae-3f6e-4195-9fc6-8c4e186d5166,90ab707b-e814-4e58-9832-2df5ffb333a9,5a99f078-2618-4f61-a215-ada1fb75e01b,
99bb088e-b715-4f2c-8bef-38adf3e11a50,90ab707b-e814-4e58-9832-2df5ffb333a9,5e1e0930-efbe-45a3-8eb3-08a005ca7fcf,
4cf8dac5-6467-4546-ab23-758ae9ee96ef,90ab707b-e814-4e58-9832-2df5ffb333a9,97a75ddf-c5a0-42d2-9b83-694a83f233df,
2f27dd4f-41fd-4734-9dc7-f587dba61f24,90ab707b-e814-4e58-9832-2df5ffb333a9,a0ff9f06-b3f6-40cc-b740-f1b52e1ac9b4,
f174feac-cd83-4b67-a1b2-f043d1105e4b,90ab707b-e814-4e58-9832-2df5ffb333a9,b48b8fa0-35fd-4702-933c-fb005de25107,
5d78c9c7-e048-4126-a5c0-d6f924a00276,90ab707b-e814-4e58-9832-2df5ffb333a9,c8cbe7e9-d902-47b7-be74-c26274771f2d,
6c7a5da4-91bd-4118-b337-ee17597c7ae7,90ab707b-e814-4e58-9832-2df5ffb333a9,ff6da511-6411-48a6-810f-d41e909ac9fe,
974ea3d9-b6e3-45e4-8d2f-8d689d898a52,91d55351-04ec-4470-83a7-f3e30473d7f6,18997c71-912a-4129-8810-91dc4c10179d,
1521a91d-290d-4905-8f45-1894b6e633ff,91d55351-04ec-4470-83a7-f3e30473d7f6,81cd6b23-1629-447c-af23-e15038f98d43,
2fbef403-18a9-4679-ad56-1acecc731101,91d55351-04ec-4470-83a7-f3e30473d7f6,b40e6877-34d3-423d-a703-5700a9a2fca8,
bc0ea1e4-d521-4dbe-b423-0349c3f524bf,91d55351-04ec-4470-83a7-f3e30473d7f6,f78c5b38-a2f0-440a-96c3-a9f19e7efd38,
67c18157-0b68-4025-95d8-4d0f324c5601,92a1cfe3-9ddf-46fa-b407-0789a3f57fd1,37849043-4a2c-410d-976d-0cc5bce576ee,
b0d81bd9-2c76-4b29-915e-5b1b6b2d2e2b,92a1cfe3-9ddf-46fa-b407-0789a3f57fd1,419c4bc7-ca07-4d22-8855-cfe434fb4fc0,
a747e406-3e35-4ccf-aa10-67f11273144f,92a1cfe3-9ddf-46fa-b407-0789a3f57fd1,53cd4813-0599-4bc5-8280-b310c7b0ef4f,
fccb1e48-5a1f-4ad2-937b-4e06f3f1175f,92a1cfe3-9ddf-46fa-b407-0789a3f57fd1,781273bb-74a9-4dce-bd84-ebabba146733,
d8e31fcb-099d-4a70-b45e-973ff487bf9b,92a1cfe3-9ddf-46fa-b407-0789a3f57fd1,7b11f2bb-d4d8-455a-83d8-783ece1e1eb0,
c43fc827-4da8-492b-9295-f239867e2b61,92a1cfe3-9ddf-46fa-b407-0789a3f57fd1,a14d9060-43a9-4021-988a-15b77eafa03e,
14ff392e-7a77-4f8a-8f43-18801fc27814,92a1cfe3-9ddf-46fa-b407-0789a3f57fd1,c3b967e0-8be9-48ff-9e24-411f710de7b3,
e3c5d00c-5db3-45b4-948d-60f037669aea,92a1cfe3-9ddf-46fa-b407-0789a3f57fd1,c5eb4ac9-fddd-48fd-ad79-0dbacaec0028,
12a6b385-1f1c-4c76-9bb6-b9172e0e261e,92a1cfe3-9ddf-46fa-b407-0789a3f57fd1,cbf63f7e-cef3-46e9-b175-1b41b5f43802,
68882a05-c92e-4a9a-8e15-e2c861397292,92a1cfe3-9ddf-46fa-b407-0789a3f57fd1,cf60d8ff-8b6c-413b-8326-62f80993281c,
c85829fa-ac1c-46a0-8210-ce53d189c2b9,92a1cfe3-9ddf-46fa-b407-0789a3f57fd1,ee5a5225-cb48-42f6-9ee3-3a94115fac6f,
72f831f5-5de2-45aa-8b1b-5cea4041cc75,92a1cfe3-9ddf-46fa-b407-0789a3f57fd1,fc5be04c-20c3-4ad9-b16d-311ff533b7b0,
23e22285-0684-452f-8ed9-bb7d57a5c08d,9543be88-4cf4-4490-abc9-01fd9588efde,2dabcfb9-300f-4562-88ab-1ceaaa33c817,
e4606cb7-1867-4fc4-9de8-d1d825bf8150,9543be88-4cf4-4490-abc9-01fd9588efde,4b4192a4-135d-46e0-b5dd-cac88d235391,
04a84dfe-0edd-4580-ae75-46e59255954b,9543be88-4cf4-4490-abc9-01fd9588efde,58c8fc6a-6413-4cb4-8e0a-06db6ce0e792,
b2ae05e6-3cd9-41b2-9363-4481079de580,9543be88-4cf4-4490-abc9-01fd9588efde,5b535c53-a7fe-4942-9757-ad65567ef4b9,
49610294-24ab-47bd-b8f7-9ddad4c385b3,9543be88-4cf4-4490-abc9-01fd9588efde,6db39bf4-0c07-4433-96c4-b8b43e6e7d58,
8df8e7cf-d67b-46b4-9023-6fd4f38beb43,9543be88-4cf4-4490-abc9-01fd9588efde,90977950-07be-48f5-97ae-d1393c8ab512,
b91dd34b-0735-456c-ae46-e4d6adcb2dc1,9543be88-4cf4-4490-abc9-01fd9588efde,979376c5-8f94-408a-9624-a530bed3b252,
21ef51de-58b0-4469-8404-9566c7c897ae,9543be88-4cf4-4490-abc9-01fd9588efde,9b88fcbb-77e1-4ff8-be76-c25dad367c8f,
49f9e210-3b55-400c-bfff-137319b9104a,9543be88-4cf4-4490-abc9-01fd9588efde,b7c621f8-95e6-42a4-b7a3-e478fb1d0cca,
d904245f-4487-41df-a67b-bfc06ed8f471,9543be88-4cf4-4490-abc9-01fd9588efde,dc694f32-c0e5-4bc0-be60-3d0000b8f3bd,
0e3e7f51-47a4-42e9-8869-a7b5abad430e,95bb9fae-5c98-4795-8704-e1f9d80d68d5,03eea8db-96b3-4305-b445-b9983f8b8853,
f42e9a7a-feeb-458b-9f93-782ddfe048fa,96331b11-e725-4056-ba8a-95788f973a7f,0d13df38-e172-47e0-8d4b-96a93249d7cc,
c511d140-7258-42b0-8922-bab0a26cf12e,96331b11-e725-4056-ba8a-95788f973a7f,0e46b9ce-5288-4e9a-9d81-7831fb8c6e39,
3f42f31a-0c61-4649-974e-bfeb6608b1c7,96331b11-e725-4056-ba8a-95788f973a7f,1633cc3a-4df9-43bd-be1a-9c6768d1f0f6,
39ff5d06-6aac-4b74-9679-57c247620c40,96331b11-e725-4056-ba8a-95788f973a7f,1787fafc-b3e2-4faa-9633-08be4a018182,
4dcfbd63-bd2e-45be-be04-9b8c40c6f27a,96331b11-e725-4056-ba8a-95788f973a7f,1bace992-f29a-4c7d-94ea-fd195a2b31ab,
0105abb3-5b86-4148-be39-e2975e7f8714,96331b11-e725-4056-ba8a-95788f973a7f,2260cbe9-9a6c-49f5-a8a6-74b185c3e47a,
db162ac8-4382-41da-b482-9d01fe3bd6b9,96331b11-e725-4056-ba8a-95788f973a7f,234522b2-f38f-47d8-b105-7db8c5bc5a00,
5279226f-412a-4e0a-b213-7b1e7d5f9ecb,96331b11-e725-4056-ba8a-95788f973a7f,24cb41cf-43de-46a5-b329-3db5080fb59c,
91d7416e-c706-43a7-989b-eb14273bbabb,96331b11-e725-4056-ba8a-95788f973a7f,273e7676-314c-48f1-ad93-4ba443dcda05,
ae46a79c-dc17-42be-ab13-8c69aa6e757f,96331b11-e725-4056-ba8a-95788f973a7f,304878ca-bbec-4ba1-af2f-8dfd457adf6c,
b34f8f93-113a-423d-befe-b52f95e61568,96331b11-e725-4056-ba8a-95788f973a7f,31bc8d62-0ffd-473a-b027-32e5776e774f,
f296ad75-aadf-4369-a422-e73b38c96dcc,96331b11-e725-4056-ba8a-95788f973a7f,33a582f4-162a-41c8-8f12-46bbecbd96f1,
014b4576-084f-41e7-b3d9-83eb9018003f,96331b11-e725-4056-ba8a-95788f973a7f,36f6cf04-b575-419f-88e2-0d3b74a2dc4d,
f5cfdba1-f9c2-4e1d-893f-04bb5ca9a280,96331b11-e725-4056-ba8a-95788f973a7f,3e111aac-9d09-4b1b-8eb6-b5b42e0b915e,
ed124445-82f2-43ac-b70d-0b23c319f3c1,96331b11-e725-4056-ba8a-95788f973a7f,3f36d682-2b1b-4356-86c3-198225b1972e,
eb0f9355-d806-4c38-bf88-672b4d9b5d65,96331b11-e725-4056-ba8a-95788f973a7f,42c7e965-6229-4490-b3da-57e0163b2b70,
3d4a2746-0a44-44a2-845e-27b9ea24b05d,96331b11-e725-4056-ba8a-95788f973a7f,51d89821-e863-44a6-8d87-10465eefe022,
97cda42a-0358-452b-a603-64a2115019c3,96331b11-e725-4056-ba8a-95788f973a7f,52e6464e-071c-4a59-8e27-2d3303665649,
d4bf51f8-01b1-4f25-8e5e-32c4029657f3,96331b11-e725-4056-ba8a-95788f973a7f,543cde3b-544a-432a-b8ad-b41923de8981,
ca2b0ebb-98c3-40c9-9ec1-3224164b439a,96331b11-e725-4056-ba8a-95788f973a7f,54ae40a5-23d7-4f06-b5b4-4258f7736863,
5dd4b6a1-b682-4e28-a762-080d1222c4a5,96331b11-e725-4056-ba8a-95788f973a7f,54b8a3ac-6b5b-4c01-8122-3e8fccd24de7,
9b7ee02e-d83f-4cb4-b7d9-02c4b36ec05b,96331b11-e725-4056-ba8a-95788f973a7f,5682443c-4cb1-4d4f-ac6c-0eca94da22f6,
b1294aa1-c7f6-45e1-8913-6f26cd80ae17,96331b11-e725-4056-ba8a-95788f973a7f,56a3694f-1f91-4d7b-9d18-63a17dccc7c6,
80bc8ee8-8621-43e6-928b-f37355ca3962,96331b11-e725-4056-ba8a-95788f973a7f,58818805-77ec-47af-8984-46bcf89dfaf5,
0efb359a-de08-4058-9b81-3e007d899f63,96331b11-e725-4056-ba8a-95788f973a7f,59354674-1306-4117-9255-6f5d03cc4621,
b5a9a2a7-e8e3-436e-b38c-284836d9de49,96331b11-e725-4056-ba8a-95788f973a7f,5a634bca-6433-4f33-bd1f-8f6d343b9236,
5c356bf2-d611-4c6f-a0b6-394b47c95ddd,96331b11-e725-4056-ba8a-95788f973a7f,5dc13f7a-25dc-471c-b5d0-c99ab9f28126,
39467f91-4d51-4685-b976-86bf74feb0c1,96331b11-e725-4056-ba8a-95788f973a7f,5f4b642e-48dc-467c-bf29-f21a677f379b,
5de2b63f-e1cd-477a-842d-085ea980bdef,96331b11-e725-4056-ba8a-95788f973a7f,6025deab-1fb4-401d-9192-016892f9cae5,
fa64ad94-4ded-4087-8470-bb69df942155,96331b11-e725-4056-ba8a-95788f973a7f,6508e677-886e-4bac-b9d8-05032dd51a5e,
c120d1f6-de08-4df2-92a1-360630aa0f00,96331b11-e725-4056-ba8a-95788f973a7f,74ccb3fe-bd63-4bc0-9b8d-a3376d588866,
b580784f-085e-4a24-bb94-7378f2597529,96331b11-e725-4056-ba8a-95788f973a7f,796c7ab0-b2b7-4373-a718-99f9d14fb6a8,
8d42a03f-1449-4f66-937c-2bec80593e28,96331b11-e725-4056-ba8a-95788f973a7f,79896368-2cbe-4653-a293-54cd13eece8d,
6297f317-fa18-4f6e-959d-3070100cd066,96331b11-e725-4056-ba8a-95788f973a7f,79a1bb9c-7b79-42a6-8ba9-e6ef22d42ae9,
e2469c6d-3c0e-478b-8c85-a3a2fe250536,96331b11-e725-4056-ba8a-95788f973a7f,7acb5209-d084-4194-ba1d-51737a11a520,
41678238-d71d-48f5-9307-6b5c20e0817a,96331b11-e725-4056-ba8a-95788f973a7f,7dffc1e3-311b-4b7f-b49a-65b5bedfd8e9,
30cb5acb-7fad-4de2-84ca-b49788be6a48,96331b11-e725-4056-ba8a-95788f973a7f,7ea56c1a-add8-4608-b9bc-c43a2d4d353d,
2484cd1c-6abf-45e9-807d-b04764b9ef33,96331b11-e725-4056-ba8a-95788f973a7f,818af39e-39e5-41c1-8c22-f8aa9070f84e,
fcdaa0de-0f09-4597-8ab8-e736f645defb,96331b11-e725-4056-ba8a-95788f973a7f,82cf6b10-111f-4693-a2c6-46a702d773f3,
ae8010ea-ae16-4cf8-8e69-452fb77f0ed1,96331b11-e725-4056-ba8a-95788f973a7f,832b0a16-d04a-413b-a83f-15af00c3481e,
75837a7e-0d59-4ff8-9788-dbb0630df6ac,96331b11-e725-4056-ba8a-95788f973a7f,856abd23-237b-47e8-88dd-cf48031a1734,
5750382a-942a-472b-8668-c89df8609654,96331b11-e725-4056-ba8a-95788f973a7f,94022950-0d75-487a-8784-caa9975c530c,
e6f9e72b-2ed8-4dd7-bc1b-237b2efaf7b6,96331b11-e725-4056-ba8a-95788f973a7f,95a181b9-e9c7-49a9-ab03-d1240ee325ed,
df648981-f73e-4e01-a706-bb3ba2a6fb65,96331b11-e725-4056-ba8a-95788f973a7f,9c0c9e96-9069-4f56-8da4-c2f133b33a67,
ea9578e9-ad5a-4fac-9298-1b89dd7b89ba,96331b11-e725-4056-ba8a-95788f973a7f,9d551b12-fc8c-478a-a6c8-d4851b586df8,
0b6bf226-df15-4d80-9834-8178920796c9,96331b11-e725-4056-ba8a-95788f973a7f,a388d046-e39a-4eac-98c9-5335a5613f66,
09f4a20b-4e85-4258-8d36-d177972c94f3,96331b11-e725-4056-ba8a-95788f973a7f,aa50abab-1c6d-4caa-8789-7a56932212c7,
8092a332-a150-4aa2-9de2-ad9c0cd958a1,96331b11-e725-4056-ba8a-95788f973a7f,aadb2f12-4d1f-43ad-b051-85cc5a1e52ee,
8445db08-e47e-4626-a785-5654bd28a13f,96331b11-e725-4056-ba8a-95788f973a7f,abd5ba90-c9e5-49e8-8d26-320a25f40972,
1a0864e5-882c-4f42-b4ef-255800a24988,96331b11-e725-4056-ba8a-95788f973a7f,b3544983-1ac7-488c-8692-b3095fc304a3,
8b9abeca-28c8-4ede-a0d3-bf36641cfc30,96331b11-e725-4056-ba8a-95788f973a7f,b75f0b1b-aa4d-45f5-89df-a09fae25bae4,
763a9106-02bb-4937-9fcc-6a778367dd04,96331b11-e725-4056-ba8a-95788f973a7f,b789ccb8-0f68-4e75-b5b8-6c6f59c658cf,
498bb426-fa78-4ad4-8509-a0784d604080,96331b11-e725-4056-ba8a-95788f973a7f,b98d15e3-e6ed-42ad-a262-062fa54475d3,
557a7c5d-da05-4e7a-b819-53c584ad99d0,96331b11-e725-4056-ba8a-95788f973a7f,bba2d2b3-2b56-4925-bb18-4962781c9b8f,
49023708-d050-4597-b949-fca773206edc,96331b11-e725-4056-ba8a-95788f973a7f,c7541165-cdfb-413b-949d-548164b0159b,
a4fb9c63-b4de-4ea9-9e6d-f802ca87bfb5,96331b11-e725-4056-ba8a-95788f973a7f,c897bac5-f8d9-4fec-9024-7db75bef9ba8,
46d0f100-8937-4ec1-b2f7-189c21b2790a,96331b11-e725-4056-ba8a-95788f973a7f,c998b55c-3f58-48c6-a3c5-affa021e6522,
d1906dda-cb47-4a46-a507-a388f6a413ef,96331b11-e725-4056-ba8a-95788f973a7f,cb089911-647a-487f-8c55-3107d65f62dc,
070bfab9-f249-4905-b2a5-1753bb8f30db,96331b11-e725-4056-ba8a-95788f973a7f,cb7383d3-30df-46a8-a892-e239c3b31e8a,
17f30ce9-8493-4d99-bdea-317df074aa76,96331b11-e725-4056-ba8a-95788f973a7f,cd25f8a0-6dd4-4557-b865-ca4c1373c9ec,
32097975-aaa2-4e97-95b7-ad1b92a9bccc,96331b11-e725-4056-ba8a-95788f973a7f,d288f88b-5409-4f43-8ea7-580ed69e2851,
3a9f3a42-0125-4bf7-84eb-30d86e1f1f9e,96331b11-e725-4056-ba8a-95788f973a7f,d3e618b0-da31-440a-9400-bbe879c26c5e,
37858963-c5ff-4cd2-b13a-a3f10601d3e1,96331b11-e725-4056-ba8a-95788f973a7f,d43c2ef9-5c8d-418c-91a9-e46c4c76290e,
cd551903-5439-4f16-9fda-9b9223979001,96331b11-e725-4056-ba8a-95788f973a7f,d57cffc6-adea-47e1-93ed-012aff5680aa,
b15942fd-b695-45b0-b940-d860ab5844b3,96331b11-e725-4056-ba8a-95788f973a7f,d7c4b84b-0b87-4d8e-8246-386609d7f036,
36fad781-6855-4ef6-97e3-0b121d9d401c,96331b11-e725-4056-ba8a-95788f973a7f,dbbd59e8-997e-44bc-b218-f3e188dae86b,
c8391110-a158-4a93-87b3-be317a2df0d4,96331b11-e725-4056-ba8a-95788f973a7f,dd019c58-ab41-497b-823a-59fe65fd55e0,
9deaf2d0-8463-4183-8733-a719d7b42d76,96331b11-e725-4056-ba8a-95788f973a7f,e058ca81-51b0-471b-bc49-274025504dce,
da10092d-7890-4fb1-ae35-2e0fa9c4d84b,96331b11-e725-4056-ba8a-95788f973a7f,e4b41063-ed1d-4145-bc1d-e1b5dc99efe0,
995005db-d55d-4170-8501-1dc0a401c5c0,96331b11-e725-4056-ba8a-95788f973a7f,eaad9c39-dcbe-45bd-809c-e0501b4734ee,
82ae9306-1923-453f-b93f-3608c399b07b,96331b11-e725-4056-ba8a-95788f973a7f,f1ad4bb1-1ee6-4517-a1a4-36150257569a,
69bdeae8-2411-4b50-ad7d-40d3972e83b5,96331b11-e725-4056-ba8a-95788f973a7f,f367995f-1e3b-4538-b7cb-d095ba5ee844,
60ad89b2-f2f8-483c-88b6-0541ccb6d051,96331b11-e725-4056-ba8a-95788f973a7f,fab9248a-4c2f-49f3-b7c3-774d80a0152e,
192a756e-eeb9-4002-b474-666ca7f61cc4,96331b11-e725-4056-ba8a-95788f973a7f,ff4eb020-10b9-48c5-a185-951b63db5c17,
6ff27b70-6d16-44bf-9d03-df768ca1cdbd,982b6775-ba17-4c75-8317-ea456baaee45,5e71c45f-722f-49e1-b355-e18adebd2ea9,
35446e5c-cd63-427f-90a3-6567c32a1f0f,982b6775-ba17-4c75-8317-ea456baaee45,63747113-815e-42f0-a92d-0ef12cc31b8a,
d9e73e5c-06aa-435d-b8ca-9d9428ecb24e,982b6775-ba17-4c75-8317-ea456baaee45,63a3f6fd-54c2-47f4-9fff-8403d4e1d199,
f80cb6b8-cd6a-47c3-8aa0-3390638a7580,982b6775-ba17-4c75-8317-ea456baaee45,a25000ca-f5e3-4049-b91b-37ec5e443f0a,
8a2ce93a-5c6a-4b83-914f-7a40672ac702,982b6775-ba17-4c75-8317-ea456baaee45,a57a185d-1251-4778-9ad3-f7583c008441,
e62f6792-df5c-4d3c-8c36-07f2c6673bf2,982b6775-ba17-4c75-8317-ea456baaee45,f36ba396-0b5b-46ee-8200-90b4010d4d0d,
35f9577c-174a-46c9-bda0-d55db792cfe8,982b6775-ba17-4c75-8317-ea456baaee45,f8109fc1-5651-4efb-99a5-3c7252918a1f,
ef763878-4b01-4131-b8f3-13d5d917a888,9832e1c4-3cbc-46e4-b188-b6be75ba71b2,4ff3e1c0-e4e9-401f-b4c0-ce41d9254ccc,
20577a3c-79e2-48b6-8884-a09c076930fd,9832e1c4-3cbc-46e4-b188-b6be75ba71b2,62df92e3-7298-4438-ae2a-7629ab7029e3,
cb3ebb8c-bc06-467f-9e78-f9b06b8ef28b,9832e1c4-3cbc-46e4-b188-b6be75ba71b2,63b79636-121d-409f-aa5a-44bfe134e408,
bc6538eb-e3ec-4587-81ea-3c2417be28a2,9832e1c4-3cbc-46e4-b188-b6be75ba71b2,6b76efe4-1cba-45c7-b2b8-ce20047ea46e,
e83ddda2-a81e-4925-925d-c86d6bbd8c0a,9832e1c4-3cbc-46e4-b188-b6be75ba71b2,6f0b16a0-9f59-49f8-82cb-2ab105e73e89,
8eafa8dc-866d-4c5c-8c45-1d92a3768423,9832e1c4-3cbc-46e4-b188-b6be75ba71b2,836c38f0-b265-45a4-b07a-0455c1b34914,
e1bcd097-6b18-421b-a3c2-5f5c166fedf7,9832e1c4-3cbc-46e4-b188-b6be75ba71b2,94a12922-98ca-4fb8-9350-7c7f470386fd,
7bedaec5-a4c3-48f5-a2b1-07277ea9c2cf,9832e1c4-3cbc-46e4-b188-b6be75ba71b2,a64f8036-d566-4a62-a499-249f8607e8c6,
17c2e8eb-110c-46c4-aae6-ec0b251c2e7a,9832e1c4-3cbc-46e4-b188-b6be75ba71b2,fb4f729c-5bc0-4330-9982-3cb5bed95d29,
0e9a8676-4818-4208-8db0-0e42a34a3698,9bd32b1c-a657-4a7f-ac7c-97c5ae3520ab,38e30413-34ae-42aa-9224-a8a39348a042,
5e982e88-2710-484f-8a95-6e6e1dde303b,9bd32b1c-a657-4a7f-ac7c-97c5ae3520ab,59d909fc-88dc-412f-a9af-670cbed30363,
f2003cdd-7838-42fa-be39-92da000aef98,9d27b2cc-7fba-47f1-8a85-2daa02279578,05fb2769-bcfc-491b-90fb-8e40cb2d2a71,
d255968b-f418-464a-87d1-9de460504c5f,9d27b2cc-7fba-47f1-8a85-2daa02279578,24cfefdf-f095-4f20-b1fb-040a5452baaa,
128a8833-223b-464d-b73a-4e99c4787058,9d27b2cc-7fba-47f1-8a85-2daa02279578,2ab37456-7c4f-4aaf-b9dd-75a2d5841629,
00766ba5-f975-4739-9f2e-58879c66664c,9d27b2cc-7fba-47f1-8a85-2daa02279578,3e8c24d3-2aa1-4678-adc5-6d70b83f0de3,
dedabeeb-d09a-44b1-a07d-ea677a733aab,9d27b2cc-7fba-47f1-8a85-2daa02279578,402f7911-6c33-488e-ba2d-2a689abe5c04,
ee923d5a-d102-4ccf-a1f2-08b2969bd94c,9d27b2cc-7fba-47f1-8a85-2daa02279578,45404bfe-cd52-4317-a69a-5328109a4dc5,
d53e1e5f-2274-45d0-a1e0-47f6f43244c8,9d27b2cc-7fba-47f1-8a85-2daa02279578,46a6c88d-5974-4a13-abac-554d2be26489,
10fc0b2a-b525-4ff4-b019-c4b7968e8919,9d27b2cc-7fba-47f1-8a85-2daa02279578,5a80253a-873f-4354-9049-ef2e08da608c,
443801b6-b6a2-4fa6-91b7-05adf768940a,9d27b2cc-7fba-47f1-8a85-2daa02279578,8562cfc7-e2ad-4c98-a361-f9a4ff937c23,
752808ec-126c-471f-81d6-6fcdb2ebf9f0,9d27b2cc-7fba-47f1-8a85-2daa02279578,a932a280-1168-42fa-b003-ce1d2955d517,
f3104fe8-de5a-4357-8a18-fe399dfb4953,9d27b2cc-7fba-47f1-8a85-2daa02279578,b006bb37-c3f0-42c9-97f8-56e21a96c4f1,
32333606-e008-4e43-ad7c-db4ba7513e87,9d27b2cc-7fba-47f1-8a85-2daa02279578,b62dbb39-380a-40ec-8283-36d46535189f,
e050c4b3-9881-43bd-bc16-ae672d9aff6a,9d27b2cc-7fba-47f1-8a85-2daa02279578,bdd03ece-a68c-4e3e-bfbf-d318cfda4edf,
9ed2929b-3d9d-4cb2-9694-945481c5d761,9d27b2cc-7fba-47f1-8a85-2daa02279578,e7737791-2d97-41b4-b5c9-8ac6b60e971b,
dce6e5fd-437a-46f8-a87c-fa82b14718e1,9d94d75e-520a-4abc-a9ca-d7764feb85c0,00cff039-5701-4fb8-89f4-ea96ff286ed9,
541c4fbd-7feb-4999-b631-710ec627547c,9d94d75e-520a-4abc-a9ca-d7764feb85c0,373c784e-57be-4b01-8c5a-dcb9c3139a09,
ad2fb36b-586f-403b-94b5-671bba88e5a8,9d94d75e-520a-4abc-a9ca-d7764feb85c0,3ee49b58-4a29-4870-a42c-733ed15a7b51,
52e3113e-c17f-43d8-af23-564895e14c05,9d94d75e-520a-4abc-a9ca-d7764feb85c0,880b5356-6e26-4c01-ad6d-9e1ebc450f35,
6915a8cd-41c7-44fc-9e4a-b907c75b39a4,9d94d75e-520a-4abc-a9ca-d7764feb85c0,aab25dc6-b03b-4a14-b28d-6f59aee0f78c,
073d3d62-d467-46e1-8c13-ffec35787e97,9d94d75e-520a-4abc-a9ca-d7764feb85c0,c3a4aa20-d699-4b3c-8af8-a6267b4774ba,
d04507cb-6e89-4722-ab32-95d351245ce1,9ec28682-e694-474b-8ec1-502f4e1c8d55,37d37fad-158f-4da7-aafb-98534e756973,
f89d8929-c731-488b-a7e0-520e377ce46c,9ec28682-e694-474b-8ec1-502f4e1c8d55,5826a858-f18e-49e9-802d-9e994176bf7b,
016c3bb5-d271-4aa6-9ce1-f9d8f364a827,9ec28682-e694-474b-8ec1-502f4e1c8d55,775be9d4-5bdc-4d96-aa5f-32521d442e45,
f289c476-95a6-41bf-bb1a-ef17507e8806,9ec28682-e694-474b-8ec1-502f4e1c8d55,af7f4ef1-103b-41fa-b8ab-1b55c834f529,
fd8f4142-2a0b-453b-a8da-c068caa0c31a,9ec28682-e694-474b-8ec1-502f4e1c8d55,b26fb4de-a385-45fd-bb89-1d85d26ba82e,
c4cec514-6fec-45ea-9e48-da156784faf9,9ec28682-e694-474b-8ec1-502f4e1c8d55,c7fbd6a0-4c78-4cdc-b4c8-203f1e642382,
fc05ec87-e12c-4b8e-8c3e-a244fe4d3bf5,9ecd5b6b-79db-40b3-90b9-294788416b57,022fd9d6-5050-48c8-8e03-5682cf555b95,
9b03d511-23fa-4d62-a9df-20fd528d7849,9ecd5b6b-79db-40b3-90b9-294788416b57,1eb8e11e-9834-43c2-905f-b62972283dc0,
7bd3088d-d134-491d-9761-f175a6f52f34,9ecd5b6b-79db-40b3-90b9-294788416b57,1fe6a4cf-9a74-4bc5-a114-32bee6c53e99,
0614ea4b-f277-4de2-910d-68570c55f2b9,9ecd5b6b-79db-40b3-90b9-294788416b57,27389a87-9f02-47be-8cfe-2c7c333e97a9,
df6187f1-56b3-42ce-a23b-6ad4183a460c,9ecd5b6b-79db-40b3-90b9-294788416b57,430d29f1-b83b-4442-9877-4325cec4696f,
44f70bb3-7b05-47c7-8037-f776c0c76efa,9ecd5b6b-79db-40b3-90b9-294788416b57,47f7e13c-bbab-4bfc-8b0b-41af4ae00939,
95f2787d-e93f-4663-9e94-ff96d72ada4f,9ecd5b6b-79db-40b3-90b9-294788416b57,4c544585-eed7-4d35-a4ba-c7f6c8137a1a,
66b76417-7c99-4fd3-a2a5-ab6b5aba8afb,9ecd5b6b-79db-40b3-90b9-294788416b57,6d6eed70-3e09-4d2f-9573-d1e224457dfb,
6e587901-6fa2-47a7-945e-034563ff0f1d,9ecd5b6b-79db-40b3-90b9-294788416b57,7e808cdb-7e81-4104-b53b-162528d69fc0,
ad4c61d4-c37b-45a0-bbf8-41bb05beacc2,9ecd5b6b-79db-40b3-90b9-294788416b57,9c2bfb31-c2cf-4747-9029-3ba32f9208f4,
028fa59d-3b5f-49cd-a587-3931d683bbff,9ecd5b6b-79db-40b3-90b9-294788416b57,a1b99b48-0716-4c45-a63a-9842e4cc46d1,
811868c3-cce2-4392-984e-1eca706d10ab,9ecd5b6b-79db-40b3-90b9-294788416b57,a3ca6ab3-69b9-4009-8737-fd84ccf831e1,
ed7f0eb9-8deb-4e70-8e59-be87086e12dc,9ecd5b6b-79db-40b3-90b9-294788416b57,a731a492-2424-4c43-aeb6-4325cd65c1b8,
c5a93a6e-0514-493b-bb0d-543112d884b6,9ecd5b6b-79db-40b3-90b9-294788416b57,bbd4d0c4-9135-435f-8abb-5b86d89a0a56,
9d9fd1e9-9495-470d-9e36-835f6fa36480,9ecd5b6b-79db-40b3-90b9-294788416b57,c3ee11f1-4539-496d-888b-0fb18ab19564,
8b1784cc-2db3-4359-bd70-88b85932c077,9ecd5b6b-79db-40b3-90b9-294788416b57,c63b791e-3312-46fd-8ab2-e3816e4375a9,
960b53bc-c6ed-4ded-a291-647c112afefc,9ecd5b6b-79db-40b3-90b9-294788416b57,ce262774-30b6-4bd8-96eb-05f5f2464399,
0e3b2b45-b4e1-4bac-8d40-447aac942243,9ecd5b6b-79db-40b3-90b9-294788416b57,e3acda7b-a0d3-494c-ad29-612c8da34ef7,
ea7fbec8-90bc-468b-9748-db86dc34a935,9faee56b-2800-4b0b-a0ba-e1c8925fa858,25ef9d4a-c2c5-4e7f-8b8e-f066390567f3,
b007dd11-a542-477d-af0c-fa3f16601f61,9faee56b-2800-4b0b-a0ba-e1c8925fa858,7c71a9ac-1dd1-4c3c-b904-2be52f5f2a48,
0c98e6e8-f90e-4d3d-848f-25fa7f740d64,9faee56b-2800-4b0b-a0ba-e1c8925fa858,c6a1bdac-76f9-4dd9-9d2f-89ce528329ab,
76520fdf-1fea-4ffc-8c4c-f3d2d1a9ab13,9faee56b-2800-4b0b-a0ba-e1c8925fa858,e3e0e48e-59f4-4c24-b44c-8898c6104bb6,
30558e5f-60d3-4ec8-aa09-a52668dad7ce,a1b07f5f-c3d0-40fe-9bc8-9a6ab8b38acf,0633c006-00c9-4845-bfcd-031fc25d4f01,
047d49d8-b097-49b2-a41a-92ec51d8ed71,a1b07f5f-c3d0-40fe-9bc8-9a6ab8b38acf,078d4b6b-8fc9-43ac-8aa7-4b6fd75b1484,
1d45b573-7531-40a5-92a3-a1b380c47a94,a1b07f5f-c3d0-40fe-9bc8-9a6ab8b38acf,0bf6f034-7d36-4fe7-8b42-f61d7dbcea88,
2bc5b618-8bc7-45bc-b1b6-72ddcfd6153f,a1b07f5f-c3d0-40fe-9bc8-9a6ab8b38acf,0c278201-e71c-40dd-a92d-d7fbf6eef843,
cb80d2c1-af85-4f5f-ab60-1bae2a27cfcd,a1b07f5f-c3d0-40fe-9bc8-9a6ab8b38acf,0e70912d-02a2-4efd-b38f-22fb79196529,
2e2ab3b8-83b5-4050-bf30-a48b66570b9f,a1b07f5f-c3d0-40fe-9bc8-9a6ab8b38acf,1161bb91-7db9-4f77-b9d0-d05c20213a48,
84528d55-7de2-4fc2-bc5d-32e565a3fcdb,a1b07f5f-c3d0-40fe-9bc8-9a6ab8b38acf,1f44f696-6f7c-404c-88ec-72a981afbeab,
a2b42b09-ac7c-4717-8720-e61383818942,a1b07f5f-c3d0-40fe-9bc8-9a6ab8b38acf,1f5a4041-d7b8-42af-b60c-80bcb68a84c9,
55289af7-49bc-4491-b9e3-42a63dde50e2,a1b07f5f-c3d0-40fe-9bc8-9a6ab8b38acf,23251348-b705-4a03-95fd-7208654575ce,
9ec66dbd-5a04-4053-ac68-e25128a37ad8,a1b07f5f-c3d0-40fe-9bc8-9a6ab8b38acf,294b2cb4-cba8-431b-a9c0-18c2fb8b7ee7,
35eae890-f228-463e-9f3c-f43e77ee61dc,a1b07f5f-c3d0-40fe-9bc8-9a6ab8b38acf,297c53ab-d168-4503-bb45-266364336e22,
8e1f7472-5552-421d-b48a-7cd579fdc1de,a1b07f5f-c3d0-40fe-9bc8-9a6ab8b38acf,2b795e3d-51b4-434c-a8b6-ea9a9c322e4c,
cfd5dfcd-d3cb-45d0-a129-74efc40084d3,a1b07f5f-c3d0-40fe-9bc8-9a6ab8b38acf,2c5535ca-aa6f-414d-b834-614119f66bcf,
db6a6bdd-dd12-47d7-a6fb-c209d4fcdb33,a1b07f5f-c3d0-40fe-9bc8-9a6ab8b38acf,39424ce3-df0c-41ea-a70f-cb243b6ba340,
40cea344-3d0c-4612-91e7-30942097f451,a1b07f5f-c3d0-40fe-9bc8-9a6ab8b38acf,49045dbd-b5a2-4eff-a416-e335599410f6,
3d9cb3b4-0b2b-44b6-b751-087b8cfcdf1a,a1b07f5f-c3d0-40fe-9bc8-9a6ab8b38acf,5484291f-b2aa-48c3-a85d-9d43bcc3124b,
0fbdfc5a-005a-4b65-8878-a6c3f1d9e485,a1b07f5f-c3d0-40fe-9bc8-9a6ab8b38acf,5b759d70-1843-40d2-8f93-448c3683f77f,
bc78eb67-ea30-4324-a7bf-29aef35459ad,a1b07f5f-c3d0-40fe-9bc8-9a6ab8b38acf,6660f599-9690-4794-a62e-11719275709b,
ea7d9da1-d65b-4d99-92be-253f4e20e05b,a1b07f5f-c3d0-40fe-9bc8-9a6ab8b38acf,6789d2bd-2780-4c09-b01b-3aa8cb4b46bb,
ed563a0e-c99e-4f1e-8619-673794d92339,a1b07f5f-c3d0-40fe-9bc8-9a6ab8b38acf,6ee7e64c-3e9d-410f-aa9b-6c8b51dfa66d,
260ebd49-71da-48c4-8067-60ec54dd4e97,a1b07f5f-c3d0-40fe-9bc8-9a6ab8b38acf,7ebfce4f-aa88-43a1-bedc-be172c5526b5,
b0f6e903-1dd4-44d5-a3e2-d02e7885416f,a1b07f5f-c3d0-40fe-9bc8-9a6ab8b38acf,aa91df40-f1ad-4874-ade6-14e88f9969f3,
300eecdb-f3c6-4434-8785-0dce7099f41c,a1b07f5f-c3d0-40fe-9bc8-9a6ab8b38acf,c1094a94-a09f-4285-a00f-6988dcef2649,
aaa1f9de-13b4-4dff-a77c-d8cf78448799,a1b07f5f-c3d0-40fe-9bc8-9a6ab8b38acf,c5b65b85-157b-4990-9b23-fa64716c450a,
15eb9ec2-f2d7-4fc4-9280-e9efdf838c7b,a1b07f5f-c3d0-40fe-9bc8-9a6ab8b38acf,dbfb0bfa-7202-4630-9b95-487a60fb3dd4,
d0a82574-18a8-4b3b-b023-f44685a48152,a1b07f5f-c3d0-40fe-9bc8-9a6ab8b38acf,e8201a50-02e6-400c-87fb-0cd053ace481,
f08a9e1e-7cbb-40ef-9c4d-8373c52c018f,a1b07f5f-c3d0-40fe-9bc8-9a6ab8b38acf,ea87565b-a55f-4808-96ae-0b7ce5d000b5,
5e9d70cd-1f60-424a-b5e2-1894d843514f,a1b07f5f-c3d0-40fe-9bc8-9a6ab8b38acf,f30a8a3a-9246-4c22-bb2a-6b24b9292072,
af1d451e-6154-4edd-b46e-e2af502a00a2,a1b07f5f-c3d0-40fe-9bc8-9a6ab8b38acf,f5b02c67-5897-4b38-8dcf-101d0502be83,
94eade0d-a795-43fc-acba-4ce32860d875,a315334b-744b-4e68-a59a-1aa4f19ccd4d,096633f0-6a60-47bf-9acd-916b327080d5,
9c1310cf-1558-47ca-b978-100ce15b517f,a315334b-744b-4e68-a59a-1aa4f19ccd4d,099916ac-abbc-4c1c-a31a-a939605098a5,
9816609e-9478-48c2-810a-b585ecdd4961,a315334b-744b-4e68-a59a-1aa4f19ccd4d,47c8fd05-c993-4d01-bb00-bc554c08e32e,
49b8e847-c796-474c-a1a3-24e4e9261bb7,a315334b-744b-4e68-a59a-1aa4f19ccd4d,b36a9782-f5ba-4553-a77b-855dd94d6e4c,
13b65b64-f0d7-42a2-b4d3-5bee3cb12f06,a336ecca-c9d5-4087-8175-0feafdb98033,20e0e605-85e3-433b-b3d5-9bd3f180c511,
4afc54f5-b9d2-4ae7-be08-24735a9e13fa,a336ecca-c9d5-4087-8175-0feafdb98033,33117274-0680-4831-a7dc-6301f32e6076,
ff4dee1a-efd8-429a-b7ec-50128726b8a6,a336ecca-c9d5-4087-8175-0feafdb98033,34d73f9e-08c7-4d4c-8cb9-781cc03800b4,
f08990c3-8062-4ba6-9c99-69132a8e53a2,a336ecca-c9d5-4087-8175-0feafdb98033,b8ebb55f-4793-4459-b0ad-7aa9163791dd,
4cb98c97-81e6-428c-8096-287748ed6f3f,a336ecca-c9d5-4087-8175-0feafdb98033,c94f8876-6eb2-4a55-b186-582e19adc968,
aeaaea09-5419-4b3e-809d-1604c76c488a,a336ecca-c9d5-4087-8175-0feafdb98033,f3baf969-43c3-4b38-9fcb-4aef59ffb6fe,
c57c3413-b722-47aa-b169-9037090531fd,a724e48c-d288-40f4-baa9-fc22667a870e,1393ace1-25e2-4eff-a0f7-cb1ead69dc90,
581c6c2d-f22d-4874-bdd5-0024ebec6976,a724e48c-d288-40f4-baa9-fc22667a870e,14d36c21-9f3a-4f2f-89e3-399bca39919d,
1dde8317-dc56-4c34-bb5d-6e0b67df417c,a724e48c-d288-40f4-baa9-fc22667a870e,2091fb4b-3d3d-41d5-8576-0c686ed34314,
7ce98a16-6a97-4c7f-9840-9bb30628cef1,a724e48c-d288-40f4-baa9-fc22667a870e,24c7468a-d33b-4230-b587-87f48c34d881,
fe801d17-c069-4613-ba95-d26ad44c55b3,a724e48c-d288-40f4-baa9-fc22667a870e,3089625a-b8e7-427b-bfc3-a90061e4927a,
6756ecd1-56a3-40c8-9d12-16e914f7c0fa,a724e48c-d288-40f4-baa9-fc22667a870e,432f4c6c-0f3d-45b5-93d9-1ec59614101b,
eda811b7-8282-4529-b311-ee5f83deb299,a724e48c-d288-40f4-baa9-fc22667a870e,4d8082d3-3908-4336-b1a7-def8333da9c4,
0e1a9fba-6ddf-469d-b62d-f76778ffd262,a724e48c-d288-40f4-baa9-fc22667a870e,714c594c-ea25-4554-9dea-3ae44161b204,
dada98db-ed37-4b4f-ad9b-59c197f82f13,a724e48c-d288-40f4-baa9-fc22667a870e,77f36bce-5247-4b54-98b0-68bbf81e8918,
c733e3fb-eed8-4c7b-ad84-2c082279ad3f,a724e48c-d288-40f4-baa9-fc22667a870e,84f95dc3-0cad-40bd-899a-4b891aa52a8c,
3a5b9dec-3009-42a4-b31f-701b093d90f8,a724e48c-d288-40f4-baa9-fc22667a870e,92bd19c0-d45d-4202-9191-a4b2e66dc002,
69952197-ff10-488d-8545-053663a06fbd,a724e48c-d288-40f4-baa9-fc22667a870e,96a3c13d-7345-46e1-a03e-2c03c1fdc9b7,
9a74e841-0cc6-4ccf-8e92-ce187a1b0910,a724e48c-d288-40f4-baa9-fc22667a870e,a5da6250-3929-45d2-81d8-ca5ba8d73ed2,
3329fc85-cf7a-4e4f-b7d9-13b523f58783,a724e48c-d288-40f4-baa9-fc22667a870e,b2d65b1f-602f-42eb-b660-bb9a586efc20,
62bdfc2e-9566-405c-a81c-fe4ce702a4be,a724e48c-d288-40f4-baa9-fc22667a870e,b84b7713-aa24-4677-a383-b6d96e493713,
64608584-f1de-428a-8d79-8c4dd5357c00,a724e48c-d288-40f4-baa9-fc22667a870e,ba10fba5-cd35-4eda-b550-0f76fbb1f217,
fd6e5333-0aa8-4397-b3a4-1b6efa83ca07,a724e48c-d288-40f4-baa9-fc22667a870e,bd9eec3f-cba7-4b6b-9f4d-6c2fe065be96,
61a5c237-0253-45ed-bc29-005206e240cb,a724e48c-d288-40f4-baa9-fc22667a870e,c85e37ad-400f-4494-9504-b059f9b09524,
24f091da-b831-4a4a-9ae3-4f05f5f2962b,a724e48c-d288-40f4-baa9-fc22667a870e,daae1ec2-b016-4d89-bc1f-76ba92dcefbd,
04b5c511-28e2-4a62-8c1e-ca0004cafdb1,a724e48c-d288-40f4-baa9-fc22667a870e,ea127fc7-36f1-4544-a4b6-1881481f9b47,
582d5cdb-54d6-480c-86eb-575b933bec8d,a782c24a-d2c4-4e6f-b877-f7e52c662464,024bec24-95a4-49b9-b917-65e0d64cebaf,
777c559c-ce18-4952-b46f-86d8853d4efd,a782c24a-d2c4-4e6f-b877-f7e52c662464,02b2352a-17b4-4379-84be-cc2251275d4d,
e265a0be-3549-40f7-a88b-bbe8d2180102,a782c24a-d2c4-4e6f-b877-f7e52c662464,02d14469-2b4a-4dff-8500-88c063cc1f2d,
9fe59221-77d2-4738-9fcd-8425f1df12ea,a782c24a-d2c4-4e6f-b877-f7e52c662464,0ad7969a-f971-4d26-957a-b39079915ba2,
8444c761-2d58-48dc-8679-950cf6d63787,a782c24a-d2c4-4e6f-b877-f7e52c662464,1006e980-121b-4184-92e3-0afb414ecdcb,
a45b53c8-741f-436a-9ce7-7687e07d621f,a782c24a-d2c4-4e6f-b877-f7e52c662464,109ba8f5-83df-4f14-ba44-809d2ccdd6c3,
02f48f0b-fbbb-45fc-abfe-3ef5fe1b4759,a782c24a-d2c4-4e6f-b877-f7e52c662464,112c6c74-d7bc-4f45-bc4e-26ab6e555d83,
912fc692-b353-4314-9e9d-cc66f027f842,a782c24a-d2c4-4e6f-b877-f7e52c662464,1b8d3cff-328a-49f0-b2ed-5cdf7bfbcfb3,
96cce0a4-6693-45fe-9585-c87329a7f91d,a782c24a-d2c4-4e6f-b877-f7e52c662464,27c71a24-7bef-4185-99c6-71d49f04e70b,
decd4420-fa8c-4bc6-8b10-ae87e2dd7094,a782c24a-d2c4-4e6f-b877-f7e52c662464,4d92940f-83bc-49c7-8671-459b179b1149,
a98367b2-2733-44b0-bd20-6b64cee647e1,a782c24a-d2c4-4e6f-b877-f7e52c662464,4ddd1611-89ad-4129-8000-d2f7cd7cc5da,
9ce46290-d66c-4991-a4ef-73bc1b1891ce,a782c24a-d2c4-4e6f-b877-f7e52c662464,52d60900-70f4-4ccb-bb88-5ba71f073d65,
a48a45e1-8211-4985-94f2-643c83cddd6c,a782c24a-d2c4-4e6f-b877-f7e52c662464,5ae3997c-8217-4af1-8905-0bd27d734cf1,
e6d6ef04-e5a5-4d55-ae7e-42f8b8f563e9,a782c24a-d2c4-4e6f-b877-f7e52c662464,627c1e10-c0c6-439d-85d0-53da4b232ba2,
4468b0e8-6b63-40bc-bc6e-f1d5af578542,a782c24a-d2c4-4e6f-b877-f7e52c662464,67199149-0701-4eec-beec-6e19890d120c,
f6aacf94-722e-4360-be7f-babf40489736,a782c24a-d2c4-4e6f-b877-f7e52c662464,6a233dcc-ec89-4f04-84bb-36c95e99fd47,
c78551fd-d4cc-4f36-ab2b-65ba3c1cb017,a782c24a-d2c4-4e6f-b877-f7e52c662464,6a3856ad-d267-42bb-85c7-83ca0262d1a2,
44fd427e-aaac-401a-ad05-43257b4d3f20,a782c24a-d2c4-4e6f-b877-f7e52c662464,6c22b100-e594-488c-99b6-8617efab91e3,
69653725-7dc7-46c2-9b85-40fa1ea7219e,a782c24a-d2c4-4e6f-b877-f7e52c662464,6fe3ff59-0492-4e06-a662-06dea7a668c6,
26af058b-ae84-4464-8145-e7e9b8aa8b40,a782c24a-d2c4-4e6f-b877-f7e52c662464,75e85d6c-31eb-4c1a-8d7a-1e4a46218f0c,
9216a11d-02e7-4a77-9331-64e3cc20769d,a782c24a-d2c4-4e6f-b877-f7e52c662464,88cf9134-dc1c-498d-a69e-4a4a2f3544b9,
f2983b1c-11a7-4730-9d38-8b076886f212,a782c24a-d2c4-4e6f-b877-f7e52c662464,89b6b3c8-93b8-48e5-a859-9fadcdd83a07,
7dbf7824-b1d8-4326-81a7-c3becad02589,a782c24a-d2c4-4e6f-b877-f7e52c662464,8f47a450-bbef-4cee-857b-4b8fa591259e,
c460d8f6-846b-4617-88f5-96d761376e4c,a782c24a-d2c4-4e6f-b877-f7e52c662464,8fb5419f-7c98-4a6e-a0b7-80f1590fc3a1,
298ae385-4366-4850-9364-8d66ecbec509,a782c24a-d2c4-4e6f-b877-f7e52c662464,926474e5-d435-4489-9705-b033d7243e62,
3af582e7-0531-401b-8570-1f5541ad82bc,a782c24a-d2c4-4e6f-b877-f7e52c662464,9287a9aa-cb4c-4b66-8947-47c08f4055df,
38f55d94-e1db-4cae-9544-526d9df86f7d,a782c24a-d2c4-4e6f-b877-f7e52c662464,a6942d88-8872-412a-b0f4-8a2c91b9bf9f,
be07577b-28a8-4057-b3bf-7d27d9f1cf14,a782c24a-d2c4-4e6f-b877-f7e52c662464,a7f15eaa-e3ec-4d81-adb1-1ac1d13b5922,
c1b7398a-51f8-43ee-a7dd-cf86d60c6ca9,a782c24a-d2c4-4e6f-b877-f7e52c662464,aeb664d5-807c-4311-9af0-8dfae7cddbcc,
a9bbbc39-a5d4-40f4-acb3-53f02240033f,a782c24a-d2c4-4e6f-b877-f7e52c662464,b6a5bd3c-f4ea-4264-951a-a8e2971fbe6d,
acea9e1e-64c3-4cb6-8b57-387ed0224dbc,a782c24a-d2c4-4e6f-b877-f7e52c662464,b6ce6a5f-dc61-46f1-8be2-70a967456c72,
f295ce8c-9818-4383-89e2-8a0e88ae8c04,a782c24a-d2c4-4e6f-b877-f7e52c662464,b6ef8c4b-5ac4-498f-a2da-00ca200ec965,
2fb6ea90-a3ca-484b-9c6f-197aee53fbf6,a782c24a-d2c4-4e6f-b877-f7e52c662464,ba86b5a9-b722-485d-b106-2ff3de21b7b6,
399cd168-3233-4199-8ee4-c07646580e96,a782c24a-d2c4-4e6f-b877-f7e52c662464,bef37065-2c0e-487c-b0c4-18d09288cbdd,
9365e0a2-98d6-4156-898f-816954fe1bb9,a782c24a-d2c4-4e6f-b877-f7e52c662464,c20b581b-65e0-47b0-ac11-89e73fa7fed5,
18e11d66-6126-4764-a82b-050f803fa8bd,a782c24a-d2c4-4e6f-b877-f7e52c662464,c9feedc3-6c02-45fd-a9e2-549cae1910fd,
f1019e30-6ddd-4623-a7d5-8584a4a1091b,a782c24a-d2c4-4e6f-b877-f7e52c662464,d31b1655-e26b-4241-9f0d-a17ea55da659,
b6f8b5fc-ee90-4af0-9438-4547c485d84d,a782c24a-d2c4-4e6f-b877-f7e52c662464,ec9f6d28-0882-4a45-943e-45417b06526f,
c0fde7f1-31f0-405e-b189-7ae52d960ba1,a782c24a-d2c4-4e6f-b877-f7e52c662464,eeb8c834-c0c5-47ac-a158-05ec1686d9ab,
f365859e-e870-4950-a628-d42e9a1f7f4e,a782c24a-d2c4-4e6f-b877-f7e52c662464,f1433b10-df0c-4397-bdf8-81791d8cd8d0,
763c5479-39e3-4d14-af1c-c4cbbaabd060,a782c24a-d2c4-4e6f-b877-f7e52c662464,faddbe96-44ee-433d-8d2c-4451dadaf291,
b17459c0-1fcf-411b-9906-7b2bb0db4426,a8c2658a-e3f7-4546-85f4-9b027894bf66,0ef17b2d-5526-4b90-9339-f8879b3ef655,
63728269-2d22-4306-9594-0ff028d94bee,a8c2658a-e3f7-4546-85f4-9b027894bf66,17485da2-1d4e-4f0d-ac9b-52fbf30fe146,
3a1d5fd2-8049-4ae1-85c0-c6565054139e,a8c2658a-e3f7-4546-85f4-9b027894bf66,1e374b9d-c9a1-48ef-9c08-283d0157dcf1,
f142154a-100c-408a-8104-76b0fd27112d,a8c2658a-e3f7-4546-85f4-9b027894bf66,47345a63-0b8f-4f69-ac20-021f33f24479,
d12af990-f642-48ed-b2ee-b5f5d16d5b3c,a8c2658a-e3f7-4546-85f4-9b027894bf66,486192b7-dfe4-4558-8550-ad28ea2e9d79,
af3b0043-4f22-405e-a781-ca9014a4837e,a8c2658a-e3f7-4546-85f4-9b027894bf66,5cab2893-0e8d-4499-977c-c7586f6a8ca9,
49cc547d-eea1-4726-8ee4-f62a606bd28c,a8c2658a-e3f7-4546-85f4-9b027894bf66,7a9d7439-dff8-4c83-b2ca-a078c1003a8b,
6957b9ac-30bb-4ee4-ab4b-8a8db2a06a2c,a8c2658a-e3f7-4546-85f4-9b027894bf66,7ecf4e41-2059-4b8a-96ed-5611a698ff1e,
5a33fd04-933c-404f-987d-8f1a539349ae,a8c2658a-e3f7-4546-85f4-9b027894bf66,80acb2bb-016e-416f-b38e-e722ddf731bd,
6c10398d-7380-4d31-86f7-b894260a2217,a8c2658a-e3f7-4546-85f4-9b027894bf66,84d513d2-8e2f-4661-8223-91c4be7a6f8c,
a788b0a1-2a80-4065-8cc6-6fbcf197f71b,a8c2658a-e3f7-4546-85f4-9b027894bf66,975c0f0f-0a8b-448d-a059-a0025024b0dc,
714f4806-0c54-4a9b-84f2-13bb27a79982,a8c2658a-e3f7-4546-85f4-9b027894bf66,f8ed3d0e-413f-422d-860f-af172848b8d0,
12926dcb-92f0-4163-b243-ca3fcee3adf2,a91ce358-eab8-48f1-816a-62df0ef292c5,18076100-d7ef-4fb9-84a1-d21b585de6b7,
f27e4039-191e-46c8-a4a5-e88be3a583ca,a91ce358-eab8-48f1-816a-62df0ef292c5,c2d0bf44-7927-43d4-b04c-b28b491b9064,
07524fc6-ec23-46ab-bba2-dcddcfc295e4,a95bc3bd-560d-421a-bb51-2adcfe1fd411,1003404b-f987-4a43-a6d9-f02104dfa5f6,
f62dcf7c-ff21-446f-b09e-fa25854c4450,a95bc3bd-560d-421a-bb51-2adcfe1fd411,15f3143b-1120-4a58-b7f4-51adb37af447,
8d5bf19b-b69f-425e-b266-b0b5323aa152,a95bc3bd-560d-421a-bb51-2adcfe1fd411,181a7e7e-3592-4e30-a447-e7642f82118d,
5d49be54-0ac7-4f17-a3a0-0445cfd96ee4,a95bc3bd-560d-421a-bb51-2adcfe1fd411,2022c39e-1241-4c80-8eb1-e51ba4185d31,
9a76aebc-e279-415e-85bb-141ef74249c5,a95bc3bd-560d-421a-bb51-2adcfe1fd411,33e3490e-c470-4be7-847e-4fc3e10e0f0d,
d9bff4d9-d040-49d5-b50d-53637a5221e0,a95bc3bd-560d-421a-bb51-2adcfe1fd411,88acbe4d-ba81-4646-90e6-1c7db98ba086,
30499ac7-3d71-44bb-86a7-d02170009158,a95bc3bd-560d-421a-bb51-2adcfe1fd411,a98b8290-7b4f-451d-a76a-575447ec3e1f,
ef01b7c4-c40c-4187-8232-9b0feb6ef8a3,a95bc3bd-560d-421a-bb51-2adcfe1fd411,c96e41cf-ada7-44b6-b38c-3d3c83878e44,
ce0802da-c366-48ad-8cc4-a95e97cf1a6b,a95bc3bd-560d-421a-bb51-2adcfe1fd411,e6e30e76-957a-4ae3-99ad-411e29907e2b,
47994dd5-d82a-4033-a331-1b13163faf1a,a95bc3bd-560d-421a-bb51-2adcfe1fd411,f3c5ab0c-83fc-49c9-a393-4accb1969ae6,
99323518-64b6-46a5-8cfd-78c3d9d3e167,a95bc3bd-560d-421a-bb51-2adcfe1fd411,f6de9da4-2f82-48eb-8c06-948a40219b7f,
2baab646-6f83-482e-99a9-36dd4823c158,a95bc3bd-560d-421a-bb51-2adcfe1fd411,fa6bf859-1988-4efd-b0d6-e6f659f7d93c,
d84873a5-901d-42c1-bb4c-67d0694a4618,a95bc3bd-560d-421a-bb51-2adcfe1fd411,fb76ab03-0574-4747-bf2b-800660456e95,
a0958623-cc67-4e28-97d1-63fdff45d7bf,a9984a1a-3bcc-4cd1-bbd3-9e8f838ff22d,27cb0e37-fb7d-422d-9d41-b2a5882d8868,
ab9b53f3-e576-48af-9afa-4fe41e657ff2,a9984a1a-3bcc-4cd1-bbd3-9e8f838ff22d,7466f67e-d5e8-4efe-a0c1-873268e1f2a4,
c1b032ec-987c-41c0-9944-97b4bafb1602,a9984a1a-3bcc-4cd1-bbd3-9e8f838ff22d,79639a5f-fc05-4d49-9173-a0429c5da49e,
2097c0f8-59fd-468b-b77f-66df51129838,a9984a1a-3bcc-4cd1-bbd3-9e8f838ff22d,96834a8d-7adf-461e-90d0-70032c826ff0,
dcb711e7-da0c-4406-8dde-59e0d621485f,a9984a1a-3bcc-4cd1-bbd3-9e8f838ff22d,ad9fec0c-3c2a-47e6-8a63-65a64e25b016,
3285c7b8-883a-4376-bc98-55bc064e19a0,a9984a1a-3bcc-4cd1-bbd3-9e8f838ff22d,cd9183c5-2dc3-42b8-a040-4fe54278becd,
d109ddd1-c62b-4eec-9a9d-e21f57e075c7,a9984a1a-3bcc-4cd1-bbd3-9e8f838ff22d,ef7d0ece-6390-4d32-a3aa-c8cd9542d901,
ce9e8f5e-8353-473e-95c1-f83620e1806c,a9984a1a-3bcc-4cd1-bbd3-9e8f838ff22d,fbe3edc2-3461-4566-b918-d51f71d2d72c,
9d9f9c6c-2cca-421a-a61d-71137b721017,a9984a1a-3bcc-4cd1-bbd3-9e8f838ff22d,fdb9507d-8c83-4cd9-9778-9f03aa2f38f7,
9297c10b-8a05-44d6-9121-c00c97cc25a4,aa82ab8f-1438-4712-b39b-72aa5fb29127,0efb9a59-8ffb-4f02-bc14-3941c63cc06d,
9601f4d7-0945-47e7-99db-0e02da3e142f,aa82ab8f-1438-4712-b39b-72aa5fb29127,204af647-cee3-4b95-a0c8-30e39ed12b59,
f0efe414-dec2-4876-a6d2-07ee84cbb0e2,aa82ab8f-1438-4712-b39b-72aa5fb29127,483ebbd6-0bad-4a6e-9efe-3bc0c24c4f17,
297aed6d-ae52-427f-b0aa-051024c31aa3,aa82ab8f-1438-4712-b39b-72aa5fb29127,498d40fa-bb2e-44b3-b58e-23d3c3e6b9f5,
1f5b166c-1d47-4da8-a7a1-102db2340baa,aa82ab8f-1438-4712-b39b-72aa5fb29127,557aba40-c97a-4b72-9b94-52a64ea19dd2,
75d77b32-318e-4312-9275-fdf5903707ce,aa82ab8f-1438-4712-b39b-72aa5fb29127,6a5ad774-7ae8-4511-b755-8987d338c6fe,
afee461e-0113-4175-b407-746d82b6fc6c,aa82ab8f-1438-4712-b39b-72aa5fb29127,6b4ff83f-5a37-4b79-a786-1e43f24e1ae6,
c3f3e6e8-e154-42e6-b9aa-7b3eb7eaa890,aa82ab8f-1438-4712-b39b-72aa5fb29127,c806d8e9-5347-4d5e-92af-5980f4e5d56a,
c5ef431b-c64a-49f1-b34a-bc1800c0bc41,aa82ab8f-1438-4712-b39b-72aa5fb29127,ec9ac051-aa4b-4e99-83e2-f37e65fa1422,
f32588bd-91be-4ea0-abfc-cd5243f70f5a,aa82ab8f-1438-4712-b39b-72aa5fb29127,eced9c0b-6726-459b-99b2-2f3c3d7df4ba,
72a90c83-1171-42d9-ba58-7de3db595096,abfc43f0-fc3e-460d-81c1-1f77c4602b02,18c0d3e3-e1e0-4863-98f8-6284af7731d5,
79a84a7f-f9a1-4900-a344-f32ee678d51c,abfc43f0-fc3e-460d-81c1-1f77c4602b02,4dc4a026-4519-4341-8152-e12c412b50c3,
09655c52-bd5f-49b1-9601-dafcd6555c43,abfc43f0-fc3e-460d-81c1-1f77c4602b02,62e58f99-0b91-4dfc-b683-5ad2a7c2a2db,
57d3cc3a-0d26-4aef-9faa-26eb60f7a110,abfc43f0-fc3e-460d-81c1-1f77c4602b02,8a466260-19c9-4712-b4cd-8424c2e386b6,
c358b600-8d8e-4362-bef3-8d4fa8411add,abfc43f0-fc3e-460d-81c1-1f77c4602b02,94ebd2cb-e37e-48ac-8b79-15d15a30b6e0,
9270d12a-90fa-4b44-b7e7-00e167d4093f,abfc43f0-fc3e-460d-81c1-1f77c4602b02,be9f52b0-9834-4c43-95cf-099a4ee4610f,
d3182aee-1136-46a8-ac1f-94a8ebd757b1,abfc43f0-fc3e-460d-81c1-1f77c4602b02,d353dd5e-4fab-48f3-b45d-623a4256abae,
77df08d9-8ce6-487f-8ad5-7a2c1a8b618f,ad5a7867-394f-4956-945a-6023a3e3b043,91b678c8-8dd1-427a-93d7-b0301ac77e5f,
b4d2647f-3ff6-480a-b04c-46d17e6a6b83,ad871242-bc5f-48a1-91d0-d0948b78af29,a267d3e8-3d19-461c-ab45-204a28a37b49,
f73e7d42-13b9-4731-8a20-ecbcc43d0d37,ae242aba-d031-434d-ac78-60c7ad5a4ebe,080d842e-2b43-4706-8691-c6e339757fa7,
136ffc72-dca7-4a36-b436-bbf9eb0e1a8f,ae242aba-d031-434d-ac78-60c7ad5a4ebe,18a11175-61c0-4498-8771-d91c695dd2b3,
8af8c9c8-9b6d-4bd8-9b41-5502fecfc5d3,ae242aba-d031-434d-ac78-60c7ad5a4ebe,19ed7e93-f0d4-46a3-abd8-4c0eabaab375,
2eaa2ef7-c9d1-49fc-b168-8deb6a35190f,ae242aba-d031-434d-ac78-60c7ad5a4ebe,43e7f480-f906-48ba-a507-b036f3942656,
682922ad-8b3e-4486-84bd-3e2718c379d6,ae242aba-d031-434d-ac78-60c7ad5a4ebe,59370b31-74e1-452f-af41-db2483a745e2,
30925b1c-c030-4f2a-8e11-8e3634d1fc29,ae242aba-d031-434d-ac78-60c7ad5a4ebe,6fc25abb-7957-479a-b70f-cc4a96b07ff1,
cfd2e174-e154-476a-b12a-ef51c5643945,ae242aba-d031-434d-ac78-60c7ad5a4ebe,8a6507d2-7701-4663-b622-ecb1c2a7637a,
c7975ded-414e-47ed-9382-5b50221ed48e,ae242aba-d031-434d-ac78-60c7ad5a4ebe,e9b735d8-72c4-425a-9b69-5c4c88e56e62,
a8568da8-40ac-4bf7-8ec5-1bdc8cc3492b,ae9ea216-34e0-4658-9f6a-c3dc2032c41d,023d36c7-67b8-4142-ab10-df88a6215a6f,
a2fd73ed-ce5f-4403-b616-ca670b8badd5,ae9ea216-34e0-4658-9f6a-c3dc2032c41d,3afe01aa-26da-46dc-904f-3218adf82d62,
2c47e83d-10cc-42b3-9b9c-61c5dea5932a,ae9ea216-34e0-4658-9f6a-c3dc2032c41d,3bf85cb9-e1ed-48cd-9f03-96bb5b5e4d63,
b2aeafb7-3740-4e7f-8a6a-14380de6f9b9,ae9ea216-34e0-4658-9f6a-c3dc2032c41d,3c4fd376-0048-44a7-8b96-754f7b7fa263,
5e1ccdfe-1bf4-459c-9f4c-46d62b822781,ae9ea216-34e0-4658-9f6a-c3dc2032c41d,44b0a1b4-bf70-4d92-b6e2-b991b2f1cc2d,
f45aef83-ef28-4b1f-96fa-5986f5aadf72,ae9ea216-34e0-4658-9f6a-c3dc2032c41d,68fb5eec-3621-4ccf-9446-ff20ddc519b2,
54931cd5-6b04-4fcd-abac-f23ffcf068b7,ae9ea216-34e0-4658-9f6a-c3dc2032c41d,7b63f3cd-7c5b-41ff-a9e6-57d866d4a398,
afa0466b-c111-4a21-8777-2ec6676edc88,ae9ea216-34e0-4658-9f6a-c3dc2032c41d,94a1f883-6700-42ec-a61b-33c300d9e482,
3d57484d-82c4-45b6-9d4f-982604ec40d2,ae9ea216-34e0-4658-9f6a-c3dc2032c41d,ab5e556c-973d-4318-9d09-3bd6a5b1310e,
b9dfbfbc-23e0-4e4d-b01d-2b6ef3dd6fb6,ae9ea216-34e0-4658-9f6a-c3dc2032c41d,ae2a1feb-a5fe-46be-83a5-80faeb89bea0,
bce1d2d9-d9bc-4cff-a684-656eb42515e2,ae9ea216-34e0-4658-9f6a-c3dc2032c41d,af699527-e618-422e-9338-f8b4761bf645,
fb022123-ca42-4ad1-b8fa-b093e0b52470,ae9ea216-34e0-4658-9f6a-c3dc2032c41d,ca17075c-3141-4fda-846b-a47779dc4c59,
f7687ad1-008f-43f5-93a0-8e84410b51eb,ae9ea216-34e0-4658-9f6a-c3dc2032c41d,caca110e-ef7f-4eaf-9725-5e2affcac699,
61b2031b-6baf-440f-8032-a4f1ce74e15b,ae9ea216-34e0-4658-9f6a-c3dc2032c41d,cb6c7e6f-9922-4d2a-a54f-f26a0c9571b5,
b2d1d510-2ac2-478c-835a-751f9737c175,ae9ea216-34e0-4658-9f6a-c3dc2032c41d,d1cdb1d2-f3da-4078-ab3d-b140b4580006,
d7300e85-8ee0-4172-a9c2-b94a2f9cea6e,ae9ea216-34e0-4658-9f6a-c3dc2032c41d,f70c5b2f-f17d-4aab-92e5-0f1e92fa1c03,
1c1472ac-824c-4d8a-ba8d-e8f589ff5ceb,aecf4c89-1d0d-4b0d-8a9c-33ffd2a4c419,100c7246-14c9-4a93-9221-edf7536d8e24,
7b0c24f3-3114-498d-b859-05e007dcc813,aecf4c89-1d0d-4b0d-8a9c-33ffd2a4c419,1e171bed-5209-4319-8faf-49985ab5a20c,
27c60c46-52e3-4e84-9465-f075e7520ce7,aecf4c89-1d0d-4b0d-8a9c-33ffd2a4c419,33e806ec-0a30-41c0-9726-bd2afaf9d2a4,
73e86d37-3db5-451e-a786-76d41ae4f172,aecf4c89-1d0d-4b0d-8a9c-33ffd2a4c419,365502d3-b411-4690-9c06-bca38a633264,
607079a2-cbe5-473c-ae50-abf4a47fddda,aecf4c89-1d0d-4b0d-8a9c-33ffd2a4c419,3c529d51-a1c3-4a02-8355-f437580f16ad,
e1db5274-f5b7-4306-8dc8-fe42fbee4dd8,aecf4c89-1d0d-4b0d-8a9c-33ffd2a4c419,855700c6-3393-421f-a037-f881470b2864,
5da459b5-17d4-4272-81d1-199bd2088892,aecf4c89-1d0d-4b0d-8a9c-33ffd2a4c419,9bbbf33f-fa70-4a71-9961-379ec116dafc,
edac5023-ff94-4057-a5ed-653f1a28f9f8,aecf4c89-1d0d-4b0d-8a9c-33ffd2a4c419,a9ae9172-6682-45c6-b161-f8955bc43021,
636a0344-9448-4a3f-bda6-9727c575993b,aecf4c89-1d0d-4b0d-8a9c-33ffd2a4c419,a9d4f27e-55f8-4f73-a764-b45f47e424a6,
7845d162-8dbb-4148-a2fb-da7ca683442a,aecf4c89-1d0d-4b0d-8a9c-33ffd2a4c419,b378cc8d-232e-4eaf-b046-a3877f780d65,
43c6358b-f339-4219-8894-5a3a64b46243,aecf4c89-1d0d-4b0d-8a9c-33ffd2a4c419,c9582b73-2805-47fd-95e3-911a8662e337,
92a63a0b-8548-45f7-8c9e-238ed8f0c0aa,aecf4c89-1d0d-4b0d-8a9c-33ffd2a4c419,d3354d9e-9690-4359-a0b9-8422cb66b67e,
705fa8c3-4b5c-415e-96c8-2ac622092884,aecf4c89-1d0d-4b0d-8a9c-33ffd2a4c419,e4f7a388-670d-46c1-beaa-ef0f0be3b939,
eafc89df-9816-423b-81ea-c41491ea0f5f,b02c51f9-0680-45df-b60d-2f521f739763,02903872-9bd6-4918-99ba-a4a281a48585,
884b972f-fe36-4b72-bcd5-be69392e5a63,b02c51f9-0680-45df-b60d-2f521f739763,07bebbe0-9b40-4ad6-8b35-f2c6b306fb98,
f3e93fc0-fb0f-4449-a6da-51214dd6ecb7,b02c51f9-0680-45df-b60d-2f521f739763,09b895a9-ef15-42fd-9822-e0147fd8dd95,
a9c56d5b-7540-48da-801e-6184722691c3,b02c51f9-0680-45df-b60d-2f521f739763,1edbe93a-3923-49ef-8843-ec237c8a6dd4,
72052750-fbb1-41ed-8bd0-71c3378d3d3e,b02c51f9-0680-45df-b60d-2f521f739763,20480864-ef2d-4198-aa92-702af4b40f50,
760582b6-cef3-4449-abb9-e0edfbefa690,b02c51f9-0680-45df-b60d-2f521f739763,21ddcca7-d537-48b5-8da8-7f989141bd18,
f71aa53f-0c31-4852-9a41-5c48a57a3411,b02c51f9-0680-45df-b60d-2f521f739763,2f96f886-0236-4f24-935d-ce4e11812fc6,
1d6382d3-0d23-4df2-970e-11cd5ca7497c,b02c51f9-0680-45df-b60d-2f521f739763,31d41637-8347-45e2-9795-55205125215f,
4c99a3f2-5354-41fa-b78e-f4cbef70b6c0,b02c51f9-0680-45df-b60d-2f521f739763,3328d5ab-aa4b-4cee-9483-a52ab745d684,
051bfc9d-0bae-4a8f-b2c9-a5ab2e7a773d,b02c51f9-0680-45df-b60d-2f521f739763,352e67f5-8513-4a26-8430-578bf124b8ee,
c1cddc93-4c3f-4bb3-8953-cac069402653,b02c51f9-0680-45df-b60d-2f521f739763,35851e9f-d4e9-4b3c-a2d6-abc7188369e4,
449828d1-a8e8-489a-b80b-4153ba01d539,b02c51f9-0680-45df-b60d-2f521f739763,384deba3-ef33-4dde-b831-f442861cbdfb,
108b4323-28f7-4344-a5d2-4705c5e57708,b02c51f9-0680-45df-b60d-2f521f739763,3b942ade-d8d4-433a-8d57-7027e88c50cc,
92f52442-bac1-4651-a442-696162c7bbd2,b02c51f9-0680-45df-b60d-2f521f739763,498faa6b-9697-478e-a428-e09afd72f2f8,
d703572a-1a1b-4da5-bb4c-26de2698c375,b02c51f9-0680-45df-b60d-2f521f739763,4d5d2037-64a0-4d72-b1b5-6d17bed3175d,
006b6ff6-9b1c-4da2-a24d-26aff41050d5,b02c51f9-0680-45df-b60d-2f521f739763,56dc5417-f03c-4066-8614-f3a07ac80374,
09763e6d-ed69-4354-a113-f34880430827,b02c51f9-0680-45df-b60d-2f521f739763,5cfc8f73-f5c4-4f23-9531-3f01453d8be1,
f6abb42f-e01b-4fb3-9947-4c5de65348e3,b02c51f9-0680-45df-b60d-2f521f739763,5faa0231-98a5-4525-b782-992ee248effe,
897026bf-96c6-4739-bb02-b88575de0377,b02c51f9-0680-45df-b60d-2f521f739763,6073f5d2-b228-4382-803f-2faca126c534,
2f71e0a4-8b36-4120-b5f5-48327db50cdc,b02c51f9-0680-45df-b60d-2f521f739763,6844d033-5cc6-4596-9827-a6bab6103e50,
b06857b0-fb43-4ff9-9d40-aa77c63691d9,b02c51f9-0680-45df-b60d-2f521f739763,6ad86baa-3ac8-44b9-ad5a-3dbbff135659,
1b46d155-5416-4555-8c5b-1be555bdf04d,b02c51f9-0680-45df-b60d-2f521f739763,768f2b53-d01f-4e00-8039-0f13e128cd92,
aaf4673d-bc0d-48c6-8d8b-714032636c72,b02c51f9-0680-45df-b60d-2f521f739763,7ac9fe6c-171e-4c33-a3b4-adfeb0305062,
858a986a-b7c7-45ee-a4be-3f20afdbb0a5,b02c51f9-0680-45df-b60d-2f521f739763,7f7bce10-bf85-4ddd-bd08-a24a64a1be2c,
e8daad1f-d641-4cd4-864f-67a0bc7d844c,b02c51f9-0680-45df-b60d-2f521f739763,830a85e4-1721-4d37-8484-cf9f28a2ff4b,
1624c7e6-58d2-4ce0-b978-0c0fcfbca16f,b02c51f9-0680-45df-b60d-2f521f739763,8359842e-f162-4a4d-ab31-0ac1795f36b4,
b58593be-cf93-4cb7-94e9-1c62451d0d4a,b02c51f9-0680-45df-b60d-2f521f739763,882b9d83-e25e-4ef5-92b7-fd5ad5586eed,
8bde7281-43ae-4bf0-8b77-0adf334336d0,b02c51f9-0680-45df-b60d-2f521f739763,99f2a204-92b2-4186-917b-4383c985aab2,
99068350-475c-4f29-82e0-df95d0b2a26e,b02c51f9-0680-45df-b60d-2f521f739763,9f418bf0-38cc-4f86-812a-e317b032b7c7,
0f46a29a-a822-449e-b772-2fd7abc7b7cd,b02c51f9-0680-45df-b60d-2f521f739763,aa89e262-597b-4ece-95d8-1ee8d6bbdcfd,
d679071e-9c00-465e-86dc-4e23ca79120e,b02c51f9-0680-45df-b60d-2f521f739763,ba4a1bdb-f399-495a-8ddf-99c8987ffbba,
5870f07e-a171-48c9-b01c-0f4847053578,b02c51f9-0680-45df-b60d-2f521f739763,baeb6235-fd20-4d05-870e-d5e533fe9544,
6e9fb3de-f910-491f-9a00-86bb8f00b65a,b02c51f9-0680-45df-b60d-2f521f739763,c2853b7e-bddd-465d-a233-a5d7d0575d89,
f66761e1-35dc-493c-8538-b90efc91e230,b02c51f9-0680-45df-b60d-2f521f739763,c548ac38-b944-481a-ac9c-5105cede1fe8,
d986e556-879d-4737-9f4e-b92296f89ed7,b02c51f9-0680-45df-b60d-2f521f739763,ceaa2ecd-61bf-46ae-b490-18a71a96f224,
304d7e63-1082-4331-ad86-ef52122cea4c,b02c51f9-0680-45df-b60d-2f521f739763,d531c543-1e54-4162-8a82-41c721b658bd,
fa324d0c-c520-46ef-bca6-aa41bf5ac782,b02c51f9-0680-45df-b60d-2f521f739763,d9b37ab3-0936-46bc-b3f3-25fadbb50aa6,
3061c164-a2b2-45a1-9263-6bffdbb6e1ac,b02c51f9-0680-45df-b60d-2f521f739763,daa06a82-fd79-44ef-b13a-3e9496348e19,
29ab1503-3c84-4a72-aee9-45aa98e5f0fb,b02c51f9-0680-45df-b60d-2f521f739763,e372f7e8-4339-4f12-b7ae-17161f618ede,
4e2610af-c8d4-4476-bcd7-013fe253379b,b02c51f9-0680-45df-b60d-2f521f739763,e6f612b3-74ae-4c4d-b720-5a398b208dfa,
d7625dc9-ac9a-4e58-a82c-479b8c6bb874,b02c51f9-0680-45df-b60d-2f521f739763,f3106fa8-9256-4040-a085-37e27d3ee91c,
eb29f66f-47ec-425d-8456-dd8633824417,b02c51f9-0680-45df-b60d-2f521f739763,f539a60f-7a40-44d3-963c-a1ac19941097,
ad38830a-661e-4387-8def-9ea9c2b99e84,b02c51f9-0680-45df-b60d-2f521f739763,fc5fc490-1226-4716-ba04-e93fd8f2e483,
4182f7b3-d1ba-4671-96b2-0ebd2831c1c2,b02c51f9-0680-45df-b60d-2f521f739763,fd1fbd67-a3bf-4297-9a3b-b2c549cc3044,
38ea9677-5827-4717-9e55-78bb16190c72,b06082ac-3bd4-411c-95d0-81907e5f6993,048c5dd4-4af0-46c9-afb0-79eed665e908,
09a1f81e-d0a3-4d26-bd32-493914a362d5,b06082ac-3bd4-411c-95d0-81907e5f6993,108075d2-dfd1-4d3b-a775-be03b3efd04c,
76930a74-7197-4aea-ab86-55d0be185fae,b06082ac-3bd4-411c-95d0-81907e5f6993,33b106ad-56f6-4f5e-9351-d2f3ef35489d,
d6159b10-978e-407b-937d-7037b14c009a,b06082ac-3bd4-411c-95d0-81907e5f6993,4888cdbe-4d52-4fde-a6af-606ab814872e,
09de1cfa-90b5-47df-b56d-6532e35aed10,b06082ac-3bd4-411c-95d0-81907e5f6993,52a5a39f-dc3e-436c-8f7b-2c4f85734a41,
2aabf665-a20d-4cb3-ab8c-47054bc92f72,b06082ac-3bd4-411c-95d0-81907e5f6993,56d3f030-b9d4-473b-b39e-14471488e1f6,
10cb13aa-34c2-44f9-982a-756b9612d70b,b06082ac-3bd4-411c-95d0-81907e5f6993,65f2fe88-1591-4f9e-a580-02dddc8f31e6,
9000cc43-31a1-4cd7-8067-bd3855ec6f11,b06082ac-3bd4-411c-95d0-81907e5f6993,bd7e987b-2b14-4881-b0ac-3abfd3fceb4d,
621e2849-3811-4c66-8bc7-88baf30f2f52,b06082ac-3bd4-411c-95d0-81907e5f6993,c03406ef-d0ce-485c-9be2-8e7c0c920eaf,
7e213064-dd16-4654-9d82-4cd79dba1b5d,b06082ac-3bd4-411c-95d0-81907e5f6993,e03719d4-cfb1-40b7-8c53-cc77071d6942,
971f0f0f-c3e6-43b2-882d-b63078f691af,b06082ac-3bd4-411c-95d0-81907e5f6993,e41ecfee-a177-4082-832d-1f481aba0b2d,
8c32a091-5491-4616-90ce-7718c1a9c960,b1346e48-aebd-4fa0-8a69-df3e7db8f888,12a1df6d-9654-42d6-80ac-e5fd26bc356e,
923c4e06-c518-48c4-a6b1-75aeb39b5d7a,b1346e48-aebd-4fa0-8a69-df3e7db8f888,1a192cf1-adc9-4506-96aa-b1e32eb487ab,
1f25ce68-b196-406b-9b4d-2fe2692c607e,b1346e48-aebd-4fa0-8a69-df3e7db8f888,21f9cedc-c655-44f9-a9d9-3202e5f70c2e,
a4749fe5-e20f-4c00-985a-08146de124e8,b1346e48-aebd-4fa0-8a69-df3e7db8f888,3364e616-ec14-4917-b721-e564e6cc3fd6,
4c78ed0d-cb8e-4ad6-8a94-35072ddeb51d,b1346e48-aebd-4fa0-8a69-df3e7db8f888,3972dd10-cac0-4cc3-9535-5a2a6c65314e,
23826f45-da38-4a9f-a608-7243824d9105,b1346e48-aebd-4fa0-8a69-df3e7db8f888,4a6baae5-3693-4671-a749-8113473b968e,
a19716c5-7ee2-4d08-9e93-f3deefe5ea5b,b1346e48-aebd-4fa0-8a69-df3e7db8f888,50575d39-34e2-4eff-a4fc-cbfbeaf7c0ff,
7392b3e5-35f2-40f6-ae64-7de6922f6da0,b1346e48-aebd-4fa0-8a69-df3e7db8f888,53f10714-485a-4a48-ae2c-703fcfd3b20f,
f31bd42e-ee72-4d38-937f-30fc2f65fb94,b1346e48-aebd-4fa0-8a69-df3e7db8f888,5d7f7b07-b009-4ff6-8585-8d20f46764f5,
8a93ddcc-2f91-40e1-8aba-39083e90a3c4,b1346e48-aebd-4fa0-8a69-df3e7db8f888,6cc01c49-edfe-4668-a456-0a2aae387b52,
b0153365-bb5b-4a83-82cc-8d2ec440901a,b1346e48-aebd-4fa0-8a69-df3e7db8f888,6e92421b-700d-4acd-b7c1-512324ddea3b,
b87b93eb-4086-45d0-b148-eb0a03e41e98,b1346e48-aebd-4fa0-8a69-df3e7db8f888,97cc225a-13c7-4f77-81a9-859e66a033ef,
258f252a-b328-418d-9e8f-2bbc8d522c70,b1346e48-aebd-4fa0-8a69-df3e7db8f888,c37e5bb5-7827-4ec6-b2dd-92075bc4df08,
70714200-af16-41a4-8ed7-a35891e28704,b1346e48-aebd-4fa0-8a69-df3e7db8f888,cbc070c3-c194-4a95-80ce-b1073650135f,
a342e774-8c5a-4d9a-80b1-ac3924b7c053,b3afa5d7-7d25-451f-8b09-a2972da41e0a,221904f4-6eff-40a1-ab04-8a7e1dae43c6,
774b0b18-2b51-4983-bc9b-9769a7f24ed9,b3afa5d7-7d25-451f-8b09-a2972da41e0a,2ddefc3d-0cb3-4595-ae47-03d53dde1011,
d5604593-ebbc-42ea-b8a1-52a573ea72e0,b3afa5d7-7d25-451f-8b09-a2972da41e0a,400c8086-7744-4ad1-98c2-e672a5f1621d,
292d75db-d1bf-40c5-a428-e591daeec5c1,b3afa5d7-7d25-451f-8b09-a2972da41e0a,44f780f1-d557-4a87-bc1f-c92161b2633c,
f086c41f-1197-4ca5-a26c-bbc1642ac85e,b3afa5d7-7d25-451f-8b09-a2972da41e0a,5d3ec965-2a04-4f13-aef0-8289be922230,
3392b890-fd5b-4197-8cfe-c6878df47cb1,b3afa5d7-7d25-451f-8b09-a2972da41e0a,a1340fbb-7c1d-454e-a530-bf45ae3055bc,
c725cb93-5d8f-4902-9f0a-5481ed6ccc9a,b3afa5d7-7d25-451f-8b09-a2972da41e0a,b9de5311-a6a7-4487-9017-cf0e2d0c88e3,
43ffa546-b42b-4dd8-889f-3ade09dd99d1,b3afa5d7-7d25-451f-8b09-a2972da41e0a,d212461c-06fc-40b8-a2f4-a53062ca6aeb,
c13ba9d1-2473-4559-b7f0-93fc9e80c2a4,b3afa5d7-7d25-451f-8b09-a2972da41e0a,df2c2617-ca90-4ebb-9b7b-943db4d4af02,
4ce440c3-c5ac-4a37-b1f0-c7ded68d2023,b3afa5d7-7d25-451f-8b09-a2972da41e0a,f001d739-f043-48ca-bc39-fc08a0a9893f,
1e6cac69-33e1-4036-b92f-825297021425,b3afa5d7-7d25-451f-8b09-a2972da41e0a,ff37f953-7328-46b0-9cad-4b50ceabb296,
2b8fe53a-d0b4-41ea-bdb6-b9e2b8cbf348,b3d45e37-5f35-4cb5-9164-f00cd51a1ef5,08d513bc-87de-446e-af97-d4d9de7d65ae,
cbf709fd-4bad-4bce-aae1-892457cbe30b,b3d45e37-5f35-4cb5-9164-f00cd51a1ef5,10245f63-649f-4c55-801d-c628d81a0b3e,
6760011c-8d55-41ae-af7e-afa2130d29b0,b3d45e37-5f35-4cb5-9164-f00cd51a1ef5,179e4b03-3820-4943-bce0-12ece4e87b9f,
4f850fe7-4718-48cc-b4d5-c432b031fd8d,b3d45e37-5f35-4cb5-9164-f00cd51a1ef5,1dfa0eaf-6ebd-4ce5-8a6a-16e23444a0b7,
6b13b4e8-629f-496b-b333-fc201c170836,b3d45e37-5f35-4cb5-9164-f00cd51a1ef5,20ac983e-13b6-4af9-8189-fb80e5920d0d,
9eef6ddc-8422-4a5a-9bd1-685a1ec93773,b3d45e37-5f35-4cb5-9164-f00cd51a1ef5,27721bd1-7207-4c8e-b62f-c8b6d56d67e8,
e28d8f85-11e6-404f-96bc-32a4bc1b3e04,b3d45e37-5f35-4cb5-9164-f00cd51a1ef5,293432bd-07d4-4d92-b997-33951b624aa3,
e2e032fa-1ea4-4a7c-a5c4-5fdca458c5c0,b3d45e37-5f35-4cb5-9164-f00cd51a1ef5,2ce30e30-6c97-444d-b219-787bfa0664b0,
fa9718cb-9c9e-4736-bc74-73e6550435a3,b3d45e37-5f35-4cb5-9164-f00cd51a1ef5,3ca8b648-3e02-4819-ac44-257e1da50c9f,
a7895342-ce0b-4a21-b861-4d8ae6dbe0d2,b3d45e37-5f35-4cb5-9164-f00cd51a1ef5,55086b16-691f-4bfe-a911-131c3b41f04d,
cb68bee3-02ea-4eb8-bf03-bb3e22cf9ffa,b3d45e37-5f35-4cb5-9164-f00cd51a1ef5,56c48825-e3be-4de7-a757-91aaa8b27ccc,
01bd5ad1-9c50-4f01-9b44-7bc109363614,b3d45e37-5f35-4cb5-9164-f00cd51a1ef5,6975bcbf-2af0-438a-9a31-24240ae5c161,
8d94df1d-666a-4f8a-bceb-d9987b23c7f5,b3d45e37-5f35-4cb5-9164-f00cd51a1ef5,6cf0adc1-d7d7-4495-87ea-486eeed73e1a,
2573cef8-3053-45d1-aafb-a47d151d5955,b3d45e37-5f35-4cb5-9164-f00cd51a1ef5,6e9acd83-ddc5-4706-b042-63c1084c9ae2,
ebf4be7e-bc6a-4e55-b0df-2620d44fd91c,b3d45e37-5f35-4cb5-9164-f00cd51a1ef5,90357400-f677-49af-9766-e3f9254a70d2,
d4c89324-1c4d-4af2-a0f3-11e1b88bc4e5,b3d45e37-5f35-4cb5-9164-f00cd51a1ef5,95c680f5-213c-478d-a488-c6d5c0ff6030,
3a717e9a-93c0-448e-b2b4-5261d4df9663,b3d45e37-5f35-4cb5-9164-f00cd51a1ef5,a2c8f7d4-c7b7-4c23-ba40-1cc3250345f1,
6978ae2c-196f-4a2e-9359-f78fc32b62c8,b3d45e37-5f35-4cb5-9164-f00cd51a1ef5,a3f35622-1135-457a-98f8-c1986d0d6f8b,
5ddb55e3-2a1d-4c9c-8cfe-d544ec005d66,b3d45e37-5f35-4cb5-9164-f00cd51a1ef5,b0540958-d872-4090-8aa0-35548efc3b7e,
97bf8166-5fb0-4699-8e45-cff2d3f37ee2,b3d45e37-5f35-4cb5-9164-f00cd51a1ef5,b882159e-ee68-4618-a6a0-74bb48f9e1fb,
514d6a02-5218-4d83-94a3-6ec35523a4c8,b3d45e37-5f35-4cb5-9164-f00cd51a1ef5,ba57de6c-b21a-4f90-8961-878857b3fa14,
132ba9dd-b29c-4ce4-b86b-58ee446ec165,b3d45e37-5f35-4cb5-9164-f00cd51a1ef5,c53ac1b0-dcf7-4676-b380-399075af62bb,
d623bdc9-0ca5-40d3-8dae-3e71f1f1b8cf,b3d45e37-5f35-4cb5-9164-f00cd51a1ef5,c7ebcde1-7adf-49e5-83a3-fb3aaf82a0dd,
1a84e685-594d-476d-8d84-f286258cc77a,b3d45e37-5f35-4cb5-9164-f00cd51a1ef5,ca712d45-cc72-407b-a966-7042e5db4522,
82a3a87e-8a37-40b1-82d2-3283fc24f807,b3d45e37-5f35-4cb5-9164-f00cd51a1ef5,f6b83fbd-af00-44a0-ab28-5915b5832894,
2e8c3a7c-4b91-476b-bbb4-af91894c8c44,b3d45e37-5f35-4cb5-9164-f00cd51a1ef5,f715c095-469b-4ffb-bcfa-0fc5aa08d5fa,
e2a10fdd-4bb0-4b13-b1bb-05be24332e88,b3d45e37-5f35-4cb5-9164-f00cd51a1ef5,fb694de4-8690-4c53-84f6-2c6b1879d547,
cf4fb173-a675-4c9d-a88b-a5d7b41e0e65,b43a335b-ca80-4f19-8ce5-fb7de19b6db1,0a3cc2b4-033a-4f9c-9a82-e9da349322f3,
84abe05e-d0ad-47d0-9489-00f95c07ca7c,b43a335b-ca80-4f19-8ce5-fb7de19b6db1,1371df9c-8478-4952-b7cf-cc20bab55b92,
54e853cc-47c9-411a-aa00-15347f0440d0,b43a335b-ca80-4f19-8ce5-fb7de19b6db1,18a1824f-5be5-4b30-ab37-f5073a6f84c1,
3a821a32-f9f2-41df-adde-ffff3e041141,b43a335b-ca80-4f19-8ce5-fb7de19b6db1,7d3acb76-0a0e-42b7-9099-4a335a8e8e46,
4dab63c2-ec54-4a8d-88ca-9ad859d26bc1,b43a335b-ca80-4f19-8ce5-fb7de19b6db1,a4003321-7bfc-4680-bc10-cbc746950750,
79a27f47-bddd-4ca9-8dee-4af9ac51573d,b43a335b-ca80-4f19-8ce5-fb7de19b6db1,ad4963be-2ac5-44c8-90ee-971754b6db65,
3f30d713-63f9-4f1e-9a39-bd14d3efe4c3,b43a335b-ca80-4f19-8ce5-fb7de19b6db1,baf41ab7-fd97-43de-8e5a-028c52b42724,
9889e712-2ca5-48b4-a926-3975d89b888c,b43a335b-ca80-4f19-8ce5-fb7de19b6db1,cdefaf81-fc4b-4a55-87ec-66e9deb7cdc5,
706bab80-2e27-4928-b498-5d673893efd3,b43a335b-ca80-4f19-8ce5-fb7de19b6db1,df7c81d2-3dde-4948-9831-e402022cf208,
92ddb858-d148-40fa-bf66-5168fbf2998a,b43a335b-ca80-4f19-8ce5-fb7de19b6db1,f0c62dc5-a0c0-4d53-80b1-061b2afd1237,
72266ee3-0042-445c-813e-60c8b092cef8,b459db03-9e74-47ac-bc3b-4ff58ec59583,0c7b487e-213e-4f52-8366-5f5b1718a375,
2be607dd-840f-4199-a05e-3922e2bd0764,b459db03-9e74-47ac-bc3b-4ff58ec59583,0d462ccf-a15a-484d-85a1-4c2e37d79055,
921f277a-9b4a-42cc-84b4-1d3e61456428,b459db03-9e74-47ac-bc3b-4ff58ec59583,2c6f8e7a-77ce-4ee7-92db-be336684412a,
d9665888-bff6-4ddc-9966-503aaafad29c,b459db03-9e74-47ac-bc3b-4ff58ec59583,4ebb9dd4-3a54-45d8-976f-a9e95ef83c00,
c50420c1-8bed-4a4e-b1b6-bb972858576b,b459db03-9e74-47ac-bc3b-4ff58ec59583,50396fb5-ee24-425e-b90d-1a17444432d5,
e32db7d6-defb-433b-a7c5-7522e44ec4f8,b459db03-9e74-47ac-bc3b-4ff58ec59583,7d7fe272-0105-4ffa-81a8-565321638ecc,
7ef78f83-a455-4557-ba37-ed76d43b2484,b459db03-9e74-47ac-bc3b-4ff58ec59583,7da0d785-f836-4ca1-983d-7bae41eb5f52,
60a3d417-f6fc-4540-8697-61a18d146d2c,b459db03-9e74-47ac-bc3b-4ff58ec59583,8591aa30-fcd1-4984-9156-dcbe35b38587,
ca9bc374-9893-40f3-9e18-e9f618f170c9,b459db03-9e74-47ac-bc3b-4ff58ec59583,976dd780-1192-4ab2-a486-1d2db3b0c03c,
a12ea474-800a-4a59-ac9c-db0c340ef2e7,b459db03-9e74-47ac-bc3b-4ff58ec59583,b713eb23-7876-4f2f-80e1-892a1a9edae6,
5c0fcf78-c26d-48d0-a0d4-9b2d91c22d35,b459db03-9e74-47ac-bc3b-4ff58ec59583,db760ce1-ceb0-4b2c-983b-35b8997b038f,
87720f28-82d9-4088-9056-a53fc00b75e9,b459db03-9e74-47ac-bc3b-4ff58ec59583,f0e0e8cd-f3f5-4a6c-8305-fa3f02e6ec1d,
ff193054-85ae-4302-b379-6b79a61c39b5,b5f74717-1c39-480c-8aa8-3150b0566ac1,034fada1-aa27-4962-9bd5-bfee8f03b65e,
ef1a836b-9709-4da1-866b-c6dc1941d0c6,b5f74717-1c39-480c-8aa8-3150b0566ac1,0d9d201b-df8f-4ad6-b987-ece33b93ae85,
0956e87e-011e-40e9-9ee9-773e70f39da8,b5f74717-1c39-480c-8aa8-3150b0566ac1,13110ce2-ce16-41fa-8369-fd5cbf3545f7,
f1136822-0c39-4d78-a724-1f34ecdb2a2a,b5f74717-1c39-480c-8aa8-3150b0566ac1,144b16d8-0a37-430a-9d94-9c9ec04bf6b7,
af3e4604-3c87-4f3c-89e8-3d91c9c6dee0,b5f74717-1c39-480c-8aa8-3150b0566ac1,157d6dc8-1d80-4018-9157-ac823dee9b15,
f0571f51-5832-48c6-a773-571e01c19469,b5f74717-1c39-480c-8aa8-3150b0566ac1,1c7e9b34-950d-4744-ac74-d241d77b718b,
dfaf6b94-a58d-4cbc-9431-f70132f9edd8,b5f74717-1c39-480c-8aa8-3150b0566ac1,339fdb5f-ab7e-4e65-80a0-738c82482490,
f497d316-a520-48d1-9d24-f4823b001301,b5f74717-1c39-480c-8aa8-3150b0566ac1,4103e17d-6307-475c-902b-87d5e0e251e0,
8e3ef943-1920-471d-a14c-a3bbb89e5d45,b5f74717-1c39-480c-8aa8-3150b0566ac1,42ea97de-fdf2-4274-be6f-a6fe689c70f0,
9e6a43a0-e39d-4d04-9151-72258283f900,b5f74717-1c39-480c-8aa8-3150b0566ac1,4b004ae9-6bd8-4068-b6a5-e0c7aae91c7f,
613502ba-8d96-4c7b-a030-48a446794418,b5f74717-1c39-480c-8aa8-3150b0566ac1,4efacc00-52d5-4b3e-9f1a-42bdba410ac2,
3a8926f8-1275-4125-8261-743d4ead9156,b5f74717-1c39-480c-8aa8-3150b0566ac1,4faaa48d-dc75-415b-acf6-da4a0af189fb,
3f73acfa-6d42-45d2-8f9d-360c318dfb18,b5f74717-1c39-480c-8aa8-3150b0566ac1,5055d07a-dc21-4bcb-b39e-39e7f696dfd9,
e20cdd7a-0ff1-4851-a3ed-23b0ceb8592f,b5f74717-1c39-480c-8aa8-3150b0566ac1,52af0eb5-3f19-4e27-95ad-55a07e56e4a7,
107e3a1e-e500-47c4-a5fe-31422302b78f,b5f74717-1c39-480c-8aa8-3150b0566ac1,536e9a55-49ac-4884-8a9e-501f68a6d681,
000db1eb-9c8c-4385-9edd-b49e324eed2c,b5f74717-1c39-480c-8aa8-3150b0566ac1,53d45cc6-5413-40fc-a798-192ca0646a9d,
7eb8e9a6-ce49-4905-9a97-d87c016e6ad5,b5f74717-1c39-480c-8aa8-3150b0566ac1,5456daed-a797-4a73-bf43-0c835275c893,
b663ae13-fa34-4c8e-bfe0-30ab88d9e90a,b5f74717-1c39-480c-8aa8-3150b0566ac1,5728faf6-b761-462f-a57e-cdd098ec063e,
d31e7d1b-c749-4a42-b9d2-541ffaaa287f,b5f74717-1c39-480c-8aa8-3150b0566ac1,5a8187c8-4756-4e95-9b3e-84abccb9af06,
8f8f7c07-17ac-4c7d-9136-faa3bb1b47ef,b5f74717-1c39-480c-8aa8-3150b0566ac1,6017017b-86ee-43b5-9b6e-c36094b310d0,
b9bf9786-09e9-4242-aba9-eab97f9a4c11,b5f74717-1c39-480c-8aa8-3150b0566ac1,6716c93a-1356-4716-8043-1aec81273755,
85b0e08c-6ad4-452d-aa7e-2d2e9f318c72,b5f74717-1c39-480c-8aa8-3150b0566ac1,6df96b69-59e0-466f-a182-5618267371de,
692942e5-f273-4108-be99-8e8218e2d149,b5f74717-1c39-480c-8aa8-3150b0566ac1,782abf3f-5107-4575-8967-c8879e802a84,
78db5008-96af-4765-9b3a-1b9857c4d4d3,b5f74717-1c39-480c-8aa8-3150b0566ac1,7bb8e108-a2d2-48b2-9712-fa2d4d5fbe2c,
230743d2-abb8-410c-bad4-a7a95636ecb1,b5f74717-1c39-480c-8aa8-3150b0566ac1,8dce554a-2494-44fd-9089-cac672b62922,
f43197c7-75a1-41d0-82ab-abecaf24d57c,b5f74717-1c39-480c-8aa8-3150b0566ac1,8de5b572-cc95-43dc-ac6b-15795a7c8ea3,
87794052-7623-4384-abe8-84d01ff9801a,b5f74717-1c39-480c-8aa8-3150b0566ac1,98ecc65e-7ea1-4ffc-a9a9-393f5232c5ef,
31e0884d-7afe-49bf-8de4-b93a696dea81,b5f74717-1c39-480c-8aa8-3150b0566ac1,a76a5465-04f3-421a-9a54-91ff62ab879b,
1d6a514e-ea11-4637-a0a5-eb1977ae7590,b5f74717-1c39-480c-8aa8-3150b0566ac1,aac15ede-eed8-459c-8628-1faa9dedb24c,
65a78ff5-4dfa-43eb-b451-24e478e764a1,b5f74717-1c39-480c-8aa8-3150b0566ac1,bb1f7995-ca68-41d4-84cc-33487f9dd46a,
29fb2d8d-eac8-4abc-a136-1c658dfa47ed,b5f74717-1c39-480c-8aa8-3150b0566ac1,bb60f354-a345-4069-904f-8d06e1148ac0,
6a435da8-bc3f-49c6-ad95-3100f06e24fc,b5f74717-1c39-480c-8aa8-3150b0566ac1,bc10cc1c-9860-4701-9a8c-1d0efbb566fc,
180804bd-20a6-4698-bc18-fe9f00a64a25,b5f74717-1c39-480c-8aa8-3150b0566ac1,d4c64102-1727-4934-b2bd-dc615c2f7016,
7d6f2559-7e58-4916-a0c2-bea4a9c53de6,b5f74717-1c39-480c-8aa8-3150b0566ac1,d9971105-226d-4602-acba-ad56a1f93b2e,
c10960e9-efeb-43df-979e-62f2ff801c72,b5f74717-1c39-480c-8aa8-3150b0566ac1,e19fbda4-146c-4da4-aadf-4652edfcb845,
604e616c-0a94-4376-8f46-205e06da807f,b5f74717-1c39-480c-8aa8-3150b0566ac1,eb9c5f33-2b2d-4f10-9993-c0493c5fe572,
844b39df-8bb1-420c-b6c1-e96f028964ba,b5f74717-1c39-480c-8aa8-3150b0566ac1,f753f6c6-8fcb-4a7f-bf79-a21a548ed931,
9135258e-f8c4-4222-8aa1-4084cf1d4cb2,b5f74717-1c39-480c-8aa8-3150b0566ac1,f9268060-5483-4e43-ae8b-a308885c5abb,
23ad8cb6-e33b-44d8-9772-cf4a108de83f,b5f74717-1c39-480c-8aa8-3150b0566ac1,fad983dc-ea49-4e02-a1fb-6d72e341ba58,
bff01bf6-9bea-43dc-af9a-e80a0f0a2d72,b5f74717-1c39-480c-8aa8-3150b0566ac1,fdc32d98-1dd0-4ecf-aeab-8a326b310eb9,
e5dff7ee-66f0-4d00-a70d-f4e1eba83553,b5fda77d-d871-47d5-acfb-16be0a6b2c21,29a1d458-e80c-4040-a9e0-c1d65a80b569,
f6147cc9-ad88-4ae3-adc6-259ed24652b5,b5fda77d-d871-47d5-acfb-16be0a6b2c21,3b6f825a-4e5b-438b-8b91-154d1d7b4475,
73d4f147-80cb-4804-b53e-269a658ec38b,b5fda77d-d871-47d5-acfb-16be0a6b2c21,49df425c-5e1e-44b6-9c44-7cd434b89b3e,
70536aad-fa0a-472f-aff2-60be6692c992,b5fda77d-d871-47d5-acfb-16be0a6b2c21,4b2e9535-b46c-48c3-bf75-806f67fe9527,
eea8ce3c-9ab6-419e-90bb-ec4da01a4360,b5fda77d-d871-47d5-acfb-16be0a6b2c21,4c866848-a633-439c-a8c9-09a3f6826ca1,
54d967c9-4e96-4fa7-a904-2be672f05805,b5fda77d-d871-47d5-acfb-16be0a6b2c21,6067584d-7ac0-4180-8123-0cfdf2e475a2,
2ea36906-bf4f-4c21-8086-80fa81f70d1d,b5fda77d-d871-47d5-acfb-16be0a6b2c21,62c8cada-6b05-4fcb-bbc4-4cd7fb8169c8,
289bb3e6-5ee1-4cd7-b008-36ed1258e5ea,b5fda77d-d871-47d5-acfb-16be0a6b2c21,dfa96276-fb80-4d2e-8de8-73a1b3d97874,
eab9fb24-b919-40e6-839c-65d7b368742a,b616c389-1e5f-437b-9155-c44cf7f5d7ea,0d220140-da14-4489-9676-de3ac9590b63,
1a25f4d4-f2ef-4ad8-80f1-abdec3508f1f,b616c389-1e5f-437b-9155-c44cf7f5d7ea,10eea2c8-11dd-4fef-918f-6e00b746cccb,
99597de6-50ce-4bda-92a7-c9fcd0e95b35,b616c389-1e5f-437b-9155-c44cf7f5d7ea,17246590-a75b-49c6-884e-539adb69626a,
73b85ec4-f8c8-44b7-9c01-de9c6541982e,b616c389-1e5f-437b-9155-c44cf7f5d7ea,2165a2d4-2f3b-47cc-9a5b-75899520dbd3,
6577c377-7324-4742-9ce0-b277b7134b32,b616c389-1e5f-437b-9155-c44cf7f5d7ea,56a2d420-ae94-47e3-9806-df96458c2a30,
7a0b20c6-ce42-46b0-9cba-c1e1e685faad,b616c389-1e5f-437b-9155-c44cf7f5d7ea,6c69f4e9-e527-4fa6-ab11-d562ec06b7f7,
9f648255-eb4a-4e98-970e-a048787e9134,b616c389-1e5f-437b-9155-c44cf7f5d7ea,8970cd7e-aeab-46bf-be37-f59d456ba070,
20f4ecb7-aafd-4cff-9b17-71f238c17cf5,b616c389-1e5f-437b-9155-c44cf7f5d7ea,a2f813ce-c7ae-4162-b2e9-5255b806a66c,
f7c1e1cd-a9bc-46b6-a9ca-5e5d083dfd31,b616c389-1e5f-437b-9155-c44cf7f5d7ea,ac7fd8fb-cdc2-4c4c-b610-34a7ce1008be,
c3b5faf1-e679-46be-a6a8-038c757324da,b616c389-1e5f-437b-9155-c44cf7f5d7ea,ad6e9a6f-7a71-4418-bc5e-994b38deaeb4,
7bc7fe6e-aba4-4747-ac65-1060891761ca,b616c389-1e5f-437b-9155-c44cf7f5d7ea,dde45697-34f5-4c97-826a-c961ad03a5e0,
9ba83149-fdb4-41d4-a025-b1d58acbd6d3,b616c389-1e5f-437b-9155-c44cf7f5d7ea,f5339817-c4fb-4d72-accf-550e889e2db9,
7c16e2b1-bf49-4e3e-80f5-25e2091c8497,b638bcdc-1866-4c81-83a1-5744d323011d,1222eaf4-d0dc-4b41-b1b7-389e3899ac90,
a59f56a3-fa34-4911-abd8-d104ed04c673,b638bcdc-1866-4c81-83a1-5744d323011d,1523f710-8126-48bd-be8c-68a4adf3e9c6,
618fae32-16f4-49d7-ac68-bee824c26070,b638bcdc-1866-4c81-83a1-5744d323011d,1fd811dc-9c8c-40a5-82a3-33ee826ea88d,
8ed694bc-e083-4ab7-99c2-894e0b42adfa,b638bcdc-1866-4c81-83a1-5744d323011d,2314cc6b-72f5-4a56-b8a5-95f67b83999b,
330345a2-1f29-4f34-b2fb-e60bb76a5628,b638bcdc-1866-4c81-83a1-5744d323011d,2e4f2bd7-6a1c-40b7-ab72-4c99134059a5,
ec667eaa-0340-49be-803b-594df4a152bf,b638bcdc-1866-4c81-83a1-5744d323011d,849276c2-523b-4e1d-8af7-355f356c2b62,
71095b60-7eda-4d7a-835a-96aaaa2db183,b638bcdc-1866-4c81-83a1-5744d323011d,88c8c7c9-a59f-4a7a-b007-20f22bdb5d73,
8e34b5e7-fa98-4e3f-a99c-ca9f15eb41ae,b638bcdc-1866-4c81-83a1-5744d323011d,8c414c47-663c-4acb-ba94-9be3c392cc42,
d8025686-708d-4209-b280-7199337bf927,b638bcdc-1866-4c81-83a1-5744d323011d,92d77386-f9bc-4be0-8376-eef2cba52468,
aaa5d2b2-ae94-435b-a1ac-278ec36060b4,b638bcdc-1866-4c81-83a1-5744d323011d,9ee5ec57-82c3-4cb7-8e9e-da5774334d9d,
6903cf51-bcee-4a6f-8e23-fc9af6ee1d91,b638bcdc-1866-4c81-83a1-5744d323011d,acea8a12-7350-4e44-bf26-f1944b419dcd,
c9fac983-c996-45af-8249-3ce041764cc0,b638bcdc-1866-4c81-83a1-5744d323011d,c8d02f6f-447b-49b1-a3a0-8ace100cabe0,
ac1a2516-99ad-4cc4-8a29-f4f59005cb10,b638bcdc-1866-4c81-83a1-5744d323011d,d7592f27-2f98-4f37-9e19-05010adede79,
88af4e8a-0e8e-4f29-bb60-c063fc0d840f,b638bcdc-1866-4c81-83a1-5744d323011d,e1fcfd1b-8232-4250-9cf7-5fdfd304b7d7,
11b30f3f-612c-46a1-90f2-61e38be03b6c,b638bcdc-1866-4c81-83a1-5744d323011d,e6e019ac-274c-49a9-95a3-135339100fee,
f98a0cb5-530f-4893-8e30-9f90b579d2a8,b638bcdc-1866-4c81-83a1-5744d323011d,f1f23689-3135-47b5-a45b-8e22c3b6584e,
57752ef8-d372-4e02-ade8-f3215a8d4def,b638bcdc-1866-4c81-83a1-5744d323011d,fb9ce3b1-5eda-43f3-8e3c-33532e7f42db,
2914a85d-2d92-4a63-b74e-02bdfb1e3094,b63c726a-1ae7-4d0c-ba64-d78aa32e5952,17e3f6cb-5b77-41ac-a26a-8338bc4a0223,
cde69449-51c4-4fed-9035-3d0600fe4a6d,b63c726a-1ae7-4d0c-ba64-d78aa32e5952,234b3f7d-e067-4af4-a41b-a079360cd10f,
28161087-ab14-4ba2-854e-7fcd0f11330c,b63c726a-1ae7-4d0c-ba64-d78aa32e5952,27c6f552-1167-4b7a-a0ab-6c289e08008d,
60bd2338-b833-470a-a5b2-fee347388c7b,b63c726a-1ae7-4d0c-ba64-d78aa32e5952,2df6bcdb-8528-41d4-a8da-3d862cdccc42,
2f1032ab-e5d2-4974-8021-31f7d8fc0e10,b63c726a-1ae7-4d0c-ba64-d78aa32e5952,3a11b989-dcfa-46a0-877f-c44681b91dec,
c8d8d8d2-6125-42ce-b759-5f5cd0d3ed44,b63c726a-1ae7-4d0c-ba64-d78aa32e5952,3bb8da3b-c8ec-4126-9164-124a7f70833d,
b3ca8687-de94-4572-9f70-69e64b08bc84,b63c726a-1ae7-4d0c-ba64-d78aa32e5952,402fa818-e766-458b-a1a7-5dca12654019,
d6c23e00-c488-4d23-a4ba-6edda15b3c28,b63c726a-1ae7-4d0c-ba64-d78aa32e5952,411c74df-3284-4b73-bcf4-afed50ccb3f2,
25929fa0-4033-402f-b2fc-b043c240ce25,b63c726a-1ae7-4d0c-ba64-d78aa32e5952,41d3448e-7cb1-4d0a-a77a-3ffa359603ff,
05e1dd2f-5216-4d5c-99c9-c9fac87e0f0b,b63c726a-1ae7-4d0c-ba64-d78aa32e5952,42d25aaa-adc5-42e9-8bdb-82cf0ee444f1,
cc454cd4-6d42-48b8-a68d-dc54149e0549,b63c726a-1ae7-4d0c-ba64-d78aa32e5952,483c0d36-f324-4d04-91f3-fc5714d29786,
2c386cbd-f037-4819-99af-72b73fa791c8,b63c726a-1ae7-4d0c-ba64-d78aa32e5952,4955dda7-15e0-4c5b-b677-96156518466e,
de7b58fe-8e27-4d46-a4cd-24f94e7d856a,b63c726a-1ae7-4d0c-ba64-d78aa32e5952,5cfc89f9-7839-42ab-9a1f-ce195b6232d2,
90d83e6f-0796-43f7-a518-a8c50b562b36,b63c726a-1ae7-4d0c-ba64-d78aa32e5952,5d4cfd3e-8794-4ee5-8522-8d35c79ef27e,
a19d369b-50b1-41da-a8b7-333ed48bebee,b63c726a-1ae7-4d0c-ba64-d78aa32e5952,640756d4-766a-4cfe-8b41-c766f8f16aa3,
9f36b567-2b2c-4d10-a1c3-681f768555ec,b63c726a-1ae7-4d0c-ba64-d78aa32e5952,7b7db3ea-d6b9-4f3c-90c6-ab3ed08a3794,
bedb3747-8e25-49c2-b388-92a27147ecb8,b63c726a-1ae7-4d0c-ba64-d78aa32e5952,948da9e8-e2b5-4be3-865e-1641da80c373,
591c2af3-fa32-4983-943e-ca8434f0c5ae,b63c726a-1ae7-4d0c-ba64-d78aa32e5952,b2887aaf-7ff7-4629-82fa-7c71230264d4,
bd2d8d23-f874-4637-830b-d8b92c338e09,b63c726a-1ae7-4d0c-ba64-d78aa32e5952,bcacaa7b-e98c-4202-809c-b0e0a9c310e0,
933a295c-fcad-4336-ae62-4f46574d176e,b63c726a-1ae7-4d0c-ba64-d78aa32e5952,c378309c-91a1-4097-b0e4-d3f76439aa02,
44041505-44ec-4ccf-bce1-0de9ea272b03,b63c726a-1ae7-4d0c-ba64-d78aa32e5952,c9806259-50a8-4119-9475-d4498c73ad42,
98f830cf-c1a1-48ac-916a-b606ff175418,b63c726a-1ae7-4d0c-ba64-d78aa32e5952,ca1909be-e66d-4904-aa43-5cf92a2e82a8,
fe63f13a-5bc7-45fe-b739-6658479544a7,b63c726a-1ae7-4d0c-ba64-d78aa32e5952,d5d63e50-da55-4349-a9fa-2b06c992b765,
3e219bc4-1349-42d9-a32e-ebd80e408854,b63c726a-1ae7-4d0c-ba64-d78aa32e5952,e2cf2486-f75e-4388-a52f-76f315f7f23a,
b87d4147-1047-4e3d-b368-49766dfe940b,b63c726a-1ae7-4d0c-ba64-d78aa32e5952,ea6353a3-d8ca-4555-af3f-ad3b594c1590,
dfc43361-6747-47c3-b88c-48967b08a100,b63c726a-1ae7-4d0c-ba64-d78aa32e5952,faab5d99-4971-4ffa-aa25-e6dff5cc086e,
084147a1-7da8-46c4-a657-c8ad94fb2df5,b64122ac-3067-48ed-b6df-6e1c4cdd8587,041798d3-5971-47f3-8f2d-906f9f935235,
fd22b768-9bf2-41df-9dfa-24c4bd5ff042,b64122ac-3067-48ed-b6df-6e1c4cdd8587,0ac1ac7c-aae3-409f-b755-57c1344cb936,
42e21d5b-3c27-42c9-84ac-03126d65430e,b64122ac-3067-48ed-b6df-6e1c4cdd8587,0c75482c-4818-49ff-9f2d-219d599897d9,
4e10938b-bdd0-4f8b-8d6c-8485ad12e446,b64122ac-3067-48ed-b6df-6e1c4cdd8587,1112f925-b6ab-4d11-baf3-d75412152aca,
be72cdb4-553f-4a34-9a96-f39168a3e701,b64122ac-3067-48ed-b6df-6e1c4cdd8587,2f1bb5cb-7ae4-47ef-bd6b-e55e8180e578,
5770edfe-ff08-4aa0-983a-5f04ae8747e1,b64122ac-3067-48ed-b6df-6e1c4cdd8587,43d636ce-8ec2-444c-ac3e-417f7927bb0a,
3219ab98-1968-4a69-9afd-be6ace600999,b64122ac-3067-48ed-b6df-6e1c4cdd8587,48b7ee1c-29f6-4f40-98eb-f159278303f9,
7ddcf3cd-143c-4707-95d3-4254e6c67bc0,b64122ac-3067-48ed-b6df-6e1c4cdd8587,49d99291-61c2-428b-9a64-c2c147beed45,
939d806b-8927-47b7-8462-e9e935ae73da,b64122ac-3067-48ed-b6df-6e1c4cdd8587,4b82fad3-233d-48e4-9009-0fbfece16f51,
742e4e18-c376-40d9-a6b3-55b553a0fb62,b64122ac-3067-48ed-b6df-6e1c4cdd8587,4ce19037-24dc-4c41-9917-c86f6d04a63f,
a3c8b7b4-8f3b-445a-ae51-ffb39d3af2b2,b64122ac-3067-48ed-b6df-6e1c4cdd8587,524e532c-07ad-4141-b31e-8c5c4c1c4ec5,
59c54a29-56f2-44d1-97a3-0d6468e2d830,b64122ac-3067-48ed-b6df-6e1c4cdd8587,5ed03114-aa22-49f8-a7d0-1b52d2369ade,
bde1dce4-5d54-482d-8243-e561f4a6632a,b64122ac-3067-48ed-b6df-6e1c4cdd8587,615c26fb-af50-4c66-8bea-e17c5360bd21,
996f6efa-4a1e-491e-8af2-d099b8069271,b64122ac-3067-48ed-b6df-6e1c4cdd8587,6354ec2e-18c2-4c91-ae7a-727c28cb4ae7,
fc1038d0-4d99-4a19-b9ab-e82cda5d434b,b64122ac-3067-48ed-b6df-6e1c4cdd8587,6d4e3b69-53b0-4c96-880d-f4911bfdadac,
24e8f2b2-59ba-4b42-9a30-5330ba5440ad,b64122ac-3067-48ed-b6df-6e1c4cdd8587,708f0134-ff2a-467e-af51-f75ecd03499e,
f6b633ff-e1a2-4b29-a4a1-1aca7f00ceba,b64122ac-3067-48ed-b6df-6e1c4cdd8587,736f6573-4bff-4f0c-83fd-1a6caa67aa56,
30d2e599-22ac-4aa6-a888-b2e519840fc1,b64122ac-3067-48ed-b6df-6e1c4cdd8587,7ceb23fc-f5c7-482b-a630-4229eb55a860,
1ede69c7-b3d4-44c8-bcc8-741709c1f5f6,b64122ac-3067-48ed-b6df-6e1c4cdd8587,7ed5f45c-4e83-477a-86fa-a5165fe51bd3,
df7c2be5-72fa-4b8b-abbf-6aea6756e4d9,b64122ac-3067-48ed-b6df-6e1c4cdd8587,88043275-a5fe-446a-87a3-88aecc61c9dc,
54e88c8b-9983-45b7-b403-7180c72fd32b,b64122ac-3067-48ed-b6df-6e1c4cdd8587,a6c52f7b-1941-410e-8e53-e0c638a114c2,
4939dda6-e1bb-461e-aad5-2858c9ebcefc,b64122ac-3067-48ed-b6df-6e1c4cdd8587,ab18d683-247d-48c9-9126-40f27d258908,
32bd1979-f258-45bf-a310-eb9a984ff7b7,b64122ac-3067-48ed-b6df-6e1c4cdd8587,abfbdf25-a83a-40da-b2db-f7c54f544991,
0548c807-9f00-468a-9aee-0001a9d9634c,b64122ac-3067-48ed-b6df-6e1c4cdd8587,cb77f8c5-c965-4891-81e2-aaace7efb6c5,
07ce764f-8dbf-4e6d-bcdf-07517a2abab7,b64122ac-3067-48ed-b6df-6e1c4cdd8587,cbb6c6f9-8050-4ecd-9cef-a1315a2a983d,
a150a135-ba75-43b1-bf4e-34bd6bee7cfb,b64122ac-3067-48ed-b6df-6e1c4cdd8587,d1abc92a-eaad-498c-b1a7-5518f1f61fdb,
5ca49183-31c2-4e74-805b-96b1ede1c621,b64122ac-3067-48ed-b6df-6e1c4cdd8587,dca2381d-64f2-44b4-bd39-2d90baf4c4dd,
f5acbcfa-aeae-495c-bb4b-47b26ebda30e,b64122ac-3067-48ed-b6df-6e1c4cdd8587,e868de2e-6b13-4a39-bbc2-364b7a6e8557,
f41c9872-1d81-40a0-b450-238968adbca5,b64122ac-3067-48ed-b6df-6e1c4cdd8587,efbb30d8-a0a6-4a99-a37f-420b62ff2921,
e4fd1a82-7d69-4d42-be2d-7eeabd939178,b77b81fd-a3c3-470c-acec-062ea36a4649,2f6d11ff-81e5-4844-aca9-8a98ea0836fa,
42dbd9db-8e52-4daf-93bc-042dcd468216,b77b81fd-a3c3-470c-acec-062ea36a4649,49d7ec6e-066a-4b59-bae2-6c436e19dd84,
46fb0c97-5b52-4759-910b-b162df748e1e,b7fc2ca5-2d40-4b15-8d4b-1df75ccc8cd2,38b4a495-e29f-439c-9ed3-0511318f3eea,
0aca2756-d8fe-4d38-b4af-994b490c22b3,b7fc2ca5-2d40-4b15-8d4b-1df75ccc8cd2,7d62a74c-d373-44c3-a86d-a2b883600e78,
9077cb98-09c4-4724-b1c7-6d480eedaa79,b7fc2ca5-2d40-4b15-8d4b-1df75ccc8cd2,b85bcdad-55c5-4ce7-937a-9650da3ff268,
04640b34-e917-492d-ad2f-b9375695176c,b7fc2ca5-2d40-4b15-8d4b-1df75ccc8cd2,dd8f5f13-c437-4322-b87d-067cd393e4f1,
58b04090-d93d-4555-b5ad-c87472e95427,b83c649a-fa3e-4feb-aa21-701f99a81daa,021ab92f-0eb6-45e4-8b76-a518bb196575,
03f833b6-7234-4099-bb4e-177e3bf22332,b83c649a-fa3e-4feb-aa21-701f99a81daa,024351e2-2181-4a52-8c22-615933f3b22c,
ca694437-4385-486e-a7e5-b7da39fbd037,b83c649a-fa3e-4feb-aa21-701f99a81daa,028c5d7c-c61c-4414-82a2-065ba28391ee,
61c389d2-83b5-4c2c-ab4f-37c784d68254,b83c649a-fa3e-4feb-aa21-701f99a81daa,0fe19f1f-16ef-4bf1-88c3-15cbb173c747,
23784873-4944-4792-82b7-68e7ce8eb305,b83c649a-fa3e-4feb-aa21-701f99a81daa,1bc23a1a-94c4-46e0-a923-9d0adfa3ce37,
3727e44a-da89-4f3e-b7e8-d34fd265e114,b83c649a-fa3e-4feb-aa21-701f99a81daa,22ebd420-0eac-4581-bac1-aab7d532c545,
e237cfad-d22f-40c9-936e-dedcfdbc8a23,b83c649a-fa3e-4feb-aa21-701f99a81daa,2990bc78-0a61-4b91-a144-80d9be63700a,
8a799bad-fdc5-4fbd-9800-6b0f42e3eabf,b83c649a-fa3e-4feb-aa21-701f99a81daa,2fd4d3ff-2e57-41c3-8c01-0eec02bbe2f6,
7a565cb6-dbe9-4a89-a1c5-26084102fcb2,b83c649a-fa3e-4feb-aa21-701f99a81daa,3d414537-f115-47e7-9d9a-3bc582da65c6,
374398cd-a0ee-4ae1-9e25-e363db767e48,b83c649a-fa3e-4feb-aa21-701f99a81daa,3dab5c79-d887-4def-8c02-13bc5eaf9559,
dd3d86f7-e1f7-4291-aa10-d0fc6bdcf541,b83c649a-fa3e-4feb-aa21-701f99a81daa,3e62ca25-2885-48b6-9e83-c4832e64246a,
980d8c5d-1285-4446-9130-2d5aa7ba2733,b83c649a-fa3e-4feb-aa21-701f99a81daa,3f4bf2bb-d87f-4460-b0cc-852af5626906,
2099ef2a-2ac6-4855-b89e-0542df349c5b,b83c649a-fa3e-4feb-aa21-701f99a81daa,4af465d8-b64d-43ab-8854-6d03b1f3ca26,
ceaba932-158a-4bbc-89fc-4b9381993dfb,b83c649a-fa3e-4feb-aa21-701f99a81daa,4dde3fb8-8e67-4f43-a0d0-2038dc0d9227,
b54f0cda-6d05-4fbb-bfe0-8594a03fccd3,b83c649a-fa3e-4feb-aa21-701f99a81daa,4e02126e-f85d-4c6b-8c84-837bbee04c59,
f150114c-e55a-4980-9a29-d9f5858b6210,b83c649a-fa3e-4feb-aa21-701f99a81daa,563fd636-10b7-43b4-ad44-c0cd2d40abd2,
53fd7150-4a4b-41cd-8738-03d9d272b9dc,b83c649a-fa3e-4feb-aa21-701f99a81daa,5b06aebe-7510-4f5f-b8f0-92e9b9dea321,
8761474c-a1fe-4c53-ab6d-52916cb9d827,b83c649a-fa3e-4feb-aa21-701f99a81daa,5fa9ad7f-71be-44e6-b0ec-c9908f1c5716,
a938fca5-bff7-4144-aa69-bb9161009afc,b83c649a-fa3e-4feb-aa21-701f99a81daa,73137e02-ca85-48db-b4b6-7612998cfc2d,
cc72505e-2a66-4a24-ae5c-d99fa2d305b8,b83c649a-fa3e-4feb-aa21-701f99a81daa,732cb60a-ce94-4e82-9e39-e5dff5b20014,
db6f65fe-9223-419a-b0e4-6ddd0bf2911c,b83c649a-fa3e-4feb-aa21-701f99a81daa,78a84155-6869-4872-8559-36e97815a3af,
f25b8f86-9d91-45fc-8355-8311e5220555,b83c649a-fa3e-4feb-aa21-701f99a81daa,78b0df6d-ec12-40f2-aa22-fe29bf27b24c,
6e3c8ece-7856-442b-aea9-cfc5d0eccc3c,b83c649a-fa3e-4feb-aa21-701f99a81daa,7d2963ce-0f7a-4a82-bec9-4f71ba8a04f3,
44798532-c45b-437a-9e80-e27f35da1b6a,b83c649a-fa3e-4feb-aa21-701f99a81daa,7e06b617-b6bb-4404-aab6-57650ac874b0,
110818b6-d748-4396-be44-0a91107a35c5,b83c649a-fa3e-4feb-aa21-701f99a81daa,7fe0455b-5dc9-46ff-b5ca-45b2d7e8814a,
38633b7d-6653-473a-b202-44f2c394f001,b83c649a-fa3e-4feb-aa21-701f99a81daa,88c9a6db-b863-4906-b8c1-cbf8ea4a86d5,
1bb223ad-65f7-4117-954c-5cbb651e6a9c,b83c649a-fa3e-4feb-aa21-701f99a81daa,8ca3a082-91bb-483e-afc7-24541fc4c7eb,
3abb20f3-e3a5-45e1-9297-74b24e9ed138,b83c649a-fa3e-4feb-aa21-701f99a81daa,8e543644-d733-408e-bd5f-179ccc49d972,
f2d06978-fb63-4401-9ebc-e62e0a5c9505,b83c649a-fa3e-4feb-aa21-701f99a81daa,90899414-49c6-4733-baad-f21a676d4982,
ac15c05e-5e16-438e-b457-69b9e8f03cea,b83c649a-fa3e-4feb-aa21-701f99a81daa,92dd6ad7-02f8-4fa3-ab4c-892172d135ce,
7263dab0-d369-4ae7-ba5b-4d8d5664d270,b83c649a-fa3e-4feb-aa21-701f99a81daa,954d1ea5-12de-4108-9e03-ab9ee9bf02b4,
3a98d3eb-41e6-4c55-8cd3-a1d54a891820,b83c649a-fa3e-4feb-aa21-701f99a81daa,9fcc6177-8b5b-4000-a8e8-45cf950f2d4a,
5b4689ef-325a-4ff5-a146-08bedecebf12,b83c649a-fa3e-4feb-aa21-701f99a81daa,a32b6234-43a2-41bf-af80-dc519f10d06a,
0161124d-2df7-48ff-b4da-658e81fedbe6,b83c649a-fa3e-4feb-aa21-701f99a81daa,a5969719-259f-40b0-836b-ca5c3f4fd015,
020402ac-031f-4bc5-a018-f2b4a91843cf,b83c649a-fa3e-4feb-aa21-701f99a81daa,aac8bbc4-0e2c-46a8-9d2d-b2c3d85bda2c,
b3e09da3-38af-4621-b4e9-e9c13d4da75c,b83c649a-fa3e-4feb-aa21-701f99a81daa,ab43d015-c82f-4040-9f13-3f1ccdc0517d,
73a08418-410f-49a8-b30b-56805d2b8b7a,b83c649a-fa3e-4feb-aa21-701f99a81daa,b3945a1b-62cc-4f3e-be35-c6476d9fda5a,
53640c35-4dce-4848-ab5f-eb568a795d3b,b83c649a-fa3e-4feb-aa21-701f99a81daa,b92d7129-b68e-4cda-8f37-e1c59c6c66de,
8638cbc1-1d09-4082-a58b-871cd9fdd2a7,b83c649a-fa3e-4feb-aa21-701f99a81daa,bedc9580-26d8-4296-87e5-88a7540d8b15,
e0d81a21-44cd-4235-ac70-921e84ad5ef7,b83c649a-fa3e-4feb-aa21-701f99a81daa,c4761e9d-8486-40a1-aa95-5267bfb4377e,
fdd2f645-c2d9-4e6a-bf3d-a30a0d66a045,b83c649a-fa3e-4feb-aa21-701f99a81daa,c96c55d3-611c-4283-9a63-9c4b675db40b,
c1aa21f3-3cdf-4483-a8b6-60c036baec3b,b83c649a-fa3e-4feb-aa21-701f99a81daa,e34b48bd-b87a-4391-8e93-97114e6b2ef2,
38d58495-4bcb-45f0-ae82-959344c893f3,b83c649a-fa3e-4feb-aa21-701f99a81daa,e3592784-92e8-4d82-9cf9-66c4055271a6,
20704a8c-f5c3-4605-aed5-6af4192e6169,b83c649a-fa3e-4feb-aa21-701f99a81daa,e444e64e-f2e9-4f43-8b9d-c946a28738c4,
2d56b997-3fd5-4ed6-b6c7-68167722462b,b83c649a-fa3e-4feb-aa21-701f99a81daa,e5b56667-6f40-4e9f-9a46-75b0fc2a2e9e,
292c5576-f1ff-4555-8ae5-5dd75d2b2c01,b83c649a-fa3e-4feb-aa21-701f99a81daa,eacf8d84-481d-4d12-9447-1b2d0a35d1e9,
c3a735db-d31c-4ffb-9be1-8f8e6c16a094,b83c649a-fa3e-4feb-aa21-701f99a81daa,ec066cb2-12a9-46e0-980f-1b25a41accbf,
e7ad3485-7fa7-42e6-961a-2667da35d080,bacc382e-ca60-43e3-a305-78f588cca769,b4afc0ff-4ce5-4dad-a0bf-b8caf0cab2f3,
2fffc225-8791-4fa2-896f-1fc92314caeb,bacc382e-ca60-43e3-a305-78f588cca769,d30d946e-4c3c-4a90-b208-4b37d4dd73fa,
8a3ecfb0-2fe6-4f4a-b765-37aafe7a9b37,bd1af73f-6a11-426c-a2b9-c912f053db4b,46139794-e82f-4ee6-a1e8-a366a039d08b,
369a0043-31f4-4064-addd-ac41c8921cf3,bd1af73f-6a11-426c-a2b9-c912f053db4b,6d0e1c39-0fdd-4267-bebe-573214dbb5a3,
c1fbf778-cebe-4ab0-a181-fa51a73d79f3,bd1af73f-6a11-426c-a2b9-c912f053db4b,7a49dba2-bac1-4666-b246-fabf85aa3830,
734667a4-3032-4fb9-8d1e-29943fbf83a6,bd1af73f-6a11-426c-a2b9-c912f053db4b,809a952e-e94b-4b1d-af1c-0814cfb98436,
49eab26f-5bfa-4044-8eb3-644e1723a6d4,bd1af73f-6a11-426c-a2b9-c912f053db4b,94859ca2-0e56-402c-a907-4d8054bcadfc,
b3ffb48a-3874-4524-8fa0-d3eac96752d9,bd1af73f-6a11-426c-a2b9-c912f053db4b,b5aba977-70b2-4114-8279-2dd821958d32,
e24ddbd8-38d3-451d-8b41-926cc1fc99b8,bd1af73f-6a11-426c-a2b9-c912f053db4b,bd836b33-ace4-4197-aed8-643bfd37d27d,
7c7785e4-b01d-4ec7-a9ac-56ebb1b65fa8,bd1af73f-6a11-426c-a2b9-c912f053db4b,cbc6c225-8319-4289-87e7-1faae780b18f,
c705ca3c-eba5-4a08-b66d-c4717bafb569,bd1af73f-6a11-426c-a2b9-c912f053db4b,cd76166c-10c6-4cd9-88ee-9d6b224c656c,
c8400a21-c5f9-463e-9c47-6f3cd3ff7548,bd1af73f-6a11-426c-a2b9-c912f053db4b,f59eb797-3986-4b3d-90f1-d24c87e36afa,
1b5cc177-2431-41b6-93fb-c30059f1b99c,bd1af73f-6a11-426c-a2b9-c912f053db4b,fca4f73c-19dd-474e-860e-e79418d34f30,
0efadec3-548b-4761-a3d1-bc1f403fac52,bda24ca7-524c-4845-a6b5-cffd9b00555e,0e54de5a-d13c-48dc-9783-44a761ca6e44,
96b3ce45-59d4-4933-800d-02e0565e7ecc,bda24ca7-524c-4845-a6b5-cffd9b00555e,10b1bc5d-0f22-4331-ba8f-c3607281c716,
ece620de-9df9-4755-abfa-d48a46369a04,bda24ca7-524c-4845-a6b5-cffd9b00555e,122e265b-3b1f-4c2d-b533-cf1f12dd570e,
2136a30d-8f56-463f-898a-1825b2413e4a,bda24ca7-524c-4845-a6b5-cffd9b00555e,15624f06-2182-4dd9-958b-1ab2b8fc7aeb,
405e5843-86ef-4e5f-acb7-ac6927c81537,bda24ca7-524c-4845-a6b5-cffd9b00555e,1db4a9da-f9b1-44e8-96ca-cbb1abae75d2,
df64ce92-64c1-4fd5-9084-6ef33ad6189b,bda24ca7-524c-4845-a6b5-cffd9b00555e,24af5921-806b-45d5-b5e7-41a511436d4b,
efda6eef-e18b-4ed8-ad67-14b987b3006c,bda24ca7-524c-4845-a6b5-cffd9b00555e,28ae77c5-af8b-46fb-9886-c7db3c6c282b,
973b06a9-9777-4657-9c0e-17b95a0c403f,bda24ca7-524c-4845-a6b5-cffd9b00555e,28c0c80d-2054-4fc4-9262-905a7d7d29e8,
373d8a4f-949e-468e-bc9e-b315cb767aaf,bda24ca7-524c-4845-a6b5-cffd9b00555e,3260b1ce-a7de-408b-b9b4-fc34509850f0,
89e4ac35-7a42-452c-a239-7a0f15b7dd55,bda24ca7-524c-4845-a6b5-cffd9b00555e,34b59a08-693c-4acd-80df-8a594dc16f70,
9ff6f17b-132a-403a-af63-5356ce4b4e42,bda24ca7-524c-4845-a6b5-cffd9b00555e,36b3fd19-cd01-41f3-9e38-8add3d3be0e6,
e5416eef-afcb-44c7-9cea-c41a0bb7e53a,bda24ca7-524c-4845-a6b5-cffd9b00555e,38ebecc3-e744-4752-9c1e-5989d6f9fb5b,
f74b732b-99b3-49ba-bf45-0501b287e141,bda24ca7-524c-4845-a6b5-cffd9b00555e,411d6f61-aa89-4f47-a028-a1a865d60314,
cf001ade-b56f-454b-9c8d-cf89316734f6,bda24ca7-524c-4845-a6b5-cffd9b00555e,4169002f-59cd-4033-834f-6e913efa5bb9,
d6377662-3ccf-4721-b9ee-323eb3f9a969,bda24ca7-524c-4845-a6b5-cffd9b00555e,4641287b-c26a-4f43-aad7-09fff3b347c2,
6171600d-4de2-4ef0-b8fe-2f278e164f01,bda24ca7-524c-4845-a6b5-cffd9b00555e,48690afd-f74e-4b3f-87d3-e3ffd9b1a694,
14759c7a-0281-47d8-acfc-3811c6586ee4,bda24ca7-524c-4845-a6b5-cffd9b00555e,4c971766-b835-45f2-857b-8ecfa06b844f,
c3b089f8-f1d9-4050-8f9d-a2b243f6292e,bda24ca7-524c-4845-a6b5-cffd9b00555e,53b06f75-afb2-4ffd-b8fb-fa332db5699a,
1f168dde-004d-46a6-8caf-027883401110,bda24ca7-524c-4845-a6b5-cffd9b00555e,58d2fcd2-d197-421d-b852-be2cea2ecedb,
b80f4abc-3cd9-4d22-8cff-084ef1ddf47e,bda24ca7-524c-4845-a6b5-cffd9b00555e,5c675905-f762-4a45-ab20-61ddef15e2b9,
8ef7061b-bbd6-415d-9b94-b99987370562,bda24ca7-524c-4845-a6b5-cffd9b00555e,5e9f0d0f-12e6-4856-8bb1-b446f2da7f6e,
7ce5c663-d2d2-419d-89d8-d579c0786524,bda24ca7-524c-4845-a6b5-cffd9b00555e,5f159cf2-64f1-4f7f-8b0f-124dd52b8d6f,
57e4678c-9360-49dd-aa0a-862b09925a4a,bda24ca7-524c-4845-a6b5-cffd9b00555e,62cba319-4b90-4be2-b3fd-ef144ca33a24,
4155f1a2-c2bb-45f9-89e6-22e868fbe4ec,bda24ca7-524c-4845-a6b5-cffd9b00555e,7180dd2a-d006-480c-a186-0096dbb5ad5f,
3bcd7f63-8dd4-4acc-a60b-06ee2576fd14,bda24ca7-524c-4845-a6b5-cffd9b00555e,74950f20-8a01-4d2a-8dfa-543bab05c10a,
94e3c28a-48d3-45e2-b7ad-ab36c931b61d,bda24ca7-524c-4845-a6b5-cffd9b00555e,751b0f71-c76b-49c1-9128-3166e66d3d50,
c50740be-7c7a-42fd-bd06-c0f78e5a2d93,bda24ca7-524c-4845-a6b5-cffd9b00555e,76ad13f0-b2e8-4bcb-8929-37ebf8a5b5b5,
f790cec3-2db2-4ec8-8408-9a554cec34f2,bda24ca7-524c-4845-a6b5-cffd9b00555e,784a9aed-9047-427f-a290-6df9e5340037,
420c8637-15f7-4c97-82ba-cf93b4621ec5,bda24ca7-524c-4845-a6b5-cffd9b00555e,793474e1-149c-43a9-8602-d57ef4860cc9,
293248d9-931d-4a05-976f-62780aef3c17,bda24ca7-524c-4845-a6b5-cffd9b00555e,7e18ad56-2fe0-4d07-aff4-f550f2bb69c8,
fe404061-412c-4e4a-966a-67ac05e4371f,bda24ca7-524c-4845-a6b5-cffd9b00555e,7f1fa855-a4e0-45f0-b559-b1b8801ae1c4,
b4319a54-0aaa-4716-928e-cc0bd989063a,bda24ca7-524c-4845-a6b5-cffd9b00555e,8ad8fa34-ca5a-48a4-b4f2-23637bffe046,
221cba81-ae5a-42b3-ba3c-a4dde99d0f85,bda24ca7-524c-4845-a6b5-cffd9b00555e,8fe328d0-1ef2-4809-a148-3bf5c3c3132a,
eb821da7-c15b-46fa-b1fc-9e4b37e455dc,bda24ca7-524c-4845-a6b5-cffd9b00555e,9300adca-a728-488b-a268-2ad6f52fb8b1,
4c779813-9564-4f77-8ea9-063837e92d66,bda24ca7-524c-4845-a6b5-cffd9b00555e,9628b357-6d5d-4d29-b725-e4c69176f348,
c793f834-71fb-4312-b5b9-21cdafc1991b,bda24ca7-524c-4845-a6b5-cffd9b00555e,9653a9bb-eb87-4df7-8640-51e8ef425fa2,
4cdff095-2aa6-4830-a169-1c68f63edcd6,bda24ca7-524c-4845-a6b5-cffd9b00555e,96701b67-cb0e-4f0b-80f7-5dc34e048759,
6fe1a211-7a40-486f-8a8d-7e26db21b78f,bda24ca7-524c-4845-a6b5-cffd9b00555e,96a6c618-d3c8-479c-a97f-1fae31590c06,
e2b4aaf2-9fde-4946-82b6-4b586c9a636d,bda24ca7-524c-4845-a6b5-cffd9b00555e,99257bd8-86eb-4282-8413-5daf19cd51e5,
4e776d95-c922-4cce-a755-fcd19ae91981,bda24ca7-524c-4845-a6b5-cffd9b00555e,9ebfedd9-b714-49ab-98dc-cfcedcaf1b91,
6613f660-b3c0-41bb-880d-155973ba4fd5,bda24ca7-524c-4845-a6b5-cffd9b00555e,abc44bae-c2d6-494a-a3af-49287b17f89b,
cbbcbd4b-5ed9-4643-bbf4-c350f2517839,bda24ca7-524c-4845-a6b5-cffd9b00555e,ade813e3-b407-4864-a0fd-80d8b9ee430b,
75158f05-a64d-4c91-bbf1-1328e501d310,bda24ca7-524c-4845-a6b5-cffd9b00555e,b1a058cb-0e1f-410d-bcfe-ddb6849224c5,
07bc50aa-e9c6-40ed-a49c-c6bfd1ee9ed5,bda24ca7-524c-4845-a6b5-cffd9b00555e,b8d31c05-01e2-492f-95c5-9246bc501d22,
905ff12d-f2ee-44ad-8031-c4194b6723e3,bda24ca7-524c-4845-a6b5-cffd9b00555e,bfaee0aa-a2c2-4205-ad54-d84d5f472d4f,
b77561bc-ea69-43c0-904c-99b072423bbc,bda24ca7-524c-4845-a6b5-cffd9b00555e,c3943755-6e22-4465-a475-02df0fa921e4,
5d305847-04c7-434d-aed5-e06c14c3b809,bda24ca7-524c-4845-a6b5-cffd9b00555e,c3e8b60e-0eec-4226-b365-e289c6aa2b05,
d7022992-bce6-4029-a0db-8a28f463857e,bda24ca7-524c-4845-a6b5-cffd9b00555e,c50f264d-3bf2-4ea1-ad4c-2162eda9b7ab,
46aaaa39-d2a8-43f6-9ba8-5d5753b8044b,bda24ca7-524c-4845-a6b5-cffd9b00555e,c523ebef-3c26-4a4c-87dc-d0d934f4a273,
ed0608e2-596e-48f3-9833-c7a7d4418aa4,bda24ca7-524c-4845-a6b5-cffd9b00555e,c6d29ab7-90a3-4c9f-be50-c5b43d374bfa,
56f597be-3090-4c29-a0bb-f6300b293ffb,bda24ca7-524c-4845-a6b5-cffd9b00555e,cae3b53c-3edf-4744-a831-c04ff20e7492,
6e8733f5-5fb1-46d5-bfc5-46d371539ff6,bda24ca7-524c-4845-a6b5-cffd9b00555e,d4d87e15-5acb-4c81-8b13-fe732fab5c32,
ca895d75-11d9-4912-9e63-a80794b2193f,bda24ca7-524c-4845-a6b5-cffd9b00555e,d7ba6801-ed66-4a32-8dfc-585b38fa1df7,
34043b6a-a7ed-47ba-a5aa-c9dbdc846985,bda24ca7-524c-4845-a6b5-cffd9b00555e,dc7a637b-88e9-4402-ace0-80524f057007,
b3206b1c-ef85-4b46-9e20-6d02ff2574c4,bda24ca7-524c-4845-a6b5-cffd9b00555e,e609549e-094f-4413-9acb-75b775e43858,
b776363f-0319-47c3-98b8-64743b181927,bda24ca7-524c-4845-a6b5-cffd9b00555e,eb33ac8e-05d5-4244-aaec-b45dfe3781d6,
a80139f6-7a17-49a8-bcea-34984369456e,bda24ca7-524c-4845-a6b5-cffd9b00555e,ed97b821-7cad-43a0-ac2f-1511ef1bbfae,
417881e6-4a4e-4263-9b90-40a0d4e5ee3c,bda24ca7-524c-4845-a6b5-cffd9b00555e,f302c941-c7cf-4d03-a4aa-e162e4843a00,
0708d152-aebc-41d5-abb9-f7530263080d,bda24ca7-524c-4845-a6b5-cffd9b00555e,f35ca550-ecc9-41c9-a4dd-d767386e8e5d,
45e69588-d584-43bb-989e-afe233aa26a7,bda24ca7-524c-4845-a6b5-cffd9b00555e,f59677bd-63d3-44a7-9d3b-961980fa19ba,
1a316ffc-2aca-4fe9-b021-acff8820ff92,bda24ca7-524c-4845-a6b5-cffd9b00555e,f5e2fdcd-521b-4920-9caf-798cfd9f3c56,
eb96f252-9463-44ee-8cca-4181dc603a94,bda24ca7-524c-4845-a6b5-cffd9b00555e,facc2a72-959c-4307-819f-c23d5d0c19d6,
6a032680-e346-4a9b-b942-265e71fdf57b,bda24ca7-524c-4845-a6b5-cffd9b00555e,ff180e70-190c-4ba0-8e97-51cf2f1b41c5,
75ecd544-82b0-4822-8bda-683520c789f5,bda24ca7-524c-4845-a6b5-cffd9b00555e,ffa15c29-e832-4131-9048-4fe1bd464ac2,
a4f9cc64-145f-4235-900d-7e4905f3c756,bda5213a-02c4-452c-9ca6-2c1356e1424b,5d3a5693-ba08-4dab-b937-c8b77cb5e3f9,
2c45715a-8a78-4469-ae03-95d443e3ee67,bda5213a-02c4-452c-9ca6-2c1356e1424b,6bebce45-6ae7-44f4-a933-143d763a26a8,
f6ac3554-48bb-4ced-be03-e13a32cdad13,bda5213a-02c4-452c-9ca6-2c1356e1424b,7ba0b3db-acfe-4c6b-bb25-0d73a4a4a988,
61579b86-6984-4e1c-a1b7-c66b8841a0db,bda5213a-02c4-452c-9ca6-2c1356e1424b,7f15b0ba-261c-446f-8696-1d27af03b0a3,
340e4bea-3a3c-47d8-b0c4-11802a0b7037,bda5213a-02c4-452c-9ca6-2c1356e1424b,b88fc3f4-072e-470a-ba01-474b04f12a52,
6e3cea45-0f15-4d01-b36d-2c8175d01b8f,bda5213a-02c4-452c-9ca6-2c1356e1424b,e4770172-7a73-49e3-a5f9-568786252a01,
287285ea-1512-4f05-a974-5d7663f21f77,c00a15c7-1903-42ff-a055-5851e0558a86,13abc38c-ec0c-415f-8153-cedf01d3068b,
71e836f4-0281-4e4e-baa8-3888a59965cd,c00a15c7-1903-42ff-a055-5851e0558a86,25c0d83e-f42d-4ca2-9723-7873b9d7579b,
2e90eef8-9e11-4d41-ab27-b359b228ecdb,c00a15c7-1903-42ff-a055-5851e0558a86,52ebcd5b-6dba-4726-be26-856151e5cec7,
78825501-ef81-4492-a7c3-4a96b7a5a29c,c00a15c7-1903-42ff-a055-5851e0558a86,569916b1-076d-4f78-848a-d38c6c0079c8,
45e762f6-da73-4a19-b401-9809856a0049,c00a15c7-1903-42ff-a055-5851e0558a86,97b133fb-8c0c-45a1-ad76-f8c7b3d8996b,
43eaa118-e38a-44bb-aa52-18cf7345b763,c00a15c7-1903-42ff-a055-5851e0558a86,d106f7c1-2da7-42dd-87e5-e6a35b2c2952,
d493db27-66a7-4fae-b693-287de4bc5069,c00a15c7-1903-42ff-a055-5851e0558a86,ee5bec63-945c-418d-9399-54908f058df7,
30042b08-7c0b-47c9-8c3f-7a59163d10da,c15fa9e4-4108-4171-89df-9c485aacc05c,2ed68e23-37bc-4f3c-9cbe-f6674e06114a,
cc185caf-df1f-4495-80b9-b57dde848be1,c15fa9e4-4108-4171-89df-9c485aacc05c,46c945be-7c47-44cb-9710-c842e2dedeb4,
8126cd41-4279-4a04-a692-6f735a98ff3d,c15fa9e4-4108-4171-89df-9c485aacc05c,97873091-9d84-4414-829b-9799b975dd55,
81d3b47b-d2cf-4f03-b1ad-24bcf352c097,c15fa9e4-4108-4171-89df-9c485aacc05c,a254f86f-5b93-47d6-9bb4-4ddb14635ffe,
401e77fa-cb6a-491b-8dee-e8b196bc8624,c15fa9e4-4108-4171-89df-9c485aacc05c,b9745c07-9c21-4d15-97af-d264c7ea055b,
86e1660c-4421-453e-90a6-14ec19a68336,c15fa9e4-4108-4171-89df-9c485aacc05c,bf356547-f22f-47b6-974b-44ed993e7d49,
2c14b460-5795-4e55-8291-a426812b8980,c15fa9e4-4108-4171-89df-9c485aacc05c,c3906478-5c47-433e-9841-b3c4f37ec031,
ecb3e051-6ec9-4daa-a97a-53c1bc237ee4,c15fa9e4-4108-4171-89df-9c485aacc05c,d7f5a768-7345-49ac-a6ae-9f7fa6259a5b,
d15f48fb-ab87-427c-82b3-c003824ef0c8,c2e52622-63a7-46ad-b788-ca646e709843,05dabba0-ba62-49e5-8337-9ce6c5c84774,
d23c9f7c-2196-4e49-bf09-0821c07001d8,c2e52622-63a7-46ad-b788-ca646e709843,496eb233-edbe-42ae-b895-10488d250110,
ef8fc03f-f90e-4ac5-889a-01ef6d2c40a5,c2e52622-63a7-46ad-b788-ca646e709843,632aec8b-1515-44ff-8978-305d93241e0b,
6fe98103-0d97-44e5-b3f7-a133acab51f8,c2e52622-63a7-46ad-b788-ca646e709843,70f91fe7-66cd-42ff-8a8a-ebd44e7c5ac3,
26cc8f79-ed93-49aa-b236-a5e2a6febb4b,c2e52622-63a7-46ad-b788-ca646e709843,a5cbd344-06ec-481a-a170-78033d088beb,
7381d555-480d-4b8c-99e1-fd6d017561ba,c2e52622-63a7-46ad-b788-ca646e709843,ada161e9-b4ca-4abc-8193-caced597270b,
79282a31-80a7-4484-b006-88d63dcb3a75,c2e52622-63a7-46ad-b788-ca646e709843,b185f86e-cefd-477f-93a7-c84552e02d13,
1acc67df-5c72-4d4b-932b-957ef381158f,c2e52622-63a7-46ad-b788-ca646e709843,b797eb77-0558-43c6-8b40-8b742f376248,
f0e8c4cd-86f6-40ee-b2ed-69c5b0a44062,c2e52622-63a7-46ad-b788-ca646e709843,d9e271d1-d146-43f5-875c-91a7b1e6b77c,
11fcba41-f452-4794-a035-2579612a980e,c2e52622-63a7-46ad-b788-ca646e709843,de51885f-91e8-4050-938a-d632a61e957b,
52071221-0ccf-47fd-9a65-66d140ee3605,c48d3dd1-e9cd-4c63-ba79-e09be73521de,05c33f2f-7cea-4e89-a5e1-bef796e8f3ed,
637ab306-eb3b-4048-b9e4-d3c13740a9d1,c48d3dd1-e9cd-4c63-ba79-e09be73521de,0b2f89df-92ce-4b60-ae81-750c83bca112,
d41b4e26-a2c8-4035-8798-e34fe3cacaf0,c48d3dd1-e9cd-4c63-ba79-e09be73521de,16ebea77-be0b-4ae9-87f1-55c7e86a9e53,
c8986492-fac3-40be-a1a6-57cad14fd485,c48d3dd1-e9cd-4c63-ba79-e09be73521de,18b255fb-3ca2-48a4-a924-ddc75da96ad9,
e2790632-8bdd-49c7-8230-68269b9378db,c48d3dd1-e9cd-4c63-ba79-e09be73521de,19cbe56f-824c-4e36-a5a7-fcbcc93795ef,
f7d07d39-e884-4e05-8f08-f32c20739499,c48d3dd1-e9cd-4c63-ba79-e09be73521de,1a490d10-11f4-45d4-920e-90818c10f9dd,
3f21f1b1-3e55-47f5-bc36-900ac350f29c,c48d3dd1-e9cd-4c63-ba79-e09be73521de,1bd08b4d-d98b-4911-a5b3-3b063c4e9a51,
9d0e6073-4856-4b22-954d-853bc00433de,c48d3dd1-e9cd-4c63-ba79-e09be73521de,2bf105ca-7f22-4a25-9788-da4f55f0a9e3,
c1830e93-2c3c-4966-b8f9-654679bf4de6,c48d3dd1-e9cd-4c63-ba79-e09be73521de,32476c1c-374e-4966-97cb-9d48af2961d0,
1a1c548a-cdf4-4b01-aad7-5329824fdddb,c48d3dd1-e9cd-4c63-ba79-e09be73521de,49a7d763-881f-4122-a843-07fe3bdb78d3,
20a33bbf-c519-4541-8c06-915a3a972f83,c48d3dd1-e9cd-4c63-ba79-e09be73521de,4a7800b8-aa4d-4765-b350-decb547b4ac4,
3e0aa6e4-43e8-4fd4-b1b9-cfe3a8280602,c48d3dd1-e9cd-4c63-ba79-e09be73521de,50446115-42c0-43b6-a275-5e1bb9ad46e1,
7e2f74f4-879f-4d49-966d-8ad211a43371,c48d3dd1-e9cd-4c63-ba79-e09be73521de,59a9cce3-4d8e-4b9c-bd0e-e2d095d186f6,
4acbb028-50c5-4925-af97-c8cf92032c61,c48d3dd1-e9cd-4c63-ba79-e09be73521de,5a599c4d-52c2-4b15-932d-f4227acdcf99,
3d92931f-bfc6-47bc-b58c-5ea5d2aade6c,c48d3dd1-e9cd-4c63-ba79-e09be73521de,5d5423c2-c837-4e70-a11b-88c49e97c2f3,
439296d1-abd7-4cb9-830f-43ed327be5d0,c48d3dd1-e9cd-4c63-ba79-e09be73521de,6d4fbbcd-6165-4e52-9b64-8ea00468d43e,
a53ce4c9-1b49-49dc-a3b8-14b2cc1782f9,c48d3dd1-e9cd-4c63-ba79-e09be73521de,6ea947a5-0b04-4286-ba7d-4f4fe162ab28,
574a6b03-871a-4d4c-86f0-ac20465df3cd,c48d3dd1-e9cd-4c63-ba79-e09be73521de,85c601ea-e877-4e3b-94d5-e9b849eec475,
b9d3525a-c506-406c-a322-de86629df0c6,c48d3dd1-e9cd-4c63-ba79-e09be73521de,8ff4c322-b925-4ee9-8145-72e6a81a2221,
8a8315b6-208a-45d5-b89d-20efcb0f8d0d,c48d3dd1-e9cd-4c63-ba79-e09be73521de,a25ab2b5-b2cc-45e9-b25c-c1ae908b80d2,
7f309662-6111-4860-ac39-96fe21de0f71,c48d3dd1-e9cd-4c63-ba79-e09be73521de,a4030b16-d7f3-4df1-8820-a0b125366f6b,
97b06726-7555-46ac-aff7-f9037e332c70,c48d3dd1-e9cd-4c63-ba79-e09be73521de,a64d25eb-7803-4a8a-bd58-2859c6baf88e,
fb3b01a0-3788-4a3d-8b92-877f3655eb3b,c48d3dd1-e9cd-4c63-ba79-e09be73521de,b2e918f4-2e3b-4b07-a807-7707b925eb9c,
e75b0511-6b5a-44ef-bb63-bb38054a735e,c48d3dd1-e9cd-4c63-ba79-e09be73521de,b33f1c08-7001-4a80-a808-a1d025c6d62f,
618e4ddb-23ed-4fac-9688-3762f7b9eaba,c48d3dd1-e9cd-4c63-ba79-e09be73521de,c00a3f92-7ebc-4726-b723-f339315629a0,
4509b82b-1ec9-440d-ab92-194a3df3d70f,c48d3dd1-e9cd-4c63-ba79-e09be73521de,cf491973-5d89-4eee-bc33-9ae2557a815a,
873a2be7-8980-467d-92ed-bb1aeeb7fe09,c48d3dd1-e9cd-4c63-ba79-e09be73521de,d8fdebca-a328-43ef-baaf-4446cf8b9308,
04246e36-6162-482b-bcbb-4c896e65598e,c48d3dd1-e9cd-4c63-ba79-e09be73521de,de6f0f8b-7726-4ad3-b9a8-cb4b2936bf1f,
2872fc54-3348-492f-bad7-d7d501434784,c48d3dd1-e9cd-4c63-ba79-e09be73521de,e0c97838-1375-42b5-8e86-79bea583d6f3,
0840f55e-b09e-4b11-8415-d2062563e534,c48d3dd1-e9cd-4c63-ba79-e09be73521de,ec2f8b92-0b06-4a52-8654-e227dbc26c4a,
e4152ba3-5090-42b3-87cd-da623934f5c2,c48d3dd1-e9cd-4c63-ba79-e09be73521de,edc9fc56-40a4-4ac2-a1c3-af1a37176d43,
0a6aa730-002c-49d0-877a-528480469519,c48d3dd1-e9cd-4c63-ba79-e09be73521de,f4c73cb1-54da-47a4-b18f-69e5cb5fd21f,
4613acfa-1559-4ce3-84af-4c1e2eedc298,c48d3dd1-e9cd-4c63-ba79-e09be73521de,f60c3c46-995a-448b-9135-44724d97b468,
d12953ca-fe58-47b5-8595-3cb9c384cfc5,c48d3dd1-e9cd-4c63-ba79-e09be73521de,fa63eb8e-789e-47fc-92ec-46c2120d7298,
27dd1f56-2c16-4490-ba1a-f4a0055e9d83,c48d3dd1-e9cd-4c63-ba79-e09be73521de,fd58deb0-e223-4b0f-ba22-1f2c7a4581e3,
eff62121-aa15-43f1-8ce8-b46a438dbaa3,c48d3dd1-e9cd-4c63-ba79-e09be73521de,fed7b1d8-9a46-4a38-b27b-abe57c159946,
e3cac29d-03ba-4258-abf8-5bd4d659b8b7,c5236163-0516-4f53-ae42-1c75fae47df2,0bf0eb35-6dfc-48a7-8c46-f4341a74da08,
ace70dc3-f490-4ef5-8c29-257b6f01536a,c5236163-0516-4f53-ae42-1c75fae47df2,1a3a6d6f-63c1-465d-a993-e9ec14c0301d,
9a78e294-b4b6-4ea7-8fd0-d691cb78a581,c5236163-0516-4f53-ae42-1c75fae47df2,1a5b0d4a-9680-498d-addb-174e75f1ef24,
50eba9f8-0edd-4fcd-b5a6-3743b6aeaffd,c5236163-0516-4f53-ae42-1c75fae47df2,2aaef8b2-42e5-43a9-a34a-6a45acd3f147,
d45733ea-383d-4494-8dbd-ee24216b8d9e,c5236163-0516-4f53-ae42-1c75fae47df2,30440d80-6f5e-4696-8a6a-b14635496864,
e5692ffe-bece-42ac-9904-25d3b8f50623,c5236163-0516-4f53-ae42-1c75fae47df2,5677bbc4-923d-4248-a7c4-3c640ef977e8,
820bf0e4-eebe-4ec6-8a35-92af71050ab2,c5236163-0516-4f53-ae42-1c75fae47df2,58847e85-4f9e-4239-bf9d-796909c1b3a4,
9eb71461-1c05-4d81-b68f-7b0217f5a5f6,c5236163-0516-4f53-ae42-1c75fae47df2,acb9a407-c69c-4c2d-b9d2-4ce3826e865b,
fdd4164d-1f5e-4b7a-836b-7147cc671a48,c5236163-0516-4f53-ae42-1c75fae47df2,b85007b0-a63a-4428-92eb-ce7e4f4c8337,
8dac935a-16d4-4d90-8131-53462a7d392d,c5236163-0516-4f53-ae42-1c75fae47df2,cb7880cb-aef6-47da-9596-05814ba491e0,
fb8d2e5a-840f-4e76-96a3-bbfc2550493b,c5236163-0516-4f53-ae42-1c75fae47df2,de9348cd-dc85-4ab7-af86-4d40e58b0c1d,
0a76e0cc-5c70-48ed-8847-0cb89857c776,c5236163-0516-4f53-ae42-1c75fae47df2,e381d6a8-bcf7-4617-906c-bdfa2c1609ce,
57f85d28-bcda-4c27-92fe-2199f91aaab5,c5236163-0516-4f53-ae42-1c75fae47df2,f02ead19-aa11-4405-9abe-49cd21acfc61,
c983c5fc-82b8-4e86-b8eb-9038f5c2205a,c5236163-0516-4f53-ae42-1c75fae47df2,f1801c0f-22a0-4b17-90f2-08e1a8b39cfa,
d9b05199-6af9-4bfc-9d70-cfc2f86fb087,c64bd76c-044d-4430-92e6-ccf61c69244a,489de14f-64fe-422b-bdd8-feb3fb97b32b,
1c2ecd2d-16f0-4686-9614-23ffa39f8e92,c64bd76c-044d-4430-92e6-ccf61c69244a,5ce24b67-561a-4b98-90ba-02e54df3310a,
36fd9b39-5278-4917-aaac-f9fea3505f69,c64bd76c-044d-4430-92e6-ccf61c69244a,7ad6a19c-0768-4245-badf-ccecc0e6def4,
1c9f0e14-975e-4172-9bf9-0689a725e71e,c64bd76c-044d-4430-92e6-ccf61c69244a,9f1afaa4-d1b5-4eaf-8b45-920c1025144e,
0fe498e4-567d-499f-9788-d5a635c5c13f,c64bd76c-044d-4430-92e6-ccf61c69244a,adfd1800-9b7a-4919-aeb6-9792c0a2d080,
d743d4a4-f474-4865-af6b-6c77a2ad7378,c64bd76c-044d-4430-92e6-ccf61c69244a,b0efbdef-edb0-412e-a407-09804800ae1f,
239f4ebc-c25f-489d-8737-65f1ee8db42c,c64bd76c-044d-4430-92e6-ccf61c69244a,e6a0479a-c0a9-4d45-abf3-3439d21e784d,
137d5611-2ce1-49d7-92da-ed501753eb88,c78c17ab-ca1f-4ae0-a31f-19a3b9f987f1,04d6d44d-b597-42e7-9831-fe720da998af,
faaf97df-2f13-43db-99ed-603e2430b286,c78c17ab-ca1f-4ae0-a31f-19a3b9f987f1,1fd2aa40-0174-4e63-998e-a76eadc4cbba,
ff8b5f73-8f51-442b-a3aa-c17f67d83c86,c78c17ab-ca1f-4ae0-a31f-19a3b9f987f1,3733eea2-f023-4cec-b549-f4753067e78e,
3ac43b9a-5cdd-4047-b54d-593c43a03c99,c78c17ab-ca1f-4ae0-a31f-19a3b9f987f1,41b1fb98-b6f1-4321-9f45-29b2f12bfbbe,
28549034-18f5-4c06-9085-f68e058f6e27,c78c17ab-ca1f-4ae0-a31f-19a3b9f987f1,673d6b66-8eec-45af-be11-5999777ba7bb,
dcd7f286-c1d0-4aad-9e22-e91ac98524a9,c78c17ab-ca1f-4ae0-a31f-19a3b9f987f1,68c179bf-1032-49ec-85fb-e39022e53f41,
ede2091a-8619-472b-99aa-a1992e99ee51,c78c17ab-ca1f-4ae0-a31f-19a3b9f987f1,6d1b945f-fdb1-479c-972c-dbfcf24ea738,
9c2e9478-a09b-4904-bcf3-a00c3594b9d7,c78c17ab-ca1f-4ae0-a31f-19a3b9f987f1,758df589-8b57-4854-a6a3-56a5165b6b20,
9d6cab8e-6ce8-48c1-abb2-81563ee96cbb,c78c17ab-ca1f-4ae0-a31f-19a3b9f987f1,b751087d-6288-4f54-8836-5a8a3704f8e6,
f8eefa13-79f9-4558-b3f5-8e5bd08b7de3,ca879f2d-0238-4f57-9557-0dc12fabcb6c,38610ac1-d9b1-4172-8081-53bf9943f37f,
893c025d-0715-4e3b-a91c-c3f30a6445cd,ca879f2d-0238-4f57-9557-0dc12fabcb6c,99f0836c-cf50-4b1b-9660-e47c1f9fa495,
dc960c7c-030e-4dc4-9316-917a69112881,ca879f2d-0238-4f57-9557-0dc12fabcb6c,bdb8af19-f2d1-45eb-ba20-65b1591740c3,
4de7a29b-19bd-4b84-95e8-066d2dec1c15,ca879f2d-0238-4f57-9557-0dc12fabcb6c,ee340c90-4814-40a9-8c10-2dd88b4d77bc,
92cdf1a4-35cd-44ae-9073-b0ed6e95c184,caeb15e3-a4fb-4b8d-9010-7d832b48c112,13dff6b1-833a-45f5-a0d7-02599e1e1db6,
478dfdd4-16aa-450c-95fc-b29116f3b0be,caeb15e3-a4fb-4b8d-9010-7d832b48c112,22a7c4c8-dd4f-41df-8208-97ac028ce9c2,
45ad943d-7d37-43f8-97e5-5924cbd4695a,caeb15e3-a4fb-4b8d-9010-7d832b48c112,3c905dfb-572a-4442-b717-2bf561c87df9,
9e13fa64-e5b0-40d4-a34a-b794468f070a,caeb15e3-a4fb-4b8d-9010-7d832b48c112,419420f0-34c8-44b2-b2fd-38810e3d7621,
17b53d41-1b01-4d01-909a-6ab3775fe587,caeb15e3-a4fb-4b8d-9010-7d832b48c112,5191b098-342a-43b7-a740-708cd56fedad,
2b1cd36e-75f1-409d-b62a-dabc963795f9,caeb15e3-a4fb-4b8d-9010-7d832b48c112,8303a5d4-377c-4c7a-94e9-57efdb77e21a,
677ef704-539b-4620-aea7-540f552fb615,caeb15e3-a4fb-4b8d-9010-7d832b48c112,adac94a0-9a15-4935-948f-8948fa9ed131,
0cf28b95-fb0c-4f57-b566-a017e457f566,caeb15e3-a4fb-4b8d-9010-7d832b48c112,d21d1c4f-eb7c-4511-b426-969d624d9398,
56eba0c3-8d50-4d0c-8210-6aacc9b65cb5,cbac7aca-adf3-4bad-bfcb-f8509c60c85a,39d27530-6119-43e4-8e0f-80216e3924bd,
7548d995-9cec-4d7c-8e20-cf9e33ef10f9,cbac7aca-adf3-4bad-bfcb-f8509c60c85a,3b546874-40b2-4d61-ac17-b28f34a6ae8b,
59362fb5-adfa-4b28-9519-8a42be3943d4,cbac7aca-adf3-4bad-bfcb-f8509c60c85a,559930a1-f529-40cd-9f90-f387e619aab3,
08cf9818-7867-4fca-ac8d-f9d976b46053,cbac7aca-adf3-4bad-bfcb-f8509c60c85a,5b1e1b4b-9ba4-4c9b-894f-b620f49892ce,
3b6f03ab-226e-4b47-9680-b1670dadec75,cbac7aca-adf3-4bad-bfcb-f8509c60c85a,5b72141b-1edd-4e1d-864a-f3892afa92db,
75ef7881-b173-45f0-b831-b826405a1a71,cbac7aca-adf3-4bad-bfcb-f8509c60c85a,641531e6-15d6-4ca4-a744-3266bea96a65,
bef1e835-15fa-4cbf-9608-0a87e38bedd2,cbac7aca-adf3-4bad-bfcb-f8509c60c85a,7ee94b9a-9697-4089-bf39-4710e90e03f1,
ce6902d8-d7c9-4138-867b-a1c7deb29948,cbac7aca-adf3-4bad-bfcb-f8509c60c85a,93786ea0-5e71-4c66-88eb-d7e453180e27,
ceee5f8e-5576-4697-98b0-5d3ad7891fdf,cbac7aca-adf3-4bad-bfcb-f8509c60c85a,c8f43f83-d7da-4a5c-a0c8-ae099aedc9fb,
885a791d-9883-469d-aacb-d16bc9a2015b,cbac7aca-adf3-4bad-bfcb-f8509c60c85a,f39ffd4c-58e7-4b02-8fff-a257b704f01b,
09040688-3f74-4146-80cf-b0644bd26d66,cd630426-b160-4ac8-b820-fc6887e03425,193ac428-1324-4bf3-af2b-115a55f0e253,
239064c7-eb25-475d-af2f-2a7bb7c90d9e,cd630426-b160-4ac8-b820-fc6887e03425,1cc1d4e0-5d46-44ad-ad9d-48d7133c0a28,
97026389-576a-4652-8a78-172c4b7ac830,cd630426-b160-4ac8-b820-fc6887e03425,1e8271c1-7d17-4d03-ac88-f398148ff3c9,
5e7ab510-df40-4625-beb1-dfba876668d2,cd630426-b160-4ac8-b820-fc6887e03425,2aac836a-fa41-482f-984b-969b3221425e,
fed84c0f-a2f8-4fe4-8b84-e55fd3027a26,cd630426-b160-4ac8-b820-fc6887e03425,2bb62e0b-60fe-4270-91da-4c4e62f0d1f8,
c1db6192-e36a-4784-a8e2-a13301c048f7,cd630426-b160-4ac8-b820-fc6887e03425,2c164ff6-8adb-44a8-90ef-1c8ad2d0ea0e,
057269ec-6dbf-48d6-9302-6daee69eec72,cd630426-b160-4ac8-b820-fc6887e03425,2e958243-a633-48da-95e0-9059777d8b4b,
e92c67b2-1a41-4f96-84bc-3175087c9430,cd630426-b160-4ac8-b820-fc6887e03425,2ea721a0-9228-4d34-af88-e29452341487,
d6e26e52-fcb4-4412-829a-bf9477f0883f,cd630426-b160-4ac8-b820-fc6887e03425,3fa13ece-bffa-4e33-886f-89b78200c167,
e2c74eec-2f35-425c-8365-4732e43533d9,cd630426-b160-4ac8-b820-fc6887e03425,42e85ed1-ea20-4160-8127-087baf325f24,
9785454e-75ad-41df-92c3-8d7caffca161,cd630426-b160-4ac8-b820-fc6887e03425,44c822bf-d80b-4c90-b81a-f1bf446c2dd4,
b4891f06-9d3f-43d1-8d43-0daeb2aa505f,cd630426-b160-4ac8-b820-fc6887e03425,46671b3a-5544-479d-b491-b3cb58a2a29b,
744cf8b6-f4ec-48e0-a5c2-391a3c205cb4,cd630426-b160-4ac8-b820-fc6887e03425,47f5c4ea-4be2-45fe-a27f-c148cd4bb28c,
4f4d3047-bc76-48eb-9b25-2f66466431d7,cd630426-b160-4ac8-b820-fc6887e03425,48c7ecc9-55a6-4ae7-a484-56c1c5ff3aca,
5afef991-40fa-4cfd-8e9f-f8afcbc04ae6,cd630426-b160-4ac8-b820-fc6887e03425,4c02ec2c-f05e-4e3c-93b1-eda8aaf6a713,
ee6710d9-2ce9-4c18-ab66-67b0155d0b8b,cd630426-b160-4ac8-b820-fc6887e03425,4d86eb40-8e66-426b-9c2e-b8ed068bb8cf,
c45534ab-a6eb-421b-8d16-35515a5eb539,cd630426-b160-4ac8-b820-fc6887e03425,4dd1cc74-5eca-4881-85d5-a00745371608,
b6583453-ecdc-4c59-a6d3-c61a578ace63,cd630426-b160-4ac8-b820-fc6887e03425,62ecdb7f-83d5-46f4-a64c-ce48ec3a5c8b,
1864f368-86fc-4b72-bb37-2711a4dae272,cd630426-b160-4ac8-b820-fc6887e03425,67e1783b-1fcb-4426-b161-21e5ef3706a0,
14abe376-a600-4a5b-a068-414bd3a0ce48,cd630426-b160-4ac8-b820-fc6887e03425,7d09b62a-9de2-4c4d-bae4-f5deb19c17ea,
07f88da0-227f-4177-8afe-005a5b649e71,cd630426-b160-4ac8-b820-fc6887e03425,8140347c-9c8c-4a25-986a-33b1340889cc,
a500aeb9-c5dc-402b-b9dc-bc85c5661476,cd630426-b160-4ac8-b820-fc6887e03425,8a5c36d1-e5b0-4867-abfd-891e901de13b,
282776b0-df9d-4fcb-a626-b708916b5af4,cd630426-b160-4ac8-b820-fc6887e03425,8ea97fa9-f0bd-4443-a488-7e2f2b742405,
456c0c13-afce-45e9-8e25-bcefea674762,cd630426-b160-4ac8-b820-fc6887e03425,8f95a509-c2a1-4f24-8bfb-51c001cff884,
871c4df6-96bd-406b-b3ae-0936dc19553f,cd630426-b160-4ac8-b820-fc6887e03425,930eb938-8444-4a43-94a3-9226cebf2971,
4b2f9804-0756-43fb-a37b-2bba8c022141,cd630426-b160-4ac8-b820-fc6887e03425,989c694b-b66b-4cce-aa6d-9bb1db954a2f,
737e7c3a-fb72-4b59-b6e5-f67708ed5e7a,cd630426-b160-4ac8-b820-fc6887e03425,9d29ece9-b2f2-488d-acf4-82afd3b540de,
5849adb7-b150-4ec2-8379-9750477d7cf5,cd630426-b160-4ac8-b820-fc6887e03425,9e72207e-0e49-45ac-bfe7-7e27f4431e37,
d16e1577-996a-44b6-a352-efd6584261c3,cd630426-b160-4ac8-b820-fc6887e03425,a24b591a-1902-4218-952e-3d98e93cfc70,
99b29fd5-624f-4936-a6d0-a51f23650707,cd630426-b160-4ac8-b820-fc6887e03425,ac1415cf-6a48-4382-b094-a8854f323141,
d1190d45-4e26-4bab-a96b-2de93e172699,cd630426-b160-4ac8-b820-fc6887e03425,cad7fdb8-bb47-4732-a948-f21d5f10b731,
ff0d08e9-817d-41cb-840a-190706407ba9,cd630426-b160-4ac8-b820-fc6887e03425,d70f37a7-5817-4c53-9c52-10ffe2585a86,
14674dcf-a217-4e8e-8b38-2f826080846c,cd630426-b160-4ac8-b820-fc6887e03425,d957e616-e9f4-418a-87ec-9480e430533a,
1dd7adcc-9b44-4bac-9a11-b1eaf1ba7092,cd630426-b160-4ac8-b820-fc6887e03425,db41e81d-629a-42b5-8451-21c326d1ea65,
c1189401-4826-45ad-b69f-7205729e5662,cd630426-b160-4ac8-b820-fc6887e03425,def2c884-2030-465b-90c6-cbb8e5963d56,
a432e26d-d3e3-4ba8-b8d9-4f41d79bd84a,cd630426-b160-4ac8-b820-fc6887e03425,e14170d8-2a32-47da-b3fe-ae3dd80dbbf8,
1c49272a-72fb-4f57-94b8-516d1dcfa514,cd630426-b160-4ac8-b820-fc6887e03425,e3cd6091-f862-4739-9416-ab0987f35913,
96560ab9-a111-4d9e-b89d-1c64a3b153cc,cd630426-b160-4ac8-b820-fc6887e03425,e61b0c9c-640d-4f3a-936b-f69142bf5c96,
6353891c-74b7-4453-aa57-a2c728585f56,cd630426-b160-4ac8-b820-fc6887e03425,f746cc80-1121-497a-bfbf-fa9bd7647669,
32f643da-ebd2-4ea3-9a32-dfbf3d5e8470,cd630426-b160-4ac8-b820-fc6887e03425,fe6e5f52-a8e7-45b2-b5a0-fc6babe2d7a5,
061dd227-55ab-47c9-a8f9-e4f40103b47d,cd9f2842-a664-4755-8829-1cfcc4cebc8a,0cd0f961-5721-4430-a2f1-8b980a437e7b,
2c25d72e-89f4-4e59-b2f6-4512928e75f2,cd9f2842-a664-4755-8829-1cfcc4cebc8a,2cc2eef4-de4a-44db-a421-9e47d2f8fd57,
4a55f593-eb18-459c-a8e5-a7393dc7cb6c,cd9f2842-a664-4755-8829-1cfcc4cebc8a,5ab43674-26fa-4f78-b6b1-ddc62aa62c70,
fa858842-c75d-4e8f-be44-b0740386a25e,cd9f2842-a664-4755-8829-1cfcc4cebc8a,da6d8007-1112-4394-b79a-b8185e72f3a4,
ef5811ef-a779-4620-a49d-81b2960e8fb7,cde411ea-f448-4622-920d-28e9b09c386e,00b0bbee-ec91-46b5-8f32-d490ea38eb22,
e4a98b47-24ef-4f63-842e-db9da6fa6cca,cde411ea-f448-4622-920d-28e9b09c386e,041d8dcb-14bd-4f8a-a817-08246d7f5e9e,
06ea1df3-4aba-41a8-b055-2abb99bcc0bb,cde411ea-f448-4622-920d-28e9b09c386e,1679a9d3-cb11-48a2-bddf-47991c60efd3,
833cb568-99de-411e-9cba-9de8259c48d7,cde411ea-f448-4622-920d-28e9b09c386e,221a392f-8a00-4d5e-8a40-16a4b5341954,
533e95bc-5635-49a0-adf0-9e6e970a25e4,cde411ea-f448-4622-920d-28e9b09c386e,28c03b59-0ac9-4190-8fef-c3d485fb74bd,
625066b2-94ab-4d8e-bf1a-599d479e85f3,cde411ea-f448-4622-920d-28e9b09c386e,299c42a2-cac7-437d-8ba1-01e495c64a6b,
e5dbed5a-74f2-4415-8107-32a2924a9c15,cde411ea-f448-4622-920d-28e9b09c386e,3b6ca745-7abf-401f-a037-c347afe62a91,
3f368f31-0ff9-4578-a01c-815405465385,cde411ea-f448-4622-920d-28e9b09c386e,3e95db46-60c8-46e3-ad8f-a8a51b3348dc,
ee4a1656-2f4f-4070-a532-82fd62838423,cde411ea-f448-4622-920d-28e9b09c386e,49736a79-9d36-4316-9e0e-4aa43b4099b0,
d1ff1ee2-8af5-40a4-a953-90113fc82d4f,cde411ea-f448-4622-920d-28e9b09c386e,4ad5c229-4e30-4eec-9ad9-f81052aa1e20,
074e8b1f-1695-4796-81ee-71713f229672,cde411ea-f448-4622-920d-28e9b09c386e,4d80b954-e6e3-4342-8f8d-e79f31970e4a,
466501a3-321c-430e-946e-e5f470532f8e,cde411ea-f448-4622-920d-28e9b09c386e,6873f12c-92d0-49df-9e4b-ed42d4486545,
5b956475-6976-4677-80d8-58a457780681,cde411ea-f448-4622-920d-28e9b09c386e,69b20d1d-02dc-413c-ba73-13b35afc073f,
3c173f61-d13f-45b7-a5d0-afc139bf68d3,cde411ea-f448-4622-920d-28e9b09c386e,72cc6775-cab0-481a-a698-c481efb4c085,
2488dc3c-f499-45aa-b582-2975b4083ab6,cde411ea-f448-4622-920d-28e9b09c386e,76165284-034c-4655-a0fc-90d2c9ece717,
1d0dc502-946c-45d2-bd63-fa00baf70319,cde411ea-f448-4622-920d-28e9b09c386e,7620f13d-ce2e-4e8b-839d-e72ecd3dab36,
aad0bc8f-34a2-496d-800c-ca7af3479ec3,cde411ea-f448-4622-920d-28e9b09c386e,76376bec-42c3-4204-b2a2-0e18d3563187,
4e12f1d9-a355-43e0-8469-3bf2b119f9c7,cde411ea-f448-4622-920d-28e9b09c386e,801044e9-36fb-4cc2-ab3b-625df95ed8ce,
78eb3f61-7a2c-48db-8ff5-6c2c67e66a8f,cde411ea-f448-4622-920d-28e9b09c386e,a4bcc8e1-e409-497f-9dee-2e5561a4981c,
403d0746-91e5-4942-b54a-16ba9ac5e5c9,cde411ea-f448-4622-920d-28e9b09c386e,b17729d6-a5f7-4f7c-840b-c20427bf5ab1,
3e622387-a05a-429e-9f88-4faa47ad8196,cde411ea-f448-4622-920d-28e9b09c386e,b7ac1082-e950-467e-93de-3be1c928569c,
d3279499-f116-4217-b9ef-219f16b98323,cde411ea-f448-4622-920d-28e9b09c386e,b990780a-b053-4080-8811-809f7127c59c,
0ec3881b-4554-4b34-9481-b3c0a0f7d8b1,cde411ea-f448-4622-920d-28e9b09c386e,ba40f7e1-577f-4491-a63a-a0fbbb7f646e,
1c828dcf-b5df-42e9-970c-2f295693b1ae,cde411ea-f448-4622-920d-28e9b09c386e,c04e5ad0-8c3f-4937-93b6-a5b000d66ace,
0681c3c1-7690-4d77-b739-55cb422fa097,cde411ea-f448-4622-920d-28e9b09c386e,c946f7c9-ccbe-49a5-8aef-5305d145d578,
f1719eb0-b6f1-4771-a87d-b8cb9087f715,cde411ea-f448-4622-920d-28e9b09c386e,de63b222-ddfa-4c54-9cf3-cb79813708ed,
8416decb-f63e-404e-a5af-7ee5ca8fc42d,cde411ea-f448-4622-920d-28e9b09c386e,e63ee5af-1afc-49ec-9d20-9479006359bb,
ce3ebcd1-107f-4773-84b3-32cd2eb8b1f7,cde411ea-f448-4622-920d-28e9b09c386e,f032b5d3-6fc5-45bf-9acb-0e441dc6cb21,
5bdf3eae-8193-4eb9-af34-bf6b48126611,cde411ea-f448-4622-920d-28e9b09c386e,f3b28395-314a-4878-95e4-a1e9f581a957,
fd1bada0-08ca-43cc-a502-403db607418f,cde411ea-f448-4622-920d-28e9b09c386e,f5ee8e0c-9063-4ef9-bfc9-3c3d70c9c447,
45ebb2d9-7fae-4154-8b7c-51faa7eea2e0,cde411ea-f448-4622-920d-28e9b09c386e,fedeea92-b345-447d-a941-370503a0091a,
8c49c2f8-a736-4e20-9d23-22e530089906,cf23443a-824a-4f28-bb72-8b96d2f4aa83,05ee35cc-ec61-4260-83c5-914a0af808db,
b348fc00-244e-4419-b858-169164558178,cf23443a-824a-4f28-bb72-8b96d2f4aa83,30711af9-189f-41cd-a532-44181fae4472,
f2dd63ba-0ee0-49cc-8d3b-7ff654977239,cf23443a-824a-4f28-bb72-8b96d2f4aa83,49b812b4-652e-435f-b244-7759972c7fe3,
bce7267b-407e-4727-9b9a-e24ce55001ab,cf23443a-824a-4f28-bb72-8b96d2f4aa83,5359a94e-c5ab-4aa1-8a47-c3a5d38d6a8d,
874b9764-a046-4dc1-b181-08266958396b,cf23443a-824a-4f28-bb72-8b96d2f4aa83,5386b6bc-4a0d-459b-8a2c-09542fffab94,
17acdc59-7a6f-49f5-94c5-8289518edfb8,cf23443a-824a-4f28-bb72-8b96d2f4aa83,62366a0c-2c3d-4c99-af75-9ea1198446af,
d11c1572-9ad3-436b-89e7-0ad45964a758,cf23443a-824a-4f28-bb72-8b96d2f4aa83,62c2d396-2356-4569-8a68-d1886fc6f634,
07f5b61e-66db-4608-99c5-300814d35c88,cf23443a-824a-4f28-bb72-8b96d2f4aa83,76e9d724-e37b-4a4c-b1d9-a7547c7f2a06,
3b04cd0c-b55d-40bf-be8c-e9f1f3f780ce,cf23443a-824a-4f28-bb72-8b96d2f4aa83,88e85ac5-a0fc-4a1b-8380-2e38ec39ac6a,
d9f690c2-c439-4828-90f9-43f3bfb11a8b,cf23443a-824a-4f28-bb72-8b96d2f4aa83,9eeda26f-f109-488b-a525-367cbac25848,
37459a48-f2c3-4971-827a-7669fc9a2131,cf23443a-824a-4f28-bb72-8b96d2f4aa83,b20727f5-45d1-43f3-85e6-d0c649424899,
c8aded29-d621-4e65-9fb1-065aa6b7b14d,cf23443a-824a-4f28-bb72-8b96d2f4aa83,b6a83382-4b9b-4214-8c43-ef32c409353b,
da267c09-34d2-4d15-ac35-528d0b1be3b0,cf23443a-824a-4f28-bb72-8b96d2f4aa83,c02bf916-ea90-4f0a-bbbc-9de9aa026932,
62a8abdd-f6cd-4d62-a3da-1854faeb9d55,cf23443a-824a-4f28-bb72-8b96d2f4aa83,c7e384e5-6189-4b35-9085-7640cdb83089,
e7b7c272-fd7a-476a-9374-04376963f994,cf23443a-824a-4f28-bb72-8b96d2f4aa83,d4854ccf-4d7a-4f76-86b4-dba38be9d992,
11242efa-2fea-4718-8175-4335d62e3d2f,cf23443a-824a-4f28-bb72-8b96d2f4aa83,f07a44a9-18a2-491a-98a3-ac63b797cfe9,
f1daf6d7-0048-4764-90ca-69e45310b332,cfe34652-878a-4bb1-9251-5e991dd4485d,5d8a89fe-48d3-475f-ac56-bc7ab1de00cc,
0488580c-ecb9-4fa9-bc30-087937a3951b,cfe34652-878a-4bb1-9251-5e991dd4485d,785ce910-7036-4797-88a1-9636573883d4,
a93cbdd3-8ca0-47a3-bbca-eb8438ef5710,d05db718-34b5-41fa-93da-8f08c2ea6b35,224bc5a2-a8af-4b98-9abf-0ba21aa59a0d,
407e141a-3529-420e-b1aa-ce9bf9a95d00,d05db718-34b5-41fa-93da-8f08c2ea6b35,311e3570-1272-4124-b45b-38aec7552353,
b604f5c1-4eda-40c7-bd48-b66430f5210a,d05db718-34b5-41fa-93da-8f08c2ea6b35,34ed95f2-a41e-49de-bccb-ef7a6e324007,
99da04ae-4b05-4232-91d3-faae69a6c5c0,d05db718-34b5-41fa-93da-8f08c2ea6b35,5096bfc0-ec6e-4d52-8b89-54320f2833a9,
6373afd8-8420-4b31-90bf-bda0d6b0918c,d05db718-34b5-41fa-93da-8f08c2ea6b35,68cd0feb-7b86-4897-b8d2-b2ce00c351c8,
b931f0d6-7840-4cb4-b30b-61d30b1b3b70,d09d4d62-b38f-4bc7-9673-e262a32ff467,0c978a7d-b6a8-423d-81ef-9603d74ae9b9,
ed8612e2-05d7-4777-bd9e-677d2ece68e6,d09d4d62-b38f-4bc7-9673-e262a32ff467,156d32ce-c6d4-4e2c-ae78-506d13a64109,
eb08d434-dcb9-4982-8b04-fccd9cb24d34,d09d4d62-b38f-4bc7-9673-e262a32ff467,339794b4-fadf-4743-9b59-6b1a6b3e1241,
63ed01da-588b-4a32-ba89-aada52f94d93,d09d4d62-b38f-4bc7-9673-e262a32ff467,3e06fafe-7590-4d52-a480-408c8b347864,
db3e4941-8650-4651-a769-32e29760ba46,d09d4d62-b38f-4bc7-9673-e262a32ff467,73df60fe-35c1-4ad5-892d-1854b864c48b,
debfe78c-0dbc-4aeb-9200-151c9a4301ce,d09d4d62-b38f-4bc7-9673-e262a32ff467,778e7157-449f-4a28-a0d8-1537eda71644,
a304da72-55c2-421e-86da-2368c1c1e6b3,d09d4d62-b38f-4bc7-9673-e262a32ff467,931fbf84-59f9-4e0d-aad4-44ee6607ce5c,
b7cedf82-3fde-41ca-bba0-dc743ec931f1,d09d4d62-b38f-4bc7-9673-e262a32ff467,9b2b9fa2-053f-4ede-92fb-21debbcaad8d,
3ca7891e-fe34-4b9b-ae6a-537a398753fe,d09d4d62-b38f-4bc7-9673-e262a32ff467,af4b0f4e-9c98-45e6-b35e-6d8fe581ef55,
78d6d222-d315-4ac7-8c6a-e748ee8a84e8,d09d4d62-b38f-4bc7-9673-e262a32ff467,cf478f89-66f2-473c-9e5d-dbff7a5527c7,
29e3350a-91c8-4237-88a3-0b4d3a22f445,d09d4d62-b38f-4bc7-9673-e262a32ff467,d4cc3c9c-3c8a-43f7-8efc-f4f0cc3a3a56,
c424e879-c2a5-4a0b-a8f6-73f1dba03985,d09d4d62-b38f-4bc7-9673-e262a32ff467,e3758351-dfaa-4ce0-906f-b24260bbc30f,
00bd090e-dae7-49b2-b6be-196243f2c19d,d09d4d62-b38f-4bc7-9673-e262a32ff467,f9c6bfc5-c517-4a06-bc88-bca3014d0317,
042beca3-5576-483e-963c-b94d40c8d80e,d192976e-78cf-4017-8f9a-2388dab59e7e,0c170b3b-3e90-4bde-93b8-546e42c80934,
ce52dcee-5777-4207-826e-ffbc73abf915,d192976e-78cf-4017-8f9a-2388dab59e7e,140d501c-c982-464f-8cdc-92cfee3ace47,
dffe1d2e-78a0-4691-b1b9-34132d1f1166,d192976e-78cf-4017-8f9a-2388dab59e7e,17a69a7d-dfa4-46bb-8623-c0476ea8e206,
3c764b59-3288-42ae-ae35-915bc7427353,d192976e-78cf-4017-8f9a-2388dab59e7e,28ba0314-1fe4-4f36-ae32-4de06eaa4a97,
99aeecf2-4c04-4617-8e31-ba069668565a,d192976e-78cf-4017-8f9a-2388dab59e7e,295d391c-6233-4840-b719-d018e1b3419c,
eaac3a4f-be49-4241-b54b-a50ea8210c76,d192976e-78cf-4017-8f9a-2388dab59e7e,6e9afb17-ec4e-40d9-82b0-ad029822bcb3,
3d3c1269-c1be-4605-8f7b-61500ea8eec5,d192976e-78cf-4017-8f9a-2388dab59e7e,722a792e-07ab-4eb9-9a4d-79c873a92cd4,
cf11af5b-42be-43f0-b9e4-90dcd603ae50,d192976e-78cf-4017-8f9a-2388dab59e7e,7d57a93d-23f5-401a-92fc-15e6f0d37f65,
b6490329-c4dd-4cce-ad20-2fc171163a5a,d192976e-78cf-4017-8f9a-2388dab59e7e,948dd710-4bf1-48de-88d2-06a71cca2a92,
766e5b64-ec6a-41cb-b51a-c9fdf29fa1c8,d192976e-78cf-4017-8f9a-2388dab59e7e,9bfa6401-cad3-46cf-8358-557c092d9a28,
bb94cc15-8ac9-488e-9222-030fa2427b8c,d192976e-78cf-4017-8f9a-2388dab59e7e,9ed027e7-fbac-469c-bc1d-203191be3c2d,
c9dfd5f4-a554-41c6-91dc-974e08782b3e,d192976e-78cf-4017-8f9a-2388dab59e7e,a17269d9-01fe-450b-9c4c-4aa1efc4c4f5,
8f102077-0257-4f04-81c4-a0f1085d808a,d192976e-78cf-4017-8f9a-2388dab59e7e,a64dfa5b-0960-45e0-8a3d-e9f249e60a21,
2753caf7-25ef-412a-9954-3f816f959883,d192976e-78cf-4017-8f9a-2388dab59e7e,cc16ccce-87a0-4927-859c-c581ce6831c5,
2d96a90c-80f9-4b38-b06f-f91359213cd8,d192976e-78cf-4017-8f9a-2388dab59e7e,dac01c4c-e0e2-47ba-9fc9-216a2a0e5d1f,
0a8ae184-3954-4982-b57f-cfef2c1da0dc,d192976e-78cf-4017-8f9a-2388dab59e7e,fa22d251-81ea-432a-a80b-84fa736621ca,
998935e7-db39-448e-af70-ba0733964aae,d1cb6bd1-3d1a-438b-82b6-c08319607b36,09513738-8753-416b-a3e7-c7842a6ea4c4,
2a41b545-15a2-49a6-9ad2-110a558fe29e,d1cb6bd1-3d1a-438b-82b6-c08319607b36,1606ad57-6dd8-45b0-8642-74bfda220c56,
6007ef0a-3ab3-4ec8-9471-96066161fa8a,d1cb6bd1-3d1a-438b-82b6-c08319607b36,1fee5099-220d-4f99-84d6-3e450a0f05ab,
1f6c8806-e90e-448d-87ab-1af97f0c88dd,d1cb6bd1-3d1a-438b-82b6-c08319607b36,25af7839-e448-42f4-b6cd-ada76d098673,
34acb95f-85a4-4b7a-aa26-c5a7c362be74,d1cb6bd1-3d1a-438b-82b6-c08319607b36,28677874-94b0-4b4f-bfa1-083ed7d1f7aa,
85894572-03fa-4da8-a4dc-a9adaffbd511,d1cb6bd1-3d1a-438b-82b6-c08319607b36,2c6709c0-d9bd-4278-b00a-58745301805f,
17e5c7dd-3422-4094-aaa2-1ed46fee1d89,d1cb6bd1-3d1a-438b-82b6-c08319607b36,35cb0897-64d9-434e-ad38-580bb4d15c3b,
e73b7b91-7d58-47ad-8e91-aeb3797f6421,d1cb6bd1-3d1a-438b-82b6-c08319607b36,35e76aef-a007-449d-99fe-8266d5264ba7,
25dfd8c0-51e1-477e-a5d7-adacf78f143e,d1cb6bd1-3d1a-438b-82b6-c08319607b36,3f48cff5-1b86-4f00-8334-c12c6542e04b,
3f33d414-f62e-43dd-9651-139ae2e571d5,d1cb6bd1-3d1a-438b-82b6-c08319607b36,403e1868-4c88-433a-8727-e5b174d0f7c9,
d854c45e-38c0-4d29-9252-37269bb8b64e,d1cb6bd1-3d1a-438b-82b6-c08319607b36,41e5b75d-b858-498c-8054-93e0fcc5e269,
dc62c85c-d44b-451a-82a8-f1baf18027e4,d1cb6bd1-3d1a-438b-82b6-c08319607b36,4bc08cb1-97d9-4204-b61c-3a4e9bc089f8,
ec0937b8-018c-4e86-b964-9ca5f4bf59ff,d1cb6bd1-3d1a-438b-82b6-c08319607b36,517f13f6-3995-45a0-be1b-31e668435825,
075e10c0-48b5-45eb-aac2-994b54075050,d1cb6bd1-3d1a-438b-82b6-c08319607b36,53f1c13f-d15f-4c6e-ae0e-497c2407afc3,
d344b02e-b80f-4557-9d0f-a60a64f44375,d1cb6bd1-3d1a-438b-82b6-c08319607b36,5dddc3eb-16d7-4505-9e2a-1c3c15c9fc61,
12d6460f-92c8-4e01-918e-e85ad0eb6db4,d1cb6bd1-3d1a-438b-82b6-c08319607b36,6701c687-deb7-4d75-b267-ccc51c9fc82b,
dcdb3f03-4cce-4a5e-b1fb-6298350bf6c5,d1cb6bd1-3d1a-438b-82b6-c08319607b36,68191a62-201a-4790-b51f-844d3d5501d3,
c6b346b3-cb5a-48b2-a6fd-72c90e894a18,d1cb6bd1-3d1a-438b-82b6-c08319607b36,71b7cf66-d479-4111-be52-b9a9a4f90d6e,
9b877722-8e6f-42da-a01b-065d45ca0218,d1cb6bd1-3d1a-438b-82b6-c08319607b36,822e2e9e-2371-4bf2-b290-ac43d4cd2dd5,
9af1b3f5-e42a-4efe-9744-097373ad653c,d1cb6bd1-3d1a-438b-82b6-c08319607b36,98def029-6d5e-4c09-8803-aa1727b89c02,
3da62e0b-bc20-4e04-9adf-6cf287c17335,d1cb6bd1-3d1a-438b-82b6-c08319607b36,99e417be-739b-482b-a7fc-c5345f6980ce,
e4b37133-eff1-4c1a-ae7f-15572da1bd02,d1cb6bd1-3d1a-438b-82b6-c08319607b36,a5329510-1cdc-45a8-9b14-90f6ff182389,
d1e9a5c6-ce4f-4c7a-a9a3-c14b4e7cea42,d1cb6bd1-3d1a-438b-82b6-c08319607b36,a6b66c81-adee-452d-989e-5df5f7db3aa6,
8699f6d0-ba17-4a54-aacf-8b9b182b1243,d1cb6bd1-3d1a-438b-82b6-c08319607b36,b2e1ecab-66b6-4d65-935c-115add31244f,
0ce3e31e-5408-42a6-aa2c-69fbba2b43e8,d1cb6bd1-3d1a-438b-82b6-c08319607b36,b7c3431f-1487-4b0b-98a1-9b7b3aaa0ea7,
63f81851-e162-44a0-848f-2dee966e7344,d1cb6bd1-3d1a-438b-82b6-c08319607b36,b826fa35-a511-4841-9f04-43581aa28ee2,
8210cddd-3659-49b5-8479-217149f4089e,d1cb6bd1-3d1a-438b-82b6-c08319607b36,bc3c6037-c993-4937-aebf-e447ae30b190,
dacb3b16-582c-4192-90c8-2bbf7f0b227f,d1cb6bd1-3d1a-438b-82b6-c08319607b36,bf00b1fc-e682-40e1-ad25-0699faa1b7b6,
acc2770f-77e8-4dc1-baee-28834f70c349,d1cb6bd1-3d1a-438b-82b6-c08319607b36,c5819395-b370-45f7-8e1c-3f54af7dbbf4,
01559073-2599-4ad1-934b-fbbc0bc5675f,d1cb6bd1-3d1a-438b-82b6-c08319607b36,ccc6ae45-527c-40bb-a69f-7b547d4fc0af,
3b573fe9-8e68-47e1-8e90-c85d1bb2d178,d1cb6bd1-3d1a-438b-82b6-c08319607b36,e9b13620-1bb8-4b5d-82cb-899aabac7ec7,
f6dfd4a6-f3d4-49db-879f-890f440642a2,d1cb6bd1-3d1a-438b-82b6-c08319607b36,f1ff77b1-2547-4940-94ec-f75673c29333,
702331f1-ce0e-4741-95c4-bfb99db46f26,d288183f-55c2-4b64-8d39-d434aa83dc87,078ee452-7af9-4d96-bb52-92dd6636e4f4,
d8bf0b25-7faa-42bb-b1cc-1db4ad43f759,d288183f-55c2-4b64-8d39-d434aa83dc87,66372448-9304-4b21-9e6c-d07b35e2f1b0,
c9d516f2-7240-440d-a93e-3ca2484a006d,d288183f-55c2-4b64-8d39-d434aa83dc87,930ece8f-5200-4b84-948e-c8918c9d108f,
a9e9631f-9ed5-4f06-96ca-4046a55731f0,d288183f-55c2-4b64-8d39-d434aa83dc87,d258279e-b04b-4fb7-82a1-312de35a1796,
3424101b-1100-49b2-b8d0-25857190b3d8,d288183f-55c2-4b64-8d39-d434aa83dc87,d5947f66-5c13-44c2-9c78-6dbadbd69beb,
40ba5f5e-eae6-4a87-9d6e-c895717c9620,d288183f-55c2-4b64-8d39-d434aa83dc87,fbfa6617-40f6-47fd-99be-b044781ce007,
5dbbf63a-7bd4-44da-b82a-78772be2b513,d36cee9d-181e-4837-a889-8d92ef777f7c,3aab90b0-a483-4d3e-8b5d-53a6391a980b,
02c0cc1f-5155-46f3-a3e4-92ee515a855b,d36cee9d-181e-4837-a889-8d92ef777f7c,6a252b70-a202-43cd-8b5b-5940b633e9b8,
268ad5fe-b0c0-45de-8cd7-e9ae1c75517b,d36cee9d-181e-4837-a889-8d92ef777f7c,c1e9c378-0a78-4df4-a6f7-cae8c97408c9,
60bab049-93c2-4885-9a4d-b22226e85e79,d36cee9d-181e-4837-a889-8d92ef777f7c,c298b72f-0d98-4eb6-add4-f2242cd24db6,
59947074-724b-4c8d-99fb-c47fe2dc9947,d36cee9d-181e-4837-a889-8d92ef777f7c,e142e3bc-c97c-436a-901c-fc8fc9bad129,
4fa57c24-119f-4773-a864-b363f2c0e2e1,d3c4f1b8-f7f4-4720-be1a-593bf713000c,0c997326-2067-4d76-8750-6b53ed9750be,
47b8b79f-7dae-4a17-b0c0-ce0a3a5ed6a1,d3c4f1b8-f7f4-4720-be1a-593bf713000c,1499d731-f449-4fee-9162-a1d6de34af4f,
b7c127d4-0559-4fca-a1cc-a0887d158436,d3c4f1b8-f7f4-4720-be1a-593bf713000c,34b03949-71a1-470f-b02a-ba781f5a1adc,
8daa33db-d6c9-412d-a039-4b34e8e13ef1,d3c4f1b8-f7f4-4720-be1a-593bf713000c,435989be-5c1c-4eba-9e3e-89bf4bb59fbf,
24bdcec2-78f2-4016-b86f-3262e3d1bb8e,d3c4f1b8-f7f4-4720-be1a-593bf713000c,4f694e1e-83e9-4b04-9b8f-dd47431bb9a7,
b4dff1f9-cf27-463e-8959-d08fb664b1a2,d3c4f1b8-f7f4-4720-be1a-593bf713000c,67367935-8e6d-458f-8ba7-240ec28e8cf6,
203f0b5e-7b37-4ea4-be05-1abe584fac94,d3c4f1b8-f7f4-4720-be1a-593bf713000c,6dde2cfd-1871-4749-8970-a0cc3fcf7391,
4d9daf28-fe63-4379-a8f5-4e169ec3e569,d3c4f1b8-f7f4-4720-be1a-593bf713000c,71824621-d69f-4a5c-b2ff-cb8e29e4021b,
df83cfe7-c953-4fd0-acd6-85a7ebfe1249,d3c4f1b8-f7f4-4720-be1a-593bf713000c,73813dbf-e99a-4442-a038-1b810a487e17,
73b71cd5-539e-492a-ae9b-309bff4c7507,d3c4f1b8-f7f4-4720-be1a-593bf713000c,804b7fdc-e2ae-46a1-b378-95b1c7af45eb,
b371f6ba-ae68-4111-b0d5-a35bc4f6016e,d3c4f1b8-f7f4-4720-be1a-593bf713000c,9848f44b-2401-4474-839d-6ed9f8937054,
0053aa25-fff1-4413-9b80-d946fda5f890,d3c4f1b8-f7f4-4720-be1a-593bf713000c,9e2fedea-4136-4e45-92f6-7deb6e3ba3a4,
e7e62beb-53ad-4944-a72c-8aebeb359556,d3c4f1b8-f7f4-4720-be1a-593bf713000c,ae22c2ff-93d8-4477-84f0-64e697dfa5e3,
08faebdc-bace-4e0d-996f-1fed3e77ced1,d3c4f1b8-f7f4-4720-be1a-593bf713000c,c1034353-23f3-4027-8c9c-98676bddd7bf,
5a0e46af-edd7-44c0-babc-f5544e643e49,d3c4f1b8-f7f4-4720-be1a-593bf713000c,cfb62103-46b5-42d6-b6eb-e68482fb5fff,
be807189-6316-4584-beff-fc60704c17ed,d3c4f1b8-f7f4-4720-be1a-593bf713000c,db106d36-9ec2-45e8-8c3c-408b236bc036,
a132b6c7-39bc-49df-8f3f-de30dfb08df1,d3c4f1b8-f7f4-4720-be1a-593bf713000c,e47cd990-dbd1-410f-85ff-3512a96b4dc1,
bdac7062-005e-4154-9f14-30ebc8a73dbd,d3c4f1b8-f7f4-4720-be1a-593bf713000c,eaeded6b-96ba-4b6f-9400-f07ffb7e2b37,
a89c8ca2-eea1-435c-93ca-7f934f5ca7ba,d3c4f1b8-f7f4-4720-be1a-593bf713000c,ec46e049-04b4-4118-9f2d-1e361a70b0f7,
2d0576eb-2e54-4b7f-9d4a-998f69c4ea8b,d3c4f1b8-f7f4-4720-be1a-593bf713000c,ecec9731-dfe5-4299-a1e7-bcbc4825f583,
be76a06b-665f-4bd1-95fd-bd65a64ed51a,d3cdc544-9015-4571-9d68-79f14cb24beb,11e0cfaf-9d56-400a-b13c-b37cbdb1a86f,
c72bdd10-98a3-41f1-b2d6-3ff32886900f,d3cdc544-9015-4571-9d68-79f14cb24beb,2e28fb8d-898d-41e8-ae77-ef1cd86f7115,
52bf7936-1322-47d0-b3f8-28d929b6f705,d3cdc544-9015-4571-9d68-79f14cb24beb,32bb8484-5d5d-4e6b-9490-3c4c434d6b1a,
0173b76e-266c-412d-ab9e-609fbf854a1b,d3cdc544-9015-4571-9d68-79f14cb24beb,33b65355-7bbd-4fc7-a1c3-9caadeec352d,
7ff92494-cd5e-4fea-80d5-4b0542a3200c,d3cdc544-9015-4571-9d68-79f14cb24beb,34efa440-4413-42d6-9375-5c6757e32d50,
fb587826-9c1b-4e06-b67a-335acb1621b3,d3cdc544-9015-4571-9d68-79f14cb24beb,388dff73-0ec1-498d-9018-99b28fcfa0da,
4e8b1b3b-cba8-4fa9-8745-a18bf7964d8c,d3cdc544-9015-4571-9d68-79f14cb24beb,38b84592-3687-49dc-b8ba-fdb392d96e7f,
25dfbff7-cb00-4fcc-ae6b-531408dd2d9e,d3cdc544-9015-4571-9d68-79f14cb24beb,44bb6602-513c-4056-9640-bbcbe5ce4b3d,
2b81e73a-2d5f-4a4e-aa7f-0da085f76441,d3cdc544-9015-4571-9d68-79f14cb24beb,44ddebbb-ebe3-4987-89e5-a54edd212b08,
08f15219-e3bd-415b-82eb-207c2b6b792e,d3cdc544-9015-4571-9d68-79f14cb24beb,574d9993-2863-45e9-a640-b47fc6cd455b,
780eb0b6-2bb2-4f2f-b67a-0a6de167866f,d3cdc544-9015-4571-9d68-79f14cb24beb,5bab5d4d-d71c-48f6-a99f-f6667f978ead,
db65e1e9-43b3-4c31-913f-fc31635f42f0,d3cdc544-9015-4571-9d68-79f14cb24beb,6040a29d-f8b7-47a9-8116-cf68e9f011f1,
e51698a9-4e6b-474c-8a4a-2f52b05014e9,d3cdc544-9015-4571-9d68-79f14cb24beb,61256e24-cef1-499c-9537-61db6429ac5c,
cd0d2380-1f28-4e2e-b7d9-3bb16540e335,d3cdc544-9015-4571-9d68-79f14cb24beb,63f94fee-1c36-4823-a790-e8dadeac87b1,
a436e3ec-7661-4228-9210-59c08434e157,d3cdc544-9015-4571-9d68-79f14cb24beb,6d9f5aeb-f7be-428c-9599-538b2ec3e9d3,
ddafd816-62a5-44cc-9fb2-7e766e7b7a04,d3cdc544-9015-4571-9d68-79f14cb24beb,71c5047d-8439-4cb5-a748-ad46a63ae524,
f09e69c6-3570-4d4d-8d25-a0d798c0fe02,d3cdc544-9015-4571-9d68-79f14cb24beb,76404772-581c-47f4-bc96-7eddf3269527,
94a37234-20bc-4980-870e-7b41c39e76ee,d3cdc544-9015-4571-9d68-79f14cb24beb,7c86ff2e-f83e-493a-94cb-a80f5dfc2234,
80e85547-0379-4101-872e-f96d8ec86632,d3cdc544-9015-4571-9d68-79f14cb24beb,8cb46fbe-57ad-48b6-94b1-7755d66b9b38,
486a184d-cc5f-460c-803b-760bc48e63a6,d3cdc544-9015-4571-9d68-79f14cb24beb,8fdb804f-3a89-407e-a3eb-b06bca79bc08,
965e8c30-2ee9-4bdd-ab7d-49892feef809,d3cdc544-9015-4571-9d68-79f14cb24beb,97a8df74-4fbc-4bd2-9874-b2a64135d204,
36ad5643-f853-4a05-b32b-568d80afab20,d3cdc544-9015-4571-9d68-79f14cb24beb,a9f40cd5-62b3-41b3-90a7-d9478a71bd3f,
f6b2d578-e03f-42ed-9127-ad31ce57d557,d3cdc544-9015-4571-9d68-79f14cb24beb,addb9de6-a537-447a-9aff-8bb9c1d274c0,
455538a7-83dd-4dde-ad8f-2fa0702f0fb3,d3cdc544-9015-4571-9d68-79f14cb24beb,aff1a8f2-94be-423b-a520-3db076e1c4b4,
0b93a21a-ba02-4323-9add-571f30c05f19,d3cdc544-9015-4571-9d68-79f14cb24beb,b01ef51e-4bce-452d-b83f-969dbec855a8,
e7a3a71b-9054-41ad-af37-924a24e365b7,d3cdc544-9015-4571-9d68-79f14cb24beb,c1a17ebe-5e45-4246-ad4a-f779a5909fcd,
c4ada2a8-7c06-4c02-bf28-089155b2aaf2,d3cdc544-9015-4571-9d68-79f14cb24beb,c3a83b96-8779-451d-baea-5119683cd362,
8c398639-3689-424f-9028-bdddf833ee9a,d3cdc544-9015-4571-9d68-79f14cb24beb,c6be1b21-26b3-42a9-81e6-aa1e9073f22c,
8c37cbfd-40cc-4b12-8ba8-e8897d5e8f71,d3cdc544-9015-4571-9d68-79f14cb24beb,ce97474d-415e-45d3-8534-0dd494384db0,
eea40c7c-9f18-48e2-88c6-9d995a25670f,d3cdc544-9015-4571-9d68-79f14cb24beb,d99e55ff-d4d1-46cf-978a-b2e37093f90b,
e8596c4f-5d80-4c88-addb-2ef91c3521d3,d3cdc544-9015-4571-9d68-79f14cb24beb,dd403e8a-88ff-4309-ba96-45eca338c6b1,
8fd7174c-ab7a-40d1-a8ec-69c6f12b4889,d3cdc544-9015-4571-9d68-79f14cb24beb,de2461b8-a933-4296-bd9a-25296aaf2a14,
e8633265-0d11-4312-a276-25b915a0cb76,d3cdc544-9015-4571-9d68-79f14cb24beb,de289919-07be-47e3-ac75-bdb370ed4e7f,
f043b207-be7e-4ca4-91a5-10e6e15fc9bb,d3cdc544-9015-4571-9d68-79f14cb24beb,deb26ba4-88fa-4d31-9e66-0f6aeaa898c0,
5420917d-fcbd-4acc-85cf-c9acc99a0eac,d3cdc544-9015-4571-9d68-79f14cb24beb,df175f80-f901-4799-a1b4-7ea5358b2b48,
0e4e8792-a4c3-43ef-bf25-3bab614c6f17,d3cdc544-9015-4571-9d68-79f14cb24beb,f712a0f8-09cd-461f-a6ca-1dcbb7622fed,
27b9e530-3806-4334-b24b-12dc453c3c6c,d3cdc544-9015-4571-9d68-79f14cb24beb,ff96524b-57c0-4009-bcbc-ecbded2923e7,
1bc5466e-101f-4bc2-9e3f-7dd72c60a4e4,d3f60f84-186e-4f44-8e24-d6c65d3ba343,71fa2041-54a7-462c-b366-85b7f8a3b2e6,
3d7a4a64-2a1a-4577-8f48-e98cf17f9acc,d3f60f84-186e-4f44-8e24-d6c65d3ba343,87487711-f38c-4357-9c1f-19f8ce2c630e,
de5a53ea-e6a4-4447-a4d3-2f7f821530da,d3f60f84-186e-4f44-8e24-d6c65d3ba343,89833dd2-8995-43c2-a705-6c3d6a5a2adb,
7ca2a7e8-ccc6-45cd-9f7d-1d366588024a,d3f68e40-f86b-4e33-b234-cf910e673517,1b2516e8-af9d-4518-8d8c-5d90407ba59e,
b9544040-a337-4b0b-8478-90617db42cc8,d3f68e40-f86b-4e33-b234-cf910e673517,3eb24143-64e2-49d8-aa5d-9925af4ce094,
af888a2f-9a90-4b0b-81a8-c958d305c687,d3f68e40-f86b-4e33-b234-cf910e673517,55caf635-d4d7-4bf8-8297-9fdcc64daa09,
1a51be89-fe88-40d8-89cc-1e735bf74178,d3f68e40-f86b-4e33-b234-cf910e673517,574adfcb-9bca-4790-841f-c93edc6c19a8,
d717d842-a48e-4acf-a4be-db6b26db9681,d3f68e40-f86b-4e33-b234-cf910e673517,6b7c2890-2319-4c57-ac4b-b2ce950c4559,
f3e3cc3f-1800-48ed-b1f6-cd1dc59b11ae,d3f68e40-f86b-4e33-b234-cf910e673517,6bf7a58d-aaa7-417a-8a50-4fd38330df35,
32efaf89-139d-4492-8941-0994d07ff134,d3f68e40-f86b-4e33-b234-cf910e673517,6de5dd8b-902c-4bb6-a59f-d3ace5d7d472,
82c920f8-cac7-4d37-9366-5d016e2f5411,d3f68e40-f86b-4e33-b234-cf910e673517,72a6d300-27c8-4714-bcea-b2c271ccbdbc,
b8645d1a-70bf-442c-b658-1620abd74332,d3f68e40-f86b-4e33-b234-cf910e673517,7ff64c4b-3611-4b25-939f-dad0a1280a67,
722f0f1a-0ec2-4855-b5eb-f065d8a0fb81,d3f68e40-f86b-4e33-b234-cf910e673517,87da9e80-6b0c-4564-9e50-6f5f3b96eee2,
7e6dbf89-969e-44a4-ad77-cf3fea55db08,d3f68e40-f86b-4e33-b234-cf910e673517,8c89f17a-b679-45c3-9be1-8e27a50c19d8,
b9b2b976-9778-41c2-afd4-e79eaa4fbd62,d3f68e40-f86b-4e33-b234-cf910e673517,959b1201-c673-48ef-bda6-6c3330fba5b5,
bd1cc223-4dc1-411b-b1b8-05a72f819575,d3f68e40-f86b-4e33-b234-cf910e673517,a211cea3-8522-409c-9d5c-3c1571ea81e4,
04bfa955-15fa-40d1-8b5d-e0eb597c74b5,d3f68e40-f86b-4e33-b234-cf910e673517,aeb6c3e5-4c00-4b18-b205-a23be54fcec2,
ef47dd94-d9f4-4c7e-9e98-ac0189dd0b3d,d3f68e40-f86b-4e33-b234-cf910e673517,af3afc39-e78c-4d84-880e-566af7d34499,
c2d5b348-b784-4903-839b-c70a0c2f26b4,d3f68e40-f86b-4e33-b234-cf910e673517,b56fc884-0f27-4cbb-bdb5-5d2da7705cf2,
83563b44-3a67-4bc5-b8a1-02b88bde4f4b,d3f68e40-f86b-4e33-b234-cf910e673517,ba3b7304-8927-4203-a4a9-455177b774eb,
dbb6fc26-9ebd-4503-b5de-cc382d875b80,d3f68e40-f86b-4e33-b234-cf910e673517,d6517c1f-fd88-4bc4-bfbf-431a6046ded6,
1881b504-7a77-4b6a-a328-9f33fd9f4f80,d3f68e40-f86b-4e33-b234-cf910e673517,ff577320-3265-4d43-9361-9e2dd33e46c3,
5851abaf-9b74-4191-bdd9-34c9ca876080,d3fa1c58-2dfe-4dcf-9e37-096d990ed756,00d6562e-2f19-4bef-9930-bfc9682196a6,
64d289d8-977e-4b79-9cc8-e495f4b1b135,d3fa1c58-2dfe-4dcf-9e37-096d990ed756,0176006b-7cc9-42f3-867c-2c00cdd60e0e,
d9ec4e1b-9e04-4b06-aeb2-637f2c29a7f4,d3fa1c58-2dfe-4dcf-9e37-096d990ed756,0c35bc56-f7af-48aa-a9e4-e9d3db3a4777,
2fd49c54-d1ee-4cf2-8aad-c3b2c889a1c1,d3fa1c58-2dfe-4dcf-9e37-096d990ed756,2df5fbbf-4673-46db-93e2-8101cddfbe8b,
d837603c-8207-4a42-89f0-f61c35366ec6,d3fa1c58-2dfe-4dcf-9e37-096d990ed756,3ed27a57-13a8-4819-bbcb-fe84f61c86a0,
8bd41320-5e69-486e-a5ca-e34cf14d4991,d3fa1c58-2dfe-4dcf-9e37-096d990ed756,86dde809-3b1d-433f-a0c9-2f5d5d06ea4f,
9049a88a-000c-4b4d-817e-22b67b69af59,d3fa1c58-2dfe-4dcf-9e37-096d990ed756,91d3ba8c-f954-4eaa-be86-0b7db7f2f707,
48374acb-d6d5-4a33-bc46-e10a77368eac,d3fa1c58-2dfe-4dcf-9e37-096d990ed756,a28c5436-2e51-41e9-be65-085b0ba21830,
219ba711-f7e7-4b0f-bd2f-a5c94b6508db,d3fa1c58-2dfe-4dcf-9e37-096d990ed756,a3fe828e-0d82-417f-9e5a-ca40090f2357,
3f78c291-cfb9-4ddd-8942-edab78de3199,d3fa1c58-2dfe-4dcf-9e37-096d990ed756,a897234e-e9ab-4574-9fcb-079d760fcdeb,
08b37387-6a8b-4bf4-a03c-44c3c71ed4b4,d3fa1c58-2dfe-4dcf-9e37-096d990ed756,bc8f06cf-1d17-4235-a389-e6a22592c8a8,
604078c4-1b1f-49db-9f39-135623aba4fc,d3fa1c58-2dfe-4dcf-9e37-096d990ed756,bca61cb1-b3a6-4790-b113-ca4a5f047dd3,
c9889031-9435-4f5c-a8f3-4bf6b6288021,d3fa1c58-2dfe-4dcf-9e37-096d990ed756,bd8ee58e-9b25-4461-93a7-5e0d0d9c1424,
56ef4603-a75c-4647-af05-fd9665a77d13,d3fa1c58-2dfe-4dcf-9e37-096d990ed756,c6e7c8b0-6788-4f9e-a497-162adcbd0113,
90b9f977-90c9-442e-ad97-d77c2de9cb64,d3fa1c58-2dfe-4dcf-9e37-096d990ed756,ccef0e23-be7a-4c4b-ab1d-7d122deedc39,
f1c19845-8745-43ea-813d-a24fde0a9ce0,d3fa1c58-2dfe-4dcf-9e37-096d990ed756,d89d5418-7b78-415c-a1d5-70af0b37bfec,
e2c674c1-6fc5-4a02-9cca-27bf319e0320,d3fa1c58-2dfe-4dcf-9e37-096d990ed756,e92423c7-5c3b-4d04-a416-4dfea1e74dda,
506bdf50-792e-4e08-be8c-4ef8fbe95686,d414a257-9d6b-42bd-b3f9-eb6a85447ff6,03047a12-9d7b-4cd7-9695-8712aba895c0,
5072c377-1625-470c-9647-941fed279944,d414a257-9d6b-42bd-b3f9-eb6a85447ff6,03d71d5a-a995-4ee1-8be9-8bc2e4c5eec7,
bc34f2a1-a8a9-483c-a617-18c16360d857,d414a257-9d6b-42bd-b3f9-eb6a85447ff6,06ae81fe-5945-4e77-b993-8a97ac13d6cb,
0341b278-e620-47bd-9df3-6a898ab82f29,d414a257-9d6b-42bd-b3f9-eb6a85447ff6,06b71f0e-e9b7-4b41-a094-53a93cd46e06,
8b3c208d-fafd-409a-a8c1-259a6f864057,d414a257-9d6b-42bd-b3f9-eb6a85447ff6,093238e2-0646-441f-940f-7b323ca7ea89,
265cfbf1-2b4c-4735-806b-03ae08086044,d414a257-9d6b-42bd-b3f9-eb6a85447ff6,09c50f1a-03d1-4c52-a3a4-d622d51a4d2c,
8a6dfbf6-3303-4042-9516-d51b00ed43f4,d414a257-9d6b-42bd-b3f9-eb6a85447ff6,0b4a1ba9-0124-41ca-b0b2-b48e0ebe732b,
0a8b00c2-54d5-4403-8828-596816f333b6,d414a257-9d6b-42bd-b3f9-eb6a85447ff6,106fa666-4a22-4095-8d9a-9161b7fafc3b,
51aa7398-bd68-45df-8ca7-9584e8d71ddf,d414a257-9d6b-42bd-b3f9-eb6a85447ff6,130de777-f3bf-4bf3-86b4-7febbeead552,
12c6c91b-55f9-4f5e-b686-49dbd670da61,d414a257-9d6b-42bd-b3f9-eb6a85447ff6,13f4e689-e97b-489b-b40b-74119f70e901,
e65da0d2-bef6-45eb-8833-e7289b75bea3,d414a257-9d6b-42bd-b3f9-eb6a85447ff6,191ca443-9e53-4f00-9846-5f788e542adf,
09a2027e-610b-45c8-b46f-9d360ec79218,d414a257-9d6b-42bd-b3f9-eb6a85447ff6,1bfb6327-a557-4779-bc00-a4d8d76692cf,
c7c4a164-6533-4b8e-b9eb-6409b083da07,d414a257-9d6b-42bd-b3f9-eb6a85447ff6,203a3304-785d-4501-8282-67165a57ce93,
2d5b96a3-d78e-43e7-ac3c-209f1042e528,d414a257-9d6b-42bd-b3f9-eb6a85447ff6,22d6bf70-b8e1-4200-aded-aaf091b4c224,
7ca47688-62f2-4188-b0a7-84093a998559,d414a257-9d6b-42bd-b3f9-eb6a85447ff6,2393372e-f1a9-45ee-b59b-beeb98fda544,
05fd35ee-3451-48b6-8428-facb3b88d0ee,d414a257-9d6b-42bd-b3f9-eb6a85447ff6,26731234-e979-478e-aa21-26f141b66664,
8cf0e98f-180d-420c-b782-12042fe4d1bc,d414a257-9d6b-42bd-b3f9-eb6a85447ff6,27a56fb3-71a8-48cf-b30e-60e1a159e99d,
2a8f301d-e5bb-45e8-9a5f-27c87f4c4aa1,d414a257-9d6b-42bd-b3f9-eb6a85447ff6,2db4d897-2078-45c9-acdb-524758feade6,
c5a79e16-c7fb-4fc1-9057-04f6bcd7c92d,d414a257-9d6b-42bd-b3f9-eb6a85447ff6,3007507c-8d09-4b15-bf9b-5056aa9a3a29,
0536a09d-c957-4d70-ab27-c441969b8e25,d414a257-9d6b-42bd-b3f9-eb6a85447ff6,33c4d29c-f72f-4590-bec8-4d546de80aa8,
1fe6ec90-b2da-4d69-8e2d-5e748f9d9816,d414a257-9d6b-42bd-b3f9-eb6a85447ff6,3482c43a-51d1-477e-9ef2-82d4d89d82db,
d24b0f02-e55e-41ec-a7fd-d7519882da8a,d414a257-9d6b-42bd-b3f9-eb6a85447ff6,36c37bb4-11c6-4ef1-b7bd-a0484297e795,
882c3d83-aa6e-48d1-88dc-6b615e544beb,d414a257-9d6b-42bd-b3f9-eb6a85447ff6,3ce45ed0-0c0f-434b-a27c-261ed542c551,
f9543882-1da5-4204-90ec-4b08fb543335,d414a257-9d6b-42bd-b3f9-eb6a85447ff6,3fca664a-e306-488c-b29b-d0826a686006,
ba574a40-b8a4-4e59-b5b7-4deda39a2daf,d414a257-9d6b-42bd-b3f9-eb6a85447ff6,44273c51-3cf3-4a25-990c-309b3afa2790,
04edcab5-fa32-4478-9cdb-ddb5ef2b8db9,d414a257-9d6b-42bd-b3f9-eb6a85447ff6,4b3e64fa-38f4-4414-8912-0bb7aea223f6,
ef295dec-97bb-4e22-b8ef-9eaec3f0be41,d414a257-9d6b-42bd-b3f9-eb6a85447ff6,4b9b2fd9-7ee4-4ecb-ba38-fc6ba595b424,
dc1eab2c-5792-466e-a551-0a8f11124a10,d414a257-9d6b-42bd-b3f9-eb6a85447ff6,53bb7739-0f81-4842-86b9-6a51b45ebc9d,
bca1fb00-1167-443a-bcde-7a822a7ccecc,d414a257-9d6b-42bd-b3f9-eb6a85447ff6,553a41a4-7c21-4b33-b5ba-c073ac6f1e5c,
1e79f221-d2dc-410b-9727-abffd755e32d,d414a257-9d6b-42bd-b3f9-eb6a85447ff6,55734046-3664-42ca-bad0-8f2e8f680d93,
7a6f5bca-1b89-41fd-8f7d-b6c56844e9e0,d414a257-9d6b-42bd-b3f9-eb6a85447ff6,5977a111-3031-4efe-9f3d-48165f3725e3,
c26f6807-2c50-4fe2-8590-058d936b9975,d414a257-9d6b-42bd-b3f9-eb6a85447ff6,5a1e0231-5981-489b-b76c-200a750a5c33,
4fbec556-4ff1-418f-be1c-69377efbd3f1,d414a257-9d6b-42bd-b3f9-eb6a85447ff6,5b4206d7-0104-48a3-a40c-700d5cd9b798,
51fafadc-c399-4453-99e0-8861c114889a,d414a257-9d6b-42bd-b3f9-eb6a85447ff6,5bb64dde-1965-484e-8ec9-b1e620207e3c,
ce53e881-c994-48f4-9caa-747ce06ed379,d414a257-9d6b-42bd-b3f9-eb6a85447ff6,5ef4b2d8-6127-497b-9f10-7148ed1542db,
14ea46d3-2b46-4064-ae02-5e58cb5e7c10,d414a257-9d6b-42bd-b3f9-eb6a85447ff6,5fcb83d5-7584-4ce2-88d9-b0da96c16c0a,
afb230e8-6ef1-4ab1-a78c-d013d1d2f69a,d414a257-9d6b-42bd-b3f9-eb6a85447ff6,624ee45f-415c-47f5-acd4-45e8c7ad26d8,
323722cd-9ddb-499e-ab3b-4a1623eb5727,d414a257-9d6b-42bd-b3f9-eb6a85447ff6,68cbe34d-4eb5-4a18-9b98-212d44a810b2,
d413d295-63ce-4528-ac96-7941b84b6e0f,d414a257-9d6b-42bd-b3f9-eb6a85447ff6,6a2df96f-21b0-40a3-bfd8-32c72e69e0e0,
64109532-54c1-4e53-8e8f-809b4415df49,d414a257-9d6b-42bd-b3f9-eb6a85447ff6,6ab06f04-4a44-4b17-b8d7-4af45d130cb1,
7a23820d-d74f-471c-910c-efaaa3d4182f,d414a257-9d6b-42bd-b3f9-eb6a85447ff6,6ac52033-b7a1-4742-9563-320043262636,
add522b6-3608-4b38-add1-5a6352f3a3b9,d414a257-9d6b-42bd-b3f9-eb6a85447ff6,72c74f16-aed6-45b1-97a7-7c8a873a4452,
e849872a-7d00-49d1-942c-dc1e4c8a2604,d414a257-9d6b-42bd-b3f9-eb6a85447ff6,73b3e802-0454-45a8-919e-4be4c3430551,
4edd6c4b-acd1-4329-9f66-6f4876814d61,d414a257-9d6b-42bd-b3f9-eb6a85447ff6,7682b137-5922-4e8f-84e7-40957fd75cfa,
860e27f1-1243-4bdd-8f84-1744a72c5ba9,d414a257-9d6b-42bd-b3f9-eb6a85447ff6,78db8fb8-5cd2-4435-8ab0-cef29b9a014b,
e488447c-0e43-43ed-bafd-7e933b16823c,d414a257-9d6b-42bd-b3f9-eb6a85447ff6,7b0a0135-9a0b-40e5-a81d-c4278b782e11,
7e5b465e-c2f6-4ddb-8550-e26707a32c14,d414a257-9d6b-42bd-b3f9-eb6a85447ff6,819ae94a-f368-440d-8910-88ab4a626b11,
d5565084-064a-4bbb-bbeb-0242ca7b8dd3,d414a257-9d6b-42bd-b3f9-eb6a85447ff6,85d1c7da-0bb3-4d07-9a14-a1197d00358e,
3d1a1d5e-b714-47ad-a1df-788f74a0462a,d414a257-9d6b-42bd-b3f9-eb6a85447ff6,8f3f1caf-badf-48e4-a3cd-d1ba7736dd9a,
6a681905-89de-4507-b7da-40e80acef80f,d414a257-9d6b-42bd-b3f9-eb6a85447ff6,91442efd-e26b-4537-811e-2f4e1111cd0f,
109e7fc2-5152-4b81-95cb-f5ff0d1f25b2,d414a257-9d6b-42bd-b3f9-eb6a85447ff6,969698f5-6fdb-4d1e-90c6-b0893c252366,
aa8f2efb-4913-4e38-bb80-0c8856043fab,d414a257-9d6b-42bd-b3f9-eb6a85447ff6,9da76b3f-6653-47db-b6bd-8deee1bca6d3,
27828e48-4f57-44bf-b286-263ce3e4064a,d414a257-9d6b-42bd-b3f9-eb6a85447ff6,9dc394bc-4b2d-4a3a-b5d3-035b04092e35,
0600ae48-f389-4f1e-aed6-94f4cdee9aa8,d414a257-9d6b-42bd-b3f9-eb6a85447ff6,9ffbf337-66ed-4f0f-a347-ff4417084fb4,
15ec85c3-8c51-4a33-86ea-14dc889390e5,d414a257-9d6b-42bd-b3f9-eb6a85447ff6,a55b01ad-cf5c-43c9-850f-51230a850a7a,
fc6a068f-49c2-4e35-b753-e2ea7ec38021,d414a257-9d6b-42bd-b3f9-eb6a85447ff6,a600693c-393b-4d51-8f88-6254beebe40c,
7c3614b7-be73-4e00-aa49-49630f046148,d414a257-9d6b-42bd-b3f9-eb6a85447ff6,b16829dd-de9d-42b6-b94c-74fd7fa9ed0c,
f0e9e3fb-880d-4876-ac79-428530de189c,d414a257-9d6b-42bd-b3f9-eb6a85447ff6,b35741c0-75bb-4013-a899-367c0f9d21a1,
d1c6f2ac-eab0-49c0-8a53-13bb9d360e93,d414a257-9d6b-42bd-b3f9-eb6a85447ff6,b53e69b7-eb1f-419d-a9ef-e7f2bf814e15,
897f8881-a2f5-4210-b237-9425baa0ad22,d414a257-9d6b-42bd-b3f9-eb6a85447ff6,b5b6769c-4115-4c3e-9cd0-c7e9758ff930,
0d9ba103-f678-424f-ba1e-2a7f5b9033c8,d414a257-9d6b-42bd-b3f9-eb6a85447ff6,baea44e2-74a8-4486-8409-5ae4b70db292,
c83085a9-fbdd-4adc-a2aa-57def2ff4b65,d414a257-9d6b-42bd-b3f9-eb6a85447ff6,c172ca1e-e34f-4144-b417-af96fcb54908,
63046615-25c5-4f82-9cb3-586b63726fcb,d414a257-9d6b-42bd-b3f9-eb6a85447ff6,c92dee25-cde9-4a74-bd67-20986c52a34c,
77d92c93-d461-4cba-b72a-3f566df03a96,d414a257-9d6b-42bd-b3f9-eb6a85447ff6,ccc46dc2-3ee7-40d1-a422-a72f57be044a,
29b10a22-394f-4c32-aff3-ed5f8033902c,d414a257-9d6b-42bd-b3f9-eb6a85447ff6,cdbdfaa3-1658-4f5e-a632-c1676cb6f6b4,
c060b1b5-5602-481a-a55f-fcebc0e0a208,d414a257-9d6b-42bd-b3f9-eb6a85447ff6,cf372a1b-f0f3-4f76-a88c-28a603861e54,
e2a3c97d-bcb9-4e85-a821-0471162aa5c3,d414a257-9d6b-42bd-b3f9-eb6a85447ff6,d3285c23-a5dd-42b8-b546-5063a21acc5a,
7a23311c-14a0-42d2-9d15-1bc1f7fae5f8,d414a257-9d6b-42bd-b3f9-eb6a85447ff6,d9f024fa-6b55-499a-ab0d-12a551e93898,
c0e91d2b-3c06-4c4c-900f-0d05a333075a,d414a257-9d6b-42bd-b3f9-eb6a85447ff6,df319ffd-1947-41a1-b2af-ef7d4dc96df6,
73a3a428-51c7-4475-b508-dcb6acfabb13,d414a257-9d6b-42bd-b3f9-eb6a85447ff6,e4841ae9-3363-42bb-9fa4-73d68bdcc5b7,
d4f7e4e2-5fe9-4204-8229-695b55e1695e,d414a257-9d6b-42bd-b3f9-eb6a85447ff6,e7b72552-e09b-4f59-8686-7931733938f7,
2a9c9ee1-041c-48c3-b84d-800291a02b17,d414a257-9d6b-42bd-b3f9-eb6a85447ff6,e8903f1c-6a4c-48b7-9c01-07468914655b,
97ac99ce-fbf0-4712-aed5-6396c102d7a8,d414a257-9d6b-42bd-b3f9-eb6a85447ff6,eca169de-fd6e-4af9-94da-5b75f06d8200,
0cc7ffba-5c27-4e4e-a1d8-f80d750a44fd,d414a257-9d6b-42bd-b3f9-eb6a85447ff6,f4732079-ea08-42c1-b58b-eb9a7953cdd9,
14b45ad3-90da-4a53-bb91-61ad976b4448,d414a257-9d6b-42bd-b3f9-eb6a85447ff6,f4be4d86-b1dc-4308-bab5-0743b38623f0,
bafdb062-7ff9-4912-9353-edcd2cc874f6,d414a257-9d6b-42bd-b3f9-eb6a85447ff6,f8cf83ac-9e87-45e2-91d7-8d75a4f0e6c0,
42d0c4de-dbcc-432e-a9b6-b19e872dddf9,d414a257-9d6b-42bd-b3f9-eb6a85447ff6,faee84f5-a4a4-4cee-9ecc-bbb8288ee8a8,
3e97c394-4f5e-48c1-b69f-af754f568831,d51ac50d-dc6e-4ed4-a807-189747da8a6e,0ef05366-4a2b-4f4c-8c08-594d12fbd3e2,
07a248a8-5343-48d2-986d-dc7425d44433,d51ac50d-dc6e-4ed4-a807-189747da8a6e,373ce592-385d-4d41-a2b4-1a3165939d45,
6b80b166-9e1d-4077-8c77-9a48c46272dd,d51ac50d-dc6e-4ed4-a807-189747da8a6e,480531fa-4707-4a2b-aad8-25ce211aba04,
5f507c12-ef50-4993-83a5-308788c9b687,d51ac50d-dc6e-4ed4-a807-189747da8a6e,703961c9-b609-49a5-9da6-0c756d77da3e,
02a391a2-689e-409d-820d-aa960569d8db,d51ac50d-dc6e-4ed4-a807-189747da8a6e,96d1ec2f-c526-4c63-b4c3-6aa06e1a49a1,
fb883b3b-58d7-4c35-8af2-b78c8fbb2eeb,d51ac50d-dc6e-4ed4-a807-189747da8a6e,cc68a6a8-cf02-4fc2-a137-a2311422334d,
b3e5bc69-cb59-4859-978b-6e37623f2fe4,d5dcc415-e9df-429e-8638-48bf20231dff,3cc7be41-1af8-4bb1-9f02-3659977f0a79,
d7ca0ff4-32f5-435e-b55b-245332ac7281,d5dcc415-e9df-429e-8638-48bf20231dff,4982bb46-9dc6-45f1-9f05-9e8049596944,
faffa502-c061-4703-b7bd-b3ff694edd6d,d5dcc415-e9df-429e-8638-48bf20231dff,5dc11ed1-6849-4a93-803b-8108a4509d39,
e88c11cd-dea2-4cf9-9e70-836c867979b6,d5dcc415-e9df-429e-8638-48bf20231dff,c52ce7bc-2aa2-499d-96f5-212a93c0589f,
96c02b3c-5b20-4bd1-8ff7-74d7a32baacc,d82751cf-6e6b-4969-9f7e-fef3a9580234,0dcb0c98-9de4-4c5e-ae38-13dcf8a9ee7a,
5d618ea1-a745-488d-9f01-5c250b1bcaf0,d82751cf-6e6b-4969-9f7e-fef3a9580234,b773b06d-4f2a-4e93-ae45-3f9417ec37b9,
5930867f-9d25-47d8-9174-4a63fe39062a,d82751cf-6e6b-4969-9f7e-fef3a9580234,cf96c6f6-0562-4dff-8667-f75d59d95f49,
9c893b77-401a-40b6-b94d-c9cb58c79848,d82751cf-6e6b-4969-9f7e-fef3a9580234,f97e9c68-5567-466c-bd11-d42fcacb0c03,
40a15a06-a8c0-4b8f-8cda-389cc9316418,da9b28bf-47c4-4c9f-b6cb-05d54ab92ced,421e1127-366d-4a80-b6eb-f9825c2d3b65,
9ef6b30a-3686-435f-baff-985a1742ba09,da9b28bf-47c4-4c9f-b6cb-05d54ab92ced,4f295317-4c21-4fa9-91db-d7dbcd404926,
507ec1d9-e919-4a59-ba18-38b3b5dbd838,da9b28bf-47c4-4c9f-b6cb-05d54ab92ced,575adc13-8368-4f78-af81-ace93f239a7e,
3e2cb247-d1b2-47be-9aa6-13043e0bf71d,da9b28bf-47c4-4c9f-b6cb-05d54ab92ced,638adfc2-8683-4911-ab45-cde7e4fb3a29,
f453036f-d919-409d-a960-903950c65c5a,da9b28bf-47c4-4c9f-b6cb-05d54ab92ced,898b15af-7ca2-4664-8869-59f5c1328545,
9325d4ad-115a-4610-835d-fe87a4bf867f,da9b28bf-47c4-4c9f-b6cb-05d54ab92ced,e6dffe32-4835-4864-b141-94a1d138e1f8,
a5e507cb-acdc-436a-a03f-82f8be92bc5c,db766a1e-5aee-4ac4-8bb3-7d1e0613b52c,2ed48f9e-3ac4-462a-8fad-1aa8259d996c,
abf2703f-d7b4-486a-8dc0-191f62aeb05c,db766a1e-5aee-4ac4-8bb3-7d1e0613b52c,3766059f-9222-4193-b41f-926e16088433,
aa4749e3-97a7-4753-bb51-019df47ad006,db766a1e-5aee-4ac4-8bb3-7d1e0613b52c,61af6efa-e427-42f1-b546-77027bcd67c8,
aa2de32f-7fc2-4c0f-b966-60c3a6bb42a9,db766a1e-5aee-4ac4-8bb3-7d1e0613b52c,6d62af27-03c0-4805-a81b-d28c0bb9c0a2,
248a6c70-e6a3-43a3-819c-0cc10011a6d0,db766a1e-5aee-4ac4-8bb3-7d1e0613b52c,6f932de7-30a5-4f4a-aa31-f0e57119c37a,
83722c21-b82e-483b-bc15-c7d5aa2c7f40,db766a1e-5aee-4ac4-8bb3-7d1e0613b52c,9050c3fd-8405-42da-9829-9115bfd90e47,
e9c9d0ca-4cf4-4994-b93e-b64029107886,db766a1e-5aee-4ac4-8bb3-7d1e0613b52c,ad1fecc1-b046-4a1b-aed8-f38693668930,
99e758f1-85d0-4258-9703-112f1a9484a3,db766a1e-5aee-4ac4-8bb3-7d1e0613b52c,e818fa04-9f5a-4116-8850-26b0e5e3a80c,
0becaae6-13c6-4ce0-b48b-b91625aa38ac,db766a1e-5aee-4ac4-8bb3-7d1e0613b52c,f7f7d547-432f-4d81-ae5d-888086eb75da,
331b642d-3862-4409-9c4f-29718563997c,db86bd85-24be-4588-ad1d-209ef974183f,e01061e0-9379-4698-9cf9-bc73712168d9,
90f51e9e-22f4-4d7c-a368-277492e797c6,dc9d971f-42fa-4612-9bd4-9c686a7cc320,000058e9-caca-41f8-8ef0-cf20cd06f972,
64ba60a0-c276-41c5-8d48-613335a188c3,dc9d971f-42fa-4612-9bd4-9c686a7cc320,177436e2-6d81-454f-86d2-f0b29ba0f54c,
f956d74d-22e2-4301-aa84-64da9980cde7,dc9d971f-42fa-4612-9bd4-9c686a7cc320,1cda52b0-4add-4637-a24e-ecdc23f14758,
e8e7e90f-5eae-49c3-a465-9dc0b094599e,dc9d971f-42fa-4612-9bd4-9c686a7cc320,21e012c7-f86c-488b-a460-2504752a71a2,
8c5adf5b-71e6-4003-a581-5a870319dfd5,dc9d971f-42fa-4612-9bd4-9c686a7cc320,247d8a59-fb8a-4a4e-8d37-5f16696eda97,
d9458f14-7e03-4ba5-aed4-7404485b04f9,dc9d971f-42fa-4612-9bd4-9c686a7cc320,3013563e-b887-4fee-9509-fc0a3809da00,
ae6a505b-fd87-40a5-bae3-a48ac00557a1,dc9d971f-42fa-4612-9bd4-9c686a7cc320,31bb5077-52e9-411b-9d5e-23fe10ae47a6,
9fc0c18d-97e2-4f48-aa5a-baf7b9c249c2,dc9d971f-42fa-4612-9bd4-9c686a7cc320,330227c2-d489-4d24-bda1-7f098e0f4f4c,
5ffe84c8-c5c6-46a0-b1cf-7800d1385c35,dc9d971f-42fa-4612-9bd4-9c686a7cc320,3702957f-6dac-4f7c-bd27-67147d81507e,
80fdcbe8-449c-4720-a8c4-ecfd515266a1,dc9d971f-42fa-4612-9bd4-9c686a7cc320,412e439c-bbe5-48c4-bcf1-e46874e4335b,
731d3518-318f-4c78-99f4-4eab8a168e0f,dc9d971f-42fa-4612-9bd4-9c686a7cc320,45da355b-9741-4d0b-977a-036803b90c32,
2a310a02-cf9c-4e7c-b597-a0749719f3c4,dc9d971f-42fa-4612-9bd4-9c686a7cc320,4a40dbb2-f499-4406-8e29-fd688d5bb39b,
49fed5c6-bfdb-4ffe-85d3-07932371864c,dc9d971f-42fa-4612-9bd4-9c686a7cc320,4a8f53c9-c953-4eb5-84d4-3a981144c3ca,
cc90f7c9-3c81-41e8-861b-7278abbef502,dc9d971f-42fa-4612-9bd4-9c686a7cc320,4bb337ec-c4b4-4550-a2b7-036fc9b8d7a9,
447cfb3e-21c1-4bf2-94a1-676d67dd5313,dc9d971f-42fa-4612-9bd4-9c686a7cc320,4be7b156-11bf-40d5-87e6-e073dd3c0d59,
28cf770c-ab18-47b6-b7f7-c1e1944679ac,dc9d971f-42fa-4612-9bd4-9c686a7cc320,4d3c3250-9fe7-4941-9681-e9855514e5e5,
3e669633-ac40-49e0-bc95-f9e6f9763ed7,dc9d971f-42fa-4612-9bd4-9c686a7cc320,4fc0acfd-debd-4575-a831-93224756aef5,
c3d880cc-8341-4a71-9660-226cf36a0264,dc9d971f-42fa-4612-9bd4-9c686a7cc320,63e42b86-e4ff-4589-a8fa-9dcb2acf9802,
34f9161e-cbcb-479f-bf3d-2ea89fa29bcc,dc9d971f-42fa-4612-9bd4-9c686a7cc320,65d96f7f-eddc-48fc-bd66-2cd85a74df23,
4439f717-6d05-4f06-b1d0-33e39d847775,dc9d971f-42fa-4612-9bd4-9c686a7cc320,67170b79-8d1f-4f41-bdb0-1ebc4ceeaf2a,
9a686b1b-e801-4f17-b2d8-588239548b8f,dc9d971f-42fa-4612-9bd4-9c686a7cc320,6788e755-9efa-4d80-bead-6badce0b11a7,
a177a13b-ead1-4685-87be-e67f499e8906,dc9d971f-42fa-4612-9bd4-9c686a7cc320,6b502808-89c8-40d9-a56d-59c079dc2d16,
d52a64f4-dd0c-4082-8e35-44392929091c,dc9d971f-42fa-4612-9bd4-9c686a7cc320,704473ba-b751-4f13-8ef7-7f92b41130af,
bb825c35-f364-4883-977c-5418c704a3f3,dc9d971f-42fa-4612-9bd4-9c686a7cc320,76349465-6abf-4cb2-81f4-5658c7848e66,
ee6857fa-07b7-42da-8102-9bc001f3f5d4,dc9d971f-42fa-4612-9bd4-9c686a7cc320,76afc9a7-828b-4228-a999-0efe5c4707e4,
fba6250d-2a92-4fbc-92ee-53c8becc068a,dc9d971f-42fa-4612-9bd4-9c686a7cc320,79c646e4-ce6e-4bdc-8084-b219d9709df1,
675b2728-6b10-4bc0-97ef-5c7c05aad5f5,dc9d971f-42fa-4612-9bd4-9c686a7cc320,7de3ba77-5b24-4235-a114-59c65e35ff6e,
d8f14052-d7ac-4d85-90a6-db51a84ce2fc,dc9d971f-42fa-4612-9bd4-9c686a7cc320,861036f3-d166-4c03-af91-cea8b6f4d6df,
969e2d5e-9b0e-44f8-8e86-2fc748ab40cc,dc9d971f-42fa-4612-9bd4-9c686a7cc320,a763d341-6c16-43d4-9ae1-75658a2e9a68,
a82ab4d2-3258-4e20-aa10-8865925ce499,dc9d971f-42fa-4612-9bd4-9c686a7cc320,ad70849e-20ec-4864-8ea5-bbd6820799ad,
686560fe-3dbd-42c6-99e9-eebecba41d99,dc9d971f-42fa-4612-9bd4-9c686a7cc320,b2901225-3be8-40d7-b41a-e86112979ee5,
0d1eb312-1d77-414d-98b3-bd874727ac73,dc9d971f-42fa-4612-9bd4-9c686a7cc320,c2810e17-3465-4460-bce8-cd58664be09d,
0d2f26a7-9fcf-42a9-9dd0-6b309f5d5508,dc9d971f-42fa-4612-9bd4-9c686a7cc320,c357ef38-d503-43a8-b87b-d827bf1c006e,
536ebd13-0f38-4c48-8c9e-7d2442c8c22c,dc9d971f-42fa-4612-9bd4-9c686a7cc320,cb5adbac-edeb-47e9-8dd9-f20e37bf55d6,
8017cc33-5f44-461f-b672-179e76552648,dc9d971f-42fa-4612-9bd4-9c686a7cc320,d6c6bab8-0958-43f0-8f7e-24e4ae0dfe16,
a1f2cada-0e1c-4112-9417-06d38abbc96e,dc9d971f-42fa-4612-9bd4-9c686a7cc320,e4aa5c37-0711-4bba-b919-ce88217adf8f,
4bfee72d-d549-4681-babc-e6d1b657e196,dc9d971f-42fa-4612-9bd4-9c686a7cc320,e53a7dd2-8f85-472d-b46d-c98a7a04ab91,
3215e385-702b-4203-a838-876cddac36cb,dc9d971f-42fa-4612-9bd4-9c686a7cc320,e6e362b2-fcf7-4a3d-a2f1-1e2c57a50e3d,
2547d066-b57b-4e31-b0ee-8adbbee28bed,dc9d971f-42fa-4612-9bd4-9c686a7cc320,e80acd30-28c3-4158-a718-5a8e3a8f4a88,
dab4aaf6-cbec-4431-b373-e36339a4a387,dc9d971f-42fa-4612-9bd4-9c686a7cc320,ee450692-32a5-476a-8fbf-15715e3f5418,
4c3a682e-1383-4d39-925f-c45451397367,dc9d971f-42fa-4612-9bd4-9c686a7cc320,f060f4fa-ce9a-49a2-b0b5-24ed7983c5c0,
9f0bb202-dcb6-4b59-bce4-5f8f9c39b99d,dc9d971f-42fa-4612-9bd4-9c686a7cc320,f1d37ecf-4f09-41b3-b4c3-92ab2103a85d,
d8257063-3e18-4535-b881-275352e77311,dc9d971f-42fa-4612-9bd4-9c686a7cc320,f9cd5c50-a73b-4f8e-8481-ff5510857913,
58c5757a-b9b5-4017-9890-b8621447b8b8,dca3f0f8-f5de-40d7-9a5a-3603c0aa9758,011cea1d-3b54-4294-8809-39a3b32aa888,
efd12664-b7c4-48b6-abe3-48ac60f71d59,dca3f0f8-f5de-40d7-9a5a-3603c0aa9758,0f4a0804-eec0-4924-993e-0eca4e2eeed8,
0367101b-79ba-4442-a6c9-0f5b449b3066,dca3f0f8-f5de-40d7-9a5a-3603c0aa9758,197b04c0-7f68-4069-997c-4a4df80f90bf,
9e42423d-6940-4efc-a113-73bb43cf3d0f,dca3f0f8-f5de-40d7-9a5a-3603c0aa9758,293a8956-cd5e-4b4a-bb04-d96562a76e65,
5d96cb07-8d27-4bb8-9280-6fd22197cd9c,dca3f0f8-f5de-40d7-9a5a-3603c0aa9758,8b889612-d97f-4fc5-aa2f-b74ee94aae32,
0952ac4e-75ec-471b-966b-e070418b1fa5,dca3f0f8-f5de-40d7-9a5a-3603c0aa9758,95e568fd-c8d1-4494-861d-e8ed75560cd8,
6f334e67-b4b8-4a2b-b97b-49d0a3355c79,dd558979-ff65-40d0-9192-ac5ea1606723,0461a815-b8e4-4913-abfa-df9d02c3a054,
cebb1240-ee3c-4328-a998-e79d78901fd8,dd558979-ff65-40d0-9192-ac5ea1606723,06b44f55-9648-41ad-bfe3-d3bd87f46861,
f6573645-9b77-404e-8024-f05bc574864e,dd558979-ff65-40d0-9192-ac5ea1606723,098eb28e-cb67-410b-9db4-5aa4ec70e632,
cd0b4f0f-ab34-48cb-b4e7-38043eb0cd7a,dd558979-ff65-40d0-9192-ac5ea1606723,2b9db18a-da98-4e77-bfc7-3d330f09f1cd,
70898b6a-5cd8-442e-a45e-8b1a1d5b9f4c,dd558979-ff65-40d0-9192-ac5ea1606723,2c172b9e-dd4f-4fac-8a9d-06128d2ce7c4,
477a6104-bea3-4ed7-81fb-c53c2014fca5,dd558979-ff65-40d0-9192-ac5ea1606723,2d4e3957-24b7-4d68-9a80-6cbbf07d99cd,
01c7b3c8-5aef-4d87-91be-202a5fbd8084,dd558979-ff65-40d0-9192-ac5ea1606723,2fa6e784-087a-4142-a948-50c4aaa4cddf,
2de12039-beb6-428a-b6f8-3872912cfb6c,dd558979-ff65-40d0-9192-ac5ea1606723,47da2786-00ae-42d6-952a-c407b925ec15,
4dba1340-224a-4ad2-a556-0d653ce96c21,dd558979-ff65-40d0-9192-ac5ea1606723,4ccb540a-bcd3-4907-869e-7187582da8e2,
223a13b4-2d6a-4327-8cc5-c093db89f7c8,dd558979-ff65-40d0-9192-ac5ea1606723,4d5a86e0-fd61-40f4-a800-5c0c637a958f,
140a061f-465d-46b8-b708-4751583ecb12,dd558979-ff65-40d0-9192-ac5ea1606723,528c3e7a-a8d8-4128-93f4-0e8565198334,
d2f9770e-02e9-4ab6-849b-05eb8785ba07,dd558979-ff65-40d0-9192-ac5ea1606723,54338fd3-c3e4-4e5c-b1f4-bc7d2ae853f1,
ef73b2a0-b363-4c33-a323-36fe2d3eaccb,dd558979-ff65-40d0-9192-ac5ea1606723,59c041e5-ba55-4aad-9e57-166f03e3834c,
15a870c6-6246-4a15-8cbd-0980b44e1b06,dd558979-ff65-40d0-9192-ac5ea1606723,5c0118b1-1046-48f3-bc8a-c83e811de5a3,
54da2d6c-ab2e-4b34-baf5-76aace3a1049,dd558979-ff65-40d0-9192-ac5ea1606723,5c965b3a-5c8c-4aa8-8ab2-e22472f346c3,
e8508b39-8426-4b6b-9562-619d8e4e3866,dd558979-ff65-40d0-9192-ac5ea1606723,5f0dc43b-2c19-4eac-ba5b-c5893a05ff2e,
bf444b1d-1c6e-4c78-9aa8-8a02a245c989,dd558979-ff65-40d0-9192-ac5ea1606723,6133e3a2-0352-438d-bb69-4ff7e93964d4,
ae27a4b7-7fa8-42d3-b728-b9b36b46809d,dd558979-ff65-40d0-9192-ac5ea1606723,6d67364b-25bb-41fe-b052-e43e66446072,
82f9ac70-5168-4559-981a-c12cf9ffba1c,dd558979-ff65-40d0-9192-ac5ea1606723,743a2057-0667-4313-bb45-def32119fa66,
47348dbd-005c-4632-8499-ebaa4a2379c3,dd558979-ff65-40d0-9192-ac5ea1606723,7dd046f8-a38c-4171-9dbd-264e94d74dfc,
c9b49407-74f1-4727-b78b-287c0db54187,dd558979-ff65-40d0-9192-ac5ea1606723,7e0887ad-29a5-43d1-afc2-e8e21c25421c,
1a32d00c-ff66-44d8-a7d1-7e9fc950ce39,dd558979-ff65-40d0-9192-ac5ea1606723,7f5cb247-9c9a-4aee-9ce4-c20531ebdb19,
44ddf896-5ccd-4f83-bebc-e34c45ce44e6,dd558979-ff65-40d0-9192-ac5ea1606723,82c42224-f7f2-4bab-98d3-81c5235c5805,
91a8bb05-5241-436d-b1ea-c284df3fa79d,dd558979-ff65-40d0-9192-ac5ea1606723,86a2d6e0-c677-459d-8f4c-108187040878,
b407b67a-f46e-448b-a761-2d4086964b02,dd558979-ff65-40d0-9192-ac5ea1606723,9050de7b-3364-4251-8c02-58f8fcb9ef4c,
b5d9a3b6-a869-49f8-a984-9008b83dca72,dd558979-ff65-40d0-9192-ac5ea1606723,915c8727-6853-4a92-9e7e-cefd8c0775d7,
5ea463ae-6362-42c1-bf79-921fcde888ba,dd558979-ff65-40d0-9192-ac5ea1606723,92ce7ffe-33ac-462f-b450-b6d584d14de9,
e15c90aa-e3a2-430c-9bff-aea2237ed783,dd558979-ff65-40d0-9192-ac5ea1606723,95c3aaf3-ba0d-4c5a-a1b8-24fc46d03c01,
5fe8925e-e676-4425-b200-c75c27b907bf,dd558979-ff65-40d0-9192-ac5ea1606723,96261db5-73fc-4681-ba1e-4ac7c2543bbe,
2d5018fc-5313-48b8-802a-6ba101d78df5,dd558979-ff65-40d0-9192-ac5ea1606723,97332d85-b294-489f-ad14-a416146bc73e,
f9110cc9-25b0-4548-bf42-d8308c879d8e,dd558979-ff65-40d0-9192-ac5ea1606723,9773726c-b9db-452d-a87a-5fc19e38f33f,
e1c4ad23-a0af-4960-846c-fcb22fc78c39,dd558979-ff65-40d0-9192-ac5ea1606723,a541b80e-a5d5-4189-857f-df9501337286,
e3af64d2-8155-44eb-bbc9-05ec1397e0bf,dd558979-ff65-40d0-9192-ac5ea1606723,a5ddf6ee-894b-4177-9bf3-9e896ae122b8,
bb83a14f-91f8-43b1-ac3a-7824b3c7ce5e,dd558979-ff65-40d0-9192-ac5ea1606723,b4976565-ecb7-4e7a-b9fc-7d01dfa17609,
24ffa73a-8228-487a-80f4-6f0cba0984a6,dd558979-ff65-40d0-9192-ac5ea1606723,b9df3bc5-ec26-4286-bc7c-533c20a5eeff,
9e8e1566-a609-4796-a856-e397b83d37be,dd558979-ff65-40d0-9192-ac5ea1606723,b9f75bbd-e88c-4d0d-9794-827f638b9184,
f07eb0a3-3c00-4044-a043-97f6d47655fe,dd558979-ff65-40d0-9192-ac5ea1606723,beb64aeb-316f-4da0-aa4e-fe9d59227e41,
7cc82bf1-b4db-4a26-9915-442f798616a4,dd558979-ff65-40d0-9192-ac5ea1606723,bff90fef-f7c3-4025-951f-acdd53005307,
4a263726-89e5-432d-8203-86615692564d,dd558979-ff65-40d0-9192-ac5ea1606723,c69c4640-fe19-43b2-8b02-fa906648849a,
74f7a583-7fb6-4cc4-a057-d286b0a8c105,dd558979-ff65-40d0-9192-ac5ea1606723,c703ff64-cf16-49df-9375-fff4b180ebe9,
d2864e61-d286-4016-9285-3c11d222a7f0,dd558979-ff65-40d0-9192-ac5ea1606723,c7eabe94-36f1-4d15-a07c-749fff685512,
9482b448-ae1a-43cc-a6ae-78d9c7dd6622,dd558979-ff65-40d0-9192-ac5ea1606723,cec315eb-9b5d-4ab3-bcae-3fd9abc1a077,
db419560-34f5-4c10-8a64-b3720a6f38fc,dd558979-ff65-40d0-9192-ac5ea1606723,e0425d14-89a6-4347-8618-6fba4d28276c,
11102392-b9f5-4091-9dc9-b7d08482c76f,dd558979-ff65-40d0-9192-ac5ea1606723,e915ead8-98b9-4600-80bb-1fd1d8d9916e,
aca69862-bd10-4988-93ec-7beebc538127,dd558979-ff65-40d0-9192-ac5ea1606723,fdefae1b-ed01-4380-9d7b-62e2d486db2e,
e003c3a3-bf64-46c0-a99a-54f70f5407d9,ddb98cd1-03ec-40e1-a143-79b51d1ff8a4,04939616-b180-43e4-bdcc-c5cf0094c78e,
0718d79e-670e-40c3-8902-6f309b7060d5,ddb98cd1-03ec-40e1-a143-79b51d1ff8a4,4676973a-ab2c-48e9-87e2-2de7d3f426b7,
16147ff6-338c-42e6-8950-8269d09630f7,ddb98cd1-03ec-40e1-a143-79b51d1ff8a4,9570c85b-5e76-4e71-a071-28f2d0996331,
17bbbf03-c926-4916-b7ae-ce1789df48c4,ddb98cd1-03ec-40e1-a143-79b51d1ff8a4,9d16da04-80aa-4499-92cd-0733d8cbcdd1,
0ed51f9e-70f5-40af-80d4-887afa41d2ea,ddb98cd1-03ec-40e1-a143-79b51d1ff8a4,ad2ed904-d454-480b-9e0b-2634edaced1a,
f1d7d777-39df-4122-8ff2-d35e5e2d8b23,ddb98cd1-03ec-40e1-a143-79b51d1ff8a4,b9b9a46a-d20f-4990-ac99-e30b856348bf,
75ae751b-c6fd-49f7-969a-00d3a6274851,de576e47-f879-4163-a9d0-4a901d29034c,033153d0-fb7b-42d2-8154-c5c7d29d4bae,
10d77c97-3eab-45c6-b241-dd4368b9a812,de576e47-f879-4163-a9d0-4a901d29034c,06f8ebba-c9da-4a4b-93e3-3df2a4490f0a,
1d9d9f52-0b5b-47a3-a72a-a66035dc3efc,de576e47-f879-4163-a9d0-4a901d29034c,0f51676a-95bb-46c0-be07-ca9e7b9e0d51,
ca2929ae-b939-4d0f-ba0e-6fc76defab6e,de576e47-f879-4163-a9d0-4a901d29034c,1e0aa61c-bc74-48bd-8289-e279d3cfc599,
dae9cbdc-0360-44d7-b9e6-cb84d16fd9e1,de576e47-f879-4163-a9d0-4a901d29034c,25d160e7-63c9-46e0-bcbf-f40623e47b72,
3784b6f3-1e6e-4402-821b-65284a994e49,de576e47-f879-4163-a9d0-4a901d29034c,2a837663-cc3e-473c-a001-c38abafed391,
fec78a1d-ff79-4c5c-ba8d-6d4524028ce5,de576e47-f879-4163-a9d0-4a901d29034c,2fbaecbd-3eeb-480b-80cd-c2eeaf2c51b0,
c04ceb20-5a2e-4456-80af-d8e7aae6c8b6,de576e47-f879-4163-a9d0-4a901d29034c,3103cc07-9082-46da-b5df-56ca816fade9,
39e8fc76-6d78-4e0f-8354-6a5a0c5a9c80,de576e47-f879-4163-a9d0-4a901d29034c,32c64e7e-3dba-478c-b1e6-0ccf54b34382,
2603821a-6fb0-4244-8134-981a4522d93d,de576e47-f879-4163-a9d0-4a901d29034c,395c4459-a971-4b50-9aaf-2dc91c4451bb,
21c579fd-58ac-4f0b-9428-6dc98bb1106a,de576e47-f879-4163-a9d0-4a901d29034c,3e1fff7b-12cd-466a-8cfe-60db5ad203d6,
c12af130-3092-43b6-b5dc-db241ae7c1ed,de576e47-f879-4163-a9d0-4a901d29034c,40e14b0e-ea7c-4335-b6ea-3087134dfc51,
4c6e6dcc-bbb8-444e-8e2d-e8fd329e3323,de576e47-f879-4163-a9d0-4a901d29034c,42fae838-3721-4fdd-ab6f-88b2aae28376,
2303c86f-a773-44bc-ae35-210c82c32909,de576e47-f879-4163-a9d0-4a901d29034c,4539dabe-970f-4eda-9a19-25864ac34ee4,
431b4f3b-825f-4b23-816b-e40f8a32727c,de576e47-f879-4163-a9d0-4a901d29034c,45bba93c-4f14-4cf1-ab47-fe19f047ec92,
55384636-2076-4d29-b68b-52c1edca9738,de576e47-f879-4163-a9d0-4a901d29034c,48a0999b-e7ac-470f-84e9-fe663dbd84fb,
d4bbfa66-266d-4235-9f9b-5cf43e665356,de576e47-f879-4163-a9d0-4a901d29034c,4baf7319-b817-49a1-9bde-30b3d1db0f48,
f6530c1b-a687-4117-bd1c-ff4a34317fdb,de576e47-f879-4163-a9d0-4a901d29034c,4d9ba787-3cd9-430b-9d43-bae6b01219e3,
6947b1a6-506f-47c0-b0b8-344d23efd02a,de576e47-f879-4163-a9d0-4a901d29034c,4ffb70fb-fe10-4bbe-9033-68c33ded5d75,
cb281d50-7a5e-493b-b905-2c84c07e16d6,de576e47-f879-4163-a9d0-4a901d29034c,51eaa848-a6b4-4822-86cc-4be44cd45e90,
e3bf7056-7ed0-47f1-9728-9e7fa9126063,de576e47-f879-4163-a9d0-4a901d29034c,530109c3-1654-4550-8a72-4907534b90fa,
bf239d66-d77a-4e13-9100-dee4412e913e,de576e47-f879-4163-a9d0-4a901d29034c,551e8908-d9ed-4118-9d8e-8727c7186a8b,
e59e7a56-2892-4646-a818-0e0554903a16,de576e47-f879-4163-a9d0-4a901d29034c,57a41204-40e8-4ef2-b154-145ed84c1e33,
1e74355c-d8a7-411c-9519-27541cb26d79,de576e47-f879-4163-a9d0-4a901d29034c,57efc3c0-c61d-45b5-8e50-794a779786eb,
8291b5b7-795e-4110-91ba-2503635392eb,de576e47-f879-4163-a9d0-4a901d29034c,57f59645-7734-437a-808a-37631abbd5d6,
be462e2f-e438-4e94-ac79-f260226628aa,de576e47-f879-4163-a9d0-4a901d29034c,5a34dff7-67ca-4fa3-8050-4ea062b21b04,
b982a7c7-2a8e-4472-bafb-f00e43e0ac54,de576e47-f879-4163-a9d0-4a901d29034c,5ab7a990-6d85-42fa-b781-58b5589ce5be,
12381549-d569-424f-8780-4db96f44b5a6,de576e47-f879-4163-a9d0-4a901d29034c,5c2813b0-3c92-4f5b-ab88-de7a5e72210c,
ae632710-94ed-4dd5-9fe4-9217dcdb146e,de576e47-f879-4163-a9d0-4a901d29034c,5f2e43c3-bd9a-415c-9e34-8faaf261f07c,
e509d45d-4bd0-40c2-b436-4f720cb7325c,de576e47-f879-4163-a9d0-4a901d29034c,62e3783c-3dfd-43d7-bc3a-2673e742d8bb,
11b356eb-646d-4794-8fa5-4b03c1ab872e,de576e47-f879-4163-a9d0-4a901d29034c,67d60b9a-9957-405a-b690-b53259eacd62,
b7fffef8-c587-4a8e-a9e5-4b7bed0eb6f7,de576e47-f879-4163-a9d0-4a901d29034c,6d405005-b5aa-47e1-81d3-09e40956c8ab,
e0de6742-58a0-40e7-a5e8-ce9656b55f7f,de576e47-f879-4163-a9d0-4a901d29034c,6ea087ef-fad9-4ff4-8c20-b18d6b546a40,
1c6d435e-916e-41f6-b939-7aa59a8167c5,de576e47-f879-4163-a9d0-4a901d29034c,6feb0dd3-d3fb-48a3-af1b-fa20881a433b,
3167a15e-9fc4-4995-8d4a-c6bbda48eca8,de576e47-f879-4163-a9d0-4a901d29034c,742aa71e-94fe-4f2e-80c2-dcd1d3384c3d,
9d1c6d4c-ee5e-4d6a-aa7c-3a11eddd4cb4,de576e47-f879-4163-a9d0-4a901d29034c,7441ba00-c39e-466f-9df6-c8b85341e595,
63029926-e8a8-422e-9283-1a090e389592,de576e47-f879-4163-a9d0-4a901d29034c,78cf0db8-13df-4e8d-8c0f-9274aaa48bda,
7bfd3995-9936-46eb-a15d-f808d2cf8b56,de576e47-f879-4163-a9d0-4a901d29034c,78d5dd04-06c9-4408-9cb5-46dfa4acd62d,
e7b000d4-573a-41bd-9bf4-c45cdf345df6,de576e47-f879-4163-a9d0-4a901d29034c,79aa6157-aa58-40a2-9d1a-395d29ae8f67,
485f55da-3962-425a-bd32-36dbb09f7b62,de576e47-f879-4163-a9d0-4a901d29034c,7ced51cb-1473-407d-83ae-5e89247fcfb5,
9d94f14f-4b1a-4c0c-9c8d-c6703f1c4c83,de576e47-f879-4163-a9d0-4a901d29034c,7df6e56c-8fb6-450a-ab7d-eaffbf5360ab,
4ecf16b9-24e2-4ca2-9b35-d9b4a2a74c5a,de576e47-f879-4163-a9d0-4a901d29034c,7fbfbe6e-042b-4da4-80c4-8e5c9e5dc35b,
75c37f54-09c0-4b0a-968a-8eb2b45ae600,de576e47-f879-4163-a9d0-4a901d29034c,80c15919-18ff-495e-b124-6348918dbfa6,
d410ddb9-633f-4ee6-8bb0-f6db4d78f851,de576e47-f879-4163-a9d0-4a901d29034c,83d288b0-87b6-42ea-9159-4354e375a489,
bd8501a4-5ee3-4c54-981b-6aff32b1350a,de576e47-f879-4163-a9d0-4a901d29034c,84955732-dfbc-430a-8925-4a5503b1d109,
aaf37103-1cb0-47cc-a193-f19c6c61458c,de576e47-f879-4163-a9d0-4a901d29034c,86678588-766b-411f-991e-a9ee8af5a314,
62f7491f-6511-4caa-a0dc-5efd08d19fe6,de576e47-f879-4163-a9d0-4a901d29034c,880efcf7-7f2b-473d-a5b0-8e25fcde0e89,
fd950493-dff2-4bae-977a-005018184bc0,de576e47-f879-4163-a9d0-4a901d29034c,8c816a06-e83f-46fb-a2a7-e4890b78afb2,
453722ae-d274-4678-93e2-119afbc72f55,de576e47-f879-4163-a9d0-4a901d29034c,8e98a282-7120-4f33-921f-b8dd009bff5f,
1ec6c325-da3e-4667-bbf6-89bce1c273d9,de576e47-f879-4163-a9d0-4a901d29034c,9287884e-daf1-476c-ab51-bd3c5581f921,
10601db8-c93d-46f8-a4aa-72300a254d1f,de576e47-f879-4163-a9d0-4a901d29034c,93cc6039-9092-4e5f-84b7-77c7ebfe7789,
763b1544-4301-4cc6-85e7-025a27cf1e09,de576e47-f879-4163-a9d0-4a901d29034c,949cb7d5-4113-440b-a1d8-97e299bb7666,
4237590b-b88f-44e8-b361-b6494a69e2de,de576e47-f879-4163-a9d0-4a901d29034c,987e39cd-29d2-4610-acea-22b3d32bb1f4,
f9347577-0290-4895-9645-73b30737bf28,de576e47-f879-4163-a9d0-4a901d29034c,9bce23ae-1d9c-424d-8186-5919368ab76b,
429424fa-9fab-4fd1-af0a-21b52f53f196,de576e47-f879-4163-a9d0-4a901d29034c,b0b37d7f-4ea5-44e7-886c-397c187ed015,
125a1d4a-39db-4bad-b3cd-c45f1dbbbd1d,de576e47-f879-4163-a9d0-4a901d29034c,b34f0085-28c7-4fb3-9761-99b294fa781b,
6ea557c1-90d7-4a07-beaa-0852d87dbdd0,de576e47-f879-4163-a9d0-4a901d29034c,b541aab2-e40f-4d7a-85c0-3edfb52e02df,
96b99794-146e-42b2-93aa-3569412b01a3,de576e47-f879-4163-a9d0-4a901d29034c,b58200d1-d954-4acd-8db9-14969aa131c8,
753658ca-3ca2-4511-869f-2b6ae7cf74c6,de576e47-f879-4163-a9d0-4a901d29034c,beead512-de3c-4b94-9062-37c8d027bf1b,
f8cb1cd0-8a19-46d9-997e-43e2baa78f62,de576e47-f879-4163-a9d0-4a901d29034c,bfb7fa2c-a627-4188-9cb9-4de2f334db3c,
8d34b5b1-5a9b-4e62-9646-1538c0903fe6,de576e47-f879-4163-a9d0-4a901d29034c,bfd00b45-4d0f-42d9-bb3c-be92bf6e5b29,
78e1cfcc-f964-49f0-ae65-c43754dc418d,de576e47-f879-4163-a9d0-4a901d29034c,c05b26e3-dfba-4bf1-8592-b7e899afdc26,
09d3d4d2-88c3-4d99-816c-a118e1869cef,de576e47-f879-4163-a9d0-4a901d29034c,d06d50c3-8a31-4816-a245-890850cba9ee,
50e097fa-e91d-4bfc-9b63-387dcb7579b9,de576e47-f879-4163-a9d0-4a901d29034c,d576d95b-8ee2-44d1-bc6e-2e7ab54dc507,
76bd6745-b359-416b-8528-9976c01097f9,de576e47-f879-4163-a9d0-4a901d29034c,d8ca060c-9150-4fa4-830b-b7b6606aafe1,
cf590447-6850-4277-ae26-4dd71ec20126,de576e47-f879-4163-a9d0-4a901d29034c,e5b96a4c-39e6-457c-86f1-ade84169748f,
a429b06d-1c5c-487e-9360-d69491a6bda7,de576e47-f879-4163-a9d0-4a901d29034c,e888023b-c7ce-4dc9-819d-4e30e24c0197,
88386876-59a7-4cb7-a2c9-6ecabdd2fb66,de576e47-f879-4163-a9d0-4a901d29034c,eac74506-2429-48e3-8758-94752dcecbfc,
6ed3f91d-8e15-48f3-bc6a-1382bc2fea73,de576e47-f879-4163-a9d0-4a901d29034c,ebed4327-a7dd-4633-a44d-f7b821a03c3b,
c8d48e47-7b91-4114-9a8f-12dbfbaf5b8d,de576e47-f879-4163-a9d0-4a901d29034c,ec008d25-54c6-40b6-8937-ffdd7e874252,
b912a785-bce3-4cb6-ae83-4e8a8f35de93,de576e47-f879-4163-a9d0-4a901d29034c,f2f3eae5-a0a0-48df-902b-c4362f83c472,
6b787a6c-73c8-47dd-8eef-31faadf938cb,de576e47-f879-4163-a9d0-4a901d29034c,f43fa558-65a7-4b98-8c7b-3449aaf8766f,
4d6a5e85-ad0f-4b68-9fbd-fc15a58f07a3,de576e47-f879-4163-a9d0-4a901d29034c,fd0ee8be-da09-4a32-aabe-ed4b74fcb176,
d139e441-d390-452e-b4fa-2d8ce3f0eece,de576e47-f879-4163-a9d0-4a901d29034c,fe504e7b-3f0d-440b-b7db-2d45a42690d9,
85101e97-f8c9-4a6e-be18-852d604def4d,de576e47-f879-4163-a9d0-4a901d29034c,fed26fd4-e581-401d-ac9e-414809f1ce96,
ef8a93d4-2704-4ffc-b1cf-bb2555596981,de576e47-f879-4163-a9d0-4a901d29034c,fed3ff20-a701-4194-98ff-bf440512a009,
c30c3018-1309-4935-b7ef-bf07b664a462,df42d718-9789-4b13-8d44-bc96a71d263f,338d7761-96f1-4982-837a-03f810281d3b,
4e51cf87-fe51-4b90-aa82-ebf806f9b166,df42d718-9789-4b13-8d44-bc96a71d263f,de10200a-f541-476a-b332-48562f718899,
0be1706e-5f98-469b-bc2e-b238ecd1429c,dfbecf01-49f9-4f62-9d12-10009f935eb2,0ac7789a-99ff-4d1c-bb18-f3cbc0079aad,
9d130e2f-85cb-45af-88d4-2bc6c2e074f1,dfbecf01-49f9-4f62-9d12-10009f935eb2,0c5a570e-3990-48c6-9829-d3594c5d7371,
4e46022a-04b1-4849-893c-44252e61a832,dfbecf01-49f9-4f62-9d12-10009f935eb2,163bd0d7-6c88-4b77-9f0a-a4e29323c80d,
596f837f-7841-4842-a777-567a5e622009,dfbecf01-49f9-4f62-9d12-10009f935eb2,495154cf-30d5-4424-a4a6-37eec0b68c24,
5d52a24e-1805-4954-8180-605b648a5aa0,dfbecf01-49f9-4f62-9d12-10009f935eb2,925618a6-1eb9-4786-a4c8-d463a26e15f4,
43b07d84-535d-450c-bf5d-bed54d1a0304,dfbecf01-49f9-4f62-9d12-10009f935eb2,a09df490-50c7-4c74-899e-01ea50870419,
eb510615-7820-4277-9130-b51d49accc22,dfbecf01-49f9-4f62-9d12-10009f935eb2,b4772cc7-674d-476a-8986-b0ca37ba5b48,
67a3d69e-de20-486a-b20e-6cbd67435d48,e00b0c69-de91-4a2a-b586-edfc589e1f5f,9f391f1f-e1d4-4848-b0e3-e8bb4736c37e,
dfcbe8ad-dab6-4713-9ae7-fb3528dce0e7,e00b0c69-de91-4a2a-b586-edfc589e1f5f,be4733b0-fdd1-4f65-8f28-36922e60a4d8,
2002d864-4b23-4133-8930-c735e09fb0bd,e00b0c69-de91-4a2a-b586-edfc589e1f5f,c5d3ff8c-f655-45ca-a1b2-cc822ce7b160,
e808d4af-91d6-4ea4-ac4f-36e02a07a889,e00b0c69-de91-4a2a-b586-edfc589e1f5f,ce533910-30d9-4431-99a9-9d66c3be2015,
c9471a70-7278-4201-87a2-3f7ab7b42065,e00b0c69-de91-4a2a-b586-edfc589e1f5f,dbda0c13-3ba0-40af-87dc-4317b4e6211c,
58f418e8-038d-4b9c-86d9-0a4e299bb8fc,e00b0c69-de91-4a2a-b586-edfc589e1f5f,f319fb73-62da-4c1a-a7aa-67b87ed69df7,
88ae19dd-ae04-405f-8e64-f68c447536b2,e00b0c69-de91-4a2a-b586-edfc589e1f5f,fb82517a-c733-4a43-abf4-c5d5af721a3a,
4631aeef-1ea6-4ccf-8e7d-0ce9af9f6d39,e28a571a-4073-4905-b8ae-4ff316227431,1b484328-691b-44a0-b800-0c3093a2635c,
0e43fec3-25ee-4834-99b0-0d1c322957da,e28a571a-4073-4905-b8ae-4ff316227431,1f25c1d9-a342-4492-a336-30a38747c192,
26ff3458-baf3-4e84-b486-a3ba81a468a6,e28a571a-4073-4905-b8ae-4ff316227431,22aed07c-efa3-44fe-bb43-78c842274ff7,
3c390040-d14f-4121-86e1-904bea391c4b,e28a571a-4073-4905-b8ae-4ff316227431,2a5c113e-a074-405e-ae57-1e6bf721ebd1,
63685aaa-3331-4db7-9fdf-dfe91f4bae62,e28a571a-4073-4905-b8ae-4ff316227431,396ebc54-f372-4d91-a852-9d105b6a3891,
2b73cb24-f989-4dcd-87a9-20a77fe022b5,e28a571a-4073-4905-b8ae-4ff316227431,477750a9-2ef2-4c95-8217-2eba558f0743,
59b86923-996b-492c-b305-013cbc718853,e28a571a-4073-4905-b8ae-4ff316227431,57f6483b-f7af-4f16-b12b-f2c793b27f12,
c60b81ee-73a6-4a66-adab-c2ad60f74392,e28a571a-4073-4905-b8ae-4ff316227431,6e8c21e8-1265-437c-b50c-61a5b1c9aeae,
000b3b76-5caf-4850-9197-de37019104e8,e28a571a-4073-4905-b8ae-4ff316227431,77774ba6-a0d5-4473-9aad-d9ad14c2a870,
380af53f-d793-425e-9c0c-ab427f0ddcf7,e28a571a-4073-4905-b8ae-4ff316227431,8bff6354-d6ff-48b3-bac3-3f48f1870b8c,
dcfca330-85f7-484d-ba84-32a23a6e6cb6,e28a571a-4073-4905-b8ae-4ff316227431,a0dbabd7-b893-4c34-9c54-d4553890db68,
5d7245da-5940-44de-bbdd-3550957151e5,e28a571a-4073-4905-b8ae-4ff316227431,a760ca19-2974-43b5-b488-558eb859ce5d,
45d6c9fa-64ab-42ea-9c0a-d576c8752832,e28a571a-4073-4905-b8ae-4ff316227431,baa9e44e-33b5-4857-bf62-b39e69a4cef1,
a38faa5f-ee9c-476b-b00b-9350388e0686,e28a571a-4073-4905-b8ae-4ff316227431,bf2990b2-3aec-4807-a610-c0a671f578b4,
b8bbeb50-8ee4-4d27-966f-f06306764587,e28a571a-4073-4905-b8ae-4ff316227431,c89ab1bc-5561-4200-aee5-79a6b7f518b6,
60610573-59f0-41f5-937e-4ba3701a89f0,e28a571a-4073-4905-b8ae-4ff316227431,db363f36-dc34-4e35-985d-f81b72ded126,
660f07b3-c0c9-41f6-bb2e-d028016f4441,e28a571a-4073-4905-b8ae-4ff316227431,e13f44af-f837-4ba5-b6bb-063ccdfeb1e3,
bc04bdd2-6006-41de-bda8-05447892bb88,e28a571a-4073-4905-b8ae-4ff316227431,e376149d-8f9c-478e-badb-9e199c3eb3fc,
5f252ea9-1cc0-4270-b0af-52bbeac0634a,e28a571a-4073-4905-b8ae-4ff316227431,e79c9b3f-628c-4767-b95b-4b19f58c3a1b,
f5e3648b-9309-4054-9adf-24f667b1647f,e28a571a-4073-4905-b8ae-4ff316227431,ed812944-a244-4391-94a0-dc60bf2a2ee4,
882b4f8e-ef8a-4a07-9323-0c360f3ff43c,e28a571a-4073-4905-b8ae-4ff316227431,ed8d9f01-73da-4d62-a310-5175655bc686,
1066bcc9-b7c1-4ee3-82ab-777e193a3442,e28a571a-4073-4905-b8ae-4ff316227431,f4b7e19c-a12b-4b14-853c-23f34e89a5d9,
388b6c14-a038-4b02-833f-77540ce502e1,e3215007-33a2-49db-a14a-c016a433f414,24ee4699-1701-40c1-960c-c51d91a0e138,
e80ddb11-b403-47cc-aaae-934e64614924,e3215007-33a2-49db-a14a-c016a433f414,56a8c90e-a6ea-45d4-b63b-9d981b297b9c,
0f7dd61c-24a9-4740-9dfa-fa870b5dc133,e3215007-33a2-49db-a14a-c016a433f414,d583c4f4-a0ae-4090-b462-3035aa503a62,
b6806909-632a-4f17-bd41-1953e9429312,e4072d39-e305-48c0-9920-d54f86709fb7,650f33b2-8c2d-402f-9b49-8e859959a8b9,
bd8ed1ae-48ba-4fe7-9203-acc38ee0dac8,e4ee2874-2533-4cac-b20e-99509cc19916,0188e8b8-ed36-4e7b-b5dc-eb7baffc3121,
55f54cbf-3033-4907-a30a-3fc8935203a7,e4ee2874-2533-4cac-b20e-99509cc19916,3606b920-5147-4fb0-80b4-64a8454d88bf,
c17e9066-e16e-4d0b-9e77-f0f9312eb61b,e4ee2874-2533-4cac-b20e-99509cc19916,48beeb3c-7132-4fe4-b61a-6557325bbcbc,
fd04938f-2fe3-44e5-947c-9b51b342681b,e4ee2874-2533-4cac-b20e-99509cc19916,58b1271b-94af-4052-b891-33e84c0a1c36,
33732d83-2eb6-4f4e-8d8d-3516f1fbf48c,e4ee2874-2533-4cac-b20e-99509cc19916,59f8bd60-6b96-461e-9951-37ba8e261856,
49cc1edf-64db-4faf-ac02-bb5c9049d83c,e4ee2874-2533-4cac-b20e-99509cc19916,600823b4-1ce1-44f5-adfa-306c2c8a15a1,
01ac0dcb-6269-4bca-b2bd-d65a12d887d3,e4ee2874-2533-4cac-b20e-99509cc19916,6baed5a9-0909-4fc0-a1f2-7d33b0f8015a,
b3aadb4f-0b26-4061-92d6-3caa0c03e351,e4ee2874-2533-4cac-b20e-99509cc19916,73a51987-3e31-4637-b9d0-f11aa0a7ac27,
fc84d6b4-4308-446d-8e60-5ae704fd0e96,e4ee2874-2533-4cac-b20e-99509cc19916,a363a787-510f-4622-aed8-e86e62d62674,
3ff587a4-3502-44d8-9851-366c673bcee2,e4ee2874-2533-4cac-b20e-99509cc19916,a517f442-735a-48b1-9f93-b9f1ddf42a06,
d4c23f2c-b911-4192-bd20-62629265bbdc,e4ee2874-2533-4cac-b20e-99509cc19916,b6e6d888-dc72-44b9-939d-5c8d6a47dab3,
22ff2860-b54a-4c72-b4ba-ab20144f2712,e4ee2874-2533-4cac-b20e-99509cc19916,d609091c-d420-4132-bd6f-8afddebd423e,
e2f4b226-de9e-4ea5-8a73-5499cb8cd7ad,e4ee2874-2533-4cac-b20e-99509cc19916,d8ff605c-acb8-484f-acf9-9b13735c3579,
a283f0f5-af3a-44dd-a6aa-b9e220d833e0,e4ee2874-2533-4cac-b20e-99509cc19916,daffa338-c6d9-45ec-934f-83be8b6a1623,
ccf194fc-3828-410c-8205-ab79c4b5af05,e4ee2874-2533-4cac-b20e-99509cc19916,e9206cc2-605f-45ec-8c63-d13e945433a0,
5b4cd09b-00ec-4433-be73-5614bfbae697,e4ee2874-2533-4cac-b20e-99509cc19916,f4efd5cb-1883-4aa3-96b2-559ad944ad39,
0106eb3b-5b5d-42d3-bc85-6a7cacec8c7d,e4ee2874-2533-4cac-b20e-99509cc19916,f7986a40-b723-499a-9cb3-eaa0e8de8226,
c22495bb-1ffa-4e2b-815a-b5740ff5ea31,e50809df-63ea-4fdf-8028-0d813dd59ebf,0ab463db-0333-4dff-ae92-b4353ab2ab1a,
d343cab6-69f1-428f-868c-7d65fb4ef991,e50809df-63ea-4fdf-8028-0d813dd59ebf,3ad8e424-e375-43f4-8804-2d1b3efbb78e,
6d304e61-515b-4197-a254-fc016417d964,e50809df-63ea-4fdf-8028-0d813dd59ebf,497e3610-0b39-45e1-9d83-1525ed663ced,
60695a2d-0794-4c53-b334-5e21e14f4ec3,e50809df-63ea-4fdf-8028-0d813dd59ebf,4dcd825e-1a2c-49dc-b57b-a4cd2d991b74,
f3d9da82-a5de-421a-a54c-5574126853eb,e559878d-bb59-48ce-8332-9374ce0fcc9a,8f33dfa5-bbf8-4979-b8e9-ce66c424fdb7,
9685cda3-4872-4769-8cb5-914cda1b9857,e628d5d1-1a95-4d35-9503-004a225beb0f,0f34d4b1-59f5-4fb9-acec-f7049abf9787,
8e39bebd-74a2-474f-82ac-2df3bc72fdc1,e628d5d1-1a95-4d35-9503-004a225beb0f,1007d042-e291-4720-90e4-5f5549b9455f,
8a75683c-33d9-4d50-8670-de6f2b0a8f45,e628d5d1-1a95-4d35-9503-004a225beb0f,1444739f-6c29-45ee-b7a1-29c573373330,
021c9829-941c-4e23-8585-a324451fc9f9,e628d5d1-1a95-4d35-9503-004a225beb0f,1492c802-73be-440c-ac1e-ce192463ca32,
29e563d5-99e3-49c3-921b-94449ce486cf,e628d5d1-1a95-4d35-9503-004a225beb0f,15c424de-61ae-43a9-84aa-90c83743c980,
df9e3188-82e9-4e0d-977c-13a9bd7319a5,e628d5d1-1a95-4d35-9503-004a225beb0f,1c62633b-6935-4170-be36-d21ecd41e3dc,
a273cc2d-1fc9-4dc2-adf4-efbb0ca3d252,e628d5d1-1a95-4d35-9503-004a225beb0f,26442609-1f97-4af0-ac56-e6efaec9b818,
dd298402-cd3b-4995-9382-fb182dbae2e4,e628d5d1-1a95-4d35-9503-004a225beb0f,2a2561c1-2174-4bc8-8d7d-b46a77b0603b,
4c4001d9-05d2-4307-934e-d3aec0ab65bf,e628d5d1-1a95-4d35-9503-004a225beb0f,3e416a54-3a46-4029-bb1f-fe9b15faeb92,
432ce4a7-e139-4b24-ad08-2eb7834c9201,e628d5d1-1a95-4d35-9503-004a225beb0f,4315adfb-f708-411d-a527-4c775627fb45,
782157c2-f208-4c70-8462-0e00d2da172f,e628d5d1-1a95-4d35-9503-004a225beb0f,4ba178bc-8658-47d5-9973-973c7819b5ec,
37a47fc1-92f9-4d20-a98f-f4574e18fe49,e628d5d1-1a95-4d35-9503-004a225beb0f,8162a67c-133d-4010-905c-7e5ea8cb9ca8,
49ef9734-9269-4930-b141-bcf90122a446,e628d5d1-1a95-4d35-9503-004a225beb0f,8fe07f12-cd46-4a41-95b8-c1f21ceed651,
d0f3b62f-e367-4ae2-a02b-6f7e407aad74,e628d5d1-1a95-4d35-9503-004a225beb0f,933af5e7-6106-4da5-a943-f9d786db28c0,
9e1bec5c-c34b-479e-b425-dc6c332637dc,e628d5d1-1a95-4d35-9503-004a225beb0f,9f3f1a1e-d3c0-481d-a71c-b9c6124d579d,
924dfbd9-d42b-4440-8739-f8a07fd502c0,e628d5d1-1a95-4d35-9503-004a225beb0f,bb902250-713f-4a6e-a92e-300b9873faca,
41f85167-214f-4143-9fd9-3a943b0ec11a,e628d5d1-1a95-4d35-9503-004a225beb0f,bdbf60e8-fb9f-4fe7-8b19-d2bb41fcb7c7,
d70a8824-29b3-49fe-845f-631849a2b7c7,e628d5d1-1a95-4d35-9503-004a225beb0f,cb3eda4e-57f4-49fd-862a-f9678236f364,
b836b31b-ba91-452c-8705-5b8c11097980,e628d5d1-1a95-4d35-9503-004a225beb0f,d0896fc7-0992-46f4-9398-ef8cf1fa6fc9,
565f6513-16ab-4b87-bf6f-31c48c49f337,e628d5d1-1a95-4d35-9503-004a225beb0f,e93bbb63-d86a-46b7-85d6-ee5c60fc35c8,
dd152ec1-8a4b-492f-950a-36f7f6e993d2,e663a213-6163-43b3-bc75-e8bb3a6c0ec8,093cf26c-4f44-4b71-bbbc-7b0c01eb32a1,
613265b2-1c8a-4ff8-b273-2ded21f9ed48,e663a213-6163-43b3-bc75-e8bb3a6c0ec8,2bff20d1-edf6-45da-a9d1-b6e31d3af111,
8989584c-1d7f-4e80-9ed8-e7eec839f034,e663a213-6163-43b3-bc75-e8bb3a6c0ec8,9d195348-e249-4b6b-ae77-7e93caa027e5,
9a0a1deb-f6a4-416e-ab5a-3c746b88242e,e663a213-6163-43b3-bc75-e8bb3a6c0ec8,abbccca0-ba6f-4d9b-9274-7b0787fa9a89,
55ffcdd1-08e8-45a2-8c2e-43cb5361d9dc,e663a213-6163-43b3-bc75-e8bb3a6c0ec8,d0f0559d-0da4-46ac-b9f7-b879d18b6c7c,
ca13e987-001f-4e84-85d2-90808d37ab52,e663a213-6163-43b3-bc75-e8bb3a6c0ec8,d992020b-f417-44a1-b505-abad49e8bf83,
fb50ecca-5479-4e47-a911-be1ef879be48,e663a213-6163-43b3-bc75-e8bb3a6c0ec8,e619e472-d99e-4636-bf48-3b944392c35e,
0faecaf1-3bd9-4588-90c9-3c7e2882ba15,e663a213-6163-43b3-bc75-e8bb3a6c0ec8,fa813453-4f6b-4f30-a129-106e15395519,
42ebc467-f31d-46d3-a06e-5b9df4f3cfcd,e6c2b069-5496-4a3b-9e82-ef536eb0032a,1a671cf3-91b0-4ec0-b93b-f6aaf8979e59,
020201f7-2b1b-4df9-9284-9f5abfa34076,e6c2b069-5496-4a3b-9e82-ef536eb0032a,2ec2ff77-de58-4b75-9808-af30657624c6,
c5434431-0790-494e-ac6f-5f1d434e216c,e6c2b069-5496-4a3b-9e82-ef536eb0032a,31f53adc-fdd3-4656-8f59-6e4344ac7e6c,
a83ea20f-d38f-4909-a2be-60d5ab025187,e6c2b069-5496-4a3b-9e82-ef536eb0032a,3f93f00c-a5f9-4949-aefe-0b6162547f90,
ca6cbf93-70b6-407e-bb5e-a68fac7f7253,e6c2b069-5496-4a3b-9e82-ef536eb0032a,41c49f35-96d6-4fa1-a306-9d67978fcdb2,
ed6ca1c6-ea0a-410f-9a16-c708ab335053,e6c2b069-5496-4a3b-9e82-ef536eb0032a,534b97e4-8e6d-4d98-8537-136bac29f1db,
f203d186-53f7-49b2-a4cd-655d98139277,e6c2b069-5496-4a3b-9e82-ef536eb0032a,5804c271-502a-4fe9-8d98-20588076ba96,
fe43aa03-be4e-4828-8926-0ec4ee6b3766,e6c2b069-5496-4a3b-9e82-ef536eb0032a,83b0d0da-16d7-44f6-862f-be538167b9aa,
316494ab-2276-4d89-823a-36f89fe0b2ad,e6c2b069-5496-4a3b-9e82-ef536eb0032a,84d21e2d-ba77-4f2c-827c-ac64070fee27,
1bb2e7b2-d357-4f88-9187-e7bfe1141379,e6c2b069-5496-4a3b-9e82-ef536eb0032a,cc9f21e4-618a-448e-8c85-1fc00cf5aa4a,
4c22bb5c-c177-47aa-86e3-0256e195ed24,e800bede-7ad9-4fbe-99b8-1518b0fb85e1,0013d417-0955-49ba-82bc-a0176b43c09c,
a47571f1-7363-4038-a121-46b74b754059,e800bede-7ad9-4fbe-99b8-1518b0fb85e1,21e0c76b-b892-4665-b6f0-f8b532079bb3,
9c93149f-ed19-4e76-b315-f58df56b54de,e800bede-7ad9-4fbe-99b8-1518b0fb85e1,3980bfdd-c15c-4e03-8c19-1cfe537b9681,
1b02d5e3-1583-4438-8d2d-5f8f6e23eccb,e800bede-7ad9-4fbe-99b8-1518b0fb85e1,3e45e1aa-233a-4e27-8deb-c4a1ff0b5d9f,
3af798bf-0710-44eb-a4d4-ed49e6c80f27,e800bede-7ad9-4fbe-99b8-1518b0fb85e1,4764b572-07b3-46b8-add7-1e48dd37e38f,
d4ee32cc-12c2-4e2b-96ab-6799e72e20b7,e800bede-7ad9-4fbe-99b8-1518b0fb85e1,4d6bcf18-b6b9-44da-8bfd-71b618d5543b,
b3e02bfb-dd96-43c4-94b0-05353db9592c,e800bede-7ad9-4fbe-99b8-1518b0fb85e1,4e595bb3-c075-40a2-849b-86b370e7fd88,
d8c0eff3-fe61-4a67-af70-a52f9db331b4,e800bede-7ad9-4fbe-99b8-1518b0fb85e1,5338fc2e-7720-4531-8140-61565d995a8d,
8cad6e4d-7ce1-4f78-8e84-eb67d7e4f668,e800bede-7ad9-4fbe-99b8-1518b0fb85e1,5549e8d0-d7a7-4d91-b347-8d3d852df615,
f5d44a18-f1b2-40f1-945b-604a4fbb0a8f,e800bede-7ad9-4fbe-99b8-1518b0fb85e1,6a429548-8520-418d-9021-a0fe00d2ab23,
6a9c22b5-7327-4b01-85e2-190def9cf176,e800bede-7ad9-4fbe-99b8-1518b0fb85e1,7c727cf9-4e7d-4143-9ac0-b3ac5afaa964,
c64fefa8-3706-41f8-a185-e407d94a37aa,e800bede-7ad9-4fbe-99b8-1518b0fb85e1,818ed3d6-47de-451c-a4b1-122b2fc67492,
261d1485-bcfd-4f44-9a9a-39e861d5430e,e800bede-7ad9-4fbe-99b8-1518b0fb85e1,8f2ffc89-acf6-4972-94fb-c075d6e2578e,
7e37b030-a7f2-4a1f-a6cd-9eb2d5b87ba2,e800bede-7ad9-4fbe-99b8-1518b0fb85e1,94d61b9a-45f6-45d1-bd90-8c5465866a41,
72b9a5fb-f814-40df-a7f3-89ff6069a919,e800bede-7ad9-4fbe-99b8-1518b0fb85e1,9e22f0b2-af9d-4ef2-959c-aaf46e88b075,
d523953f-258a-4b86-a2e4-054b9c153855,e800bede-7ad9-4fbe-99b8-1518b0fb85e1,ae6173f0-75e6-4fd7-9315-46b51dd0bda5,
97b7636a-8a4e-4634-bdab-d478863b9fff,e800bede-7ad9-4fbe-99b8-1518b0fb85e1,bedee6df-c8c8-436e-9816-45653c5f9000,
2a7f7444-794f-4ed8-b91e-5405c768a76c,e800bede-7ad9-4fbe-99b8-1518b0fb85e1,dc7fdd63-aa95-4c5c-ace8-41fafce79d4f,
baad79df-9d6d-4660-b238-29d930aa72d7,e800bede-7ad9-4fbe-99b8-1518b0fb85e1,e113678f-8711-4756-907a-e351503869b8,
dd0b707d-920f-4a3f-8ba7-9b5b3242c0d2,e800bede-7ad9-4fbe-99b8-1518b0fb85e1,e6cd0997-8ba3-41e4-9b8b-3fd0c7741b7a,
10764fd1-c82b-4463-9137-fdcb9cb6fc59,e800bede-7ad9-4fbe-99b8-1518b0fb85e1,edd927e1-742f-46d2-8eb9-f182e5b1cae6,
a36d2c29-0f00-43ca-843c-fb90fcf29e2e,e800bede-7ad9-4fbe-99b8-1518b0fb85e1,f0fdda0c-fe9a-4aae-a94a-79cb1339bfdd,
884ddf79-6016-4d00-a93e-07c21e48cb70,e800bede-7ad9-4fbe-99b8-1518b0fb85e1,f1dfb67b-e223-4cdf-a161-20dc0c908dda,
cb574cd1-6edc-48af-ba34-090eb64aa149,e800bede-7ad9-4fbe-99b8-1518b0fb85e1,f888486e-283f-456a-8467-ec458cc07998,
c646f2e2-8ac2-48fc-9c6b-32c67c7215c1,e8883c24-220b-4663-b91d-f624d18f78e0,00ab54fc-2529-4be9-8e04-1da78bd98031,
fd681ba1-e631-4656-90cd-d813ded59001,e8883c24-220b-4663-b91d-f624d18f78e0,0ba7d6a9-aa48-4a0a-a3f7-77d323b65176,
5aeef5fa-9c97-4c26-839b-80fd7f20f7ae,e8883c24-220b-4663-b91d-f624d18f78e0,1a14d5f9-6e1e-42ea-a872-cad1fff1dd94,
d07330c2-fdc2-4227-9fd7-4779bb32d004,e8883c24-220b-4663-b91d-f624d18f78e0,235c4eaf-6eaf-4740-98e1-415d8b73e2b3,
8a881561-11b8-45b5-8156-c67d96e4d906,e8883c24-220b-4663-b91d-f624d18f78e0,4bc8d529-821e-4656-bf79-7a196c0bc0f4,
8fa0f31d-c5a1-4276-8229-f344305e2440,e8883c24-220b-4663-b91d-f624d18f78e0,7a297f4c-6ea1-4157-8110-18ba7f06bede,
dbc6eadf-459a-45df-a04b-61bab548f8a1,e8883c24-220b-4663-b91d-f624d18f78e0,992a696f-c59f-4dc0-807c-5ba91ae69d5a,
64fd66e0-b121-4ab2-9fd3-c9cece8d9c9f,e8883c24-220b-4663-b91d-f624d18f78e0,9ce4e7f8-8614-41ea-9ac8-a588f4bb7f57,
c49d891d-ffa5-4ab3-ba07-88ddcb5756a1,e8883c24-220b-4663-b91d-f624d18f78e0,abc681dd-cdae-4229-86df-0b808bda8999,
1e306a6b-3819-40d7-b15b-709214dd22d6,e8883c24-220b-4663-b91d-f624d18f78e0,b12f515c-f00a-4d24-a922-9e2e57d9fdfa,
192ad4fe-dc32-435e-8af3-216842f7b8ac,e8883c24-220b-4663-b91d-f624d18f78e0,b1545208-1d40-47c0-b3b5-b834dd191dab,
e53e10df-fb8b-43cd-aa83-9fd9657709db,e8883c24-220b-4663-b91d-f624d18f78e0,bfa040bb-bc27-4597-9ee6-99a6c0de0c7c,
ce553acc-2d52-4fb0-a3a0-0ee8b287e5b3,e8883c24-220b-4663-b91d-f624d18f78e0,c142e7ca-310c-45bf-9710-17a0c0ada26b,
57b1111c-cab0-4550-b09e-aaf8d83972ae,e8883c24-220b-4663-b91d-f624d18f78e0,c3913911-3eaf-4d28-9660-a6f3986e0f39,
dd4c90c6-5f21-4104-9790-b9cc8808bc0b,e8883c24-220b-4663-b91d-f624d18f78e0,c65db79f-f5e1-4360-9bab-b12636a8919c,
c303a857-4873-44c2-8ca6-116249d2ed09,e8883c24-220b-4663-b91d-f624d18f78e0,ca16cb0b-590f-4ff8-82a2-eccf98ca7566,
e191e656-5c0a-40e4-84f5-b612d218edb6,e8883c24-220b-4663-b91d-f624d18f78e0,cdc9bdf1-0bc3-41ec-b287-cb26f73e9df4,
334e982d-f17e-4ecc-a87a-4f085ae805de,e8883c24-220b-4663-b91d-f624d18f78e0,de1a699c-956e-45d3-9f03-74fd58efd76a,
0556cbd2-3623-41df-9eb8-78379b6c7133,e8883c24-220b-4663-b91d-f624d18f78e0,df21b648-60a3-40cb-aad9-dd0c975caf5d,
8f339513-d181-41bc-bd93-a397710ee64f,e8883c24-220b-4663-b91d-f624d18f78e0,e86b8c9a-1175-4d3c-8bad-448a7f6eea65,
3a557227-cd6a-478a-ae80-701036f699d4,e8883c24-220b-4663-b91d-f624d18f78e0,edcfa46b-8081-4056-b3a2-dc24c2978655,
5bbf8625-bb22-4851-a48c-ef5b48d47dcf,e8883c24-220b-4663-b91d-f624d18f78e0,f263df0c-efc5-4e7f-9190-866f51a93c8c,
f751ab80-05b6-484a-bea9-6c6e1324878f,e8883c24-220b-4663-b91d-f624d18f78e0,faf08cc3-0ff9-48c4-906a-be7696614cd1,
a32458e4-3776-4c30-bd8a-596a63d467a1,e8883c24-220b-4663-b91d-f624d18f78e0,fda51874-0d24-488c-ae83-f201461dbfa6,
3b63aac3-a2d1-4d4c-bd6d-b3b29f004494,e8b8cb0c-530d-4c7c-90b0-3acb8ee67f0a,13e68628-efad-4807-92bf-8c00fc1965b1,
4175b519-0a46-4301-a463-4a5e1e4797b8,e8b8cb0c-530d-4c7c-90b0-3acb8ee67f0a,22fb68ed-6f8a-447f-aefe-45896bb90730,
9dbfe088-674c-4a64-84ea-f0a45883ce65,e8b8cb0c-530d-4c7c-90b0-3acb8ee67f0a,250e612b-e823-45ec-b35e-b36eb3622c53,
2a11de94-9c39-4b5c-9082-74eb10e0d7b6,e8b8cb0c-530d-4c7c-90b0-3acb8ee67f0a,26f17087-2817-4ba8-a6ce-bac11286ab47,
f405eebd-5710-4fca-aded-2bb7d5631d80,e8b8cb0c-530d-4c7c-90b0-3acb8ee67f0a,2e0b3bb1-1c21-4155-993e-82fad314d84c,
da33ad11-deee-444e-b2c1-e6f2e6169ea0,e8b8cb0c-530d-4c7c-90b0-3acb8ee67f0a,506ef7ca-da2d-4c8d-8993-92ebd463f1e6,
ceb166e4-8d2d-42e6-8224-ccd2db431f89,e8b8cb0c-530d-4c7c-90b0-3acb8ee67f0a,6f91cfc5-29cb-4f11-9a8e-f9ac34051e95,
fc6fbd42-d0dd-4cc9-9570-95277c76d240,e8b8cb0c-530d-4c7c-90b0-3acb8ee67f0a,8a72b9c0-1c93-4ed6-8773-9381235b77d4,
a476c569-e4f7-4d48-93f1-504c3816ae6d,e8b8cb0c-530d-4c7c-90b0-3acb8ee67f0a,980ed9f8-a383-44e7-bb0c-8d49c8b11b9f,
f8e7ea0e-97e5-469e-a9c5-c77ef8764c48,e8b8cb0c-530d-4c7c-90b0-3acb8ee67f0a,b493c10a-154c-4e33-8c80-aebe070eee05,
12ac4503-0ae8-489a-a374-7cb7168baf61,e8b8cb0c-530d-4c7c-90b0-3acb8ee67f0a,d73f7ed2-81ef-4a9d-90ad-4ba64208515b,
3b0404bd-0c22-4324-bb15-53f7f6b2c6fb,e8b8cb0c-530d-4c7c-90b0-3acb8ee67f0a,dfc0176a-3ad7-4502-9542-15bded6a5e42,
ed347b3a-5f31-45da-966d-4a375fb12fc2,e8b8cb0c-530d-4c7c-90b0-3acb8ee67f0a,fe56b1b6-ce0a-4648-97c1-1df5c0b868cb,
c1376860-538c-4bbe-acfe-82e90a541cfc,ea20ca33-6538-4fdd-bce3-716cd4bfa4f6,cbbdaed7-90a7-4c1d-8cac-ae92868a5af7,
c81c5d8c-5a24-4b97-9fec-b3821dbada7d,ec503250-6b72-423c-bfe0-1a0f75920dab,11fc0242-d7dd-4bee-9997-fcaa76f6e03c,
809f28b7-d49d-43fb-90af-c7d76fe8ee1a,ec503250-6b72-423c-bfe0-1a0f75920dab,ce7e608d-4b53-4c02-ad9a-511bc3efcdb3,
d2b3ec86-54b6-4965-b75a-03faad4c5997,ec674a16-d45a-49ca-a3da-0c47672cef73,5b1c8a34-9553-403b-9510-fccb1c016c64,
ba0e41f0-11b0-4ff8-9373-aa75995dff7c,ec674a16-d45a-49ca-a3da-0c47672cef73,bd84a5dd-44b3-4865-bf68-d71889b06b85,
2d88f97a-5920-4224-90f9-1abab0c6ba47,ec7fecaf-818a-4c0a-81c9-fe2ebf43eb92,1d4aa315-f38b-4891-9e17-2de215698333,
84729735-05b0-4996-852f-c3a03715e0c0,ec7fecaf-818a-4c0a-81c9-fe2ebf43eb92,2be02684-377f-42c1-b42e-ee2c6be7c998,
db68fc3f-74af-4e1b-b014-2a57e519dabf,ec7fecaf-818a-4c0a-81c9-fe2ebf43eb92,487cc030-53d6-4d1a-afc5-9e75dda891f4,
2f57878e-3d3a-4a54-8db4-dd1a048c4bac,ec7fecaf-818a-4c0a-81c9-fe2ebf43eb92,50d440b7-5488-4a65-9847-53f101f159a0,
94a717fa-03de-4ddb-aca6-593ea01a46fe,ec7fecaf-818a-4c0a-81c9-fe2ebf43eb92,6ccc5859-2c3d-489e-9832-1870796dff16,
07629ab5-6a08-4f1a-9b45-2756bc76e01f,ec7fecaf-818a-4c0a-81c9-fe2ebf43eb92,7f0e7640-0dae-4bd6-ac2b-a42507d50dcc,
a0d99622-a259-4b0e-96d3-4cc8b50128c9,ec7fecaf-818a-4c0a-81c9-fe2ebf43eb92,7fc7f506-89df-4e73-83b3-a6287d9b4fd9,
176a0aa1-c2d9-4387-a472-e634b2dc76e0,ec7fecaf-818a-4c0a-81c9-fe2ebf43eb92,82d4de31-4be9-47dd-a4cd-842152fe9358,
27cb7fbe-bdff-4340-9d60-ee8de37c76b2,ec7fecaf-818a-4c0a-81c9-fe2ebf43eb92,844978e6-7204-4798-9eef-7c1a42ea5dcb,
9c7b0ed9-68e7-4aae-acad-9aea3be6e9db,ec7fecaf-818a-4c0a-81c9-fe2ebf43eb92,96076f7d-7139-4fca-8fed-3cd68e96ac1c,
f31dfcf1-267f-4495-a395-9d02b9f0e35a,ec7fecaf-818a-4c0a-81c9-fe2ebf43eb92,ce57797d-52a6-455a-b961-f7f096ed768f,
8bbd0daa-d627-4c00-be54-4860eaef8d29,ec7fecaf-818a-4c0a-81c9-fe2ebf43eb92,d07d5c43-5fb0-4e26-a5cf-b4bba9b82231,
e3faaa8d-720e-4df0-9b8f-a869699573a3,ec7fecaf-818a-4c0a-81c9-fe2ebf43eb92,d75efa8d-2a6e-467d-925f-25478bddd1ad,
0056f994-0653-4d94-8778-c9a7a4419b2e,ec7fecaf-818a-4c0a-81c9-fe2ebf43eb92,d8f9c981-94c1-4df9-a4cb-87039f97b1a2,
25f162ec-dfdc-458b-9fcd-fc15a5eaa2c5,ed76b6dd-2e18-4876-8c15-f1d83e677f6c,11ca106e-f909-4ad9-8eb7-c067090fe9dc,
1628b543-fd7f-4098-98e1-23461c4974e5,ed76b6dd-2e18-4876-8c15-f1d83e677f6c,1aacc899-e766-440b-adb2-36e78de81c10,
e9b83376-e235-4448-a29f-0f1aefa4a705,ed76b6dd-2e18-4876-8c15-f1d83e677f6c,2484cb77-0074-43b0-be33-0284a6b5d755,
8ce75957-2819-410f-adfc-92b082685698,ed76b6dd-2e18-4876-8c15-f1d83e677f6c,2f4aa92e-3155-4f50-970a-f060e680a4be,
8cea0d08-b0b7-49ad-b8be-657083b6c6f0,ed76b6dd-2e18-4876-8c15-f1d83e677f6c,4bdf5c6b-512d-43b3-87b1-cc18d24c8552,
26814a62-ef24-4654-a6c0-9123b027a5c6,ed76b6dd-2e18-4876-8c15-f1d83e677f6c,4e5e12cb-4d50-422a-84ee-0d2c0a14c8af,
f40c8308-a974-401b-8664-c88052cc5a6e,ed76b6dd-2e18-4876-8c15-f1d83e677f6c,6d527b23-3f50-4aa9-b537-91f051f2e6a8,
4b0cd338-e402-41da-9e81-79ef9739d8e3,ed76b6dd-2e18-4876-8c15-f1d83e677f6c,6ed3dc1a-1ca2-41f8-9156-9d25640a73a9,
b6bd4366-fbed-4db4-9687-1739d3e1f535,ed76b6dd-2e18-4876-8c15-f1d83e677f6c,7930fadd-8528-4bce-ae58-d357d6882664,
04161154-0953-4e3a-a382-b6775883875c,ed76b6dd-2e18-4876-8c15-f1d83e677f6c,94e88ca3-9c8c-4e79-b4e5-4a225d2b52a3,
bb2a609d-438f-40e2-ac34-f190c92053d5,ed76b6dd-2e18-4876-8c15-f1d83e677f6c,a173a689-455e-44dd-82c8-f9719977c024,
7fc0ac1c-47cd-4420-8e22-e6bfe616bb64,ed76b6dd-2e18-4876-8c15-f1d83e677f6c,c519aa4e-5d90-4340-9718-a80ee38ad5e5,
880bf298-0047-4d30-a601-ec3a2c841005,ed76b6dd-2e18-4876-8c15-f1d83e677f6c,c75a9657-c86a-482a-a6d2-800ab977a1e8,
d8aaf3d1-b9e5-4b02-8cd0-3619651840d0,ed76b6dd-2e18-4876-8c15-f1d83e677f6c,e20061ca-d992-412b-8761-cdff1b25a494,
c9f69f67-e81f-45de-92ed-0ba9f9c454e0,ed76b6dd-2e18-4876-8c15-f1d83e677f6c,e9b10010-27cb-4241-9d32-c744a519f733,
ee9f0220-38e6-4f8b-8a01-d5f0d920fa14,ed76b6dd-2e18-4876-8c15-f1d83e677f6c,fe677327-bf0d-4202-993c-4f4af9e69ec6,
5b39bf0c-6396-40aa-891a-ea2dca3d1762,ee0645c1-3160-4483-bacb-600e7063fb6b,0430c4c6-5e24-4503-a11e-797731fdae49,
1742716d-e2e0-44c7-a0ed-ca74f76b5a49,ee0645c1-3160-4483-bacb-600e7063fb6b,04cf50ab-4d80-41e0-9cf6-770ca86ef355,
efb45999-ac17-41db-b25d-e31788e0b005,ee0645c1-3160-4483-bacb-600e7063fb6b,1f3d491d-1b68-4717-a081-7f536249f16f,
16516404-6054-4451-bd10-3d6b79338521,ee0645c1-3160-4483-bacb-600e7063fb6b,2ca4ca8f-d860-4af3-ade2-aff5e59597d6,
4fe8388e-83f1-4a0d-912c-2c85256cfa8a,ee0645c1-3160-4483-bacb-600e7063fb6b,39abadee-fa77-48e6-9352-009a09e6b320,
56a9cf75-8a91-4c46-bc9d-9b1f00eb1ab0,ee0645c1-3160-4483-bacb-600e7063fb6b,45c158a5-8ff9-4652-811e-ff610e808737,
24ef7477-66ed-4b39-8ac0-bd51c94062b9,ee0645c1-3160-4483-bacb-600e7063fb6b,523c2b4d-d86c-400a-920b-bcb5c3a1e113,
d7b26369-4373-4ec2-b0d2-fb8d0e85510f,ee0645c1-3160-4483-bacb-600e7063fb6b,546ba440-143d-47ec-9fc4-9680d9a2f149,
51e7d641-c4b4-41c3-8df7-425cec7ebf7f,ee0645c1-3160-4483-bacb-600e7063fb6b,5943a640-dd67-44e3-988e-0b51b1bd4557,
e0e04f37-fa53-4d2d-b825-d23df13c78fb,ee0645c1-3160-4483-bacb-600e7063fb6b,63cb6a06-c6d2-4c9e-9799-fa6dc14bcb73,
8211d646-2abb-4704-8aa5-f426fb4b892e,ee0645c1-3160-4483-bacb-600e7063fb6b,6660b38f-88f4-498d-b583-79df06c1d9f3,
56000007-f27d-4d0f-af02-6277eaaa8203,ee0645c1-3160-4483-bacb-600e7063fb6b,6d083838-af22-45b6-aa0b-67a93816d65a,
d7924a6d-12a4-4356-8fd3-86e8128b339b,ee0645c1-3160-4483-bacb-600e7063fb6b,6f29100d-f6c9-4194-bae3-3e983b062b26,
45abf948-4422-4060-9615-53903ca4a278,ee0645c1-3160-4483-bacb-600e7063fb6b,7080d7a7-dc68-40e8-8c97-c96f4d68d1bb,
109a83de-95b3-4ef1-80ab-dd000d1036b3,ee0645c1-3160-4483-bacb-600e7063fb6b,71cd0320-9d13-4aa0-8aa7-acf8fd34bdb7,
d9615ee7-8821-4ddb-ba15-0b3869341c22,ee0645c1-3160-4483-bacb-600e7063fb6b,76d0a27f-5eb0-41ae-99cc-cd64b55121d8,
1ccb1aa6-299a-4938-94e8-263e3f93c632,ee0645c1-3160-4483-bacb-600e7063fb6b,84807a5c-83eb-441e-b50c-98e9fa6fa443,
c2fe6665-635d-4942-80a5-e1f34f190fc4,ee0645c1-3160-4483-bacb-600e7063fb6b,88941d9f-83f6-4793-b6dc-a21988d2fdd2,
cdb8bb52-1106-44c1-ab3b-ed0a6e2b10f8,ee0645c1-3160-4483-bacb-600e7063fb6b,94df1ae0-abe5-450c-9dc6-eab5e4b373e5,
bd8862c5-18bb-4f1f-8948-a1446674f421,ee0645c1-3160-4483-bacb-600e7063fb6b,954269e7-b2a6-436e-a8c0-e9fd1bfaf49e,
d9b8fd45-0d0f-436e-897f-3d2827073edc,ee0645c1-3160-4483-bacb-600e7063fb6b,a124aeff-f75e-49f2-bf2c-d9bbff688bbe,
2cf9d201-3272-4680-a86b-ed1bd8772658,ee0645c1-3160-4483-bacb-600e7063fb6b,a454c8bb-263f-4290-9e4f-4aab26c808cf,
1ffe434a-4020-4471-b85c-cd57472dcfe3,ee0645c1-3160-4483-bacb-600e7063fb6b,a5f55fd8-e996-4253-86e9-4246eb6d42cd,
2272e912-895b-4f30-bdab-33c849f0750f,ee0645c1-3160-4483-bacb-600e7063fb6b,a974f682-3c2d-4f25-82de-626e69a489a2,
31ddea40-ea60-4451-8745-0ee84de21205,ee0645c1-3160-4483-bacb-600e7063fb6b,ab01616c-8a36-4ba7-959c-4be72c7d83be,
4522adf4-0c01-4ed8-b3d9-2fd3d1a91fe3,ee0645c1-3160-4483-bacb-600e7063fb6b,bda37f08-124b-44de-938e-9a70f2f37592,
9bc75557-6172-4eaa-9eea-a83a477f1e42,ee0645c1-3160-4483-bacb-600e7063fb6b,d5669c8e-3741-45b4-9142-df1724fe33a8,
98f4b5d4-e834-456a-9d1e-ac5cf9e4563a,ee0645c1-3160-4483-bacb-600e7063fb6b,dbd4932d-9fe2-4072-9954-bb3b65d3d03e,
932cb720-ebff-45ea-b6db-083efdae7236,ee0645c1-3160-4483-bacb-600e7063fb6b,e639ef12-2d7a-438b-a0b2-f28c0d3ffe3b,
d9a579a3-cc16-42d2-ba3d-cacbb5b65d78,ee0645c1-3160-4483-bacb-600e7063fb6b,fcd28bb2-c474-4d55-930a-065fab7fb5a4,
ee96e49d-d671-4def-b572-4813b914d341,eef42d6b-750c-4303-8699-0c73e197f5f8,c2aa7ab9-457a-4991-8327-0f25c20aec3e,
7cb2c137-de98-455d-b41a-af13f9a7e1a8,ef94d21a-d883-4c5c-9a67-d4691c0d1dfe,106eb00d-04e4-4ddb-a995-3a2788ef9363,
f45361b7-4565-407a-91c8-d9a63dc1736d,ef94d21a-d883-4c5c-9a67-d4691c0d1dfe,15fa84ea-27b3-456f-b6d6-d1d2b5bf4468,
320501f6-0360-4cd1-9840-0232c79f06af,ef94d21a-d883-4c5c-9a67-d4691c0d1dfe,407ef8b2-ad56-46a1-bdaa-e5ce80b3740e,
03a5fb04-bf3c-474a-a11a-a76e2d24ced6,ef94d21a-d883-4c5c-9a67-d4691c0d1dfe,5ebea1ea-9f03-4d8b-b05d-d23460643c63,
a7dd0c5b-55af-431e-97df-751626b085ca,ef94d21a-d883-4c5c-9a67-d4691c0d1dfe,768f2b2b-6112-4f88-b199-2cf952c8be98,
ba40d4c4-e7cc-49a1-a741-2ccb9c6c3021,ef94d21a-d883-4c5c-9a67-d4691c0d1dfe,e291639e-ef3f-48a2-af2c-2384cd4aa184,
12e1e109-6b52-4401-ba17-4e364542a762,f07b6362-9736-415a-8d6b-d5337a8af971,04d1ad59-dec1-4cb3-bd07-8271226fc25c,
dd09465c-0a30-425c-b1d6-cd96f8b80f9b,f07b6362-9736-415a-8d6b-d5337a8af971,060b4569-7c97-428e-abfd-c94ed667dab4,
a658b503-8f0f-4011-9166-0e452776b324,f07b6362-9736-415a-8d6b-d5337a8af971,06175094-d9fb-4c2c-adc7-0e7ef6a1094b,
306365eb-e106-4f7c-afde-59ac6f691677,f07b6362-9736-415a-8d6b-d5337a8af971,06e809c9-ebbf-46a1-baf9-d35b652812e2,
a4562472-8b40-458f-bcf2-0f9ded54a9cf,f07b6362-9736-415a-8d6b-d5337a8af971,07b28aba-d5aa-4dbc-bb94-e5473e2e4b4f,
792ae8fc-fe99-4247-aa0f-64ef5feb4357,f07b6362-9736-415a-8d6b-d5337a8af971,0ac2b81d-f679-48a0-a5fb-68db3acdb5cc,
bd7bc4ea-281d-4f45-90c8-e1ca555391fb,f07b6362-9736-415a-8d6b-d5337a8af971,0eb186a9-8db7-426d-95e0-595e17a21951,
d6e7839a-4da0-4f72-ab40-9dc08ecc5a46,f07b6362-9736-415a-8d6b-d5337a8af971,12165b63-552f-4780-bfe8-de5ac3a1fdd1,
d85c5bff-db08-40a8-91c9-570c830d72c5,f07b6362-9736-415a-8d6b-d5337a8af971,12f663b5-2822-463c-a700-e30f2d010be7,
f7fb4f32-5767-45c3-9198-957d4c0df768,f07b6362-9736-415a-8d6b-d5337a8af971,14d9f192-7afd-42eb-b62c-26a4c094dd2c,
73c45495-ab81-4043-a64f-b1a278b14e54,f07b6362-9736-415a-8d6b-d5337a8af971,1690ef60-a443-4e6d-9043-9b0bd44020b8,
da3f2ba1-69ee-4881-b39a-60a5e6e6c6f3,f07b6362-9736-415a-8d6b-d5337a8af971,17d13d72-67f6-4e30-976d-7cbd73f17f85,
94ca82f4-7c8f-464a-97e6-d18e20aa8dc3,f07b6362-9736-415a-8d6b-d5337a8af971,1b113c66-0dfe-43cf-8654-d0ef0ea6d348,
54347891-e683-473c-b195-724f5d4e7de2,f07b6362-9736-415a-8d6b-d5337a8af971,1e7e6855-c0bb-49fe-a9c2-daa3a55ac3d5,
616cb203-79bb-416d-a26b-fd4cf178f944,f07b6362-9736-415a-8d6b-d5337a8af971,2152020c-980e-479a-a014-4068007ded0c,
7ce4215b-3fef-41b6-9d53-c40352a83ce9,f07b6362-9736-415a-8d6b-d5337a8af971,2f5d2f8a-d417-4e8c-a4bb-89aee76b7f15,
2c2eddba-f257-4612-aa87-8ee41d934c11,f07b6362-9736-415a-8d6b-d5337a8af971,3389b09f-b69d-47ab-af89-4a52b1975504,
6c3f108e-87d4-498b-9670-f8de1d30c0b4,f07b6362-9736-415a-8d6b-d5337a8af971,395f9685-26e0-40f6-971a-6b98dbc5b0ef,
018d1ef8-70b8-4754-be56-4fe4d3e2df0f,f07b6362-9736-415a-8d6b-d5337a8af971,40f7e952-e757-4792-9585-f962ea55d02f,
6bf9f02c-76a3-4061-bedd-7afcff142ea1,f07b6362-9736-415a-8d6b-d5337a8af971,45915ed9-b413-467d-9e35-d6f212bc5d01,
9328d16f-ea8f-4dc8-b676-6e0d092d458f,f07b6362-9736-415a-8d6b-d5337a8af971,49e3aa4e-b8a4-4c13-a166-ca5442cb4bc3,
2d06caf2-fd5f-4088-9ec0-d4cd5dc1aebf,f07b6362-9736-415a-8d6b-d5337a8af971,51690a8a-9a01-46fe-ae3a-bfd172beacec,
6f83471e-d1c4-463d-8995-0bac4414b2a7,f07b6362-9736-415a-8d6b-d5337a8af971,543a4f5e-9638-4b9a-b30b-aee7f7ab2fbc,
561bd04f-eefd-44aa-855b-9f747c540ce1,f07b6362-9736-415a-8d6b-d5337a8af971,56ecd466-b5b4-490d-b3a0-f2edb8f758e0,
4576b0d9-69eb-4941-ae7c-de2f4c809b22,f07b6362-9736-415a-8d6b-d5337a8af971,589fa3a3-990b-44ed-b0a5-09b03c930a93,
72d67bce-4291-43e3-a7ce-451e6acc0934,f07b6362-9736-415a-8d6b-d5337a8af971,5d36c33a-a3b8-4321-b987-f0dab9b619a0,
983443c3-cacc-484b-b020-7128a35d0b7b,f07b6362-9736-415a-8d6b-d5337a8af971,69193f74-9bc3-41cf-be0c-dd93473125af,
014008f6-03ad-4a8f-8b64-32ba9f5276ab,f07b6362-9736-415a-8d6b-d5337a8af971,69e21d71-877f-4f0b-abb5-d5faa27f9e9d,
372be44f-5b72-4607-a6a6-09e59cfc75d5,f07b6362-9736-415a-8d6b-d5337a8af971,6eaf2a7d-8808-4221-873b-32c200df29f5,
8e8f14b0-bbaf-43bf-ad6f-72e70003b2c6,f07b6362-9736-415a-8d6b-d5337a8af971,717783c1-da0d-4866-9257-6e27c8742b36,
7c87a489-9e13-4fd5-a285-34ed5135dc1a,f07b6362-9736-415a-8d6b-d5337a8af971,7891f4a4-d2f3-4dfc-b812-ee019bca3a01,
9fef943d-5311-4cb1-8868-c30318795139,f07b6362-9736-415a-8d6b-d5337a8af971,7a96d2be-099e-4006-a4f9-01af29536444,
afe8dcb2-97d4-4ce8-9dc7-90cb96c1e61d,f07b6362-9736-415a-8d6b-d5337a8af971,7b442edd-66de-4b1d-a1e7-e06c11ea343e,
607fdb68-bc06-404f-9f8c-e5e6bd9a71db,f07b6362-9736-415a-8d6b-d5337a8af971,7b77911b-bea1-4535-8008-140214a782a1,
d4f8f74e-1243-4381-a2e6-f4da920af89d,f07b6362-9736-415a-8d6b-d5337a8af971,7e2964fd-0ea0-400f-b474-146b84b2782d,
eaf4e5f2-6d5b-4e5a-a44a-b448867a475c,f07b6362-9736-415a-8d6b-d5337a8af971,82a23065-462b-42fa-b5eb-a0adfade8379,
0102782d-d116-470f-8776-d4e91c80f28a,f07b6362-9736-415a-8d6b-d5337a8af971,8755b940-a2d6-4c57-ad83-5416e0432aab,
98e3ff43-1ba8-4c96-9f3e-f8939e4c578b,f07b6362-9736-415a-8d6b-d5337a8af971,87728f6b-6f55-456d-bcd1-5188baa49a94,
4194678b-d471-4020-af14-a1ace589ddaf,f07b6362-9736-415a-8d6b-d5337a8af971,87b884e1-4e77-4479-8c0a-0ff375ef4086,
49f89d47-0124-48e0-ac3c-3a1bf018efed,f07b6362-9736-415a-8d6b-d5337a8af971,8cf4cff4-83c7-4803-9ebb-b8c05541a5e5,
02818803-6490-42a9-a47c-5e28e49b4f50,f07b6362-9736-415a-8d6b-d5337a8af971,9095af95-3d71-4bc5-88df-85c9f652c1c1,
05913ffe-a293-453f-a9f8-2d1ef0252efe,f07b6362-9736-415a-8d6b-d5337a8af971,92df112d-3ac2-4d54-ab54-d01893483a4a,
44ec0d0b-0621-4187-a55a-1ca3204b15f4,f07b6362-9736-415a-8d6b-d5337a8af971,958cfc61-4b59-4709-8b81-1aabb2de123d,
948df441-9b67-49a9-8c8d-ad505dbca544,f07b6362-9736-415a-8d6b-d5337a8af971,9b85fd08-20b1-47b2-b484-9f3ea42f4df0,
703bf1e0-681e-402d-83e4-ba863b6dbaee,f07b6362-9736-415a-8d6b-d5337a8af971,9cb63af5-75cf-4063-b89c-1a45e5b34415,
031fd548-65e6-4c8f-be5f-5cec7ee92a6d,f07b6362-9736-415a-8d6b-d5337a8af971,9cc72ccf-1d34-4fb0-b166-f2fa89833055,
67e3cf46-5c83-4c07-be33-714cf8616f89,f07b6362-9736-415a-8d6b-d5337a8af971,9d1c2587-342f-479d-9d7d-76583bff2053,
545f0d29-d59e-4e0e-86b7-66413d6cff2a,f07b6362-9736-415a-8d6b-d5337a8af971,9e2f2a8b-64b1-4552-b7cf-e07b50708282,
d26da7e7-8ca1-42b6-87fc-48ab664544ac,f07b6362-9736-415a-8d6b-d5337a8af971,a02876b7-e61d-416c-8c79-358dee3c155a,
487cd47b-cc9f-4704-b7e7-99e234135ac2,f07b6362-9736-415a-8d6b-d5337a8af971,a2ae9a22-e963-4299-9faa-48ebf0599e71,
599f6464-a020-47c5-a528-67960657b138,f07b6362-9736-415a-8d6b-d5337a8af971,a72b2921-f2ab-4779-b366-83590d8ad699,
a934522a-2104-412b-a883-f5b99bcf876f,f07b6362-9736-415a-8d6b-d5337a8af971,ab0603b0-c89a-4959-93d0-8d12330a1df2,
d7082afd-478b-4ed3-a403-fb354e3c6480,f07b6362-9736-415a-8d6b-d5337a8af971,ab616315-2d29-4c63-b31e-85f9a1799d5d,
6be6a384-5ca5-447f-97fc-1bf9fe35fafc,f07b6362-9736-415a-8d6b-d5337a8af971,abc1d4ec-01eb-438c-af97-4befcab5816e,
c53243fd-ea24-4d2c-88c2-053253514939,f07b6362-9736-415a-8d6b-d5337a8af971,ae1a50bd-b9f1-4b99-aa97-e8115d9eb128,
5077ffd4-73e1-421d-979f-c004eddc07f2,f07b6362-9736-415a-8d6b-d5337a8af971,ae74ae45-8b39-4cc8-979f-03e93831da98,
92111728-d0a1-4b51-bc70-6661d293b49e,f07b6362-9736-415a-8d6b-d5337a8af971,b3eb25b5-2bda-4715-b7d1-687688901911,
335f2402-f85a-4f4b-ad12-ccb9fec91233,f07b6362-9736-415a-8d6b-d5337a8af971,b47752e1-8dcb-4e6f-b33e-507a61eda5f8,
514a3612-2c93-4a3a-a788-6bd41849d27e,f07b6362-9736-415a-8d6b-d5337a8af971,b4ccf5a3-c1ae-4853-89c5-b046446cd806,
f90b91af-94da-43e5-a86f-3698075a181b,f07b6362-9736-415a-8d6b-d5337a8af971,baf47a02-468b-47b1-a884-344b7a26d4c3,
ac81bebc-919b-440b-8162-b7099871d744,f07b6362-9736-415a-8d6b-d5337a8af971,beaa80c1-e929-46f4-8e20-cf245e5d8b7b,
653debaf-772f-45fa-8f3a-3c7b69489cf8,f07b6362-9736-415a-8d6b-d5337a8af971,c56a7049-9b0a-4ad5-b964-0c958ac16ea5,
6ef80fab-69d1-4f1a-825d-ad5e2a68d9f8,f07b6362-9736-415a-8d6b-d5337a8af971,c78d94c3-d0b6-456d-a6c8-61ff4f93ec72,
a40c32f8-171a-4056-94fb-48d18ed12451,f07b6362-9736-415a-8d6b-d5337a8af971,caa8d44d-a8c1-4466-9f0f-830a15d83ccc,
978e075e-6fff-4cab-aedc-bcacd7a9fecf,f07b6362-9736-415a-8d6b-d5337a8af971,cebbbceb-0578-4644-bc0f-11b4f7296542,
f424de28-9e79-4642-b4a7-1f0f2f4ba466,f07b6362-9736-415a-8d6b-d5337a8af971,d49efe53-7060-41db-a015-e509ff3249bd,
b70ad633-013e-4693-bc82-17be5fceac00,f07b6362-9736-415a-8d6b-d5337a8af971,df5a6656-7371-4a22-b829-0ce3afba8ddd,
b1f47020-5006-4256-99ea-24e75b3209e5,f07b6362-9736-415a-8d6b-d5337a8af971,e1fe12f6-462f-4a1e-9cdb-9e3f3180411b,
a73070aa-5c76-4a12-9560-120faa3c780e,f07b6362-9736-415a-8d6b-d5337a8af971,e81a8193-00da-4953-815f-27fc11d6b66c,
34330c60-705a-47ba-a21c-000247aba2be,f07b6362-9736-415a-8d6b-d5337a8af971,e83209a4-8937-4438-bea2-0e51ef56e0ef,
2f640156-dfef-4dd2-a6c7-1a8f2a31f85c,f07b6362-9736-415a-8d6b-d5337a8af971,e87160bc-60dd-41eb-a996-405d8ac2f593,
35dec20a-f68e-433e-b220-bb0202af2a9f,f07b6362-9736-415a-8d6b-d5337a8af971,e8dca8df-1b51-4030-a02c-2e0eb5931bbd,
014312e7-8d4a-4e50-8dbe-684bd47921e8,f07b6362-9736-415a-8d6b-d5337a8af971,e8e73ff8-a65b-49b4-930c-119d1e862a89,
65e65217-937c-464f-ace2-8e5aef4d576d,f07b6362-9736-415a-8d6b-d5337a8af971,ea3cc09e-3a30-474a-bce4-459640314e6a,
45a5da35-41e3-4808-90bd-3b4fdaee61ea,f07b6362-9736-415a-8d6b-d5337a8af971,ea7c4bc4-6728-4454-b539-86c857ca2df2,
8dfd7409-5b85-4d30-ae94-b4d06acfeaab,f07b6362-9736-415a-8d6b-d5337a8af971,ecbd7242-fb8a-4559-8f57-6a8901c13293,
aaf0bdd2-3f14-4220-8707-23f83af7b6b5,f07b6362-9736-415a-8d6b-d5337a8af971,ef9f24f9-2406-4e64-a67a-9f875910f198,
1b23015b-4ba8-4905-adcd-fe60e2fdbc00,f07b6362-9736-415a-8d6b-d5337a8af971,f3fe18dc-cec2-4f2c-83e4-51744e96eca0,
7c9dce16-ccd9-4738-8049-cc0cc201d1b8,f07b6362-9736-415a-8d6b-d5337a8af971,f410a0ca-7bd3-425f-836d-a7e851f60278,
afa48e77-4f9c-4fe4-abca-c52feb58fcc0,f07b6362-9736-415a-8d6b-d5337a8af971,f91982fd-66ec-49bb-b254-1fa87e0f3da8,
f710428e-2f19-4cfb-9c29-3e49c0b5787c,f07b6362-9736-415a-8d6b-d5337a8af971,fa37d6a0-24fa-4bfc-aef1-0a1441ee746c,
8b5b6141-135c-452e-93c1-409eb7161cbc,f07b6362-9736-415a-8d6b-d5337a8af971,fb746990-5ee1-4d34-ad0b-ac754c351df1,
931d63f4-c1c7-4cf4-a260-88002da6906d,f07b6362-9736-415a-8d6b-d5337a8af971,fc1e45ee-acff-4064-ba5b-3b17fc40d505,
5d3ba25f-8765-4c04-befb-e0f3000ec52e,f1c89fee-8cc7-4acf-a6a6-e54c36cbc8a2,0b3dfcd5-9952-4329-9d78-62e704e5b7ef,
dc796c1c-8bea-4911-86ee-d326661ac5b8,f1c89fee-8cc7-4acf-a6a6-e54c36cbc8a2,60469ccf-3b96-4492-810a-3bb9704ec589,
a112c721-d13a-481a-a20c-26aa13448397,f1c89fee-8cc7-4acf-a6a6-e54c36cbc8a2,7c3c37bb-c888-477e-a9ff-ebf6c9f958ea,
92e151e9-79dd-4b0b-9737-055723b04eca,f1c89fee-8cc7-4acf-a6a6-e54c36cbc8a2,ac0c2989-dcc8-42a4-af83-78155de9d209,
505d041f-af1c-4917-8d6d-db40b888f21f,f1c89fee-8cc7-4acf-a6a6-e54c36cbc8a2,d84366f7-8f51-4e85-8f46-1589e983555f,
dea9ae41-bcfe-4eac-9eda-251de3a411f2,f1c89fee-8cc7-4acf-a6a6-e54c36cbc8a2,e583cd10-cc6b-44c0-a84e-96503c934749,
9ca11fda-17be-4b46-97e3-9063521d9121,f27fc555-e88c-4298-97c3-c8df1e4de062,1ea0804c-2316-47fd-b62a-aa859e0feacf,
53ae1330-7694-471a-bc59-975c60251d47,f27fc555-e88c-4298-97c3-c8df1e4de062,4d8d3a87-a166-4070-b542-a4fba7652364,
f71d97d8-a1da-46ed-b7f7-0efe943dd341,f27fc555-e88c-4298-97c3-c8df1e4de062,80ce47ca-21bd-4c28-a9e1-9e6e10e08135,
eb446773-5c34-49f4-92cd-257160f83b40,f27fc555-e88c-4298-97c3-c8df1e4de062,a6d577a2-ed48-4c5f-86df-b093ab2f7816,
9c021b76-d87e-4c12-ae0e-86546f21c23e,f27fc555-e88c-4298-97c3-c8df1e4de062,cc2a8ce2-2799-465a-b694-2972c25855d8,
6bac2546-8c88-4b00-9bea-b4ebc0a82682,f2d48966-e20e-4c91-b78a-4aa68dd921e2,02cf42f3-976d-48e0-8f24-b355394f74d1,
ebb64898-e7c8-4ba6-9ee9-f412ac761fe2,f2d48966-e20e-4c91-b78a-4aa68dd921e2,0397d368-8eb1-43ba-ab9f-a2586abf8922,
f5b79959-956a-43d2-b2f3-7fe27ca94f68,f2d48966-e20e-4c91-b78a-4aa68dd921e2,29749543-0552-469e-8461-7cd69e70e157,
9a006f5b-0529-494f-9a59-f2a9e3cb5b16,f2d48966-e20e-4c91-b78a-4aa68dd921e2,2b6a0724-2ba6-4724-9af2-d725b7dfd476,
8f50ac63-73e3-486a-82af-3316157acb53,f2d48966-e20e-4c91-b78a-4aa68dd921e2,44a2fba4-6346-4dcc-84c5-2e2c253ba5ec,
66d263b9-2753-45be-9686-42f6740a0444,f2d48966-e20e-4c91-b78a-4aa68dd921e2,4ee2d772-e673-4ce6-bb35-c9ffe218daf3,
86778913-e862-4917-afe5-e3e96f50b318,f2d48966-e20e-4c91-b78a-4aa68dd921e2,5c1d99e7-1ead-4313-a509-2222e01c0893,
08b05a4f-baae-4ff9-8e3b-87fdf5a65e22,f2d48966-e20e-4c91-b78a-4aa68dd921e2,6f543ca8-aaeb-4f64-98fd-4ea2f577f53f,
751cbb7a-5652-4554-a71a-236b56082674,f2d48966-e20e-4c91-b78a-4aa68dd921e2,76029fe8-5721-4c6d-8963-8edcfeb3c76a,
aef2cd06-e1ad-4042-8b3a-15d99206db86,f2d48966-e20e-4c91-b78a-4aa68dd921e2,818e8049-e995-4242-bce0-682e98700ffc,
0aafa0a5-e176-4de6-b71e-cde66418bb87,f2d48966-e20e-4c91-b78a-4aa68dd921e2,8693cf34-d168-421d-a8dc-771f0324a70a,
a184bb16-ad8d-4317-ae32-c4cb1f8e78af,f2d48966-e20e-4c91-b78a-4aa68dd921e2,89ef0f0e-352c-477f-9f4b-22ea0e750bf5,
fcd3583a-610d-46f5-8f34-5842d2d4e54a,f2d48966-e20e-4c91-b78a-4aa68dd921e2,c188f8c2-dfa3-46b2-ae3e-7e9303ba9ed4,
a7975a5e-2e86-40c7-bfa9-e8619853ef8d,f2d48966-e20e-4c91-b78a-4aa68dd921e2,dd881f9b-77c9-4fa8-beda-e5329251dbdc,
5118f7a7-ec38-48dc-9d3c-d388c483a7da,f2d48966-e20e-4c91-b78a-4aa68dd921e2,de3bd4e5-85e6-4e42-bff0-a2669e28a7fd,
398b8dc0-cdb0-4abd-a991-8e8cfe197d27,f376ba20-29f0-44f3-867b-03a95dcc7325,33a2776f-f630-4d9b-875c-44b8e85f75d7,
278b3a82-5bd3-443c-9e9c-994d7952b643,f376ba20-29f0-44f3-867b-03a95dcc7325,a6dd3359-5c69-42d7-9a17-b00f9b593fd4,
7694b24a-19c6-4a30-b5a2-c60c585f654f,f4585f0a-9733-45f7-a50e-0086c2567a8e,084f54dd-1287-495d-be94-7a861f1c7d46,
fecc5cd5-ece0-4644-854c-6b7bafe1308e,f4585f0a-9733-45f7-a50e-0086c2567a8e,611f31af-91c0-4935-975a-67f32d2f74ae,
13742e0b-6d30-43ec-9ca6-6e4d97cb6d52,f4585f0a-9733-45f7-a50e-0086c2567a8e,6943d4a7-d729-40b2-90dd-a321e43dc773,
417bc8ef-42ac-4f93-9edf-ad1c4f090d85,f4585f0a-9733-45f7-a50e-0086c2567a8e,993c0962-2491-406d-8c6c-df951ee9e8eb,
e00c4205-f63b-4583-9c67-a439436110c0,f4585f0a-9733-45f7-a50e-0086c2567a8e,a0e07120-21ca-495d-ad71-524e893a7422,
c87247f4-64aa-43d3-843d-7f068bf60eda,f4a25f24-70fa-405a-8e45-cff5ee6949bf,0b5477fa-60ce-4299-80f0-018b0f179deb,
7a9fd05d-7b5c-462c-a065-71884edb77e7,f4a25f24-70fa-405a-8e45-cff5ee6949bf,0d02df13-89a9-4e6f-8b2a-f24355610d08,
054fb666-f310-4174-9435-4969469bdb00,f4a25f24-70fa-405a-8e45-cff5ee6949bf,3b1cbca8-fb2c-4863-8be3-bd86dee1deff,
2b4894fb-4489-4cd0-a0a9-1dc823abe550,f4a25f24-70fa-405a-8e45-cff5ee6949bf,a7fe1589-8898-414b-b56e-ff4b2f2e51f5,
4234611c-cf19-4481-8932-3a888992274b,f4a25f24-70fa-405a-8e45-cff5ee6949bf,d86945ec-a820-438d-a3a3-11f8cfc6401e,
a6b07600-102a-45ed-85e8-ef8eb5a66b42,f4a25f24-70fa-405a-8e45-cff5ee6949bf,ed6d2cb2-3235-4a65-9881-1ea7a17a0a34,
8c168319-97ed-420b-af67-8a743e371cde,f6719ccc-a754-469a-aa80-c104c5717e99,141df44d-695f-4464-802a-d8fb7a6be534,
45d74aee-6ac1-4ffd-90cd-82e012231fef,f6719ccc-a754-469a-aa80-c104c5717e99,4fc8cf4b-8048-4567-b2bc-9593da7304e6,
fce509a8-72a3-4d56-88f5-76ae3b6af001,f6b85ef8-f44c-42c7-ba0b-cf6f3d1f1c05,1af6ad38-e95b-4ec1-a413-8ac37b971466,
9b0b3b25-a249-4a96-bc41-65dbc7426b9f,f6b85ef8-f44c-42c7-ba0b-cf6f3d1f1c05,20db50bc-2205-4a4a-bf97-3456d650e49f,
172f6351-f634-4909-bb22-a377e4ea37d1,f6b85ef8-f44c-42c7-ba0b-cf6f3d1f1c05,211748ff-3e89-49ec-89b3-a3e9e0bb9dc4,
d4579990-0d7f-4dca-b6c6-efb1f980cd21,f6b85ef8-f44c-42c7-ba0b-cf6f3d1f1c05,419cd3f0-237d-42d7-8336-902fc8c4109a,
56443d6f-68aa-44b3-9e01-a7921effdff9,f6b85ef8-f44c-42c7-ba0b-cf6f3d1f1c05,46fa1c1f-82f4-40f9-80a1-aa992c0f78a1,
66bb2a3d-df76-41b2-9dd1-005d7991433a,f6b85ef8-f44c-42c7-ba0b-cf6f3d1f1c05,49e0cb53-c658-463c-a4fa-a7ac49a74d94,
ff9df61c-2574-4b49-a301-4b64f333d6d2,f6b85ef8-f44c-42c7-ba0b-cf6f3d1f1c05,4e178664-64a4-4b85-a6e4-51295c0bc066,
9016ecaf-2222-41e5-921a-3e5846076430,f6b85ef8-f44c-42c7-ba0b-cf6f3d1f1c05,566706d6-a9df-4ed4-83e4-5db1cd266be0,
a35b83b6-a571-4144-bc63-62ae1a8cddf1,f6b85ef8-f44c-42c7-ba0b-cf6f3d1f1c05,636ce6cd-1771-46c1-88c3-4e4e1014f7fb,
c4852627-8f8b-4dc6-acc9-1c27b92a5588,f6b85ef8-f44c-42c7-ba0b-cf6f3d1f1c05,72d2109e-b989-4e22-ba07-443d598f5dc2,
caaeca74-b070-4525-aab9-02c008e25d21,f6b85ef8-f44c-42c7-ba0b-cf6f3d1f1c05,7703e523-ed83-43e8-9367-c92ebe411d31,
d0ce17fb-a52f-42d1-855e-693c0876ab48,f6b85ef8-f44c-42c7-ba0b-cf6f3d1f1c05,786c7456-f816-47f4-8a81-4543f58dcd0a,
3ebe6af5-8d20-42c9-bae8-76416019fe84,f6b85ef8-f44c-42c7-ba0b-cf6f3d1f1c05,7e2df208-1060-4e0e-947a-2695d5b5b3a8,
a8b2c2d4-d3c8-471c-aeb5-46db0e281cba,f6b85ef8-f44c-42c7-ba0b-cf6f3d1f1c05,8f5850e1-c52b-4437-b6bc-3cd573ddcb1f,
cac934e3-374b-4358-b58b-c03493249f1a,f6b85ef8-f44c-42c7-ba0b-cf6f3d1f1c05,95c5f1f6-d1cb-4448-84ac-b5419fba80b5,
a7289655-f40e-4b0d-b432-2f8f5ed13cf3,f6b85ef8-f44c-42c7-ba0b-cf6f3d1f1c05,97a228ed-e5bc-4f2d-be4e-c7a2feaa83df,
c35770fc-3ad5-40e5-866d-41a0332dbb14,f6b85ef8-f44c-42c7-ba0b-cf6f3d1f1c05,97ba377a-7734-497f-a68a-65b7a00f2489,
4d01a5fc-9ea3-4d84-9333-1721f764de86,f6b85ef8-f44c-42c7-ba0b-cf6f3d1f1c05,9c4fe37a-de97-42b4-b28b-7306f55589d1,
4ae86c37-cbdf-458f-809f-7862c2dea479,f6b85ef8-f44c-42c7-ba0b-cf6f3d1f1c05,acdf3730-87cf-4a0e-8f54-99aa1505873b,
219fda2d-4c04-4eec-a3cd-d9481e9ffeef,f6b85ef8-f44c-42c7-ba0b-cf6f3d1f1c05,b276f6eb-cdfc-4b0c-8583-6b91c87bfd08,
7c4c3fc6-aa3c-4232-896f-64af8fbb57f7,f6b85ef8-f44c-42c7-ba0b-cf6f3d1f1c05,c6fd091c-2d9b-4d0c-a266-5c66886d569c,
7afeae64-50b8-4a58-bb70-a7f9227f22e1,f6b85ef8-f44c-42c7-ba0b-cf6f3d1f1c05,cc115807-5fc9-4c8e-b0d2-29decd879a25,
315b3861-7d9c-4f19-86d9-7dfa872580fc,f6b85ef8-f44c-42c7-ba0b-cf6f3d1f1c05,cc1d9d1b-f77e-45b9-8f5a-1e15c73e0c10,
e6bd544f-663d-4867-bb42-e7ce821a80f6,f6b85ef8-f44c-42c7-ba0b-cf6f3d1f1c05,d34a41df-d2a5-482c-9602-3f5d41a936fe,
9f030f14-cfde-43cb-bca2-7528e136a625,f6b85ef8-f44c-42c7-ba0b-cf6f3d1f1c05,d44cc756-4243-4ec0-a110-78290672ea95,
baa3b4ac-c5b4-4ab9-8acf-9f439f72801c,f6b85ef8-f44c-42c7-ba0b-cf6f3d1f1c05,dadb7d7c-16d5-4576-b1e4-3919dc0b4e89,
fce25d1f-eac4-45de-937f-e2966f9f3191,f6b85ef8-f44c-42c7-ba0b-cf6f3d1f1c05,db8e0c92-92b3-4c51-b413-b8c7a888609d,
66b38421-eed8-4613-b36a-ea38f58a961a,f6b85ef8-f44c-42c7-ba0b-cf6f3d1f1c05,df4eb39e-840a-4850-b023-a3e17f0003b4,
e046b430-011f-4d08-bd8e-dbdd88c2ebab,f6b85ef8-f44c-42c7-ba0b-cf6f3d1f1c05,e10472a1-9a6c-4ece-940f-6024d2a5238d,
f53a95ec-4016-49a2-b447-67d172d4d20c,f6b85ef8-f44c-42c7-ba0b-cf6f3d1f1c05,ead2a36a-4ba3-4cd2-b201-05a20fd88ec6,
708405b9-2f36-41d7-888a-021fc5c2e4df,f6b85ef8-f44c-42c7-ba0b-cf6f3d1f1c05,ed1a8b00-faf9-4484-9146-c1b8112d4f93,
fa726402-db08-492e-b972-61ed4fa11c5c,f6b85ef8-f44c-42c7-ba0b-cf6f3d1f1c05,f1dd4f39-e799-47aa-8453-f0b31398c9fc,
df05957f-84bd-4675-81bc-63a4ed69116d,f6b85ef8-f44c-42c7-ba0b-cf6f3d1f1c05,f700dedb-69a5-4325-935d-3a96b5e7c068,
4b78e150-f3c3-4342-b511-7ba05fe800dc,f6b85ef8-f44c-42c7-ba0b-cf6f3d1f1c05,fb76c42d-7242-4f1e-91da-83b489f602ac,
ddc3ff76-bb3f-431d-910b-09a4fcd49e83,f795f385-fdc8-46c2-85a8-fd2647a8c1cf,0e321d83-166d-4574-92ab-aa4fc9343d47,
b0a2303c-cbcc-4896-8e79-021f58e86142,f795f385-fdc8-46c2-85a8-fd2647a8c1cf,291638b7-f8c3-4456-bfe8-06ec2bd1154a,
699846aa-9ffe-41cb-90da-8848df20881f,f795f385-fdc8-46c2-85a8-fd2647a8c1cf,2b7ae17c-cfa1-43a3-b87d-cd3546f31efc,
645bcee4-4c51-47a6-92f1-382ca6f2541b,f795f385-fdc8-46c2-85a8-fd2647a8c1cf,308c42bb-3841-493d-a78f-364469c3b0c2,
e5bb13f6-c677-499b-ba5f-08748f3869cc,f795f385-fdc8-46c2-85a8-fd2647a8c1cf,46e0946d-2841-4e5a-80f2-9a34f5b00d74,
bcb07154-af96-4478-9959-d7e0aab4ed98,f795f385-fdc8-46c2-85a8-fd2647a8c1cf,65781496-6075-43a9-8325-f1bacae3a4dd,
cf8f3fe3-d209-485b-ad02-454f2517ee9f,f795f385-fdc8-46c2-85a8-fd2647a8c1cf,6b3ca855-7613-491a-9b75-3439e75cc8a7,
b13cd25c-7cc1-4347-8f4e-7c65acee0965,f795f385-fdc8-46c2-85a8-fd2647a8c1cf,7b4965a3-8bcc-471c-b23f-5c89272ca4a2,
880afd09-fc50-404d-8757-c8c923e1e017,f795f385-fdc8-46c2-85a8-fd2647a8c1cf,a79f49a4-b476-41cc-a81f-c66a58d3ad18,
56425a53-ad9d-48d4-ae9c-91fd699315ac,f795f385-fdc8-46c2-85a8-fd2647a8c1cf,a7b57934-d192-41b4-9f2d-6b3a5c7c0cf4,
c371118a-d5b9-4e60-9f3b-3a082757a38a,f795f385-fdc8-46c2-85a8-fd2647a8c1cf,b11549a0-5dcc-468f-8a91-ae8fc9a3fed3,
6a8f586e-ea40-482f-a38c-5fa135cbbf03,f795f385-fdc8-46c2-85a8-fd2647a8c1cf,b6a58313-0a40-4f59-9607-486902b526de,
f807a974-6d57-4987-82b4-efd9ee3869fd,f795f385-fdc8-46c2-85a8-fd2647a8c1cf,babb91b3-a7a4-4164-9fa8-9445a26dbd84,
4c213c12-66b4-42a8-b983-e86dd7da9c08,f795f385-fdc8-46c2-85a8-fd2647a8c1cf,bb562a16-d6fd-418f-b7e7-cf43e4b61331,
3a077e57-96a4-4731-a285-0e23a4f6d632,f795f385-fdc8-46c2-85a8-fd2647a8c1cf,be4de616-e07d-4367-ab90-6259f13bc719,
fa552444-c99d-4ea3-90be-a54b00092ca6,f795f385-fdc8-46c2-85a8-fd2647a8c1cf,be531ea8-771a-4f9d-85db-7fa5a491057d,
6f1d8b51-76bf-46e3-b456-0da4abad49db,f795f385-fdc8-46c2-85a8-fd2647a8c1cf,da136da2-ba4a-4aa9-9cdb-0383637d975c,
76df9e8b-6908-4126-b1bb-9736a5f5d856,f795f385-fdc8-46c2-85a8-fd2647a8c1cf,e5fd6f33-3c27-43aa-9c8e-b525d78d8c05,
67e6fdd1-c576-4762-b059-1a9a952e92a1,f8827602-6434-4f2e-abca-561700f4bf60,3212de9a-b50d-46ad-bcb8-7d371b525081,
fb9e1167-5d28-4f55-8bf8-860fb037bfc3,f8827602-6434-4f2e-abca-561700f4bf60,4efac09f-139d-488c-bc58-83cc4f2bc552,
26a792b6-fd37-4922-8541-5cf404381998,f8827602-6434-4f2e-abca-561700f4bf60,a6b0c470-9c8c-4ebb-a21f-7877789d3064,
ed74ab2d-b20e-47f4-81de-9bd7a75e5646,f8827602-6434-4f2e-abca-561700f4bf60,aeba6e20-083a-4bdd-ae45-6ef84bc56c73,
33c55988-6f47-4cdc-8365-aa54e100a577,f8844644-b9a4-4671-adc2-ecd9d62b14ca,0842d44f-d007-4921-8fbc-029741798333,
5af9bdfe-83f4-4a83-aa56-e52b5722cfc3,f8844644-b9a4-4671-adc2-ecd9d62b14ca,0c39e373-220f-4028-8af6-19f6ef0021d1,
c7c583f8-a15e-45a8-ae73-058098106c92,f8844644-b9a4-4671-adc2-ecd9d62b14ca,2997c8c4-c3a6-4777-9633-1ffcb74c1e7f,
936d3241-d897-4fdd-9fa4-4cf48953b648,f8844644-b9a4-4671-adc2-ecd9d62b14ca,2d325eda-6004-488f-a0e9-ef5f42aa7cee,
e3f19120-9e54-4a6a-85a3-2b148a1e35cc,f8844644-b9a4-4671-adc2-ecd9d62b14ca,3038d2cb-b69d-4fb4-8b5e-01ae9a78fa3e,
8f29ede1-5e58-4da0-8eab-9939fa4292d1,f8844644-b9a4-4671-adc2-ecd9d62b14ca,31efed4a-1d21-474f-97f1-7a723f2cbab4,
8a2e6d7a-c225-49f6-98c5-b38b59135d8b,f8844644-b9a4-4671-adc2-ecd9d62b14ca,3cd3ce60-29ae-4c5c-84ae-9d6133f34760,
839d3859-f600-41f9-a925-8a14f1375222,f8844644-b9a4-4671-adc2-ecd9d62b14ca,40ca7d8a-7c71-4bab-9935-3fda6dc271b0,
af1a7b96-a8e9-48e4-9130-6d2db19bf85f,f8844644-b9a4-4671-adc2-ecd9d62b14ca,433b2b41-b61d-4a37-be65-9ebf49654fe4,
d8d77129-6840-4359-ba7a-480b00d506dc,f8844644-b9a4-4671-adc2-ecd9d62b14ca,529ad773-2bc9-4da5-92ed-6dce10c14eb6,
0b36fce7-142e-417a-8674-e93bb4708109,f8844644-b9a4-4671-adc2-ecd9d62b14ca,57619ead-0a71-41a9-bfcb-b68da8a254c0,
f583e937-52a5-4659-9839-0360723e4dbc,f8844644-b9a4-4671-adc2-ecd9d62b14ca,59df483f-933d-4774-8bf7-2103062859af,
bac4409b-8138-4cd9-951b-484779f4349b,f8844644-b9a4-4671-adc2-ecd9d62b14ca,7d4a5c52-1618-4c59-a0a3-828c2020b327,
48171c83-6ab9-4398-93f8-5cc498a7de76,f8844644-b9a4-4671-adc2-ecd9d62b14ca,841f7bda-1537-4752-8009-a47dba5ff3c7,
eb6a7166-ac48-4813-a646-f2c94bc6efad,f8844644-b9a4-4671-adc2-ecd9d62b14ca,b1e892b7-42fb-41ea-9041-23164be11fc4,
d4337d14-2b93-4c81-b18e-4d8d86d2bed4,f8844644-b9a4-4671-adc2-ecd9d62b14ca,c9b12b63-7c63-433b-9d96-70173fe9d39d,
e728d7d8-a6b1-4bda-99e9-cb691db2856b,f8844644-b9a4-4671-adc2-ecd9d62b14ca,cdf8696c-de77-463a-a4fc-e7875b387905,
bb9d5341-4889-40b1-8999-69745a834364,f8844644-b9a4-4671-adc2-ecd9d62b14ca,cf38e1ba-69d2-4d03-8df7-4a5352a8c355,
f6f14c15-0790-4dd4-b88e-024c8b4a4811,fa0f5295-a554-4e58-a83e-9aca94299016,15d52847-e336-4ba4-abe4-9da0890fc49b,
8fd7edf4-71dd-4485-8d8d-397b2037df24,fa0f5295-a554-4e58-a83e-9aca94299016,5dad7e6e-6598-49ea-b06b-0a63cb8c1ac2,
d1d4c317-5270-40ae-88f4-e1af0c084077,fa0f5295-a554-4e58-a83e-9aca94299016,859bafc4-8847-4e45-831c-6b13397a5671,
c20c9cb3-b0e3-4b89-b704-a99226b5932c,fa0f5295-a554-4e58-a83e-9aca94299016,a54036cc-6c05-4306-8832-2e87994d5cd0,
9b5c2465-8504-4f4f-9db0-9a53fe10ed43,fa0f5295-a554-4e58-a83e-9aca94299016,bb2654fb-9a98-4886-a186-8c58fcb038d0,
a8a030e1-ed0e-44ff-8716-a204e4993c7b,fa0f5295-a554-4e58-a83e-9aca94299016,bc7cbfc2-ad47-44f5-8e74-ffd1ea01a718,
8b3eb2d4-72e7-4d2a-b396-ad529e4445a1,fa0f5295-a554-4e58-a83e-9aca94299016,e8ba9a5b-a439-4d4b-b700-28eae15b9b5a,
8075f1a7-3fce-42fd-925f-8cc3a195ab89,fa0f5295-a554-4e58-a83e-9aca94299016,fa6a269f-c5a6-4ef7-8442-1c7c1031f2fd,
da1b4055-1f1d-48cc-8f8c-c385300d4067,fabb6eab-7fd3-4f2a-ae69-181a56816afe,5846e7e7-8c61-4514-abcc-3c26ae2f398b,
2aa128ff-ebb3-4ef3-9fa7-db35780fc2f9,fabb6eab-7fd3-4f2a-ae69-181a56816afe,87f65a13-ecb1-4cd0-be1b-3d9c778eefdb,
039259b2-1cad-4d88-aebb-a35fe6cb7b42,fabb6eab-7fd3-4f2a-ae69-181a56816afe,c69282dc-946b-48fd-bf6e-36ef9164f47e,
cd5959bb-e654-49a1-9d19-768d5ad8d7f1,fabb6eab-7fd3-4f2a-ae69-181a56816afe,c71928c8-40e1-415a-b516-f602d02692d8,
b36538e7-0e2b-461b-a891-b29b9f8666a9,fabb6eab-7fd3-4f2a-ae69-181a56816afe,ce473881-c7e9-4c53-a40e-4bc8ecbb5365,
dec4f08d-d9e1-44a6-af80-914813d5634b,fb72fd5e-c4cd-4f0a-be8b-fa6d5b45bcaf,7891bfc2-4b9a-425f-9b53-3cbd8ac211b5,
d67ab2ef-24cf-43d5-8a5e-21abddb9d95e,fb72fd5e-c4cd-4f0a-be8b-fa6d5b45bcaf,8d741e17-dd4b-436f-80f4-e37b33f64304,
c4ca7ee5-8945-4d45-8edc-d5db397793a3,fb72fd5e-c4cd-4f0a-be8b-fa6d5b45bcaf,9ccab4b1-f5d0-4d74-96e9-3920a49072d3,
ccea7490-66bc-407e-9317-b3df25cc5a47,fb72fd5e-c4cd-4f0a-be8b-fa6d5b45bcaf,cf4ab6aa-4f9e-49d6-ae05-4382ce049b98,
dcf4eadf-1cf2-4d82-9d0e-83054096b6aa,fb72fd5e-c4cd-4f0a-be8b-fa6d5b45bcaf,cfcc76fd-e466-45eb-8e82-b538d59e8113,
1212e57a-2ae1-40b8-ba08-1c7980735a99,fb72fd5e-c4cd-4f0a-be8b-fa6d5b45bcaf,f23c3b8e-237b-4322-8d9a-9b87edbcb89b,
b6ff218c-dd5f-41e3-a861-91a6b9f6ecd9,fbf90dd4-3ca8-4f73-bcfe-b4e3fe525d6e,0ade322e-d4f6-4d5e-8062-e7d8af3b5804,
f3871038-1603-4d08-b80a-8c81a20dc089,fbf90dd4-3ca8-4f73-bcfe-b4e3fe525d6e,5a76af85-c697-43a7-b32b-2d76f3fb5225,
f7b092c9-64ff-431e-a1fe-3e3e08a8ee33,fbf90dd4-3ca8-4f73-bcfe-b4e3fe525d6e,e29ae74b-f7ad-4764-b99b-d9deac067a51,
e3628083-87e7-495b-9e27-2747eea8167f,fbfffbac-54f5-40e4-8a0b-f4b2c785b632,09270dca-5970-4735-98fa-7ca7a4d213b4,
a37e7a8a-8a02-4d5d-9404-fcdb25571bf7,fbfffbac-54f5-40e4-8a0b-f4b2c785b632,16ca64f6-fe3f-4701-8372-a8df98f09398,
296c5fde-2e51-475e-9d0c-49279e14f46f,fbfffbac-54f5-40e4-8a0b-f4b2c785b632,17879658-656a-4d19-9fce-a61bd757ab87,
1b110229-57ca-4787-87c4-625c07f4515f,fbfffbac-54f5-40e4-8a0b-f4b2c785b632,b9f1a7d3-9dad-4730-ad34-fa3a0fffe965,
01e87257-d88e-456a-9b4d-133f7220fa4a,fbfffbac-54f5-40e4-8a0b-f4b2c785b632,d40a452d-dd58-4cf6-ab1e-caaf7b715f73,
ce1cc7a6-59f0-4729-aec8-11d9f107953e,fddbf9c7-428b-4d46-8ebe-74cd15e13e5f,0c3f7547-3fb3-49b7-8287-dd83ea5285d8,
ecee3298-5781-44e6-967a-bb5e25311c26,fddbf9c7-428b-4d46-8ebe-74cd15e13e5f,141da894-870c-4f27-b0a7-2ad36cf43949,
8842a29d-b461-4b1d-b8d8-07cf888326ed,fddbf9c7-428b-4d46-8ebe-74cd15e13e5f,422cb881-c99a-4fc0-b1bb-5c9ef45e180c,
226c2f06-1360-4da8-80cc-f9d17fb401a3,fddbf9c7-428b-4d46-8ebe-74cd15e13e5f,c28f12f3-ff29-46ab-a2c0-503d9706e0c4,
125897af-2878-4260-b2a8-2ac75a52df72,fddbf9c7-428b-4d46-8ebe-74cd15e13e5f,ca8ed892-c55f-4198-941d-98500f2fb578,
634bc48b-3909-48cb-9d05-2589bd91973b,fddbf9c7-428b-4d46-8ebe-74cd15e13e5f,d21902d2-df6c-478f-b3b5-e0191ac2d152,
8b593567-85b8-4a35-9afe-09c70115c837,fe9cfae5-3017-4bd5-81ae-ae96da0a27ef,1500e582-33a8-45dc-845c-cc50d526d7fa,
6f7ce062-03af-4211-a56c-d8d4f0fc990d,fe9cfae5-3017-4bd5-81ae-ae96da0a27ef,65be8bdb-d0eb-484a-948a-3671a0b9da11,
9b3c45c3-7098-47f3-9903-f1582c75cc5b,ffe58f09-fbe7-428b-9518-f6df0cc55a27,5afe45e0-a453-485f-ab1f-8cef2e9d0002,
c0e0a7b9-3da8-4844-bb47-cb05aa49d691,ffe58f09-fbe7-428b-9518-f6df0cc55a27,5c49fc52-0b73-4121-95f2-b23b044dfd9e,
eba702ac-37ee-4248-b943-8c99d3a9cb30,ffe58f09-fbe7-428b-9518-f6df0cc55a27,7c2bd138-c5c1-4a0a-81ea-d17452f9d0b6,
01326cd8-5411-401d-8a99-890f5116ce6c,ffe58f09-fbe7-428b-9518-f6df0cc55a27,9133cc9c-0700-47c4-943c-3eb278c6f3bc,
29c520a2-0b33-4f8b-a7fa-9bd604f8c931,ffebdfbd-ddc8-481f-8023-723c9c22b630,6b2a466a-1646-4717-a841-86dc227c6f42,
c72afd6a-711c-424e-b119-7df2fd78d6ac,ffebdfbd-ddc8-481f-8023-723c9c22b630,941664a8-4af7-4000-940e-8e21cd3b07b4,
