id,district_id,jurisdiction_id,subdivision_id
6aed425b-4a5f-46a5-8ac0-abb4b6f7159a,0041ff23-28b9-49f0-95c3-5f91a46a9857,109ee3d6-53ba-4572-9426-10397004a779,
bc21c317-df84-47db-a037-b66ae1ff1d1b,0041ff23-28b9-49f0-95c3-5f91a46a9857,19a02f00-203c-436b-b797-23277bbba082,
e56fbfc2-9843-4bf0-8524-a0dc51421b83,0041ff23-28b9-49f0-95c3-5f91a46a9857,19c5d238-9d48-42a8-b5a2-04ca0158fd47,
348d8e12-d0d1-4971-a757-ab58152b8da3,0041ff23-28b9-49f0-95c3-5f91a46a9857,1c5e1b44-89d9-4dd0-88c0-414adbaea23c,
61ee3431-28d9-4c82-8f45-94bdf241d33f,0041ff23-28b9-49f0-95c3-5f91a46a9857,254fad1a-e2f9-4475-8fc0-9bc659b7adde,
b0bfc984-18a6-4ea1-9e76-38a5019472fc,0041ff23-28b9-49f0-95c3-5f91a46a9857,3032e9f1-6b36-4894-a1e5-c41339485ea2,
4549dc3b-0121-41a2-b821-e53dfb8efe7b,0041ff23-28b9-49f0-95c3-5f91a46a9857,33c345b7-22b7-423a-8d5a-0dbad2e5949d,
70f26e26-4a88-4482-bde7-2cc16922d07b,0041ff23-28b9-49f0-95c3-5f91a46a9857,43cf5bc2-477e-465c-9265-a5a099d88937,
90c5c337-2e5c-4124-bd60-7cfe630a05df,0041ff23-28b9-49f0-95c3-5f91a46a9857,457d8c26-760d-4141-9395-7a14e6ade036,
4181ccd0-13cf-4fc2-986e-adb72eca2f4c,0041ff23-28b9-49f0-95c3-5f91a46a9857,4789d846-9e79-4d34-a8f3-81ffbb12e3f8,
2383f619-5076-4dbe-89bb-ed0d798f8019,0041ff23-28b9-49f0-95c3-5f91a46a9857,55d048db-7edc-47cb-bec3-d83b7c763f01,
5dd888b9-a0a6-4b78-a1d5-64c686d81666,0041ff23-28b9-49f0-95c3-5f91a46a9857,6285a6f2-4268-4193-9fcf-99d5ed496c2b,
174e9de3-3e20-44a0-8ff5-048f98f7ddef,0041ff23-28b9-49f0-95c3-5f91a46a9857,6cbc1309-7349-4bae-957e-8fcf16545956,
a7341184-d6f8-49ee-9223-2171611a79bf,0041ff23-28b9-49f0-95c3-5f91a46a9857,6e047c96-f11b-4cf9-98a5-10c0adeec52c,
e9ee6073-87b4-4c36-8370-a6e81dbf5ad3,0041ff23-28b9-49f0-95c3-5f91a46a9857,80a3843a-95ff-4d60-ae8c-0432cead041e,
9e759a20-610a-407b-9096-349471495d47,0041ff23-28b9-49f0-95c3-5f91a46a9857,86099e0c-5fda-4d0b-8023-1c6f8b0a6cef,
50c896dd-4e4f-42e5-ad75-9c57e2761024,0041ff23-28b9-49f0-95c3-5f91a46a9857,900d6269-f337-4586-b75c-ee9fd4844f7d,
c2504278-fe42-4db2-913b-92fb84928aaf,0041ff23-28b9-49f0-95c3-5f91a46a9857,933766fa-cb60-4503-ad37-c490eec5ddc7,
c041da55-0103-4651-8a1e-fc8fb3803e69,0041ff23-28b9-49f0-95c3-5f91a46a9857,9a97a663-d5ea-4364-9f27-c0142a1c7e51,
49a98584-114f-4940-83f2-1452de0c23b3,0041ff23-28b9-49f0-95c3-5f91a46a9857,a466db10-2522-42f3-a17c-b77b5e8496b0,
d8a9890f-b31b-43ac-9cc0-6a0f3e0cf6a6,0041ff23-28b9-49f0-95c3-5f91a46a9857,af84acf0-f40d-4b36-95f2-42678e5abf8d,
502a4238-4dfb-4d94-865c-77fbaa1a9c40,0041ff23-28b9-49f0-95c3-5f91a46a9857,b2e3b634-5f30-484a-a221-7cc61a71b2fd,
32d8af36-9e51-40ad-9853-2458cf679d53,0041ff23-28b9-49f0-95c3-5f91a46a9857,b477fad8-0ce1-4876-9898-303fafd88ae0,
8bc0dacd-9439-4f53-b3ce-7bfd1ced9307,0041ff23-28b9-49f0-95c3-5f91a46a9857,b5c1d252-622a-4f7c-873a-cd6de6c1bc45,
d87fe5e6-0556-44e7-bd82-94aa0c2faf6a,0041ff23-28b9-49f0-95c3-5f91a46a9857,bead21ba-97df-4a6b-87cb-31292ff870e1,
7b3fd062-6aca-4caf-9a4c-a18918d3eb8d,0041ff23-28b9-49f0-95c3-5f91a46a9857,becbe91d-d575-404e-90d8-0fbf0beddfbf,
4c810df6-ac04-46c0-8823-9cd93b7b91c1,0041ff23-28b9-49f0-95c3-5f91a46a9857,c8c165a2-33c9-402f-af39-43e0f3fd7e41,
f1ee59de-faa5-44f1-921f-fa13394df422,0041ff23-28b9-49f0-95c3-5f91a46a9857,d0d6f299-f238-4711-a738-efbdbe7f988f,
42c87092-77a5-4c03-898b-f5929b417b96,0041ff23-28b9-49f0-95c3-5f91a46a9857,d6b05cfc-0bd2-4d83-9bea-54dd5774ac95,
062484fc-6851-464f-a892-8cf6100d8c50,0041ff23-28b9-49f0-95c3-5f91a46a9857,d88dbdf2-c352-4cc2-9f85-59285d5b0fac,
8c763840-b0eb-48ba-bace-29d317ce7d87,0041ff23-28b9-49f0-95c3-5f91a46a9857,e1575c15-93ae-4c8d-8903-0fcc43919434,
8a2bc624-7bb6-4883-a3bf-232d1e4cd0ce,0041ff23-28b9-49f0-95c3-5f91a46a9857,e7e5d446-6e63-4056-8f99-0e8285b41202,
fda6d8dc-cf04-4628-b8cd-1a18dd310b06,0041ff23-28b9-49f0-95c3-5f91a46a9857,ea48b89a-1464-466e-8dec-20f58ce0ebbc,
e692aefc-755f-4e34-817a-ac015a0c5feb,0041ff23-28b9-49f0-95c3-5f91a46a9857,eb968f21-047a-4f01-ba28-8713e88a211f,
33860a1a-2b2e-4549-a4f1-cf0a188e2ecc,0041ff23-28b9-49f0-95c3-5f91a46a9857,f9ec18ba-a5e7-4604-a297-7069c2995fb3,
4c9add3a-15fb-44d8-95a8-4a57b90ed921,00bd9c80-1c1b-4050-9776-242b607dc1c8,07fc67f6-b36c-47c5-9ded-84ea91763697,
f474d8ca-a47c-4709-9cf1-6635c0548002,00bd9c80-1c1b-4050-9776-242b607dc1c8,1463d479-9baf-4204-a473-cccdc6f1eb5f,
b36a993a-0ec5-4aa4-a761-c6c393be58cd,00bd9c80-1c1b-4050-9776-242b607dc1c8,17208f4d-7af9-4e68-8b8b-5e9ba1e6d49d,
afa3fa8b-7b9a-48e8-839c-b7378d5fb214,00bd9c80-1c1b-4050-9776-242b607dc1c8,3afdf4ad-4c61-483d-b0c4-48990df8505d,
c01a4a5e-da09-4f87-9234-97c7851ea156,00bd9c80-1c1b-4050-9776-242b607dc1c8,3ef88efb-8ada-4bfc-abe0-a00b091fde2e,
e42dfcb2-2e88-47f4-8d4c-601b2a4ad982,00bd9c80-1c1b-4050-9776-242b607dc1c8,3fbd9b2d-e6c8-42f1-bd7d-d31c5faf8a6e,
8c6cf27b-555c-4018-97b2-8aa81784d231,00bd9c80-1c1b-4050-9776-242b607dc1c8,4a3c3ac6-243e-47b6-a070-f3f839446068,
60b60fc7-a86a-401d-8750-a1ce0b1d3e27,00bd9c80-1c1b-4050-9776-242b607dc1c8,4e4a1492-373d-4663-90da-b0c3fa34d09c,
f80bfbcb-0419-408a-ad44-08bad9a9bcad,00bd9c80-1c1b-4050-9776-242b607dc1c8,58a04b40-e1bb-4b2d-8f1d-f72c4a3bda1c,
5f182078-8108-4f3e-8cab-808463370b6c,00bd9c80-1c1b-4050-9776-242b607dc1c8,5a6f4a4e-c7fb-475c-b564-cda95f75b7ed,
4df91249-5793-4e4a-946c-832332440bc3,00bd9c80-1c1b-4050-9776-242b607dc1c8,60fcb330-3b5e-4eb4-9865-f2b699d975ca,
adc3b4e6-109d-48c2-806a-4f43a1ffa08c,00bd9c80-1c1b-4050-9776-242b607dc1c8,780d0307-c0f2-4d96-b283-a312a363f1dd,
7cbd9542-1f80-46e1-8d24-9536ac0035dc,00bd9c80-1c1b-4050-9776-242b607dc1c8,799d5b7d-69a7-4d93-ae9f-1b3e6462e256,
ad43feec-99bb-471b-b732-3675f6a5e621,00bd9c80-1c1b-4050-9776-242b607dc1c8,88f03fd5-9770-4160-a0bd-0f91a02ac6c1,
46210c7e-38e6-4d3c-9b9d-e789292de705,00bd9c80-1c1b-4050-9776-242b607dc1c8,8955d9ca-5ecb-4f47-bfcf-bd7c5d83fecc,
06b9b706-35d8-4791-9e10-8d1feee4dcf1,00bd9c80-1c1b-4050-9776-242b607dc1c8,8d58b39b-7d67-4cbc-9e21-94c255c6a08a,
eeff5f3f-e059-4b20-a4f7-2acc30f0ed40,00bd9c80-1c1b-4050-9776-242b607dc1c8,97cd71c5-2360-46ad-8b87-7a91599cf34a,
0b448fbc-eef6-441e-b598-bdd193b2004b,00bd9c80-1c1b-4050-9776-242b607dc1c8,a83d4595-55b9-4d40-bf5c-151d82e9c418,
e0f0e31a-e6b9-47d4-ac26-c7c794174d08,00bd9c80-1c1b-4050-9776-242b607dc1c8,b9c1a7e2-cccc-4afe-a51c-e55a621089cc,
755a3d40-a114-4ec0-a74c-a60f104c74ba,00bd9c80-1c1b-4050-9776-242b607dc1c8,d1822b92-2a0b-4a15-b637-8056f2e70aa6,
998ac787-958f-417c-8539-44c480793b90,00bd9c80-1c1b-4050-9776-242b607dc1c8,d4110a70-17e1-4d97-93e3-63d159bafc35,
ad6fe400-a718-4f0d-b985-5378c191eef1,00bd9c80-1c1b-4050-9776-242b607dc1c8,d567ca33-a539-4a7b-b5e7-49b6f12cb70a,
2a8652b4-14df-4ecf-9df3-9384123fb73f,00bd9c80-1c1b-4050-9776-242b607dc1c8,d98d62aa-db25-48f6-a2e3-16e2fe286d57,
be05b361-55d2-42a8-9b6b-be26b9dccb13,00bd9c80-1c1b-4050-9776-242b607dc1c8,dbead876-5f93-42e4-a145-8690041886d8,
358b33e9-974e-4461-ad7d-f9b7f72592b9,00bd9c80-1c1b-4050-9776-242b607dc1c8,e0fe0ac6-f6e5-44bd-9b76-a56cf8c80cbe,
898c0dd5-f30f-4391-bd01-b8b9586ee362,00bd9c80-1c1b-4050-9776-242b607dc1c8,e702287b-7a25-4867-86bd-60ce740a69a6,
6c870e02-8fe2-446a-abe2-4bfb63871163,05b9cb2d-3888-4803-97d6-ee2c3c390ab4,2143a614-eef9-41ef-96c0-1f8668829706,
46491eff-a69c-4bdb-b494-09fb1c40008c,05b9cb2d-3888-4803-97d6-ee2c3c390ab4,290cf0e0-71cc-45ec-b28b-c54bb565b973,
ec4db8d3-938f-4888-9073-bfcecf440be1,05b9cb2d-3888-4803-97d6-ee2c3c390ab4,4df5b5a7-e890-4183-8136-dce734dc317b,
681927e2-5bec-4490-8899-5c5fa11ccae0,05b9cb2d-3888-4803-97d6-ee2c3c390ab4,9602a6fc-d2a2-4851-98f4-41e6836b97e3,
3d27fd16-cac9-4e51-99d8-dafdf1bdb059,05b9cb2d-3888-4803-97d6-ee2c3c390ab4,a4c84b59-36f0-4688-a10c-efb769b9ca6e,
4584a8b8-21fd-454a-9fff-5961abae5101,05b9cb2d-3888-4803-97d6-ee2c3c390ab4,bcb417e0-3abc-4eba-aa0c-9bfa1c02c076,
3972cb8b-2ae4-454d-b2e0-ce738015f63c,08ea6491-7bc9-47f9-a727-9b165fc950eb,11b5e174-a376-4385-b306-d11b5906090d,
d312b16b-c067-4cbb-85f9-61f6e674ae39,08ea6491-7bc9-47f9-a727-9b165fc950eb,356b49d6-6ee4-478f-8c8b-22747c0db962,
aa6d4616-a730-4d8b-8e52-fcc49f85ffc6,08ea6491-7bc9-47f9-a727-9b165fc950eb,3e9359b6-1e8b-4910-8f87-eccc5a7ccf32,
2096a286-3b84-4cc5-8143-fee8c7f58301,08ea6491-7bc9-47f9-a727-9b165fc950eb,79a2af8f-e7c3-461b-a411-4a495f22996b,
763b541d-64e6-4905-9406-16144443ab95,08ea6491-7bc9-47f9-a727-9b165fc950eb,af41d722-d84c-46ff-a8f6-60d1acf73593,
93493673-7be1-470b-8e76-24dcefdb5497,091b594e-b42f-4563-bfba-edb3eff03247,0e400c4e-c744-4488-b82f-31258ffc0db1,
f8027c62-9876-4428-92cb-e47655a5b018,091b594e-b42f-4563-bfba-edb3eff03247,1641af9f-4f71-46a7-9527-6002a27bd790,
a526fca2-6949-4877-b998-f279554f0a74,091b594e-b42f-4563-bfba-edb3eff03247,198250d0-9ae4-4ebb-b5a8-78b0b54c2278,
83361fd4-e4b4-4c66-b77c-f709158b712d,091b594e-b42f-4563-bfba-edb3eff03247,21ce2c46-cfce-45fb-8176-41e8a6830e60,
b67b7a41-3a1a-4591-a079-a389852c3cd2,091b594e-b42f-4563-bfba-edb3eff03247,4048a112-4b88-4a85-8e9c-840e8179d82f,
322b16bc-36ec-41d0-b988-22010ce6e9c9,091b594e-b42f-4563-bfba-edb3eff03247,5fdec541-0b68-46bf-af55-5acaaaf3aaca,
a45df54b-26ee-40ba-bb76-fd1f7f32546e,091b594e-b42f-4563-bfba-edb3eff03247,7a5e67a6-1ee9-45b7-b9eb-f040b3296101,
5955d909-516c-499b-9d36-ae0529b29497,091b594e-b42f-4563-bfba-edb3eff03247,82538f60-c47e-46ea-9024-3ddb3dba29c0,
a30e8401-2b42-43dd-94be-7a36aad6c0dc,091b594e-b42f-4563-bfba-edb3eff03247,857fc59f-9ff2-45cc-b492-526de6d919e1,
6e4a776d-4028-4be2-890e-53d47c7d0312,091b594e-b42f-4563-bfba-edb3eff03247,a0554438-2a26-49eb-aec0-088f3b6a0c42,
4817b19a-a35c-492f-9365-c74168e12192,091b594e-b42f-4563-bfba-edb3eff03247,a36c98c5-4379-4123-802f-cee522c039ed,
1e3be9a7-aebe-4c49-a2c8-dca68d3b0963,091b594e-b42f-4563-bfba-edb3eff03247,a478ebbb-576f-4837-9e54-3fce8f92b8fb,
007f8b4c-201c-454b-9d1f-aa7f42072fba,091b594e-b42f-4563-bfba-edb3eff03247,ab2acd8b-89e4-40e8-96cb-7613c6ff94d0,
5d7cdda0-afb1-4fca-bdfd-f4c4dda5ae8a,091b594e-b42f-4563-bfba-edb3eff03247,bdbfac49-e4a2-439b-adc0-cc0a676d057e,
9b6151e3-4e97-48ea-94f7-20983f24b33b,091b594e-b42f-4563-bfba-edb3eff03247,c46d835d-129a-4104-beb3-c5bb241fc810,
504234a4-91a9-415b-aa4e-430836e8d452,091b594e-b42f-4563-bfba-edb3eff03247,e1c87cb8-3435-46ab-84a4-fab45591f921,
e5887a8e-9844-4231-96a3-682413d29e39,0e0dec6b-1db5-4779-9cc0-ba07e39001a3,001c10ad-bb07-4f9f-9f07-d77abf72b631,
c6814868-a5ed-4658-9503-c7a9f54ec989,0e0dec6b-1db5-4779-9cc0-ba07e39001a3,0237c94e-7de7-444c-a000-137d6ae213f2,
3c341876-0ede-47ac-8138-ca7c8045a25b,0e0dec6b-1db5-4779-9cc0-ba07e39001a3,03ff9d0a-d569-4bc5-8be2-7f53d53891d5,
f54daa2f-8e91-458a-b17e-46ca41fb1ebe,0e0dec6b-1db5-4779-9cc0-ba07e39001a3,0597cb18-3aba-4716-be3c-3d8b24547cf5,
51d649c8-f1d1-4b3d-b64a-8a982657445c,0e0dec6b-1db5-4779-9cc0-ba07e39001a3,06ca47f4-97e9-4c5b-9ee3-6af31e3a639e,
16da1094-78cd-4892-9292-18b27be48bb7,0e0dec6b-1db5-4779-9cc0-ba07e39001a3,091b5a99-aa69-465a-b771-c2b8cd739800,
f9825b2c-83f0-46b4-bab0-49dcc5cb2c36,0e0dec6b-1db5-4779-9cc0-ba07e39001a3,103df31c-80e4-4323-bbd4-fac72570e577,
47184e91-26b0-4416-b727-a1eccaec274f,0e0dec6b-1db5-4779-9cc0-ba07e39001a3,13913534-d187-4ac3-b9e7-6cdbbe997dbc,
6f037284-b3fa-47b6-a9e9-78d4fc81c750,0e0dec6b-1db5-4779-9cc0-ba07e39001a3,16af31f5-e53f-4699-bd01-53a11ebe840f,
24b65020-11d6-4593-9125-3efc3cf7a11f,0e0dec6b-1db5-4779-9cc0-ba07e39001a3,1d9253a8-42a0-45f7-96c9-dd8126504248,
259890bb-dc8d-4d4f-bbaf-2a0bda25be03,0e0dec6b-1db5-4779-9cc0-ba07e39001a3,1eb82843-af26-4b42-97a0-b23c3e60e862,
3b8706dc-656d-47bb-9755-4474d55d0400,0e0dec6b-1db5-4779-9cc0-ba07e39001a3,22e6429f-4e78-42d7-9122-21995e9fd6bb,
d8cdcd0a-e4db-4a8f-bda0-cc462bca964d,0e0dec6b-1db5-4779-9cc0-ba07e39001a3,23614e3c-6638-49da-bb83-3cf2db06f435,
e250d4f8-7be2-4a3c-8bb1-93ec1c9fdd64,0e0dec6b-1db5-4779-9cc0-ba07e39001a3,2387033b-0568-4653-b2ee-b9f9172708a3,
d4251159-9a5c-44da-89b6-10152cd7e61a,0e0dec6b-1db5-4779-9cc0-ba07e39001a3,25a4bdb8-772f-4e0a-8a1a-62c9d55fb9ca,
c73e5052-f41a-4e95-af18-55e1cfe7fda4,0e0dec6b-1db5-4779-9cc0-ba07e39001a3,29aa67f2-e616-4fdb-a1c5-cc753e480bce,
6da3a73f-e73a-4c20-ad4a-fadf1a2be010,0e0dec6b-1db5-4779-9cc0-ba07e39001a3,2f0c6358-938d-4fda-b2eb-446b161b19e6,
f6313bf4-fa78-4fd3-af22-d19af4a663a2,0e0dec6b-1db5-4779-9cc0-ba07e39001a3,343314f5-87bf-42bf-a4a7-7099a7d56deb,
1935888a-a0b9-41ad-8fa7-41db9427514d,0e0dec6b-1db5-4779-9cc0-ba07e39001a3,37f636fc-a457-422d-b2af-d0f034656ea3,
1903b7b2-3235-4cab-bf95-515d3b4170ed,0e0dec6b-1db5-4779-9cc0-ba07e39001a3,3bb3c32f-aebc-44c2-bb3f-81d4ef7727a5,
34872122-d950-45ef-9e6f-fcc2bcb773de,0e0dec6b-1db5-4779-9cc0-ba07e39001a3,43990692-280b-484d-bf17-0d85fae2d534,
0df26fc2-ce78-4dfb-b3b1-c798d825d024,0e0dec6b-1db5-4779-9cc0-ba07e39001a3,446a0369-689e-4c20-b834-e318c4ec0eac,
80c728a7-3b11-46f6-b189-9d99277304b5,0e0dec6b-1db5-4779-9cc0-ba07e39001a3,44c52317-abc9-43d7-b680-17bb0e489f81,
2ba1f8e3-4b19-4e10-badf-8bfe7f0da58e,0e0dec6b-1db5-4779-9cc0-ba07e39001a3,489263df-e7c8-4a70-9301-34ea85a0831d,
4934fc55-e802-44f3-aaa7-72a8e47d0dff,0e0dec6b-1db5-4779-9cc0-ba07e39001a3,4a4966b2-4f78-4b92-8695-35237c387845,
ba017e65-e693-4f4a-a666-51d522327111,0e0dec6b-1db5-4779-9cc0-ba07e39001a3,5001a55f-8e7f-470e-8727-4d6b1dd60b7c,
d46fade5-8596-41dd-a69e-13d616c5822d,0e0dec6b-1db5-4779-9cc0-ba07e39001a3,5658329b-3d30-4f02-bf94-bd16766e500c,
31353c02-700e-4d30-aa9a-663dbaf4ea78,0e0dec6b-1db5-4779-9cc0-ba07e39001a3,57969ad6-4a8e-4015-bb88-2165c9ba2eb3,
2d15a09d-949c-4f05-8ac8-3ebae7c68f79,0e0dec6b-1db5-4779-9cc0-ba07e39001a3,58af5f49-978f-49a5-b9bf-45c5d2a6c4ef,
b67964fd-6bbe-465b-825c-ecf7a19d6cd6,0e0dec6b-1db5-4779-9cc0-ba07e39001a3,5c022e42-fa55-4be7-a5b6-0b6fef227eca,
bb108947-312d-42c1-a67c-a9dabef65023,0e0dec6b-1db5-4779-9cc0-ba07e39001a3,649b201e-d7d1-47db-aedd-ec5b668a16e4,
f26e5ded-fa40-4e8c-955e-c61ede1f7292,0e0dec6b-1db5-4779-9cc0-ba07e39001a3,65ca813c-2b5a-4de4-9473-5944a6926e76,
616be11b-61ec-439e-b9b8-69d5dcdcf932,0e0dec6b-1db5-4779-9cc0-ba07e39001a3,6846e377-044b-4cf6-bb8f-4b9768a38f22,
9e40ff29-37f8-49dd-893d-b0526d48b35b,0e0dec6b-1db5-4779-9cc0-ba07e39001a3,6d3bef37-dbdf-450e-9568-27e006cb55db,
1f8f0dd2-e4e1-4f07-92fb-27d8d1d5b281,0e0dec6b-1db5-4779-9cc0-ba07e39001a3,703ea1e9-1142-4dcb-aa39-02b1133378f1,
a4e1ceb4-b9ae-4656-9093-d358feb63182,0e0dec6b-1db5-4779-9cc0-ba07e39001a3,7073fca8-57a3-4b99-9f04-f4e7ae3da497,
d77f2c75-b921-4ed1-b9d7-a24563832ae6,0e0dec6b-1db5-4779-9cc0-ba07e39001a3,70c3e268-607f-4295-a6c7-35cf4c9ce91a,
6328332b-ba66-4805-b242-f3780eae2acc,0e0dec6b-1db5-4779-9cc0-ba07e39001a3,7214aa45-1056-4f0f-b0ec-6a8119df5c2b,
9d707157-8130-448a-945e-9d0fc03ac192,0e0dec6b-1db5-4779-9cc0-ba07e39001a3,72634f70-6c09-4023-801c-277d7c6eaac0,
94f1a4c9-dcd4-4ea2-bf0d-f939f1acffe6,0e0dec6b-1db5-4779-9cc0-ba07e39001a3,735b41e5-f793-41be-acb1-78b5beba2421,
0f0607ec-073e-4200-8f98-86eaa9f3dcf0,0e0dec6b-1db5-4779-9cc0-ba07e39001a3,73b8dd58-54c1-468b-887b-77aa0268f266,
472d0e61-b4c1-4f52-b149-a0fd09df6ac2,0e0dec6b-1db5-4779-9cc0-ba07e39001a3,7a62667e-2433-44f4-844a-cefb4331bbc6,
b88a0e40-7f4d-4ba0-81ac-32033023fb53,0e0dec6b-1db5-4779-9cc0-ba07e39001a3,7b6a8f89-a8ba-4d05-b825-6b28111309ac,
156f9b1e-0c3b-4c00-95df-b5db1186368b,0e0dec6b-1db5-4779-9cc0-ba07e39001a3,810fa771-97b3-4251-af71-3171d18f47e9,
075f4538-eaec-4a34-a22c-3729da0b8f44,0e0dec6b-1db5-4779-9cc0-ba07e39001a3,8221ad9d-3f38-4a05-bf8d-41f3b6e3e143,
dc427bd9-2569-430a-b320-23bf8faf45fb,0e0dec6b-1db5-4779-9cc0-ba07e39001a3,82816993-1975-4491-b942-47f54a849d66,
8967d476-1624-4273-b19d-e0799c8dd8f9,0e0dec6b-1db5-4779-9cc0-ba07e39001a3,84df8919-3955-4457-a56e-0641e63f8ea5,
50094008-f33f-4869-b57a-cb0aae07c7cb,0e0dec6b-1db5-4779-9cc0-ba07e39001a3,8724b2b2-a3d0-4c9f-867f-433ad033555f,
0de8aee5-6d42-4514-9fb6-2fd0f6c0a749,0e0dec6b-1db5-4779-9cc0-ba07e39001a3,889b676d-730e-4df3-8963-b41076f58ce2,
4a23470e-279c-4ca7-ab15-c531446f9514,0e0dec6b-1db5-4779-9cc0-ba07e39001a3,8aeba960-bd64-4681-a52a-fa4acec8a556,
92317f88-dc5d-42f9-ae6d-3dd6caf9dfdd,0e0dec6b-1db5-4779-9cc0-ba07e39001a3,96af0133-1a70-48de-8dcc-1957e4175ce0,
1ea5d240-df20-4189-99ab-7a2128f6640d,0e0dec6b-1db5-4779-9cc0-ba07e39001a3,9a8154ff-455e-4c1b-bd77-63d71c1d39ab,
ae1dbce2-5c2f-44f6-bb5d-202d348c67dd,0e0dec6b-1db5-4779-9cc0-ba07e39001a3,9b3d8076-1295-4d01-92f0-8ee684246c02,
54a1b120-b294-46c8-8575-ff489068a70c,0e0dec6b-1db5-4779-9cc0-ba07e39001a3,a15bbdc4-33a6-410a-b6a9-efbb3e15e41e,
49c808a8-8d53-41ac-a746-0aea977844e8,0e0dec6b-1db5-4779-9cc0-ba07e39001a3,a1a044ba-ca30-4283-a3b6-3640ecdfd1ee,
c1e07588-a8b6-4c6f-a451-fb9078d30927,0e0dec6b-1db5-4779-9cc0-ba07e39001a3,a366c6de-3a1b-4b3f-a352-a51a4a6bf4b0,
1d7ad725-128c-48ea-8c8f-f73bddb1bf16,0e0dec6b-1db5-4779-9cc0-ba07e39001a3,a45affe4-9a5d-476c-8d30-446175be3500,
b7eb6773-852c-4904-a40d-386ea87060ae,0e0dec6b-1db5-4779-9cc0-ba07e39001a3,a5db2f7c-9efb-4a00-b6db-389357d2e9a2,
0d15e08b-b923-4f53-b658-bac354fd3241,0e0dec6b-1db5-4779-9cc0-ba07e39001a3,adc8a911-4f0b-46a0-b84f-3e2c3573d6fa,
d236a9c7-8dda-41ed-b9ef-055c614eb479,0e0dec6b-1db5-4779-9cc0-ba07e39001a3,af805839-d748-45a3-a1a1-ea627270e490,
1c4b025f-de14-417c-ac69-4a1044d0d372,0e0dec6b-1db5-4779-9cc0-ba07e39001a3,b095b438-8b2e-4474-9c85-462ceec44569,
b13f0a51-ab30-472a-9ea4-f87ffc455b6d,0e0dec6b-1db5-4779-9cc0-ba07e39001a3,b1f4da64-323b-4b7a-a2c7-c50fd17ef387,
4fffc05e-09bd-40af-b751-a7eb19054bda,0e0dec6b-1db5-4779-9cc0-ba07e39001a3,b552974c-af2b-481d-9233-4a5b0d005a8d,
d5ea368d-b6f3-4f63-bcd3-2472d1f6f61d,0e0dec6b-1db5-4779-9cc0-ba07e39001a3,bb266855-cbed-4add-b0b9-cd4ec6f1608e,
6f438db6-92f8-4995-b9c4-314adf0e1428,0e0dec6b-1db5-4779-9cc0-ba07e39001a3,be7eb91f-d045-4533-878e-703241ed16a6,
4043915d-5c70-441e-860b-5a6b87cc5314,0e0dec6b-1db5-4779-9cc0-ba07e39001a3,c11299c2-9643-4ced-8b29-8aec9a2a0884,
ee5946bf-2dc5-4864-9696-bc167589a881,0e0dec6b-1db5-4779-9cc0-ba07e39001a3,cc28b531-2282-42e3-8b36-fc116d3471e4,
5f91893e-8e8a-43f4-8b64-fadac8720323,0e0dec6b-1db5-4779-9cc0-ba07e39001a3,d033cd63-356c-4f71-af4c-5fb03c05cd37,
5ca4142c-1044-4baf-b08a-059158115d94,0e0dec6b-1db5-4779-9cc0-ba07e39001a3,d1f1046e-dbfa-4c94-b48d-e55d1c6948a1,
446e3fc5-9306-4a10-ad83-2fa221175d18,0e0dec6b-1db5-4779-9cc0-ba07e39001a3,d1f69ab6-fa6d-4820-bd26-59e9f3f84791,
74aeee5e-0ce5-4e63-8000-86184b3621c1,0e0dec6b-1db5-4779-9cc0-ba07e39001a3,d5b3a516-1ff9-4345-954d-4aefb9ccb7b2,
f6cba7bf-0b1b-4567-94e9-479b9a8ca878,0e0dec6b-1db5-4779-9cc0-ba07e39001a3,d5d22fc5-319a-48c9-900d-009cefe89d58,
cc89f7b3-7fe3-4c82-8645-fcaf10e7a357,0e0dec6b-1db5-4779-9cc0-ba07e39001a3,d7b4e866-56c8-4809-8efa-90daef0b7f73,
53699997-8450-4eaa-82aa-736c541ce420,0e0dec6b-1db5-4779-9cc0-ba07e39001a3,d89713cd-4dde-43c8-833b-e105b3a58576,
44b58f77-1b08-493c-afa6-cb1508f25a0c,0e0dec6b-1db5-4779-9cc0-ba07e39001a3,d8f43779-8e5e-4908-94fe-91210341ebb3,
1b8f7f5b-c464-4b13-b3aa-5d65419893e3,0e0dec6b-1db5-4779-9cc0-ba07e39001a3,d9a5a0c8-c796-480d-829a-719b75f68a28,
9c8ef8a0-bc60-429e-9d11-e4c0a9ccf49a,0e0dec6b-1db5-4779-9cc0-ba07e39001a3,db19f20f-0997-43d6-a5a9-a17fe9a6c206,
45796e52-5e5e-4119-bf3f-285bab26758c,0e0dec6b-1db5-4779-9cc0-ba07e39001a3,dda7ca4b-4c8a-4849-bc76-341b77216f9f,
75b581a8-94cb-4c44-ad1b-fdf0247d2426,0e0dec6b-1db5-4779-9cc0-ba07e39001a3,e12f808c-fdf1-4ac3-aa6a-09384292224b,
a3677cd3-cb98-402a-810e-2686309e652e,0e0dec6b-1db5-4779-9cc0-ba07e39001a3,e261984d-e67a-4b97-8738-f538a428ac7e,
f7422273-38c4-437f-8b05-5e3db9f9a79b,0e0dec6b-1db5-4779-9cc0-ba07e39001a3,e4794370-8db4-43db-b20f-617504d716aa,
24b20fb7-0ad0-4f84-b1e1-6f79c7ee0cb1,0e0dec6b-1db5-4779-9cc0-ba07e39001a3,e49d6bc9-971c-491d-8b5b-f7a6d9dfcba3,
86838ab0-dd2b-48cb-a354-4baf0cf78a9e,0e0dec6b-1db5-4779-9cc0-ba07e39001a3,e679692f-93d3-4bd2-a9c9-5da39fc16561,
0d6d1246-07ef-43a8-b1de-39b2e2640fd7,0e0dec6b-1db5-4779-9cc0-ba07e39001a3,ea185513-f19b-4a42-8fae-95b8c9252541,
8d2f4d88-cd7b-4863-979d-167c7bfe4b7a,0e0dec6b-1db5-4779-9cc0-ba07e39001a3,ea18997e-55f9-451a-b1bd-183d798e68f4,
71b1eb95-9775-4b54-b804-ec7f07409133,0e0dec6b-1db5-4779-9cc0-ba07e39001a3,ec1ec81d-f715-4615-a2d3-47a32f842022,
3d3fc732-1e5b-44e7-a226-2ee8291199cb,0e0dec6b-1db5-4779-9cc0-ba07e39001a3,eeff7bf8-c7f9-4c44-8363-bba676ff3e79,
6c742fd7-ba9e-4e23-bba4-78df14361a62,0e0dec6b-1db5-4779-9cc0-ba07e39001a3,f9390c76-5682-42f1-8888-2d62c0c47d45,
0569c52f-f0d8-4b0c-97f0-8e92899c41ba,0e0dec6b-1db5-4779-9cc0-ba07e39001a3,fad1b437-68d2-468a-8c20-b0bd641c1057,
aca37c75-b714-4257-a953-00ed9692fdc9,0e0dec6b-1db5-4779-9cc0-ba07e39001a3,fadddec1-de0e-4889-a086-8f3a30514ca2,
0856a9d3-68fe-4675-86b3-4417393667f5,0e0dec6b-1db5-4779-9cc0-ba07e39001a3,fd3808a7-5d89-4a55-b34b-84a82e1fd168,
479cc5e8-d7b2-4337-95b3-4d98be37d69d,0e0dec6b-1db5-4779-9cc0-ba07e39001a3,ff1ce771-a8d8-47ef-b291-9fcd61045b34,
eae6d57a-6fba-431e-9915-603a3b5a66ea,1041598b-3833-4962-9ade-f20161ae2efc,001501b9-2d26-49b4-adad-dbecd0d0febb,
34f9e670-41a6-47d3-88e7-273e0be2e654,1041598b-3833-4962-9ade-f20161ae2efc,09084895-cf83-47df-9459-8a7d2c62cffc,
b8438e8a-171f-4af7-b7da-27879eac11cc,1041598b-3833-4962-9ade-f20161ae2efc,174d6fbb-42e0-488a-8fb5-86dfb8dc1dfa,
a804fadd-1683-4beb-b1b0-6a2ece68cf52,1041598b-3833-4962-9ade-f20161ae2efc,1f1bc75b-595c-41df-b1ef-b463e0f72bfd,
e4b5a6da-acab-4fff-ae10-f1328cf12dfa,1041598b-3833-4962-9ade-f20161ae2efc,2b00520c-d881-4c29-8b8e-e83512c93a22,
ca7f165c-c94b-44f5-b24a-ac46ebbf5257,1041598b-3833-4962-9ade-f20161ae2efc,5f72a382-ec75-4aaf-9f2a-2557c6498bb6,
b2edbb77-a38c-4d3b-97d6-66a2aad5f6d5,1041598b-3833-4962-9ade-f20161ae2efc,6af5cf47-baab-4d37-998c-c559533f72a6,
78fb646a-9933-4ab5-9cdb-b5f0612c8e53,1041598b-3833-4962-9ade-f20161ae2efc,6d1cb1a3-e74c-4987-9481-756e1e0c0548,
a1c7f7ad-d77a-4bd2-8e10-9e430128224a,1041598b-3833-4962-9ade-f20161ae2efc,7fce4261-db73-42d0-9d01-32e543cb768c,
2dbacb4a-2cbc-4571-9ba4-6ee37e9dfc57,1041598b-3833-4962-9ade-f20161ae2efc,830dd09a-331d-4ff3-be17-969d13968e32,
dda55025-1eab-4a5b-8580-8d56001ce898,1041598b-3833-4962-9ade-f20161ae2efc,83cc8c36-eb02-4f9d-a62f-6d86cfaab4ee,
26196e76-8988-4a92-8d38-8381679a292b,1041598b-3833-4962-9ade-f20161ae2efc,95294cb5-1407-4cdf-8ade-29b74fdd23e2,
eadfe7a8-e72b-4357-9c17-11b8cb4f468e,1041598b-3833-4962-9ade-f20161ae2efc,9619418a-62d0-4883-b074-af4d907ce0b3,
ceae9358-5415-4fba-a0fd-7632813c8396,1041598b-3833-4962-9ade-f20161ae2efc,97f36d1d-2438-4413-b138-caf801ce5641,
9ccbe16a-58ac-4ae0-87ac-41fc8cdd04d1,1041598b-3833-4962-9ade-f20161ae2efc,9881bd41-f102-4000-a64f-66cd6aa9fc46,
6523c56a-7378-43b8-b3d0-c3811278acc8,1041598b-3833-4962-9ade-f20161ae2efc,9c305463-bcf9-4752-9d84-589550f8e065,
2687865a-9818-49de-99de-8878300c43ad,1041598b-3833-4962-9ade-f20161ae2efc,9dab23de-627f-4d7b-8e9f-b9be44d43a62,
14300b16-1f1f-4a02-b506-5fa3e0817c09,1041598b-3833-4962-9ade-f20161ae2efc,a0e624d8-6849-4fcd-9bb8-f33b58f724e2,
f9e090be-789a-47d7-9c72-0d8cdf46fbaf,1041598b-3833-4962-9ade-f20161ae2efc,a341b4c4-7eff-4c04-be9d-1d73f3c38e0b,
d6bb82b3-4522-44c0-b12c-fc9129805746,1041598b-3833-4962-9ade-f20161ae2efc,a3558cf4-dd5d-4472-bf62-d885137b51e9,
67295055-b055-455a-bfa3-74a5ff9cd218,1041598b-3833-4962-9ade-f20161ae2efc,a4795f72-04f6-4f89-90cc-7d00238f7981,
d5d2f4c0-5b7b-4204-9efc-3aaa548913b0,1041598b-3833-4962-9ade-f20161ae2efc,aa96614c-64b1-4bbd-a39f-f1e7b5e6dafa,
a20393d1-4ffa-4ec8-b33f-ebd3c5e93ede,1041598b-3833-4962-9ade-f20161ae2efc,b209741f-d25c-430a-a75f-7a9b0ff85184,
64fe00fd-112a-490e-a841-b92915a5daf2,1041598b-3833-4962-9ade-f20161ae2efc,bdc63c0c-2828-4f40-af59-81c31584436a,
338c5a0d-da92-4099-a166-19328dd8f1ab,1041598b-3833-4962-9ade-f20161ae2efc,beaf1cce-e4ac-410c-896d-fabeddbb83fb,
4fbbfa6a-afa9-4a37-9804-2342e72ea607,1041598b-3833-4962-9ade-f20161ae2efc,ceff71b7-5624-4157-aaab-909f33a1419d,
22e0a74f-d2ae-440e-ba41-58bc8916fe6f,1041598b-3833-4962-9ade-f20161ae2efc,d4bd5038-47a5-479d-b1a0-31030db2a33e,
3d48e29d-6d3b-4152-ba01-db028f195cfc,1041598b-3833-4962-9ade-f20161ae2efc,de621b57-ba04-4226-aa10-c4a31f27c90b,
eefab318-7b68-4e13-95f2-b30ab3e17182,1041598b-3833-4962-9ade-f20161ae2efc,ee7bab39-3f3f-4c28-a12c-38ac115bd74e,
aab86ba9-8f35-4d5a-9a51-071d3477a87a,1041598b-3833-4962-9ade-f20161ae2efc,f25189c3-c7da-4d4b-a761-0e385556d5f5,
9d977deb-3c51-4952-a06f-4d966b572fad,14052c15-4c99-452f-b231-fe378dcae521,05a78098-7c61-4481-b777-55085018d633,
5f762922-0570-4f05-a7e8-6c5977f0ce1a,14052c15-4c99-452f-b231-fe378dcae521,0684f686-8b2a-46fa-b254-ed26981c9ded,
271806fd-c6be-40aa-8bc0-640d125dffb6,14052c15-4c99-452f-b231-fe378dcae521,08ea6e55-4ef7-4d3b-80f9-c9c94a777d68,
6d372033-ae64-43ba-9988-c267f827e49f,14052c15-4c99-452f-b231-fe378dcae521,095f6de4-440b-48fa-a430-f65480371a35,
d3fe0eaa-a016-47ad-87f9-174c17fe147c,14052c15-4c99-452f-b231-fe378dcae521,09f42ed5-201b-482e-86a8-2a0d87425777,
3624ac53-8861-46df-a044-3fe952a90159,14052c15-4c99-452f-b231-fe378dcae521,0d320fc9-ace3-4e2e-bd8e-dd1d885cf7a3,
306caa97-b07d-4c81-b354-e0f019365515,14052c15-4c99-452f-b231-fe378dcae521,0fb5e29c-c065-4a18-9c2b-b1da53f430c3,
57c7773e-a80d-476e-9f21-5c85b5c08a22,14052c15-4c99-452f-b231-fe378dcae521,0feadc5b-1165-4b7d-b2be-d7d85cfaf86a,
68fd74a8-1d9b-4a81-a2a0-342d64291ed4,14052c15-4c99-452f-b231-fe378dcae521,1d412ad5-ef7b-4776-bfc9-3b6ec1d8f6ae,
f269de0a-116f-4b6a-ac9c-d00e3823b531,14052c15-4c99-452f-b231-fe378dcae521,2c92a3b7-2deb-43db-9a6a-aefe04d9006f,
1602e85e-e21e-49cf-8712-de843173665e,14052c15-4c99-452f-b231-fe378dcae521,3b1a4fad-dda8-4a7c-9fc0-879d347f4902,
ef0831ab-c158-40a8-b4dc-d7a1d3bd9016,14052c15-4c99-452f-b231-fe378dcae521,4130530f-c78d-4a75-8a71-cda19cf8c0ae,
ff711fa6-755a-4c46-add9-88dde1d9d0f5,14052c15-4c99-452f-b231-fe378dcae521,4452416b-1039-451c-9f6a-1d4d6bbdea7c,
cc0844c0-864f-41d5-9de3-f74a27ad7cb9,14052c15-4c99-452f-b231-fe378dcae521,448816fd-528e-4a21-a1ef-c0dcb7073efe,
c5ec1d20-bc85-4e4a-bffc-82b898ef0a8e,14052c15-4c99-452f-b231-fe378dcae521,68e3ada9-897d-43b5-a777-f10050dbfa03,
18f8b26b-266c-44cc-9e76-307da06c7ef3,14052c15-4c99-452f-b231-fe378dcae521,7c45dc9d-fcdd-45e5-a770-3224110cd354,
3aabe1b1-df50-4187-93a6-177ceedd948f,14052c15-4c99-452f-b231-fe378dcae521,8162d704-cf13-4685-a76d-3f7f3cdd1877,
d7b6d5b2-338a-435e-8225-eaa7fa6e34b6,14052c15-4c99-452f-b231-fe378dcae521,8687f9bb-3cd3-4978-bc83-220ebad81b78,
5316c959-5795-4193-bfc6-f62c62b87daa,14052c15-4c99-452f-b231-fe378dcae521,8e5e98ed-a330-4f25-9e4e-22475ced8072,
84c588ac-6216-4aaa-a4d6-cd904c9ad4ef,14052c15-4c99-452f-b231-fe378dcae521,9864109d-1b7a-4dd2-9c96-13478729d48a,
e4a5a3bb-0081-4c10-aad8-6b0a2771e49f,14052c15-4c99-452f-b231-fe378dcae521,99fad32a-9f34-4dfd-b4b1-21033ba7cc6b,
81f8dbc0-59b6-48ab-b146-e9200428ac66,14052c15-4c99-452f-b231-fe378dcae521,ab88d1c7-af37-424f-9a66-f5aa6103fd0c,
24bba92c-55d9-4ea3-87a9-3ca1ed861981,14052c15-4c99-452f-b231-fe378dcae521,b270b7ce-8b89-4475-83bf-81bf02d269a6,
c708c059-e30a-42ca-8990-94e930031ffe,14052c15-4c99-452f-b231-fe378dcae521,b4e6d309-aad8-4825-b166-2e2310f431db,
92168828-29e8-4a79-be9a-1149631c98cc,14052c15-4c99-452f-b231-fe378dcae521,caf67cec-1e63-4e9d-bd1f-a669b3b0cb26,
55cce38e-b913-490d-a026-7c112767d862,14052c15-4c99-452f-b231-fe378dcae521,d2313d8d-4d5f-4568-ae89-5303a178420e,
712b0faf-af37-4926-ba38-4dc7131d0c6d,14052c15-4c99-452f-b231-fe378dcae521,e23410c0-9598-4314-911e-71ca05a5128c,
77f0dd0b-6f27-4a06-bdb3-fe6056788fab,14052c15-4c99-452f-b231-fe378dcae521,e90d36a4-b09c-4126-aae5-60fe4f787210,
b60daf29-ff5e-499c-be84-470cd738eaee,14052c15-4c99-452f-b231-fe378dcae521,ef9dc681-0ca3-488d-bd11-58d5ab827932,
39bb068b-cb88-4419-9057-832375544983,14052c15-4c99-452f-b231-fe378dcae521,f4dfd5cd-bd38-4bb0-b678-5d088d1e0c79,
01b81d41-b131-498f-8d67-c15856d16698,14052c15-4c99-452f-b231-fe378dcae521,f6ab43e7-4b5e-40c8-8fb7-321dbd199102,
72f188a8-66b2-47e0-bdb6-6fe6c8c1245d,14b6beb0-d56f-4393-89fe-ecd7da2193bf,4d31e390-82d0-44be-b393-1065894d6dfe,
ebd6e53f-fda7-4b5f-b5e6-c78783779f03,14b6beb0-d56f-4393-89fe-ecd7da2193bf,755f9e70-0dd3-4db8-9d86-22cfcaad91eb,
1588b2a9-a378-42b2-9012-e01c437e1228,18d56aeb-7b18-438a-872e-a3a3cec80fe3,0ba8b813-4f55-4994-b32b-302ca4b441db,
cb72ab60-5e00-428d-b659-2daaa3c658f6,18d56aeb-7b18-438a-872e-a3a3cec80fe3,0e1bce8f-dcab-48c2-929c-94bf98f9a96a,
6831a77a-f86d-4be0-a57f-cffef99d1bd7,18d56aeb-7b18-438a-872e-a3a3cec80fe3,1fb979b2-8172-4402-b8ed-b93253b5ae85,
5a0e7475-c4eb-45df-8416-6db9ec56162c,18d56aeb-7b18-438a-872e-a3a3cec80fe3,25ca4410-353c-4b5d-b1dc-4f7c2a4c5575,
e9ffcce3-3a4d-48fe-be12-5b127974ff83,18d56aeb-7b18-438a-872e-a3a3cec80fe3,29a272ff-8ad0-4f0b-9fc5-fc81af61e89a,
197110a2-c085-4140-9d78-71a0537aa0c1,18d56aeb-7b18-438a-872e-a3a3cec80fe3,2a5f5db8-f70c-43e4-a5c5-662513da7c85,
c75c7b5b-fc33-4b05-884a-065a35923f1b,18d56aeb-7b18-438a-872e-a3a3cec80fe3,32ce58d1-9e55-4fa5-b374-d4f21525cd6b,
5a76170d-b974-4b2f-a312-8b7e94855118,18d56aeb-7b18-438a-872e-a3a3cec80fe3,3cb4dd73-2751-4342-b494-cd91f203d76d,
186757b8-275b-4381-b9eb-3496ae43cca5,18d56aeb-7b18-438a-872e-a3a3cec80fe3,3d699395-13b8-44ff-99c7-05aac2906099,
1744c94f-272d-4601-9088-ae7295550252,18d56aeb-7b18-438a-872e-a3a3cec80fe3,4bdafb89-cc8a-4aec-8250-2e4fc3cf267f,
5431cdcd-170f-415b-ba06-678317a8936f,18d56aeb-7b18-438a-872e-a3a3cec80fe3,4f9d2a03-314a-45a3-91e8-123e014768c0,
ea02240e-a9e5-404b-a630-95dae7556acf,18d56aeb-7b18-438a-872e-a3a3cec80fe3,517d8e30-1672-4e70-b359-8ab905cb5caa,
7d83f112-3940-4e38-8cc1-ff8f59c672fd,18d56aeb-7b18-438a-872e-a3a3cec80fe3,5482769d-9d48-4530-a512-9cc50e6eb4ee,
579498c2-88b4-4f83-a8cd-a151f6bb8a11,18d56aeb-7b18-438a-872e-a3a3cec80fe3,5b8f1db3-54bb-47ba-96c2-8c626cbbfd81,
fa7037be-c4c5-48fc-b761-31853428adcc,18d56aeb-7b18-438a-872e-a3a3cec80fe3,5d0fa3e5-af32-42e8-b6cd-b8a9851b3ea7,
74dfc93d-e3fa-4a94-8448-9418cb9b3db5,18d56aeb-7b18-438a-872e-a3a3cec80fe3,5dd88cec-ed8f-4add-a164-c96238841788,
e19638dd-6f10-4eb5-b56e-3e3409cad267,18d56aeb-7b18-438a-872e-a3a3cec80fe3,60d471b4-923d-45e9-9378-13ef6a8ebf16,
ebec8287-f4b0-460e-9899-3bdd18b0127a,18d56aeb-7b18-438a-872e-a3a3cec80fe3,64b2b915-2468-4a01-89aa-63003e6aa5fe,
8833cb55-c600-4abf-8452-05b782ffc10a,18d56aeb-7b18-438a-872e-a3a3cec80fe3,6c8c49e0-6e37-43cb-828c-9bfdf961a35e,
48e3da8f-0754-4e0b-9130-838a8a302cba,18d56aeb-7b18-438a-872e-a3a3cec80fe3,6d2927bc-ee80-498f-943a-20ed24838080,
73e170d7-0b76-4185-8bfe-a71a0781747d,18d56aeb-7b18-438a-872e-a3a3cec80fe3,7e0479d9-c8a2-41a1-b51f-11a48d7ca8db,
027503fb-8071-4287-ac15-4335a3410d12,18d56aeb-7b18-438a-872e-a3a3cec80fe3,86a5a575-acaa-4416-9099-1e8acedb9701,
c9e07d23-def1-459c-ae71-85bead4f324d,18d56aeb-7b18-438a-872e-a3a3cec80fe3,89cf2cda-d83f-4963-a628-373ff47889ad,
34d62629-62f9-48ad-95b2-ae4c473c5729,18d56aeb-7b18-438a-872e-a3a3cec80fe3,8ec268d8-47a4-4986-8054-a3de5173c776,
0407fd3e-8fc2-4aa3-b061-b875f56b12a2,18d56aeb-7b18-438a-872e-a3a3cec80fe3,9f3913b2-4825-4e9d-8a9d-dc26e0154b33,
24a387c6-d45f-4666-8a15-32f96957cedb,18d56aeb-7b18-438a-872e-a3a3cec80fe3,a4010461-19be-4bbe-95af-0f16e1d89933,
f56b194c-b060-4e10-9213-968cb455eeda,18d56aeb-7b18-438a-872e-a3a3cec80fe3,a4f6c839-a1b3-4fb9-96ca-eb482edb71e0,
2143ab54-27b7-4a82-89d0-c924edc15608,18d56aeb-7b18-438a-872e-a3a3cec80fe3,be9a1962-207b-4c3f-a282-73d26bb11347,
617c200d-89cc-4902-8ded-0039c4366280,18d56aeb-7b18-438a-872e-a3a3cec80fe3,c61fef32-56e3-4f3a-a3f9-602d5c882206,
41d43f09-ef78-41af-b146-3a6dd324202a,18d56aeb-7b18-438a-872e-a3a3cec80fe3,cd166b26-4939-402d-b004-b8dec06c3244,
368eb946-64d6-4f42-9358-cacc6a92ce37,18d56aeb-7b18-438a-872e-a3a3cec80fe3,cedae002-96f4-4894-a93b-f95fe49780b8,
fedad542-51dc-4701-9283-ad12f5899ef7,18d56aeb-7b18-438a-872e-a3a3cec80fe3,cf45a88a-46a2-4ce2-abe2-3d93e64b7ae1,
d68824b9-5221-4d35-8d8a-c970bc10c8f9,18d56aeb-7b18-438a-872e-a3a3cec80fe3,d597f70c-b732-402c-909d-439a42f6659e,
70b6143d-f6a7-45eb-865b-b97b5664cef6,18d56aeb-7b18-438a-872e-a3a3cec80fe3,da0b2bbf-d7d4-495f-a3b2-b32b8ae10e9e,
dc91535d-0ee2-4f5d-aa20-e734651afd40,18d56aeb-7b18-438a-872e-a3a3cec80fe3,da8dc7f0-969b-4a72-89f5-22ab82412579,
7189af32-a912-4834-9514-4414506b85cd,18d56aeb-7b18-438a-872e-a3a3cec80fe3,dd31dc78-8f19-47d5-8f6f-35407d658a5c,
a080cab0-0009-478c-87b4-368ad0de0973,18d56aeb-7b18-438a-872e-a3a3cec80fe3,edfd84f3-5705-44ff-af36-2a61bba0aac1,
9e10a8ba-da2d-4caf-8b88-8eeebca2eecf,18d56aeb-7b18-438a-872e-a3a3cec80fe3,eef5e702-050e-452b-bd90-6a7b437e0981,
04f6bca2-a707-486c-afd4-483aa5e2d538,18d56aeb-7b18-438a-872e-a3a3cec80fe3,f2730add-d24a-4ed7-8218-989196e88372,
513852fb-fd11-4eff-8d9d-e49188a74811,18d56aeb-7b18-438a-872e-a3a3cec80fe3,f6c8c5d2-e3c7-4b03-8044-0347722ff09e,
644414b9-acf6-4813-9b9e-cd0cb3625ded,18f74eee-5283-4633-a1fa-bdfcfcb2accd,01ba68bb-b18e-4a00-9029-54c1871a8f6b,
6cdc8e77-cf76-4c1d-b6f5-984cb4cf1623,18f74eee-5283-4633-a1fa-bdfcfcb2accd,2061e04f-67b3-41cd-8de8-5a98ace725e0,
935b1446-8b40-4446-8f07-af7c9aa5bc28,18f74eee-5283-4633-a1fa-bdfcfcb2accd,25447d67-8d30-4f2a-93ab-a91620da1302,
e629f12b-6c0c-49f3-ad84-a06be4be0f2d,18f74eee-5283-4633-a1fa-bdfcfcb2accd,2dc4b452-b678-4f2a-bae1-1121bebad8bb,
ac8bb9fb-b2db-4585-931a-7698284dd7a5,18f74eee-5283-4633-a1fa-bdfcfcb2accd,2f6aaff9-fe3f-40f9-ac92-e9fdcdba5f4c,
e60ddf7f-92f2-43e6-9298-3736f40d4665,18f74eee-5283-4633-a1fa-bdfcfcb2accd,378b8055-e005-43f1-b371-491cafc6d9f3,
03be0a45-7498-4691-acf7-ec484310ce5e,18f74eee-5283-4633-a1fa-bdfcfcb2accd,390954c5-c6f6-4315-a583-719fed42c9da,
03e2e437-eda1-40c5-854c-effb4c4a6a3d,18f74eee-5283-4633-a1fa-bdfcfcb2accd,390c61e1-9070-466d-a990-0e69272ce084,
c9548a63-8e91-4d07-aaa9-12fccf3fd3ef,18f74eee-5283-4633-a1fa-bdfcfcb2accd,393b7320-c19a-4811-a01f-94bbc39e5fc8,
40b1281b-9ce3-46f3-b3b8-1ddc5da612a5,18f74eee-5283-4633-a1fa-bdfcfcb2accd,3debabbb-9615-444f-b663-af17876242fe,
a22f3066-2f67-4f48-a29b-f126c0d5c034,18f74eee-5283-4633-a1fa-bdfcfcb2accd,5697836a-40c1-462c-aa21-8eb6f636c5f8,
a9ee0435-65ac-4caa-b023-b73329469a56,18f74eee-5283-4633-a1fa-bdfcfcb2accd,5e189aa4-3144-4fe1-9ed5-9af4a526049c,
d6180621-63cc-46e9-805e-6eb87dc6dd20,18f74eee-5283-4633-a1fa-bdfcfcb2accd,636c2843-045a-42bf-8c87-29e3a72de87e,
844cbeb3-0f4d-474b-b690-b826fb65fe38,18f74eee-5283-4633-a1fa-bdfcfcb2accd,68073f9b-3744-433a-9b3b-6f3d2345cd33,
918d71dd-2c27-4de2-b40d-86a2dc959308,18f74eee-5283-4633-a1fa-bdfcfcb2accd,69061cc7-efd0-4743-a096-866486570a36,
32b86b4f-bfe6-4e29-a131-9cff3396271d,18f74eee-5283-4633-a1fa-bdfcfcb2accd,752bdc00-645c-4a7c-9034-b2e8a6a6fd11,
1c77ffa4-9ebd-48cb-b71c-0ac0d95f5e98,18f74eee-5283-4633-a1fa-bdfcfcb2accd,7c2b4332-1029-4694-a1ba-13848da345d4,
9d74bc43-8259-4aa6-9b87-019d021fb273,18f74eee-5283-4633-a1fa-bdfcfcb2accd,82884ec3-7024-454d-9a82-0ee9b66f0ad0,
917ccbc1-9d98-4cd2-b6ac-7708a7503335,18f74eee-5283-4633-a1fa-bdfcfcb2accd,83aa7f91-0515-4506-a25c-fc95987fbff0,
58febfab-9a98-4b0d-9afb-44aadbbdb485,18f74eee-5283-4633-a1fa-bdfcfcb2accd,85dbce0d-f6c6-4e36-899b-a3aca7fa5e23,
6976a7b9-486f-443e-bde6-2de2b0130d63,18f74eee-5283-4633-a1fa-bdfcfcb2accd,87710694-0d6d-4db3-915d-3e86c83c52f3,
ffb53a45-3baf-42b0-b242-5a0cee9519a1,18f74eee-5283-4633-a1fa-bdfcfcb2accd,897ee030-4de8-4738-a369-e82ef9f02d24,
26f47951-7261-4d87-aa5f-6355c08fcd7c,18f74eee-5283-4633-a1fa-bdfcfcb2accd,9467df01-6aba-4815-9e35-a6c7552dce06,
10314638-fc52-4cb0-9e83-3899cff2460c,18f74eee-5283-4633-a1fa-bdfcfcb2accd,9f92f9da-1174-4ffe-9780-3975ca7debc1,
1c7c4e54-80c8-466a-aee2-8f485ca7b53a,18f74eee-5283-4633-a1fa-bdfcfcb2accd,ab127f39-713d-4b7d-8bca-4e4ebd1d5d6f,
10adc6e8-e22f-48f1-a462-bc9b6cd34e65,18f74eee-5283-4633-a1fa-bdfcfcb2accd,adbdeb2b-764b-4970-ab4b-85764aec4be2,
4af685a6-91d1-4942-b81a-2faaca8ae536,18f74eee-5283-4633-a1fa-bdfcfcb2accd,b0f0d1e5-4c7a-4ac4-b552-1cf3b6334007,
d182e06c-5672-45f6-9f12-eff83b128823,18f74eee-5283-4633-a1fa-bdfcfcb2accd,b385edf3-607c-45a0-91f6-fa26f8aa4ac5,
aae85eda-8133-4bb9-b798-ee63b3b72e50,18f74eee-5283-4633-a1fa-bdfcfcb2accd,b8d45842-9a74-42e2-9d5e-057d337be765,
c419968b-3a50-4f92-b3bd-02d23dc2c5ee,18f74eee-5283-4633-a1fa-bdfcfcb2accd,bc277c62-7759-4f61-9dd8-18ac31a5c816,
29cf22e1-8b00-48c9-882b-44340c0a8899,18f74eee-5283-4633-a1fa-bdfcfcb2accd,be9fd4b8-80e4-4e29-b5dd-21831990e26b,
09e09451-2ebb-4bec-b224-e501579c741c,18f74eee-5283-4633-a1fa-bdfcfcb2accd,c1502fdf-c487-4167-85e0-e5d6eb6c4e6a,
ab2bce30-6772-44e0-b726-b76eb48bb4b9,18f74eee-5283-4633-a1fa-bdfcfcb2accd,c6be7b83-e56c-468e-b964-c3fa86fbabbe,
6996738c-a1ee-4e87-a02a-a70b0817e5c0,18f74eee-5283-4633-a1fa-bdfcfcb2accd,c861cf64-d31c-4411-8995-d720bcf76d2f,
c60fe76a-6e2a-4020-91bd-59642c7a0869,18f74eee-5283-4633-a1fa-bdfcfcb2accd,d178444e-e5a4-4911-aa0a-4c80713638a6,
2f9fe165-6593-418f-a178-ec6a4157563f,18f74eee-5283-4633-a1fa-bdfcfcb2accd,dead58b8-2fa9-4696-8ac4-c7a567162a02,
e63a23a9-b69a-4c84-8440-b128a8ca21b9,18f74eee-5283-4633-a1fa-bdfcfcb2accd,ec9d2f0b-804b-416f-a8cf-5766ccbb5975,
06dd5f8b-cd38-4b2b-b54b-e09aed9483d3,18f74eee-5283-4633-a1fa-bdfcfcb2accd,eed5e733-15ad-4008-918a-524e94cc850b,
0e5f1a39-fd5c-48af-87ec-f0547cde343d,18f74eee-5283-4633-a1fa-bdfcfcb2accd,f468e074-116c-419e-aeb0-44a4441686b5,
6025b362-5c66-486c-ab85-912f9edc6960,18f74eee-5283-4633-a1fa-bdfcfcb2accd,fe5c0fe0-2336-4335-926d-42bfcfc730d3,
20d1b50c-2732-4ee9-acda-2ff7de0fe54c,1a35182a-fbe2-441b-a320-8c24be7a6135,,d8b2cafd-c629-4ba4-8e93-dff445203b7e
4083611e-af48-4c8d-963b-8098b7148438,1b76eff6-4a41-422f-aed5-68d8f54cfbd5,bfcb3eff-1f44-4827-837d-7a32b48a60f0,
70eb7d52-abf7-49e0-8eb5-a8d5bd5278af,1b76eff6-4a41-422f-aed5-68d8f54cfbd5,ff22abe2-f249-4608-8cea-34fe70c794dc,
9dbb7457-39c9-44d4-a589-348291ed008c,1d045e0f-cd8c-407c-a92f-029968d3d3ee,6dbe3359-1918-4d7a-89fb-20b7a563bc30,
dc55a06b-10cc-4dc8-83f6-bd1de0535210,1d045e0f-cd8c-407c-a92f-029968d3d3ee,9f168b1a-d396-41b8-8060-3821eb2aa870,
b5b42f80-a8dd-4deb-87ec-10dcc893c9d2,1d045e0f-cd8c-407c-a92f-029968d3d3ee,a3cbb1fb-c8fc-4990-8a41-1fef398b1462,
4109e936-d6e4-4bcc-b8bf-6bd424dc8143,218c5d92-68d9-4af8-939a-0b560c8747fe,529d2241-ee93-4cc2-8987-ff70b8f3ac0b,
9b2ee338-c9bf-43d0-94cf-a2aa06377408,218c5d92-68d9-4af8-939a-0b560c8747fe,638017a7-cfe7-4940-83b2-5280a5119173,
867fa6ba-543a-43e2-8345-bddd857cc68f,218c5d92-68d9-4af8-939a-0b560c8747fe,913be29a-b0df-4912-bc76-66628863139b,
cebc9abf-cf4a-4141-ab3d-d3230be5cc5e,218c5d92-68d9-4af8-939a-0b560c8747fe,a463a16c-ab0a-43da-8b5d-c3a8732e06c4,
1e916b2c-d5fc-414a-9123-96620b0cc786,218c5d92-68d9-4af8-939a-0b560c8747fe,a7510bec-3759-4de0-a7d1-4470c553cd07,
6a27bce1-181a-4609-a8d2-f111c4c3bcef,218c5d92-68d9-4af8-939a-0b560c8747fe,b4cb2bf8-4b3c-4221-9768-551e09209c26,
9c820c64-55cc-432c-9d96-52d254c0a1a7,218c5d92-68d9-4af8-939a-0b560c8747fe,cd28aef5-c796-4159-934d-0a0db8d75eae,
6d843884-1ee5-4646-af18-4457e9ac9656,218c5d92-68d9-4af8-939a-0b560c8747fe,cf9d553f-69c6-4bda-839f-705ac02cc53d,
8f9cbc68-7073-4df7-8422-4bfa59eaf610,218c5d92-68d9-4af8-939a-0b560c8747fe,ddd47942-4343-4450-8ab8-2fe84e22e2f2,
91b5ae71-f4f0-433c-be01-8b6599aa8402,218c5d92-68d9-4af8-939a-0b560c8747fe,e969dc24-7766-44d0-9b87-866e2a900a9d,
fa80cdef-0643-46f1-ba2d-589db2651c45,218c5d92-68d9-4af8-939a-0b560c8747fe,f52b4da9-860d-40c7-8ff7-bb0b0d26547a,
034ebe89-4799-4801-adb0-2bf25be9ec54,22349993-e644-42b1-be11-fa805d7c275d,05d5d0bb-bdf6-409a-9d8b-b3a2ba44acda,
a4c24495-a8d9-4e57-850a-73a141f80b7c,22349993-e644-42b1-be11-fa805d7c275d,4285f2e8-ae5d-4c4e-95de-3e77439bc710,
0c4b5b57-e03f-4664-b802-992a8c3a9ebc,22349993-e644-42b1-be11-fa805d7c275d,45636277-e7a1-4d0e-b1ee-2dc8816d009d,
21a1040b-b61c-4192-bba2-18b8a2493511,22349993-e644-42b1-be11-fa805d7c275d,4653b070-c1aa-45de-ac02-b9f93d488942,
9aac0b9f-1903-4557-8667-0bd69aac315a,22349993-e644-42b1-be11-fa805d7c275d,4b77f6d3-3317-4cf2-aa31-25783e640931,
1d688470-ce22-455a-b813-6c03ce337b1d,22349993-e644-42b1-be11-fa805d7c275d,6819bff9-7f30-4a32-ad23-f35b914c17b2,
ecba73d4-a84e-4af7-a25b-9da4457e9304,22349993-e644-42b1-be11-fa805d7c275d,6e194a7c-ee75-4500-957c-3e37bddd799d,
68a9df37-a6fc-4179-9b61-0737200eba16,22349993-e644-42b1-be11-fa805d7c275d,966f5162-8b33-4980-86ad-2bcafd387b01,
9ed33570-abc3-46ad-9029-f5102d0b0dfe,22349993-e644-42b1-be11-fa805d7c275d,a9a86049-0eec-4396-84a8-0d61a832999b,
63362cff-fa5b-46f9-b852-6cbb1cf6cfcf,22349993-e644-42b1-be11-fa805d7c275d,d55aedbd-57b0-4a04-9736-60fcf9918e5e,
8acff5d5-e3e9-4826-a6de-c07992e88b73,22349993-e644-42b1-be11-fa805d7c275d,d9cc264e-5aeb-46b9-b705-dd11305c4c0c,
3648e1ff-9d82-4d8f-a223-397f1044b60c,22349993-e644-42b1-be11-fa805d7c275d,da414d7e-c456-4fc0-b8d2-2aaaf4befccc,
677f971c-135f-4079-9b85-563792a0f4f9,2261a609-9be2-4c09-b807-15cf4c2c10d7,09542650-7342-4762-ab6c-f677a5733696,
dc58ec99-faca-471d-8236-48f27aaf928c,2261a609-9be2-4c09-b807-15cf4c2c10d7,478fbda2-fe8c-43c9-84ba-f9c1de9daed5,
8e22c8a1-74e2-422f-9d00-a38b5c9043b8,2261a609-9be2-4c09-b807-15cf4c2c10d7,63a957ca-4afc-407d-9c61-27fd29224cb9,
2d9ddf25-8396-4f14-81ba-b4e3c9896e15,2261a609-9be2-4c09-b807-15cf4c2c10d7,71037d40-3085-486b-994a-6fb8ef4d9571,
ef90ce3f-add7-4167-8c50-6ca3acc0bf9e,2261a609-9be2-4c09-b807-15cf4c2c10d7,7d2f49ba-a6a1-442d-a0f1-c4c4e70d3507,
1eb5a617-e0ed-4416-92ee-7b86f2dce0e5,2261a609-9be2-4c09-b807-15cf4c2c10d7,a67b1897-369f-42fe-adec-2611832e3129,
46731ced-960f-418f-b1f2-aedeed9a73a0,2261a609-9be2-4c09-b807-15cf4c2c10d7,c89c3fb6-ccf3-44e9-80ea-bca128bceca4,
24c67c74-98fa-49cd-83ca-2a3ac07ba8a2,2261a609-9be2-4c09-b807-15cf4c2c10d7,cefb2ada-3120-45cb-bd6e-ea1e926f3672,
9ffefeaa-649c-4ea8-afc8-2030a1e9f3ad,2261a609-9be2-4c09-b807-15cf4c2c10d7,dea78173-0c54-4259-b48e-22247c72fbd6,
7572a66a-6d86-4729-8e07-3753364e94b1,2261a609-9be2-4c09-b807-15cf4c2c10d7,e1c35f04-ecff-4e65-a50d-b92978fbb7fc,
27fa9761-f765-4ee2-ba99-85f881b9cd72,3165ddae-06aa-4716-a6e8-57e6adb28ba6,,70f54c6e-91f7-4c95-8f09-2efa123199ac
6b65bc5d-20ad-4534-8e33-0ff5d983ad66,323c05b7-934f-490d-8a7f-e2c7399ebf13,786f8921-25d6-48a4-9c92-21497cc77238,
9993c473-cabe-4f6d-ac69-8ef2bddbf62e,323c05b7-934f-490d-8a7f-e2c7399ebf13,8ed9c1d9-8589-4610-b15c-7a817b463402,
9f6530ba-a9fc-482d-a15f-73a1a27f3d8d,323c05b7-934f-490d-8a7f-e2c7399ebf13,a1585669-7d5d-40f0-ba67-b479e0723072,
9fdf5b3c-4ebf-4a2d-9fdc-c844fe5b3bfd,323c05b7-934f-490d-8a7f-e2c7399ebf13,c2430900-177d-4e54-99cc-bf63e3223bc6,
628edd3f-849a-4ad4-9e47-b3b56e46fcf6,33bf5b5b-a618-4a97-b0d9-4149c5416bac,002db491-9f70-4bf9-af18-f1495dba28e0,
c7ae92ca-c488-4bbe-8641-8bddf333150d,33bf5b5b-a618-4a97-b0d9-4149c5416bac,00dad733-cacd-40e0-9f30-1ac52fbf78fb,
57465f41-9bb3-43ce-b864-fa43f927cc99,33bf5b5b-a618-4a97-b0d9-4149c5416bac,0123025f-c717-4658-892d-41a852834141,
5b2c6487-6e9c-48d2-8d89-38122885e80c,33bf5b5b-a618-4a97-b0d9-4149c5416bac,019bc148-4b57-4547-b977-43a5823ada9d,
47b56a26-b07b-4b1a-a7fd-197834fb4779,33bf5b5b-a618-4a97-b0d9-4149c5416bac,041d7d20-1166-4346-a825-90cb1a8233cd,
326fafff-1a80-45d7-9c74-48cd0f0fc456,33bf5b5b-a618-4a97-b0d9-4149c5416bac,06b2a39c-1729-45c0-b574-7526b6278ecc,
d8cf53bb-ac47-454c-b289-f116dba2a897,33bf5b5b-a618-4a97-b0d9-4149c5416bac,074b6363-78f0-47c6-a352-27cfbc787a77,
c3828839-01a3-4e21-8aab-730b2c24e022,33bf5b5b-a618-4a97-b0d9-4149c5416bac,0a205857-cb81-4852-9576-ef1e6caf26e6,
ccd378f6-c6d0-46c4-a056-3fcc62940225,33bf5b5b-a618-4a97-b0d9-4149c5416bac,0bfe185f-f979-43dd-b5a0-1c688ec4f83d,
ed525217-bc68-4626-b606-1941311cf1ed,33bf5b5b-a618-4a97-b0d9-4149c5416bac,14696fc3-ddef-4536-beaf-b802e21efa37,
4b989f85-9b9d-40b9-8376-68fef863e20c,33bf5b5b-a618-4a97-b0d9-4149c5416bac,155a6b61-8726-4469-b69f-f0b456b6af9a,
34fdbe3f-ba80-4048-adb9-2f4c930b6474,33bf5b5b-a618-4a97-b0d9-4149c5416bac,16fb53e6-2809-422f-8f58-05171aaf34c0,
f1504b2b-cf05-411b-9f74-119c117ecba1,33bf5b5b-a618-4a97-b0d9-4149c5416bac,305b469e-c593-4259-81e4-4699974c43b5,
678dec54-8fb8-4a45-8560-1f52c68599ad,33bf5b5b-a618-4a97-b0d9-4149c5416bac,332b37c8-6c88-4b8a-91bd-d20f0fe28db8,
1a36dfbb-6a77-4134-a569-69ae8aa876fd,33bf5b5b-a618-4a97-b0d9-4149c5416bac,396ba123-bf5f-471f-81fb-82a97674800b,
4b2fe749-d739-47bf-a42a-fd417fb38f4e,33bf5b5b-a618-4a97-b0d9-4149c5416bac,3be6b7a1-5104-415e-a1b5-abfad6563d02,
d8f35f7d-f93d-44e2-b5f0-e1e1f580f226,33bf5b5b-a618-4a97-b0d9-4149c5416bac,3f543cf6-9195-4792-86dd-ae80e81bd826,
1135c8d8-bc5e-41fb-8682-30518def3365,33bf5b5b-a618-4a97-b0d9-4149c5416bac,41dad80b-a327-4cf7-affb-cd06bcdebd2e,
2dd2ca4f-4f4f-4891-9fe1-56b8c60ce48f,33bf5b5b-a618-4a97-b0d9-4149c5416bac,445ee175-1895-4edb-a398-eea237ea2ce8,
2484aa16-50da-424c-b102-1820e3204c26,33bf5b5b-a618-4a97-b0d9-4149c5416bac,4ca05e76-7b64-47dc-82ce-52255cab143a,
43a5a61a-33bf-44f2-b50f-2bc99545bf8e,33bf5b5b-a618-4a97-b0d9-4149c5416bac,52a6bbf2-e0c4-435a-afea-23981d5fdfcc,
794fad2d-cdf0-45cb-8a9d-935056de7c3f,33bf5b5b-a618-4a97-b0d9-4149c5416bac,53a1116f-4b12-47ef-b4c4-275fbf74f2f3,
4d731b47-ce88-4744-8ba1-669ce8b8c257,33bf5b5b-a618-4a97-b0d9-4149c5416bac,5b7dba0a-af1f-491b-a823-bb9146b5408f,
05262125-6294-45f9-b4aa-20127b4af9cd,33bf5b5b-a618-4a97-b0d9-4149c5416bac,5c3287fa-bc03-45d2-ba73-62d952ec0f56,
90070c90-33d6-40b1-9517-47d48d45e02b,33bf5b5b-a618-4a97-b0d9-4149c5416bac,61765f2f-32f4-4fba-a3fa-881c6dd1ac03,
3cdf04c3-ac48-458d-9be5-4975e8f9d35e,33bf5b5b-a618-4a97-b0d9-4149c5416bac,644e2bcc-803a-449e-ad75-3f48d246e69d,
a2f95fd1-e612-436a-b46c-40b795a8b52b,33bf5b5b-a618-4a97-b0d9-4149c5416bac,66f648a2-a8b4-4054-a36d-ddc84c64b5bf,
dd4c300e-63b0-44aa-97e9-559623e8d790,33bf5b5b-a618-4a97-b0d9-4149c5416bac,6883f15e-489e-41ee-9e34-09e8f516b53f,
7745b2ab-8db5-460d-a3d2-737eeefe08e1,33bf5b5b-a618-4a97-b0d9-4149c5416bac,6945596f-4a69-474a-9d22-ddc34801563a,
9a6bfeef-07f6-47f3-892f-ef253e069565,33bf5b5b-a618-4a97-b0d9-4149c5416bac,6aa25f58-e158-4b09-9531-f520d1bed810,
22ede227-5e6b-46ef-8cc6-a9d61e99bce5,33bf5b5b-a618-4a97-b0d9-4149c5416bac,6d4bdf23-f437-452d-85c1-66d19d5e293f,
eef5021b-12e3-4311-9d59-dda9c30b02ba,33bf5b5b-a618-4a97-b0d9-4149c5416bac,6d6e4c15-5dc5-4d8a-a6c1-a5791652c04e,
25e5071c-9583-4ed1-919c-d8a864fd42b6,33bf5b5b-a618-4a97-b0d9-4149c5416bac,721c142d-60a2-4c80-ab09-a796b4e3215b,
3b51143f-50df-4cac-9629-acfa71f6d5f8,33bf5b5b-a618-4a97-b0d9-4149c5416bac,7b52fdff-e6cf-498a-b5f4-eb27d30fbce1,
d697d8a6-daa9-4d99-bbcb-20978bfa52fe,33bf5b5b-a618-4a97-b0d9-4149c5416bac,82b5cca2-3393-49d6-963c-b10a0593d300,
b650a1da-15a0-494c-b0d5-8acb75b4f2df,33bf5b5b-a618-4a97-b0d9-4149c5416bac,87c7c51a-3000-4db8-977b-ee001d0d6197,
8fc89604-e623-42cb-82d9-55d159bf3e96,33bf5b5b-a618-4a97-b0d9-4149c5416bac,88af400b-43d3-408e-ba63-f37da456b647,
f4e9bc7a-625a-4c81-b683-852632e4a3a1,33bf5b5b-a618-4a97-b0d9-4149c5416bac,88e06545-1ef3-4128-8f85-f5172b0eed46,
f7329dab-cecb-478c-9c68-382c3b4520c8,33bf5b5b-a618-4a97-b0d9-4149c5416bac,8a838953-2b4e-4d84-b440-48b2f35d63c7,
810dab65-53c2-4399-89b9-486a2528d8dc,33bf5b5b-a618-4a97-b0d9-4149c5416bac,8b9381e1-a449-4dcf-a2b7-a545cd26dd8b,
409eb0db-1c42-49de-813d-f1574470fdcf,33bf5b5b-a618-4a97-b0d9-4149c5416bac,90e5c182-90b0-45bc-aa1e-b1fb4ff5b4b0,
e04ceafc-a537-4a7d-835b-cea7d6f843b0,33bf5b5b-a618-4a97-b0d9-4149c5416bac,912b9b22-abd0-4c24-87bd-6292948e7d6f,
1e6c18b7-954d-43bd-8abd-767dda073977,33bf5b5b-a618-4a97-b0d9-4149c5416bac,93cea1f1-6bba-4c0c-bc87-b062d9af911a,
88256e60-90d0-4a45-bedd-60b9795d8a16,33bf5b5b-a618-4a97-b0d9-4149c5416bac,97bd9500-8325-46c8-b2df-aa8dada7b956,
bb752d4e-4bd3-4999-aca8-4ce8cfd00ae8,33bf5b5b-a618-4a97-b0d9-4149c5416bac,9b8fdb13-6543-4e50-bc71-2925e1de08f6,
a97ff076-6e7b-4348-9b20-da85d0c21b27,33bf5b5b-a618-4a97-b0d9-4149c5416bac,9c158eab-2cf8-4b9d-8317-4ee12e34a663,
457e9767-a4bb-4452-bc05-2d89858fd19a,33bf5b5b-a618-4a97-b0d9-4149c5416bac,9ec06e51-aac2-44ff-b0e4-d209121ef12b,
7b8bcbf3-93cb-4d1f-9df6-d937c370d250,33bf5b5b-a618-4a97-b0d9-4149c5416bac,a2d19f23-c7fc-490b-83c7-22289bca5683,
889edfe9-9b97-4b25-8ab1-198fe5f9fe78,33bf5b5b-a618-4a97-b0d9-4149c5416bac,a505e0ef-aa6d-4f75-8775-d02793bbe07a,
14968fab-6308-46a1-8652-9fae02e3964b,33bf5b5b-a618-4a97-b0d9-4149c5416bac,a55e9bab-38f0-426c-885d-389430337697,
c50215b7-78c4-4768-a046-2907ecda8430,33bf5b5b-a618-4a97-b0d9-4149c5416bac,a6961ea8-668f-453b-96d9-7d46637dcb7b,
3da97ebf-4aaf-4ed6-9125-7a8d5ec15a7c,33bf5b5b-a618-4a97-b0d9-4149c5416bac,a78240d7-54fe-4757-a3d9-5be5c5265462,
af88d426-d06b-4b0f-a477-69486e805904,33bf5b5b-a618-4a97-b0d9-4149c5416bac,acc1a843-de30-4c88-bb8b-1c2202b25527,
e0825990-a281-4855-8b7d-30b11517e0ba,33bf5b5b-a618-4a97-b0d9-4149c5416bac,ad8d069e-7d6e-4b54-9a91-9945624150d7,
88b480d6-6101-44ce-b18c-e1610557554a,33bf5b5b-a618-4a97-b0d9-4149c5416bac,adaf39be-715b-4b88-b10e-2ad25e1a717a,
579878a6-af80-4435-ad85-13f7acdb7a22,33bf5b5b-a618-4a97-b0d9-4149c5416bac,b0b17e6d-066c-4d64-acec-aed1c8d0ea43,
91d8841f-d856-493f-9be2-1c17810c2cbd,33bf5b5b-a618-4a97-b0d9-4149c5416bac,b830e9d4-5494-468e-84ce-956a50ad1e4b,
b6a4619b-8c66-410a-8e23-ff6036145f8b,33bf5b5b-a618-4a97-b0d9-4149c5416bac,bd844079-9131-4991-b763-c5dcdc09114c,
caf341c5-a97a-4e5c-9169-bb91207db424,33bf5b5b-a618-4a97-b0d9-4149c5416bac,bf6f9462-221f-4b72-a6e6-178e33bf577f,
9dbb7582-f47a-4013-b536-425a88bdc389,33bf5b5b-a618-4a97-b0d9-4149c5416bac,bfbddf38-4b24-4b31-bae7-968b7e39332b,
8b9c5325-191e-449b-a6df-d97aa644a088,33bf5b5b-a618-4a97-b0d9-4149c5416bac,c010898d-9e00-4287-a768-6653a04d950c,
322cbbe0-72b5-44ac-9713-9fe9ef566f88,33bf5b5b-a618-4a97-b0d9-4149c5416bac,c7672606-d08c-44f7-9e33-b2fe9a5a9240,
6e6872c8-2c1f-4f7b-a58f-77b300d8a3b1,33bf5b5b-a618-4a97-b0d9-4149c5416bac,cb21cf85-4ef8-4e9c-ad7b-731197989b74,
4eade261-1110-4899-8584-9fdd8d3a3847,33bf5b5b-a618-4a97-b0d9-4149c5416bac,ccf6804d-fc2e-40d8-89c4-62acb5415590,
26a97a01-827c-4d08-ad26-bd72f6811082,33bf5b5b-a618-4a97-b0d9-4149c5416bac,e4c5ceb0-0bf3-4585-a27b-af171dd4b2e6,
640f68f0-3009-49ef-a052-00a59efd2491,33bf5b5b-a618-4a97-b0d9-4149c5416bac,ea83f3f6-22a5-40d7-b0ce-6016cd801b82,
8abccad1-5af0-4972-ad3f-b4947974ea2a,33bf5b5b-a618-4a97-b0d9-4149c5416bac,ed3a454c-069b-49f6-bf66-d47a12220f0e,
5844c988-67ae-4e23-98e5-15794deff205,33bf5b5b-a618-4a97-b0d9-4149c5416bac,ee0b3ca1-7b9c-4f57-9398-5f757cb4483a,
31865410-4e29-4d4a-bdae-2f0c32f5f7be,33bf5b5b-a618-4a97-b0d9-4149c5416bac,ef7ec7d6-086f-4d51-932e-22852c3a1541,
91ffea5e-3141-447a-9225-18ec96e4fd31,33bf5b5b-a618-4a97-b0d9-4149c5416bac,f04f7e4b-500e-4a4d-bad8-3ae3ea2bd7ee,
33c407be-0bf5-4150-bc86-bb7b3c8ada8d,33bf5b5b-a618-4a97-b0d9-4149c5416bac,f0fd3117-1675-4626-af09-0480b1b83aa7,
f639ec00-3e73-40b7-930c-051791710466,33bf5b5b-a618-4a97-b0d9-4149c5416bac,f3ac7f03-94cf-4e40-94ef-a0fba10628c6,
8508a5e4-7704-423a-a04d-116aff54f5aa,33bf5b5b-a618-4a97-b0d9-4149c5416bac,fb832bcc-062e-4b1a-a4d1-20551cd2689e,
68491e66-806b-4c10-959c-6eb5b7757c27,33bf5b5b-a618-4a97-b0d9-4149c5416bac,fc485a10-7b17-47af-8421-b482c058bdf8,
a7cfede4-f557-400f-b26f-980e0d533e0e,33bf5b5b-a618-4a97-b0d9-4149c5416bac,ff8baf9d-3ca1-4e48-aa43-79deb5bc7d92,
9898040e-ae1c-4f85-b137-a9d32aa9982b,3407badb-b76d-4190-b51c-3064b0c5d674,051fceb1-22f0-4b19-be18-71d36a5640f9,
ec3ce8c8-2cce-4934-8d13-45e8c6fe01b9,3407badb-b76d-4190-b51c-3064b0c5d674,0b07ad75-6e37-43df-9a30-54956aa3ac0e,
a9405c6c-742a-4d93-a1be-eb81c4acabd3,3407badb-b76d-4190-b51c-3064b0c5d674,0fd9b523-5700-4422-88e2-702b8456129c,
056ffd58-5ec1-496d-8787-2c49d8df3c0c,3407badb-b76d-4190-b51c-3064b0c5d674,1156095d-1527-41a2-a1a5-d4dec8e72b24,
71fde5e8-7c5d-4f78-bf32-d84037011f4f,3407badb-b76d-4190-b51c-3064b0c5d674,249f1d4e-14df-4d47-8943-90c6cb864c89,
2cc4b917-450d-40d5-b4ca-c882a6b6ef36,3407badb-b76d-4190-b51c-3064b0c5d674,48d315a4-0d18-4d7b-8dc8-dbc3cb6a7071,
5d9de37a-9d9a-4fb5-8b0c-9d4560fa8cc4,3407badb-b76d-4190-b51c-3064b0c5d674,4df58364-fb09-409f-83e9-cded2ad5bc55,
bac9c93b-ec05-41bd-82dc-1cad5cbbdfb1,3407badb-b76d-4190-b51c-3064b0c5d674,5a3c152d-5a49-4b91-8d3c-f95289fb91ee,
1566a35b-5d18-45c0-b7fb-afa636b89a4b,3407badb-b76d-4190-b51c-3064b0c5d674,5fd11a41-b2a2-4fc1-bae1-2d85092f661b,
a5f2cfa1-6903-40f0-b9f7-e25f5a77a0fe,3407badb-b76d-4190-b51c-3064b0c5d674,62105b64-5b7f-4da4-beda-c1733783ebf6,
fa98bec4-b744-450a-9321-53c4eb641df1,3407badb-b76d-4190-b51c-3064b0c5d674,816032aa-0098-4099-8e7b-e9d3292e9a5c,
47aa0717-2a13-459a-a4ec-a2a4ae988237,3407badb-b76d-4190-b51c-3064b0c5d674,8b4527c6-52af-4267-98d2-b612a60aa97f,
5c6bc0ec-633b-48e4-9ffa-a2e923b6e4d0,3407badb-b76d-4190-b51c-3064b0c5d674,8e4a85cb-ccec-47ac-b6f9-323ff25b960d,
ee5522c5-85d9-483c-a8c4-d2b1f59ebcc9,3407badb-b76d-4190-b51c-3064b0c5d674,97ef04cb-5fd9-4841-b2fc-1f4fbdcbbfbf,
7d8fbbe6-314d-4e6a-931f-a3a176ff7731,3407badb-b76d-4190-b51c-3064b0c5d674,a0b4d455-5d80-4d03-853c-3b760eefa69a,
ae59ac95-c2b7-48f5-badd-0bd614e44542,3407badb-b76d-4190-b51c-3064b0c5d674,a9590f7c-c3d8-4d21-877a-8474194715f4,
7bf9fd80-c5d8-4a3c-9d7a-88b0ecfffc01,3407badb-b76d-4190-b51c-3064b0c5d674,bbcebaf3-72f8-4255-86e4-0d17ac436cbf,
18b06e06-c3c5-4464-83e6-0d8ff3708207,3407badb-b76d-4190-b51c-3064b0c5d674,e3eb1994-9d44-482b-acf7-cbf3a4f3d98c,
4d7d1241-29f9-4c07-a391-bd32f398203d,3407badb-b76d-4190-b51c-3064b0c5d674,f18a5ebf-757a-44a5-8803-463755eb6460,
f8fc83ad-6249-44c7-ae4e-4e71a0b3995d,35a105f8-beb8-4178-9971-a5107b037b58,04aeb399-de38-45c8-b372-ec5f2871b83e,
9fe71fba-4bd7-45ca-b7ef-a27050a56a3d,35a105f8-beb8-4178-9971-a5107b037b58,08457eff-2c79-4d43-90db-9fe651d33752,
64771cd1-9c02-438b-8206-51ec88fa8104,35a105f8-beb8-4178-9971-a5107b037b58,089f8a23-4e6b-4503-8372-5ce686d38472,
cde32ea6-1b70-41d1-90f4-746cd4861f7f,35a105f8-beb8-4178-9971-a5107b037b58,11f003f5-f457-45cd-92a3-910493abb78d,
0d7fbb25-eb8d-4df5-876a-b1002daa5ea3,35a105f8-beb8-4178-9971-a5107b037b58,12983a10-f8fe-4ca8-a2b5-6fafe0f7dd49,
c1517b7b-94ae-4bba-8d75-78f4f93708ed,35a105f8-beb8-4178-9971-a5107b037b58,19580913-a860-45ad-9a21-5a57215c8033,
c6d32f3a-deb4-4063-8c69-533f148709c8,35a105f8-beb8-4178-9971-a5107b037b58,1b13e99d-ebe1-4472-a4b7-315bcad6c90f,
defeb17a-d4fa-484d-bd8f-62c2793ee443,35a105f8-beb8-4178-9971-a5107b037b58,21a02643-ca5b-4d1d-b7c3-ba164a9952b9,
ad9df599-de1f-43ff-8729-6e8c44984129,35a105f8-beb8-4178-9971-a5107b037b58,24514a0f-0efb-4470-907a-0bd030c1a0c3,
dbfe59bf-c0a2-49b8-bf5c-402a8505d535,35a105f8-beb8-4178-9971-a5107b037b58,266c165b-58ec-4b93-a4f6-b6e674257209,
36a151b1-3a93-4f9a-a5f6-c7bd373b2acf,35a105f8-beb8-4178-9971-a5107b037b58,2cf659c7-4532-44cc-a2e7-4393a30e4477,
926210f3-d066-425f-95aa-d6afffd2563b,35a105f8-beb8-4178-9971-a5107b037b58,2dc187d6-cb7b-488b-8e1b-2ea86ec5b5f8,
8a48209f-913b-46e2-825d-9ac7d54eb733,35a105f8-beb8-4178-9971-a5107b037b58,2fb0507b-f603-4690-8246-4fed057f5990,
2488cc9d-1dd4-4580-9885-6fcbc9fa2052,35a105f8-beb8-4178-9971-a5107b037b58,309350e5-7e65-4577-80f3-cee173116602,
24457d14-cf11-4c68-aa40-64bc84e3acb5,35a105f8-beb8-4178-9971-a5107b037b58,329e58d5-add5-4ef2-8acc-c27db2d8d1f0,
a91b7f8e-4a20-422f-ae5b-fbab081ac9eb,35a105f8-beb8-4178-9971-a5107b037b58,36479dde-76c6-4306-9db2-29ccaaa84e66,
b040b9a8-6379-4e7c-933b-c736b78149e2,35a105f8-beb8-4178-9971-a5107b037b58,38755c2c-2f66-4e21-b17a-7634e3517fd4,
754e71ce-b393-4810-9a82-4d0a26efbafc,35a105f8-beb8-4178-9971-a5107b037b58,3ff6f25c-d80d-401b-baca-92e835fb077f,
db3db4c2-737e-40a8-9230-45702aa193b0,35a105f8-beb8-4178-9971-a5107b037b58,403ee5c2-93dd-4067-853f-3e51d02184fc,
587b811b-5b08-4a83-ba68-17b0fed70b6f,35a105f8-beb8-4178-9971-a5107b037b58,40dc2563-7608-4b5f-8dcf-ea94c3242044,
e0d00e8d-c42f-400b-9dcc-b0c4f4e51a01,35a105f8-beb8-4178-9971-a5107b037b58,40f382e3-6450-4a79-be2e-61a3c77fa461,
bde373ef-5845-4483-9a32-7aea95b63cb4,35a105f8-beb8-4178-9971-a5107b037b58,46b3dd87-5172-4637-abb4-5b6737f8ba43,
5cbff618-8368-4153-ba9f-9d4f70f19fac,35a105f8-beb8-4178-9971-a5107b037b58,55b9eba5-44a9-4a81-b4a5-f087adc24a21,
b95e7fa3-528b-40fe-9dd2-8441b3ff8b2c,35a105f8-beb8-4178-9971-a5107b037b58,59794b54-b11c-485d-a847-5ca623ae5477,
4966b460-4c26-48d3-bdcf-c81b54698e74,35a105f8-beb8-4178-9971-a5107b037b58,5c27a1fa-55b6-4855-bb6f-44d4a45e50ea,
e4c26df0-0e73-497d-8b6c-d22328118753,35a105f8-beb8-4178-9971-a5107b037b58,5d13c53f-bce2-4d3e-b4ed-ccb4052ab823,
2a59ce2e-72d7-4cea-aa87-79c6a3f654fb,35a105f8-beb8-4178-9971-a5107b037b58,6cca62c5-9807-4e43-900d-600e3d07d90d,
d9b8e707-f503-4902-8987-ec614a07b88d,35a105f8-beb8-4178-9971-a5107b037b58,70b58d1e-acf4-4985-b898-e8dd1078f675,
4b20445e-2122-454c-ba51-9b4486b83c8a,35a105f8-beb8-4178-9971-a5107b037b58,728f4e8d-10bd-4838-bcea-2d305aebfd47,
db91cbdc-9436-4533-b86c-3b7e6c7e73eb,35a105f8-beb8-4178-9971-a5107b037b58,73f86451-57c8-4fb1-9b97-d1ae6810cc48,
a066a635-b01f-443e-bf8e-c2fed2f2de47,35a105f8-beb8-4178-9971-a5107b037b58,784fe6f0-26ff-4da7-ac0d-613eb8d0cb1d,
46785b2f-d5bf-4023-ae4a-0ce5e9a4b873,35a105f8-beb8-4178-9971-a5107b037b58,7e5ff5c6-4abe-4289-b9b4-93327ea34ed4,
5cdc7bb8-49c5-42ca-b32a-cd8638cfe356,35a105f8-beb8-4178-9971-a5107b037b58,8be76298-15e0-4288-bfdc-5f462e9c34ea,
3693498b-b78f-434e-bc4c-218f07504e47,35a105f8-beb8-4178-9971-a5107b037b58,8c949e90-637c-4bcf-b193-a36ebae07885,
b5d60ca9-131d-41f1-a2d4-242281645013,35a105f8-beb8-4178-9971-a5107b037b58,927fb645-9a02-45fa-b805-cc212acc200a,
e42129b9-854e-481d-9908-bf8c7884c301,35a105f8-beb8-4178-9971-a5107b037b58,92efdbe3-1061-4fcc-b6a6-6e1185aadd25,
4320b7af-c142-45a9-9f21-aadfa4ac1a02,35a105f8-beb8-4178-9971-a5107b037b58,96248216-e2fa-4d36-a2e2-526636d7b618,
d5a15518-bdec-4f8c-9718-67e307d08204,35a105f8-beb8-4178-9971-a5107b037b58,9908667f-6a0a-4274-abab-6145f8a443b6,
089989e5-d623-4d31-98b6-0e391a9fdf8f,35a105f8-beb8-4178-9971-a5107b037b58,ab7e43b7-298a-4d35-a544-0bd583e20dbe,
0282e7a5-1661-4be0-91c4-ca84de101566,35a105f8-beb8-4178-9971-a5107b037b58,b4c7bc85-b8d9-43a8-b093-fa80e6d4c8a6,
7c8e3726-3756-418a-8331-555d10c752d3,35a105f8-beb8-4178-9971-a5107b037b58,b4cb5144-87d3-46d9-b3c2-3cc19deb00af,
376f1ef6-8b29-4f31-b357-4416f26fe1fd,35a105f8-beb8-4178-9971-a5107b037b58,b683b8b8-494f-47c6-9c2f-817821a7460d,
244af771-6aea-45d1-8d21-de22f3f5aca0,35a105f8-beb8-4178-9971-a5107b037b58,bfb8508f-1bd1-44ef-991e-27f00e29a61c,
9c53eb38-cb6a-4476-990b-e606d3bea30f,35a105f8-beb8-4178-9971-a5107b037b58,c51c04c0-0f7e-4c2a-8c0a-451fbf446e28,
91ff50c5-4e4a-44f6-9586-ce63d7bf56e7,35a105f8-beb8-4178-9971-a5107b037b58,c53b745d-24f6-4844-937a-ec6c38f2ed13,
dfad5bf5-ddff-4829-97ff-b12eed9dff04,35a105f8-beb8-4178-9971-a5107b037b58,c69df646-942e-4b72-bee8-4d8c7625e6e3,
57bb47d2-3ccb-49ab-b72b-401c32982552,35a105f8-beb8-4178-9971-a5107b037b58,c7fc2695-2f1b-4cf5-803d-e8a41be75844,
94cc7f08-cf34-4cd7-ae02-022e4470066f,35a105f8-beb8-4178-9971-a5107b037b58,cad6a161-8454-422f-bbb8-6f73870a3fa3,
fcc42ec3-49cd-444a-b92c-a4be6ac1ef95,35a105f8-beb8-4178-9971-a5107b037b58,cbb40c77-87b7-403c-86ec-ef785168afa2,
fafe3192-e8b4-4bfd-b42b-ea09cc3c2af3,35a105f8-beb8-4178-9971-a5107b037b58,cec6a359-3ae3-455e-aab5-3c4e4c3c6675,
fe4990ec-c0bd-46c5-b9b4-c46044ac35d3,35a105f8-beb8-4178-9971-a5107b037b58,d4a6eed9-3473-46dc-90c9-19b4d78d4481,
876080e4-a907-4417-8be8-cded06645294,35a105f8-beb8-4178-9971-a5107b037b58,d627616c-d9c7-4208-9632-0c2ccb719f39,
daebbf06-7434-44e0-8626-c0e5f64d9ca2,35a105f8-beb8-4178-9971-a5107b037b58,e07c12fd-7a48-46e3-9e09-c15830f419f4,
8ead13a0-dbd6-44cb-8892-ff3cbc719452,35a105f8-beb8-4178-9971-a5107b037b58,ec53bc5c-cee9-4438-8fc0-36899848e8e7,
229ec4d9-3e83-4fe1-8816-c428b026cc9d,35a105f8-beb8-4178-9971-a5107b037b58,ece0d1cc-2554-41d3-989b-efdbe90ca2ec,
630b2699-c053-47b0-aa19-a20a16dc511d,35a105f8-beb8-4178-9971-a5107b037b58,f3292d72-ca02-4f87-81be-6a6636101597,
fc985b47-e206-4408-be8e-e81c0fd77d98,35a105f8-beb8-4178-9971-a5107b037b58,f40a034a-15e2-48e7-9783-3db58e397a6f,
55bfc516-c0ce-4d0a-8110-83194f2dfbff,362c33cc-8f48-4dca-80c6-1cb27f272009,3e0b3cc7-ec7e-482f-ae14-918b46f42f36,
cc54483f-0dbc-4466-9bc0-9a5b3aa0d39b,362c33cc-8f48-4dca-80c6-1cb27f272009,73be49e8-2fc3-4fff-9141-afd77fb18553,
8f9fd5a2-83fd-480a-a3d5-ea1504d8a8f2,362c33cc-8f48-4dca-80c6-1cb27f272009,956865ca-74ea-4eb9-9fb0-bad15eeae38a,
66a01016-d753-4438-bab3-6a2acf30d520,362c33cc-8f48-4dca-80c6-1cb27f272009,cb6855cb-8aef-4db6-acd6-770d22bced70,
1ebf1c0b-ce52-4af9-ab78-ff8e8d70950f,362c33cc-8f48-4dca-80c6-1cb27f272009,d63850c1-9173-490f-a4ec-dd8b137e1ad9,
f790b9e4-2534-4b0e-bb2d-cbfe3aaca078,38115381-e6f2-49ac-81df-348ab11cbcae,,b6f7b4c1-3d2f-444b-8ecf-810482ccaf52
a46bf912-ee5b-4328-8683-f1be4e5349b4,3e0ce1b7-d819-4737-bd81-d8f68bd9d8de,2ec2ff77-de58-4b75-9808-af30657624c6,
69d088d0-6c3e-45ed-8a0a-cae2b8b1e96d,3e0ce1b7-d819-4737-bd81-d8f68bd9d8de,31f53adc-fdd3-4656-8f59-6e4344ac7e6c,
708ce25b-c529-4535-8869-c5f910e7bc25,3e0ce1b7-d819-4737-bd81-d8f68bd9d8de,48ffc1d2-59c1-4136-8f45-99e9a4a7e69c,
54e5060b-aa9b-4a93-ad5f-6c69c0de0ea2,3e0ce1b7-d819-4737-bd81-d8f68bd9d8de,83b0d0da-16d7-44f6-862f-be538167b9aa,
e0917c81-5b17-457c-8984-06d1120bc2c4,3eada969-a2f1-4373-825b-0696677b8d4c,109600cf-1112-43c0-b5ce-8f8b9820da94,
9b4f3ea8-7bcb-42bd-936d-c05fca9d8179,3eada969-a2f1-4373-825b-0696677b8d4c,11348194-de66-41e4-8194-e4d2a9f663d2,
ec43dbca-5cd3-42c8-95d6-013e9e24d4a2,3eada969-a2f1-4373-825b-0696677b8d4c,13e960cb-5eca-432f-8019-6a9045ae3907,
98595222-77eb-4b6c-86f2-663a0df96b23,3eada969-a2f1-4373-825b-0696677b8d4c,172508fb-08ec-48b3-aaf2-947236319e97,
dd9f8920-2627-4621-be2e-16e35884d844,3eada969-a2f1-4373-825b-0696677b8d4c,1c045b11-24ec-44ea-827e-5e7148a2de3d,
5f5f3f04-0522-42b9-bd5e-d0eb7f5ca40b,3eada969-a2f1-4373-825b-0696677b8d4c,268de39d-2eef-4814-a928-7f7d4ee398e0,
570fd37f-aa62-4e25-a8b3-08c43abefdd3,3eada969-a2f1-4373-825b-0696677b8d4c,358b12c3-93f7-4b17-a841-e8451c73b064,
700d77e8-9e0e-481d-a882-cb95bf4b87e0,3eada969-a2f1-4373-825b-0696677b8d4c,41686be8-91d8-475c-883a-5a3b6e292f8c,
f53aea8c-cde3-4da7-a407-4aaeade4344d,3eada969-a2f1-4373-825b-0696677b8d4c,4551f4cc-3310-4feb-ad36-dfa644b50882,
bc1fa124-672c-4465-9c15-5fd517d039de,3eada969-a2f1-4373-825b-0696677b8d4c,4ea07fa9-aa58-4cd9-9154-636ce3dc3b90,
5e16e549-2be3-43bf-947e-5a62a36d5944,3eada969-a2f1-4373-825b-0696677b8d4c,5401b8aa-6525-461c-9022-317f2aee8835,
d503685c-bb20-478c-9df0-d562c57225fb,3eada969-a2f1-4373-825b-0696677b8d4c,5511f3f2-7c61-48e5-b316-d311effcc570,
29a59918-4c6c-42ca-a9c9-55403b9cbea6,3eada969-a2f1-4373-825b-0696677b8d4c,55870104-ed58-44e2-9739-74e5f25fc171,
14e4c489-ea6e-4785-88cc-f17c702d70d7,3eada969-a2f1-4373-825b-0696677b8d4c,65976c58-7036-4b3c-8b2b-5d8936e76acd,
36d9711d-5e19-486e-bed7-acfcce4117ca,3eada969-a2f1-4373-825b-0696677b8d4c,6dc1a7d1-89df-4c4f-951d-f695515ae56a,
c83dd31d-ab68-4be4-9200-515e711802af,3eada969-a2f1-4373-825b-0696677b8d4c,73895ff8-bc3d-4846-91bc-8a1e96ac420b,
da7e0a79-bba5-43b1-9fc3-fea88a3f5c65,3eada969-a2f1-4373-825b-0696677b8d4c,745cd35e-a6ed-4b25-8934-1afadd849320,
b6f51287-6ffb-4e88-b2e9-c44c98b30cdf,3eada969-a2f1-4373-825b-0696677b8d4c,8932b869-b0f8-424d-b53c-047731bba795,
aede57bb-c3f1-467b-8e22-fd354423d398,3eada969-a2f1-4373-825b-0696677b8d4c,8e228e25-340c-4a24-9f03-04f05657cc07,
c4353595-bc0e-49df-a6d5-227c55f8bd8f,3eada969-a2f1-4373-825b-0696677b8d4c,90e902fd-bab8-460a-888b-60d2b76460fe,
ecba309a-26b3-4f7b-a24e-11bfcc9747d8,3eada969-a2f1-4373-825b-0696677b8d4c,9afb12d3-53b0-422c-8134-5751e455b713,
24fdacfe-dd9e-4992-820e-3800833eeccc,3eada969-a2f1-4373-825b-0696677b8d4c,9cfc9034-1493-48cb-a8af-bd1df60b2378,
f62b39fb-812f-429c-81be-a60fa2bfbccc,3eada969-a2f1-4373-825b-0696677b8d4c,9f00312a-d4da-49b0-97ef-cf1621f58650,
f0387102-96ee-47a6-ad44-470cd6f4421c,3eada969-a2f1-4373-825b-0696677b8d4c,a85a2f6d-753a-4602-ac47-dbd93b0ae2cc,
d375de27-7261-47dd-8c2f-1c5a077be09e,3eada969-a2f1-4373-825b-0696677b8d4c,a97831b6-da14-44b0-96b5-59cec3ab8889,
e2e377a4-29a0-4d9b-9517-9037d8a2d53f,3eada969-a2f1-4373-825b-0696677b8d4c,ae37d495-07e5-490e-ab75-ef4f3a1e1481,
e4e49e38-9204-4e60-bc67-cd23ff40726e,3eada969-a2f1-4373-825b-0696677b8d4c,b5f66bc8-666a-4a72-b0f6-4c547d30cff6,
9a105966-6be7-4cf0-8d1d-44814fb84e53,3eada969-a2f1-4373-825b-0696677b8d4c,b73c71d9-d2f6-48c9-9056-ab9d88d2ec8c,
2ab8ad91-9b88-43b2-bd23-140a5c1dded1,3eada969-a2f1-4373-825b-0696677b8d4c,c324878e-a1e6-4df7-8390-83e774616ee6,
eb1ba1cb-89c9-4943-bf15-6bbd30dff688,3eada969-a2f1-4373-825b-0696677b8d4c,c8c13ef9-38d0-466a-bad0-d086a66e0fe4,
5d5ed223-4b74-451d-b055-5760d44fd498,3eada969-a2f1-4373-825b-0696677b8d4c,e4fe2e71-6d9c-41ad-9e27-33de3637b63a,
b2cedacf-92aa-469d-bc2f-2b7b559fad09,3eada969-a2f1-4373-825b-0696677b8d4c,e7ddf201-cb5d-4a26-9304-2fe79013bdb2,
bd672753-937e-40d4-8404-f2620d0a7fa8,3ff6ae4f-eb5a-4476-928b-fc7e806b8952,0a7f4436-b0c2-4446-9268-c12917937b5c,
faf73378-7e21-47c4-87bf-0a3211b2a81e,3ff6ae4f-eb5a-4476-928b-fc7e806b8952,1eb13e8d-93c9-4ab8-9d10-dd860868abc0,
5e757ec4-9880-4d3a-8db8-dd79d90ee2f8,3ff6ae4f-eb5a-4476-928b-fc7e806b8952,56de1a13-89de-4ecc-be5b-f7016da26bb9,
4cbcff04-a0ca-430c-9fd6-7c16e539d696,3ff6ae4f-eb5a-4476-928b-fc7e806b8952,5cec5b8c-0645-420a-9b8d-c55c3ea5822a,
2f125910-5229-4c9d-9dc9-d3d4f0d2bcbc,3ff6ae4f-eb5a-4476-928b-fc7e806b8952,7536b45f-d3dc-4f90-a763-58e26f950d06,
75684d94-d40b-45f2-a60a-455f633f175a,3ff6ae4f-eb5a-4476-928b-fc7e806b8952,8a36313d-18ad-416c-a3fa-5858add4d2c3,
94d85afb-63d6-4207-a18e-bbcab73c0075,3ff6ae4f-eb5a-4476-928b-fc7e806b8952,94a43008-4b72-488d-aba6-2f537ed80eaf,
704d212a-a4f9-4d90-9d6b-62cdbb94df3b,3ff6ae4f-eb5a-4476-928b-fc7e806b8952,e55fa639-3153-4913-ab57-29973ac9253c,
7a6f3701-6a5b-4d21-aa1c-1be51310cf83,3ff6ae4f-eb5a-4476-928b-fc7e806b8952,f095bbbd-405f-446f-a544-a682aad41945,
8acdf7ed-6392-4307-83de-ec9dc6de9c9f,42deb811-d78a-4292-85e6-7b1e9b503152,019737af-003e-4d30-bd7b-2ec00060c0a8,
42e3d1a5-c74e-4297-b5db-3039ba739c7e,42deb811-d78a-4292-85e6-7b1e9b503152,1a791911-81a6-48d7-b2f8-b57589ae168f,
4922894d-8892-4bdd-a6d3-e3be986f9b40,42deb811-d78a-4292-85e6-7b1e9b503152,1b08442d-32ff-46d6-af05-77eaf57bcd11,
71a02ca1-3a98-4995-ab2a-ba3c527fbecc,42deb811-d78a-4292-85e6-7b1e9b503152,249ff0d0-c8c3-41d0-b1d7-55f3de3130e7,
e9e88f36-1728-4993-94ec-25e36621cf9f,42deb811-d78a-4292-85e6-7b1e9b503152,29762ea3-136c-4582-a957-23e0b3cf4558,
6b526012-0d22-4d2b-826c-296adb427ef8,42deb811-d78a-4292-85e6-7b1e9b503152,2ab75db8-35a6-41f1-a311-5b88e5f682aa,
ef63428f-b710-494e-a525-c5027ed945ec,42deb811-d78a-4292-85e6-7b1e9b503152,4b34652f-290e-4c52-9dbb-a099ee0e5db6,
a38fc8c5-53d2-4b8e-8484-8e35f2d2def1,42deb811-d78a-4292-85e6-7b1e9b503152,51f6e0f6-5b87-422f-b125-b16b99a293bd,
e2caf6f3-29af-445b-9da4-eee9e440277f,42deb811-d78a-4292-85e6-7b1e9b503152,5ad58e19-f98a-49d8-87ea-cdb718b61a5a,
7ac8bb0f-7553-4a35-af6f-e7b9ae5e3781,42deb811-d78a-4292-85e6-7b1e9b503152,5ee6d22f-f24d-49bd-8bcb-0e152d7635da,
b25646d7-36aa-411a-a52d-79e51af284c5,42deb811-d78a-4292-85e6-7b1e9b503152,688004f7-e69d-4be0-ab41-7450a1160a57,
917db1f1-c3be-4971-ba60-56c9f0df07e9,42deb811-d78a-4292-85e6-7b1e9b503152,72cc7c38-d69d-491f-8af7-73672772e543,
a6db0f2d-fadb-4c6a-bbfc-6958672d6351,42deb811-d78a-4292-85e6-7b1e9b503152,73abb54b-c5c2-43ba-9134-a7c6acfdf6d5,
b33cde8f-bad3-4607-bc92-0cd7278eecd5,42deb811-d78a-4292-85e6-7b1e9b503152,7403ebd2-253d-4a50-a1f5-d104d97c5f2c,
2906dfb1-8cf6-4101-a272-e097a15de8e1,42deb811-d78a-4292-85e6-7b1e9b503152,79d95f5b-a6e0-45a5-9b70-f2d1f80f3667,
b1e932c6-3dc2-44ab-be19-d40d914bb979,42deb811-d78a-4292-85e6-7b1e9b503152,7a680d77-82d7-4a8f-b753-bdd9530064e5,
68a09198-a5e3-4ffc-811f-633234bdecec,42deb811-d78a-4292-85e6-7b1e9b503152,7ae2727a-5d00-40ff-be81-e72b517bf86a,
1427f424-b3ec-4b9a-9953-5abbd09a4a8f,42deb811-d78a-4292-85e6-7b1e9b503152,942d20b7-76d7-4a40-949b-6c586547e7a4,
4828cd17-5fae-4244-a782-72bab532eb23,42deb811-d78a-4292-85e6-7b1e9b503152,9928a8f4-9f56-4fd1-8a15-2ff449e10a0b,
30fd910c-3f61-43fd-bb2c-7466b89395e9,42deb811-d78a-4292-85e6-7b1e9b503152,9c772d7f-f325-4bee-97bd-a6c79f417ff4,
47ecac62-d244-4ae6-bf27-dc84d2f7aa92,42deb811-d78a-4292-85e6-7b1e9b503152,a12ef2c7-2350-4733-afa5-ec50e6780169,
4756a1da-b36d-4541-b9d5-27e2168ea1b8,42deb811-d78a-4292-85e6-7b1e9b503152,a61d39b9-affd-4ddc-bb09-3ffa1cadd274,
8efd0d46-2c86-4c0a-b98a-9b8d5bb1b542,42deb811-d78a-4292-85e6-7b1e9b503152,a7cca5c6-486f-43be-97e1-f1d76928c57b,
73bf7e02-d32c-4a68-9f65-365d6ea9af4d,42deb811-d78a-4292-85e6-7b1e9b503152,b1fe2ca2-cb99-4d60-b4fd-759a128e3c26,
24037c99-b1da-4a47-bad4-fbbcaa44463b,42deb811-d78a-4292-85e6-7b1e9b503152,bdfaa789-7ddb-4d73-8cb5-fe595373c32d,
3d5d9160-46da-42ca-b2cb-19ab459cc5ec,42deb811-d78a-4292-85e6-7b1e9b503152,beb4663a-51ce-409a-87e6-272912be5eea,
064fe76b-8b44-4568-bd7b-c3d582440c98,42deb811-d78a-4292-85e6-7b1e9b503152,c3c372e2-b528-4496-baa5-28c6ffdf836c,
89f50f47-f9b1-4dc1-b217-2e6b3d0dd460,42deb811-d78a-4292-85e6-7b1e9b503152,c7ce5a35-93f5-4a48-81c1-985882e8dab9,
025ab6a4-7cf3-40cf-a920-e740d964ed4f,42deb811-d78a-4292-85e6-7b1e9b503152,ce5264a1-a715-4749-ae8f-61c93f50c905,
2a8f1718-264d-4384-a6a7-26b061b19a57,42deb811-d78a-4292-85e6-7b1e9b503152,cf3e8998-9794-4c33-b9f0-057676038524,
92c91c90-feb2-40a2-b07b-6df2c804e908,42deb811-d78a-4292-85e6-7b1e9b503152,d10f7055-6214-464d-87fb-f4ee300fc885,
c049eb9d-23d2-466f-88fe-e78793a29edf,42deb811-d78a-4292-85e6-7b1e9b503152,d39355fe-f3a3-4e58-8d20-0211b7eb12ad,
ce6684da-6db2-40f2-98da-e3e616e605a7,42deb811-d78a-4292-85e6-7b1e9b503152,d66763ae-4262-4aea-a4ab-f44c5a2a8ce9,
15c4922a-2a32-4617-a06e-93964bc9d312,42deb811-d78a-4292-85e6-7b1e9b503152,dbf92467-988d-4c6a-af5b-e18ef3e4ccc2,
5094957c-3fc8-46dc-ae3d-220196568a0e,42deb811-d78a-4292-85e6-7b1e9b503152,e2bbf675-8dc2-45d0-a5ed-ca109a8e32e8,
4e78f138-f8e0-469a-9605-517c3a2f97b8,42deb811-d78a-4292-85e6-7b1e9b503152,e4aaff20-8a2c-4009-9b7d-1cb0c5d3a93c,
f4c8455e-7a7d-4d9c-8f44-e1a50e188b1b,42deb811-d78a-4292-85e6-7b1e9b503152,e6753ab2-ae7d-4a35-a49b-381332db9801,
a0eeb6ff-d902-466c-a441-49b6922b4cbf,42deb811-d78a-4292-85e6-7b1e9b503152,e9cb0443-4c54-49e0-be50-ad4a546a1dbb,
2cb6c11d-2d3a-4066-9e8d-404ba4d04eb0,42deb811-d78a-4292-85e6-7b1e9b503152,e9e2ddb9-f8b3-4670-b88c-0b598b30ef57,
03decaeb-2ddc-4cf7-9665-1106bda8ac6f,42deb811-d78a-4292-85e6-7b1e9b503152,ea9b7a08-b757-4621-90f4-48d529b62d6c,
33a5522c-539e-4049-9b3d-48e4fdfadaf9,42deb811-d78a-4292-85e6-7b1e9b503152,ff9a4db6-23a0-486c-8bae-5137a369bcac,
090c126a-d7c9-4e8d-9fc7-601e3d741019,46cbd031-a9d3-4f74-a5d7-68a531f94991,0437331e-6210-4200-be04-c7f754203cd5,
a24978f1-d6d7-48ea-a8c9-96a8a3582d36,46cbd031-a9d3-4f74-a5d7-68a531f94991,10933eb3-4dd7-4e80-bbab-b7c371b33bbb,
f9542e8c-689b-4c63-b970-5cb2bd75906d,46cbd031-a9d3-4f74-a5d7-68a531f94991,19546cd6-7c06-4f59-89e0-ab3eb3663515,
8362bd30-e254-4059-810c-3e73466002d4,46cbd031-a9d3-4f74-a5d7-68a531f94991,1b67c01f-ac53-4754-b906-c64a7fc6f960,
a7a2e4ea-37f3-42ed-b24b-466420da4e52,46cbd031-a9d3-4f74-a5d7-68a531f94991,22419729-d977-49f7-8b3c-51b90587c957,
a5537fa6-d857-49b1-ad0c-83d8e93edea1,46cbd031-a9d3-4f74-a5d7-68a531f94991,3b91533a-8a1a-445b-b1df-d842f123d5a0,
3819eba4-df03-46e8-b287-fa6c8586d8cf,46cbd031-a9d3-4f74-a5d7-68a531f94991,3c9474c7-6548-4c64-9e09-c8195cb8d935,
c85a9f3b-06af-4118-bab3-3abde42def62,46cbd031-a9d3-4f74-a5d7-68a531f94991,3e7747fb-13af-4103-835f-d77e35de3025,
06afd97b-baf5-4b2b-a333-d36ed1923e9f,46cbd031-a9d3-4f74-a5d7-68a531f94991,468f4b3a-8adb-4306-acf2-4b12df86b455,
5cc50efb-7227-4552-86bd-63d984161e63,46cbd031-a9d3-4f74-a5d7-68a531f94991,492456a9-5799-4b6e-a5a7-a38990c13c46,
63fe4566-c724-4d18-b182-3a6565db2bc3,46cbd031-a9d3-4f74-a5d7-68a531f94991,4a8d5e67-b99d-492c-a46b-5a2a96c9708e,
4cbe2ac8-6968-4b26-baa9-f1256dc8ed9e,46cbd031-a9d3-4f74-a5d7-68a531f94991,4e9a46be-1cae-4a65-94c7-3529bef337ad,
26ccb962-b783-48aa-b148-e4f8ee377f80,46cbd031-a9d3-4f74-a5d7-68a531f94991,51dd8170-4957-4199-a4f0-1b388355b7c3,
6968372f-2ba3-4275-9bf9-6da26ddaa007,46cbd031-a9d3-4f74-a5d7-68a531f94991,578823cb-8f94-499b-8f78-a7ad83e5a2c0,
9d99cc42-d205-4be2-8b35-da65ebb1501a,46cbd031-a9d3-4f74-a5d7-68a531f94991,5cff36a9-cb67-412f-ace8-3726644bbbb9,
5fdf7e06-4a43-4b5a-b0e7-040dee50870b,46cbd031-a9d3-4f74-a5d7-68a531f94991,5ff7d525-29fb-4815-8d07-b48b883cbc9d,
479f17af-b3ca-4acf-be11-aac20a88b8bd,46cbd031-a9d3-4f74-a5d7-68a531f94991,981080e8-d773-4f07-b183-974e9258b604,
428565a7-8fbc-4327-8cbf-25cf943c3015,46cbd031-a9d3-4f74-a5d7-68a531f94991,a2752dd4-36d2-4856-9e97-3eb4def67265,
3716763b-fece-42e1-bd81-70271906f93b,46cbd031-a9d3-4f74-a5d7-68a531f94991,a9a1f922-30d0-4c63-9c3d-7610a8469930,
9f5b13bb-a703-4969-8881-29b8c0ba1875,46cbd031-a9d3-4f74-a5d7-68a531f94991,ac3933e2-9ae9-4375-ad80-cb28dfa0966f,
dfaedbc9-9d1b-4370-994c-71fac0c961a8,46cbd031-a9d3-4f74-a5d7-68a531f94991,b1d4b1c8-d982-4155-8470-2065029016ea,
d0f938c8-bdcd-4ec7-b685-d32abe922a80,46cbd031-a9d3-4f74-a5d7-68a531f94991,bf7aa08d-f08f-4eec-9f59-ac8fee0fe415,
ba87e683-acd5-4555-965b-22422aa60970,46cbd031-a9d3-4f74-a5d7-68a531f94991,d228a5aa-239c-4001-bd06-4aedeb9cd187,
411a2ff9-720d-4614-8130-6028f2d41864,46cbd031-a9d3-4f74-a5d7-68a531f94991,e764fa37-697a-4e64-8742-b3db531b39b5,
7bf3d68e-cc4b-45fb-8814-fb3b0cd8772d,46cbd031-a9d3-4f74-a5d7-68a531f94991,fd406211-0c8f-445c-9a02-f5a01570172a,
d3bd0336-9f44-4d67-878d-b7afaf78b4af,47299389-862c-4a0d-9f04-05b73e77b652,566a68e4-bb94-44c5-9850-97d7feb5005a,
f1aa78a2-3ee3-42ce-b534-26c739022a84,47299389-862c-4a0d-9f04-05b73e77b652,fee879ed-0150-4eea-8b47-9078be8d6ba3,
456ed6c4-814e-40c5-a265-42f2a4837dc1,48ddb921-9b03-467e-b362-681100de2050,2cc2eef4-de4a-44db-a421-9e47d2f8fd57,
3972f8a9-a700-4397-9701-b58f3f773156,49e2aed4-db80-4f93-a846-e49d6dec0aa8,02dfc8aa-99f3-4b04-b64f-cb53902fe078,
d2052751-9f09-41ab-8eb9-b0096ef931a7,49e2aed4-db80-4f93-a846-e49d6dec0aa8,05812fd4-fda6-4c9a-8fa4-f6017d437297,
9c716d42-4b8a-47f6-b993-0701f42e01f5,49e2aed4-db80-4f93-a846-e49d6dec0aa8,0a44df3e-e7ed-4249-911d-85f7c2d903e0,
c91eab7d-4f8d-489c-a510-55436634fa99,49e2aed4-db80-4f93-a846-e49d6dec0aa8,0e7a0eb6-4d5e-4af3-bab8-649d3a764c38,
dee436e5-130a-4687-9b38-ac7b0343de96,49e2aed4-db80-4f93-a846-e49d6dec0aa8,185a36ac-ae21-4a75-9f31-6aece8862e83,
2471439b-a2f3-4aad-9b6a-3cc9d6ce40bd,49e2aed4-db80-4f93-a846-e49d6dec0aa8,1c479daf-3b43-4dd5-9e8c-f77435886e3e,
032084d6-bd7f-49e1-8cc5-fb9ca926f891,49e2aed4-db80-4f93-a846-e49d6dec0aa8,1cffe7ea-489c-4af4-89f6-2b5e8151a1dd,
0b031705-affb-4da5-9f8f-83477b8e3044,49e2aed4-db80-4f93-a846-e49d6dec0aa8,2cca2442-710c-41f0-8299-ada8cd30c0c7,
4f2b844c-46c7-4135-b424-5c52c1d2826b,49e2aed4-db80-4f93-a846-e49d6dec0aa8,3465b3ee-2b8b-47c5-b6dd-0c61d0613d3c,
a5e41c06-3548-4927-9793-51005e588c05,49e2aed4-db80-4f93-a846-e49d6dec0aa8,3de67fb5-2d08-4663-bbfe-705122a9a63d,
c61ce94b-2298-4590-a37a-9051d0ee0a3b,49e2aed4-db80-4f93-a846-e49d6dec0aa8,3f70eae4-f861-42d1-b6fc-ea9e7f691e26,
ba4233dd-1348-41b0-9f57-23a08ae92d1e,49e2aed4-db80-4f93-a846-e49d6dec0aa8,4a6b2682-f781-4032-aed9-3e6bbff6c535,
bcebb3ba-ddfd-43f3-8dc4-948afb440d45,49e2aed4-db80-4f93-a846-e49d6dec0aa8,5c723a53-d93f-439e-a9de-fd9701cf60fc,
32a278d8-96bc-427a-8b91-e1858e783098,49e2aed4-db80-4f93-a846-e49d6dec0aa8,5d246648-02ea-4b9d-86bd-3a0b1e0cdc79,
e1bcfad4-a820-4f68-8de9-bfa938e595c0,49e2aed4-db80-4f93-a846-e49d6dec0aa8,6011eb59-875a-40f2-97c3-a9b60089ac99,
9a2c036c-4023-4afe-9128-024428159970,49e2aed4-db80-4f93-a846-e49d6dec0aa8,662fddf1-7571-4e87-9ac2-41399282326d,
ba30e539-3f7a-425a-ba89-63fb9b5b9207,49e2aed4-db80-4f93-a846-e49d6dec0aa8,6af19a7a-5112-4fa1-954a-72f30d61e1b5,
b5648fc1-c9e3-480f-8b7d-8784d6fcdc08,49e2aed4-db80-4f93-a846-e49d6dec0aa8,6eacd642-0d8d-4628-9778-a1f37f370cec,
1b9259f3-9eac-4fde-bf5e-7a4114fa3c07,49e2aed4-db80-4f93-a846-e49d6dec0aa8,6faf3219-fa8e-4b09-b5ab-36c82bdd8ed5,
99c4be43-3a5a-4d7f-9be8-55a767fd8003,49e2aed4-db80-4f93-a846-e49d6dec0aa8,70ef0b7c-8de3-4aa7-b56c-965ef7860138,
c3774338-b20c-455b-8b37-16da5c1a2a49,49e2aed4-db80-4f93-a846-e49d6dec0aa8,72b79ab1-2ce5-4e4d-86a8-7d6af970b2fa,
3d54ae4b-26e1-4cc6-87b0-40343f13d348,49e2aed4-db80-4f93-a846-e49d6dec0aa8,73f33df1-0ef6-4985-bdbb-9cfdcdb96390,
0ffde483-b566-4c8f-83c5-39ead78abe2e,49e2aed4-db80-4f93-a846-e49d6dec0aa8,7446e18f-7870-40dc-a991-f178918148d6,
ce2dd724-5c96-4dcb-ba7c-153a2a68576f,49e2aed4-db80-4f93-a846-e49d6dec0aa8,761d4ea9-682f-4905-80fd-dbf3bdb84cc5,
d6162f0e-c274-4ff2-9a20-3d2e2b2a0a0b,49e2aed4-db80-4f93-a846-e49d6dec0aa8,76ce3e9f-2676-4dbc-a5b2-32c420c93745,
1314d9fa-297d-4746-99dc-7f6fb19ec07d,49e2aed4-db80-4f93-a846-e49d6dec0aa8,799c1e55-56ad-43ad-b06f-61b87967b6b4,
4530425d-5abc-4146-953a-885369d6c15f,49e2aed4-db80-4f93-a846-e49d6dec0aa8,7ce64b37-127a-4998-8cfa-92c24f3e7e6c,
89de1a46-03e6-44a8-bf3c-786071b646f9,49e2aed4-db80-4f93-a846-e49d6dec0aa8,7d917e3d-f993-4023-8b17-e1ad50d64285,
16bb4dcd-69a8-499e-867c-b4d4fdffece8,49e2aed4-db80-4f93-a846-e49d6dec0aa8,7d97cfe7-b004-46d2-a91f-377fcf02cf3b,
73216964-64b3-4bc8-91c3-1239979dfc55,49e2aed4-db80-4f93-a846-e49d6dec0aa8,8512f3c6-3d79-47e3-b3a7-6bed8a699377,
89733603-55d4-453a-9d57-e0c5cbfcbbcb,49e2aed4-db80-4f93-a846-e49d6dec0aa8,862bef96-9569-4dc0-8fb5-b14b6b2c9bcc,
bfbe12a2-a237-451b-a196-abd8787e8d87,49e2aed4-db80-4f93-a846-e49d6dec0aa8,88c40909-70b9-4770-9e0f-d418990768e2,
a4a7c45a-3cfb-4fee-a4ed-87c53938648e,49e2aed4-db80-4f93-a846-e49d6dec0aa8,905abe6e-dbc2-49f7-9f1e-4ea3d143f26e,
a1bc5229-5b63-4337-935b-5a7a3c957199,49e2aed4-db80-4f93-a846-e49d6dec0aa8,92e874e2-69fc-493c-bf61-ec5c8ea62d06,
d479293b-b514-4f1f-85b9-5a432bf97757,49e2aed4-db80-4f93-a846-e49d6dec0aa8,92eea492-02c4-48db-8f82-3ffa2727f5eb,
29f188e2-77f5-464f-bb80-5382dfa645b5,49e2aed4-db80-4f93-a846-e49d6dec0aa8,97b1cf02-c2b1-4832-bfd9-681385b7834f,
408810d2-8237-445d-a7e9-47bf92bd9a56,49e2aed4-db80-4f93-a846-e49d6dec0aa8,a0d44250-75d0-479c-9404-f2c4a1d7e47f,
a779f348-e21b-4be4-8f3b-faa67f9e1ebd,49e2aed4-db80-4f93-a846-e49d6dec0aa8,a6c5d459-b9bd-4fbc-bdaa-f50fe60f1f7b,
d9729c6a-454a-44a9-92dd-6a1e578f8873,49e2aed4-db80-4f93-a846-e49d6dec0aa8,b62054ab-6a2b-4418-95e8-fedcabde1ea6,
6dbdccc3-33eb-408e-821c-35ad6241fb01,49e2aed4-db80-4f93-a846-e49d6dec0aa8,b89bbf26-3564-4cfd-a3f6-5e3976d75868,
3ce22d8b-e7c6-4b69-a704-3c384f3057a3,49e2aed4-db80-4f93-a846-e49d6dec0aa8,b9e1cca3-3eb5-47d6-96d9-d354e0d2a194,
e89657e3-09b5-4c60-a791-f45d290a1349,49e2aed4-db80-4f93-a846-e49d6dec0aa8,bb9444c6-4741-41cf-8695-30155be0f954,
fdd9dd5e-ae6d-481b-9c9e-b08d05871170,49e2aed4-db80-4f93-a846-e49d6dec0aa8,bcc46305-22fb-434a-834a-9a76f06aebde,
68ac804c-1b03-4adc-b0c5-23db70cdd68a,49e2aed4-db80-4f93-a846-e49d6dec0aa8,c2dbf8cf-c18c-4483-8167-07fd1ab9cee1,
fcd75a0d-a741-45b6-b01b-b8d73856afa4,49e2aed4-db80-4f93-a846-e49d6dec0aa8,c82e0e6a-e928-40e3-b257-ea46815f4d99,
e9ae9c84-464f-4827-ae4b-906c02e89612,49e2aed4-db80-4f93-a846-e49d6dec0aa8,d9db7827-b4b0-451c-8cc6-9899327f0941,
73e763c6-aa84-4016-9f4d-976ff3ff81a0,49e2aed4-db80-4f93-a846-e49d6dec0aa8,db5e1b52-b7e3-46ea-82e9-fde01c3c9e6d,
2246c852-f6e6-4ff0-a1e7-7e778d2f293d,49e2aed4-db80-4f93-a846-e49d6dec0aa8,dbc5a804-5015-482a-8fcb-f6d2c1989f29,
6b954a75-e3e8-42e8-a570-e1e7bc844ea3,49e2aed4-db80-4f93-a846-e49d6dec0aa8,dd29cd36-577a-4a19-9864-b81524be78df,
adc7c904-b41e-4459-8166-c05bcdd16d5e,49e2aed4-db80-4f93-a846-e49d6dec0aa8,dece5be7-009b-4fae-82e6-e7cb449b7b2d,
dbde6c98-658a-4d50-bb87-2e45978031b7,49e2aed4-db80-4f93-a846-e49d6dec0aa8,e567ff2e-c7a9-459a-9564-7c9d0320dab0,
b341cf08-3482-4c24-a9d1-ae937c16cb4a,49e2aed4-db80-4f93-a846-e49d6dec0aa8,ef6e17ac-0eeb-47d6-b4c6-24de4451927c,
1c9727b0-7197-4753-8ce3-3fb46c39e54b,49e2aed4-db80-4f93-a846-e49d6dec0aa8,fa16f9c2-a09c-40b3-add9-16b3f3442d28,
260a28a9-dd7a-468e-ba82-4f19c9225004,49e2aed4-db80-4f93-a846-e49d6dec0aa8,fc3199d8-ece3-481e-8a11-a08a4414f69e,
88bf86df-e8cc-49d8-8487-cd5b50a4aa81,49e2aed4-db80-4f93-a846-e49d6dec0aa8,fdf6782c-dd9e-4979-82e5-e4f9bf9d3dc1,
3561a511-1a41-4a73-8fa9-3ec5f9ea841f,49e2aed4-db80-4f93-a846-e49d6dec0aa8,ffc52cac-8614-4f9e-90ab-07fed7fdd80a,
cfa5bbec-db26-4971-bdc0-1867642ce7e7,4d48c591-8c8e-467c-8c88-9e2ea72de0de,00dfa66b-d70e-46a9-8e62-77e67f8742d4,
400fc429-e5eb-47e3-a4b3-4badcd2e31ca,4d48c591-8c8e-467c-8c88-9e2ea72de0de,1d427355-c3bb-43ec-8fd3-2398c005cca3,
920eb9aa-1e48-4fd0-8860-11db3554441c,4d48c591-8c8e-467c-8c88-9e2ea72de0de,1e269ef7-9a1a-4875-8d6d-c59084b519ad,
8412a216-2b19-4c43-b9c7-84d2d59e0f69,4d48c591-8c8e-467c-8c88-9e2ea72de0de,1ec10bb1-ef1a-4202-8f11-8fcfbb33dd3f,
bf49ffec-a902-472d-ab61-d00cd7b2ea89,4d48c591-8c8e-467c-8c88-9e2ea72de0de,2a83b752-8017-4fc4-9200-eb5e64f0faa9,
fd707eca-f7ba-47ca-a526-16aad1e39c35,4d48c591-8c8e-467c-8c88-9e2ea72de0de,2d867a4f-6d3e-4c44-86ce-11c198d2e8ff,
be513a92-c6f4-4732-90c8-f65ce9f492bf,4d48c591-8c8e-467c-8c88-9e2ea72de0de,391b93d3-14de-4264-ad1c-3bb48411131e,
78d4db72-c23b-42ed-8e87-781829aa3875,4d48c591-8c8e-467c-8c88-9e2ea72de0de,3bf821a4-5c90-47d4-bf9b-0b3f614488f3,
1b3c37ac-dfc9-45cd-9237-ca6aaee996fa,4d48c591-8c8e-467c-8c88-9e2ea72de0de,3da8c6a2-e7ef-4f47-980e-47f344ecce93,
5745cdf8-bfb1-4fea-8460-bd8365326d61,4d48c591-8c8e-467c-8c88-9e2ea72de0de,3f1086fc-ecde-4e4c-852b-0e50dcf1498d,
5e2919fb-0623-47a4-8631-c8462215166a,4d48c591-8c8e-467c-8c88-9e2ea72de0de,3fb5ffe8-0fdd-438e-a37a-1a243fdee3a1,
ced364b1-a344-482b-8c79-5b970fde765a,4d48c591-8c8e-467c-8c88-9e2ea72de0de,41ef03b2-3f33-4510-bb55-06aad1248e91,
052994ac-b55a-41b2-8beb-475e5929a919,4d48c591-8c8e-467c-8c88-9e2ea72de0de,45e95753-8594-4d81-9096-9ec376990f17,
e5065345-1f66-4061-b48c-3d7d0fdea021,4d48c591-8c8e-467c-8c88-9e2ea72de0de,4b4bc4d5-a34c-4774-8c48-3a6c045f4001,
dbfdc7ed-3ba1-41bd-9e5c-8dcf104cf48b,4d48c591-8c8e-467c-8c88-9e2ea72de0de,4e0f76a7-a8a1-4b29-8284-d6b814fb96a5,
ac3c306b-df34-4d47-bbd5-f3a0daad63b8,4d48c591-8c8e-467c-8c88-9e2ea72de0de,5044cf47-b5ac-4de8-b064-ac31a3701308,
4c9c9731-9ed3-44b5-8c41-3128cf4c40de,4d48c591-8c8e-467c-8c88-9e2ea72de0de,5171655f-6531-4925-ab1c-a334a46f4a9f,
976f50c6-544b-46bb-b04d-5467a3e5c542,4d48c591-8c8e-467c-8c88-9e2ea72de0de,53229e4d-1e48-47c2-b171-e07f7b8d79f1,
087f4dc0-5e85-471d-a6c5-c18dc43b5c9b,4d48c591-8c8e-467c-8c88-9e2ea72de0de,54c38a23-d179-4fef-bd23-a846d94d7291,
d240f9e5-3553-459f-8edc-e29e6d176f58,4d48c591-8c8e-467c-8c88-9e2ea72de0de,5572bc41-bab9-4d5b-9a9c-547fde455fb3,
1c5b16a0-fe83-41ba-ab5d-319b0829cf32,4d48c591-8c8e-467c-8c88-9e2ea72de0de,5a2f12b7-eaf7-4e2e-a3c0-a1b0f1295d64,
36d0bfa5-19c3-457d-b61a-75017e5a03ff,4d48c591-8c8e-467c-8c88-9e2ea72de0de,5c4a4cef-7d0d-436a-b951-b173ffceba72,
74d2558e-9969-4831-939e-4d1cf288ba8f,4d48c591-8c8e-467c-8c88-9e2ea72de0de,61722764-83c7-4f75-b9b1-7a4bbe22d56d,
491ce4df-ab3c-4bc3-b5e9-ff405d76f21f,4d48c591-8c8e-467c-8c88-9e2ea72de0de,6804d078-0510-4911-8fa3-d78cb1cbe971,
9550884b-ae2a-4be3-a441-4b46ee9d54cc,4d48c591-8c8e-467c-8c88-9e2ea72de0de,7244949a-c64c-492d-83b5-3c98feb21261,
0206944d-6620-4937-a579-78ef890a8c62,4d48c591-8c8e-467c-8c88-9e2ea72de0de,89d07db5-16b6-423b-9667-7e517867fd79,
781dd099-5a63-4a17-940a-bc138ad0e057,4d48c591-8c8e-467c-8c88-9e2ea72de0de,8bb6d71d-0d37-40cd-96d9-09d065875fde,
30163bf6-b132-46a8-9f70-4f79f877614c,4d48c591-8c8e-467c-8c88-9e2ea72de0de,8f78daa5-d173-4a87-beec-0077aa9efee6,
42c17e04-a52c-4d37-9829-0d92a5e06a13,4d48c591-8c8e-467c-8c88-9e2ea72de0de,92ec0670-832b-4702-ba87-d2b47484840c,
7097b2cd-e07b-4575-9cb8-3901d567f54b,4d48c591-8c8e-467c-8c88-9e2ea72de0de,9544906c-7d2d-4d07-9d2a-a8e2e6d5763a,
e4de3fe0-6e44-4203-8a76-493d5826483e,4d48c591-8c8e-467c-8c88-9e2ea72de0de,960e4555-dbf9-4dec-ab5c-db7161604c41,
17d05f3a-f38c-4e15-9cca-14ce901d7f87,4d48c591-8c8e-467c-8c88-9e2ea72de0de,977021a7-cb87-41ee-bfe1-241221b090a1,
a21bfca0-a99e-459f-bc0b-7e4d594744fd,4d48c591-8c8e-467c-8c88-9e2ea72de0de,9a4a980e-80aa-4c62-951a-0ebc73015071,
7ff03d79-9b72-4e26-bfec-c41e2e3611b9,4d48c591-8c8e-467c-8c88-9e2ea72de0de,9b29264e-04d0-49fb-97d7-2fd4a8e13752,
7081da9a-abf7-41da-bad2-0184f948b29d,4d48c591-8c8e-467c-8c88-9e2ea72de0de,a25f3fda-3a09-4344-84f8-7b94cc40908b,
51dcda1f-e96b-4967-8efb-3cc5be6ad1db,4d48c591-8c8e-467c-8c88-9e2ea72de0de,a28f705d-d596-4e9f-8e69-c5bdddb4ad2b,
eb320370-f61c-43a0-81e7-a15fe0ba3c3d,4d48c591-8c8e-467c-8c88-9e2ea72de0de,afe7b767-fd13-4606-91ef-73859114b097,
0bda835a-f411-4476-bade-ba0eed5a7d61,4d48c591-8c8e-467c-8c88-9e2ea72de0de,b31afe7e-a104-4f27-be00-b2da752a4a6b,
76ebdfb0-2d9a-4b9c-b6f9-9d118b5e2f80,4d48c591-8c8e-467c-8c88-9e2ea72de0de,b9e28e2c-312c-40b1-b12b-b2b3e1bd6979,
4bdee909-9e10-4d5b-85eb-0249c0392d2b,4d48c591-8c8e-467c-8c88-9e2ea72de0de,ba21f5bb-56ab-4db4-b5f4-733f9fccd1c4,
b907f199-2f33-4a59-b644-976299ce1005,4d48c591-8c8e-467c-8c88-9e2ea72de0de,ba49f267-862d-4a4b-b9bd-bdfc312e90ba,
7ccd5a0f-ed6a-4478-958c-83bbfa6f4847,4d48c591-8c8e-467c-8c88-9e2ea72de0de,bb4b2433-47be-4f03-87f7-45b803e94d34,
df8b7991-9b80-4a5a-9fa0-dcce85ef99ae,4d48c591-8c8e-467c-8c88-9e2ea72de0de,c183b1e3-0448-4eb1-8ce9-803dff0cf3aa,
0c1d2640-bbd0-482a-9a49-0a33db1600cc,4d48c591-8c8e-467c-8c88-9e2ea72de0de,c1e8bab1-3e4a-48a9-b664-d695ea55e59d,
24361c93-5b9b-4794-a393-5170017636e9,4d48c591-8c8e-467c-8c88-9e2ea72de0de,ce52cd1c-c690-4cc1-9314-3df71c7c96a1,
eeb3f4d3-e566-4a94-8a2d-d75c4ca4b8cd,4d48c591-8c8e-467c-8c88-9e2ea72de0de,d5e9a7c8-fbe1-4c1a-b7e2-9525fc37d9bf,
37d95b42-13d9-4f73-b749-65a1baa919f6,4d48c591-8c8e-467c-8c88-9e2ea72de0de,e0f0ea47-1cff-4650-8ef8-27ec8a28311c,
35072c36-b5b6-4f24-82b1-58f31f7cfcd0,4d48c591-8c8e-467c-8c88-9e2ea72de0de,e3c74ae3-6da8-479c-990d-bd6a40ec66d3,
1181dedb-1420-440e-96dc-209d9e6b50ac,4d48c591-8c8e-467c-8c88-9e2ea72de0de,e7c60d18-8dea-4782-8105-7a56b2163c27,
3a56ae61-78cb-4b0f-afab-58c13fb61119,4d48c591-8c8e-467c-8c88-9e2ea72de0de,e9b9459e-257b-4a80-9117-37bebbe4d654,
da051552-ae66-486f-aad2-2f926c00462f,4d48c591-8c8e-467c-8c88-9e2ea72de0de,e9d12f4e-7ad8-4a75-89e7-67470ddda57a,
3b9abb7e-bfd5-48b7-a5a2-15fb3c09b43d,4d48c591-8c8e-467c-8c88-9e2ea72de0de,f300d910-ace5-4869-8a66-429622f47528,
c92fd73b-ca9e-49cc-81a3-325c7e867a87,4d48c591-8c8e-467c-8c88-9e2ea72de0de,f9277922-63c3-4985-b2b1-e6b6ffd53a91,
571f0afb-4430-4c44-acf8-1a23c9eca467,4d48c591-8c8e-467c-8c88-9e2ea72de0de,fdc966d9-8150-4fe1-b5bd-8cbaa5d00d49,
8cd5d4b0-7efb-4ea6-affb-51c0c6e8f17b,4d48c591-8c8e-467c-8c88-9e2ea72de0de,ff871ef3-bccf-4bc7-a676-bbb1b362438a,
04e1612a-b88a-47f0-ade9-6e034798a012,4d48c591-8c8e-467c-8c88-9e2ea72de0de,ffa785c9-eeb3-4ebc-9c03-cd8a994f2ded,
01e96749-bef4-45af-89bc-d351f9ee4e7d,4faab0a2-f59f-465c-8180-bcf71b5aaf65,082cf3a7-24ea-44c0-a473-cf5aa2e90687,
1db2f12b-a244-43c0-b556-176791708e49,4faab0a2-f59f-465c-8180-bcf71b5aaf65,09a90cf9-fd43-4501-bc84-053468726c99,
47a0ba90-2f12-47c8-abc6-8ff3eed8f89a,4faab0a2-f59f-465c-8180-bcf71b5aaf65,19517199-c105-4f3e-96e0-4bda36e428bb,
a6e5c25b-25a8-438c-b1d7-02206bfc4e42,4faab0a2-f59f-465c-8180-bcf71b5aaf65,1e5bc75f-639d-4c7e-aeff-9d004e07b8b3,
9e74c496-7645-43e8-94b0-e8a3ea560a33,4faab0a2-f59f-465c-8180-bcf71b5aaf65,1ffee96a-b991-4988-90f8-325de4395f4d,
43d2e2c4-9c9f-4a3e-9222-4073d09feac2,4faab0a2-f59f-465c-8180-bcf71b5aaf65,2251a08d-7d47-4f12-a619-45dfc38757cf,
9674db4d-3cdd-484b-8667-24b70c5512f2,4faab0a2-f59f-465c-8180-bcf71b5aaf65,239d8542-7801-482b-9d2a-746e5ba761eb,
c314f56e-1bc7-483f-a455-886c02f64bec,4faab0a2-f59f-465c-8180-bcf71b5aaf65,2611a3ee-c78d-495d-b717-819d6080e191,
e0b9ff6d-942d-4bfa-a067-fc29d45d5bc7,4faab0a2-f59f-465c-8180-bcf71b5aaf65,308fb6f3-aa11-400d-8ff7-d33835e7b7c8,
e0555b70-2e04-4178-87e0-25b59ab5d126,4faab0a2-f59f-465c-8180-bcf71b5aaf65,31fa82fc-a01f-4b13-99d1-2a77fbbd5deb,
ada2f43e-8d6e-4277-af02-0fff3f019354,4faab0a2-f59f-465c-8180-bcf71b5aaf65,3a755363-021a-4760-baac-7ffd271f95ef,
a674d72b-438e-4722-ab13-a06b7a05c453,4faab0a2-f59f-465c-8180-bcf71b5aaf65,3f1d947c-cd2c-48f4-9d09-7d6b05b59ff1,
0990faa7-62e5-4bc1-b123-f78ee7e01707,4faab0a2-f59f-465c-8180-bcf71b5aaf65,3f312e99-d3c3-49bc-9c62-81b49f227789,
9067f438-4993-44ae-9b73-53573e17a836,4faab0a2-f59f-465c-8180-bcf71b5aaf65,48545b21-85bc-49b2-ae4b-6aec06539249,
4531cc7f-333c-46e5-8876-8b97edad520f,4faab0a2-f59f-465c-8180-bcf71b5aaf65,4878b2ce-fceb-4a24-b5b5-a253e86d3999,
58adf6b3-fea8-4598-a8b1-0b1a43b80399,4faab0a2-f59f-465c-8180-bcf71b5aaf65,5162aa0a-1dec-47a3-9898-2b5ae1bba610,
f4dfaa96-e563-497b-94b2-3dc9e69bd0ba,4faab0a2-f59f-465c-8180-bcf71b5aaf65,58bdf55a-7c58-447e-85d1-bfb7919cf074,
b18ffd2e-8fee-4f6b-b618-e915fca78456,4faab0a2-f59f-465c-8180-bcf71b5aaf65,59c4665c-601f-4922-a74b-22f024a40ed9,
66c8475d-f1d8-4968-88f0-30dd4a1aa84c,4faab0a2-f59f-465c-8180-bcf71b5aaf65,5e25df68-a5ba-43c7-964f-9e7618c67706,
65c89872-ecc0-43d9-8a4e-b1ec3187c886,4faab0a2-f59f-465c-8180-bcf71b5aaf65,61789b6b-9b59-4f66-8c72-f27f209b728e,
24f959f6-5268-4d33-b927-d8392ba9d345,4faab0a2-f59f-465c-8180-bcf71b5aaf65,650e5d99-e560-47af-99bd-e7774d65e931,
13dd344c-103d-4495-aa33-6f8ae9aecd1b,4faab0a2-f59f-465c-8180-bcf71b5aaf65,6ab729ba-bd53-4721-af8b-3e353ceeb690,
9dc8b1ba-252c-4050-8f74-562ad7b90bf6,4faab0a2-f59f-465c-8180-bcf71b5aaf65,70a12af5-ca78-436e-ad3c-012f6261e2b4,
bb164248-e825-49ed-9439-bf571382b819,4faab0a2-f59f-465c-8180-bcf71b5aaf65,96684636-ca83-46d3-96f5-ddcd78de49f3,
c5b38b23-d27b-4e40-8809-e7d58f73283d,4faab0a2-f59f-465c-8180-bcf71b5aaf65,9aac48b0-d5e0-4224-8d55-6d0b6c588445,
fc799431-4762-4269-a532-2733db07c03d,4faab0a2-f59f-465c-8180-bcf71b5aaf65,a267cd67-ac06-42e7-8575-5c3b3273b657,
74f4b413-95b0-4388-840e-ba44115e0706,4faab0a2-f59f-465c-8180-bcf71b5aaf65,a3d93c70-b390-40d2-bbc7-fc1743a4d664,
a05c7e5e-30e4-4b55-99c7-124aa3693ff4,4faab0a2-f59f-465c-8180-bcf71b5aaf65,a43d78a9-8b85-4a58-ab48-7c1cf9474ebb,
62e66488-3ef3-4176-a85e-1d60c78a39c8,4faab0a2-f59f-465c-8180-bcf71b5aaf65,a642a289-a393-4d89-82f4-5c23e521c243,
b8c8fdf8-803c-40a4-9487-42a66ebbd574,4faab0a2-f59f-465c-8180-bcf71b5aaf65,bc190839-c3af-471e-a1ea-68315dd73668,
e3c8fe49-370a-414d-a236-41d823a73591,4faab0a2-f59f-465c-8180-bcf71b5aaf65,d7ebf5fa-cc4b-4de3-a9e7-54a6f2253121,
d5ef9002-5ad0-4768-b94a-a1f3335c0b95,4faab0a2-f59f-465c-8180-bcf71b5aaf65,e1a1a4aa-200e-4b8f-8e7b-937e8c1ab691,
368d15f6-c16a-42ea-8349-a4ed5137cd6a,4faab0a2-f59f-465c-8180-bcf71b5aaf65,e983c04d-e201-464f-9419-9554d9b5fb4a,
53a82621-890c-4a60-b956-1722ce42b32b,4faab0a2-f59f-465c-8180-bcf71b5aaf65,ede82e9d-010a-4c21-9fee-1b238231bbe9,
4b5c4130-ef2d-41fc-b3fa-bdca8dabaefb,4faab0a2-f59f-465c-8180-bcf71b5aaf65,efc394d8-8b8a-45d2-8c00-fe021b6f3ffc,
c72cab20-0884-4402-aaa0-284918086f45,4faab0a2-f59f-465c-8180-bcf71b5aaf65,f01b1160-2d9c-44f2-8058-a2d2ee1d24ac,
3be7df05-3a46-44cf-906f-04198c474540,4faab0a2-f59f-465c-8180-bcf71b5aaf65,f15ceda3-7301-45ef-a946-1e5e3a280067,
edb06456-53ab-4105-92ae-a644cee37357,4faab0a2-f59f-465c-8180-bcf71b5aaf65,f3d1cf61-a7d7-4edf-be6e-f8df5da47454,
ac4768b1-e731-4df4-ace4-ee2e6c196021,4faab0a2-f59f-465c-8180-bcf71b5aaf65,fe1ca638-8dba-4dfb-97a0-a777e39efacd,
afa1ee6c-f967-40fe-96aa-327f97954ee4,528f4958-0533-4f3d-b73c-4cdfc7d1bced,021eaceb-f81f-429e-98ea-895c81680712,
b6cfed14-6178-4ccc-9c6c-be445d4c5e87,528f4958-0533-4f3d-b73c-4cdfc7d1bced,18f4e88a-c9a3-4863-9cbe-25b3760f81df,
acb3ca7a-c356-446b-a84a-d0f1db283551,528f4958-0533-4f3d-b73c-4cdfc7d1bced,216d59a7-23fb-4f78-9d10-bb75fac89f6a,
8b1ab5aa-7fba-4fad-a8c5-c8fec8e7ea52,528f4958-0533-4f3d-b73c-4cdfc7d1bced,2eff5e37-704a-4715-bc20-6599008c4021,
5e2ae889-1150-4eae-bef1-94b48d7c36a1,528f4958-0533-4f3d-b73c-4cdfc7d1bced,37bd623b-2ec5-4d2c-b960-4130714a2dab,
b49497f1-d338-48cd-9f4e-8435f401801b,528f4958-0533-4f3d-b73c-4cdfc7d1bced,42aa685a-d588-4372-ab02-9253fa6d7b2f,
d6b3c14c-fa03-49a1-948f-6fe713d88c54,528f4958-0533-4f3d-b73c-4cdfc7d1bced,5e70fd5d-4291-4346-96a8-88434d2b06ab,
7c22ef83-b609-41a8-82fb-d58554a4a77a,528f4958-0533-4f3d-b73c-4cdfc7d1bced,62183248-d5ad-4330-bfbe-9a7fbdd89287,
33bbeb96-970a-4ba8-99c2-22ca99645acf,528f4958-0533-4f3d-b73c-4cdfc7d1bced,71b890c1-83fa-4b10-9e33-387275b1e277,
735bb2d7-6ddf-453d-bd2e-432b8e34322f,528f4958-0533-4f3d-b73c-4cdfc7d1bced,81a0bff5-511b-45fb-9b8f-a32d0ba2cbac,
e434b296-f05d-4890-8063-48b1772ca46c,528f4958-0533-4f3d-b73c-4cdfc7d1bced,831f95cd-f359-4c8e-8247-51f81d661665,
5488f5e2-d028-4e34-96ec-90df99d1b636,528f4958-0533-4f3d-b73c-4cdfc7d1bced,89baeba0-56b0-4037-ba16-3cc873494242,
e5fda06c-d3c2-4115-ac48-cac33a841641,528f4958-0533-4f3d-b73c-4cdfc7d1bced,8b70aee4-5879-4f94-91a7-24afc0f0bb29,
a4b5e864-6726-41ab-a279-c0d660c302ff,528f4958-0533-4f3d-b73c-4cdfc7d1bced,9b9b7474-59d7-461d-bd28-4e07611569e5,
d5ddbc81-5051-4f25-82e7-5c5fc20fb8a9,528f4958-0533-4f3d-b73c-4cdfc7d1bced,ad191c45-12de-4a82-8260-9a8a6f82cf7d,
10d09977-cab1-48e4-9df5-08f8b9715b58,528f4958-0533-4f3d-b73c-4cdfc7d1bced,b6c7d3a4-5f79-440e-bffe-3cbc6eaa4e7c,
825d875e-7150-45ed-a647-3118fbccea90,528f4958-0533-4f3d-b73c-4cdfc7d1bced,b82111ad-0502-4582-9743-8446aacc2cfb,
17a63495-cd6a-4c48-8075-6fc18581b5b9,528f4958-0533-4f3d-b73c-4cdfc7d1bced,b83b9a0f-6445-4b07-8900-6af0f3bde592,
49ecbcf3-9970-46ec-9354-9d9fbaa3f041,528f4958-0533-4f3d-b73c-4cdfc7d1bced,c165f65b-3d4a-4656-b72b-c48c5c5dced5,
9c98ef72-bf0f-4297-8aad-7192c0e8d5da,528f4958-0533-4f3d-b73c-4cdfc7d1bced,cc8bb545-9f8d-4f1e-9927-12c2d1403b0e,
d64e4d80-3de0-4569-bfd4-6f0ff1d50703,528f4958-0533-4f3d-b73c-4cdfc7d1bced,dddbf061-07b9-470a-8955-ade804805da3,
612592f7-9b4a-4097-a6c1-2030c63d9d7e,528f4958-0533-4f3d-b73c-4cdfc7d1bced,e284ebe8-6f10-4a47-b1a5-8f431f7477d4,
51354d69-fe1c-412a-8b2c-e0f9792e365f,528f4958-0533-4f3d-b73c-4cdfc7d1bced,e44afd68-c235-4088-9eee-5f712683ad38,
74eb2b5e-2075-4a8c-a3d6-d4f83c5865b6,528f4958-0533-4f3d-b73c-4cdfc7d1bced,e64b8a12-4129-4d65-b15c-1a023e16b2b8,
774053c4-e539-4177-8cc3-4670d86e310e,528f4958-0533-4f3d-b73c-4cdfc7d1bced,fc7521f6-b393-4c27-9ad5-9784b2a4dab8,
dea2ff62-2538-4dc3-9d0f-0c63aa61c0e9,528f4958-0533-4f3d-b73c-4cdfc7d1bced,fcbb04f8-5d16-4226-9f9a-9814cbc0dc31,
df62a130-660b-416d-ac76-994539c46b58,528f4958-0533-4f3d-b73c-4cdfc7d1bced,fed927d4-bc81-4c32-9d31-cbe5d3a74244,
6c885420-b7b3-4e6b-812e-7a25ff37238a,5796c047-2a7a-41b0-85d6-72d7335f307c,,ab7aab82-bc5f-43d3-a4ff-0a1f9aa0a815
e25c50f4-cbea-4787-8d18-186d727ed478,5986c1b2-4a97-4523-80df-afe53c4fa88b,13c5ed56-63bb-4454-8163-702a79d6496d,
3ce24aa5-842b-40d8-a9a1-1e1cbf212bd1,5986c1b2-4a97-4523-80df-afe53c4fa88b,1a7912d5-3718-4af3-9f1f-e07bebe3af58,
d2fe20cc-c7b3-4771-be29-3faa722dec34,5986c1b2-4a97-4523-80df-afe53c4fa88b,1fb50903-3d1e-4851-bcfc-913256aac841,
6124f3be-955b-4991-a265-86676b07a969,5986c1b2-4a97-4523-80df-afe53c4fa88b,253ebe5d-868b-430d-af95-9d143c9afb33,
6d89c54f-10d4-4e70-910a-b1372cbf061a,5986c1b2-4a97-4523-80df-afe53c4fa88b,267e7980-af61-437e-a3f7-ac10e89cc94c,
cb2f3e02-277a-4797-9cfc-753a2dd151fd,5986c1b2-4a97-4523-80df-afe53c4fa88b,27ec3cb9-9420-4c33-8f16-82a00cc21697,
73401815-23ff-471c-9a8b-f8ebbf993d95,5986c1b2-4a97-4523-80df-afe53c4fa88b,2a593042-f500-4227-8e2f-28d9d7f5fd67,
5416da27-1cbe-4be2-ac8f-396a06ada4a9,5986c1b2-4a97-4523-80df-afe53c4fa88b,2cc59c5b-0db2-49a5-a0ed-98bd9fc16902,
2bb3fb4f-f373-439e-aad2-1eeb4a52f150,5986c1b2-4a97-4523-80df-afe53c4fa88b,332c5646-9b83-4e50-bece-bc2f20d34ee7,
acd71a93-8c90-46d3-b817-fccc3456afcc,5986c1b2-4a97-4523-80df-afe53c4fa88b,338b46b7-2d2a-4ba6-b926-4c31a2155b79,
3a15385c-d0d5-4257-a3f4-e17a0c9bdfd0,5986c1b2-4a97-4523-80df-afe53c4fa88b,34fcb2a3-1e58-45ca-ae4e-7b181fc351e4,
94d03daf-e7a0-4002-87bf-3d390356b98a,5986c1b2-4a97-4523-80df-afe53c4fa88b,3522659f-cd68-447c-a7ce-d47d8d9f7631,
c8cdd002-92a1-48f2-9a3e-a44ff5446077,5986c1b2-4a97-4523-80df-afe53c4fa88b,370302dd-a52a-45ad-a57d-b7a2d11c84a9,
4b72c3c6-e1e8-4bd1-a513-0d710dbc955d,5986c1b2-4a97-4523-80df-afe53c4fa88b,4497d7fb-0f3d-4134-bcf8-5146d4b39b2c,
3f734bb9-a17c-4f34-bb25-c2c2b8fc0c42,5986c1b2-4a97-4523-80df-afe53c4fa88b,47ac8b57-e18f-4ffd-b932-adaa6615203c,
e33acc95-cca8-4399-8cbe-69ddd7122333,5986c1b2-4a97-4523-80df-afe53c4fa88b,47b322fa-d0c9-40f7-a375-d1829dd385a2,
31dcbba5-9fb0-445d-82bf-2d4a78255b5c,5986c1b2-4a97-4523-80df-afe53c4fa88b,4da9d4d0-acff-4f5a-a466-8cdacf7b6d08,
6d50478a-3e48-4d95-b4ab-ae5e6e02e9e5,5986c1b2-4a97-4523-80df-afe53c4fa88b,572a12e0-3614-40fa-a666-b5a33fe72cfc,
b2f36104-e7ed-470d-b3d9-43324b85403c,5986c1b2-4a97-4523-80df-afe53c4fa88b,5dc86e89-4900-42ae-85ae-42001dc58628,
8a4b1830-87a8-414c-a5bf-81899323fe70,5986c1b2-4a97-4523-80df-afe53c4fa88b,650fb9ad-ceb1-4843-8f44-2125a4afd6a3,
44027134-e11c-4691-95ee-205e72687a97,5986c1b2-4a97-4523-80df-afe53c4fa88b,69abff00-8b1c-4e27-b737-b5d1a9f29c14,
01f1691b-d548-47fd-9395-c7ef0bdc46c5,5986c1b2-4a97-4523-80df-afe53c4fa88b,6ebb59f9-5d26-499e-835b-bbc9618484c5,
b1aae7a0-1ceb-4217-a381-9a21e1c0f82a,5986c1b2-4a97-4523-80df-afe53c4fa88b,724fd05a-7d9c-4ac1-b965-463d50c68eb6,
d634fbd8-f566-4719-9886-89f9a2046057,5986c1b2-4a97-4523-80df-afe53c4fa88b,7895b4fc-f74f-4738-9775-0a753e82b5d5,
257157c4-c73f-451a-8987-6f538a2e33c3,5986c1b2-4a97-4523-80df-afe53c4fa88b,7b058677-33ff-427c-a80e-357b3c1875ba,
01c29f21-946e-4a35-803c-2f74bdfd6bc9,5986c1b2-4a97-4523-80df-afe53c4fa88b,831dfa97-47ca-419e-89b4-8c36da72cccd,
9488fcbd-4611-4f61-b903-2103707349e6,5986c1b2-4a97-4523-80df-afe53c4fa88b,83f0dd8e-679c-46e7-80d2-c6457fc0c427,
7b86f46b-674b-473f-aa0a-21f00694f922,5986c1b2-4a97-4523-80df-afe53c4fa88b,8721cb8c-b909-4ff8-bf49-c92c1501d6ac,
86614957-dfb4-4faa-b94b-12185ec404c2,5986c1b2-4a97-4523-80df-afe53c4fa88b,87de8498-e771-41a0-9ef9-dc46c143f838,
e3916bbc-f128-4d35-89ac-46448eda26ee,5986c1b2-4a97-4523-80df-afe53c4fa88b,88b0d024-b1ec-46fc-be51-e1e23f74c8cd,
1fef18df-ce11-45e6-a64e-51ff8a930c0d,5986c1b2-4a97-4523-80df-afe53c4fa88b,9218eb04-ca0c-4fed-9c04-4d517bb58c0e,
0c56259c-310f-4ec9-b548-0a4c0392ab15,5986c1b2-4a97-4523-80df-afe53c4fa88b,9f1b790f-e465-49c6-99b3-ee591a74295f,
0a6292df-f5a0-490b-8a8a-7e896bebafce,5986c1b2-4a97-4523-80df-afe53c4fa88b,a5ccc392-3710-4765-b20e-52db64bc2a22,
cbf71526-07d7-49bf-8dba-58779f06d8b0,5986c1b2-4a97-4523-80df-afe53c4fa88b,a6b2154e-b91a-4708-9b17-e5b62d20f100,
90077ac9-0df4-4c7c-a6dc-d30c12d8be55,5986c1b2-4a97-4523-80df-afe53c4fa88b,abf5047f-a601-413d-b581-8c038adcd3f5,
30ec1e67-e1b2-4874-a7ed-81cec05aac3f,5986c1b2-4a97-4523-80df-afe53c4fa88b,b164e43f-f752-4ae9-ace9-c5fc5f9ccd13,
94c69345-73ac-420b-a762-791d8d1e5075,5986c1b2-4a97-4523-80df-afe53c4fa88b,b4cd2f2d-90eb-411d-a96c-8224f09fffa8,
1974445e-74d6-4b68-ba29-76f7403f661e,5986c1b2-4a97-4523-80df-afe53c4fa88b,bb72b36a-3f7c-4f5c-bc2d-460da53ee24f,
243ff022-8e01-44f9-b17d-66f5b347e749,5986c1b2-4a97-4523-80df-afe53c4fa88b,bcd68318-af42-444b-b4bb-57e9c0b8ec65,
5e1f339a-5a39-4b66-8443-dbbdf33ddfa6,5986c1b2-4a97-4523-80df-afe53c4fa88b,bfb24be3-95a4-4563-9219-dc627f48fd8b,
c5909ec1-657a-4603-9a18-e52ab343fc25,5986c1b2-4a97-4523-80df-afe53c4fa88b,c307d35b-a3da-41de-9e14-0d48ee299869,
8e87d2eb-b5d6-43c1-ac13-f90fe8190c60,5986c1b2-4a97-4523-80df-afe53c4fa88b,c3920bf2-df23-4f72-863d-f6e9c860707f,
66c1338f-b0c3-4e3c-9ad9-cd0564e7351f,5986c1b2-4a97-4523-80df-afe53c4fa88b,d9b74484-cfe9-44ba-ac07-06fbf77952a3,
b2b1e4de-c290-4456-a5f9-beb68c4aa5a8,5986c1b2-4a97-4523-80df-afe53c4fa88b,dde16a5f-04f2-4a18-8586-73e919042d29,
8807ef9e-2b84-4a89-8222-30837a7148a1,5986c1b2-4a97-4523-80df-afe53c4fa88b,e5464099-c23b-4d51-b56a-052ec2648d34,
fa65f221-db82-43c6-8af7-ddd91e5ffc7d,5986c1b2-4a97-4523-80df-afe53c4fa88b,e6061430-7ef6-453d-a971-b03df3a36063,
9584ce7d-92ad-475a-a729-2c09b6e29f3e,5986c1b2-4a97-4523-80df-afe53c4fa88b,e637edf6-f006-481d-9e12-26f43c80362c,
43e88fea-ecf9-4abe-a80c-fd9ac9d1d1bd,5986c1b2-4a97-4523-80df-afe53c4fa88b,e6aabd62-6274-49f2-828b-8296fb0c218d,
9e6a0472-6613-48c8-85e6-af3fd29218cc,5986c1b2-4a97-4523-80df-afe53c4fa88b,edf42b05-4c37-4012-a6dd-2b1c400a540c,
d2690e74-efa1-452c-8447-8db0c178402f,5986c1b2-4a97-4523-80df-afe53c4fa88b,f665c156-dcc1-4c28-bc01-b4d0d5dc7aa8,
644ca297-8ace-4a2e-97b2-b407ae750115,5986c1b2-4a97-4523-80df-afe53c4fa88b,fa5bb139-c7a4-4651-bd8d-56f11b8b3563,
db22e7a9-5400-403c-b675-c8a798b2a1eb,5986c1b2-4a97-4523-80df-afe53c4fa88b,fc9fbc7e-d778-4b6f-8bca-51f0c3811c8a,
314ac0c2-f59e-472b-ace4-751f93afa970,5986c1b2-4a97-4523-80df-afe53c4fa88b,febc7f7e-2e70-4f93-b5d5-d8f7b9095267,
7b7a5b62-42ca-4a70-9a24-622dd9413bc8,5986c1b2-4a97-4523-80df-afe53c4fa88b,ffaf2c1e-d225-4bec-a634-4de84e8a1a8b,
eda26823-d73f-4411-91fe-8db29d7e7243,5a0226fb-a20b-4106-afe8-fc3a341b45dc,04526f3f-c15e-4d70-8bb5-1b2ccbd54353,
15aab01c-24a8-46a9-bb8e-a48623ec408f,5a0226fb-a20b-4106-afe8-fc3a341b45dc,0789c0a5-542f-439e-b091-4fce792e1cab,
fcd0f2a4-a460-49db-b483-44d78ea89447,5a0226fb-a20b-4106-afe8-fc3a341b45dc,0f853a15-63ca-4a46-98c7-be3659e01b02,
e47d0004-eced-49be-8419-3cd483370709,5a0226fb-a20b-4106-afe8-fc3a341b45dc,10808bf1-47d6-4ed8-aa79-e6f85372eec5,
49d74e96-4f8e-4c9c-86c8-669b3a050b1a,5a0226fb-a20b-4106-afe8-fc3a341b45dc,10ff8e1e-de18-42d0-98c6-c37c85716a35,
45451adb-bd4c-4d43-bb85-92a94018a1e9,5a0226fb-a20b-4106-afe8-fc3a341b45dc,1d5914e8-862d-403e-b088-4bf3c19a7cf5,
a7ae590b-2e68-446b-804a-34e47bde5526,5a0226fb-a20b-4106-afe8-fc3a341b45dc,21910099-9a03-40e7-a20c-5d7e544ac0cc,
5c0c0aa4-cf4b-4bd6-8fca-0f744ec326fa,5a0226fb-a20b-4106-afe8-fc3a341b45dc,24ad9b59-41b4-4ff7-834a-25c716450c6d,
9c3ea064-6687-4100-accb-ad1dbd3c8374,5a0226fb-a20b-4106-afe8-fc3a341b45dc,2a5037f2-6704-4667-a6fe-ba0306c8bccb,
d31a84c9-47d7-45bf-b0b9-e907941ff73c,5a0226fb-a20b-4106-afe8-fc3a341b45dc,2b136904-73e4-4e1a-9506-f3fe71e84192,
00e2fd06-7ae6-437d-ac67-3ba7f13a10a0,5a0226fb-a20b-4106-afe8-fc3a341b45dc,2d6b3b19-4a86-47b3-b5a1-6bbc2e2306e6,
c65c95ae-d142-407a-8fa9-7596063506fe,5a0226fb-a20b-4106-afe8-fc3a341b45dc,2e146027-2ef9-4ce6-8556-740d594ce785,
03014aee-053d-4253-9ee1-d99e014f9b4b,5a0226fb-a20b-4106-afe8-fc3a341b45dc,30f15111-b885-4a5a-a2ff-dbd5479d0a2f,
f9433d14-f681-4d9f-9dc1-5206c3793aca,5a0226fb-a20b-4106-afe8-fc3a341b45dc,352650fa-ff2a-4ac4-89fc-ac02d9522c87,
e5c3cbdf-1c00-4ffb-be11-b0fe0dd9f1e1,5a0226fb-a20b-4106-afe8-fc3a341b45dc,362cfc14-14ca-42b7-9e55-dee526643e5f,
0b59abaf-d3b3-4708-bfc7-9ec9fff3edc6,5a0226fb-a20b-4106-afe8-fc3a341b45dc,3952e86b-6b9d-4b83-bb01-dee13512a0d3,
dcb007b1-fcce-4a9b-9731-996b7f66a912,5a0226fb-a20b-4106-afe8-fc3a341b45dc,458b31c9-7e65-450a-9fb8-4332bba71bed,
b8ee0a45-e958-4168-a13f-d2324171be7c,5a0226fb-a20b-4106-afe8-fc3a341b45dc,46ccc213-9577-43d2-8d2d-04e0f9e8a019,
a02a9940-dbf2-48c6-9994-3c37cf36daac,5a0226fb-a20b-4106-afe8-fc3a341b45dc,519e5d6c-4cfe-4412-85e1-034250eb6b48,
04c98c28-b796-4780-960c-2b27ba23c276,5a0226fb-a20b-4106-afe8-fc3a341b45dc,5885be66-0e1b-43e0-a31d-2533bba0e31b,
654c3e60-a00e-4524-95eb-2b4325f99e28,5a0226fb-a20b-4106-afe8-fc3a341b45dc,597be4e7-9dd1-46ab-9de0-104639b116b8,
2f4965a7-40c5-434a-a5c3-320a8003b9a3,5a0226fb-a20b-4106-afe8-fc3a341b45dc,5c2d45a5-3466-4b70-8fb1-0a4d8eacd172,
49bc2a42-bcca-461f-9b2d-2fe9e379bbcb,5a0226fb-a20b-4106-afe8-fc3a341b45dc,5ee419ea-76fe-450f-877b-412beb41cefb,
d1cb1b3d-c942-4902-9b48-214b5155efc2,5a0226fb-a20b-4106-afe8-fc3a341b45dc,6054c74d-b9d5-4234-91b6-c00058283004,
8ef27b4d-9598-47a6-9e18-e141169fc261,5a0226fb-a20b-4106-afe8-fc3a341b45dc,62886702-6a66-4867-9188-0ef85fc1d57b,
66c3aae4-1fb3-4a8f-8d30-9d134064d31f,5a0226fb-a20b-4106-afe8-fc3a341b45dc,65b8e2e6-ad1a-4d2a-9f48-486f8321dd90,
60615709-c002-4a8a-9237-86a88c652ea9,5a0226fb-a20b-4106-afe8-fc3a341b45dc,6bf8b908-8760-43e5-bc85-8573afc0e32d,
cabaca0a-2325-42e3-9f06-851720c0d573,5a0226fb-a20b-4106-afe8-fc3a341b45dc,6d1026e0-e984-4a60-bcb1-60b6eb0f6b01,
a3f8abf0-cbca-4774-952a-5ec62915b540,5a0226fb-a20b-4106-afe8-fc3a341b45dc,6fad3d55-738a-4d0b-b3d7-00f24deebb91,
139cd7d4-5f6d-4d74-9494-966468ac9174,5a0226fb-a20b-4106-afe8-fc3a341b45dc,703de8d9-2fe8-469e-bc18-dec437f97fc1,
e65aa9f5-09fb-45c9-a24b-1f7672a2fd39,5a0226fb-a20b-4106-afe8-fc3a341b45dc,736c4858-8ded-4533-b562-32217ae5401f,
94455995-1413-4e81-b884-08d9fb1b903e,5a0226fb-a20b-4106-afe8-fc3a341b45dc,8104f7a2-a1c8-462f-8deb-4ed7f31dd4fd,
80d6329d-efc9-4b14-8d30-e8188e0e6fc2,5a0226fb-a20b-4106-afe8-fc3a341b45dc,81ecfcfe-9477-4c17-b7cf-227be6999dc0,
a1c8d544-00b4-47ea-9b46-6dd644f5ffc6,5a0226fb-a20b-4106-afe8-fc3a341b45dc,8b1738fd-9c38-4bd4-9889-65c0b85d8213,
7c506018-8728-4bac-b773-421ddf29c684,5a0226fb-a20b-4106-afe8-fc3a341b45dc,927200a6-7d4c-4978-9945-97830404db36,
ab3f24b7-9928-4db8-9b0d-e8b8ebe09e1c,5a0226fb-a20b-4106-afe8-fc3a341b45dc,92c521a4-b630-4f8d-add0-3e18677267b0,
ceb12249-a781-4409-896e-1ae744913ed1,5a0226fb-a20b-4106-afe8-fc3a341b45dc,957c21fa-694e-49d5-95f4-c51e5091ca81,
6bc89098-5ebc-408b-8ac1-661fb2f33f68,5a0226fb-a20b-4106-afe8-fc3a341b45dc,97826ca6-7b62-481a-8d88-dbc635d65235,
3dbecdbd-4000-4a88-bafd-d314a3b63c62,5a0226fb-a20b-4106-afe8-fc3a341b45dc,9b8e3847-0da8-4cde-9ef4-93cbbc5e4fef,
4f60e9ee-724c-4f9b-8747-42e338d6fa09,5a0226fb-a20b-4106-afe8-fc3a341b45dc,9e1e5047-c9cf-40d0-b5d5-e06102647992,
876c2b41-83b0-4331-979a-421745b3ca82,5a0226fb-a20b-4106-afe8-fc3a341b45dc,9fac1ce5-5f69-4c67-83a5-308f5dff5879,
93ada795-f947-4cd9-b83d-a4b81828e509,5a0226fb-a20b-4106-afe8-fc3a341b45dc,a8d83c7c-e9b4-4900-9f50-d08c39c66f68,
fff58639-0075-4d70-92b7-2bf2c06cc30a,5a0226fb-a20b-4106-afe8-fc3a341b45dc,ab53a179-266f-4e59-851a-0b25f0eb4d6d,
540d368b-4266-4926-b793-3f32187f06de,5a0226fb-a20b-4106-afe8-fc3a341b45dc,aba363f9-2919-4989-907e-519e0423cf10,
f53e3c5d-6833-4da8-b005-3f37e2885f00,5a0226fb-a20b-4106-afe8-fc3a341b45dc,acb77253-fd41-4ae7-b1ea-18db5933a526,
80f08e42-6c39-4485-bcfd-0de18487c9fd,5a0226fb-a20b-4106-afe8-fc3a341b45dc,b63d5d84-e524-4f64-bee4-df2cfb6c0234,
c326c371-0a38-4474-8faa-54a54411a3e6,5a0226fb-a20b-4106-afe8-fc3a341b45dc,b6f6b9cd-ef3b-4a52-abec-523a1dedec59,
60f5ea8a-ff1b-4c32-83ea-a159097e70be,5a0226fb-a20b-4106-afe8-fc3a341b45dc,b769bc38-5729-438d-ac59-58b431692c61,
7621e911-2c6c-4b1b-b9eb-ba6ac18c8df8,5a0226fb-a20b-4106-afe8-fc3a341b45dc,ba2da1b3-5048-4979-b6da-9742858c8a44,
61896320-4547-4a28-b418-1e73b218943d,5a0226fb-a20b-4106-afe8-fc3a341b45dc,be8d0587-0453-4613-9791-991d6616f45f,
abe7e572-1053-4c32-999b-4c1e86e373e9,5a0226fb-a20b-4106-afe8-fc3a341b45dc,befc41b2-c581-4142-bd5a-f242388ba0c6,
522a37ac-4cb7-466d-8731-547babb082f0,5a0226fb-a20b-4106-afe8-fc3a341b45dc,bf8e0942-f191-4385-86fd-8aaba7dba4c7,
b81c7288-a73c-4b9f-9eb8-5e41377449f3,5a0226fb-a20b-4106-afe8-fc3a341b45dc,c44293f0-d55a-438e-a29c-fad7672cdbb8,
ed08f059-2934-47af-9989-bd57f2c456b9,5a0226fb-a20b-4106-afe8-fc3a341b45dc,c54ac610-2ba7-41bb-b937-a1d2827cbf4b,
701ecac5-a03b-4527-ade4-860e96c35fcb,5a0226fb-a20b-4106-afe8-fc3a341b45dc,c80227e7-fba5-4113-ada5-b01c30017aaf,
dbd8130b-2602-48ee-8527-8a04bae903a1,5a0226fb-a20b-4106-afe8-fc3a341b45dc,cb4a4037-5aa5-44e0-aeb4-a76dec676192,
a43e7785-621c-4d5b-899b-301366c24348,5a0226fb-a20b-4106-afe8-fc3a341b45dc,cf881339-f038-433d-b9a2-7a4dfeda4db1,
5f9b4b0d-759e-4db9-9250-90bce506b6a5,5a0226fb-a20b-4106-afe8-fc3a341b45dc,d1392ef4-c8ff-4624-9ede-215e00cdb9d9,
58dc710d-3772-4686-9c63-8c699635732a,5a0226fb-a20b-4106-afe8-fc3a341b45dc,d9449b0f-a9a7-4404-9759-912cfe8c0861,
6c1853ff-abd0-4a1d-8544-0d30977c821c,5a0226fb-a20b-4106-afe8-fc3a341b45dc,e50b4701-d645-438d-8702-db78284b643a,
727f9407-1b1c-4e4d-bd55-a11a18925fb7,5a0226fb-a20b-4106-afe8-fc3a341b45dc,e6a28c9f-e92f-4b4c-879f-6b7a032c829f,
ac5f3b47-efb1-4b06-8e1b-102796316a5f,5a0226fb-a20b-4106-afe8-fc3a341b45dc,e770826f-9f54-4c85-8122-b9170e8244cb,
92192035-aa4d-4aee-92b5-f29e3338de36,5a0226fb-a20b-4106-afe8-fc3a341b45dc,ea10a8c4-0850-4320-a6e0-89b9e76f0c33,
d2721155-f516-42b2-9f0a-b3e43a714d34,5a0226fb-a20b-4106-afe8-fc3a341b45dc,f70982df-f0ab-4d0c-8777-96deae8d4b4d,
3783ea91-ad19-4711-9e91-119212aafc83,5a0226fb-a20b-4106-afe8-fc3a341b45dc,f7c7f2ab-858f-4599-b124-146afbadf97d,
15bebed6-74d1-4d8e-bedf-895ea08c78c3,5a0226fb-a20b-4106-afe8-fc3a341b45dc,fc6e97bb-369e-48e5-8463-e5d7943499fb,
e38cd9f5-9cc9-4474-8dd2-29633e02f2f1,5a0226fb-a20b-4106-afe8-fc3a341b45dc,fcd833cb-1bf2-4225-939f-a811de94f71f,
65e501a3-3a6a-4fd5-aae3-f0e500e0fc64,5a0226fb-a20b-4106-afe8-fc3a341b45dc,ff03e773-f059-4e58-9c5e-767d1ac10f1c,
e67ac3dc-e0f6-434f-9740-62bf906b284d,5a7afbad-34a5-4d9d-bf67-dd6d0f4e05ef,04a90b7d-d229-404d-9acb-88fabd7c2cf0,
431abb73-4b92-40fb-a0aa-d8074bbd7146,5a7afbad-34a5-4d9d-bf67-dd6d0f4e05ef,07fc8b20-5f34-4cf9-97eb-e80d9b048c2b,
ee6cc504-5afc-4387-9fb2-67156f1b9a06,5a7afbad-34a5-4d9d-bf67-dd6d0f4e05ef,19aeab7d-cd59-45de-b8e5-bfbfdfa6f93f,
bce3a530-5dc1-4302-a73d-389026c12b1a,5a7afbad-34a5-4d9d-bf67-dd6d0f4e05ef,1ccdf80e-8181-467d-866e-d4802289291a,
f88ce7be-1976-43e6-a1e6-c46f0874db13,5a7afbad-34a5-4d9d-bf67-dd6d0f4e05ef,1d1563c5-3dd4-42e9-9f04-0f142bd23044,
d58bcb13-ba0a-4196-8d18-707c891e8697,5a7afbad-34a5-4d9d-bf67-dd6d0f4e05ef,2776fe87-5be1-456f-aa9e-af4f6068b970,
6b0b913b-5275-4319-a21d-c69402cb0334,5a7afbad-34a5-4d9d-bf67-dd6d0f4e05ef,2b610242-5362-4cf3-90d4-f7e3f9e78cc5,
6d06ea7c-b02c-4781-84c8-1a80455ff18b,5a7afbad-34a5-4d9d-bf67-dd6d0f4e05ef,2c43a39b-6e77-4f29-a8b0-71f85be7bdec,
220541ad-db0e-4eaa-9f7b-629298ce69ba,5a7afbad-34a5-4d9d-bf67-dd6d0f4e05ef,325617c8-b34e-45ea-a346-f258aaffda5f,
686402c2-e855-4355-aab8-439a8e294078,5a7afbad-34a5-4d9d-bf67-dd6d0f4e05ef,4657172d-976a-47c2-b6d0-67455f1d6bfd,
8c160e6a-9d75-4ca4-a0da-81f26da9ff70,5a7afbad-34a5-4d9d-bf67-dd6d0f4e05ef,5f47a485-5ec3-481d-a80b-b0ecbb274eb3,
80570cc3-9b54-4e93-ae0e-756d9a9b586b,5a7afbad-34a5-4d9d-bf67-dd6d0f4e05ef,70208cda-243f-4b57-a166-da9f73304b21,
5e09962d-ac11-4619-9eb4-e0ab106cf27f,5a7afbad-34a5-4d9d-bf67-dd6d0f4e05ef,72382a48-5b36-4d83-94a9-45026f762418,
9d6d53af-7235-4d38-a44d-38447e2a489d,5a7afbad-34a5-4d9d-bf67-dd6d0f4e05ef,72b285c4-6a5a-46c8-b2af-9740d66154ee,
910ca19f-7472-48d0-a5a8-43881cc9394f,5a7afbad-34a5-4d9d-bf67-dd6d0f4e05ef,737bbdd9-8e98-4406-892b-065dcaaa232a,
3bc076b7-989d-46b2-a3c9-7b497ea2a767,5a7afbad-34a5-4d9d-bf67-dd6d0f4e05ef,79862cef-8df9-4886-8267-3ab23b69c280,
61757756-baa4-462c-b732-52f0b35a2952,5a7afbad-34a5-4d9d-bf67-dd6d0f4e05ef,822f7df1-b037-431a-9000-a68253bd0eb2,
c3ceb339-420a-4e35-bee0-4cc32ef25a6b,5a7afbad-34a5-4d9d-bf67-dd6d0f4e05ef,8a90fcbf-936f-40be-97fa-220e6ec8b3b6,
8f20b4a3-8f76-4f61-a672-bd2ed6f73757,5a7afbad-34a5-4d9d-bf67-dd6d0f4e05ef,8c450676-77be-4a93-88c8-891e69f9d188,
f651d13f-d508-4935-995d-a43dddc2d4f8,5a7afbad-34a5-4d9d-bf67-dd6d0f4e05ef,918448d8-d5de-4d79-941b-2cabd83f46be,
b5532aee-c65e-46dc-8d79-04d3b1417eb5,5a7afbad-34a5-4d9d-bf67-dd6d0f4e05ef,a729ee6e-8bb9-4b08-b78a-52aef1e6f57a,
9f495008-b80f-43bd-b058-a6edec377c4c,5a7afbad-34a5-4d9d-bf67-dd6d0f4e05ef,af74094e-8ce1-4451-b303-405b100a6b05,
e0785461-9944-459a-b61f-7cc3e1eae359,5a7afbad-34a5-4d9d-bf67-dd6d0f4e05ef,b3cc6767-14b3-4614-a94f-15525eefdeac,
57793b37-c8d0-488c-9b49-141eef2e9d9f,5a7afbad-34a5-4d9d-bf67-dd6d0f4e05ef,c6987bdf-8650-4439-a6d7-1a0ee21414fc,
f95388d2-02b6-4c70-bc8a-5490bec06c76,5a7afbad-34a5-4d9d-bf67-dd6d0f4e05ef,db1e04df-69d6-41f3-924b-db6ae71198fe,
2a940314-754b-4998-87d2-886bb2fb1896,5a7afbad-34a5-4d9d-bf67-dd6d0f4e05ef,e0edbbc7-356b-4016-b992-cfc7aaffae28,
edda5713-ed34-4cc9-93ac-3713c00a15c7,5a7afbad-34a5-4d9d-bf67-dd6d0f4e05ef,f73eba5a-aebb-4022-abac-34ab55a5cdd9,
2ab24786-5b44-46ab-a07b-c88d76b34d56,5a7afbad-34a5-4d9d-bf67-dd6d0f4e05ef,f9ebb368-2df0-4cd0-9ad1-30101fa10862,
23b20a06-1c42-42aa-aabd-c5f4a11c67a5,5a7afbad-34a5-4d9d-bf67-dd6d0f4e05ef,fc645df6-3bd1-4273-a895-c676b9949fc1,
b463aef5-e4c6-4848-9c2e-1d81c482ca7e,5b4ec1bb-fd71-4a43-a6f6-8bca88238e4e,020907e7-c582-4cf0-b395-8c93d55a2bd5,
16317310-bed3-43d9-a4e5-d670e18953fb,5c84765a-b0d3-48f2-90ad-13bad09de338,84d21e2d-ba77-4f2c-827c-ac64070fee27,
e00b4359-63b6-4242-a97d-f6aac5dbe892,62274016-fd48-4339-87a8-908252d44820,,d77f0210-ef43-43b8-a834-f0dde7d922b4
ddd89919-743a-457a-966a-1d8506c02847,665fc8ec-8284-44ed-88b1-4d92f9b92fd2,02bde5a2-43bf-4092-8246-ab59cd1f0b37,
e1e05842-a190-482c-bddc-ef0cb8554834,665fc8ec-8284-44ed-88b1-4d92f9b92fd2,b48621fe-6b0b-4ca9-aed5-130a5ea5cc35,
36dd246b-4398-485c-96df-0f22e06eee65,665fc8ec-8284-44ed-88b1-4d92f9b92fd2,d1da3c1b-1bf7-4258-b436-f19a46ba86c8,
a46fe52d-53d1-42ec-9c5c-4fcda01cef7b,6c0ccc61-1ed3-4d9f-a196-45619a1c6301,34586501-7214-4b7f-b562-cab1e328e7e6,
70635555-666c-4bec-9cb1-cdc3677e481e,6c0ccc61-1ed3-4d9f-a196-45619a1c6301,c94f8876-6eb2-4a55-b186-582e19adc968,
88c0dc8c-dae5-4f4f-9b66-074a516e4119,6c0ccc61-1ed3-4d9f-a196-45619a1c6301,e5701f6e-4aa0-497a-89e1-f73714152d52,
dd530635-5241-4c91-a125-7ece8eab8272,6db4efee-fc56-47c0-a4d4-b314e7149bcf,1ea0804c-2316-47fd-b62a-aa859e0feacf,
a02cf9f6-a4b4-4240-9699-58dc8acb5165,6db4efee-fc56-47c0-a4d4-b314e7149bcf,49c240fe-bae0-4fa9-9bd1-b42c2d503a9b,
24586094-b298-4bb2-8024-80f55253a774,6db4efee-fc56-47c0-a4d4-b314e7149bcf,83a7a08b-a8fc-4b81-b24d-32ffcbe6606d,
ebc40558-a7ae-4fb4-bafc-cd24352d8745,6e79ba29-18cd-45c2-8258-06814ca53433,061a68d7-b72e-4a6c-8135-1921ae35f27a,
e582e37c-501d-4512-b381-f9ea95ffff5b,6e79ba29-18cd-45c2-8258-06814ca53433,0bf259a3-eb2d-464c-beba-5f5a8983996a,
c02e5e49-fef7-44b2-9380-01e1097ac6d4,6e79ba29-18cd-45c2-8258-06814ca53433,0d8abf18-355a-4bad-ab4f-6f0c166cd305,
bcf59853-a77d-404b-b9ea-22f5ef1e13fd,6e79ba29-18cd-45c2-8258-06814ca53433,1164863d-b4f4-4436-a334-c737c626c524,
0d28adbf-eaa0-446e-8982-c0ab478bf924,6e79ba29-18cd-45c2-8258-06814ca53433,1221d79a-9321-476a-86e0-75212140818e,
ee4debd4-f3ff-4592-b072-6be3df9db896,6e79ba29-18cd-45c2-8258-06814ca53433,193dc896-b7cb-44bc-ab6e-e33c5c452848,
f1ebdc5b-a3fe-4813-bd55-a2265ee28cc2,6e79ba29-18cd-45c2-8258-06814ca53433,1a0ea492-d6cc-4ed9-a629-08cc11e50664,
80989da0-d379-46a2-820b-92a164286367,6e79ba29-18cd-45c2-8258-06814ca53433,1d0fa1a9-cb57-4484-9f78-7b843ed23daf,
a23818c6-8b0e-47b8-8d5d-22a0304ecda5,6e79ba29-18cd-45c2-8258-06814ca53433,1ed27dc6-8ed2-4734-82a6-99cb1fbf89ff,
b8949550-da61-414e-a0bb-fef82c49e494,6e79ba29-18cd-45c2-8258-06814ca53433,21fb656c-710f-49b0-abed-107b7df0ad3e,
dd981b9d-d281-48f1-ba9f-dd85d05ba8e5,6e79ba29-18cd-45c2-8258-06814ca53433,24199979-cdde-492f-976e-eed7ab8fc40b,
51629e99-4877-4416-a080-ca46ed096b70,6e79ba29-18cd-45c2-8258-06814ca53433,25614a07-6bc5-4b5b-8818-a70317f24ad7,
a62723c2-7b25-4762-a6b6-5eb697b1f6f4,6e79ba29-18cd-45c2-8258-06814ca53433,2ab5122b-4699-4fb6-adfb-782296b03c3a,
e871511f-91f3-4390-a1c3-e9604e46bade,6e79ba29-18cd-45c2-8258-06814ca53433,338ab4db-506f-4b67-a7dd-e89f85b4bd09,
0f20418c-e628-4c3f-b9a9-916f7e9fbe1d,6e79ba29-18cd-45c2-8258-06814ca53433,36505914-ffa5-4d5d-9616-9b15aee7e29f,
2374338b-7b1f-40a6-8226-536efb8d0b36,6e79ba29-18cd-45c2-8258-06814ca53433,41cb5782-ade2-42e1-8b47-43cc66c6e1aa,
3a494c16-2684-4d83-a748-c8a01197691c,6e79ba29-18cd-45c2-8258-06814ca53433,450ec105-b647-44ee-b7bd-14814df49e87,
7c75cd70-1840-4604-9327-52c26ea2ae64,6e79ba29-18cd-45c2-8258-06814ca53433,4817c01d-781a-4419-bf67-3eb3daf73fab,
8dae25a1-4384-437c-ba02-e2ca2056bf9c,6e79ba29-18cd-45c2-8258-06814ca53433,4b43b465-25f0-4e32-bd0f-6dac595b350e,
b75dc7ea-545f-4fe5-a355-691daf010b0b,6e79ba29-18cd-45c2-8258-06814ca53433,4dfeb6a3-3f45-4781-85d4-30deb2dde70f,
02c4e9d5-e36b-43fe-9c54-a64b833b2cac,6e79ba29-18cd-45c2-8258-06814ca53433,4e1129a8-7d3a-4759-9f97-b678be0ae4b2,
70a9a770-cf34-4321-9f6c-98c46aa57553,6e79ba29-18cd-45c2-8258-06814ca53433,4e15e57a-9ed0-402f-9dc0-27f944dd945a,
628244f4-b1d3-4fa2-a104-08b2f6394d63,6e79ba29-18cd-45c2-8258-06814ca53433,4ec990bb-0d8f-495a-a972-b22dd30f4e94,
63f922a1-7cf3-4b23-a116-6e84e89f53ff,6e79ba29-18cd-45c2-8258-06814ca53433,52682e57-9357-4bdd-8c9d-080ef5435d31,
dbd3b025-8f89-4e0f-9611-d814e3c84f1c,6e79ba29-18cd-45c2-8258-06814ca53433,5b6e43f0-5caf-4633-bcb0-98ab34973f31,
e4436b8d-b151-4ad3-9f99-033049c664f1,6e79ba29-18cd-45c2-8258-06814ca53433,60c4d5ae-ff41-4e16-a16f-a61e966d8bcf,
8806b7d6-8c53-45ac-ae61-2ecc61a98595,6e79ba29-18cd-45c2-8258-06814ca53433,633332d2-3652-4436-adc6-2874b02ee4e5,
9292104d-e3ba-4bcc-a08a-8662f7b6e25d,6e79ba29-18cd-45c2-8258-06814ca53433,69c31f7e-83ae-4d96-9cf6-d7fc24619935,
b6e24f56-9885-4da1-a608-e0166cfbfb6c,6e79ba29-18cd-45c2-8258-06814ca53433,78167604-c057-4c85-b248-c433b7ba8ad6,
11c6839f-2b99-4c05-9c5c-06b185c0059f,6e79ba29-18cd-45c2-8258-06814ca53433,7a2ab226-b66f-4989-9fff-5a1308b79693,
c0e7aa1b-762c-4837-8c04-87505763fdfd,6e79ba29-18cd-45c2-8258-06814ca53433,7d926b56-d715-413c-9001-2b36419cb2ff,
0ec9b1b9-37ba-477d-a47a-f50670315af7,6e79ba29-18cd-45c2-8258-06814ca53433,7e00cc83-d25b-4699-a5d5-b1dc593bc37d,
bb094760-db81-491b-917d-b157affecec5,6e79ba29-18cd-45c2-8258-06814ca53433,7f09a22a-fae2-4018-939e-ca6c0e116e0e,
7dcaacd6-2ffd-4157-a231-40da659a8896,6e79ba29-18cd-45c2-8258-06814ca53433,8ee05ac9-6d49-4aa7-ba32-14428b310954,
207dc673-3bbb-4433-89be-0aa150a1ee89,6e79ba29-18cd-45c2-8258-06814ca53433,9630b9cc-3882-42a2-b515-30bf47adad31,
97491342-53b5-4df2-982f-684e81adf502,6e79ba29-18cd-45c2-8258-06814ca53433,99bfb208-a57f-448a-ac6a-77be22db0d2f,
b2cef442-12cd-4ef2-8591-44b7bcc3f634,6e79ba29-18cd-45c2-8258-06814ca53433,99df9a2d-d975-42d4-9ea3-e8956771e13f,
120fbe15-c5ca-4685-8a59-3c191bc613dd,6e79ba29-18cd-45c2-8258-06814ca53433,a1859747-3689-413c-94e6-24678140319c,
75dc8ab2-087f-4dbf-9377-da4cc149565c,6e79ba29-18cd-45c2-8258-06814ca53433,a5f32ce7-44b7-46c5-bfdc-b75f6b27b2a4,
407ea2f6-9d11-460a-90ff-e42fc083d7a0,6e79ba29-18cd-45c2-8258-06814ca53433,aa767ce6-58ad-44f7-ad12-590b9ac2f744,
10c6bc1b-7e93-4cd4-8f50-72daf449e95d,6e79ba29-18cd-45c2-8258-06814ca53433,afda0650-fcfc-4543-a444-c43c11061163,
5e0347b0-aabc-4720-995d-2537172267e2,6e79ba29-18cd-45c2-8258-06814ca53433,bc1956dc-033c-4229-b364-0a63f8d76df2,
19f82d39-20b4-4d8d-9806-043024cfc680,6e79ba29-18cd-45c2-8258-06814ca53433,c1e1a871-b42e-4b8f-b823-464dfd173cda,
b4a605c7-da11-4f9f-807d-b1f6bbf66349,6e79ba29-18cd-45c2-8258-06814ca53433,c49cc08a-6833-4243-8258-eb1779934772,
8ff01348-8f72-4a20-a9fe-aaeb0cb8bbf0,6e79ba29-18cd-45c2-8258-06814ca53433,c7c71f31-5c73-4525-84fa-fb272a3093f1,
f0432a4b-d86d-4cfe-b16f-02672add3628,6e79ba29-18cd-45c2-8258-06814ca53433,ce64638b-b032-404e-94e1-e55714a8b47e,
5bd72652-945a-48dd-b190-bd7be74f1d86,6e79ba29-18cd-45c2-8258-06814ca53433,d137ce64-8ed9-4ca4-87cc-2c09a920d6c4,
37624248-ca0e-4a03-80a1-1c768860cb55,6e79ba29-18cd-45c2-8258-06814ca53433,d4e1b0ed-11c3-41d3-a36b-efb073833262,
53498e77-1e50-4676-a93a-7599894a5a14,6e79ba29-18cd-45c2-8258-06814ca53433,dd2130f9-b02d-4709-bace-6c6e894c554a,
b971e769-e24a-4907-84aa-0471743d4d4b,6e79ba29-18cd-45c2-8258-06814ca53433,dd5224cc-90c6-4ddd-b54f-eeec29cb8990,
378a2b4e-df95-4449-ba4b-5087adcb357c,6e79ba29-18cd-45c2-8258-06814ca53433,e502125a-19aa-43ce-a39c-9469b019982b,
6cb47fbb-0e5e-4069-b522-01ad0d318240,6e79ba29-18cd-45c2-8258-06814ca53433,e7b71f8f-5b64-444e-9a9d-86a67aeb11be,
c0d40561-0e6a-477f-a9ae-56b06a60132e,6e79ba29-18cd-45c2-8258-06814ca53433,ee7cafdf-a068-47b5-a1f9-100b381898db,
321603d8-6d12-402c-8057-d4788744835d,6e79ba29-18cd-45c2-8258-06814ca53433,ef947a5e-051b-4f9e-85dd-f8e100631480,
4abad42b-f253-4fdf-bfdc-03f194ce7afd,6e79ba29-18cd-45c2-8258-06814ca53433,f1528495-b02a-4e9b-955d-7911595f0cb7,
a64402a0-b8ad-4d3b-8496-b400992cab70,6e79ba29-18cd-45c2-8258-06814ca53433,f508634b-099c-4e30-8ab8-00dd13eab821,
611e61ef-8a78-4969-9101-0ede40ac9316,6e79ba29-18cd-45c2-8258-06814ca53433,f52117af-a77c-4cc4-83bb-1b07f9c68786,
06bb7986-ae1b-4770-96bb-fbcf886df2eb,6e79ba29-18cd-45c2-8258-06814ca53433,f7727ebc-7a7d-429b-a11a-16b802c194ee,
ac8ea1d3-f675-4724-9129-8192158189ca,71fb8e7d-a0b6-4cb2-8506-dbf253fad8b0,1481744e-4137-444e-8b45-6373fc5651dc,
fcb69b16-cbae-452a-ab2a-3d23e4aa3291,71fb8e7d-a0b6-4cb2-8506-dbf253fad8b0,85e8e51a-d4e5-4293-b76d-d31703a7a502,
b0ec5576-9e2e-4717-8b55-7f25270834aa,72f770b5-a51e-4652-80ee-845afd58c885,9736970b-b6ce-4e5d-baf7-018fa52d0e6f,
c7ebaf28-b208-4b38-8ee9-5e78bbcc3013,738428a2-fb7a-40eb-aeb5-3bfb68e56c31,ab9d0d34-c13f-47e8-b33a-b5be3b2cae71,
10f40bfc-f09b-40b3-bf95-20ac52114a73,7767d501-2ff0-49e1-b95b-d1eea78db794,106eb00d-04e4-4ddb-a995-3a2788ef9363,
7f7bdf9d-8387-46de-b511-faab1c281676,7767d501-2ff0-49e1-b95b-d1eea78db794,15fa84ea-27b3-456f-b6d6-d1d2b5bf4468,
92bdcd68-976d-40b5-b62d-b1c5607029c1,7767d501-2ff0-49e1-b95b-d1eea78db794,534b97e4-8e6d-4d98-8537-136bac29f1db,
760c71ca-8c72-4be2-9a43-0f2f9f3a828a,7767d501-2ff0-49e1-b95b-d1eea78db794,a6d577a2-ed48-4c5f-86df-b093ab2f7816,
8058bb8a-7fd8-40e2-944a-3871b173740b,7767d501-2ff0-49e1-b95b-d1eea78db794,cc2a8ce2-2799-465a-b694-2972c25855d8,
8d7c990b-ea25-48f7-937a-e9f90a7adef4,7ba8649a-ea50-45a2-81e8-af7ed38ed1ae,0148caf7-1e06-438b-a507-671182802785,
eb5e8b82-8e64-45f4-9c0e-b93af192eacf,7ba8649a-ea50-45a2-81e8-af7ed38ed1ae,0240b1a4-c3d9-4f9d-8a95-1b5a48abbde1,
de8703ab-e3c9-4866-9da2-f8897394f61b,7ba8649a-ea50-45a2-81e8-af7ed38ed1ae,047765b6-1a45-4b14-9315-425ac6a8443c,
88539151-6817-4b5e-9733-596821d25a90,7ba8649a-ea50-45a2-81e8-af7ed38ed1ae,05cc70c9-1fc4-48a2-af8c-aaa404cf5ac8,
376545d3-a820-4e81-88ad-9ea983105d3d,7ba8649a-ea50-45a2-81e8-af7ed38ed1ae,089a8cbf-d9be-4cea-a13e-2fdfc0334d7e,
a584ec2b-9253-4752-80e7-506b4f9e3ee1,7ba8649a-ea50-45a2-81e8-af7ed38ed1ae,0ae3f2e9-706e-49f9-b6b6-c6ed383a8c06,
8266b07d-aa56-440d-864c-a44954c6f85b,7ba8649a-ea50-45a2-81e8-af7ed38ed1ae,0eff9caf-a571-4db5-9f13-11a4b8003dc9,
cbc9d9a5-f93b-417c-8720-4fcb7211996a,7ba8649a-ea50-45a2-81e8-af7ed38ed1ae,13785d82-a1bd-424f-9443-1824c8c94e90,
f9c17473-f31c-47df-8608-6058b4ddc3ab,7ba8649a-ea50-45a2-81e8-af7ed38ed1ae,13e2eb79-3819-4315-9a4d-30db52823247,
91aa0832-c3ee-46c3-a119-6d7502153780,7ba8649a-ea50-45a2-81e8-af7ed38ed1ae,154f2113-11a3-4aa4-9a62-b4ca0f527f5c,
a4dc4cbd-632f-4283-a463-095c1e6302bd,7ba8649a-ea50-45a2-81e8-af7ed38ed1ae,174150c0-9249-4487-b3e6-cc38c6005565,
5b6e18fe-fcca-4e50-996a-0bbf15294a1f,7ba8649a-ea50-45a2-81e8-af7ed38ed1ae,17d84558-e2e9-40f8-b0aa-ec3a6ae94554,
2f646b0a-2d55-448d-ad2f-a0cae6b78678,7ba8649a-ea50-45a2-81e8-af7ed38ed1ae,186ac9e2-75ff-41b1-b192-258c1720860c,
5703196f-4b14-47f4-a79d-72c9f0115d3d,7ba8649a-ea50-45a2-81e8-af7ed38ed1ae,1d0e673d-651b-4caf-a548-a4e377ec857b,
505d3d49-b0d3-45ed-8164-44a8ab53f1e8,7ba8649a-ea50-45a2-81e8-af7ed38ed1ae,23556f62-1de8-4f8f-8a21-d7c3ac6a2392,
c9d60b69-3a2a-4b0e-bbda-191603acff49,7ba8649a-ea50-45a2-81e8-af7ed38ed1ae,2380b35e-1177-4609-9f30-9c7661553eb9,
9f327849-952e-41ec-9ab5-3e32890367e4,7ba8649a-ea50-45a2-81e8-af7ed38ed1ae,262011d9-c401-466a-836e-916aa48da1d5,
ab62badf-6092-4b99-95ec-5e1f8dadaef6,7ba8649a-ea50-45a2-81e8-af7ed38ed1ae,297d7f1b-af77-4834-a50d-8984ba2a900f,
852b8fb9-e4a5-4be5-af94-e42ef7b1820e,7ba8649a-ea50-45a2-81e8-af7ed38ed1ae,2ebe130c-a5f0-4f31-9bf9-c0682d52c1ba,
bb8a9d94-e88b-494e-92e4-26386af57fe2,7ba8649a-ea50-45a2-81e8-af7ed38ed1ae,2ec4b2e7-e4dc-499e-a5d4-c76eeda55c1d,
6243aa16-8b3e-4d20-b695-0f90c031b223,7ba8649a-ea50-45a2-81e8-af7ed38ed1ae,32ff2cfa-1bf9-4d9a-9c64-000fc11bf75d,
ae47a83b-21b6-4693-8ae8-117598a37b5e,7ba8649a-ea50-45a2-81e8-af7ed38ed1ae,347e8fbe-835a-4645-8de2-42085e53f8ae,
07f3a340-04a8-4e37-a285-d60754c8e3d9,7ba8649a-ea50-45a2-81e8-af7ed38ed1ae,35474792-2b21-422e-9036-aa42a44f32c2,
64e453a2-13f1-47cb-954a-28e892fa093c,7ba8649a-ea50-45a2-81e8-af7ed38ed1ae,3684f74b-fc44-4d08-b1b2-a27b04f1b2d4,
5bc94267-d095-42ca-922b-4c4622eb6965,7ba8649a-ea50-45a2-81e8-af7ed38ed1ae,36de8664-5568-46f3-8f62-ceb8e68f15dc,
dc601dd8-9b95-49ee-9a37-5b04a9be55b5,7ba8649a-ea50-45a2-81e8-af7ed38ed1ae,392afcf4-7a45-44cb-9776-f5af92e47c2a,
009fbe84-5d4e-425b-8184-f1e8322b6575,7ba8649a-ea50-45a2-81e8-af7ed38ed1ae,3c5dfd06-c0b9-4d8a-9ed2-f64c8076beea,
12ba5eec-50ad-4031-836c-0f88dd23e196,7ba8649a-ea50-45a2-81e8-af7ed38ed1ae,3cec4258-3cfd-47bb-ae74-cd36b41345e8,
bedd61fb-3bbd-46b8-9c1c-6aa211126b22,7ba8649a-ea50-45a2-81e8-af7ed38ed1ae,40dcc77f-0a03-4687-822a-f67ca4f25ab4,
f30ae772-bddd-468a-aad6-c7d556c4ecdd,7ba8649a-ea50-45a2-81e8-af7ed38ed1ae,452a99a5-3186-4cac-9094-68733f4b071e,
e7d3ffd8-c048-4eba-bb44-f4dfaa3bc914,7ba8649a-ea50-45a2-81e8-af7ed38ed1ae,4a71a25d-286c-4a17-9376-0b60ff5461d6,
238b7b0a-cc91-4be7-a36c-2879e6093dd1,7ba8649a-ea50-45a2-81e8-af7ed38ed1ae,4b34d687-da98-4f3a-b05b-0c0ce3ba316b,
e795ebb7-a396-4d41-a1b0-221d936dd36c,7ba8649a-ea50-45a2-81e8-af7ed38ed1ae,4ee0fca9-7e8f-4409-985d-eb3200f156ba,
70c4713a-772b-45fa-83d4-375ee6365b74,7ba8649a-ea50-45a2-81e8-af7ed38ed1ae,5642bc2f-3371-4056-ab90-867cb8215279,
b719749e-916f-4a8d-9a0e-9a56754b745f,7ba8649a-ea50-45a2-81e8-af7ed38ed1ae,56cc17b3-ad67-43d0-9564-b9a4c3ae5738,
4188173b-81fc-4022-a924-ba84e754f924,7ba8649a-ea50-45a2-81e8-af7ed38ed1ae,57a9526b-556e-448f-8677-adff09923d8d,
bed8b3ba-9a11-4237-a1d1-db8075c96bb2,7ba8649a-ea50-45a2-81e8-af7ed38ed1ae,5a70a6e0-ff1b-48d8-8a62-ccace5dfdd38,
62782907-1c72-451c-8a24-9d030cf78f09,7ba8649a-ea50-45a2-81e8-af7ed38ed1ae,5bf69d2a-3f54-4de6-a941-0f860d28a550,
9a0e80be-5359-47df-a8e8-2c28fd6cd78e,7ba8649a-ea50-45a2-81e8-af7ed38ed1ae,60274a01-280a-441d-9278-fc6b3d0ea3b1,
e0a4f0d6-2206-4187-bd40-48f33f7e586e,7ba8649a-ea50-45a2-81e8-af7ed38ed1ae,6076c3c8-6652-4bfd-9042-20ea4f988abf,
412edb54-3ac0-4c8d-8c3a-4404d13c84bd,7ba8649a-ea50-45a2-81e8-af7ed38ed1ae,60dc3465-efc4-4f2e-82b3-fe9ec34d3f12,
0917dfeb-3fde-47e1-bf89-7d94f121a60a,7ba8649a-ea50-45a2-81e8-af7ed38ed1ae,672f685b-7ff0-4d29-9d4e-e2f1df4d74dc,
86824c0e-0c56-45f4-8744-16990956c9b1,7ba8649a-ea50-45a2-81e8-af7ed38ed1ae,6896dc33-2693-4f68-bb3a-da91fd398ae3,
1e5eb52a-d7fb-4306-bfc2-3844638c2a95,7ba8649a-ea50-45a2-81e8-af7ed38ed1ae,6905550f-ba9a-4541-99cf-f5dce02e113f,
c44a8080-59e8-431f-86b9-ee79c30ef2c7,7ba8649a-ea50-45a2-81e8-af7ed38ed1ae,7120b2d2-89a2-49d3-9d8a-cc4aa320244b,
67f31403-f44b-4d3c-908b-71bf68fdb121,7ba8649a-ea50-45a2-81e8-af7ed38ed1ae,739589b4-eb3f-42f0-b51f-afa78983c40f,
eb6bb7ee-0640-4aa1-8f4f-184e5610f4a8,7ba8649a-ea50-45a2-81e8-af7ed38ed1ae,73f8aad0-b9b3-48f0-ac06-d622e5e71ac1,
667fae14-59ae-41a3-b590-f51c27373830,7ba8649a-ea50-45a2-81e8-af7ed38ed1ae,75fd112a-a8c0-4c75-9a26-6f3d7ef6daf2,
b03e676c-b081-4f01-8a8a-0eb34c82802b,7ba8649a-ea50-45a2-81e8-af7ed38ed1ae,77b68caa-8939-48a0-8450-cf7c1b4676ef,
fdd14b3c-405a-46f2-a21e-4f8f400eebc1,7ba8649a-ea50-45a2-81e8-af7ed38ed1ae,787a68ee-2fe0-4e80-9cfc-5a4ea2f3aba9,
4303916c-c57c-41b6-ac89-4aad02c0f0dc,7ba8649a-ea50-45a2-81e8-af7ed38ed1ae,78bac35a-2deb-407e-ae82-0164d7d7575f,
b29b4869-797b-40ac-9eb8-cca813cf17de,7ba8649a-ea50-45a2-81e8-af7ed38ed1ae,78ea8cd9-581b-416b-9114-7b3898062399,
b07251d3-ab80-45ff-bf1f-905f1c2d5ee6,7ba8649a-ea50-45a2-81e8-af7ed38ed1ae,795c95d7-4aed-4a01-a150-aae34ce9826c,
b852a250-4c9c-490a-9316-c10bd6483ba8,7ba8649a-ea50-45a2-81e8-af7ed38ed1ae,7eba3c28-ef33-4cf5-8c89-0c90aa0b3482,
c1803bc8-c02c-42da-a505-5d0d9e6e8167,7ba8649a-ea50-45a2-81e8-af7ed38ed1ae,7fa7bbcf-08fa-42a3-b2c2-e2eeea9556ed,
acfac675-8b92-431d-baf0-8853c8834b54,7ba8649a-ea50-45a2-81e8-af7ed38ed1ae,7fd9f6c2-c66d-478e-ae37-bbe5fb610041,
be50d43a-3b75-4d18-af6a-537f291e30af,7ba8649a-ea50-45a2-81e8-af7ed38ed1ae,81ccb0c0-ec8e-4043-bd25-72d5981543d5,
5cb725ee-d9b1-4678-82a3-6077e7030877,7ba8649a-ea50-45a2-81e8-af7ed38ed1ae,839f75f7-7503-46ca-89c7-c628988e73e1,
efe64266-39aa-4bd1-a763-5dd7b2adebac,7ba8649a-ea50-45a2-81e8-af7ed38ed1ae,89947632-2ebd-43de-a4a4-55efdcd7a054,
39a6214c-1f35-46d3-a0a5-ae8099ab9b52,7ba8649a-ea50-45a2-81e8-af7ed38ed1ae,8a5f29ec-dacb-4f4e-8404-88b6c75a162c,
95c9a004-ddfb-4dd9-bbfa-90bdbee5e9b0,7ba8649a-ea50-45a2-81e8-af7ed38ed1ae,8be348e8-8d12-4554-a714-c42109826e82,
ac96e49c-fcc6-4478-967f-b89f1b9e785c,7ba8649a-ea50-45a2-81e8-af7ed38ed1ae,8f7947cb-3b7a-4150-b749-02315d2b0ee6,
5c7fee9b-0380-4180-848b-f4a95d941c5e,7ba8649a-ea50-45a2-81e8-af7ed38ed1ae,94dc08e1-c19f-4bcb-a24e-514fb1ba660e,
7c4f0ca5-a316-47d4-8fe1-4ce9d6c83774,7ba8649a-ea50-45a2-81e8-af7ed38ed1ae,9594a155-3815-4f5b-b85e-5afd57acce31,
95e50955-178c-403b-bdbb-33eacfa4b995,7ba8649a-ea50-45a2-81e8-af7ed38ed1ae,998b270f-5632-4359-a9f2-f2e888c770be,
bac24256-6bb2-4c50-8d63-66632b1b0ee5,7ba8649a-ea50-45a2-81e8-af7ed38ed1ae,9a81dd28-d74f-4a26-8cf6-785f32060557,
ef20f4ee-bea3-4c10-9dd6-014b821f7045,7ba8649a-ea50-45a2-81e8-af7ed38ed1ae,a4f4ca8c-dfa2-4d54-bef7-c05108781a54,
426c871d-5d3a-4337-b0ba-ab54c85ad7fb,7ba8649a-ea50-45a2-81e8-af7ed38ed1ae,a5c1f907-47f0-45e2-a3bd-9957a56b8519,
6741452d-be1f-4857-85e8-1f5f2a6d9ce7,7ba8649a-ea50-45a2-81e8-af7ed38ed1ae,a7170d98-cd85-485a-beee-697d74ce0082,
6201d41c-e812-48b1-87dc-29c63cc875c4,7ba8649a-ea50-45a2-81e8-af7ed38ed1ae,a91a235a-11b4-4452-9079-dc0e6f9ed415,
a44ff813-71e9-44e8-a4c7-3ab880cb3f2d,7ba8649a-ea50-45a2-81e8-af7ed38ed1ae,ad1f552b-9697-46c3-8e5e-8e57034bf0fc,
08fd22fe-9590-4a44-8c42-c062329bc57d,7ba8649a-ea50-45a2-81e8-af7ed38ed1ae,ad74e6f6-e9ee-4b38-b81e-7c296a604daa,
82cac6dc-b399-4965-a2d0-e2f37cf5d755,7ba8649a-ea50-45a2-81e8-af7ed38ed1ae,adf27f0d-ab54-4d5c-abf0-7369a20a2175,
35657b55-4aa4-43aa-8eff-6e408d7f3584,7ba8649a-ea50-45a2-81e8-af7ed38ed1ae,b0352f29-dd78-44a0-81bc-463cd59fe658,
63c50a49-f601-498e-82ee-4846f111878b,7ba8649a-ea50-45a2-81e8-af7ed38ed1ae,b0dbfaf5-474d-475d-adc7-48343fe6c20c,
61aa0352-8082-4cd1-8e6b-79d6e89a4046,7ba8649a-ea50-45a2-81e8-af7ed38ed1ae,b397d682-5373-40c5-b2bd-69bc7ac1e6ad,
d7338b68-6b0d-46be-b5c2-8f402a7f3077,7ba8649a-ea50-45a2-81e8-af7ed38ed1ae,babe2e2f-3c2f-4748-a76f-8061fe162b6d,
10e5afed-d4a9-4646-89cb-b764700945d2,7ba8649a-ea50-45a2-81e8-af7ed38ed1ae,bc156c40-47c8-4338-bcd4-0c275d0cc92e,
6c409e87-0e74-4719-a710-4a90590df649,7ba8649a-ea50-45a2-81e8-af7ed38ed1ae,bf8073fd-d0b2-4881-98ca-96f0ee3aeb65,
16dca2c5-7f21-477b-a1fe-ac0bfaf74d77,7ba8649a-ea50-45a2-81e8-af7ed38ed1ae,c3cabbb7-6669-4d85-a707-5e949f68cf5c,
7f42edae-11a1-4443-804d-a363305af2d4,7ba8649a-ea50-45a2-81e8-af7ed38ed1ae,c4cae670-a354-43e7-b794-00d75cc24098,
f29ef44e-b8d2-44fe-a053-1d11bebbbb31,7ba8649a-ea50-45a2-81e8-af7ed38ed1ae,c5a9509f-58cf-4c4b-a1bb-9abae71fd045,
ee2c2fab-637e-468d-ba16-54fc56305a33,7ba8649a-ea50-45a2-81e8-af7ed38ed1ae,ca8d766a-a05b-4b5e-bc8c-cf2f1afeed68,
1e59cd25-7521-4af6-a5fa-c610bc438494,7ba8649a-ea50-45a2-81e8-af7ed38ed1ae,cbdfb816-7e20-4549-b5d6-a5c5e2da4e8c,
2c9419ea-3c67-424c-9694-1c4562ada756,7ba8649a-ea50-45a2-81e8-af7ed38ed1ae,cd0729bc-0ae2-426f-92b3-7801e9f09e35,
5a9628a7-5a52-4de0-9144-94cecc8a779c,7ba8649a-ea50-45a2-81e8-af7ed38ed1ae,cd1c48c9-1649-4616-aadd-c0ca4e447ce6,
6a771473-0836-4331-8f2f-05c4aaea4e48,7ba8649a-ea50-45a2-81e8-af7ed38ed1ae,ce54c2a0-c227-494f-918e-2eb071015468,
9de15c74-69d4-402f-8261-d9369b32e4eb,7ba8649a-ea50-45a2-81e8-af7ed38ed1ae,d28f2bfb-ccda-4306-8ee7-6b41c74f4872,
cd855c81-0b67-47cb-ba65-384e1a6b4cfb,7ba8649a-ea50-45a2-81e8-af7ed38ed1ae,d447e8a3-68d7-45d5-8942-56989b70100a,
9bd74648-f817-4671-a79d-8411bc93e061,7ba8649a-ea50-45a2-81e8-af7ed38ed1ae,d67451f8-a242-44c6-9090-3694a20504fd,
7733a5ae-b701-45d4-b744-44689f66a2c4,7ba8649a-ea50-45a2-81e8-af7ed38ed1ae,d7536592-5322-4345-a9f8-6c91aa23812c,
f6c5b218-7a04-43f3-b3e3-8783e663d0ca,7ba8649a-ea50-45a2-81e8-af7ed38ed1ae,da377e8e-9cca-48da-8503-1bfbf0bfc60e,
e9f53e20-b8a2-4cab-acfe-f3c2fdac3317,7ba8649a-ea50-45a2-81e8-af7ed38ed1ae,db918f90-29f9-4558-bde6-43d9d682f1ad,
cbcefd83-8da3-4b80-aefe-563338895fb1,7ba8649a-ea50-45a2-81e8-af7ed38ed1ae,dbaf5db5-bbaa-4795-8834-1b377edb8767,
8323dd39-e2b5-45d1-ad37-e1eeb84f1b71,7ba8649a-ea50-45a2-81e8-af7ed38ed1ae,e120db8d-27a6-49c8-bbe9-f89d01062213,
171af041-ce0c-413b-9724-3486d714fb52,7ba8649a-ea50-45a2-81e8-af7ed38ed1ae,e158e8f2-dbad-4f5c-a34f-8fc26f502e74,
c06be9e6-6ad0-4f77-894a-71f4bd1aff15,7ba8649a-ea50-45a2-81e8-af7ed38ed1ae,e4303d36-c75a-4369-9837-0ac9496e629f,
4c6adeeb-3ea4-4eee-9dd0-2b3453c3fdbb,7ba8649a-ea50-45a2-81e8-af7ed38ed1ae,e4e4d9a4-d579-4af8-a011-205353fa0812,
b5044941-6582-4622-aed1-09178ce8c9fb,7ba8649a-ea50-45a2-81e8-af7ed38ed1ae,e4f51ac7-0a9d-4672-9240-101e3e934c66,
94ef34cb-0cc6-44e3-a528-02d4653b0302,7ba8649a-ea50-45a2-81e8-af7ed38ed1ae,ea6fa8b5-a62e-4f00-b308-dddb6d57939e,
eeac50f2-064d-41a1-8c17-5498b18e344e,7ba8649a-ea50-45a2-81e8-af7ed38ed1ae,edb7be0f-3051-4f88-ac89-d8e7940138b0,
831512e5-e018-4b21-a0af-9d6eefae1792,7ba8649a-ea50-45a2-81e8-af7ed38ed1ae,f09e0179-a930-4650-bc64-001cd7564de0,
9581664e-e60c-4fde-aead-ba09e644d19c,7ba8649a-ea50-45a2-81e8-af7ed38ed1ae,f0a69fa4-be37-4a98-b977-329592b286d7,
43c165ec-0b37-4275-b4b8-a51ae002b2f5,7ba8649a-ea50-45a2-81e8-af7ed38ed1ae,f339fbfe-64f7-42d3-b91b-28529c53572b,
47e8e2bd-148c-4fc7-ad87-10e00ddfef82,7ba8649a-ea50-45a2-81e8-af7ed38ed1ae,f3e0392f-6a17-4b3e-9da5-0b60b6c88192,
93aed5aa-fc05-4fd7-b3b0-1fcdb94866cb,7ba8649a-ea50-45a2-81e8-af7ed38ed1ae,f4440d16-941d-4e99-b230-30b757a2fcf6,
9f4c0d55-05be-48bb-8802-895ad79f9caf,7ba8649a-ea50-45a2-81e8-af7ed38ed1ae,f4ea8499-c305-426a-82ac-73c8783ffc3e,
6d3195fc-c0b5-491a-a290-887291ac3adb,7ba8649a-ea50-45a2-81e8-af7ed38ed1ae,f5289949-b58b-4cb7-bef0-9502b850629d,
85b437ac-1e6a-4276-93f7-37c3f03ebd35,7ba8649a-ea50-45a2-81e8-af7ed38ed1ae,f69a26d2-a883-4e1e-85a2-c76dbf554bf6,
7e787005-88dc-46c6-8e6b-db1560dd543c,7ba8649a-ea50-45a2-81e8-af7ed38ed1ae,f93d32b0-a52e-4dd2-9862-0b5cb5f11c71,
2d08c4c2-cc29-40cb-a80d-14dccafbb246,7ba8649a-ea50-45a2-81e8-af7ed38ed1ae,fdc49e50-7262-4404-b9bb-ba46d26a69e2,
e5e2b4a2-f693-408c-bdb3-e10cdcac3bcc,7ba8649a-ea50-45a2-81e8-af7ed38ed1ae,fee12823-401f-4bbd-aea2-90b6308ef6db,
398059c4-3334-41dc-a79b-3a03c00d8541,7ba8649a-ea50-45a2-81e8-af7ed38ed1ae,ffc832ff-dccb-46cd-81c1-8ae79598f7c1,
b1b0ba8a-e248-40cc-9cbf-26cb435e0d86,7cff7b5b-2501-4a05-a6f7-5cfc9890006b,0053194f-47b9-4815-924f-da279e6a8ea9,
f1c5d7be-11f4-4f12-bb3a-805f6f226176,7cff7b5b-2501-4a05-a6f7-5cfc9890006b,0115a477-56ef-4005-a8a5-472934c0fa3e,
4f665219-ffbe-4e29-8826-847536ce133d,7cff7b5b-2501-4a05-a6f7-5cfc9890006b,01d8a65e-bbe6-4d0a-b09f-68968c8d2cef,
32a74982-f2ee-4e27-aa93-06ee2fa0f494,7cff7b5b-2501-4a05-a6f7-5cfc9890006b,02521b94-bfbb-4ffb-b288-6f930090a1a4,
9c0d4a34-12eb-4ce8-8f1b-401d012c15d7,7cff7b5b-2501-4a05-a6f7-5cfc9890006b,02e56c1c-7e16-401c-b314-71aa0378cb31,
82d6c928-a975-40a5-be37-7bf69ff301d3,7cff7b5b-2501-4a05-a6f7-5cfc9890006b,031c38ae-0ae3-4cac-90e8-773cf1924830,
2a4b0053-b01a-45d0-9e66-0c6cea044a3c,7cff7b5b-2501-4a05-a6f7-5cfc9890006b,03ded8fc-a842-4cc5-ad2c-8d1401c57aeb,
37fdd1f7-6baa-457c-b50b-4a00621a07f7,7cff7b5b-2501-4a05-a6f7-5cfc9890006b,058e2b13-da44-43b4-b77e-ffdfa4681ad9,
43edd1d6-cc6e-4e74-bdcb-7638d279bb87,7cff7b5b-2501-4a05-a6f7-5cfc9890006b,07aac3b1-6228-441e-bd14-bd74d26c9580,
d73e6090-04c3-46bf-bb5e-d02115518349,7cff7b5b-2501-4a05-a6f7-5cfc9890006b,0bacac0d-6167-48e4-8454-dc65e1833b3a,
d29a4807-0fd4-4e6c-bf3f-428131baa207,7cff7b5b-2501-4a05-a6f7-5cfc9890006b,0f6d775a-18c6-4f66-b5cd-ec1fa01337b4,
07fe1a73-21d2-4262-af63-f4ed73baec6f,7cff7b5b-2501-4a05-a6f7-5cfc9890006b,1406d9c3-324e-4493-b9e1-43f7857613ad,
93b74959-1fbf-4e6c-9be3-81cd9f7e3b78,7cff7b5b-2501-4a05-a6f7-5cfc9890006b,14a6b560-bcb1-4b9e-81d2-36f2079a3fb1,
d4d53edc-eb28-4491-b389-f3d6ffe37f05,7cff7b5b-2501-4a05-a6f7-5cfc9890006b,1629ce9f-7df8-45b9-890f-a301e884e57a,
1b4f0881-1ede-490e-bf45-7fc2ca9da8da,7cff7b5b-2501-4a05-a6f7-5cfc9890006b,173b2222-9501-4f0f-a639-1403cf0f3fda,
04540f38-914f-4a11-a641-cb08cbaab1de,7cff7b5b-2501-4a05-a6f7-5cfc9890006b,1f860a0d-fa0f-4cb0-9044-ca8dbf60fb3b,
a36f5d77-8bb0-4030-8074-9a2aa64825c6,7cff7b5b-2501-4a05-a6f7-5cfc9890006b,2277e208-b966-457b-97cd-9de9e68962e7,
ec19033c-2a56-4f6c-991a-62ce2d3ab508,7cff7b5b-2501-4a05-a6f7-5cfc9890006b,229f9e89-6123-465c-a74f-8ffaf7f03d24,
48cc29dc-bb17-40ca-9327-ec6133b7d08f,7cff7b5b-2501-4a05-a6f7-5cfc9890006b,28254a84-3d20-4436-856e-fd169909b29e,
278139e8-8272-4e05-b079-72e9b5601b55,7cff7b5b-2501-4a05-a6f7-5cfc9890006b,2899938e-8c15-4060-9a6f-e5ee736a00f4,
e02d154b-d6bb-4429-9955-02724f8a0959,7cff7b5b-2501-4a05-a6f7-5cfc9890006b,2c988418-20f5-4cd5-9ac5-62855e3928df,
ca3b591b-2813-4a4c-a7d5-26fd0c74a8c7,7cff7b5b-2501-4a05-a6f7-5cfc9890006b,2d54a500-5afc-418f-a04b-ae59ba8f7b9d,
7a9948a5-327c-41e1-b556-4be06ed3be1c,7cff7b5b-2501-4a05-a6f7-5cfc9890006b,2fd59840-82c3-401d-b770-a1a6b4908b8a,
121c9e4b-a9b2-4b92-907f-1f29640d4db7,7cff7b5b-2501-4a05-a6f7-5cfc9890006b,32680c70-e625-4e1b-8960-645ff3c8090d,
f5cb6067-5049-4981-a598-987a72cdef17,7cff7b5b-2501-4a05-a6f7-5cfc9890006b,3b8233da-1368-4551-bc75-7e0a97c2bbcc,
3d345522-a3d5-4a02-a581-1000756d7b4b,7cff7b5b-2501-4a05-a6f7-5cfc9890006b,3bfa9e62-e2de-4daa-be3b-7a6c2b5aad9a,
4f5a226e-4b99-469c-a418-0718910d295f,7cff7b5b-2501-4a05-a6f7-5cfc9890006b,3e60c376-ea23-489d-a7a3-c60a241996ed,
cbb85c5c-7c7b-405b-8d93-c8fa6fdb610c,7cff7b5b-2501-4a05-a6f7-5cfc9890006b,3e7a832a-b3d0-499c-9633-0ffc3c051b77,
da0839a5-e017-4bce-bc9f-984fae729cea,7cff7b5b-2501-4a05-a6f7-5cfc9890006b,3fc3704e-951d-4530-bfae-9bd600d0a87b,
6c3b6435-5888-475b-a130-655a10cab272,7cff7b5b-2501-4a05-a6f7-5cfc9890006b,42412d36-ffec-4b47-8f9d-18f8c5fc1d23,
8dfd1382-3341-478b-9924-4a0e88d5090a,7cff7b5b-2501-4a05-a6f7-5cfc9890006b,4660260c-798e-43f6-80ba-edd18185d378,
1e0bc9e3-f011-4de4-8b9d-b97105052cd4,7cff7b5b-2501-4a05-a6f7-5cfc9890006b,46f8e38a-a8db-4122-8bc4-7dd385c72ab7,
51d60b4b-a93a-4c38-8b6d-1a27dd17df22,7cff7b5b-2501-4a05-a6f7-5cfc9890006b,47c92446-8647-4a2d-990b-14304b4ec929,
f4e24016-3e87-44c3-abf7-f9e9e6920837,7cff7b5b-2501-4a05-a6f7-5cfc9890006b,4be66bce-89b2-4137-9e13-54bfac04114d,
c08e141b-070e-4b7a-bb1f-2dec9ddfad0a,7cff7b5b-2501-4a05-a6f7-5cfc9890006b,4de9a2f3-b5ff-44ba-8426-cf269c0c68a1,
cc5c9b21-1807-4031-b713-e8ec56b527d9,7cff7b5b-2501-4a05-a6f7-5cfc9890006b,52da41ab-1f9e-4639-b8db-0660bd91b3ba,
d18b4ae0-fd52-41a2-9193-8275b21e7aba,7cff7b5b-2501-4a05-a6f7-5cfc9890006b,542679aa-733e-48ce-a89e-5a4de34bd0c5,
da0981a9-574a-4908-a62d-f7dcde79be36,7cff7b5b-2501-4a05-a6f7-5cfc9890006b,54284e7a-00be-4f78-9f46-e6a54985db4d,
66b8d1c5-e0bc-4aa2-89ee-a0787b91bf7f,7cff7b5b-2501-4a05-a6f7-5cfc9890006b,5863860b-577d-4a54-b1b5-efb8c2c05120,
e1fe80c1-d80d-4a57-a7c4-bdf0777d99da,7cff7b5b-2501-4a05-a6f7-5cfc9890006b,58f45804-29bb-4a48-a07f-8551fa37b624,
d6efdf6a-d64f-4c10-bd07-8e77384c188a,7cff7b5b-2501-4a05-a6f7-5cfc9890006b,5a75aa0f-7b45-4f83-9e37-f0d9fc19b0d5,
d06a6f18-dcd1-46b3-9548-fa16eb6ae9cc,7cff7b5b-2501-4a05-a6f7-5cfc9890006b,65dbacdd-251a-4be5-8cb2-bee4ecbe36ee,
849f4e36-4bdf-4fa3-9940-4e0c233fbf80,7cff7b5b-2501-4a05-a6f7-5cfc9890006b,6a107d56-89b9-493a-a5fc-3d1a9afdb7c7,
8b2e56c0-a094-4627-93fd-e18d8f75f88f,7cff7b5b-2501-4a05-a6f7-5cfc9890006b,6a26f107-b7bc-4d9c-af5b-a63de7933a9c,
c095da7b-454b-408a-8d1e-f2c43316faa4,7cff7b5b-2501-4a05-a6f7-5cfc9890006b,6a3d19c7-f1c3-4991-8205-cf92b7484f56,
a17cbb05-f306-45cb-83cf-d11653c8af0c,7cff7b5b-2501-4a05-a6f7-5cfc9890006b,6c8c57bf-ca5b-4eb0-a920-607de55a46e7,
b2b283b6-8acf-4d52-8918-ac0b2de60af1,7cff7b5b-2501-4a05-a6f7-5cfc9890006b,6f3ab080-cd41-4e6a-b882-60a695c797c5,
d8be0c26-011e-4069-9f9d-6edf1e2b3173,7cff7b5b-2501-4a05-a6f7-5cfc9890006b,7109a1a0-349b-4668-b0ed-f1eafeba501a,
f2f9b4c6-ccdb-47b0-bcab-474242452318,7cff7b5b-2501-4a05-a6f7-5cfc9890006b,7342fe53-42a8-4acc-8c17-103daf3eaeda,
075762aa-593e-4e19-9a18-6388604f1b6b,7cff7b5b-2501-4a05-a6f7-5cfc9890006b,73c9c9b2-8667-4d61-99e8-e435e3f65c77,
87414d7a-222e-41ab-96d8-561792646a01,7cff7b5b-2501-4a05-a6f7-5cfc9890006b,7827620c-3b4f-4cee-b90d-bd78842777e1,
07d36653-b779-43e7-89d4-32896d6ab635,7cff7b5b-2501-4a05-a6f7-5cfc9890006b,7880ebdc-2c8d-4f1d-8fc7-9e7c6602adeb,
810662c2-3289-4626-8f45-d8f8aad20b56,7cff7b5b-2501-4a05-a6f7-5cfc9890006b,7bc2c678-49b1-49fd-b6e3-53215ba00117,
e961de20-6d5c-46b0-a7a6-8ccc8e348956,7cff7b5b-2501-4a05-a6f7-5cfc9890006b,7c9b6ce3-3bc5-426b-ae12-8f495c125d0a,
0dc8d5f9-8716-408f-904d-2e31c89476cf,7cff7b5b-2501-4a05-a6f7-5cfc9890006b,7ce2bf1b-c9e8-48ed-8418-68b6c5a6818e,
50d55661-7cb4-4737-bd83-b44d490cd2b1,7cff7b5b-2501-4a05-a6f7-5cfc9890006b,7dcc669d-5894-4b55-96dd-d03fa5140527,
3ef9e4fc-3402-4673-80d2-076963c0eca6,7cff7b5b-2501-4a05-a6f7-5cfc9890006b,7e5a054d-901b-4b0e-a1fc-474898c4ddf1,
1019e797-f30c-43e8-a6ad-f26fcee081da,7cff7b5b-2501-4a05-a6f7-5cfc9890006b,7ee4fc6a-d4e0-48ee-bd4d-6546461d1e83,
b77719c0-e8a9-4550-8a2b-f83871434969,7cff7b5b-2501-4a05-a6f7-5cfc9890006b,83499539-e063-41d9-88e2-eadb60739c0d,
51a2902b-b661-47f1-815f-60c24bba7a87,7cff7b5b-2501-4a05-a6f7-5cfc9890006b,86b65a60-ba92-406a-ad79-ab029c44086d,
4aac35e5-a17f-4cb8-813f-8e7bc660e280,7cff7b5b-2501-4a05-a6f7-5cfc9890006b,8b5ad97c-316c-42af-be29-072792c08ec3,
8e18550b-4265-418b-9b04-d61aab3347a0,7cff7b5b-2501-4a05-a6f7-5cfc9890006b,8cf1462e-cd89-49a5-b542-b7e24d725dfe,
058865d6-754c-4222-95e9-4b94070d4375,7cff7b5b-2501-4a05-a6f7-5cfc9890006b,8d3220f3-ba09-41e9-b934-e31fd7c901ec,
fd6ad58b-e803-42d8-a05a-5c35abf1091a,7cff7b5b-2501-4a05-a6f7-5cfc9890006b,8dea48e3-a38e-4d68-b17e-61b8503d9e85,
eda1fe15-69fc-4073-8642-3c418f4e5180,7cff7b5b-2501-4a05-a6f7-5cfc9890006b,95df6356-e4aa-4bbb-a96f-3951adf542e5,
7b5a7511-e923-4b78-af87-df8e3de5f5ad,7cff7b5b-2501-4a05-a6f7-5cfc9890006b,97d24f73-b6bb-4e7c-b189-b83c00c18db5,
978d28c6-154d-48e9-9763-626fd1c48e22,7cff7b5b-2501-4a05-a6f7-5cfc9890006b,99402743-d8c5-417f-9025-a301e0c73a76,
edf273be-e0da-4e48-bc54-e459265e22e6,7cff7b5b-2501-4a05-a6f7-5cfc9890006b,9d1848a3-8143-43ae-b093-02e931ab38a9,
b8e14f57-f92f-4ce0-9270-2dbbe843a7e3,7cff7b5b-2501-4a05-a6f7-5cfc9890006b,9d683791-680b-4afa-8db3-246e9b738e7b,
8f4b02ac-f817-442a-888f-cb5251312499,7cff7b5b-2501-4a05-a6f7-5cfc9890006b,9e2d9066-1b3b-4ee7-84c7-9f22a57c488e,
5b7307b0-da67-415e-8a02-a13a63420112,7cff7b5b-2501-4a05-a6f7-5cfc9890006b,9f078331-dc56-4547-b719-22c41ad34602,
a24cb32e-6f11-4561-9884-19b8b4258f0c,7cff7b5b-2501-4a05-a6f7-5cfc9890006b,a1acab46-0db0-458b-b3db-ee7aaeae3488,
7a65d4a6-eef9-4428-a0d0-276be3c5b480,7cff7b5b-2501-4a05-a6f7-5cfc9890006b,a3026a4f-72c1-4c61-9339-70ce386ce184,
535e2d7a-53b4-46c3-8cb3-060a587d013e,7cff7b5b-2501-4a05-a6f7-5cfc9890006b,a5150635-60d8-456e-91cb-e6e31c01a445,
ba1c13cd-a4f2-420f-b196-d141f99babfe,7cff7b5b-2501-4a05-a6f7-5cfc9890006b,a59fea65-6571-449e-b563-9684d44770c0,
1a511448-7fca-4ac9-9bfa-f7cbe666866b,7cff7b5b-2501-4a05-a6f7-5cfc9890006b,a67f2dfa-e9df-40c4-8504-f2d6c0e0373f,
280a5505-b349-4cf6-9d2b-1d0309ae6a87,7cff7b5b-2501-4a05-a6f7-5cfc9890006b,aa1afaf6-a07a-4d49-b20f-ff56b45d0f92,
cd3b8a54-4367-47ee-aea4-2977fc4010dd,7cff7b5b-2501-4a05-a6f7-5cfc9890006b,aa88f3a3-5484-4959-b445-060c53c4f04a,
b57e1978-3d2b-4ccd-9663-d38c476c3435,7cff7b5b-2501-4a05-a6f7-5cfc9890006b,ace79120-8f9d-41fc-a78c-eae68940b34f,
473a5c02-ff98-4a0f-8c90-53bd0928dfc5,7cff7b5b-2501-4a05-a6f7-5cfc9890006b,ad9599d9-56e6-4622-91e4-1296706c7cb1,
3ca3328f-a720-43d0-84f0-c4870c1f0ba7,7cff7b5b-2501-4a05-a6f7-5cfc9890006b,af636574-4d44-411d-9262-56a2fa24dd8e,
16feb03e-bf9f-4f4a-9e8f-08557d51bfe1,7cff7b5b-2501-4a05-a6f7-5cfc9890006b,b0f630ea-994c-40a8-b9bc-a807d34cf064,
675d36bd-3c1f-4146-8a78-d3036ae58726,7cff7b5b-2501-4a05-a6f7-5cfc9890006b,b19bb7e4-90c7-4a11-983a-ebad34b18fbc,
d4878e2f-d956-4e6d-8a46-38223dbc79ab,7cff7b5b-2501-4a05-a6f7-5cfc9890006b,b3720211-a1d5-4da3-8014-b057a9ab986a,
410d9c9d-591c-4ff7-a30e-28baa2c7289f,7cff7b5b-2501-4a05-a6f7-5cfc9890006b,b3d05041-78e6-40ae-a6dd-633703c9a544,
ef2d9bde-ccdf-4580-8f56-0cb5ad64d626,7cff7b5b-2501-4a05-a6f7-5cfc9890006b,b3dbe50c-4215-473f-a60e-edc7e8efc558,
61c0ae1b-7113-48c7-a3f1-128e5f514ecf,7cff7b5b-2501-4a05-a6f7-5cfc9890006b,b5b7ddc6-6950-45fe-bb01-0e08fd6053cc,
046f677a-4610-4748-a8df-d5ed8e9ffa1e,7cff7b5b-2501-4a05-a6f7-5cfc9890006b,bcc76612-1a14-41c7-b48c-c56f29d88f93,
81900d19-0fb6-4098-b199-e383c9d212fe,7cff7b5b-2501-4a05-a6f7-5cfc9890006b,c16cd6af-df95-41eb-97fc-cedd9f266e5d,
8b354127-07a0-4034-bb58-5c981529993b,7cff7b5b-2501-4a05-a6f7-5cfc9890006b,c684ebaf-3c6e-4e2d-af3b-d22f34609029,
1c2bebfa-3997-4755-aba2-bb661b054cfb,7cff7b5b-2501-4a05-a6f7-5cfc9890006b,c798b811-5cd2-41ae-9939-d0b4d2165ad3,
8c87e6a8-4401-4c27-ac25-e04e6edb7847,7cff7b5b-2501-4a05-a6f7-5cfc9890006b,c809a547-3c38-40a4-994f-8c48af46db75,
92f2b0a0-681a-43c3-8b18-1c35e17b7ea7,7cff7b5b-2501-4a05-a6f7-5cfc9890006b,c8ccb11e-2efb-404b-9b95-5e5f40a08a41,
c39634b8-e7f2-49a4-af97-ae381abf4024,7cff7b5b-2501-4a05-a6f7-5cfc9890006b,cee1e97f-3d82-4280-951e-d29f22b25203,
045525f0-4933-4ab4-b799-fdec4b366ef3,7cff7b5b-2501-4a05-a6f7-5cfc9890006b,d07b0636-2c98-404e-8883-78c8089ca5f6,
69f85fc2-e4d6-434f-8f98-1997eb98d2d1,7cff7b5b-2501-4a05-a6f7-5cfc9890006b,d0fbd8e2-f9bc-4262-ba9a-07e08c3b5472,
357a97ac-db40-4133-8d71-10512cb474ad,7cff7b5b-2501-4a05-a6f7-5cfc9890006b,d170c4f4-80e2-4c70-8a27-88c2b31fd443,
1f910260-dab7-460c-8fd0-70d97ec234de,7cff7b5b-2501-4a05-a6f7-5cfc9890006b,d25d47ee-3064-4286-ad52-9a85e3abab3f,
55e6eeaf-b43b-416c-88fa-5bc38ec5cb85,7cff7b5b-2501-4a05-a6f7-5cfc9890006b,d4203e7a-1434-4fee-b88f-4cc6dee50b54,
45b73be4-00ba-4ced-89ed-11ef5a5a6884,7cff7b5b-2501-4a05-a6f7-5cfc9890006b,d7e9dfac-6ffa-4d90-bffb-0a9564365b26,
f9e8c74f-7c04-4c32-a345-2ce7f59d6b8d,7cff7b5b-2501-4a05-a6f7-5cfc9890006b,dbe97869-110b-48e2-b1b4-7064e777938d,
37c95d33-acf4-42b9-a5a0-3106f981e101,7cff7b5b-2501-4a05-a6f7-5cfc9890006b,dc86e211-b2a6-481d-b824-a71727ff2eb6,
4d3002dd-1ca6-44d9-b64d-552705de1fa1,7cff7b5b-2501-4a05-a6f7-5cfc9890006b,ddb93164-758e-4450-9df5-348e9bc7013e,
1b2dd83b-e2b4-4522-9cd9-e04f52094339,7cff7b5b-2501-4a05-a6f7-5cfc9890006b,de09b0f4-d9cb-4325-8a58-4262e27a023b,
1a7aaff0-9c23-4e68-b6b9-881bcb9b6ebe,7cff7b5b-2501-4a05-a6f7-5cfc9890006b,e00b7d13-baf1-4baa-b608-6373c75e3edc,
e10b09c9-91d5-46ca-a5ed-904814016e35,7cff7b5b-2501-4a05-a6f7-5cfc9890006b,e24c2dfd-8499-429e-9f3f-948167660d4e,
8c95557c-c8db-44d2-b794-353b9c27f9b0,7cff7b5b-2501-4a05-a6f7-5cfc9890006b,eb938d65-f564-4678-9a27-0923ee875de7,
e495f6fb-843e-4593-9c0e-db64a0097ee9,7cff7b5b-2501-4a05-a6f7-5cfc9890006b,ec47b0bd-4970-4eaf-b759-4558991abedb,
df930818-bcc7-44a8-933a-a24b178a970e,7cff7b5b-2501-4a05-a6f7-5cfc9890006b,ec6bd39e-151b-487b-b5f3-958b5166bf91,
66a0a35a-142f-4045-be4e-4e1a4c02e52c,7cff7b5b-2501-4a05-a6f7-5cfc9890006b,eeb5176b-3441-429d-b772-24804a136c22,
5db2d301-2b4f-40d2-8ac0-a5c98c3fefee,7cff7b5b-2501-4a05-a6f7-5cfc9890006b,f073b3cb-4336-4567-a183-73492256a03c,
47210f70-887e-4fec-8f1b-e74401120896,7cff7b5b-2501-4a05-a6f7-5cfc9890006b,f0afa8f7-2985-41c0-bd5f-66e8bdb3b176,
9e84480d-7d56-4cb4-a573-d6675568875c,7cff7b5b-2501-4a05-a6f7-5cfc9890006b,f5fa0068-8c39-4287-92f4-064b79acf8ad,
2e3e5bf9-c485-4091-a69e-9a10d5f3694a,7cff7b5b-2501-4a05-a6f7-5cfc9890006b,f6f0d36e-3de0-4b7e-aad3-9868b362a2a0,
843a8186-30f1-4e68-a3f0-48460486ee5a,7cff7b5b-2501-4a05-a6f7-5cfc9890006b,fab3df62-9fb5-4c01-b5de-318ed455ad1a,
ca0e7f98-2559-4427-9167-c21e4ecc32a1,7cff7b5b-2501-4a05-a6f7-5cfc9890006b,fb07f12f-d0fc-4513-a642-13c3215cee91,
1cfcf667-1b2f-479b-a9c8-4b038c71cd7e,7cff7b5b-2501-4a05-a6f7-5cfc9890006b,fb31396e-f7fe-4cc7-b59f-6a6185a309ec,
7db70c52-2b64-4d1a-9fe8-fa5634c715e1,7cff7b5b-2501-4a05-a6f7-5cfc9890006b,fb40207f-78b6-47ef-a2a1-2e0cb3ec49d7,
3631ec59-f4f5-44ae-8e86-141a34ddb8bb,7cff7b5b-2501-4a05-a6f7-5cfc9890006b,fb809a18-0f50-4690-9070-3b1af2d093e1,
e7788360-d738-474e-8d19-9f87c143fba3,7cff7b5b-2501-4a05-a6f7-5cfc9890006b,fd211436-f6ca-43fb-ac52-e0285a5d5140,
efa8f0b6-b726-49de-836c-c67eeb437e15,7cff7b5b-2501-4a05-a6f7-5cfc9890006b,fd4dd142-8f9d-4a0d-8d34-1d967db9b4a3,
f2cac465-c3bc-4bc3-b2c5-06e9a1c3542d,7cff7b5b-2501-4a05-a6f7-5cfc9890006b,fe8304b0-c560-479b-a225-d8872043fcdc,
8cceaaa9-2f5d-4b2d-8649-cdd4651c5fd0,7f2c62d2-3712-42ec-828c-c7a85b0feb17,3938149a-3cdd-40ac-90f4-f84635a65b8b,
70399344-fd36-4e42-b113-65a27e9e22bd,7f2c62d2-3712-42ec-828c-c7a85b0feb17,cde8b2dd-a347-402d-89e6-83e9d1f6e013,
90c4333a-791d-47bf-bb89-0c984fa3f078,7f2c62d2-3712-42ec-828c-c7a85b0feb17,e8ac53b0-61dd-449d-82aa-861d74621817,
6607c5e3-b3d9-4ac4-83c7-5e098cdc0b44,876b05f3-64d8-4f10-8271-be99a3679634,dff9895e-44ee-40d8-a185-f18a5d711083,
b88f5589-6d7b-4812-9c01-fd44820629e5,8789f813-28a8-4d4b-9170-06690afed5d9,0a3cd6ec-ec76-46a7-8d6b-3c500817357a,
eb20afaf-f3d5-482b-9e66-b8318c64ebcd,8789f813-28a8-4d4b-9170-06690afed5d9,1256acf2-21a6-4253-9379-2e38407e1466,
06b9f587-73d6-437a-acce-38c1e8f6ea39,8789f813-28a8-4d4b-9170-06690afed5d9,14dd3d2c-1b16-430b-a618-6f60b1d625dd,
0c802a53-ec5d-4ffb-8590-d73022d424d6,8789f813-28a8-4d4b-9170-06690afed5d9,1a5cfc83-dee1-4d67-8046-15adf1f6d60a,
17f7e763-10bf-4244-9dd6-8f45d7b1b621,8789f813-28a8-4d4b-9170-06690afed5d9,1b019b60-26bd-4b72-a282-c1002f33bec2,
8dcfe663-2fe3-4876-a76e-bdf10ead4dec,8789f813-28a8-4d4b-9170-06690afed5d9,2764ac8c-ff6a-45f5-903d-049cb12b9bc8,
d0e46383-b229-42be-aef9-abe2ee5fa835,8789f813-28a8-4d4b-9170-06690afed5d9,2abba53e-8d57-44d2-b4be-76aad7b1753e,
bc9dc6f8-2db1-4d54-a9ea-d4fe04cb0a0d,8789f813-28a8-4d4b-9170-06690afed5d9,52c506a8-0217-4e80-8155-977843ce890f,
36ae6b50-c78f-41c4-ad70-2e50ddbc5387,8789f813-28a8-4d4b-9170-06690afed5d9,5555ce57-7ec7-48c9-97ba-4c4df2226fff,
34f95514-3e41-4321-8b71-405c0acf273f,8789f813-28a8-4d4b-9170-06690afed5d9,5d29c139-d99f-4f26-bbde-9f6b4bd2d5c6,
ca96966f-2284-40b0-a077-59be7f5519a9,8789f813-28a8-4d4b-9170-06690afed5d9,63f1ff8a-0af3-4380-9b04-fddf81a942f0,
4d7cad39-66f9-4105-a995-f35f3892a1fa,8789f813-28a8-4d4b-9170-06690afed5d9,678c176b-11f3-46c7-ac69-6270812b3cbc,
9ea3b9ec-b192-4a89-b69a-00a011f1fc9b,8789f813-28a8-4d4b-9170-06690afed5d9,6e898310-686f-444d-b271-9afeea0b816d,
ab8a28d4-4c90-407d-a338-bf1a235b15c7,8789f813-28a8-4d4b-9170-06690afed5d9,715273a9-ba54-4047-849b-96a2510d2dba,
13395b05-2627-4298-bbe7-668a39ea2f1a,8789f813-28a8-4d4b-9170-06690afed5d9,748e8bb0-8295-4378-b99e-104860a4da59,
cb4ba671-93a9-46bd-aa59-90b38e699872,8789f813-28a8-4d4b-9170-06690afed5d9,7eeb9c73-9a41-4a65-b311-812cd94c7636,
aa5635ab-1df4-47ec-b9b6-81471f10994c,8789f813-28a8-4d4b-9170-06690afed5d9,805a4127-b422-498a-b372-1e93cfa6e618,
2f34e007-f34f-4adb-8a27-0fcf3f6c7465,8789f813-28a8-4d4b-9170-06690afed5d9,8b807f17-84da-4292-b3b6-434ee82ddb88,
071bf545-ac83-413e-8545-f27818a31784,8789f813-28a8-4d4b-9170-06690afed5d9,8f812051-c6c5-4a15-bb88-bd33198665d4,
1076f727-068d-4a94-b424-23b1de5223dc,8789f813-28a8-4d4b-9170-06690afed5d9,98a6807c-9cde-49b4-8532-e1a482edee16,
db878726-16d6-4a84-8b8a-148e17c9403b,8789f813-28a8-4d4b-9170-06690afed5d9,b56c8aa1-ff73-4708-a710-8881e0c3b9dc,
2534e1c9-8249-4fb5-8e1d-0e377c89a828,8789f813-28a8-4d4b-9170-06690afed5d9,b92e695a-b873-46fb-adc2-96319851d25d,
9f3870f8-9b05-4959-a7b9-09a3678fa2d8,8789f813-28a8-4d4b-9170-06690afed5d9,d8c5b63c-ce00-4e3b-a79d-a1385e6509f5,
651067d8-f22b-4b9b-ad78-ed5d31202838,8789f813-28a8-4d4b-9170-06690afed5d9,dc9a1c66-0dbe-4e32-b4f6-3afbf23639fc,
86fe2667-00b5-4a54-887b-cab5d023572c,8789f813-28a8-4d4b-9170-06690afed5d9,e747735d-fae6-4d2e-8446-1802874ed57b,
42fba798-7239-46e2-9479-25710b838c09,8789f813-28a8-4d4b-9170-06690afed5d9,f2f3c5a5-815b-48ce-a328-90684061d55d,
96bdaf3f-5265-4216-983e-e8d48814f96e,889beb35-986b-4677-a7f8-dc7a426ad2cb,024257f9-036d-4f73-b34c-db899b3140d4,
2cf623b6-5a8d-464a-b573-2d7ad0dacccd,889beb35-986b-4677-a7f8-dc7a426ad2cb,038cce68-ff9a-4844-b4a6-0ef87f8efb17,
f0df9f16-29f9-4b58-8481-859a8d8a3cac,889beb35-986b-4677-a7f8-dc7a426ad2cb,13a7f982-4dd6-4a51-8933-88aa36506640,
b03ee089-6095-47b6-9b6f-69c0316ab684,889beb35-986b-4677-a7f8-dc7a426ad2cb,1540da4c-6d3c-411b-9334-8800c9b57936,
1afb02e5-240b-4958-9c37-6010a371113c,889beb35-986b-4677-a7f8-dc7a426ad2cb,1693177a-edd2-4558-a9b8-e9bf94a8312d,
ff1ebda5-2c09-4e4b-a4d9-52d7278c0d48,889beb35-986b-4677-a7f8-dc7a426ad2cb,1cdd02ca-1734-45f2-a91b-1b9c7223fec5,
962e563b-e8df-4151-b90d-b667adf47ac5,889beb35-986b-4677-a7f8-dc7a426ad2cb,275dea96-8ebc-4ddd-8312-a62230cfc086,
c80c448a-d303-4a64-a124-a24d6ca350fd,889beb35-986b-4677-a7f8-dc7a426ad2cb,2f7dfc8a-7bc9-4069-9e8f-12b0efe758ec,
baf98433-2a29-4c34-ba8f-d09248e827d8,889beb35-986b-4677-a7f8-dc7a426ad2cb,358b7a04-185e-4a3d-ad60-a1d1d7f64c92,
34e12070-f826-489d-9386-39f48e42d0a1,889beb35-986b-4677-a7f8-dc7a426ad2cb,41031517-f69d-49af-81ec-db417705da10,
883f61da-a6de-4589-9687-594356eb3e56,889beb35-986b-4677-a7f8-dc7a426ad2cb,473d9e3c-41b8-4437-a3b7-3a1844bc4fd8,
dddcdc0a-552f-475b-b609-4da98bc23d9d,889beb35-986b-4677-a7f8-dc7a426ad2cb,4ff6cbd2-b941-4813-9614-987b690feb58,
4e57f307-5954-4a59-9fcd-b1cd46f6605f,889beb35-986b-4677-a7f8-dc7a426ad2cb,59c3ac85-cd55-4c38-8216-21b3eab4fb97,
a126c4a4-6d81-4822-8126-03f13623e8ef,889beb35-986b-4677-a7f8-dc7a426ad2cb,5d00517d-8ddf-4852-80e2-c4b981c99d3c,
e399152a-413b-4b8a-a2a3-3d0205641f01,889beb35-986b-4677-a7f8-dc7a426ad2cb,6486055e-244e-4818-b194-883888278d82,
e7313f06-0b71-4828-acf1-4691ebfec52c,889beb35-986b-4677-a7f8-dc7a426ad2cb,70c4a483-6117-4b7f-a9ae-63e1ae6a4cbd,
377c93c9-6d3d-4a60-aef9-0aa4a6f617ed,889beb35-986b-4677-a7f8-dc7a426ad2cb,7d92bc8b-8513-4a42-a00b-6e3062be2300,
8adf91e4-0c41-417f-bc30-17a26cfafb25,889beb35-986b-4677-a7f8-dc7a426ad2cb,7fa058df-b6c4-445d-8aaf-227d21389238,
40e8f4c7-351c-45fd-8ed8-e989398e7975,889beb35-986b-4677-a7f8-dc7a426ad2cb,86162220-ce35-493a-a7a2-52636417aa17,
9fff663a-d518-4ff3-9dd1-7fe9b3fa83a1,889beb35-986b-4677-a7f8-dc7a426ad2cb,8d5c5026-e5fd-4d3e-be50-6e1f045e61f3,
83dca1fc-7284-4e44-89c8-8b672b341214,889beb35-986b-4677-a7f8-dc7a426ad2cb,9125eb63-b8f2-4e8b-a88f-50839b615464,
140957dc-759d-46b1-8864-e4d3b4b6c3bd,889beb35-986b-4677-a7f8-dc7a426ad2cb,9861fc43-b0af-46c7-b38d-37f12151c8f9,
5c8a7b04-1e87-483a-bb88-50f9c1ce3267,889beb35-986b-4677-a7f8-dc7a426ad2cb,98dc1a25-debc-41c1-baa2-7bf3f5e346d0,
0bab2f4f-b4ff-4ab7-9d2b-23bd57adf066,889beb35-986b-4677-a7f8-dc7a426ad2cb,a0809c32-06d7-4440-8017-9005623ea690,
6f2af28e-484d-4712-ba15-94926fedf824,889beb35-986b-4677-a7f8-dc7a426ad2cb,aabd0267-5650-4327-908f-e45b117b21ef,
6d9bafe9-cb88-44f4-bb45-492aff60cdcd,889beb35-986b-4677-a7f8-dc7a426ad2cb,acbcf4f1-e33e-40ca-bd87-5bf7dbde8b9b,
4cc9b08e-b38b-49e3-b03d-0d2b6c5f61b8,889beb35-986b-4677-a7f8-dc7a426ad2cb,b52beadd-ac51-4aa5-b55b-fd6d32b80782,
ac8b76b6-a60c-495f-899e-f9e97ac81cbe,889beb35-986b-4677-a7f8-dc7a426ad2cb,be343857-f1e4-4d52-9d7b-bf721def291f,
24bdc7b7-7dd6-4901-bc41-bfdf25885eba,889beb35-986b-4677-a7f8-dc7a426ad2cb,cb750d80-1097-4944-b19e-eb4585fa948d,
96aaa536-9dd9-4444-9513-eacd22bd366f,889beb35-986b-4677-a7f8-dc7a426ad2cb,cec74302-5ecf-4732-9786-b5a89afb3642,
4853fc5e-312b-4f39-9b1f-4a1a42792be2,889beb35-986b-4677-a7f8-dc7a426ad2cb,d0f8c26b-ce0a-4b13-8d54-c97a602c4657,
3cd30a29-a2cf-4e4a-9c01-47831ac05187,889beb35-986b-4677-a7f8-dc7a426ad2cb,d8ee4d60-5466-4458-af7f-7f0b59e47810,
1a7d820e-4685-4f36-b902-67cf11737b04,889beb35-986b-4677-a7f8-dc7a426ad2cb,dd0b9e1e-f6a7-4032-8722-298ad77db4d8,
3e159b3a-60bb-4934-8f18-84ba54e2fa11,889beb35-986b-4677-a7f8-dc7a426ad2cb,dd37c9aa-433d-41ad-9c76-a0dd1812479f,
867c3ab6-8afe-4beb-a3f9-0680e57d4449,889beb35-986b-4677-a7f8-dc7a426ad2cb,deb363d8-521f-45bd-bd2d-dd8f92474a94,
2570346d-f04e-4d4e-80d5-8793d86fa8d9,889beb35-986b-4677-a7f8-dc7a426ad2cb,eadce65f-6961-4a2a-ab34-2a76f02208c4,
0b50f2ec-e070-46f0-be29-c95c57471049,889beb35-986b-4677-a7f8-dc7a426ad2cb,f00de758-eb07-4903-8b70-53dbc316da73,
41b97976-ae53-4040-9880-86c7bdc2f11c,889beb35-986b-4677-a7f8-dc7a426ad2cb,f5d421ce-d90e-41cd-92ef-9e53354b64f5,
db8e3b1e-ee4d-4bee-b0e7-0dea015b1668,889beb35-986b-4677-a7f8-dc7a426ad2cb,f8a70217-ab71-46f0-a969-2ff42042009e,
dbaf0292-aca0-487f-80a8-964707c89f1e,88ab4c68-b95e-4f95-8436-2d8affeac43c,0eddcc71-eeb3-4d0b-a78a-a59f7cb03071,
ea02550c-ee3c-4f0c-bccc-cfb928252e39,88ab4c68-b95e-4f95-8436-2d8affeac43c,2932e9ba-8459-44be-b872-6446fe2fc7ab,
febd5c54-275c-48b9-bbf0-ea3e46b1f6bf,88ab4c68-b95e-4f95-8436-2d8affeac43c,5ace456f-d6ea-46ce-a30f-d32894a4b28d,
1a8639df-6328-41cd-ac61-1446672612da,88ab4c68-b95e-4f95-8436-2d8affeac43c,6a8edac3-6c1f-4389-b587-68de1bf22ce0,
10028dea-86ca-41e1-b050-55197024fd01,88ab4c68-b95e-4f95-8436-2d8affeac43c,7659c0b4-5c65-424a-b519-9f39e6d2b0a9,
6f9e1a74-109c-4125-b602-0658373e451c,88ab4c68-b95e-4f95-8436-2d8affeac43c,7f0da5be-0b6e-4ec2-9345-853987cd8d21,
3dd276bf-77a0-42af-85ee-88b0acaff5cc,88ab4c68-b95e-4f95-8436-2d8affeac43c,8176636b-a13f-4fec-b096-1b53e7c7c96d,
ed30dc0b-534a-461a-b807-91764ba0c8f5,88ab4c68-b95e-4f95-8436-2d8affeac43c,8604aa59-8266-4759-85a3-eaf527bd4ad3,
e0524498-bc45-4fac-bbe7-d12e741c21b1,88ab4c68-b95e-4f95-8436-2d8affeac43c,9116fe0e-f040-4b3e-856d-a0e0908e8b7f,
dbb3372f-eb71-468f-b4c0-606435949d8f,88ab4c68-b95e-4f95-8436-2d8affeac43c,974e5e35-70ed-4a64-abae-9ae7fdd09e0e,
ee9eda90-d7d1-4822-86c2-552f536bf28f,88ab4c68-b95e-4f95-8436-2d8affeac43c,b9d9317c-bf40-4d8c-8013-5801046c540a,
17ade952-1c43-4124-b046-cfa5897218a2,88ab4c68-b95e-4f95-8436-2d8affeac43c,f24a3483-6153-4203-accd-e9f9ca3737b7,
5e93a467-c68c-47e8-a50c-cad34dfdee59,89869afd-6134-4493-9c97-b029e6f16e9c,1d7a5236-2b80-493c-82a3-c289963b7524,
5b4d7333-1911-4e8f-ac1a-aafb07480482,89869afd-6134-4493-9c97-b029e6f16e9c,29df8c2d-5a25-4af3-899d-6c858981c535,
caecae82-36ba-43fe-8861-3f0bdcce6cf2,89869afd-6134-4493-9c97-b029e6f16e9c,70d194ee-e2e3-4045-93f7-7f2dd13eca84,
67dd4be8-bbf9-4c3d-8fb1-f3b7b4d94c1e,89869afd-6134-4493-9c97-b029e6f16e9c,99433a4a-67a5-4ed0-9cde-68de476113b3,
0b8a919c-f7c4-4f02-ba6b-9045439db644,89869afd-6134-4493-9c97-b029e6f16e9c,a15c5acf-26fa-4f01-aa60-0a953e059156,
9a41f3d7-8ac2-41b6-8af7-567a6f4fca5c,89869afd-6134-4493-9c97-b029e6f16e9c,b15af839-6691-4795-a674-bd42d05991f2,
09be98d1-408a-484a-ad7f-d613cf69510b,89869afd-6134-4493-9c97-b029e6f16e9c,c53c93aa-fbd0-448f-ba2c-58f8487e8387,
6523113c-a6b6-4ad2-87e9-f0f109963496,8a9bfd97-20fe-459d-9d42-0e3936fb252c,80ce47ca-21bd-4c28-a9e1-9e6e10e08135,
64d2bf64-47a2-44ff-8405-b87410c87d77,8afaf51f-37f4-4f80-b8fd-c4e334717815,049d120b-d54a-47e7-bfe7-47b22b6005b7,
c6b4efbd-63b1-4c5d-845c-4534325d6b8c,8afaf51f-37f4-4f80-b8fd-c4e334717815,0afe5678-f63d-49a0-a4cb-d545007ce2ec,
74c94998-231e-4e7d-aedd-feb257aae868,8afaf51f-37f4-4f80-b8fd-c4e334717815,0aff3308-be03-43b0-a241-a91a03034dae,
3fe5a352-a0da-41f1-a41e-5ed6a9833d1d,8afaf51f-37f4-4f80-b8fd-c4e334717815,0fcd99da-3d9e-480d-b9cb-d73bee96e46d,
923a8f11-127f-449e-b150-381c1f167f8a,8afaf51f-37f4-4f80-b8fd-c4e334717815,12f7c60c-67a5-4889-b8ec-6f0181009eda,
3e88c7eb-1527-4ac9-83b7-7eadf2e5bd16,8afaf51f-37f4-4f80-b8fd-c4e334717815,17b2cbe4-cb26-4b5d-8a83-c9a292f670f1,
37be6a9d-423c-4000-aca4-0158a52a0021,8afaf51f-37f4-4f80-b8fd-c4e334717815,1913f029-0e98-47b0-8adb-fe75ad2df7ef,
da82a798-dac0-4635-86f5-5c80e3fc9f7d,8afaf51f-37f4-4f80-b8fd-c4e334717815,1983131a-937f-480f-8e7f-4fd340b5c953,
0d510134-72a1-4c70-8d20-bbac3e00f24c,8afaf51f-37f4-4f80-b8fd-c4e334717815,26b1ad59-5fa8-4d47-a7c3-026788987bfa,
6a1f1b2c-1e05-47fd-b7dc-ceea2b84d8f8,8afaf51f-37f4-4f80-b8fd-c4e334717815,27a880f8-78fe-4b9a-93a1-6a00c43486bc,
68bbbf78-66e8-4bc0-a635-834fcfe0f051,8afaf51f-37f4-4f80-b8fd-c4e334717815,2b1752df-4737-4fee-8905-81a30a2438c8,
6fd0629f-f637-407f-87fb-52695a7bfc11,8afaf51f-37f4-4f80-b8fd-c4e334717815,2c738880-864e-4f80-a151-b7fccc407806,
d48891eb-498f-47a6-911f-f9bbff05ae0c,8afaf51f-37f4-4f80-b8fd-c4e334717815,305a78a1-57bd-4aef-b902-43b1e99779fa,
6699d176-fc40-43e4-898f-24051bc394fa,8afaf51f-37f4-4f80-b8fd-c4e334717815,3a91a6fa-3191-4baa-b01c-17a6f864fe21,
75d5c96c-1806-4054-884e-dba2330ec92b,8afaf51f-37f4-4f80-b8fd-c4e334717815,3ff8a31c-5ca2-4c81-8419-d3267ed54e53,
92a1666a-9663-49e0-afdc-3b875bb3954b,8afaf51f-37f4-4f80-b8fd-c4e334717815,46b20184-7d62-4aa7-8978-adf0c2c1fb0e,
f45e13da-b031-4e8f-9da2-66a73edc2fa6,8afaf51f-37f4-4f80-b8fd-c4e334717815,62e42581-2423-443f-86b0-d7185e722bbf,
b23fff23-e318-4701-9b66-38dfcd6318ab,8afaf51f-37f4-4f80-b8fd-c4e334717815,63e7ba85-a2ff-4148-a85d-a18d4cd4ba8f,
0b4f204e-0604-47d2-8ca6-7bd45a9a491e,8afaf51f-37f4-4f80-b8fd-c4e334717815,69c10f30-6793-4ce9-a751-f702ed5b6f97,
2ae5eeba-2fd0-42b4-b3cb-fe709b330859,8afaf51f-37f4-4f80-b8fd-c4e334717815,6b32fc31-cde6-4544-9d9b-dda106574aad,
4f4f7e69-4fb9-4d27-a852-e04bdfa8df56,8afaf51f-37f4-4f80-b8fd-c4e334717815,7a9b98c9-55ea-49b0-8cae-266078969d3b,
83c32636-7fe4-4751-a743-4f029834c9b8,8afaf51f-37f4-4f80-b8fd-c4e334717815,811bb60e-abac-49eb-8163-c883e6cbf95b,
3f3ee6d1-0ca4-4c48-89d1-ac61a1d0f48f,8afaf51f-37f4-4f80-b8fd-c4e334717815,8d60b27b-0d4f-4358-b059-b64d93255e7b,
cd8530c4-37b1-40b2-8c86-8c524483fbe8,8afaf51f-37f4-4f80-b8fd-c4e334717815,911fdfc3-da27-4915-8d2d-3698e205e8a7,
f235219c-f6f2-4f90-a550-93db917ac8ff,8afaf51f-37f4-4f80-b8fd-c4e334717815,97421c11-747e-41cb-a8e4-77a4a9b21fa2,
0b3f43f7-1dfe-4590-80e4-802965abf493,8afaf51f-37f4-4f80-b8fd-c4e334717815,a06a5721-5170-41fc-9c88-3a61aa68bac7,
e8492819-9ff4-4731-8dc6-385162cf38a5,8afaf51f-37f4-4f80-b8fd-c4e334717815,a1775d96-4df8-401f-9eab-65686f4369d6,
d367e1e6-0285-4438-b585-1a43c0e94d9f,8afaf51f-37f4-4f80-b8fd-c4e334717815,aa3e7e9f-f519-4400-93cd-69bf058052b5,
007a8687-7c95-4736-b1dc-1a554f10e080,8afaf51f-37f4-4f80-b8fd-c4e334717815,ac184b69-a344-4410-acb4-9fd6527becac,
a15a345d-4ad0-4289-ba41-5fd7bde02185,8afaf51f-37f4-4f80-b8fd-c4e334717815,acd7333b-c3f3-46ff-bb3e-606d0b338be1,
914d9f1d-08e9-48d4-978c-dac560d3949d,8afaf51f-37f4-4f80-b8fd-c4e334717815,b8d10615-c634-4c73-aca4-6849df0893ef,
1111859b-338f-436f-92c3-2b3590f61864,8afaf51f-37f4-4f80-b8fd-c4e334717815,cc96cb67-24c4-4ad9-8bda-ce8d90cae2b7,
0aaa7169-97c4-4389-af93-6142e9daba6a,8afaf51f-37f4-4f80-b8fd-c4e334717815,dd7c6346-800d-46ed-b61a-06965e9371a6,
4aca301a-62b8-4c60-81dc-28b3ccd017d8,8afaf51f-37f4-4f80-b8fd-c4e334717815,e1bcd065-7c68-4f5c-a38b-026308acbf01,
583bc118-cfcc-4f6d-9da3-7730282aeb20,8afaf51f-37f4-4f80-b8fd-c4e334717815,f220e29b-a861-42dd-8ea2-201d6b9a10fc,
adfb5fbf-6e91-4bf7-b439-77dd9899f4ad,8cd5c2dc-9c58-4f15-bc10-acb430aec8cd,003f7e09-2732-4eae-b3c9-ad7adaa10718,
e79307a8-68fc-43f9-ae5a-fd9a21e65d3d,8cd5c2dc-9c58-4f15-bc10-acb430aec8cd,04c417e9-e2e2-46a7-a092-2276a39ed59e,
7ab36166-c215-407b-9268-f2d21b2c4a17,8cd5c2dc-9c58-4f15-bc10-acb430aec8cd,1117d4c2-f743-442f-a571-d6563bed9323,
b8c65c8e-d9d8-4adf-8cfb-404b1326de39,8cd5c2dc-9c58-4f15-bc10-acb430aec8cd,138558d7-8162-491b-a040-ea0351f82147,
246f63a3-1856-4061-a7d5-876f910e78d9,8cd5c2dc-9c58-4f15-bc10-acb430aec8cd,1cb77dd3-9eed-44c7-98f2-4e41c4711ffe,
f5f250f1-555b-4286-a7fd-5f7f81c72b92,8cd5c2dc-9c58-4f15-bc10-acb430aec8cd,42e30797-f483-41c0-9aad-b052f6933e9f,
5a77d130-9913-438a-83ad-3ab564a3aaa8,8cd5c2dc-9c58-4f15-bc10-acb430aec8cd,52983dcf-538a-4646-9ded-99a9618b80bc,
0c19a09f-b227-4728-81b7-57e3456fcfe0,8cd5c2dc-9c58-4f15-bc10-acb430aec8cd,563e2997-98e2-4120-9f7c-a58332eddbbd,
b2284936-c6d6-4860-a760-39f8c2a0a93f,8cd5c2dc-9c58-4f15-bc10-acb430aec8cd,58d65119-78bc-4038-9a90-a03441bbb261,
3845fcdd-fe27-4e75-9ba6-75d1243ba701,8cd5c2dc-9c58-4f15-bc10-acb430aec8cd,5a9123d6-c697-4b1d-a3e2-7d13727c0903,
321e129c-222f-4a13-9fff-143d391ddf5a,8cd5c2dc-9c58-4f15-bc10-acb430aec8cd,6876b697-fcca-42ee-b8c1-7c69cba6d471,
9b57d74e-df4e-424c-9d4a-2bedca212ecf,8cd5c2dc-9c58-4f15-bc10-acb430aec8cd,84b7a139-bc6e-48d1-984f-24799d1b41d0,
3cea0f4a-645b-4796-a719-d51c15fae02d,8cd5c2dc-9c58-4f15-bc10-acb430aec8cd,b26388c2-c93d-4699-84c7-7baec726e5ec,
e0182cec-7c7f-4c73-8ca8-f91b4750d068,8cd5c2dc-9c58-4f15-bc10-acb430aec8cd,b64a12cf-c724-45c5-a37a-afce48965d9e,
71bdcb1f-a2ae-4034-8c8a-fb559623f7d0,8cd5c2dc-9c58-4f15-bc10-acb430aec8cd,c8488056-3893-4432-8cf2-dd0414942d5b,
3ff8c29e-e550-4a87-ad4a-4f54ac6639c5,8cd5c2dc-9c58-4f15-bc10-acb430aec8cd,cc63cc18-5a0d-4ae3-81c4-07f03e1e1484,
6943695b-04f9-4a16-9b46-6417e93fe00c,8cd5c2dc-9c58-4f15-bc10-acb430aec8cd,f04e0e18-8b00-43d7-9b9d-ed56ccf51efc,
df219be0-7336-4f4e-bbbe-e995a7d94ade,8cd5c2dc-9c58-4f15-bc10-acb430aec8cd,f3a23718-28f8-41ea-892d-2321cf98170d,
42cd414a-38fc-4df4-bd2c-7bada0fcc7c9,8cd5c2dc-9c58-4f15-bc10-acb430aec8cd,fe65efa0-8801-4eae-b4ae-867ee512efa2,
c0fcc3e1-8ebf-4873-a90e-0b1856f72608,8cec9895-7c1f-4b2f-b3ef-9d58f550c9ab,,eb84a6f4-c8b4-4a4f-9cfb-a997eaa204fc
362f17cb-cc43-4654-95d4-87fda576b2ef,8e2102ff-ea49-4f06-a7c2-422d123b3e19,13cfef4c-6239-4d9c-ade4-a96968df777d,
d0fdd5ed-1a0e-4b0c-8293-8ad84c623f17,8e2102ff-ea49-4f06-a7c2-422d123b3e19,22303fea-3cfd-4d70-b880-649155e956a9,
9aeba8c9-9005-44b7-9c8a-692bd8d20a0e,8e2102ff-ea49-4f06-a7c2-422d123b3e19,3c59b759-7f1e-473a-bd37-bced6f969f36,
bb569a53-0e85-44d8-a93a-21982066f47d,8e2102ff-ea49-4f06-a7c2-422d123b3e19,5dd95ef4-eed0-42b9-a4ad-15ae5e230570,
6fa33f68-0a75-4cbc-bdfa-f813e1b9969c,8e2102ff-ea49-4f06-a7c2-422d123b3e19,7b65839a-e364-43d9-aa8c-80cbbb37d2f3,
75854006-559d-47f6-83d4-6c4dd717904b,8e2102ff-ea49-4f06-a7c2-422d123b3e19,ba26305b-ac32-4d68-962e-c614a3c6d7a0,
114fdbc3-b8d7-4c4e-9762-690a5fcf415b,8e2102ff-ea49-4f06-a7c2-422d123b3e19,cba85851-8a80-4d2f-8f28-9107db930ffe,
298ae59b-49a7-460e-9d6f-ca6d04ffe5d2,8e2102ff-ea49-4f06-a7c2-422d123b3e19,f1a7d056-24a6-471a-a241-5b75df02f17d,
78ac6fee-b50b-44a7-9820-f25a15e93673,8e2102ff-ea49-4f06-a7c2-422d123b3e19,ffe5e75a-e3ce-4f23-9229-4375f511cafe,
53ea5909-4119-40a7-9e3f-a60641b740d9,91cdede1-19ca-4d5d-8734-6dc5f4d59322,362aa658-796b-4e54-a98f-bde0d23680f4,
3c7b8457-9715-4e23-aa3c-e728b7fb45e1,91cdede1-19ca-4d5d-8734-6dc5f4d59322,48707896-2dda-4f12-b5ac-152578889f55,
0e7df3a9-7d0a-44ec-bf6b-1ec090d063a2,91cdede1-19ca-4d5d-8734-6dc5f4d59322,5023a870-4c7f-4dae-a8f0-b3af791c52d8,
44ab89e5-af55-4f1a-a437-91874c20a298,91cdede1-19ca-4d5d-8734-6dc5f4d59322,541d7d31-cb36-462a-bbb1-85d30a1216a2,
92f332e3-a65f-4cbd-9f35-e503a64da092,91cdede1-19ca-4d5d-8734-6dc5f4d59322,54e57342-f0e1-46f9-8641-6d7688f753a7,
d3791fb3-e98f-4cc4-b95b-7dcfaf30b682,91cdede1-19ca-4d5d-8734-6dc5f4d59322,59e5199e-e759-4137-93e8-137f7df6db85,
907742a5-441e-4578-a9e9-d4b96913ca08,91cdede1-19ca-4d5d-8734-6dc5f4d59322,5e70f69f-3e9c-4aba-83e9-af2d5b909edc,
1442ce9a-1244-4eab-a445-c5d878a1cff7,91cdede1-19ca-4d5d-8734-6dc5f4d59322,7b5ada31-565b-447b-900d-12740367d14a,
8da6e726-11b0-4f3c-932c-76e3972b7769,91cdede1-19ca-4d5d-8734-6dc5f4d59322,85e15f42-c699-4041-8ed6-fe8022dcb82b,
3ef9f9bc-913e-43e5-b679-71e59899f7f1,91cdede1-19ca-4d5d-8734-6dc5f4d59322,8717878d-7a84-4a4e-b97d-7dd23af10349,
081bf589-9908-4d9a-9b6d-affb434925a2,91cdede1-19ca-4d5d-8734-6dc5f4d59322,8e37453f-63de-450c-a9c3-36593411ec6e,
f9a03855-28f1-46e3-aa13-28b27e9052eb,91cdede1-19ca-4d5d-8734-6dc5f4d59322,b790f701-6b11-428c-b8a4-ed69dc1edea2,
98b1d2ef-0766-4b82-926e-00132039c1a4,91cdede1-19ca-4d5d-8734-6dc5f4d59322,ce13993c-eb46-426c-8e4b-1f44d3bf020e,
615cbc87-cfe1-46f2-9849-af0cbff92e28,91cdede1-19ca-4d5d-8734-6dc5f4d59322,cf953d1a-2293-44f7-b240-ad794164febf,
5c67ed68-2d99-4cd3-9003-3f6553575bca,91cdede1-19ca-4d5d-8734-6dc5f4d59322,d985a1ae-f8ca-46d8-9d13-6ad49185fd80,
476d0e4b-495b-46c5-abb6-31eaa252019a,91cdede1-19ca-4d5d-8734-6dc5f4d59322,fbc8669f-9468-4324-b2cf-defd193bbd05,
f0b7dcd2-7792-477c-ad06-25365fc877c9,92c96913-61d5-465e-8e17-8dfc935a16d2,0231b0e8-a63d-44d2-8332-2a7f88e22f38,
078693b7-b6d7-4d6b-8b04-7119477aa73b,92c96913-61d5-465e-8e17-8dfc935a16d2,05db2fc3-c912-45ea-b07e-5b8f295ca9ce,
46a0991a-99a2-47ba-99b8-db187b2dac51,92c96913-61d5-465e-8e17-8dfc935a16d2,0c01f5ed-52f1-48e3-ace6-0262500d82f9,
847d0b22-cd8c-4aa4-9aa4-e129e992a160,92c96913-61d5-465e-8e17-8dfc935a16d2,0c9c9722-7029-480c-b944-ee20c934c487,
be04d7ad-99a7-4bfa-95e0-cb665e5b322a,92c96913-61d5-465e-8e17-8dfc935a16d2,2338cad2-ad32-46ce-a2c3-64e392ec6a1b,
1129e338-424f-4b43-b3f7-230bcef748c9,92c96913-61d5-465e-8e17-8dfc935a16d2,23fef26a-7238-4279-9e81-85c5d9284dac,
ed93653e-d4be-403c-89ee-bdcc88e54ef0,92c96913-61d5-465e-8e17-8dfc935a16d2,2999238a-e8ec-4301-a8ae-dca217b43914,
647eb99a-b748-4853-a43c-0c6242cb79a7,92c96913-61d5-465e-8e17-8dfc935a16d2,2c45b6a3-449f-407c-9162-f4c1f543ba6b,
3bd1bc92-259c-48f8-85c1-41c0ea291440,92c96913-61d5-465e-8e17-8dfc935a16d2,35d58b08-25cc-4b07-a8b4-d6f7e56a3517,
b63cafe7-651e-4bf0-ac14-f1a6429f064e,92c96913-61d5-465e-8e17-8dfc935a16d2,37a52345-aa80-4dbf-9ab7-fc6da803d957,
32283fc5-f89c-4a7b-bf9b-37c01cc797ba,92c96913-61d5-465e-8e17-8dfc935a16d2,3d059c96-b840-4131-b51a-75fba0fa00fb,
b29a0456-f3d4-4fa2-9b5a-3167c3fbdf82,92c96913-61d5-465e-8e17-8dfc935a16d2,49748e3b-1eab-4e1c-9fcb-4a7573a25cbc,
6f04c297-fd95-4eba-ac93-428f5a9d3079,92c96913-61d5-465e-8e17-8dfc935a16d2,4a1ea693-e5b9-4639-a434-3858eebf589c,
e490b32e-218a-4006-92fa-dd0deeea3e86,92c96913-61d5-465e-8e17-8dfc935a16d2,4c0783d3-1622-4046-af54-836af02670e5,
fda485cf-a361-4b86-a9c4-9d352857cd3d,92c96913-61d5-465e-8e17-8dfc935a16d2,51d7adef-60a6-452a-a86e-866702813e1d,
a8b79659-0bd8-4514-a46b-c85fd6426ed6,92c96913-61d5-465e-8e17-8dfc935a16d2,53cbad8c-c4d0-444b-9f85-c390e9fc3de7,
9dfd38ae-6a62-4454-b8dd-b6c6787c3e34,92c96913-61d5-465e-8e17-8dfc935a16d2,54bcb5f0-512e-4a77-a394-a4d43cf1dd24,
219aa6e4-d32f-4fd1-91a5-b5eacc9f9514,92c96913-61d5-465e-8e17-8dfc935a16d2,5724255d-0907-43a6-a1d9-a009746f0ff7,
0958ce9c-1efd-4f2b-a6d6-e267decfb48e,92c96913-61d5-465e-8e17-8dfc935a16d2,5a5da87a-1c73-4c3f-bb56-8931c19e5f76,
0ffa5230-97d9-469e-a4b6-e17a00d65877,92c96913-61d5-465e-8e17-8dfc935a16d2,5b34e212-43c1-403e-bc5e-263fc3efabe0,
84bf5ac8-6562-4ba6-87b3-497e0173d440,92c96913-61d5-465e-8e17-8dfc935a16d2,622cc8d9-d58e-4c06-9687-36705676015a,
5ef5525e-eb30-4284-8545-7eb84d19b39b,92c96913-61d5-465e-8e17-8dfc935a16d2,62d114d6-115a-415e-b5ec-31886a713918,
e075d54a-2665-4315-a425-a858ae847b10,92c96913-61d5-465e-8e17-8dfc935a16d2,6bf1322b-cb04-44de-94a4-7cce6cb3624a,
28e51141-abe0-4c89-937a-db91f78d01bd,92c96913-61d5-465e-8e17-8dfc935a16d2,6c5e9212-7d95-4be8-a84c-060c1e4e3492,
6d053cc8-1a83-4470-b6a1-357fcd0c46b4,92c96913-61d5-465e-8e17-8dfc935a16d2,745bf363-982c-4cb6-974d-8a53eb237d91,
37280f4e-45fc-4eea-954b-9e6d2d8f560d,92c96913-61d5-465e-8e17-8dfc935a16d2,8a8075c6-83a4-4ebf-bf9e-ddec13c819de,
a508f5bd-025c-4d99-91bd-13b61d33ff8e,92c96913-61d5-465e-8e17-8dfc935a16d2,8d3a959a-c5eb-4b2f-8120-a2086defbb05,
7e65d232-9fa1-4cde-a57b-5c82cd412deb,92c96913-61d5-465e-8e17-8dfc935a16d2,8e96b92c-e91d-42cb-8beb-216d0053413c,
6e4f31aa-cd51-49da-ab49-9fa02529a86e,92c96913-61d5-465e-8e17-8dfc935a16d2,9bb216af-2bd6-4613-8e93-32b864a26928,
82405645-8f57-400e-bb0a-812dcb8a4767,92c96913-61d5-465e-8e17-8dfc935a16d2,a580dd24-6fae-4968-8d33-36f572808db2,
83fa5093-6f81-4c79-895f-3820de4ec2e5,92c96913-61d5-465e-8e17-8dfc935a16d2,acea0566-1f36-421f-9925-3456ca8896b2,
3453eb59-3d79-484d-9322-2f31769f4a84,92c96913-61d5-465e-8e17-8dfc935a16d2,b3a9ac04-cc72-4d6e-ac6a-9801b730ba97,
0bad618d-e748-43df-b0b0-a68b7ba2c8b6,92c96913-61d5-465e-8e17-8dfc935a16d2,b4c1cde0-7c3b-4278-930a-0d595a5c54a5,
dfa5e3e4-a0d7-47f7-841e-5efea57c66bc,92c96913-61d5-465e-8e17-8dfc935a16d2,b65fdf2f-e160-45ef-ba88-30ded70fb9eb,
26c7255f-30e6-4497-afaa-5fe959dfb65c,92c96913-61d5-465e-8e17-8dfc935a16d2,b7439987-9981-4853-af61-665042b38f53,
e46fe23b-d914-4bec-9ffb-60bc87008d04,92c96913-61d5-465e-8e17-8dfc935a16d2,b7d7d036-dc24-40a6-9e53-30056a931491,
78379b6c-a641-443c-8643-0cc20043ccd5,92c96913-61d5-465e-8e17-8dfc935a16d2,b83d37f6-b8ee-4daf-97ec-9cf47e3ab00e,
62e4c868-f195-4434-acf2-0e70703d211c,92c96913-61d5-465e-8e17-8dfc935a16d2,bd8139c2-a952-4435-95ad-97e7a43ff400,
9a8ad2a7-f42a-4622-a45f-a2ef4fbfecd1,92c96913-61d5-465e-8e17-8dfc935a16d2,c5fb5035-1499-44da-aa1b-b0128b9d9e19,
db713324-0f70-44e0-8239-48315624b4ae,92c96913-61d5-465e-8e17-8dfc935a16d2,c7024881-52af-4062-9980-fd8f1dfa7003,
b4745d01-e8c4-42b4-b788-2b01866e6440,92c96913-61d5-465e-8e17-8dfc935a16d2,cf3d0f59-6151-4206-b32c-014a4cb1315c,
0004c888-32d1-4b81-af6c-d765a93f0395,92c96913-61d5-465e-8e17-8dfc935a16d2,e2df6a00-38be-4c91-9a70-9fd0b65e7143,
0859002e-d75f-4eb9-b9a2-f5f5984a86ea,92c96913-61d5-465e-8e17-8dfc935a16d2,e37668a8-a7c0-4693-bc9d-23ec6f78f7f5,
1d642005-9282-474a-9c82-8a9bd6e571ff,92c96913-61d5-465e-8e17-8dfc935a16d2,eaba6561-483d-4090-963b-76b803676040,
1e81c461-175a-421d-9543-9e751c201897,92c96913-61d5-465e-8e17-8dfc935a16d2,eb86c583-8203-400b-960b-e4adb3493654,
795cfc34-8ece-4e1d-bcf1-20718fbd9ceb,92c96913-61d5-465e-8e17-8dfc935a16d2,f4a060fb-ec2f-4dbb-99ed-1c3fbe4eb633,
c2f7bcdb-0f67-4006-90fc-8925a261ee58,92c96913-61d5-465e-8e17-8dfc935a16d2,fa97a27b-5659-4381-aab8-6f24be61bd99,
41ec09b3-9896-48f2-96a0-c9b1f6a32823,92c96913-61d5-465e-8e17-8dfc935a16d2,fbed2c0d-d246-4131-966f-a7947335c20f,
7fa2834a-1f6d-41e8-b858-5f6bef6c766f,96199543-830e-4f9b-b162-bb1ac27a91f5,,d9cac82d-b2f6-4119-8b93-90d12fcf91c2
6085fa6d-06e6-4c67-8cae-23e9bb6433d7,9d3a6396-7e8d-4968-bc83-3d32913ed42e,070260e6-7fdb-436b-8ade-437fbb5bcf3e,
2afd27a2-c2d5-4f0e-9c0d-0abd1ad3adaf,9d3a6396-7e8d-4968-bc83-3d32913ed42e,0845722f-e4ac-4c25-a334-2e0af937e4c0,
4875815c-570d-452c-b64e-0cf41875c0b8,9d3a6396-7e8d-4968-bc83-3d32913ed42e,0c4aae89-ded1-4f16-88fd-fba3fde269fa,
6f2c373b-fc11-46b6-b95e-0bea8ec0ab3c,9d3a6396-7e8d-4968-bc83-3d32913ed42e,1557ec77-6a13-449a-9b3b-73dff06ce8c7,
f0175459-4699-4833-a5bd-cdadffff952a,9d3a6396-7e8d-4968-bc83-3d32913ed42e,22968e03-314f-48ae-813a-336b7325fa7e,
071d4a3d-6ebb-4524-88a1-7eea89e392e4,9d3a6396-7e8d-4968-bc83-3d32913ed42e,2751afc1-b428-4ffe-914f-884e99d81d10,
2b06b8de-e2aa-411e-8665-a07dfae2171f,9d3a6396-7e8d-4968-bc83-3d32913ed42e,2e3871cd-9542-4c5b-a068-18cc7a2c8643,
4adc808e-aa39-46d2-8c95-aa8b5568082c,9d3a6396-7e8d-4968-bc83-3d32913ed42e,3e8586a4-ca22-4a01-8623-af870599ea68,
18add564-0d5b-4131-ac69-ef3e89bec2a7,9d3a6396-7e8d-4968-bc83-3d32913ed42e,4494211d-90d1-41d5-b337-2f1cce0a0dbd,
be9394b2-9585-4735-8966-c3388d63c299,9d3a6396-7e8d-4968-bc83-3d32913ed42e,49c0578e-c978-493f-bf75-cac5e5324e06,
82c563d2-6133-4371-882d-b2874737bcfc,9d3a6396-7e8d-4968-bc83-3d32913ed42e,4b717c2e-e4c1-4a4e-b68c-24bba51e7a7c,
be91491c-bbe2-4c6a-aa55-b52a38591454,9d3a6396-7e8d-4968-bc83-3d32913ed42e,4b764814-882d-48c1-9baa-c62fa135c2bc,
aa114ecb-e16b-47e2-912d-b4977a5a073e,9d3a6396-7e8d-4968-bc83-3d32913ed42e,4d1fd201-ca7f-4ef2-986c-a76663b822b4,
a1a33001-89a3-4512-a9c6-f3726c45e9c6,9d3a6396-7e8d-4968-bc83-3d32913ed42e,54bdb117-c0a8-402a-8701-31f9a6dcc7e4,
518437e0-57db-4025-8168-b9b64061afe2,9d3a6396-7e8d-4968-bc83-3d32913ed42e,5e34a428-c1db-411e-abff-399b392d3b4c,
cb7ae46d-cf87-4a07-b928-4e9b2a886968,9d3a6396-7e8d-4968-bc83-3d32913ed42e,65361723-9199-4bfc-9bf6-197d3dff9273,
16769144-de85-4ea6-82f2-2d766e1a730b,9d3a6396-7e8d-4968-bc83-3d32913ed42e,6818597e-0707-4a26-a9a6-49b7000b21a3,
2acef05d-05f7-4010-8a5a-78c875499f1b,9d3a6396-7e8d-4968-bc83-3d32913ed42e,69bd3bb0-eae9-4fa5-8373-6b73b86540a8,
b8f3bba7-b215-4cb5-8995-39e38681b2c2,9d3a6396-7e8d-4968-bc83-3d32913ed42e,7cd35a4c-96ec-40cb-80fa-60bfc91e61cb,
cf3969c6-89c2-4c6a-939e-8273df34267f,9d3a6396-7e8d-4968-bc83-3d32913ed42e,947bcc4a-72a0-40d4-8c13-db4b9d34322f,
9555fbc7-248d-4a61-ba29-577dd5419bfc,9d3a6396-7e8d-4968-bc83-3d32913ed42e,99a51680-ca2c-435f-bf45-2c03a9ebe238,
6685ae91-5041-437c-82ac-016267c62fc6,9d3a6396-7e8d-4968-bc83-3d32913ed42e,a1b95a29-3557-4b19-b8f8-9f76537e3740,
254618e1-08a9-4a9d-b4f0-2d90ec6ffbe7,9d3a6396-7e8d-4968-bc83-3d32913ed42e,a8696934-3529-4069-b233-5881ea540b27,
31e4b49a-24e6-4cac-b657-5ef14add0f48,9d3a6396-7e8d-4968-bc83-3d32913ed42e,abe0f4df-2520-493d-a80c-2a5bd10bc714,
238e8ea7-1966-4a41-b808-a56174513264,9d3a6396-7e8d-4968-bc83-3d32913ed42e,b7cfc169-10e1-41bb-90af-e07417e2a971,
d2d85027-b745-4316-bb83-c742eace5c26,9d3a6396-7e8d-4968-bc83-3d32913ed42e,b850c077-52fb-46c5-a704-16943f7d792f,
08267b46-8af5-4d3d-a505-55e154957b47,9d3a6396-7e8d-4968-bc83-3d32913ed42e,c4f907ef-a854-47c9-add3-7f013d4b25b5,
69e98dc4-ef4e-45ab-b571-3646cd72b330,9d3a6396-7e8d-4968-bc83-3d32913ed42e,c69cbcd4-f98b-46d1-8068-6c463dd7c4ee,
ac5fc1d8-2b91-43a0-aef6-42a1cfb0781b,9d3a6396-7e8d-4968-bc83-3d32913ed42e,d305d131-464f-4152-8bb1-84068073c143,
52e298a3-ad11-407e-91b3-e8566c1a9495,9d3a6396-7e8d-4968-bc83-3d32913ed42e,d351f41a-913e-451e-b0ae-b83bc35117d2,
7b35dac9-e47d-43b9-af18-912ff01c9ade,9d3a6396-7e8d-4968-bc83-3d32913ed42e,d55986d1-5fd3-4de1-89a9-4f2172cf992f,
2baf6ce5-c97f-4084-8851-a64176d72ef7,9d3a6396-7e8d-4968-bc83-3d32913ed42e,d7450948-cc86-46b2-9be3-3ec853bc5b7b,
ce16c35e-d53d-4bc7-8f8e-821d1339f263,9d3a6396-7e8d-4968-bc83-3d32913ed42e,e6d76303-8983-4a9f-b1b8-191b5ec0de6c,
c0639785-1380-4c4f-b35b-f827d4044fc6,9d3a6396-7e8d-4968-bc83-3d32913ed42e,f12014f3-4059-4ba1-8199-733f3c2d26f5,
fe2dfbd2-4fd8-4b7c-b5cf-71d808385616,9d3a6396-7e8d-4968-bc83-3d32913ed42e,f1ec1dd4-2b16-473f-a4df-5cc6bc3133ba,
1ae3ef1c-fc1c-4bc5-becd-69cf0df549c7,9d3a6396-7e8d-4968-bc83-3d32913ed42e,f6b87acd-6e95-4b82-9bc8-4c73eafdedb6,
6624504b-1e38-415a-811a-58c4e7af9096,9d3a6396-7e8d-4968-bc83-3d32913ed42e,f89b186c-3ea6-46fa-9db7-7cfc7c589dd0,
7885ccda-5084-4321-91f9-c1a54c368e30,9e2bc9b3-4752-4954-ad5e-dd6a08b2f74a,0fbfc482-bf21-47ef-a3ac-1bcce030ce7f,
d7eb9920-8ec0-434f-aa9c-121644261ff3,9e2bc9b3-4752-4954-ad5e-dd6a08b2f74a,7af9ef99-34da-468e-ba10-ef6b4e78886a,
c26af139-36ef-48bf-8d7d-a4cfc849fb5f,9e2bc9b3-4752-4954-ad5e-dd6a08b2f74a,ace6cec2-c89c-44c7-bf1e-3a0df95d5ad3,
d44278d7-c996-4b08-ade1-1f539d970bfd,9e2bc9b3-4752-4954-ad5e-dd6a08b2f74a,db091720-2aed-491a-b392-f461fe1022b0,
c8a320a9-680f-4dde-be3f-2d885c36004f,a1071535-d05f-41f1-a6b8-fae7940f381c,5ebea1ea-9f03-4d8b-b05d-d23460643c63,
2f3eb6a1-9812-45f0-b3ce-884dc7e15ece,a1071535-d05f-41f1-a6b8-fae7940f381c,768f2b2b-6112-4f88-b199-2cf952c8be98,
230944e1-8634-4451-8873-72421166e6c7,a3beb88a-f740-4191-bc24-9145ac9ef7d3,00b51656-0bce-4e8f-ab5b-f21a3b5043aa,
536b94fe-b14f-470d-a282-c1a19a52e58d,a3beb88a-f740-4191-bc24-9145ac9ef7d3,04ef5122-9b1f-4647-91e0-2afd40eab11c,
fa5d90e4-06e4-4eec-ba85-c29f3ee8c4a5,a3beb88a-f740-4191-bc24-9145ac9ef7d3,129bfe6d-715f-44f3-9ad3-3044bbfaf576,
9101fb16-1e20-4909-8e50-f52eb8ad443e,a3beb88a-f740-4191-bc24-9145ac9ef7d3,12b1eb53-25b3-4916-ae9d-3f5aa8d5f83e,
5aa2de67-08ae-4651-867b-e140e036fb13,a3beb88a-f740-4191-bc24-9145ac9ef7d3,145de5c5-aa5f-48b5-817c-01887b18d15f,
b4017a69-4b53-44f7-9fa6-f71fad974908,a3beb88a-f740-4191-bc24-9145ac9ef7d3,24ab92a3-f6ae-4409-be10-4448a926719b,
b628421d-927c-44f0-b231-bea9915ab7d0,a3beb88a-f740-4191-bc24-9145ac9ef7d3,284ffb43-06a6-46f4-848d-e6eb6bf92faf,
70727a49-5283-4829-887b-31e9542aafed,a3beb88a-f740-4191-bc24-9145ac9ef7d3,29ebbcbd-2de2-426e-bfef-d37d60cd875c,
d0f4f53f-fcbe-46dd-b991-db1c3b3af278,a3beb88a-f740-4191-bc24-9145ac9ef7d3,2c5a518f-ccf8-4b4e-9c4a-777e3fc605b8,
a21c3c39-8f00-421c-afa3-28cf5b14d7fe,a3beb88a-f740-4191-bc24-9145ac9ef7d3,31fe517d-d7a2-46f0-b57e-330dfe67deee,
59513923-67aa-41c5-8995-099aa10670b1,a3beb88a-f740-4191-bc24-9145ac9ef7d3,381917cc-3f1e-42c3-a80c-5adf5031e2f0,
6d1534d9-6c93-4e77-bf1b-da2ce7338260,a3beb88a-f740-4191-bc24-9145ac9ef7d3,3d5107df-d6de-483c-97f2-55ba296824db,
cd11e83b-8f87-4224-aafc-71acc31e0c0e,a3beb88a-f740-4191-bc24-9145ac9ef7d3,49628be4-929e-4616-8bed-c6d4e6585cdc,
ec2ae90d-f739-4850-b980-0bb5cfb523b6,a3beb88a-f740-4191-bc24-9145ac9ef7d3,50d9c8eb-1992-42c0-a23b-facbaf092982,
2a1e88a7-3494-4e91-a854-340c1d3694ec,a3beb88a-f740-4191-bc24-9145ac9ef7d3,511b0f10-b74f-4efa-aa47-ccd9fc7aab26,
fde3eb8b-ddf2-4f79-9cb5-7c628860b4ac,a3beb88a-f740-4191-bc24-9145ac9ef7d3,548584bb-7a1d-4c61-8405-62187ac64563,
1887f2ec-c959-4254-9c12-dd0a3f57367a,a3beb88a-f740-4191-bc24-9145ac9ef7d3,55d571cc-a1b5-4e10-9a2c-7e8937ca5495,
49aa0a4b-a4b8-4bbb-9769-b2874517b049,a3beb88a-f740-4191-bc24-9145ac9ef7d3,56c7ab14-52bf-472f-af88-35afeb85143f,
0d9c61f2-6c04-457e-ae73-3e9a061ee244,a3beb88a-f740-4191-bc24-9145ac9ef7d3,57ca781c-8811-4ee0-a7bd-54ed1d411ddb,
1e6a0e76-5fa5-49a1-af9f-ad5a7dbfde8c,a3beb88a-f740-4191-bc24-9145ac9ef7d3,597a9e4d-b508-46a6-9d2c-acd6a5805941,
3445c2fb-c0a2-43d5-aec7-e2e64967b8ec,a3beb88a-f740-4191-bc24-9145ac9ef7d3,59d0bf6d-65bb-45f1-b308-95a6b54e0e76,
731bde3f-49e7-4c3e-82bb-02838f3519d2,a3beb88a-f740-4191-bc24-9145ac9ef7d3,5f783617-bcb2-4fa9-998d-a1e01e3679d3,
429cc1e8-d48b-4d9d-9ef3-6c14bec01071,a3beb88a-f740-4191-bc24-9145ac9ef7d3,620a4758-ee46-4d6c-a1cc-6e63e26eaeb6,
9cf21ed4-5af9-4dde-a0c2-76fa11c4dcae,a3beb88a-f740-4191-bc24-9145ac9ef7d3,6514eda3-cca2-4d8b-ad81-e9b17a585719,
2705fc1b-b1f4-4b03-944f-9ecc3a0abc22,a3beb88a-f740-4191-bc24-9145ac9ef7d3,6b8defce-f964-416c-a3d9-58bc9b80322b,
b863daec-8fce-43ef-8715-c6ac2d093bce,a3beb88a-f740-4191-bc24-9145ac9ef7d3,7751c2bf-57f5-4a85-bb2f-45a3f71a5d85,
ef997289-b8f9-4cb7-a858-68e7b781c31a,a3beb88a-f740-4191-bc24-9145ac9ef7d3,77b9e5a1-1b2f-40f0-8eb7-2fd7acd70146,
1dc7115c-7001-4923-a7e7-9e82225b4d17,a3beb88a-f740-4191-bc24-9145ac9ef7d3,7ad06ff5-92cc-4cec-816c-1e33725ba696,
f7d09ba5-8006-4eda-a488-7fdf0fd2de02,a3beb88a-f740-4191-bc24-9145ac9ef7d3,82824a93-1e84-4af6-a99e-d9f48243a813,
bc4b0568-7efd-4f14-8b1c-80ba8c96f75a,a3beb88a-f740-4191-bc24-9145ac9ef7d3,84b78808-7559-4aac-9f53-9c02e562a746,
8aa31603-4f4a-4680-86da-0741e70be92f,a3beb88a-f740-4191-bc24-9145ac9ef7d3,87a17d4d-5d00-4ab2-a513-afdc5701c2fc,
a52ad442-4b6e-4388-9c74-8b90b3f6e007,a3beb88a-f740-4191-bc24-9145ac9ef7d3,87c7780d-95f5-43b4-8e1a-3ed8c7c1c4dc,
32be0191-5001-490a-bcd4-3a189248c421,a3beb88a-f740-4191-bc24-9145ac9ef7d3,882db760-90e2-4d72-a3d3-b3fc7a9da75d,
c709beab-ba02-4cf5-95c4-6afe79d40c5c,a3beb88a-f740-4191-bc24-9145ac9ef7d3,88cf270b-774c-473a-afe2-0d436e57c709,
badb4b5a-2682-4e74-aaf6-62663bddd9a7,a3beb88a-f740-4191-bc24-9145ac9ef7d3,8c355ad3-8b66-4d93-ba0d-08c02f81c280,
a66666ca-a15b-423c-9ccc-93fd74593d08,a3beb88a-f740-4191-bc24-9145ac9ef7d3,8cd67fb6-c244-4334-abc2-9744ae329807,
6de985a9-68b9-4c1a-8965-38ad3f8cbcb8,a3beb88a-f740-4191-bc24-9145ac9ef7d3,8d264e73-a814-41e3-8ca5-6e58bfb43d1b,
ce4c43c4-25d5-4c52-beab-74fb8dda9ca7,a3beb88a-f740-4191-bc24-9145ac9ef7d3,8ed32d0b-dea1-44c4-9fa3-0a3a946b5773,
5c008421-fc1d-4fd8-bd9e-a956777f10e7,a3beb88a-f740-4191-bc24-9145ac9ef7d3,9253f19a-1f41-4176-9082-48355cbff92d,
73aacbdd-50e0-4408-b46a-f9f05ba2fc64,a3beb88a-f740-4191-bc24-9145ac9ef7d3,9e17f80f-bfbb-4977-a77b-e38cc8dc328d,
50aa7713-1401-47cf-ad58-d404691bc2b6,a3beb88a-f740-4191-bc24-9145ac9ef7d3,a65726e1-58ed-4e4d-910e-b0775333021b,
19e810e9-704f-4a71-8ff0-a686093003d2,a3beb88a-f740-4191-bc24-9145ac9ef7d3,a733674c-3a22-4ee7-8282-11ea22c93d4c,
c580eedf-fc4a-4746-bd23-6af32968b8b0,a3beb88a-f740-4191-bc24-9145ac9ef7d3,ad413ef8-397a-4f2b-bc30-8832a2df142b,
b8461f0b-bf18-46cb-8f97-6a42c5159894,a3beb88a-f740-4191-bc24-9145ac9ef7d3,b12336be-2115-470d-a54e-c9bdfa380a11,
7df80ef4-5b47-4733-ae23-7ac60820d3ce,a3beb88a-f740-4191-bc24-9145ac9ef7d3,b521f513-a895-4313-9108-85199a5594f9,
6bf1f510-9d66-47e0-ae89-394e696bcc45,a3beb88a-f740-4191-bc24-9145ac9ef7d3,b5e80368-2fd3-4b70-ad31-9e3dac3b21b1,
e9fc7834-a05f-41bb-b4fd-6ea35ccda458,a3beb88a-f740-4191-bc24-9145ac9ef7d3,b750c4d2-e352-4bbf-8c64-85c3cfa64e76,
bc7cdae1-8284-4cfb-9e57-e7d9fe6375e8,a3beb88a-f740-4191-bc24-9145ac9ef7d3,b75866e2-0b45-4574-859b-a9a1239070cc,
4438094c-4fad-4dfa-8a2a-0cff5684c2d7,a3beb88a-f740-4191-bc24-9145ac9ef7d3,bcb4b0bd-71fa-430b-9af0-183bf5e49338,
58c9832f-75cc-41ca-ac20-813070dcb0b1,a3beb88a-f740-4191-bc24-9145ac9ef7d3,c1566577-21f9-4160-9b96-5039880ed344,
096d73d7-ea35-4b6c-98f7-9a13217f9865,a3beb88a-f740-4191-bc24-9145ac9ef7d3,cfdc7bbf-c6af-4223-9999-07f3f237e357,
558c69f3-4716-4fc0-a792-7d26baa3f22c,a3beb88a-f740-4191-bc24-9145ac9ef7d3,d2946b88-9ad5-4f96-b081-72fcd774853e,
7316e99f-cce4-4b6c-b198-75c8c2e6bd9b,a3beb88a-f740-4191-bc24-9145ac9ef7d3,d7b64eeb-bca5-449c-a49c-328d14299863,
0af26b7a-6d7b-4f6b-8ee8-cf905d1a8d56,a3beb88a-f740-4191-bc24-9145ac9ef7d3,d88dba6f-c588-4c2a-b54d-a252878ba410,
5ceaef89-af96-413d-a936-c6e297a20421,a3beb88a-f740-4191-bc24-9145ac9ef7d3,d8a5d3ec-eacf-44eb-91db-dfe69d0914db,
21df3081-83a4-4d76-a98b-c582db421f06,a3beb88a-f740-4191-bc24-9145ac9ef7d3,e2d4d981-a047-4eff-93b1-e9e628cb9360,
0b656494-e1a0-4acf-98fb-2aea4c991526,a3beb88a-f740-4191-bc24-9145ac9ef7d3,e67ab920-b73b-483c-8322-a7520fe30ef3,
9eff4ffb-1a52-4320-b006-ae62533b3cca,a3beb88a-f740-4191-bc24-9145ac9ef7d3,e8b1615f-5a7c-44c8-bfe4-192fa0a1b3b6,
335bf59c-8969-4f1d-a4ac-c5f12249d319,a3beb88a-f740-4191-bc24-9145ac9ef7d3,eca88e71-365e-43ee-8b8c-06c501c8a2c1,
565a3ae6-810e-46a1-ad9f-d7fc9c5ca7f6,a3beb88a-f740-4191-bc24-9145ac9ef7d3,f4cc8584-6693-43a9-b643-f915c49037f5,
44c0d9ee-5a0d-4c94-8709-8ef388ffac4a,a3beb88a-f740-4191-bc24-9145ac9ef7d3,fac6048d-5697-4af8-9901-46ad962a7266,
d834b378-b5d4-48a2-b55d-dcccd26a0695,ae043903-4524-42b5-a7ca-ffd065f91530,20e0e605-85e3-433b-b3d5-9bd3f180c511,
51b26ef5-2b7b-4ded-9ca3-7fec27be9ca3,ae043903-4524-42b5-a7ca-ffd065f91530,b8ebb55f-4793-4459-b0ad-7aa9163791dd,
78e3533c-59d2-4472-b601-b35a1b89b034,af23b394-25c0-4240-9bd9-61c5cd54cf7e,16c5b5ad-55e8-4e07-b9dc-765ea8d06b7e,
e77522d6-39e3-4483-bbae-3ba5c3c19058,af23b394-25c0-4240-9bd9-61c5cd54cf7e,26469377-9131-4f21-9cb2-d9e6ded3b662,
d731c1e8-bb6b-42fb-b57f-5cdb35f28840,af23b394-25c0-4240-9bd9-61c5cd54cf7e,69f5f304-5009-409f-88af-8711c80643f0,
f17909d4-c66b-4145-b4cd-d60f18560a1d,af23b394-25c0-4240-9bd9-61c5cd54cf7e,7f2a5843-bbf1-4a2c-878b-b96a651cc3aa,
04090395-3a23-4d0e-9294-c4b51cad675f,af23b394-25c0-4240-9bd9-61c5cd54cf7e,86c6d1ca-3b68-4908-8af0-7ac10c5981a6,
b6436eae-7eea-4857-a33b-1962f711afa8,af23b394-25c0-4240-9bd9-61c5cd54cf7e,bd5fe335-9928-43d1-81a7-f7e454042b92,
42887304-679e-4681-9235-195a0bf2b1a4,b20c30be-24f9-4d00-8c9b-aa35b7635bb4,34f9db70-13ac-44f9-9702-37142213fc25,
606e7236-57fe-41d7-9384-caae03174655,b20c30be-24f9-4d00-8c9b-aa35b7635bb4,38c8be33-282b-4ebc-bb2f-38ad067970d9,
71bb8106-9b6d-45b2-a90c-18a3a57b1594,b20c30be-24f9-4d00-8c9b-aa35b7635bb4,3d2c7b66-194b-49f6-85f8-12e800a22aeb,
165abeec-2c2c-4a50-a124-d631c7604d6c,b20c30be-24f9-4d00-8c9b-aa35b7635bb4,4411fd14-0ab8-46c3-b3bb-494b4931919d,
4218c594-d0a6-4d0d-bc6c-64202cf6c380,b20c30be-24f9-4d00-8c9b-aa35b7635bb4,57b9fa35-2f51-4c66-b898-5303f1deca54,
4ecdd08c-5523-4e12-8e0e-777027e7ea39,b20c30be-24f9-4d00-8c9b-aa35b7635bb4,8446a7c6-e5da-4be9-8760-abfc4e629df8,
90d3311f-05bf-4991-b4a5-015d7c6d6ba0,b20c30be-24f9-4d00-8c9b-aa35b7635bb4,90d0bcab-f093-41be-aa3c-3f44053a7302,
4e5662f4-3c2b-4d2f-9085-fb2505818515,b20c30be-24f9-4d00-8c9b-aa35b7635bb4,92540155-b62e-4a2c-9047-40fc17f45041,
791d5409-a9d7-41f5-b475-a3e631b02f6d,b20c30be-24f9-4d00-8c9b-aa35b7635bb4,9f5645af-c7c6-4413-8d21-6483ce203a5d,
57cb4040-1e06-4de0-b5c9-0b63317b4f56,b20c30be-24f9-4d00-8c9b-aa35b7635bb4,a67774bb-3870-4c79-bb16-87d39ae3f83e,
0527c938-05e1-4c1e-9d4a-59bad6e1a130,b20c30be-24f9-4d00-8c9b-aa35b7635bb4,aaa0c793-39a5-4c18-bada-361d3acacb31,
90e06918-d76c-400f-b8a4-555b4196776a,b20c30be-24f9-4d00-8c9b-aa35b7635bb4,c68d1bd0-c9ee-492d-9ea4-f3dfec4c43e0,
80f485ee-450f-40bd-b4ad-6e06c1143991,b20c30be-24f9-4d00-8c9b-aa35b7635bb4,d3e080d8-4e01-4f4c-871c-00684b34798c,
d892161b-a858-442b-b840-c783dd40b8ac,b20c30be-24f9-4d00-8c9b-aa35b7635bb4,e3f2773a-ace8-4968-bd89-fed6467b0523,
c1f8b7dd-78ef-46e6-9907-a95033c98283,b20c30be-24f9-4d00-8c9b-aa35b7635bb4,f40d3d25-2b7e-4324-a538-9a03177f8725,
157cd712-1290-4d82-a1c1-230534649d68,b29dd049-59fa-4c6d-9e78-976ee02a723a,f8dd63e5-3cc2-4e6f-a41a-9462f316376f,
720828a4-09ed-41fa-91a2-09bc0b5a78ce,b3379fab-f22e-4bc1-943e-48e69150eaa9,0569b427-5e67-42f9-9c72-26d4bfb1e58d,
d7dae1b0-94bd-412f-bc13-fc8988b33a55,b3379fab-f22e-4bc1-943e-48e69150eaa9,214d67c9-d96d-43a8-841c-79583ead41ec,
0107800e-a114-43cf-b3aa-bdf5157f6254,b3379fab-f22e-4bc1-943e-48e69150eaa9,42466622-e765-4266-9799-6c950f68d223,
82276a79-4546-43a8-933e-bafdda6b531b,b3379fab-f22e-4bc1-943e-48e69150eaa9,546cf800-d7f8-4eea-bd37-5330331631d0,
1b5cb84e-523d-4986-852d-410e6a9d19f0,b3379fab-f22e-4bc1-943e-48e69150eaa9,67af3f52-cebe-418a-96ee-d406f472fc1c,
d9ffb80b-9acc-4012-85da-98bdcb91328c,b3379fab-f22e-4bc1-943e-48e69150eaa9,74ad3e5c-e999-4814-ac73-9b35e258ed9f,
b17c0493-eb43-4b00-b034-5e474339129f,b3379fab-f22e-4bc1-943e-48e69150eaa9,d14a9605-8202-4b49-8d81-e7aaf6a83213,
31d3e76f-d96b-4e59-98c6-3b2a942e24c3,b3379fab-f22e-4bc1-943e-48e69150eaa9,d2cb3789-7079-4cb5-a3a2-1ecba1ad6b06,
58426b6f-8a08-4531-bdcf-9cf936c949b0,b3379fab-f22e-4bc1-943e-48e69150eaa9,d5770b29-9026-4d51-9ee2-25e0ebe287e6,
70d263c7-e56e-4ada-96a3-41d487b8fcb3,b3379fab-f22e-4bc1-943e-48e69150eaa9,e3cbe392-2354-454e-a28d-5c3fb6ff4082,
01568036-7767-417b-a200-4b4000605502,b3379fab-f22e-4bc1-943e-48e69150eaa9,f6c0a5e3-0791-44cd-94ba-0f41a55f82f7,
81ecd733-70c0-4d4d-9e6c-570b74da9ace,b481abf6-26d7-4440-abe2-f7b36c5648cd,10807af6-540e-4a5d-8929-ed7370f2aea6,
ba4a9ff5-21a7-40f8-b0d7-f736104b2f90,b481abf6-26d7-4440-abe2-f7b36c5648cd,13aba6bd-afb9-4d41-9160-db4425f99dd8,
c55f318b-9a28-4f72-ba97-e5e9b5f07187,b481abf6-26d7-4440-abe2-f7b36c5648cd,1a4b487c-b95c-4357-84bd-5d69f5e530a1,
73fa93f0-05ac-4798-9c93-b0f2276214c4,b481abf6-26d7-4440-abe2-f7b36c5648cd,2db8c4f1-f363-493a-b944-1071466a8b4e,
2e71b7c8-9c22-43ee-a35b-d0191d0681c9,b481abf6-26d7-4440-abe2-f7b36c5648cd,2e85faa9-6403-4bb7-8a98-d589675d8447,
5a664044-3f53-492b-a7b8-2eb36f5d38fb,b481abf6-26d7-4440-abe2-f7b36c5648cd,2e86608c-6d95-4827-bde9-24fa852f7b96,
00c062a9-8fbe-422b-ac08-4dbff792976a,b481abf6-26d7-4440-abe2-f7b36c5648cd,33c9cc1a-a2fd-42c5-858e-aaad38ff4bc6,
d036b474-b4db-4ab7-b3f3-dac0091d2c5f,b481abf6-26d7-4440-abe2-f7b36c5648cd,35c47a11-5cd3-4eb2-968d-b24621e29a6c,
eb52de77-861a-4579-8158-b2577600d452,b481abf6-26d7-4440-abe2-f7b36c5648cd,4c25fc26-dc07-4b9f-a703-790f0a7aaa41,
371fd713-fc67-48d6-8f5f-caa3d6740782,b481abf6-26d7-4440-abe2-f7b36c5648cd,578ec718-deaa-49af-b265-6b3ac317abdf,
57c1c2e1-6d29-4da9-8488-ede45e0fd897,b481abf6-26d7-4440-abe2-f7b36c5648cd,58ff6bc3-1302-4f7e-8433-7c2cd5abc2dd,
63a3488f-6ac7-4d0d-bd13-96bb4d6c6518,b481abf6-26d7-4440-abe2-f7b36c5648cd,63799048-2134-4806-a212-1138831b9af5,
f2898459-675e-453e-bb26-c4165377f7a7,b481abf6-26d7-4440-abe2-f7b36c5648cd,6dc2b57b-ab4c-4c71-8d87-8f9c50a7eb74,
93de55a0-92aa-4d88-b8a2-58149bc1bef5,b481abf6-26d7-4440-abe2-f7b36c5648cd,6ef49294-633b-4f3a-a5b1-bdefd9935efc,
88d2d60b-fbfe-4906-81f3-ecc1fc3f065a,b481abf6-26d7-4440-abe2-f7b36c5648cd,73ce8d62-75e9-456d-ab61-48789ab16dcd,
37c63c0e-7cbe-4605-9a48-5f3b3981df15,b481abf6-26d7-4440-abe2-f7b36c5648cd,74a660b8-ab41-4c54-ae67-893bbc24a056,
55e8eefe-c140-4d2a-b203-89c5ceddda56,b481abf6-26d7-4440-abe2-f7b36c5648cd,8b060884-a07a-4c19-9f09-ae590fb16820,
4b8ece3d-bec3-4332-9360-5d4bc6e71069,b481abf6-26d7-4440-abe2-f7b36c5648cd,8c33644d-2ec5-413c-a7fe-75c97c8357b6,
5214913c-137f-4946-8080-e295f5e9b5fd,b481abf6-26d7-4440-abe2-f7b36c5648cd,a2c7afbb-0eb0-451d-a2cd-4a87f3b8479d,
b699c49a-7e90-4c52-8c47-8e11fab77628,b481abf6-26d7-4440-abe2-f7b36c5648cd,af1e41c5-2963-4f6f-8a53-28231e91a7c7,
efc5f08a-6f2b-4b5e-850d-0e80045618b8,b481abf6-26d7-4440-abe2-f7b36c5648cd,b7d56345-5af7-4eab-8cad-ab1ac5ffe46a,
ba343041-0ce8-4b2e-b554-b25a76b7ec61,b481abf6-26d7-4440-abe2-f7b36c5648cd,baa21f84-84ca-430a-acfb-e460ed456884,
0f785255-e3eb-409b-a857-1c2a748fc304,b481abf6-26d7-4440-abe2-f7b36c5648cd,bcc8f84a-2b91-469c-8e5d-cd5314029c80,
4a91bcad-188f-494c-8550-ea3044021949,b481abf6-26d7-4440-abe2-f7b36c5648cd,be77c4e9-164b-4d49-8811-e40fba3a8bff,
5520f097-a316-442a-812d-0384cc60fb16,b481abf6-26d7-4440-abe2-f7b36c5648cd,c1c1618c-d3f3-48d8-9060-3389f320fb52,
8134b054-5580-474a-98da-320e55541c86,b481abf6-26d7-4440-abe2-f7b36c5648cd,cd2c2e20-8c2a-41d8-92a1-8409df643247,
ba657f0d-8d8b-4f4b-8e22-d74d6ff12857,b481abf6-26d7-4440-abe2-f7b36c5648cd,d3831e14-02b3-4549-ba04-3e6108b6d9e9,
4d16bed0-8059-4889-ba04-eae9a7d80f7a,b481abf6-26d7-4440-abe2-f7b36c5648cd,d40a5589-fdd7-4044-a17e-5a3c82f4f27c,
07e3473d-0aa5-48b5-80ae-ce5ec7fd018a,b481abf6-26d7-4440-abe2-f7b36c5648cd,da96a928-65e2-4693-9101-248e443f0191,
2f95820c-7d31-4d9f-9aa1-dcf2121dc66b,b481abf6-26d7-4440-abe2-f7b36c5648cd,dd264adb-c35e-4a09-b59e-0347e1ddc589,
35bc27f5-1382-4170-bdf6-95f240e37c81,b481abf6-26d7-4440-abe2-f7b36c5648cd,de0a8454-46cc-47ca-8428-3a19a69e4c4d,
e0bf1b66-073b-4e7d-a5e4-62f99cc5809d,b481abf6-26d7-4440-abe2-f7b36c5648cd,e24a0e6b-29f9-4ee6-89da-ad5c354a8edd,
dcce7b20-b5eb-4e4d-bbab-8acd1e0f6264,b481abf6-26d7-4440-abe2-f7b36c5648cd,e29e0e0a-99c4-4955-93fe-64ad97bc9b07,
c242b60d-2efe-45f4-95c8-1a4567edda7b,b481abf6-26d7-4440-abe2-f7b36c5648cd,ef0aa50c-d8e8-45f2-9351-dbc663b78239,
ed5d6527-836a-48f6-aaa7-ee1b17a37ba7,bc7be3d8-e9bb-4263-9900-86cfc97a411b,,44016f9b-474e-481b-9f82-66b375ac1ed7
afc75d00-00e4-49d5-a944-737760c77cc1,bd42c64b-1c65-453a-a142-6ff1f57c0253,,453d0263-e412-4160-adbd-31b59ff9ffb2
c64435a8-3c46-4b6c-9eae-1783cd37edb6,bfefd48c-0dbd-46bb-a6e0-035508142731,e0da8099-8873-4dbc-b3fc-b19559c82886,
f16bcb93-b064-4c2e-b4f1-ac240f276f9f,bfefd48c-0dbd-46bb-a6e0-035508142731,e31dfb9d-9545-43d5-a745-7daa43010e8c,
ad52fc7d-e83a-4467-8974-39b0969367b3,bfefd48c-0dbd-46bb-a6e0-035508142731,f2a5282f-86c6-489b-8ca9-310a2c537fd9,
b0caab9e-d7a3-40f7-a124-aab4a21e5589,c111d79a-f5e3-4c31-9335-638074f99b37,0081eabf-dc90-4a40-8d8d-75292db59678,
6ee85177-899b-44d0-b9c2-f5392e49ddd0,c111d79a-f5e3-4c31-9335-638074f99b37,0a0396f9-96d8-4177-8c32-76c533123065,
6b29d45b-46ab-4bea-a2f9-c245464498ca,c111d79a-f5e3-4c31-9335-638074f99b37,22b8a3f0-ddee-4463-9dc2-7f6390cfa41f,
c9550afe-149e-43ea-aaa8-fc423842169b,c111d79a-f5e3-4c31-9335-638074f99b37,34629744-1332-425b-aba2-5eac863a7d74,
18fb269d-4620-49f3-bd34-1b45b70e7311,c111d79a-f5e3-4c31-9335-638074f99b37,44ef6c16-a471-4897-80a2-4b89ffce5d67,
224ab55f-3bd0-40ef-be8c-f54318d5073a,c111d79a-f5e3-4c31-9335-638074f99b37,5e38779c-3963-4d8b-8d4b-0b1706f9fcaa,
eba9412a-231f-45e6-909e-2749e7cf1e06,c111d79a-f5e3-4c31-9335-638074f99b37,6ad9a684-c3e4-4fee-aae7-b2109523f479,
a7b21107-5489-4259-9d4c-e1c22e31a1ca,c111d79a-f5e3-4c31-9335-638074f99b37,865cd51a-8db6-42d9-958c-e7c6bab3f619,
18f18981-ae1c-4ad9-9a12-e390ec4d0d4c,c111d79a-f5e3-4c31-9335-638074f99b37,8c697a5f-350e-47a3-82fd-f9c1b379d2bf,
8610af95-7c08-4e19-90ef-3e5df25814ed,c111d79a-f5e3-4c31-9335-638074f99b37,a06d0036-bb55-4dd8-9572-eb5fbd2e4ece,
aecca951-e804-4c1c-a157-478583a36467,c111d79a-f5e3-4c31-9335-638074f99b37,a524db23-7572-4af8-ae57-58270e37e53a,
785ba701-6644-4355-a91d-c408a0b97f40,c111d79a-f5e3-4c31-9335-638074f99b37,bc289eba-5467-470f-8797-e25bbd34b1b5,
3ca855c5-ba44-4421-9fa4-bb94736ece09,c111d79a-f5e3-4c31-9335-638074f99b37,bc2d5537-ec1f-48d2-b69c-92a24e5d936a,
0a119f8f-bb76-413a-8e64-c02d4cb73006,c111d79a-f5e3-4c31-9335-638074f99b37,c0c71dd0-5da6-4bd3-acb9-7de5defdc9c2,
a26bf730-be47-4aad-9638-d7b51001ff2c,c111d79a-f5e3-4c31-9335-638074f99b37,d16ee7f7-f2c5-40e2-8e21-21cee3e2b5e0,
d2b66eaa-812c-4203-9c32-11e57ceb8d6c,c111d79a-f5e3-4c31-9335-638074f99b37,da43ad05-744a-4172-aacf-95bc849b7e70,
f1cf868c-9ad7-4b77-a664-51eb8a90c561,c111d79a-f5e3-4c31-9335-638074f99b37,df46d7cc-fa9e-4770-9124-5a7dac038c64,
57fa3fbb-9ca1-44ed-91f4-369c1cf3ba97,c111d79a-f5e3-4c31-9335-638074f99b37,f0ef98d7-e8eb-4e7d-8442-66ee6da2be1e,
70601d48-9030-45db-a2dd-e4d5e0da52ba,c160bb00-7d46-4153-91df-f681dd8734cd,01729384-af19-4108-8938-562975ec47b5,
1526537a-dd5e-4dab-a94e-8b2fa4568bbf,c160bb00-7d46-4153-91df-f681dd8734cd,0869012c-0ffc-4230-8123-eba0e219aa54,
23db8fb2-fed9-4504-8a20-6fa1b5a92d1a,c160bb00-7d46-4153-91df-f681dd8734cd,0ca17051-0007-4f86-9273-0f48f35826f7,
091015fb-98a5-4968-8cc3-cecf352449c8,c160bb00-7d46-4153-91df-f681dd8734cd,116f5bda-9456-49bb-b2b1-81b26274d434,
13671e0f-f1a1-4295-b6bd-063906a4586e,c160bb00-7d46-4153-91df-f681dd8734cd,2178fcd7-9ccb-41d2-a112-f34e5e60abd5,
fd461988-8b6b-4565-808b-d6d4f27acdd5,c160bb00-7d46-4153-91df-f681dd8734cd,2692a61b-9d6d-4b0c-bde6-f2724f5c085e,
8740bb9b-025a-4bc7-8106-465e6484cee9,c160bb00-7d46-4153-91df-f681dd8734cd,3c5ae0fd-4934-4c17-9ea2-49aba6513714,
514c7a4d-4e14-4001-8fef-8e6f8e40d4b2,c160bb00-7d46-4153-91df-f681dd8734cd,3df4f1ea-8b8c-4790-be97-a2f7babd0a41,
dc3d9d9f-1908-442d-a086-940f7dc3d2c1,c160bb00-7d46-4153-91df-f681dd8734cd,4ab5dfc1-a621-4155-92e1-81620ac58c6c,
6c7c3f71-78c8-41d7-8e37-130739a8da3f,c160bb00-7d46-4153-91df-f681dd8734cd,4e93b537-c16c-443f-8c73-152b649e6fe6,
daa361ab-f1b5-4fe4-a2f6-24c16a989ab9,c160bb00-7d46-4153-91df-f681dd8734cd,58d31c84-db79-4955-a849-5fae35649348,
ac352c5d-e9fe-47a9-bfff-45df07a0fbe6,c160bb00-7d46-4153-91df-f681dd8734cd,5f2dab23-a7c2-4ca2-a451-1b94367a5d34,
8cc21657-7d3c-423a-b238-99b14503bcc7,c160bb00-7d46-4153-91df-f681dd8734cd,69a2d1a3-76c4-4c09-bd66-9ee470c33ec5,
42a6e986-a83e-4743-92fb-a4a6b07a6d12,c160bb00-7d46-4153-91df-f681dd8734cd,7988f78f-d00f-48a8-ac7c-e271a1079d64,
5102714a-5cee-45c9-bc8a-1b662d51f794,c160bb00-7d46-4153-91df-f681dd8734cd,96f7c19e-9b56-4b04-929c-622a72bc32bd,
cab44f85-691d-4370-b6e2-c3e8755bfaa1,c160bb00-7d46-4153-91df-f681dd8734cd,ba74897a-452b-4429-9cdf-610b00fced4e,
33bca3bc-0222-4611-bcd6-1ede3c405a55,c160bb00-7d46-4153-91df-f681dd8734cd,e3d27f06-4763-4ff5-9e1b-c175b7d4c638,
532c041a-e484-4471-ac9d-cd651bf56d2b,c160bb00-7d46-4153-91df-f681dd8734cd,e454ad35-b81f-4e5e-90a1-124fd9169a74,
f1a418aa-6ae3-4313-92f3-050b2516197a,c160bb00-7d46-4153-91df-f681dd8734cd,ea3b0ab5-12fb-4cd2-a02e-3da4dca50f22,
9872fc09-b72d-4969-b556-8a16c17c0f44,c160bb00-7d46-4153-91df-f681dd8734cd,ebd7eb58-bf0a-4d14-8642-a23ad189140a,
732101d9-febe-4b9d-b0f2-12a24b053dc1,c160bb00-7d46-4153-91df-f681dd8734cd,f73abb98-bd11-4e3d-a2d8-ffdf4a76d667,
832515c0-4482-44ff-9d88-4ea549ae64b6,c160bb00-7d46-4153-91df-f681dd8734cd,fa0e40b5-8fdd-421b-9bda-20746a10fc6d,
07a3caf8-4ce9-4118-b1b2-2627c3361907,cbcebfe5-4353-4442-9fac-2a62614093a9,825c1758-fd61-40c4-a62a-36092205c8d1,
2263c3b1-bf1b-4acd-bbb7-dd6e6a9290ea,ce136ccf-4649-40ff-9bc3-b67a1e8ed402,41c49f35-96d6-4fa1-a306-9d67978fcdb2,
8690e04f-8392-469e-aaf4-fcd0d29886f6,d20ca38d-516d-4751-9062-f71e54e0c6e3,04d2f8f7-d230-4836-b232-5ed5728948c6,
421d5a7d-bcb9-435d-ad2e-20b35b37226f,d20ca38d-516d-4751-9062-f71e54e0c6e3,082775b6-4fa5-4ce6-ac8f-3ec8b458975b,
5430cfb7-647e-409c-b734-809f91e1eb3b,d20ca38d-516d-4751-9062-f71e54e0c6e3,151afb8b-d3a1-4823-870f-9273c9dd439d,
54c2abb4-388f-4ac5-8b22-b3c1bee584a2,d20ca38d-516d-4751-9062-f71e54e0c6e3,18a6b3c8-65d4-42d0-ad9e-14348e37f7eb,
67d4eea9-d855-4a0b-aef3-47860bfd6d6f,d20ca38d-516d-4751-9062-f71e54e0c6e3,18a9b928-e768-41a4-8933-f7a8ecae22d8,
a50bff7b-c6f1-44b1-bbd9-1babac1f3dd5,d20ca38d-516d-4751-9062-f71e54e0c6e3,1d8bb41a-072f-4ddd-a909-2b4a0e10a84d,
5a3ef7da-67d9-4ab2-97f9-077dc74cbd87,d20ca38d-516d-4751-9062-f71e54e0c6e3,1e75ddca-d332-45fd-ae7d-2bda6e3fdbe2,
69b75a01-b983-43ee-9d90-128c8e5d9cce,d20ca38d-516d-4751-9062-f71e54e0c6e3,200e8271-5e23-46e4-b254-dfcc0bd3cbbf,
1d62c294-bb93-4de9-9402-c1000b8c1b10,d20ca38d-516d-4751-9062-f71e54e0c6e3,20b6954e-c4d1-4fbc-9ee2-0eb6af5acea9,
6eaba9ff-99b4-4fd4-b641-3027333b8a35,d20ca38d-516d-4751-9062-f71e54e0c6e3,255c0fce-517c-437f-97e8-7d21d0e7d41c,
4884d091-daec-461c-9152-0350b6575c6e,d20ca38d-516d-4751-9062-f71e54e0c6e3,277a5037-d303-4ed7-a936-6d3e50bfe53a,
3fdca2d3-38ec-4afa-898c-9357fe33155c,d20ca38d-516d-4751-9062-f71e54e0c6e3,27e7f6e7-7e7a-4ae6-94fe-4bde88a4e033,
ddbc3a5f-59bf-449b-a7d9-60cf69d49c8a,d20ca38d-516d-4751-9062-f71e54e0c6e3,2b027cfb-c6da-4958-9bc2-4d0ec3351c6a,
a0d4a67e-dad7-4aa6-af3f-dea9c61b0309,d20ca38d-516d-4751-9062-f71e54e0c6e3,2c003e54-1adf-4cd7-8a3c-3ff3b004d9a4,
42b3d7ae-83ab-476b-8833-e2ad7822927c,d20ca38d-516d-4751-9062-f71e54e0c6e3,2e64ed9d-f568-46c5-906e-2176e3d72169,
9704f592-c41b-4a34-b25e-fdbf1cd8739b,d20ca38d-516d-4751-9062-f71e54e0c6e3,2e6f47e7-bd92-4531-b73f-7aa4f7c6984d,
a6088ddf-74b4-435f-a4ea-0e0f49cccb02,d20ca38d-516d-4751-9062-f71e54e0c6e3,2efc850c-122d-4dea-bd2f-2e440f55a1af,
be2ba546-7d68-4550-8204-3f423b41a4a4,d20ca38d-516d-4751-9062-f71e54e0c6e3,366268c1-c7c8-4b6f-8fdb-92bd3f321d3e,
7927288f-37c0-4189-a4f7-569c9e52b4fa,d20ca38d-516d-4751-9062-f71e54e0c6e3,37474d44-51cd-454d-b23c-e633c0af965a,
53895a9d-58db-4c2e-83f0-74d86c720aa4,d20ca38d-516d-4751-9062-f71e54e0c6e3,39f07b0b-a81d-4d6c-a418-5301c5535d96,
8032b471-72ef-47e8-85f1-d659a2193ae9,d20ca38d-516d-4751-9062-f71e54e0c6e3,42b6790c-fc30-4ff4-9978-9dc75567fc1d,
89f55c0c-8f4d-4ea3-90d1-2bb6373a65fc,d20ca38d-516d-4751-9062-f71e54e0c6e3,460ac7af-e3e8-4cb3-9889-7c2376a29566,
b887b623-d175-47b3-87bb-fb7d4d2c2e0d,d20ca38d-516d-4751-9062-f71e54e0c6e3,478d0c58-7aa8-4860-9d88-291b357e39b6,
6d9d41ca-12dd-4201-a228-dd97dd4abf7c,d20ca38d-516d-4751-9062-f71e54e0c6e3,487dcf6d-7948-41a9-ad6a-5ee8fa9a37d5,
429932b4-eca5-461c-8e23-668fde0ee6ff,d20ca38d-516d-4751-9062-f71e54e0c6e3,4bdfb9e4-35ea-49d7-abc1-eb21074d1efc,
0b0d3b17-f9db-48dc-afe7-2cbdc9cb86fc,d20ca38d-516d-4751-9062-f71e54e0c6e3,4eb3bcde-cdb8-4195-9038-cd006dce8d73,
29adac67-34ba-4af8-9fea-e8f37478069e,d20ca38d-516d-4751-9062-f71e54e0c6e3,54b95b31-9261-480f-a2fe-6343eec62559,
dc214639-86b0-4363-8a03-58298de5d1f2,d20ca38d-516d-4751-9062-f71e54e0c6e3,583d84a6-663e-4dcb-8264-985241dbc216,
2ef439a6-8153-474b-8813-4c6ba840c6e0,d20ca38d-516d-4751-9062-f71e54e0c6e3,64c7a283-4d8c-4a18-b1b2-54cb1f8843b9,
6fcd8a53-89bd-49fb-87e3-8e98f14db7b2,d20ca38d-516d-4751-9062-f71e54e0c6e3,67080677-82bc-4da9-9ec2-ff1f2f121a24,
79c01b4e-27de-4475-a9eb-20ec2074d32d,d20ca38d-516d-4751-9062-f71e54e0c6e3,6849cc5e-62c9-4ddf-9804-75024c527e7e,
9bbebe37-a856-4c02-a554-7a98ba02c157,d20ca38d-516d-4751-9062-f71e54e0c6e3,7086a8d1-71e1-47eb-a6a8-c58c410c5ba4,
86716c5c-a9f2-4dff-b7b4-846444e93b34,d20ca38d-516d-4751-9062-f71e54e0c6e3,78eb06cb-420b-474c-8abe-816890420a57,
cafdca5c-a839-49f6-a2c2-fced9c676b11,d20ca38d-516d-4751-9062-f71e54e0c6e3,7ba3d7bf-2d8c-415f-91d1-ec177b1dc3b3,
2610242a-d1b2-4e8d-97f1-2fd1f4011e37,d20ca38d-516d-4751-9062-f71e54e0c6e3,7f6d3d54-946a-46e2-9981-a7658f8ef4ee,
25874004-7c10-4682-899c-962eff2c4b4c,d20ca38d-516d-4751-9062-f71e54e0c6e3,7fc2a8fd-c41f-4932-a4dd-b04724c89039,
06c802d3-8f9c-4799-97b8-1c2b904e5317,d20ca38d-516d-4751-9062-f71e54e0c6e3,81d58f82-6285-405b-b6cf-6a0dcf8c8118,
0a77995d-65c4-4ff4-b68e-c5a09cd63e57,d20ca38d-516d-4751-9062-f71e54e0c6e3,81f9e537-a597-422e-9bc9-d113fb86d288,
bf62bfe0-99c6-4ed9-9e96-71823103a2ab,d20ca38d-516d-4751-9062-f71e54e0c6e3,832f62b0-58d3-4f3b-8ed1-b8b8b18ba820,
b0e171fb-589a-421f-8c2e-339c5640f5c9,d20ca38d-516d-4751-9062-f71e54e0c6e3,87c9d441-becd-43c7-9522-4edf0184c824,
a232dafb-2747-413a-97ca-2d1304201a39,d20ca38d-516d-4751-9062-f71e54e0c6e3,8c3d5b6b-7107-4998-a147-3b2def2cd8ea,
216eedd4-a390-470c-a08f-ebccacac1bd0,d20ca38d-516d-4751-9062-f71e54e0c6e3,91637d9c-3f80-4530-a91e-dbcaf3304298,
e6aab4e3-8a6f-4b2b-9ba0-cd95680eb490,d20ca38d-516d-4751-9062-f71e54e0c6e3,921e2ee9-9fdc-4662-9ea3-18feaa92e0bc,
f6a2f96f-7366-4694-b90b-fc27d042f2a9,d20ca38d-516d-4751-9062-f71e54e0c6e3,961efc67-e211-40b5-8214-d2d2500c9480,
be86bf38-db1e-4f2e-bcd1-0875c7374c1b,d20ca38d-516d-4751-9062-f71e54e0c6e3,98862d06-f194-48b1-b8b9-92222fd29bcd,
53680450-0f1e-469c-988f-8c7d31bd082b,d20ca38d-516d-4751-9062-f71e54e0c6e3,9b3d3cd3-9790-4d8b-b481-d88907df16c5,
7fae0b2c-1365-4031-9a05-3affce29acab,d20ca38d-516d-4751-9062-f71e54e0c6e3,9e86eafa-454a-4740-b224-46624fdd57fc,
6b36c567-c831-44b2-9dd4-4608a6fb6b8b,d20ca38d-516d-4751-9062-f71e54e0c6e3,9ef36951-dc12-48a4-a277-d58adafa7efb,
89ed8289-eaac-448f-a3f5-1a88bbd47c27,d20ca38d-516d-4751-9062-f71e54e0c6e3,a8aa78ed-8dad-4ebe-9b91-aec711e0f57d,
629f33fb-3f15-49b6-beb6-3ecc4328ac5e,d20ca38d-516d-4751-9062-f71e54e0c6e3,ade3e936-2c5f-4d50-b553-ab5f19e2a627,
885eee54-0c9c-4448-af9b-9bd91aa8bf59,d20ca38d-516d-4751-9062-f71e54e0c6e3,b80d596e-4041-4dd0-9a09-ff3735fd1a02,
fc43d6ef-0541-4137-bec7-0e90d08c8cfc,d20ca38d-516d-4751-9062-f71e54e0c6e3,b99bdbc4-3691-4ead-ae2f-c59882036418,
5683ece7-14e3-4eaf-9171-1300b72ec38e,d20ca38d-516d-4751-9062-f71e54e0c6e3,bb9e500e-83e1-4801-9740-23d692e8a191,
08054cb4-6d9f-4c66-8e87-0124e7c21f02,d20ca38d-516d-4751-9062-f71e54e0c6e3,c13767d5-b4f7-4491-8881-f7b658560ac7,
d28ad1ed-c8f0-40bc-97fb-9d004205f5b0,d20ca38d-516d-4751-9062-f71e54e0c6e3,c4e797b2-7a98-4497-a5a9-aa050905b55e,
0c42d19e-6946-4f55-beb2-3611ff9f5888,d20ca38d-516d-4751-9062-f71e54e0c6e3,c7560e1e-abb4-4fa2-acea-c65146602c54,
a76d45f1-a753-4abd-a8bd-8e01d15bbb7a,d20ca38d-516d-4751-9062-f71e54e0c6e3,cb6253f3-635c-4c62-95e7-1462e5fba956,
c443d3c4-c4ed-4fb9-b1ef-00e2fbdab0c6,d20ca38d-516d-4751-9062-f71e54e0c6e3,cfa419c4-0a47-4e6f-b1a3-442c2106955a,
c6edeb39-a447-46c0-a889-15a41eb4aa2a,d20ca38d-516d-4751-9062-f71e54e0c6e3,d3d8c960-b974-43f9-964c-6ffae304339c,
ffe3a4a1-b9cc-4269-ab4c-18e00130c15c,d20ca38d-516d-4751-9062-f71e54e0c6e3,d4f4b592-5189-4307-8e4f-3e8b5eee9e96,
6c69631a-2dea-4d3c-ad2f-fac7dbdca094,d20ca38d-516d-4751-9062-f71e54e0c6e3,d85091d0-81ce-4851-b50b-aa5f21f86356,
60c022e0-8c35-4148-8fc1-2db6af2ffce0,d20ca38d-516d-4751-9062-f71e54e0c6e3,dd0b53fa-c4ba-472b-8024-cdd32735f551,
4d976440-5e28-471d-8d4c-cd36461d1ec8,d20ca38d-516d-4751-9062-f71e54e0c6e3,e039e073-7c04-4a9c-b5e6-7b5ba694f0dd,
7601f07c-f34c-42b2-b41f-9db2e435d90a,d20ca38d-516d-4751-9062-f71e54e0c6e3,e0a31232-a962-44d5-a421-dabec8896571,
c697b064-bc96-4768-b2fd-731b265d7baa,d20ca38d-516d-4751-9062-f71e54e0c6e3,e0b7f4ba-f029-49e0-9a5e-595d3f2f68bf,
2a43b83d-eb58-4c0a-a90e-01f67ba6434a,d20ca38d-516d-4751-9062-f71e54e0c6e3,e333fa62-dd91-4da1-86b5-2f5ab702345e,
8756dc8e-8b1d-4c57-8e54-7dddc45609af,d20ca38d-516d-4751-9062-f71e54e0c6e3,e5a48523-d8c0-456f-91c8-598637d62e57,
3a29c8ff-95f9-4e3e-b6ad-462e04662774,d20ca38d-516d-4751-9062-f71e54e0c6e3,e6c9a303-9771-4c14-8557-cb63d2865b2d,
d90fff99-fda8-40e6-98cc-9d9ce7ef6b1b,d20ca38d-516d-4751-9062-f71e54e0c6e3,e71b1ced-5b1b-4307-b0c7-dae36d546018,
0fd2c934-e436-4e0f-b050-bed2923ffea5,d20ca38d-516d-4751-9062-f71e54e0c6e3,e7356765-c862-46ac-9c20-65dcfb17953c,
f979f573-21cb-497d-bd9c-718044a4a7b5,d20ca38d-516d-4751-9062-f71e54e0c6e3,e9659120-9fb0-4b7a-8917-f9598b7bebd5,
80789ff5-f47e-4edf-b3dc-9d8dc3bfedd6,d20ca38d-516d-4751-9062-f71e54e0c6e3,ea7b5790-82c7-4a3b-b149-f3f993b402d8,
24a8dc5b-d44a-427d-961c-bc174122a17a,d20ca38d-516d-4751-9062-f71e54e0c6e3,eb5b691d-379c-4028-9e3d-6955d75364d3,
dbc3f005-9284-4bd6-ac8e-e98f86e5d6dd,d20ca38d-516d-4751-9062-f71e54e0c6e3,ec7ee337-50f0-4273-9474-5e4a10d8efd9,
c331fceb-0147-47dd-926e-30b479d5fc5c,d20ca38d-516d-4751-9062-f71e54e0c6e3,ecb1171e-8041-4f93-be0d-7202c6caceec,
73f30f5e-cb54-43e8-8408-169990be4ca5,d20ca38d-516d-4751-9062-f71e54e0c6e3,ecd622f1-b683-4ac0-92a7-0f7595ca79af,
574656c8-ebbd-47c0-93b7-74408f286f81,d20ca38d-516d-4751-9062-f71e54e0c6e3,f0a88e5e-fc88-4670-ba9c-501e9d21efb9,
23cce2cb-4775-448d-977f-fc9443335156,d20ca38d-516d-4751-9062-f71e54e0c6e3,f27766b6-9ea4-438f-917a-69abfac95149,
cda02129-60e6-4bf9-b2f0-c141fe0a754e,d20ca38d-516d-4751-9062-f71e54e0c6e3,f4753261-ebab-4ba1-b654-db9143937d8d,
5354524f-8740-49b0-99cc-843389d540e0,d20ca38d-516d-4751-9062-f71e54e0c6e3,f4e48b2d-9c10-48f7-a75f-20256d79236d,
8278c098-ab5e-4c18-8d04-d7282a768c2e,d20ca38d-516d-4751-9062-f71e54e0c6e3,f8609af2-c1d5-4039-bfcd-3c90e38577dd,
07534f80-b50d-48a3-8550-517335e0634c,d6999bb8-c58e-49c9-bb5a-8ab5f440e2a4,00e93e81-acb1-49ea-b4c4-ae9d01c83b5d,
868beffd-e312-4e0c-bd6a-bd6caeb2b25e,d6999bb8-c58e-49c9-bb5a-8ab5f440e2a4,04fac9da-47b6-49c1-954c-4e3947e2195b,
d05bcb3f-26b0-443d-94b3-62f4f6478af2,d6999bb8-c58e-49c9-bb5a-8ab5f440e2a4,13c96d95-e13c-42fd-b17b-8a8d5a89174b,
144e9d37-3c8f-4fbd-a11b-d8405d9d845f,d6999bb8-c58e-49c9-bb5a-8ab5f440e2a4,27a57581-80b2-4af6-aa6c-72a7aa2dfa17,
7068554c-a591-486c-851b-a0193f67082d,d6999bb8-c58e-49c9-bb5a-8ab5f440e2a4,301aee1a-3bf1-4d0d-a37a-85223b247fdb,
f7194216-3229-4e7d-8c09-e9f5700e72ae,d6999bb8-c58e-49c9-bb5a-8ab5f440e2a4,316f5e84-0a5d-4d6f-a14a-32f00bc8d1d8,
40f95c94-a032-4755-ba12-f25d01339531,d6999bb8-c58e-49c9-bb5a-8ab5f440e2a4,3ff18e77-d632-451f-baee-3242d8b6f0ea,
37e42c74-3206-48c5-b9fa-d8c8fa22027c,d6999bb8-c58e-49c9-bb5a-8ab5f440e2a4,43646412-131f-4a7c-98ab-e90d80779c7c,
e28ca756-8a61-43c1-9069-cdb0e93a7117,d6999bb8-c58e-49c9-bb5a-8ab5f440e2a4,4514adb5-f40e-4e91-b62d-380585fd0cb3,
36952d45-435d-4bdd-9d72-ede37203235b,d6999bb8-c58e-49c9-bb5a-8ab5f440e2a4,4ecbbc48-a755-45c5-8729-01c9853b61b8,
9b7dbf3e-53dd-4e37-8a38-eaaff9866e9f,d6999bb8-c58e-49c9-bb5a-8ab5f440e2a4,5309e159-c949-4bc6-a0a9-8497f5494580,
20cac236-eb12-4366-acfb-053b93f775e5,d6999bb8-c58e-49c9-bb5a-8ab5f440e2a4,6345210c-0a36-4472-acb7-8dd17d44e0b6,
43b10c62-db09-43b4-9131-e79b0878ad7b,d6999bb8-c58e-49c9-bb5a-8ab5f440e2a4,6bb43f55-d66f-46bc-ab5c-ac4dadf39516,
c2928434-82f4-4218-a8e1-bf45f33fb03e,d6999bb8-c58e-49c9-bb5a-8ab5f440e2a4,6d690793-ea7d-427a-b8f5-97c85e511189,
dca51db2-a2c6-471d-815c-28f559482eb3,d6999bb8-c58e-49c9-bb5a-8ab5f440e2a4,6e502da6-fb00-42d5-b531-12a54c7d17f5,
a8e04787-5811-4868-a5a0-3c7ab027fdcd,d6999bb8-c58e-49c9-bb5a-8ab5f440e2a4,6fdaa338-ee19-42cf-a8ed-b64cfe600317,
5ae72474-a971-4f06-bc30-deb586800f48,d6999bb8-c58e-49c9-bb5a-8ab5f440e2a4,76325f57-3627-4733-a864-2b38a43b89e2,
37b9db58-4981-4cc8-961a-72057526bb98,d6999bb8-c58e-49c9-bb5a-8ab5f440e2a4,7ab041e7-5539-4f2c-b9af-3d07ac3e5c9a,
61387edd-7d0d-4a41-94ab-d6f37a608b04,d6999bb8-c58e-49c9-bb5a-8ab5f440e2a4,7b64b635-9817-4344-ad25-dbe7a172a1a1,
ce2758b0-5ca9-4f34-8e0b-33ed3fb6c334,d6999bb8-c58e-49c9-bb5a-8ab5f440e2a4,7e37b5c1-669e-4a9e-ad43-409c3c04c35e,
991ddc77-edaf-49af-982c-20d3961a58a0,d6999bb8-c58e-49c9-bb5a-8ab5f440e2a4,83e46a2f-9f86-494b-b75d-4077582a2e08,
8bc645dc-c128-4de3-b189-362c752e349c,d6999bb8-c58e-49c9-bb5a-8ab5f440e2a4,8b8803e2-a5ab-46a4-862d-6ff33d2d4835,
cb7e2122-ac04-43d6-bf4b-709c8c95702e,d6999bb8-c58e-49c9-bb5a-8ab5f440e2a4,9e2f19a4-4a02-40b4-b4a1-573932e57555,
40df0725-96c8-46b1-a280-bf2e64d5ffc1,d6999bb8-c58e-49c9-bb5a-8ab5f440e2a4,a484cc38-888b-4d0d-b182-a471c4468681,
f0c45d31-33e1-4ee4-bc8d-eb036f27467c,d6999bb8-c58e-49c9-bb5a-8ab5f440e2a4,b6e81782-bcf4-4328-9a94-33abf701a95d,
7954f6d8-cefc-4c03-bb0a-2c59875b9200,d6999bb8-c58e-49c9-bb5a-8ab5f440e2a4,b8d111e4-0879-4d8e-ae69-f429b2e1c46a,
8162788c-27bb-4872-a721-ae45966f3a5d,d6999bb8-c58e-49c9-bb5a-8ab5f440e2a4,c784a1a8-a2fb-46bc-af6f-33c210f871ea,
6fed8ab2-bfa6-475e-b7d5-6025cb11fa5f,d6999bb8-c58e-49c9-bb5a-8ab5f440e2a4,c796fcb5-5d07-4d67-b4ae-f91df6e8f1ab,
2722fefe-46dd-47ba-b80c-a11884167ccb,d6999bb8-c58e-49c9-bb5a-8ab5f440e2a4,c88ac59a-07b6-462a-ba4d-9d318237c1b9,
6a124d41-579a-42cf-a74e-bbae7e680fd6,d6999bb8-c58e-49c9-bb5a-8ab5f440e2a4,d63d009c-1b25-437c-a850-e1ca4044f2d2,
ccd3f928-9d01-4ac4-9516-27b2daa92fcb,d6999bb8-c58e-49c9-bb5a-8ab5f440e2a4,e1f2df8f-fc7e-4b5d-b0bf-b06d3f6a95cd,
8cb28cad-a404-4346-919d-a580cb6b0d0b,d6999bb8-c58e-49c9-bb5a-8ab5f440e2a4,ea53fba1-dd99-43ff-8a06-e9e7dc988ca8,
3c5b8ac5-c6a7-4e08-b424-0359dd73bcaa,d6999bb8-c58e-49c9-bb5a-8ab5f440e2a4,f3e7790b-7c47-4fd4-a235-9b24a7e14518,
3c44fac3-fed1-42b5-b26a-2a3d441681fa,d6999bb8-c58e-49c9-bb5a-8ab5f440e2a4,f49333ad-7b91-463f-825e-9f5eda6eccdf,
6f58c7bd-671b-4662-8092-9058b8aba7fd,d6999bb8-c58e-49c9-bb5a-8ab5f440e2a4,f632e682-9485-484f-af46-6c0f3a22003a,
b056423b-f917-499a-a5e7-1f8b3728da64,d6999bb8-c58e-49c9-bb5a-8ab5f440e2a4,ffda0a9d-6256-4890-b788-835309e7e942,
618ab46b-e872-45d5-a1d9-41d3811dcde0,d7693822-7ba5-43d9-9b36-76c8b173341d,2875141c-5abe-4a3e-9e93-4ad3da589e8c,
8339bd88-c024-499a-8f00-2d3723a780a6,d7693822-7ba5-43d9-9b36-76c8b173341d,4162ee3e-852f-4ede-ab16-171001b26e88,
a9cc845c-a5b2-4d03-aa0e-ab2f23616d50,d7693822-7ba5-43d9-9b36-76c8b173341d,7027032c-ce11-4ce9-8799-ae115954dd1a,
358b3b21-b2e4-49be-8814-32cc4f9d5010,d7693822-7ba5-43d9-9b36-76c8b173341d,7aa75f12-5fd5-4bc7-a1ac-69e93d4f6944,
c886ead4-3c8a-4465-89e6-e960496e36ed,d7693822-7ba5-43d9-9b36-76c8b173341d,85d4e1bc-357d-49f2-8277-fd6312f0b132,
0066fce4-7288-454d-b0b5-1845076983cb,d7693822-7ba5-43d9-9b36-76c8b173341d,8a9a8a30-e0a1-45a6-bc25-87698400fa42,
1badb2c4-b420-42a2-b1c4-bc348f296577,d7693822-7ba5-43d9-9b36-76c8b173341d,932b47d7-e232-4200-8349-f40528b93c57,
348cb48a-3573-4fd1-8a1e-1175b91c4b60,d7693822-7ba5-43d9-9b36-76c8b173341d,bd8c67f6-6457-44c9-93dd-0d0d95056d76,
54f2d718-9424-4f79-8403-f541522b821f,d7693822-7ba5-43d9-9b36-76c8b173341d,c4ad6d41-d276-478c-90c1-8187e259db78,
1ec103d6-bd24-4e80-b532-731a3f0b952c,d7693822-7ba5-43d9-9b36-76c8b173341d,c5e860b9-79d5-4a21-8254-be3bd5d460fb,
96f80400-7045-4bb2-b78d-3a44a4f0f664,d7693822-7ba5-43d9-9b36-76c8b173341d,ca6f9f48-838e-440f-8e2f-b3a15b42d610,
9a20d636-0848-4319-9a1c-eedd51f93785,d7693822-7ba5-43d9-9b36-76c8b173341d,e56b23ed-903d-4095-8f17-c1ceb8cee2b8,
c7f3c2f4-7f58-4247-9df6-daf3a01e9577,d7693822-7ba5-43d9-9b36-76c8b173341d,ee21a546-ad3f-4e50-b606-c531bb80bbd2,
7ec1599d-f47e-4e2c-8d39-d7da2370c5d5,d7693822-7ba5-43d9-9b36-76c8b173341d,fae73c78-1f80-497c-bc62-8719ab6a180b,
527e5318-5a3f-4ca7-b2df-e8d066575223,da4e8b8b-0a20-4e9c-b31a-bfeeab648a53,0205f8b1-6ba5-4c03-ba01-2e0bc049345b,
807dd74e-8314-4f8b-983d-60b83562709a,da4e8b8b-0a20-4e9c-b31a-bfeeab648a53,5d85fc61-af11-4fc9-a06f-ed51ec417919,
3b3d4aa7-1352-407f-b28e-ae111c07b26a,da4e8b8b-0a20-4e9c-b31a-bfeeab648a53,71aee7de-b1f0-4ce6-90f0-7de296d5694a,
aa80a807-3c2a-4249-a00a-9fd53ae37259,da4e8b8b-0a20-4e9c-b31a-bfeeab648a53,a4dddccb-ca04-4da5-bfe4-f104b5ea5c70,
655735c0-19ad-496e-96d1-6b06e6e2b5f7,da4e8b8b-0a20-4e9c-b31a-bfeeab648a53,b12ee1f9-73e5-4cb8-b810-3e0a8b3dc882,
631db214-85e2-4f95-91f9-5dec078f0691,da4e8b8b-0a20-4e9c-b31a-bfeeab648a53,e12dbc61-040f-4fe0-a0d1-e6df7d6965a7,
6acec803-7e41-4493-b85a-3e2fe2ddfa54,da4e8b8b-0a20-4e9c-b31a-bfeeab648a53,e723ffc1-00ea-40cf-8320-124781c94dfe,
99ad0f56-3957-4da5-ac74-7eed65543ad0,de561980-22ab-4c28-8b95-ec8d131c3339,0766a5b7-74ac-48d6-9e97-a356a42a7fa7,
86605ad7-f8bd-4d38-a3af-550a692db19e,de561980-22ab-4c28-8b95-ec8d131c3339,0a424f42-1224-41c8-9761-6cde2a58651d,
666dcbca-eacd-4fb2-810c-bbd8826a3a50,de561980-22ab-4c28-8b95-ec8d131c3339,1df9bdc0-bd98-4f24-b8fc-6c3f49a041e0,
38ff6ed6-cb70-4d15-bc80-ba6e70f54123,de561980-22ab-4c28-8b95-ec8d131c3339,1ec3cd5f-4709-4685-a4b2-bf00507dd4b2,
6472a43e-88ac-49d3-a16b-825b16a4bc10,de561980-22ab-4c28-8b95-ec8d131c3339,20858349-eaab-4f83-b69e-6c8c8af47e2b,
0b7baba8-cc13-473c-a7b6-1f3ecf804e15,de561980-22ab-4c28-8b95-ec8d131c3339,234ba523-b641-4224-a4e9-9357502e7883,
dce50653-57c2-436b-b3c1-4086d094f1db,de561980-22ab-4c28-8b95-ec8d131c3339,2dfe2c26-d2b2-43c5-bae2-6982f2f42862,
a712c494-81c2-413f-b472-b8f6d62637c7,de561980-22ab-4c28-8b95-ec8d131c3339,2eafbd77-f4ef-41b9-988f-8127ecd96bc0,
ffa569ee-f97a-4b40-b3a7-e82bfa409557,de561980-22ab-4c28-8b95-ec8d131c3339,30624239-57e9-464f-be7c-d3c57f0e02ad,
7946b157-9604-4233-a667-3b86114f5037,de561980-22ab-4c28-8b95-ec8d131c3339,429d40bd-3947-423d-b66d-5225b6f289f4,
f9ca32d4-a13c-42d0-8730-07be4234d2af,de561980-22ab-4c28-8b95-ec8d131c3339,5216261e-4769-431e-b7d0-98c64bb5f5c2,
64453bbd-1a5b-46e3-8664-8736368c1c2a,de561980-22ab-4c28-8b95-ec8d131c3339,558abb70-fb31-4d82-863e-b7f13998fdf8,
af50eabf-cca6-434c-ab75-0473a2b4c457,de561980-22ab-4c28-8b95-ec8d131c3339,5ab79fad-cace-4df1-8606-c56b227678f3,
d275e509-30eb-4968-8ed6-f3ea5a99a0b2,de561980-22ab-4c28-8b95-ec8d131c3339,63c7f1ed-294d-4d97-8c16-05abbbedcdcb,
f8444fec-32da-49cc-9c51-0c823563da72,de561980-22ab-4c28-8b95-ec8d131c3339,6681e30e-85f8-430a-9559-8e70c7183eac,
0035719a-bc86-484b-8193-2bee30c5b758,de561980-22ab-4c28-8b95-ec8d131c3339,67f09ed1-062c-4508-92ad-b486a33062e7,
ec5093e6-4abd-4036-9899-15d1db5cacee,de561980-22ab-4c28-8b95-ec8d131c3339,6c013c26-356f-4ee1-adb7-dc785cf79517,
5cc68d51-d5fc-4bae-b5f9-010b681fb62a,de561980-22ab-4c28-8b95-ec8d131c3339,7e12712d-04d5-4ac3-a1fd-3968890a6a59,
ce17a891-ed57-47cb-9a4c-41ae4d58e08a,de561980-22ab-4c28-8b95-ec8d131c3339,8107efea-519f-40fe-a526-98d5c7dbab71,
c0b8b814-51e5-4195-93db-ef7df1030ff6,de561980-22ab-4c28-8b95-ec8d131c3339,840c3947-8567-4a4b-916e-051219bc0d48,
62f2e576-c3b0-4ce4-be21-a54af47a64c3,de561980-22ab-4c28-8b95-ec8d131c3339,88b2fb8d-584a-4ce8-a167-c4dd6dae8f84,
415df172-d43e-4898-9284-2960f416bad4,de561980-22ab-4c28-8b95-ec8d131c3339,89d4ce84-d7cc-4deb-adcc-11b0bd66d328,
bbfb9517-90ee-432e-bc5b-502fd6e12396,de561980-22ab-4c28-8b95-ec8d131c3339,a3b9de1e-caf1-44a1-ab4b-558cc15b5c7c,
e9d9e76e-be85-4f30-abe5-128e2724aeb4,de561980-22ab-4c28-8b95-ec8d131c3339,b45e919f-82bb-4bcb-b056-33236f4970f9,
94f5cdd3-afd4-4d68-b975-861088f2fb8a,de561980-22ab-4c28-8b95-ec8d131c3339,c0ea1209-91e6-4002-93a4-3f37e64587cf,
6094a7bd-97b2-4d27-812f-9746011d4133,de561980-22ab-4c28-8b95-ec8d131c3339,c5637218-4d47-4b1b-99f9-7e567b44063b,
f9ea7d10-ea07-4503-a6d8-7cd2b4be13ae,de561980-22ab-4c28-8b95-ec8d131c3339,c7f8a375-b414-46f1-93cc-4f597e8fb4d0,
079a75f4-cf8b-4fb6-b953-3d093023f107,de561980-22ab-4c28-8b95-ec8d131c3339,ea196247-f00b-4cb3-8d24-77f0ca691a48,
af4b1f3e-136b-4268-83f1-75bfeebcc09b,de561980-22ab-4c28-8b95-ec8d131c3339,eb6acf08-0747-4700-963a-18ae660d5bbc,
4df2c6ce-9bdf-4f35-84d3-c60e49f4668f,de561980-22ab-4c28-8b95-ec8d131c3339,edd4eaaa-de65-4dae-9060-dae5c2f2379b,
1de1fbe7-aa5a-49a1-af82-a3b8c23ec65c,de561980-22ab-4c28-8b95-ec8d131c3339,f5db5c6e-564e-4998-9dd7-acdae19d815f,
1b83a090-c9ba-451f-b1b1-5e425db9d058,de561980-22ab-4c28-8b95-ec8d131c3339,f79bcc14-e36d-47ac-8c37-31e74674572d,
3ffbd5d3-29b3-4610-a10e-76ea5d9d1fea,de561980-22ab-4c28-8b95-ec8d131c3339,ff4e44f5-62b3-4d56-97a2-6443f97bf9a5,
aec83fc8-e929-4f51-b968-68d5de39bd89,dfee3c66-e03d-4936-94fe-ddcb6e66b004,0e92fc6a-37e8-43a4-8bf7-55ec863079c8,
8854e35f-a1bf-4413-ab1b-bf1f99a28a49,dfee3c66-e03d-4936-94fe-ddcb6e66b004,3025963d-ba09-4056-81e5-3f10c43bc27b,
51eb91e5-113b-4344-852d-99d914cf4670,dfee3c66-e03d-4936-94fe-ddcb6e66b004,33498acd-fbbd-409c-96e6-88b18155f527,
c883ef84-2273-42b2-9bd4-3b433e11ef40,dfee3c66-e03d-4936-94fe-ddcb6e66b004,4375317c-0efc-4c8a-adce-4c7216f216c7,
79348dfb-dff4-4512-9873-2f0fd3e4d0c7,dfee3c66-e03d-4936-94fe-ddcb6e66b004,44d48bc7-c8b7-48e7-9bed-1f7fe65c91fd,
ec461447-2076-4f56-96e5-a95787e9da13,dfee3c66-e03d-4936-94fe-ddcb6e66b004,504aaef3-7a22-46cd-b04f-04a8f35c1f17,
4d93f0d6-bb8f-4723-9107-071218bf3654,dfee3c66-e03d-4936-94fe-ddcb6e66b004,619f72dd-f378-458e-806b-615ff5eff673,
31a2d69c-b76e-4151-b339-bfaa4359195c,dfee3c66-e03d-4936-94fe-ddcb6e66b004,79b6f063-7fc9-4e2a-9fb0-4ac6103b092c,
0639af1b-169e-4a90-8b73-8655fcbee9c1,dfee3c66-e03d-4936-94fe-ddcb6e66b004,7fd6c3eb-588f-43a9-a5c7-5a79e1eb9f32,
af4836b8-bd82-4f90-9037-0c50debc585f,dfee3c66-e03d-4936-94fe-ddcb6e66b004,8913f003-d730-42b1-adb6-971bd03ceaee,
f3bb85f7-2531-4ece-b41d-6332e2b182f7,dfee3c66-e03d-4936-94fe-ddcb6e66b004,905e185c-3602-4221-974a-7ba98db47af3,
fe12f9ca-a06d-4a67-af7d-640b523b06d2,dfee3c66-e03d-4936-94fe-ddcb6e66b004,b49ee326-f0ef-4cc1-8a03-2f88c1c142a4,
3f91fb27-a721-451a-802c-7f4a887452ca,dfee3c66-e03d-4936-94fe-ddcb6e66b004,c32fbe33-1ff6-4414-a6f1-d0a5cc558e14,
feea5f45-39fc-4787-905a-3ef22cb98f85,dfee3c66-e03d-4936-94fe-ddcb6e66b004,d4af3609-1a0d-4818-82da-30e9a88fb705,
c053bf10-6156-4b22-8dfa-b91ed9d5238c,dfee3c66-e03d-4936-94fe-ddcb6e66b004,e1569218-c786-4585-be2e-27a23bd25144,
ece69ec1-bc02-4282-aad1-eeac3b301be6,dfee3c66-e03d-4936-94fe-ddcb6e66b004,e1bfbc34-b609-4b7c-ad17-6c179e4c8eb4,
da31ac49-9d85-4315-8628-0b2c8654fe02,e7e9e2a7-91ce-47ac-a946-159e4945a7b8,082170de-2ad8-4b7d-b8a9-daca52774ad2,
b9ffdd34-2653-40d8-89cd-128aa34f7123,e7e9e2a7-91ce-47ac-a946-159e4945a7b8,1ec558f8-ace8-4631-8a40-d7969dad9865,
f95ef868-7255-4638-998a-e7e7b4695e92,e7e9e2a7-91ce-47ac-a946-159e4945a7b8,270f7778-c353-49e4-8802-0baf87f7cd53,
4ad672ce-061c-4d8a-b92e-4fbfcf9ba2f7,e7e9e2a7-91ce-47ac-a946-159e4945a7b8,2f3cb6c6-cbb2-44af-906d-f1a4e64d7265,
af5ae410-48ec-481d-8deb-03f092a58d66,e7e9e2a7-91ce-47ac-a946-159e4945a7b8,78cb20a9-cc92-40c4-8670-a509e93a74b4,
b8bccef7-5a03-4e4d-8c16-c1c6f0dcf323,e7e9e2a7-91ce-47ac-a946-159e4945a7b8,85dab882-3488-4a23-a4a6-e2d27f618e8f,
b530abb7-5488-42e9-81ff-4965f52d9cb4,e7e9e2a7-91ce-47ac-a946-159e4945a7b8,d59b5a46-350f-4cd8-b1ba-153786423717,
6f1f59df-0221-48cc-9656-7791f5061ecc,e7e9e2a7-91ce-47ac-a946-159e4945a7b8,d9795771-9a46-477c-8263-402f25c8e132,
a6ab1797-aa66-425a-a655-2afc2432f1e6,e8c33e4f-0c84-4eef-82cf-53723d9a4ba3,300c6d3b-b795-4647-938d-4248a230854b,
88d5b6de-e3b2-4aa0-a21b-c4435a853c18,e8c33e4f-0c84-4eef-82cf-53723d9a4ba3,53aa3855-be51-42f8-8862-21e90fcc1809,
b8580567-b8fc-40bd-8abd-850f2a41df37,e8c33e4f-0c84-4eef-82cf-53723d9a4ba3,71b9e35c-e493-45e7-8617-469daec4c63e,
df983e47-3e2e-4ea7-9627-725f0b57d8b7,e8c33e4f-0c84-4eef-82cf-53723d9a4ba3,b50ac9f6-ca21-4b4e-87b7-b83f2e79f759,
1ddd0fb8-fc2d-472a-9aff-e8ea26593744,e8c33e4f-0c84-4eef-82cf-53723d9a4ba3,ec6f54a9-6b2a-4294-97e6-22c92f1019fe,
a62a1257-a69c-47a4-bdce-a028a868d2d2,e8c33e4f-0c84-4eef-82cf-53723d9a4ba3,f276cab7-2664-4b0e-a9ee-027ac063a7a2,
b3f28a6e-dcc7-46da-b53c-e8bf4d60cd4d,e9ca0831-56b3-45bd-9a53-74eaccc0cabf,339ffeba-5b0c-4023-b186-b56a79cbd58f,
3c69cd4e-5b5b-45ea-a0f4-877d62fcf32a,e9ca0831-56b3-45bd-9a53-74eaccc0cabf,4b0bd3ff-f59e-460d-9be3-dfee0672ad4b,
cac4e160-58f5-4532-9d60-85ac7d6d15f9,e9ca0831-56b3-45bd-9a53-74eaccc0cabf,714d8499-10de-4bc2-aaa6-747996d8f49b,
56b1a5e8-54c6-4a0d-bd1f-bace150202a4,e9ca0831-56b3-45bd-9a53-74eaccc0cabf,ac49a478-46f1-4112-9659-92c3c89a5075,
0d5c305c-a980-4a20-83fb-35e899235df7,e9ca0831-56b3-45bd-9a53-74eaccc0cabf,d169a80a-2b99-463b-a87d-34afd3d4a76f,
c007ca3e-282c-40c0-93c0-eb82b9e3b2fd,e9ca0831-56b3-45bd-9a53-74eaccc0cabf,e0b396a7-aead-45a8-83d2-a15d8117ebd3,
4bef49bf-a3db-45f6-a8f9-1d103b460e7b,ebce6bb7-891f-49b2-a91b-1acf1df3949d,3f93f00c-a5f9-4949-aefe-0b6162547f90,
ab191a43-dc84-4858-9b5f-8c39b7754d0d,ec6e6278-3671-4309-a0c5-131da639c2a7,01d5ba6c-a073-417a-9879-ba4e5506f3d2,
18358cf6-6bce-41fb-9f4f-722d6f0122e2,ec6e6278-3671-4309-a0c5-131da639c2a7,0a2943ba-75be-4d10-ba30-51a7b12dc6f6,
1eb37747-0e10-4f0a-bd57-610cc9721688,ec6e6278-3671-4309-a0c5-131da639c2a7,10b65cae-4fc3-45e5-8cd5-274475ea95ce,
271602c0-5c8a-4a55-8608-84e4e321891b,ec6e6278-3671-4309-a0c5-131da639c2a7,16aca6ab-7343-420c-9721-fc23664c2495,
d8bbf87b-ca65-4961-9e2e-32da8a3a2ce3,ec6e6278-3671-4309-a0c5-131da639c2a7,192b3289-e856-49dc-89f1-fef75d5f305e,
b5f6c551-c435-4f46-8607-5b5e9a296fee,ec6e6278-3671-4309-a0c5-131da639c2a7,198092ea-0d16-46ee-8a1b-ab67325e5efb,
b594d77d-f0a2-4dc5-a86a-d3209163a8e0,ec6e6278-3671-4309-a0c5-131da639c2a7,1ac022b3-9f6a-4c92-806b-39515f2f9f78,
25b41abf-2506-4dc7-8c27-64f088fc69a3,ec6e6278-3671-4309-a0c5-131da639c2a7,31ef1cc2-a7a6-4bb1-9593-addc25c3a5bf,
85e4fe5f-0a83-48b0-82ed-14cb40ae52db,ec6e6278-3671-4309-a0c5-131da639c2a7,3eb5d79f-e999-490a-a507-c029c0277cd4,
d44b738b-1f02-4f5f-a62e-727113c59eff,ec6e6278-3671-4309-a0c5-131da639c2a7,49c1675c-aeff-459b-8e25-d41c677075d2,
79fdd13d-8c8d-4228-8653-39a73f22ee13,ec6e6278-3671-4309-a0c5-131da639c2a7,50e3a86c-e925-4189-bf1a-045f15f98cf2,
dd53266d-106a-412a-ace9-97368c3747c3,ec6e6278-3671-4309-a0c5-131da639c2a7,5bebc04a-747d-4c60-a18c-11dd195a36d9,
86581e0a-e4de-4c8e-af3d-c59db0f55ccd,ec6e6278-3671-4309-a0c5-131da639c2a7,66382bbe-cefc-4adb-bee4-73a52bdb07ff,
4a4ae321-9fa2-46c5-aa6f-803d8ebd18d4,ec6e6278-3671-4309-a0c5-131da639c2a7,71eae084-75d5-4b90-83e3-326c2f25a439,
c221f6ad-9f18-47c5-8213-bdd274e88397,ec6e6278-3671-4309-a0c5-131da639c2a7,721b7d0c-3b60-41dc-8d85-786c91528675,
8e62cf3c-aeb2-4f83-b97e-f053043b1cd2,ec6e6278-3671-4309-a0c5-131da639c2a7,73250de5-0db9-4b55-bd9b-498c0c5141e3,
7362e564-8d55-4bba-8f8d-7f14be286e25,ec6e6278-3671-4309-a0c5-131da639c2a7,7ae1d503-3967-4a8a-88e9-4bf39eb9be01,
ea15bcbb-6f6a-4b83-ad42-86e2299966f5,ec6e6278-3671-4309-a0c5-131da639c2a7,7dd9e209-95e5-47f7-8935-79c9b22fd2ed,
6ba2fb9d-3e71-43f9-93a5-f0790ffa19f6,ec6e6278-3671-4309-a0c5-131da639c2a7,7df80453-c64c-48c4-b077-792bd7936207,
4424347a-fae5-477e-856d-020232c60f24,ec6e6278-3671-4309-a0c5-131da639c2a7,8659e767-8d77-4cf2-90fc-4ae2236ab05b,
d9ec279e-c702-4409-b9bf-10b5946387b2,ec6e6278-3671-4309-a0c5-131da639c2a7,9b25aab9-180c-4f8e-9e6f-20bedd0a8c17,
55b6ee20-2df3-4088-985f-c6ee1af9e7b7,ec6e6278-3671-4309-a0c5-131da639c2a7,a25c6fb3-db27-420a-90b8-98329fa31788,
cb016200-7cf6-40ea-b46d-8d47d2bfea0a,ec6e6278-3671-4309-a0c5-131da639c2a7,a7cd18aa-299d-437f-b50d-040959d82421,
30997f23-f11a-43b4-8374-795188a0d1c6,ec6e6278-3671-4309-a0c5-131da639c2a7,baf3f672-b360-4dc8-a28b-8c9766d3f3d8,
d64f95c7-03f4-4ca1-9b34-fb074c6eeb97,ec6e6278-3671-4309-a0c5-131da639c2a7,c9b27458-ab7f-463c-a67e-d9e03e2d7543,
b91d92ae-bf17-4c19-a0d0-2dca8d1bd73c,ec6e6278-3671-4309-a0c5-131da639c2a7,cc89f920-4cd8-4036-9818-58920878af03,
563d56a1-373b-479c-8f66-0fa25fbe1897,ec6e6278-3671-4309-a0c5-131da639c2a7,dc54b597-ccc6-415e-8d74-f80fa2f3e807,
6ddfea3b-c1c8-4d4f-b2c1-4581ffd3ec4b,ec6e6278-3671-4309-a0c5-131da639c2a7,f562de0b-a5e3-4e33-b856-f4a44a6abe05,
4aca31c4-6d8e-4ebf-9bad-116cea395955,ec6e6278-3671-4309-a0c5-131da639c2a7,f8043b8e-4025-498f-8cf0-f6fde30bbe38,
eedb2335-1dee-48c9-8785-bf0d0c601d52,ec6e6278-3671-4309-a0c5-131da639c2a7,f99261fc-eaaa-4e86-837f-6cbdcc1ff8a5,
138d1432-bbf1-4149-8588-d6a4aed943e0,ee0d1cce-ab1a-4759-9d6a-0e0889b37db3,0e3f47ad-febb-40dd-b04a-5d027c0243db,
774112ff-c033-4866-9a81-36247715b3be,ee0d1cce-ab1a-4759-9d6a-0e0889b37db3,48277b06-a1ac-4338-ab33-58a62e3e2f29,
063e59db-2eb3-4be1-988d-6169e6defecb,ee0d1cce-ab1a-4759-9d6a-0e0889b37db3,88a04919-ac1a-42b6-9260-8d3415f07a58,
a1ae924a-bfe5-4acb-951b-f559e9a7fb70,ee0d1cce-ab1a-4759-9d6a-0e0889b37db3,ac3929a1-78df-44c4-ae7a-6d242ee3a8b2,
bc635028-ca7f-4511-8546-73ded5e07da0,ee0d1cce-ab1a-4759-9d6a-0e0889b37db3,ddb39448-7eee-4679-a750-f466e5124aae,
2b432a10-c077-41b1-8b1e-ff453d046114,ee8e983c-044a-42bb-bff9-495f0735efb4,2dc2039c-bf50-42b7-a29b-acb81ab5d5d2,
1ad4c6f4-a7f7-4530-bde6-d1e1a5404c29,f0c9f397-2b1b-41aa-ae85-30b17d4db4e7,06f1ace9-fb1b-49a5-b925-7c32d24db123,
4cf1e5c0-cfb5-49f9-b7c9-46a21b4404fa,f0c9f397-2b1b-41aa-ae85-30b17d4db4e7,1af3bc42-91cd-4031-a6b0-79bb282fba19,
ed90e596-ef3c-4efe-a7ae-4ff50962bbba,f0c9f397-2b1b-41aa-ae85-30b17d4db4e7,22d755b3-42d1-4eac-997d-6d1c2aa576b5,
71e7325d-5d3b-4ef9-afd7-05e2cd069dac,f0c9f397-2b1b-41aa-ae85-30b17d4db4e7,24eea15a-cc1b-4a7e-9b0b-5cd96357ef24,
e3f66565-993b-4497-a6ff-a4c31997a99c,f0c9f397-2b1b-41aa-ae85-30b17d4db4e7,253c69e9-94c7-47df-97e8-8a8113b36af3,
b35fcafe-5ca8-4ac5-96cc-188ebf24f5df,f0c9f397-2b1b-41aa-ae85-30b17d4db4e7,254c587a-e026-4993-a8a2-b718b8687d8a,
8a5a553a-fa23-4464-9e94-0184b08f9b5c,f0c9f397-2b1b-41aa-ae85-30b17d4db4e7,25a01f7f-1081-4f22-8f06-4ff8af6abfd6,
a74690cd-03d2-42aa-91e3-a1b3c442dced,f0c9f397-2b1b-41aa-ae85-30b17d4db4e7,2998c3ae-a275-4b3f-9676-ad2119d1ef29,
23533f53-02a5-47d2-ad56-9732fa055968,f0c9f397-2b1b-41aa-ae85-30b17d4db4e7,2f2d9b50-f1c8-45b9-b11f-a10aaf3d7ccd,
c4f1ad5a-063e-4d9f-995a-fb298fce1c1c,f0c9f397-2b1b-41aa-ae85-30b17d4db4e7,3504a590-11e7-45d8-8670-2b9e91e477c5,
88a129d1-f15a-4e11-8ed7-ac5d968ea952,f0c9f397-2b1b-41aa-ae85-30b17d4db4e7,3ba11631-9358-4f29-8ff9-30b80b9803fa,
b22004e4-97bc-4b09-9f9d-585cfbba550f,f0c9f397-2b1b-41aa-ae85-30b17d4db4e7,47e2970f-0f4e-48f9-8508-fcc485d467b6,
5149a7b5-c572-4d8b-b1e1-aafb6b23123a,f0c9f397-2b1b-41aa-ae85-30b17d4db4e7,4e8e2cd5-a1be-4230-ae29-f569034f7e6b,
ff3227b7-6b1b-4c12-8dfb-fb243dec9d72,f0c9f397-2b1b-41aa-ae85-30b17d4db4e7,583566a0-ad35-44b8-b8d0-1ac8ef8b6dbb,
dcd0cd84-eebf-4579-8d4b-fcf15c30312d,f0c9f397-2b1b-41aa-ae85-30b17d4db4e7,64dc4a6c-3df5-44b4-8734-9ca2dcd8f7c1,
2ee74b42-78a7-40ab-8ab8-0097abc81bad,f0c9f397-2b1b-41aa-ae85-30b17d4db4e7,832088ad-c101-4618-b463-7adcdd7b94d8,
b1bf3530-b455-4b70-a0de-36cc86df7bd1,f0c9f397-2b1b-41aa-ae85-30b17d4db4e7,9eaa018f-6f5d-4bf5-8856-7d90a57c05d5,
96eb5363-69f9-4c57-accc-3c9ea303eda5,f0c9f397-2b1b-41aa-ae85-30b17d4db4e7,db9bd1fe-2301-485a-bdeb-c158560bf90b,
979d8c55-78a1-4e35-91a1-5633d1f63cb7,f0c9f397-2b1b-41aa-ae85-30b17d4db4e7,ec32aa45-4f2f-4f0a-af65-78305ee81aad,
aed77667-4d04-4aa7-8e68-25d0897c1a70,f0c9f397-2b1b-41aa-ae85-30b17d4db4e7,fe6c1baa-41bb-41b5-98db-1a5b23e54c4a,
0afbd7bd-c439-4ef5-bbe5-7f81068caa40,f53d0a45-dcd7-4eb6-b134-0029997548da,0b508aed-e896-42d2-8144-3e6fa325f38a,
3acd46c8-4a46-46c0-bd48-8b93b87afeec,f53d0a45-dcd7-4eb6-b134-0029997548da,17b4fb8d-495a-47ec-a919-60c881fab693,
1f7fcea8-c793-4915-b394-98c779b3e7ee,f53d0a45-dcd7-4eb6-b134-0029997548da,1810906a-84b9-4d9f-8f92-2ef801a2cebb,
9ab083f3-a249-46cc-ba59-a4755005c768,f53d0a45-dcd7-4eb6-b134-0029997548da,19a9b546-5664-4284-9000-f0b46e636a4c,
5044ad4c-d6db-455d-b93e-1813b8d818f5,f53d0a45-dcd7-4eb6-b134-0029997548da,2d0969df-4a31-4e9e-b96c-a3a86b62f9d6,
346a1987-33ba-44a8-8e0f-e488d4703684,f53d0a45-dcd7-4eb6-b134-0029997548da,328671e3-de26-4498-bf46-ffa874da6761,
3e941a8f-6487-4261-b4d9-7b0611c0f0ae,f53d0a45-dcd7-4eb6-b134-0029997548da,41de5fc3-d396-4e8b-85a8-2d4debe92388,
8da52d15-debd-4940-aa06-0d85b3d59358,f53d0a45-dcd7-4eb6-b134-0029997548da,59df1833-83b8-4ea0-bd03-6887ded6c73e,
ae284c2e-fd10-4240-ad8d-d607ef9f8642,f53d0a45-dcd7-4eb6-b134-0029997548da,5d607a96-79b9-4430-8fbb-a8e2d62a6c4d,
87fb02c2-50b1-41f7-ab21-859a003577dc,f53d0a45-dcd7-4eb6-b134-0029997548da,6ad5e594-4600-4f90-b3d0-851fe4b5ed64,
d1dc1b8b-2237-4c68-9f4b-058303527e3c,f53d0a45-dcd7-4eb6-b134-0029997548da,6b9302d7-6cd2-4828-8d6b-84032bb81c66,
700875a2-b754-431b-bddc-209ed54392fb,f53d0a45-dcd7-4eb6-b134-0029997548da,6ddfe147-dbf8-4476-adf8-cddc834a1e6e,
8eda4e59-47ba-4aae-9011-f6a277eaf12e,f53d0a45-dcd7-4eb6-b134-0029997548da,7e648b25-487f-4c0e-8cbc-af4a09dcf7c4,
a5d6cbce-424a-4397-b8a6-95c7b7fb26b1,f53d0a45-dcd7-4eb6-b134-0029997548da,82212b02-7d2a-4281-9c04-4ff010effba9,
946ad630-dc02-4ba9-b49e-df84529a9f62,f53d0a45-dcd7-4eb6-b134-0029997548da,900ea938-31d8-4aac-97f8-fd60f6ff95e6,
debee524-67b7-4e5b-9b7d-5760aa56a014,f53d0a45-dcd7-4eb6-b134-0029997548da,9bb12ff2-77b5-4a4d-8c79-ef42067e5d46,
acaad62c-6395-4588-9691-6e9ee3f6df3b,f53d0a45-dcd7-4eb6-b134-0029997548da,a7c43c91-c156-44ca-a35d-2d56dab3e780,
d580630f-f77b-4c91-bcd4-b16374b517ba,f53d0a45-dcd7-4eb6-b134-0029997548da,a8107afc-ba7f-4146-b9cb-3f1d919d3c13,
3412bc1d-92e2-4c5d-8347-2a8cdee0be4d,f53d0a45-dcd7-4eb6-b134-0029997548da,a865c7ea-9a77-45ce-aa91-85a91472fb13,
b695a513-5385-478d-ac98-8a4423153743,f53d0a45-dcd7-4eb6-b134-0029997548da,b2338012-6657-40e5-8001-126afc71feab,
e0e1c9c9-b86d-4579-b3ca-2035d03c9e2c,f53d0a45-dcd7-4eb6-b134-0029997548da,b280e21a-4e88-486c-a0b4-72d29a8b6b7d,
cc44587a-08a5-4da6-a6c7-04969e2f1147,f53d0a45-dcd7-4eb6-b134-0029997548da,bfb051e3-3a00-4596-a8bb-375574c32834,
292d3ff0-0a25-4a56-b08d-ed4331dd9547,f53d0a45-dcd7-4eb6-b134-0029997548da,c2411d67-da5f-4615-9083-2a588b7d25f2,
60d41385-5046-4a4f-8c06-87ddfbb81f51,f53d0a45-dcd7-4eb6-b134-0029997548da,defcf430-fb64-49c1-a6a6-619e69ed3275,
4be52dd9-9d3f-4e5e-83fc-735d9ab81d2b,f53d0a45-dcd7-4eb6-b134-0029997548da,e1736129-8fc0-4196-916a-02f8e21f209c,
bd94fd3f-340e-4faf-b844-23803187246b,f53d0a45-dcd7-4eb6-b134-0029997548da,e36e5822-6da4-430f-a2c4-d1d879be5026,
b0081b61-97b6-4557-9db7-6ec8757ea87a,f53d0a45-dcd7-4eb6-b134-0029997548da,eaaf65cf-f609-4bbf-a38d-35179c1ddd1d,
457cce84-a008-4e87-a823-386b6a87d942,f53d0a45-dcd7-4eb6-b134-0029997548da,eae5370b-8f1f-45d1-893d-3129f63cb6b3,
2ceab409-b3b5-4147-b78a-d374560bb6cc,f53d0a45-dcd7-4eb6-b134-0029997548da,fe612b12-6afe-4250-93e8-d42049b6efaf,
7cd09dfa-928d-4d66-9e4f-539617d753a7,f65207db-f6de-4321-b874-79071a7db10d,64252258-3edd-4057-8a78-c7ff470995b8,
e7e46a87-084c-4b47-94df-0c29cb98988e,fb992fcc-4b0b-4fac-ac8d-92113093083e,2928c78f-65fd-41e5-834f-e6ed5fa41cd6,
57437704-7aff-489b-928b-e45e5dd56045,fb992fcc-4b0b-4fac-ac8d-92113093083e,2caae81e-b702-437b-9bf9-d46ff7e40bb5,
e31a858b-1277-481d-aa17-70c1f13ce9e9,fb992fcc-4b0b-4fac-ac8d-92113093083e,3786ce1d-e1f3-4b58-9fda-1845f988d1d9,
775738fb-1ac4-4f97-9254-30530b621764,fb992fcc-4b0b-4fac-ac8d-92113093083e,38e2685c-eb02-4a9b-a05e-b6c56a03a2ae,
4e3a129f-1b9c-4e63-9b4f-ec41cee5440a,fb992fcc-4b0b-4fac-ac8d-92113093083e,3c5f2dab-33a8-4a07-8096-f01fb88dd42e,
fa6ac17f-f79c-4f49-aab1-c84fb2cbb39d,fb992fcc-4b0b-4fac-ac8d-92113093083e,8d57bff7-bd7c-44b9-984d-2458f5a79522,
0f71d5e5-dedd-4dcb-b214-8d2bf9999b33,fb992fcc-4b0b-4fac-ac8d-92113093083e,b7e70a1f-e2ac-4b73-bdb9-9b6f12e535fe,
6fb16258-e292-4d1f-a437-71c7f5e4235c,fb992fcc-4b0b-4fac-ac8d-92113093083e,dacedc94-9484-4269-bfbf-6ea20364fb06,
8d5e4d93-4263-4c42-8f7d-a728aca44f0e,fb992fcc-4b0b-4fac-ac8d-92113093083e,dec65634-b42f-4b24-97aa-6e9a037acda7,
