id,district_id,jurisdiction_id,subdivision_id
7b8d6ac6-ffcb-4a89-b7ff-56cbb8810a57,00e1e667-ba1a-4278-a3b2-cbf83ee77581,0f34d4b1-59f5-4fb9-acec-f7049abf9787,
d385f037-d374-46d2-b17e-247504bbb88f,00e1e667-ba1a-4278-a3b2-cbf83ee77581,1007d042-e291-4720-90e4-5f5549b9455f,
6760e92b-ed57-4738-9f40-7c9f43402201,00e1e667-ba1a-4278-a3b2-cbf83ee77581,13159156-4e95-4173-9519-be62b79a46c0,
9bed0d16-c487-4d09-af6e-418385b7c7e4,00e1e667-ba1a-4278-a3b2-cbf83ee77581,1444739f-6c29-45ee-b7a1-29c573373330,
880c9a52-51f0-41a7-834a-7170cfa170d0,00e1e667-ba1a-4278-a3b2-cbf83ee77581,1492c802-73be-440c-ac1e-ce192463ca32,
751e8b08-4a32-46d2-befa-801064da4ac3,00e1e667-ba1a-4278-a3b2-cbf83ee77581,15c424de-61ae-43a9-84aa-90c83743c980,
00908620-d980-41a3-8f96-dffaefe2ede5,00e1e667-ba1a-4278-a3b2-cbf83ee77581,1c62633b-6935-4170-be36-d21ecd41e3dc,
88a40416-2c15-428f-850a-88024fa2286f,00e1e667-ba1a-4278-a3b2-cbf83ee77581,26442609-1f97-4af0-ac56-e6efaec9b818,
c7a16015-7e08-4dc1-a893-4184bb0d4a11,00e1e667-ba1a-4278-a3b2-cbf83ee77581,2a2561c1-2174-4bc8-8d7d-b46a77b0603b,
87a0d90f-551d-4aaa-b8a6-9c6e1107ddaa,00e1e667-ba1a-4278-a3b2-cbf83ee77581,31448d5c-8726-4ae7-bbd2-bb812d333239,
40f07459-a63b-4ea5-ad20-7eef65da0315,00e1e667-ba1a-4278-a3b2-cbf83ee77581,3e416a54-3a46-4029-bb1f-fe9b15faeb92,
0fdf3bc9-6a4e-4110-b2a3-1193fedfef91,00e1e667-ba1a-4278-a3b2-cbf83ee77581,4315adfb-f708-411d-a527-4c775627fb45,
7ebae895-e31a-4598-9350-33e74e22b76f,00e1e667-ba1a-4278-a3b2-cbf83ee77581,4ba178bc-8658-47d5-9973-973c7819b5ec,
04f074cd-dee8-4243-a95a-f8db72b1b9f9,00e1e667-ba1a-4278-a3b2-cbf83ee77581,4bdde61d-7c6d-4a0a-a2a5-70b542bb45eb,
5f9d38da-97c0-46ba-b344-2af131dcab52,00e1e667-ba1a-4278-a3b2-cbf83ee77581,5890c36b-87f8-41f0-9e22-073257650d15,
481333cb-6c22-40af-bc9e-b5475d93af65,00e1e667-ba1a-4278-a3b2-cbf83ee77581,67175079-0578-4d88-a55f-0f4b055867ae,
333e6f53-7bc5-4d9d-87eb-aeb0beee42a1,00e1e667-ba1a-4278-a3b2-cbf83ee77581,8162a67c-133d-4010-905c-7e5ea8cb9ca8,
c6c746af-ccae-4f6d-8a88-361cae1ba835,00e1e667-ba1a-4278-a3b2-cbf83ee77581,8fe07f12-cd46-4a41-95b8-c1f21ceed651,
c8cf8325-e5bc-41fe-b8c5-9c52d16e25a5,00e1e667-ba1a-4278-a3b2-cbf83ee77581,933af5e7-6106-4da5-a943-f9d786db28c0,
9590844f-1dc6-4b4a-ab99-2e55de357c84,00e1e667-ba1a-4278-a3b2-cbf83ee77581,9f3f1a1e-d3c0-481d-a71c-b9c6124d579d,
cc3c8269-03d5-4a5e-963d-b634d476e067,00e1e667-ba1a-4278-a3b2-cbf83ee77581,bb902250-713f-4a6e-a92e-300b9873faca,
c7615c1a-39ef-45e7-bdb3-e769141454e5,00e1e667-ba1a-4278-a3b2-cbf83ee77581,bdbf60e8-fb9f-4fe7-8b19-d2bb41fcb7c7,
1d3f2e4e-1187-46aa-94f0-ef6e01c074b0,00e1e667-ba1a-4278-a3b2-cbf83ee77581,bf9c9cf4-3ee6-45d7-b8c6-9ed754ce816a,
40a0954d-4acd-4374-8a16-82fbb44ddadb,00e1e667-ba1a-4278-a3b2-cbf83ee77581,c83a0f2a-592e-4c83-bb48-c408cfd57697,
79d6b9ca-9d7b-44f3-80b4-4432d561ecaa,00e1e667-ba1a-4278-a3b2-cbf83ee77581,cb3eda4e-57f4-49fd-862a-f9678236f364,
e101f627-6269-41ca-a46d-ae3aa883f604,00e1e667-ba1a-4278-a3b2-cbf83ee77581,ccc649d0-420d-4d80-889e-ffbaf9b8221d,
ab579d28-49ce-4573-a639-5b17d0fa3c74,00e1e667-ba1a-4278-a3b2-cbf83ee77581,d0896fc7-0992-46f4-9398-ef8cf1fa6fc9,
c0ff42b9-aff5-4406-8c5b-75b6737623ea,00e1e667-ba1a-4278-a3b2-cbf83ee77581,e93bbb63-d86a-46b7-85d6-ee5c60fc35c8,
94a99e62-6ba4-4633-abd5-2cebca21c14f,00e1e667-ba1a-4278-a3b2-cbf83ee77581,fb96712e-2668-4570-9149-9854089deb43,
24e8e75c-07aa-4aed-b087-a1726fc8a346,012eea63-9f76-4354-a8ef-4d1948740a55,144b16d8-0a37-430a-9d94-9c9ec04bf6b7,
bff69937-6450-4f86-a430-426aa6a67cbf,012eea63-9f76-4354-a8ef-4d1948740a55,15bf51d5-c2a8-43a9-a927-2191bc1a08ad,
efa1e495-032d-471e-88be-3cddfac0716f,012eea63-9f76-4354-a8ef-4d1948740a55,1b83ad4d-f5cf-4ac7-8b3e-70098a301998,
b723ced1-9fc3-4ef1-8c11-cc7db4f86a39,012eea63-9f76-4354-a8ef-4d1948740a55,25ef9d4a-c2c5-4e7f-8b8e-f066390567f3,
fbae6ed5-e0e3-4479-ad3f-fd53d55ff6b5,012eea63-9f76-4354-a8ef-4d1948740a55,339fdb5f-ab7e-4e65-80a0-738c82482490,
acd1c841-130f-4aee-a320-864235e7e820,012eea63-9f76-4354-a8ef-4d1948740a55,42ea97de-fdf2-4274-be6f-a6fe689c70f0,
75c98dec-ccff-4ca4-beb4-8334066442ce,012eea63-9f76-4354-a8ef-4d1948740a55,4614c75c-96dd-44d4-a67a-62753e31e99d,
b8153963-038b-4072-b1bb-5b5442aab01b,012eea63-9f76-4354-a8ef-4d1948740a55,4efacc00-52d5-4b3e-9f1a-42bdba410ac2,
ad173cfc-c6f6-4256-8662-3ee933083bc6,012eea63-9f76-4354-a8ef-4d1948740a55,53260cba-fb0b-4b90-aab4-55d4518b8b8e,
45df9148-e37f-42f5-88a9-ba1eeb85aefb,012eea63-9f76-4354-a8ef-4d1948740a55,579af8e0-edb2-4118-9407-cb4149aec63e,
d711f1e7-1dde-44bd-bffb-a100c85b4c67,012eea63-9f76-4354-a8ef-4d1948740a55,57ce7d07-e42f-4518-a871-0fe0e7c7fb30,
2475b0af-1ac5-4c96-afd7-68a462bc359b,012eea63-9f76-4354-a8ef-4d1948740a55,63cde894-24f3-4619-b8d3-588d3044b4ed,
eb05fd32-d1a8-4193-abc6-a4bb2642ecda,012eea63-9f76-4354-a8ef-4d1948740a55,6c94e801-f9f7-4e99-bf45-a6a67bfe574e,
36fe9463-ecaa-4c3d-97e7-4ddf4273fa8a,012eea63-9f76-4354-a8ef-4d1948740a55,782abf3f-5107-4575-8967-c8879e802a84,
0b9b5c63-e834-4142-8c3a-2eec42a35bcf,012eea63-9f76-4354-a8ef-4d1948740a55,790a1a7d-e65e-4ee2-9147-5fc639aeac11,
5b047b4d-0e06-484b-bf04-ce4813d7f0f3,012eea63-9f76-4354-a8ef-4d1948740a55,8241e271-c19c-4462-a69a-fc1836651e87,
04aeb85f-26f2-420c-99c7-c9cc063d5895,012eea63-9f76-4354-a8ef-4d1948740a55,a76a5465-04f3-421a-9a54-91ff62ab879b,
7a678b6c-105a-4e15-9177-caf4274196d1,012eea63-9f76-4354-a8ef-4d1948740a55,bb60f354-a345-4069-904f-8d06e1148ac0,
747880fb-0b8d-4709-9740-b413c589b56a,012eea63-9f76-4354-a8ef-4d1948740a55,bbb89a2b-c661-414f-b9b6-a7d34fb0c953,
20793996-baf3-4906-8f39-ad684f402489,012eea63-9f76-4354-a8ef-4d1948740a55,bc4f104c-0cfe-43ae-9b0b-1469b06dfb7b,
a8292a5d-7778-497d-81cb-6814987e02a2,012eea63-9f76-4354-a8ef-4d1948740a55,c02c6c45-424d-4429-b7d6-775117481862,
9a1716d0-9a46-4df0-a06d-eb1d7c6d07df,012eea63-9f76-4354-a8ef-4d1948740a55,c6a1bdac-76f9-4dd9-9d2f-89ce528329ab,
bc94c3a2-248d-4f40-96d2-5c1f4ed530ba,012eea63-9f76-4354-a8ef-4d1948740a55,cd17f233-041e-4b9e-93c6-05a4c8bc3ed5,
23e8c2a2-e7a0-4678-aa1b-b3be7ec247c8,012eea63-9f76-4354-a8ef-4d1948740a55,cfea9a5c-dfa9-4913-ab79-ef0ece12397f,
4dac5578-3218-4715-a376-8f19af8c6061,012eea63-9f76-4354-a8ef-4d1948740a55,dd688a01-578e-4404-aea1-469ba1a405d5,
db11b2a4-c930-4462-afc3-e550714a7fc4,012eea63-9f76-4354-a8ef-4d1948740a55,f0308a3f-5962-4b8c-a44b-d49c57ad33b0,
7646a65b-2774-4a53-9848-c28074b2eed4,012eea63-9f76-4354-a8ef-4d1948740a55,f753f6c6-8fcb-4a7f-bf79-a21a548ed931,
f76b7089-f6d1-40c9-af09-8d95267f76cb,012eea63-9f76-4354-a8ef-4d1948740a55,f8f5e8f9-30d0-43e7-bf3c-5eb207acc7db,
e5e8d9ef-6fe4-48e6-8e9e-03061c8cf511,012eea63-9f76-4354-a8ef-4d1948740a55,fad983dc-ea49-4e02-a1fb-6d72e341ba58,
d7945362-a4a2-43f8-9689-507d576dbb6f,02bfdb9c-c69a-42cf-a241-84fb70cde162,2ed68e23-37bc-4f3c-9cbe-f6674e06114a,
63e1c281-e486-4361-a1dd-108d637acba4,02bfdb9c-c69a-42cf-a241-84fb70cde162,46c945be-7c47-44cb-9710-c842e2dedeb4,
2c8a73d0-ad49-4a7b-9057-66222efa4cc0,02bfdb9c-c69a-42cf-a241-84fb70cde162,8ad5d473-9d8b-4c1b-8de6-152332606eca,
6d4a5210-ce59-47e1-aefe-7479b38de096,02bfdb9c-c69a-42cf-a241-84fb70cde162,a254f86f-5b93-47d6-9bb4-4ddb14635ffe,
26e746ac-9798-401c-abcf-07e0981d8d5e,02bfdb9c-c69a-42cf-a241-84fb70cde162,ae66d756-8c6a-4c6e-b11e-d988ad88ad56,
130cd48c-be9b-4485-a40e-db92cf59f4ea,02bfdb9c-c69a-42cf-a241-84fb70cde162,b9745c07-9c21-4d15-97af-d264c7ea055b,
b0c1f8e9-e090-4d85-b99c-1f4b934f9ff6,02bfdb9c-c69a-42cf-a241-84fb70cde162,bf356547-f22f-47b6-974b-44ed993e7d49,
0eff0088-54fd-4e81-900a-0328c53ffd13,02bfdb9c-c69a-42cf-a241-84fb70cde162,d7f5a768-7345-49ac-a6ae-9f7fa6259a5b,
3c74ad0e-5023-490d-906a-d589842ce031,030f6c4c-d699-4e69-8edd-b88db1b21f21,80ae77bc-4894-4ec6-a804-c735802cba98,
0bdfdb6e-52d5-43cd-b4af-8ac619345ff9,046682cb-8f5d-42c2-8d7a-19a78661d611,1d4aa315-f38b-4891-9e17-2de215698333,
16bc0c87-4b8b-4a6f-a8e5-53ecb48579a1,046682cb-8f5d-42c2-8d7a-19a78661d611,2be02684-377f-42c1-b42e-ee2c6be7c998,
777b3f49-8e19-4e29-995f-7d73aa89b759,046682cb-8f5d-42c2-8d7a-19a78661d611,435989be-5c1c-4eba-9e3e-89bf4bb59fbf,
a5df1212-c49a-48e8-a46c-254ef34f3de8,046682cb-8f5d-42c2-8d7a-19a78661d611,487cc030-53d6-4d1a-afc5-9e75dda891f4,
b71b1b1c-544e-47ae-a958-c3dfef527735,046682cb-8f5d-42c2-8d7a-19a78661d611,50d440b7-5488-4a65-9847-53f101f159a0,
922f195a-f944-408b-bb69-39edeae5aa24,046682cb-8f5d-42c2-8d7a-19a78661d611,6ccc5859-2c3d-489e-9832-1870796dff16,
21683307-235c-4dc6-86b9-28a728367141,046682cb-8f5d-42c2-8d7a-19a78661d611,7f0e7640-0dae-4bd6-ac2b-a42507d50dcc,
6478bb12-5147-4ca5-9945-d2ba51437f6e,046682cb-8f5d-42c2-8d7a-19a78661d611,7fc7f506-89df-4e73-83b3-a6287d9b4fd9,
3e386977-c18a-484e-bebe-ec8e805639ae,046682cb-8f5d-42c2-8d7a-19a78661d611,82d4de31-4be9-47dd-a4cd-842152fe9358,
7e825456-0f38-43d9-b748-715b3c24d803,046682cb-8f5d-42c2-8d7a-19a78661d611,844978e6-7204-4798-9eef-7c1a42ea5dcb,
310b50d5-2fdc-4917-aa4f-1cbdc5bc6b85,046682cb-8f5d-42c2-8d7a-19a78661d611,96076f7d-7139-4fca-8fed-3cd68e96ac1c,
9f02d4fe-cbb1-4128-a16c-4a27d1927ee3,046682cb-8f5d-42c2-8d7a-19a78661d611,ce57797d-52a6-455a-b961-f7f096ed768f,
6f1b51a1-1a87-4c57-be65-f95fbfa9ece6,046682cb-8f5d-42c2-8d7a-19a78661d611,d07d5c43-5fb0-4e26-a5cf-b4bba9b82231,
6f7335e7-351a-4abe-affa-03e5e1ab372f,046682cb-8f5d-42c2-8d7a-19a78661d611,d75efa8d-2a6e-467d-925f-25478bddd1ad,
782c3903-174e-407c-9a53-7b109fe48348,046682cb-8f5d-42c2-8d7a-19a78661d611,d8f9c981-94c1-4df9-a4cb-87039f97b1a2,
3cf1c7b3-1776-4f7e-ae49-fd46aba4e5da,046a7261-63bc-4a1f-901b-ce2c0181774f,0461a815-b8e4-4913-abfa-df9d02c3a054,
75031d52-969c-4cd3-a0e2-5590652218ea,046a7261-63bc-4a1f-901b-ce2c0181774f,06b44f55-9648-41ad-bfe3-d3bd87f46861,
cbd57683-c88b-47ce-8e1c-d7c287eeb142,046a7261-63bc-4a1f-901b-ce2c0181774f,098eb28e-cb67-410b-9db4-5aa4ec70e632,
48393500-7e03-43fb-9a77-e365502e72fb,046a7261-63bc-4a1f-901b-ce2c0181774f,2b9db18a-da98-4e77-bfc7-3d330f09f1cd,
9a05ae76-2421-45da-9b95-558e17b21692,046a7261-63bc-4a1f-901b-ce2c0181774f,2d4e3957-24b7-4d68-9a80-6cbbf07d99cd,
2834fccc-25c3-4299-ac0c-a5754cd8f131,046a7261-63bc-4a1f-901b-ce2c0181774f,2fa6e784-087a-4142-a948-50c4aaa4cddf,
8242d6d3-f39a-4f35-9df3-442b4dab34e1,046a7261-63bc-4a1f-901b-ce2c0181774f,4ccb540a-bcd3-4907-869e-7187582da8e2,
e324df12-dc8d-4b70-8a2b-7bc6b778a6fe,046a7261-63bc-4a1f-901b-ce2c0181774f,4d5a86e0-fd61-40f4-a800-5c0c637a958f,
fff0ae4c-2a09-417f-81fd-da7d9c3c87e5,046a7261-63bc-4a1f-901b-ce2c0181774f,528c3e7a-a8d8-4128-93f4-0e8565198334,
76db3945-873f-4a5f-9814-22f416815c7d,046a7261-63bc-4a1f-901b-ce2c0181774f,54338fd3-c3e4-4e5c-b1f4-bc7d2ae853f1,
d18e617b-5231-4228-9d79-b8ff95cee484,046a7261-63bc-4a1f-901b-ce2c0181774f,59c041e5-ba55-4aad-9e57-166f03e3834c,
481e69b6-9835-42d0-ba85-6c64fd7227a6,046a7261-63bc-4a1f-901b-ce2c0181774f,5c0118b1-1046-48f3-bc8a-c83e811de5a3,
90d14cdb-087c-4f0d-bfee-defde7169d8d,046a7261-63bc-4a1f-901b-ce2c0181774f,5c965b3a-5c8c-4aa8-8ab2-e22472f346c3,
3bf46263-db13-441e-b799-73149421810f,046a7261-63bc-4a1f-901b-ce2c0181774f,5f0dc43b-2c19-4eac-ba5b-c5893a05ff2e,
0fc03eed-6ae8-4c6f-9a6f-f5914ba31cd7,046a7261-63bc-4a1f-901b-ce2c0181774f,6133e3a2-0352-438d-bb69-4ff7e93964d4,
d9cf2d52-a190-4034-9ea4-90c0e889fe00,046a7261-63bc-4a1f-901b-ce2c0181774f,6d67364b-25bb-41fe-b052-e43e66446072,
f0350702-18f8-42a1-95c1-0f68a27dc1c4,046a7261-63bc-4a1f-901b-ce2c0181774f,743a2057-0667-4313-bb45-def32119fa66,
bd074474-1003-4d86-8b70-11eb765e7efc,046a7261-63bc-4a1f-901b-ce2c0181774f,7dd046f8-a38c-4171-9dbd-264e94d74dfc,
66513189-7051-4c42-9dd8-84ef6c0e9891,046a7261-63bc-4a1f-901b-ce2c0181774f,7e0887ad-29a5-43d1-afc2-e8e21c25421c,
d499782a-258f-4f2a-ab6f-4f03ff740246,046a7261-63bc-4a1f-901b-ce2c0181774f,7f5cb247-9c9a-4aee-9ce4-c20531ebdb19,
45c9b353-5067-4d6b-9755-8ed26252b6c9,046a7261-63bc-4a1f-901b-ce2c0181774f,82c42224-f7f2-4bab-98d3-81c5235c5805,
20cc0c1e-4953-499e-9505-e7f8b7d0de70,046a7261-63bc-4a1f-901b-ce2c0181774f,86a2d6e0-c677-459d-8f4c-108187040878,
47dada44-411f-4488-b9d2-7ac095f00c46,046a7261-63bc-4a1f-901b-ce2c0181774f,9050de7b-3364-4251-8c02-58f8fcb9ef4c,
da76522a-fa0d-46de-ba42-3aaab0307197,046a7261-63bc-4a1f-901b-ce2c0181774f,915c8727-6853-4a92-9e7e-cefd8c0775d7,
04cb4f4b-991f-4de3-80b1-a15f0c4eb8dd,046a7261-63bc-4a1f-901b-ce2c0181774f,92ce7ffe-33ac-462f-b450-b6d584d14de9,
a3f3ebfa-a000-4fe9-bf33-a3fbef13f6f9,046a7261-63bc-4a1f-901b-ce2c0181774f,95c3aaf3-ba0d-4c5a-a1b8-24fc46d03c01,
911e7511-61b7-401a-ad8f-640dde2f1058,046a7261-63bc-4a1f-901b-ce2c0181774f,96261db5-73fc-4681-ba1e-4ac7c2543bbe,
a9e30ef9-8d9d-448a-be9a-c783d0bcf93f,046a7261-63bc-4a1f-901b-ce2c0181774f,97332d85-b294-489f-ad14-a416146bc73e,
930e11a4-3532-4d52-b17e-08b3212cac46,046a7261-63bc-4a1f-901b-ce2c0181774f,9773726c-b9db-452d-a87a-5fc19e38f33f,
e72db932-4b94-4a1e-aa57-12cb3018d0a3,046a7261-63bc-4a1f-901b-ce2c0181774f,a541b80e-a5d5-4189-857f-df9501337286,
46c4d692-14bc-4181-909a-6f3feeb82ef0,046a7261-63bc-4a1f-901b-ce2c0181774f,a5ddf6ee-894b-4177-9bf3-9e896ae122b8,
c332e579-e576-4f8a-8a72-9f6fa04dc830,046a7261-63bc-4a1f-901b-ce2c0181774f,b9df3bc5-ec26-4286-bc7c-533c20a5eeff,
62a19af9-a8a4-4a18-8802-2160a816b29e,046a7261-63bc-4a1f-901b-ce2c0181774f,b9f75bbd-e88c-4d0d-9794-827f638b9184,
69a07b73-3295-4a1d-b1d1-d262e369f122,046a7261-63bc-4a1f-901b-ce2c0181774f,beb64aeb-316f-4da0-aa4e-fe9d59227e41,
02739953-dd52-4ea1-8cc7-cf74091f75ab,046a7261-63bc-4a1f-901b-ce2c0181774f,bff90fef-f7c3-4025-951f-acdd53005307,
837bb75d-0fac-4696-9bad-cb584362ff1b,046a7261-63bc-4a1f-901b-ce2c0181774f,c69c4640-fe19-43b2-8b02-fa906648849a,
9d990650-d009-4033-95df-c228c34c95c4,046a7261-63bc-4a1f-901b-ce2c0181774f,c703ff64-cf16-49df-9375-fff4b180ebe9,
66c80295-4095-4f6c-b660-14f59a6bef5f,046a7261-63bc-4a1f-901b-ce2c0181774f,c7eabe94-36f1-4d15-a07c-749fff685512,
bdb3d4fd-42fb-4ccb-9fa1-9ba1fb808d41,046a7261-63bc-4a1f-901b-ce2c0181774f,cec315eb-9b5d-4ab3-bcae-3fd9abc1a077,
0d28bcf9-cfa8-42d6-a5b2-91b271abaf91,046a7261-63bc-4a1f-901b-ce2c0181774f,e0425d14-89a6-4347-8618-6fba4d28276c,
757d9a50-ad46-4c42-8654-491b6740b8f5,046a7261-63bc-4a1f-901b-ce2c0181774f,e247d303-5fc6-4ce2-8807-5f0d938892b6,
152113b7-fa2e-495e-9c95-f3b1c9f576b3,046a7261-63bc-4a1f-901b-ce2c0181774f,e915ead8-98b9-4600-80bb-1fd1d8d9916e,
8f286884-e091-4506-a8b0-ff79ad409d1f,046a7261-63bc-4a1f-901b-ce2c0181774f,fdefae1b-ed01-4380-9d7b-62e2d486db2e,
91105af6-1a64-4a99-9c00-2c2e80c5e425,06451b9e-10d9-4c55-9e57-b8d31afa47e4,13b19b37-e482-4213-a15c-73a97b5dbcd7,
04a669b9-7350-4356-871d-ba92b1325817,06451b9e-10d9-4c55-9e57-b8d31afa47e4,5d3a5693-ba08-4dab-b937-c8b77cb5e3f9,
7a847397-3f04-40c2-8c87-c2047164857b,06451b9e-10d9-4c55-9e57-b8d31afa47e4,726c9ac6-def4-4d6a-81a5-71a69d2b200a,
323bad80-69ad-457a-8e91-01044d6c1efe,06451b9e-10d9-4c55-9e57-b8d31afa47e4,7578355b-7e36-4f06-b389-fe114c712e56,
89f2b6fa-c796-4318-9999-f8c9a0140588,06451b9e-10d9-4c55-9e57-b8d31afa47e4,826d9c0e-da4b-4db7-b023-03ee74633a9a,
c8af90b4-c4b8-483d-8dfe-04bd4f775932,06451b9e-10d9-4c55-9e57-b8d31afa47e4,b88fc3f4-072e-470a-ba01-474b04f12a52,
262ff739-660b-4258-8a37-34604a8ac386,06451b9e-10d9-4c55-9e57-b8d31afa47e4,cd44c53d-3755-4dbd-9e02-a7db0e01a3e4,
a71539b9-6f4e-4329-8454-2ae32b92d6da,06451b9e-10d9-4c55-9e57-b8d31afa47e4,e4770172-7a73-49e3-a5f9-568786252a01,
b87eb2d4-eb7d-4640-ad04-ff5a490c11f3,06451b9e-10d9-4c55-9e57-b8d31afa47e4,eb6aede4-e646-4bde-8cd6-911bbbcb8243,
795c8113-29bb-446e-bc7f-59824f64ba73,068d12a4-4b45-41da-bd2b-92272652ddad,1e171bed-5209-4319-8faf-49985ab5a20c,
7fd139f9-6acf-4f22-90c1-b2ec8d1bdadb,068d12a4-4b45-41da-bd2b-92272652ddad,33e806ec-0a30-41c0-9726-bd2afaf9d2a4,
6bcfbdfa-cd83-4a69-a5f3-1b28a1c3a3f3,068d12a4-4b45-41da-bd2b-92272652ddad,3c529d51-a1c3-4a02-8355-f437580f16ad,
c5ab342c-77be-4eab-8046-7312a8b05e19,068d12a4-4b45-41da-bd2b-92272652ddad,519d145b-7f19-42fa-bca2-42ec2911d8be,
9d4e49c1-4196-4c30-8935-c621a1e10322,068d12a4-4b45-41da-bd2b-92272652ddad,520b81f5-788f-4a29-9a16-60df8d78df19,
f28f35a7-4118-4b9d-bebf-e8751369650a,068d12a4-4b45-41da-bd2b-92272652ddad,855700c6-3393-421f-a037-f881470b2864,
e8a21a3b-51f0-4011-bee3-a9a714ca47a6,068d12a4-4b45-41da-bd2b-92272652ddad,a9ae9172-6682-45c6-b161-f8955bc43021,
23a4f6bb-07e8-4a09-aa53-d6f61d1204c1,068d12a4-4b45-41da-bd2b-92272652ddad,a9d4f27e-55f8-4f73-a764-b45f47e424a6,
2e9cc40f-e052-4a7d-a912-2342bf4cbb7b,068d12a4-4b45-41da-bd2b-92272652ddad,b378cc8d-232e-4eaf-b046-a3877f780d65,
948b3dc4-ef87-4e0a-b4cd-b9ed22171c24,068d12a4-4b45-41da-bd2b-92272652ddad,c9582b73-2805-47fd-95e3-911a8662e337,
844730ae-9a60-4ef0-aee0-79187372286c,068d12a4-4b45-41da-bd2b-92272652ddad,d3354d9e-9690-4359-a0b9-8422cb66b67e,
bdb59c74-7be3-428f-adff-1f4a1b479b2e,068d12a4-4b45-41da-bd2b-92272652ddad,e4f7a388-670d-46c1-beaa-ef0f0be3b939,
1d308e84-cf1b-446d-86cd-9d61860efd40,068d12a4-4b45-41da-bd2b-92272652ddad,f847c1ad-f95e-43a3-99f8-75d704b21975,
3bab40f9-2ca9-4efc-b872-189a8aadfbeb,07e3f573-7f9d-4e88-9ca1-b98268adea37,019e8520-3aa3-443d-9eb7-d7acf1f967d6,
05f366df-1b52-4a53-98c9-024afbf7f267,07e3f573-7f9d-4e88-9ca1-b98268adea37,2be681b2-4f36-4b07-b6da-b7f95f4e3cb9,
e7cedb91-b0f7-403f-a968-be8072cf1622,07e3f573-7f9d-4e88-9ca1-b98268adea37,3d018dca-bcda-4ecc-9fe4-6982d3f297b9,
7539f5de-748d-48d3-83d8-1af641653c94,07e3f573-7f9d-4e88-9ca1-b98268adea37,47ad1fe3-0583-4016-8533-622cfaa13a1c,
241ad799-88c2-4cd7-8836-5dc3eee27a8f,07e3f573-7f9d-4e88-9ca1-b98268adea37,47cdb83d-5679-4e41-a059-e36ed6624131,
69be144d-25be-4b65-9800-b8fcc0906e59,07e3f573-7f9d-4e88-9ca1-b98268adea37,50c4c579-56d6-44d6-b1a8-ea9da9e0dfee,
ba2469cf-7a98-436c-8d2a-cbc95f066f10,07e3f573-7f9d-4e88-9ca1-b98268adea37,99f1d663-f147-449b-82ce-d782a4d2dcf3,
b90a5ed2-3dbe-4954-a6c5-a766e8775b3b,07e3f573-7f9d-4e88-9ca1-b98268adea37,a0beddac-cf5e-47fe-8a68-464dbba474d0,
8bca7649-fb38-4cb4-aebe-1683047569f0,07e3f573-7f9d-4e88-9ca1-b98268adea37,dd1434f2-eee8-44be-b9a2-7a66cea0681e,
9273c171-f375-4941-9e5d-c3dd7b1591b4,07e3f573-7f9d-4e88-9ca1-b98268adea37,e2e3ca53-7a9b-417b-8520-974e732e0379,
4cd64bcf-27ef-4fc9-aac8-2dcca131ba62,07e3f573-7f9d-4e88-9ca1-b98268adea37,fa2e8e4a-5275-405a-bb49-c9c56ac95da4,
ddda8b8c-7b66-4136-aa27-03709a199540,08d45306-afb2-4610-b332-762cf992e154,0cfe3f6f-84ba-483d-88c0-5f07a2c7e497,
a53c85fe-5731-46b8-bf23-ac2e17c34b44,08d45306-afb2-4610-b332-762cf992e154,6cf84451-c0f9-4426-a49f-8da58cfb162c,
ea14b2cf-c03b-4dba-b804-034d71fe0fb6,0ad84fb8-2939-4572-af00-bbe84abe0716,0ac7789a-99ff-4d1c-bb18-f3cbc0079aad,
fb5bd55c-7a39-4226-9ba5-f32c4f5be5a6,0ad84fb8-2939-4572-af00-bbe84abe0716,0c5a570e-3990-48c6-9829-d3594c5d7371,
7b6b37ad-66a1-4def-a238-7ed6573fb0f4,0ad84fb8-2939-4572-af00-bbe84abe0716,163bd0d7-6c88-4b77-9f0a-a4e29323c80d,
d9cd86f1-1d5d-443e-afe5-6d4a1912e459,0ad84fb8-2939-4572-af00-bbe84abe0716,495154cf-30d5-4424-a4a6-37eec0b68c24,
ed18d3a4-fa12-42b1-b283-cc1b7dba1b3d,0ad84fb8-2939-4572-af00-bbe84abe0716,925618a6-1eb9-4786-a4c8-d463a26e15f4,
28064b20-361f-4c2c-ad9e-2d4e00d61ff0,0ad84fb8-2939-4572-af00-bbe84abe0716,a09df490-50c7-4c74-899e-01ea50870419,
f75131ce-8a7d-4253-a1a0-a76f70315a30,0ad84fb8-2939-4572-af00-bbe84abe0716,b4772cc7-674d-476a-8986-b0ca37ba5b48,
808954d9-ae27-4c72-b683-77a25c04bf0f,0c892b46-7b68-435f-8d4f-e6d781a8ca4b,00ab54fc-2529-4be9-8e04-1da78bd98031,
ab420cf6-02c8-4b85-b89e-bd3b4c6213b6,0c892b46-7b68-435f-8d4f-e6d781a8ca4b,0ba7d6a9-aa48-4a0a-a3f7-77d323b65176,
8f23583e-6fc5-43ec-aaf7-3ea0c56a3a6f,0c892b46-7b68-435f-8d4f-e6d781a8ca4b,14162fb9-aeea-4b0b-901e-e53197127c52,
16ba0f95-3e8a-48a4-b3db-5f8e5bb0b8e4,0c892b46-7b68-435f-8d4f-e6d781a8ca4b,1a14d5f9-6e1e-42ea-a872-cad1fff1dd94,
69afeba6-3473-44bc-a692-1f1af2c92115,0c892b46-7b68-435f-8d4f-e6d781a8ca4b,235c4eaf-6eaf-4740-98e1-415d8b73e2b3,
5f7c7cf9-bb9a-4f07-b971-c583abef91f4,0c892b46-7b68-435f-8d4f-e6d781a8ca4b,4bc8d529-821e-4656-bf79-7a196c0bc0f4,
b283574f-a67e-474c-afbc-23c1464e6ee5,0c892b46-7b68-435f-8d4f-e6d781a8ca4b,6f177549-71c7-462d-8803-45439063fa2f,
8bce0882-f8d4-4f54-82bf-2ec93821b2c9,0c892b46-7b68-435f-8d4f-e6d781a8ca4b,7a297f4c-6ea1-4157-8110-18ba7f06bede,
fa0c5884-92c3-494e-af25-123782eda2b1,0c892b46-7b68-435f-8d4f-e6d781a8ca4b,992a696f-c59f-4dc0-807c-5ba91ae69d5a,
4318d5bf-fc91-49ca-8a34-042e9d98331d,0c892b46-7b68-435f-8d4f-e6d781a8ca4b,9ce4e7f8-8614-41ea-9ac8-a588f4bb7f57,
852f73da-670d-497e-9763-9c6ac880f596,0c892b46-7b68-435f-8d4f-e6d781a8ca4b,abc681dd-cdae-4229-86df-0b808bda8999,
de99326b-22f5-4f49-9cde-647588f549e4,0c892b46-7b68-435f-8d4f-e6d781a8ca4b,b12f515c-f00a-4d24-a922-9e2e57d9fdfa,
0532072a-407f-4641-9b53-e17f7404d569,0c892b46-7b68-435f-8d4f-e6d781a8ca4b,b1545208-1d40-47c0-b3b5-b834dd191dab,
5831658c-074f-4cea-bd1e-6b679ec4d998,0c892b46-7b68-435f-8d4f-e6d781a8ca4b,bfa040bb-bc27-4597-9ee6-99a6c0de0c7c,
91b9d5df-4df7-4cda-ad85-2fefa639138f,0c892b46-7b68-435f-8d4f-e6d781a8ca4b,c142e7ca-310c-45bf-9710-17a0c0ada26b,
c6fc2e2f-2abc-4950-b530-0f3495a8cbf0,0c892b46-7b68-435f-8d4f-e6d781a8ca4b,c3913911-3eaf-4d28-9660-a6f3986e0f39,
bda9c277-5b99-4401-9b69-3a88caaae72b,0c892b46-7b68-435f-8d4f-e6d781a8ca4b,ca16cb0b-590f-4ff8-82a2-eccf98ca7566,
586e46b4-455b-4bcf-bcfa-2ec526174d3b,0c892b46-7b68-435f-8d4f-e6d781a8ca4b,cdc9bdf1-0bc3-41ec-b287-cb26f73e9df4,
837ed484-032b-46d7-8753-f9c1aadf4eaa,0c892b46-7b68-435f-8d4f-e6d781a8ca4b,de1a699c-956e-45d3-9f03-74fd58efd76a,
c7e524ae-69a3-4874-aa3e-24b2595f13e4,0c892b46-7b68-435f-8d4f-e6d781a8ca4b,df21b648-60a3-40cb-aad9-dd0c975caf5d,
bf87a5e9-0e81-4c2b-8529-79c65c58ea54,0c892b46-7b68-435f-8d4f-e6d781a8ca4b,e86b8c9a-1175-4d3c-8bad-448a7f6eea65,
26b151a7-5a03-4ba0-bc37-965f5ef1eefb,0c892b46-7b68-435f-8d4f-e6d781a8ca4b,edcfa46b-8081-4056-b3a2-dc24c2978655,
cc71e3d6-61f8-4702-834f-e41a28a8a4d0,0c892b46-7b68-435f-8d4f-e6d781a8ca4b,f263df0c-efc5-4e7f-9190-866f51a93c8c,
ab052933-7182-4561-bfad-1eaad939d22d,0c892b46-7b68-435f-8d4f-e6d781a8ca4b,faf08cc3-0ff9-48c4-906a-be7696614cd1,
d89c823c-9e3e-4fc3-8903-0847130f1b8e,0c892b46-7b68-435f-8d4f-e6d781a8ca4b,fda51874-0d24-488c-ae83-f201461dbfa6,
886c2bdc-f859-463f-94b5-389ad07fd838,0d4b794d-cc61-4100-a642-2fa6d4e07269,0222548c-9838-4772-84bb-905927cc8acb,
7ee067c9-a56b-480b-af20-4d009f7ffbda,0d4b794d-cc61-4100-a642-2fa6d4e07269,0375045c-ec0c-45f2-81b7-b114ee442eac,
36e20696-4a7d-43e8-a55d-9545500f3d0b,0d4b794d-cc61-4100-a642-2fa6d4e07269,046c855d-34c3-4c78-a7dd-14eb64954bba,
f3bc4416-e669-48f7-b5d4-9707800cab6b,0d4b794d-cc61-4100-a642-2fa6d4e07269,08cb0e75-6ccb-4c8e-b1b6-e6534a9fda19,
f572993d-5f37-4742-920c-f9e875ea43c2,0d4b794d-cc61-4100-a642-2fa6d4e07269,09513738-8753-416b-a3e7-c7842a6ea4c4,
b8338170-b4de-4415-8388-68f758e453fe,0d4b794d-cc61-4100-a642-2fa6d4e07269,09f0a3e5-fd9a-49cc-b157-c1b35322451c,
04f6f015-590d-4233-829d-acec9d6e3819,0d4b794d-cc61-4100-a642-2fa6d4e07269,0c059c31-bdc2-47f5-a7ca-86a6ffdfda43,
b74c7828-6386-4354-be54-3f33b350e3e6,0d4b794d-cc61-4100-a642-2fa6d4e07269,0edc99e2-a24a-4bcb-9616-fdc0b6d93409,
a19eaeb8-f21d-40ce-823d-41ab4d133ba5,0d4b794d-cc61-4100-a642-2fa6d4e07269,0f0b96cd-6c02-49c7-b5c3-7df957ecd727,
3cac3764-0395-4ea1-8361-e95d395522ec,0d4b794d-cc61-4100-a642-2fa6d4e07269,109ac41b-a07d-412a-a695-a33dcaa32407,
1ac0e3d8-83e9-4950-a254-ffeb1ab2df37,0d4b794d-cc61-4100-a642-2fa6d4e07269,142bc769-9fa6-4869-b825-e3ad2beef220,
6fc220f6-e651-4a60-abbb-98d9436edcb8,0d4b794d-cc61-4100-a642-2fa6d4e07269,195089c6-63ea-4c52-90e8-ed10cf101237,
56e71a19-84e0-451d-99fa-d9c531bd85fe,0d4b794d-cc61-4100-a642-2fa6d4e07269,1954cc8f-a8c1-401b-a6d6-acc4accbe01c,
37ec3517-2d19-40e4-916f-fb9625a88866,0d4b794d-cc61-4100-a642-2fa6d4e07269,1edb00e7-dbb8-4479-ab47-6d5972e88b1e,
b67b21df-4091-4e83-9956-dc014763a34a,0d4b794d-cc61-4100-a642-2fa6d4e07269,22c311ae-4f54-416c-85d6-7f6dee5a709b,
2ab0b0b9-3fb3-4b04-8409-9e2f0e6874a7,0d4b794d-cc61-4100-a642-2fa6d4e07269,2430c40e-84c7-4f02-a6da-7e717100ab0d,
67526eeb-1181-49aa-9155-ea43669be8ed,0d4b794d-cc61-4100-a642-2fa6d4e07269,2daa7f70-1a6e-4b1a-ab18-fefb0f765ebc,
a5807c9b-797a-4f5a-af62-35f7d15e9b1a,0d4b794d-cc61-4100-a642-2fa6d4e07269,2fb74a4c-79a7-47f6-b029-cdd74c09686f,
25f7afd2-8b8f-421c-a382-2f1f62d89d79,0d4b794d-cc61-4100-a642-2fa6d4e07269,374ebbfa-bbfe-4046-84ad-9a2b11b063aa,
4fd85189-11bb-44cb-bcba-ad9784b23af3,0d4b794d-cc61-4100-a642-2fa6d4e07269,4477dfb9-9bda-4a2e-80b2-5771aff15667,
4f64d1be-bb1b-492b-a2df-75d2eaacf44a,0d4b794d-cc61-4100-a642-2fa6d4e07269,4b228dc7-5c23-4ccf-be72-50f1087165f7,
f9d488b8-403c-49b1-8f03-2459267d3313,0d4b794d-cc61-4100-a642-2fa6d4e07269,56d6f61d-46fe-4df4-a098-502e02f12e01,
bc5335ef-5bb8-41dc-aa58-462f388d6e2b,0d4b794d-cc61-4100-a642-2fa6d4e07269,57346106-82da-4a3b-88f4-5d8ae148207e,
db61a879-478f-4ad5-80c2-98cfa5449033,0d4b794d-cc61-4100-a642-2fa6d4e07269,58a35faa-2975-41e4-8666-86722c3167c9,
08af5428-7b09-4f9e-b83a-a1cfd3588d33,0d4b794d-cc61-4100-a642-2fa6d4e07269,590a6f14-5270-4bdf-ae77-d6212589a7a2,
6fe4e137-11cf-48c6-ba0c-9abff45fc37e,0d4b794d-cc61-4100-a642-2fa6d4e07269,596576e7-aae3-473f-9983-0193fb8d17e7,
4a589dfc-5c95-4fc0-969c-10b9b7668fb8,0d4b794d-cc61-4100-a642-2fa6d4e07269,5a0ce885-c1be-49d7-a8ff-6bcce255f6c4,
1ffb865e-e4f3-422f-951d-c8841bc24794,0d4b794d-cc61-4100-a642-2fa6d4e07269,60280376-a04b-480a-b6ab-e4f6bd6f7692,
8779c719-809f-43d5-81a2-8aa75cce5b9e,0d4b794d-cc61-4100-a642-2fa6d4e07269,602a8af7-1ad5-4ad7-9454-741da5367965,
b4c1db2b-38d0-4310-b066-4d95d6b64dff,0d4b794d-cc61-4100-a642-2fa6d4e07269,6222afed-3951-4d93-85df-6dbb823f3a68,
c5c2ceba-46c9-4063-8529-e24013213e44,0d4b794d-cc61-4100-a642-2fa6d4e07269,6ae5e0dd-232c-435a-a8be-524deac8f5a9,
ec84072a-85a5-40d4-9e02-f6be7169b089,0d4b794d-cc61-4100-a642-2fa6d4e07269,6b9d4e1b-6361-4280-a943-687e2ccaa84d,
a01f65da-f0e9-46f5-a7b7-f4d423c3e85b,0d4b794d-cc61-4100-a642-2fa6d4e07269,70c5348e-9118-4faa-935f-db383b8437c6,
39228841-0e9a-4b1c-8c9a-c01fce9ca5ed,0d4b794d-cc61-4100-a642-2fa6d4e07269,797d9586-e258-4d89-a350-e4d3603dec8a,
ed52eaf3-afbb-4588-b5a3-8452ad116dad,0d4b794d-cc61-4100-a642-2fa6d4e07269,7e6cb74c-4759-4598-8d18-077caa8bbd08,
0d961697-1f49-4219-883e-591ff2283d88,0d4b794d-cc61-4100-a642-2fa6d4e07269,83b94e77-41c3-4a49-97db-eb65809ef49c,
b5b2ca76-c842-4958-b47d-f9fba75a377f,0d4b794d-cc61-4100-a642-2fa6d4e07269,90265b80-3a0f-471e-977e-ec31a052711f,
cdf6d899-d7cf-49f8-9c95-0ecfb6c55c1d,0d4b794d-cc61-4100-a642-2fa6d4e07269,9851b746-09aa-45a1-a2a8-2b669befd4c7,
dcfd684c-8259-452b-8c1a-b92ffd157fb5,0d4b794d-cc61-4100-a642-2fa6d4e07269,9c90e276-9103-4925-bc4e-9ba8ca0f0b21,
c1fa3091-1639-4901-9a46-328337a818d5,0d4b794d-cc61-4100-a642-2fa6d4e07269,9ee9df0e-9a26-4365-a40d-75fa45802a22,
1fe67a57-4ed1-47dc-89df-71d2cf8f7dd7,0d4b794d-cc61-4100-a642-2fa6d4e07269,b806e020-db82-4519-a744-2f3f259e7d01,
335a2911-8370-472e-b1b7-517deb9d4f75,0d4b794d-cc61-4100-a642-2fa6d4e07269,b8b02d41-f5f0-42a8-8168-0b6ab11687ed,
6256747c-e461-4808-9144-82e8142f46a7,0d4b794d-cc61-4100-a642-2fa6d4e07269,be482049-dec9-44a1-a3b2-b98489e399d5,
5734ffd1-4a85-40ce-b944-d93d0d656545,0d4b794d-cc61-4100-a642-2fa6d4e07269,c070961b-72bb-4236-b295-e41fcd355e35,
33a98dd1-53bc-4aba-8608-7de60cf20830,0d4b794d-cc61-4100-a642-2fa6d4e07269,c664e354-bb9e-41d4-8244-1562fb4531f5,
c55c9a40-0c6f-4a04-9a43-5afc21d64ba2,0d4b794d-cc61-4100-a642-2fa6d4e07269,cc9f7b95-dc9b-4e2b-8b7c-b371482cddbb,
e4b65472-ffb7-43a6-9d06-56e900eff419,0d4b794d-cc61-4100-a642-2fa6d4e07269,cecd03c6-6a5d-41bc-8060-d5733a2343e7,
078f575f-21f5-4ca8-8cb2-fcf5670017dc,0d4b794d-cc61-4100-a642-2fa6d4e07269,d696de94-22a2-44b7-92e1-9a9952219f67,
4439f60b-ceb7-43b6-bc8a-ab8037b7d321,0d4b794d-cc61-4100-a642-2fa6d4e07269,daf6bc65-be90-4f28-ab41-0deaedf8bc25,
913d5079-7cff-4138-8286-5b3dbf3fede8,0d4b794d-cc61-4100-a642-2fa6d4e07269,ea852c97-e228-4586-b46e-b62475617887,
d8f53528-7492-43cb-9541-d8c2682989fe,0d4b794d-cc61-4100-a642-2fa6d4e07269,f9c01b93-90f5-407f-8ae8-ff02b8c6b7b5,
a3a318c9-0503-4e3e-a77e-a1ebb4490342,0f9732fc-13ff-44b2-99c9-251c18003fc3,3bd2101f-ff2c-466d-b0c2-0dd22f2c6e86,
e486d53b-5891-4928-8d2c-1a15d6cf9b78,0f9732fc-13ff-44b2-99c9-251c18003fc3,3fbc736c-47f6-4443-88a0-1334bc6c104a,
2893a2f1-d492-4aac-bb2c-bbe3805a8e69,0f9732fc-13ff-44b2-99c9-251c18003fc3,8d9b5495-ed6d-46db-bbc2-2a5e6303dccb,
1b2947e3-2ff6-41ff-b8c4-4107fa16c3a0,0fd319f5-da11-4269-9b5b-e91648ec9c12,0babce4c-d251-4bf8-a373-c6e4bc65681b,
f77719cd-10d7-4481-b659-764a52de2ea1,0fd319f5-da11-4269-9b5b-e91648ec9c12,1f77206d-52be-4107-b798-a080b628f9fb,
5813baf3-b541-4634-b606-fa5f3e9d3e9d,0fd319f5-da11-4269-9b5b-e91648ec9c12,242a5e58-ec80-4109-9e74-f5baa93d64bb,
83cf8ed9-d71b-467a-907a-384513f07f46,0fd319f5-da11-4269-9b5b-e91648ec9c12,293e996c-111b-4479-9f2f-728871366df0,
bbbde52f-3c7c-4588-8f55-43a4e5ddc1cc,0fd319f5-da11-4269-9b5b-e91648ec9c12,387e48cc-950e-4b60-a5fc-eb870782e20d,
2e328ccb-c7d6-410e-878c-8277504bb693,0fd319f5-da11-4269-9b5b-e91648ec9c12,388f4ea8-9831-405a-a631-5377f3df528c,
f71a6d18-2f58-4359-af45-9ca8119f77b9,0fd319f5-da11-4269-9b5b-e91648ec9c12,3dc7ca09-166d-44da-947b-9c0f778738d4,
b2853ddf-9bd8-4936-90b0-ae4844b62540,0fd319f5-da11-4269-9b5b-e91648ec9c12,3f563025-ed70-44a9-a7f7-a19080085a33,
87b3f9de-2f33-4ae0-a2ac-3315252e66f2,0fd319f5-da11-4269-9b5b-e91648ec9c12,495254e5-679e-410c-a3a5-89c6781d7f11,
0280dbfd-3144-4f5c-9b2d-a002eca65744,0fd319f5-da11-4269-9b5b-e91648ec9c12,517afd81-c3bf-4317-ba78-768e6d035033,
58c50223-e4b9-4cbd-8bbf-c4ea9c7267b8,0fd319f5-da11-4269-9b5b-e91648ec9c12,5bbd4e6d-a938-4e24-99af-04851ebec215,
3b9294ac-9888-403f-8373-f1aebb44811d,0fd319f5-da11-4269-9b5b-e91648ec9c12,5c7ddf23-7fcd-4264-a2e8-a058f68abb68,
5214de67-3455-4e50-bf20-a1859ab24c24,0fd319f5-da11-4269-9b5b-e91648ec9c12,6cec9b77-fa6e-4530-9de6-c6b3cbe32986,
0579019e-c9a9-4757-bf56-5631b97679cf,0fd319f5-da11-4269-9b5b-e91648ec9c12,6d17dc5a-f643-4596-b44b-4127e584bfcd,
e5056c91-e2bf-4fc8-8777-ceab3a66cfa2,0fd319f5-da11-4269-9b5b-e91648ec9c12,740c3d9e-97af-4e4c-bb70-05f06d95a26f,
4a6e8361-df22-439a-830e-277769e90992,0fd319f5-da11-4269-9b5b-e91648ec9c12,74b8932d-7c95-4503-8a56-5305ee260817,
17fe5eb3-5757-45b5-b18f-fa1f71d4c294,0fd319f5-da11-4269-9b5b-e91648ec9c12,9463b7be-7b20-4d04-b4a4-8af321d4754a,
97eb8ef0-9576-452b-a571-48a64eb00ee4,0fd319f5-da11-4269-9b5b-e91648ec9c12,a45f99e7-9675-4e92-978c-49c2d33620b4,
88a24de4-6dd0-4c7b-a1d4-c1ff9b08eef9,0fd319f5-da11-4269-9b5b-e91648ec9c12,a672cd1c-c293-435e-a3c0-7c934cdc7f36,
56e6dc48-ab75-425a-b4be-9397f8facd13,0fd319f5-da11-4269-9b5b-e91648ec9c12,ac70e92a-b295-4ef4-885c-ae73e5c3b882,
0e4a326d-a330-4323-a68e-f5333d30a448,0fd319f5-da11-4269-9b5b-e91648ec9c12,ade87215-b726-489a-8c96-2e77ec6ca6fc,
e249aa7a-fc65-47ef-b2c0-8caadd466f6e,0fd319f5-da11-4269-9b5b-e91648ec9c12,b6641bbb-d584-4c57-88be-658f89bcb752,
96a454bf-568f-42a6-8cbd-757ee6a89836,0fd319f5-da11-4269-9b5b-e91648ec9c12,b6c511be-8406-4dd2-b841-19244c74b76b,
ec67f2c3-4695-487f-8678-2b2789085e90,0fd319f5-da11-4269-9b5b-e91648ec9c12,ba4a289f-2fa5-405d-a358-43f56c7b63ad,
1639ab48-2c44-4d77-a452-7442bb392d8e,0fd319f5-da11-4269-9b5b-e91648ec9c12,c2de1ed4-4571-4775-976f-a3715687b1ba,
154817a6-7ad8-4e3d-81e8-e5edae07746e,0fd319f5-da11-4269-9b5b-e91648ec9c12,c4d90994-8ed9-4273-b3a9-aeff669d62be,
a439ae4a-a482-4d02-9aed-a62402a09801,0fd319f5-da11-4269-9b5b-e91648ec9c12,c58b9e5c-aa1f-4b50-9e7e-b895f1f1435b,
3002592f-6abb-435b-89b3-4be80ec7429c,0fd319f5-da11-4269-9b5b-e91648ec9c12,cbd50c42-4dad-4caf-b338-6e36fb6d72fd,
e59843cb-2f59-4b5b-847a-a6f2a86f7b6d,0fd319f5-da11-4269-9b5b-e91648ec9c12,d36305ec-a2f0-4086-9572-095decc632bb,
83de12c0-8acc-4389-ace9-5cddc82c4f72,0fd319f5-da11-4269-9b5b-e91648ec9c12,dc265190-f5a9-4cdf-b125-f38fb22633e0,
57dd323a-29ce-4104-ae7e-0b503259da28,0fd319f5-da11-4269-9b5b-e91648ec9c12,de951e60-d69f-43df-9900-3057a562c39e,
639bf8e4-bce3-4432-b15b-9ecc3bbe2049,0fd319f5-da11-4269-9b5b-e91648ec9c12,e09fae52-0fc8-4953-b8db-53f7a13d2a03,
a206edc8-2ddd-48d4-9df5-b13d1ca6d8e4,0fd319f5-da11-4269-9b5b-e91648ec9c12,e294ca6c-f38f-4e13-9c66-649650ef1b9e,
63bf8b85-fe6e-45e3-80ec-ed8f7c267320,0fd319f5-da11-4269-9b5b-e91648ec9c12,edd43ffc-7004-4cc6-b17d-dc27e82be4d7,
29447f5c-514c-4735-8fd7-08e16cd4841e,0fd319f5-da11-4269-9b5b-e91648ec9c12,f3266881-1686-44b4-a850-5c4ced14684d,
91389fa1-b0b1-45e3-92b2-fa2e07866b76,0fd319f5-da11-4269-9b5b-e91648ec9c12,f3726ffe-c40a-4414-bbad-63fca0d91c8c,
e1cf12d8-1302-4624-b46e-c0df679acbad,0fd319f5-da11-4269-9b5b-e91648ec9c12,f91cf756-5370-44ae-bd35-3b0ffeedf262,
178cb6df-c214-46e1-b396-fa0fcdbe9c58,115c82ca-ae68-4179-9f9c-01caffe57440,0d220140-da14-4489-9676-de3ac9590b63,
cd19f796-ff0f-4de7-bad8-1748f9ced2ab,115c82ca-ae68-4179-9f9c-01caffe57440,0d9d201b-df8f-4ad6-b987-ece33b93ae85,
8d7ff3da-6314-4d28-93a7-a6d03b0b7d68,115c82ca-ae68-4179-9f9c-01caffe57440,10eea2c8-11dd-4fef-918f-6e00b746cccb,
66e7117d-fd1b-4b59-90cf-dc9b891a2636,115c82ca-ae68-4179-9f9c-01caffe57440,13110ce2-ce16-41fa-8369-fd5cbf3545f7,
8dcf56c9-a776-4905-b0a7-609909e23b14,115c82ca-ae68-4179-9f9c-01caffe57440,157d6dc8-1d80-4018-9157-ac823dee9b15,
11f19f78-04a4-475c-ace5-f3dc0e794f57,115c82ca-ae68-4179-9f9c-01caffe57440,17246590-a75b-49c6-884e-539adb69626a,
2a5498c5-50f0-4191-9504-fbaa4b9400b9,115c82ca-ae68-4179-9f9c-01caffe57440,1c7e9b34-950d-4744-ac74-d241d77b718b,
87cae9a3-7e2f-4007-a76f-a21cd313c078,115c82ca-ae68-4179-9f9c-01caffe57440,2165a2d4-2f3b-47cc-9a5b-75899520dbd3,
7386ed51-74a7-434a-bef2-477ac6c8439e,115c82ca-ae68-4179-9f9c-01caffe57440,4b004ae9-6bd8-4068-b6a5-e0c7aae91c7f,
0e2588eb-37e2-45b7-98d6-1c72ccd33048,115c82ca-ae68-4179-9f9c-01caffe57440,4faaa48d-dc75-415b-acf6-da4a0af189fb,
44275f73-d59f-4027-b6e4-b0d92edd2ef7,115c82ca-ae68-4179-9f9c-01caffe57440,5055d07a-dc21-4bcb-b39e-39e7f696dfd9,
5e6388d0-d7b2-4cbe-8774-ac995585e754,115c82ca-ae68-4179-9f9c-01caffe57440,52af0eb5-3f19-4e27-95ad-55a07e56e4a7,
6ee11714-b469-49ea-96ef-c53b0a82a6e2,115c82ca-ae68-4179-9f9c-01caffe57440,536e9a55-49ac-4884-8a9e-501f68a6d681,
d696d46c-2736-4a67-aa50-3e7e4c5266bf,115c82ca-ae68-4179-9f9c-01caffe57440,53d45cc6-5413-40fc-a798-192ca0646a9d,
f3227804-2236-4175-8ba1-40ae85d4c96c,115c82ca-ae68-4179-9f9c-01caffe57440,5456daed-a797-4a73-bf43-0c835275c893,
898bbdff-c8e6-4f9d-a0bf-bca0f0e66448,115c82ca-ae68-4179-9f9c-01caffe57440,56a2d420-ae94-47e3-9806-df96458c2a30,
762c2a0b-f0b8-4670-9351-02a4d0967171,115c82ca-ae68-4179-9f9c-01caffe57440,5728faf6-b761-462f-a57e-cdd098ec063e,
6304e87d-0c7c-405b-91c5-671a7193fea3,115c82ca-ae68-4179-9f9c-01caffe57440,5a8187c8-4756-4e95-9b3e-84abccb9af06,
b95588a1-c4b7-4dbe-9500-16baea9ddd90,115c82ca-ae68-4179-9f9c-01caffe57440,6017017b-86ee-43b5-9b6e-c36094b310d0,
b9db65e3-4661-4d37-b42f-096c4231b0e9,115c82ca-ae68-4179-9f9c-01caffe57440,6df96b69-59e0-466f-a182-5618267371de,
b4505f33-be7b-46d9-bafc-c81211914d8f,115c82ca-ae68-4179-9f9c-01caffe57440,7bb8e108-a2d2-48b2-9712-fa2d4d5fbe2c,
125096bc-ad2f-4e04-a206-222ff6e2ce55,115c82ca-ae68-4179-9f9c-01caffe57440,8dce554a-2494-44fd-9089-cac672b62922,
a9f6f699-679c-42cb-ae9a-52bf1f411338,115c82ca-ae68-4179-9f9c-01caffe57440,8de5b572-cc95-43dc-ac6b-15795a7c8ea3,
268b6411-90e4-41fd-81fa-b6c5fd463855,115c82ca-ae68-4179-9f9c-01caffe57440,98ecc65e-7ea1-4ffc-a9a9-393f5232c5ef,
475ea37e-e66a-42d8-ae5f-54b177b98697,115c82ca-ae68-4179-9f9c-01caffe57440,a2f813ce-c7ae-4162-b2e9-5255b806a66c,
6287d8b0-eecc-44d3-b4ff-2df8d3e86863,115c82ca-ae68-4179-9f9c-01caffe57440,aac15ede-eed8-459c-8628-1faa9dedb24c,
60b03da7-f78a-48d6-83b4-1ae23580a499,115c82ca-ae68-4179-9f9c-01caffe57440,ad6e9a6f-7a71-4418-bc5e-994b38deaeb4,
8c2db65b-0e1b-4639-bf35-b36be560fb7a,115c82ca-ae68-4179-9f9c-01caffe57440,bb1f7995-ca68-41d4-84cc-33487f9dd46a,
826523d1-0b42-4e46-949f-770f3aa90b47,115c82ca-ae68-4179-9f9c-01caffe57440,bc10cc1c-9860-4701-9a8c-1d0efbb566fc,
8aa11f89-735f-4235-be77-bf4c18aba576,115c82ca-ae68-4179-9f9c-01caffe57440,d4c64102-1727-4934-b2bd-dc615c2f7016,
a1668fac-c078-4646-89eb-008d5d2dc1d3,115c82ca-ae68-4179-9f9c-01caffe57440,d9971105-226d-4602-acba-ad56a1f93b2e,
156e12d0-6aeb-4f2c-847a-04ef37104883,115c82ca-ae68-4179-9f9c-01caffe57440,e19fbda4-146c-4da4-aadf-4652edfcb845,
fe698ab2-177c-4402-86e1-2d6879c89213,115c82ca-ae68-4179-9f9c-01caffe57440,eb9c5f33-2b2d-4f10-9993-c0493c5fe572,
aab6bdde-edcf-44a6-8211-539a4ec1d1ea,115c82ca-ae68-4179-9f9c-01caffe57440,f9268060-5483-4e43-ae8b-a308885c5abb,
80451f9e-9b80-40da-b4a3-b2e8b86d6769,115c82ca-ae68-4179-9f9c-01caffe57440,fdc32d98-1dd0-4ecf-aeab-8a326b310eb9,
5246da79-709d-4105-8a13-ce52b596d329,12183d09-05a4-407c-ae6b-a1797b9ba71a,100c7246-14c9-4a93-9221-edf7536d8e24,
2b86cf9c-f270-4894-a5be-1f4c29cf2823,12183d09-05a4-407c-ae6b-a1797b9ba71a,365502d3-b411-4690-9c06-bca38a633264,
34b80e92-0a77-4bf9-9fb4-f83c0e96c527,12183d09-05a4-407c-ae6b-a1797b9ba71a,5846e7e7-8c61-4514-abcc-3c26ae2f398b,
53c02f0a-e572-48c4-91db-8c678fb551fd,12183d09-05a4-407c-ae6b-a1797b9ba71a,97e72020-c4b9-446a-ba84-f961eb17de01,
8ceb93ed-92a5-4a9b-8ac1-38278b2c9ccf,12183d09-05a4-407c-ae6b-a1797b9ba71a,9bbbf33f-fa70-4a71-9961-379ec116dafc,
e6520ae8-572e-4fef-8fc3-ff2c507b26c3,12183d09-05a4-407c-ae6b-a1797b9ba71a,a072b8e0-b4bc-4ab8-b3d8-952774699e90,
e9608c6b-bf11-4a70-9da7-ab7eadd27c98,12183d09-05a4-407c-ae6b-a1797b9ba71a,ce473881-c7e9-4c53-a40e-4bc8ecbb5365,
0b4cfa80-cb05-4df9-84d8-7d2f36544f8b,12460ba9-e32d-4c6c-96b3-82766df6ef36,bdb8af19-f2d1-45eb-ba20-65b1591740c3,
73d404ce-3302-4465-9739-bd31faf06889,12460ba9-e32d-4c6c-96b3-82766df6ef36,c28f12f3-ff29-46ab-a2c0-503d9706e0c4,
bd17ecee-1c5c-48df-a1d7-8cce9e3430b8,12460ba9-e32d-4c6c-96b3-82766df6ef36,ee340c90-4814-40a9-8c10-2dd88b4d77bc,
4854b8d1-2d7a-4eb8-b9fe-d5fc34a00ae9,1292a100-ea7e-4871-ad14-0e351b4a4635,0c3f7547-3fb3-49b7-8287-dd83ea5285d8,
b3d25a6e-1e30-4b0e-ace4-6584edd32117,1292a100-ea7e-4871-ad14-0e351b4a4635,38ab7c3c-81a5-4ff2-a0e3-783a1e57207a,
fdb426aa-c21d-4489-8628-40539b5c592c,1292a100-ea7e-4871-ad14-0e351b4a4635,422cb881-c99a-4fc0-b1bb-5c9ef45e180c,
0aeb9bde-b231-44f5-a0a8-416d4eee7e3e,1292a100-ea7e-4871-ad14-0e351b4a4635,99f0836c-cf50-4b1b-9660-e47c1f9fa495,
3f783b3a-e5ca-42c3-b429-29d6cc2afe0c,1292a100-ea7e-4871-ad14-0e351b4a4635,a4d4f561-e26f-4d97-a9ce-d1f2ce31f030,
52360483-c65d-4d21-810e-961dc95d0c84,1292a100-ea7e-4871-ad14-0e351b4a4635,fbbf91b3-6583-4978-8219-4c285b0fd5ea,
ad337b02-a0a0-46f8-88ca-972d6a6cd1a6,1340d34d-f65c-4af6-9480-36cd74e651a5,0e321d83-166d-4574-92ab-aa4fc9343d47,
c0cedf81-0293-47e1-b0ef-5fe758564619,1340d34d-f65c-4af6-9480-36cd74e651a5,291638b7-f8c3-4456-bfe8-06ec2bd1154a,
af2e0c84-ccb2-435e-a8d4-e727b944fbe0,1340d34d-f65c-4af6-9480-36cd74e651a5,2b7ae17c-cfa1-43a3-b87d-cd3546f31efc,
0e3425ce-5e30-4d6a-a772-7f60747486eb,1340d34d-f65c-4af6-9480-36cd74e651a5,308c42bb-3841-493d-a78f-364469c3b0c2,
5d0aebaa-8fdf-4b06-8157-b0fba788adf6,1340d34d-f65c-4af6-9480-36cd74e651a5,46e0946d-2841-4e5a-80f2-9a34f5b00d74,
ac059ba9-c3ec-4d17-a05c-f0068716bf54,1340d34d-f65c-4af6-9480-36cd74e651a5,65781496-6075-43a9-8325-f1bacae3a4dd,
9ed0398a-5769-4c5a-85a9-3aad4a850ab9,1340d34d-f65c-4af6-9480-36cd74e651a5,6b3ca855-7613-491a-9b75-3439e75cc8a7,
2a31e082-a3a3-4f25-8a65-9bc6811d3cd8,1340d34d-f65c-4af6-9480-36cd74e651a5,7b4965a3-8bcc-471c-b23f-5c89272ca4a2,
0f7e94ff-a034-4c84-9dd7-686a82d8b0fc,1340d34d-f65c-4af6-9480-36cd74e651a5,a79f49a4-b476-41cc-a81f-c66a58d3ad18,
49e8e9a8-e838-49ef-8948-0e2f4e7f1a1a,1340d34d-f65c-4af6-9480-36cd74e651a5,a7b57934-d192-41b4-9f2d-6b3a5c7c0cf4,
3809a51c-3d51-4978-bf98-c80a6f5e10ba,1340d34d-f65c-4af6-9480-36cd74e651a5,b11549a0-5dcc-468f-8a91-ae8fc9a3fed3,
8826a251-b17d-4c95-ab22-b33131f6e9f6,1340d34d-f65c-4af6-9480-36cd74e651a5,b6a58313-0a40-4f59-9607-486902b526de,
286652d5-8da7-47dd-9cc9-591a0f1c80d2,1340d34d-f65c-4af6-9480-36cd74e651a5,babb91b3-a7a4-4164-9fa8-9445a26dbd84,
309b0667-2a72-4705-91c5-df0b73fbb9b7,1340d34d-f65c-4af6-9480-36cd74e651a5,bb562a16-d6fd-418f-b7e7-cf43e4b61331,
449ca2ac-1bc6-462f-9cfc-c54f681fdc4f,1340d34d-f65c-4af6-9480-36cd74e651a5,be4de616-e07d-4367-ab90-6259f13bc719,
1146101d-93da-49f7-84bc-d0a087923781,1340d34d-f65c-4af6-9480-36cd74e651a5,be531ea8-771a-4f9d-85db-7fa5a491057d,
1ad6f95c-e64b-4545-bc1a-1686bcbec498,1340d34d-f65c-4af6-9480-36cd74e651a5,da136da2-ba4a-4aa9-9cdb-0383637d975c,
b4677625-b5be-4272-a135-2ce925848c37,1340d34d-f65c-4af6-9480-36cd74e651a5,e5fd6f33-3c27-43aa-9c8e-b525d78d8c05,
b63e7a14-f07d-4997-8b18-59ec4f2701c3,159ec708-3a13-4656-80ae-27b155f261fd,1ace79c3-3f90-4116-8998-dee15691e7e9,
b07ac8e6-9427-4266-8d1a-2931a0373f49,159ec708-3a13-4656-80ae-27b155f261fd,23b94945-eec1-4215-834d-7bad77b39c74,
7c36edf2-4439-4995-a435-20b78a7b16ac,159ec708-3a13-4656-80ae-27b155f261fd,3aa54969-99c7-4d68-93f3-b58aee542e98,
b7e68800-a44d-4e3c-94e7-675dd4667b90,159ec708-3a13-4656-80ae-27b155f261fd,44e68c0d-1f3e-49da-9aee-e78b4c4d4496,
c021a326-33e5-4c0c-bb90-51f1cc671470,159ec708-3a13-4656-80ae-27b155f261fd,8944ffe0-a5a3-45a6-899b-69d75359882f,
50c7e772-c3e1-4d4e-81a1-f12146497711,159ec708-3a13-4656-80ae-27b155f261fd,8e0da813-f0bb-4cf5-9d68-72155a55fdf4,
28293d29-1c93-4902-93bc-59e4944c42d9,159ec708-3a13-4656-80ae-27b155f261fd,8e3f8970-4159-4c91-b6c0-1202821d8c41,
790c8d99-53fb-4c16-8480-c0f462a7b441,159ec708-3a13-4656-80ae-27b155f261fd,9320ab03-5cc2-4985-a889-3b52140c0637,
bd2d7344-a170-48f9-8280-62c1ec4b38e1,159ec708-3a13-4656-80ae-27b155f261fd,9349e060-0eef-4161-90c6-a789c460ee85,
6a7a3a2c-ae0d-47dc-8908-1b9f69e19afd,159ec708-3a13-4656-80ae-27b155f261fd,c59e2600-f280-4ae6-8b34-1537e932ddd1,
6c33c0d4-e179-4121-97dd-093e44f669b7,159ec708-3a13-4656-80ae-27b155f261fd,fda76ebe-bd9a-4072-b05b-b59ed2fce299,
67972bb0-289f-4576-bb60-20e698d86dab,1631391d-823b-4b0c-88aa-b446194ce87c,12a1df6d-9654-42d6-80ac-e5fd26bc356e,
3a4cf362-b832-4543-9d52-bba711defceb,1631391d-823b-4b0c-88aa-b446194ce87c,1a192cf1-adc9-4506-96aa-b1e32eb487ab,
e29df0e9-388d-448e-a1c2-7356eed6219d,1631391d-823b-4b0c-88aa-b446194ce87c,21f9cedc-c655-44f9-a9d9-3202e5f70c2e,
f5dbe9b5-6d6a-4ff2-9ec4-918989215fe7,1631391d-823b-4b0c-88aa-b446194ce87c,3364e616-ec14-4917-b721-e564e6cc3fd6,
1bc1eb42-bf13-41e8-a9ae-0c8c5e291489,1631391d-823b-4b0c-88aa-b446194ce87c,3972dd10-cac0-4cc3-9535-5a2a6c65314e,
84d8fd4e-42c0-4374-aca5-650e8be8eb44,1631391d-823b-4b0c-88aa-b446194ce87c,4a6baae5-3693-4671-a749-8113473b968e,
58fb804f-baa3-4dcf-95cd-9f15287bc0ca,1631391d-823b-4b0c-88aa-b446194ce87c,50575d39-34e2-4eff-a4fc-cbfbeaf7c0ff,
99be9a3a-36ae-4fe5-813c-48593567edb5,1631391d-823b-4b0c-88aa-b446194ce87c,53f10714-485a-4a48-ae2c-703fcfd3b20f,
e4fe1475-c64f-4e48-9da9-4f8c1e675446,1631391d-823b-4b0c-88aa-b446194ce87c,5d7f7b07-b009-4ff6-8585-8d20f46764f5,
8879132d-482d-4690-83bb-3ee2c218b31b,1631391d-823b-4b0c-88aa-b446194ce87c,6e92421b-700d-4acd-b7c1-512324ddea3b,
3cc22ed6-a34c-4329-9c49-6656324cccdd,1631391d-823b-4b0c-88aa-b446194ce87c,97cc225a-13c7-4f77-81a9-859e66a033ef,
45b925d4-9522-4deb-816d-c6cafff10fbc,1631391d-823b-4b0c-88aa-b446194ce87c,a40481c3-d999-4adb-8320-b409b9cb3789,
5e219678-e1f5-4021-ac5b-ef608bd98cd4,1631391d-823b-4b0c-88aa-b446194ce87c,c37e5bb5-7827-4ec6-b2dd-92075bc4df08,
9b2b839e-9875-4717-9bda-0d42a319ef11,1631391d-823b-4b0c-88aa-b446194ce87c,cbc070c3-c194-4a95-80ce-b1073650135f,
21d1384f-8d49-46dd-b501-8cf26bbdd44f,1631391d-823b-4b0c-88aa-b446194ce87c,e56d1dfb-ab74-4aad-aae0-05e2c1014462,
81a939f6-276a-478f-a8e0-ba38d0c8c278,16a342e5-187a-4f4c-b759-85f3582da2cb,03938100-792d-45ba-84e5-2c9088a91fb3,
32379f66-22e9-4b59-b081-da46ceacd4e9,16a342e5-187a-4f4c-b759-85f3582da2cb,03f06813-ce73-4efb-bc8a-3a5722dd5ee9,
9c1744db-dc34-41ec-abfc-13a69cc198f5,16a342e5-187a-4f4c-b759-85f3582da2cb,0adbdf53-7a72-4f9e-a208-5a49b391be11,
09192b4b-62af-484c-ba6d-efb20febfaad,16a342e5-187a-4f4c-b759-85f3582da2cb,164d6462-466d-4e35-aeee-64d32566c12c,
833e5bca-d6d3-4e0f-ae6f-5161c8a29aab,16a342e5-187a-4f4c-b759-85f3582da2cb,1af27ba8-ed59-4862-9b45-7b466b548749,
7c28447b-0618-4155-9f3f-43c662caad23,16a342e5-187a-4f4c-b759-85f3582da2cb,1bed1d20-6c33-4d12-b609-a095aa538130,
8bffeaf5-0b8a-4b80-a6b7-e178c17df09c,16a342e5-187a-4f4c-b759-85f3582da2cb,1e638efc-7e5d-46d3-94a2-81c5f3c51779,
89f7af1a-e168-4770-8a15-abd16d98e25b,16a342e5-187a-4f4c-b759-85f3582da2cb,20a977a9-34bf-4f23-83eb-b8325d145338,
c2bce858-c4be-4d51-a49f-c72e7d33c7cf,16a342e5-187a-4f4c-b759-85f3582da2cb,266bb422-80a0-4ea9-9dfe-95346ccd3213,
f82755f2-fa21-45a8-89ba-3adbb6f6f110,16a342e5-187a-4f4c-b759-85f3582da2cb,471136a1-ec63-42ed-bc82-7745b3104dda,
71453de8-02c2-4d05-b19c-c109b2e86ec3,16a342e5-187a-4f4c-b759-85f3582da2cb,5eeaa093-4ddc-4f72-89fc-6b0b5b292390,
fefc134c-dfb9-48aa-a696-fc16a3cbba33,16a342e5-187a-4f4c-b759-85f3582da2cb,691e7024-efcc-4a00-98fb-9923b9c6cd5b,
f6a1b4ef-a9e0-4f62-abfc-6409c1545ff0,16a342e5-187a-4f4c-b759-85f3582da2cb,74be8f92-9e38-491d-bf64-da1103c1ccda,
2bf446ae-4161-4824-a2d0-1787259bdf47,16a342e5-187a-4f4c-b759-85f3582da2cb,7960767c-42cc-487f-b8c7-c6ec92a56c4d,
e639e910-4f0a-479f-acf8-dbb9d11a20ca,16a342e5-187a-4f4c-b759-85f3582da2cb,7fbd05f9-cd5b-44f8-a557-9d899dd30fe2,
6ad19a83-0e78-4573-a6e5-c102ef6b125a,16a342e5-187a-4f4c-b759-85f3582da2cb,7fc91a96-faa2-4a0b-b0d1-7b79437e4155,
ba87e87f-b196-4b94-8128-9c17bd9cb012,16a342e5-187a-4f4c-b759-85f3582da2cb,81587165-dd38-484a-959a-0ccc9b16019f,
ffa5718e-cf86-4055-84dd-8ca67da50745,16a342e5-187a-4f4c-b759-85f3582da2cb,89148d52-1609-41f7-bf9d-4a7b0d192c5d,
ab8ed556-d77d-48a5-a1c8-f7d31bef9469,16a342e5-187a-4f4c-b759-85f3582da2cb,9bff6d76-1d08-4af4-8b8c-056f2c04e95d,
da954b76-e53d-4af7-9fab-a1b240b78bc1,16a342e5-187a-4f4c-b759-85f3582da2cb,ba9b3d3f-d74c-4f7f-a5e9-794b8598cb50,
548fc98d-1abf-4391-9bc1-068deb84779c,16a342e5-187a-4f4c-b759-85f3582da2cb,cc092357-085a-4703-81ea-7a968805da4e,
74d3fef6-8ba4-4729-93fd-bd59b442dedc,16a342e5-187a-4f4c-b759-85f3582da2cb,cf2cd137-42a3-4894-ad84-1c75242944b0,
486d0272-8f96-4c3d-ba17-ed1dde7109cd,16a342e5-187a-4f4c-b759-85f3582da2cb,d7fc47a2-341b-4b91-8b1f-5a55c76f3504,
c663b9eb-a5a0-46ea-9651-91f476b1ba39,16a342e5-187a-4f4c-b759-85f3582da2cb,f5a08434-5b8d-44af-bbc2-ce48f89804dd,
f6cd3368-aac2-4e0d-8ccb-01b02ca54673,16a342e5-187a-4f4c-b759-85f3582da2cb,f92b14db-2cf6-4306-bd45-d1d3381c1f8d,
f2c28d9a-0308-4f31-9d4b-d67d0d4cb36f,16a342e5-187a-4f4c-b759-85f3582da2cb,fc4ac815-a789-40a3-9e26-05d25f4f06dc,
edb9378b-9b0f-4256-92bd-dc2062d95285,1764dff5-f469-4fa4-ad62-a07fde9292c4,09a25929-54b2-4549-b825-d54e50ab8b8f,
4dd969c4-2aff-4557-a47a-9e8b305eaac6,1764dff5-f469-4fa4-ad62-a07fde9292c4,2a6e2a57-ba9d-4571-b793-cf2d7f1df910,
b5c2a395-1df5-4a05-be76-6b08c5ae1312,1764dff5-f469-4fa4-ad62-a07fde9292c4,3bb0dbc9-3743-4092-821c-2f913e9f446d,
bf5ff125-14ec-4b62-9e3c-397cfee9bd11,1764dff5-f469-4fa4-ad62-a07fde9292c4,5b630ec6-22f5-4a78-b7e0-9db21f6aa7bd,
00c16b92-4550-46e7-8bef-8b95b940f057,1764dff5-f469-4fa4-ad62-a07fde9292c4,5c83fe9a-8511-428b-91d0-2a5036c78c68,
d46240f9-904c-41c5-8a52-ec108c29d4ac,1764dff5-f469-4fa4-ad62-a07fde9292c4,77fe107a-bdec-49cf-936c-d49da9653cbc,
0f1c73fb-d596-49e1-877a-c1c8c4784a64,1764dff5-f469-4fa4-ad62-a07fde9292c4,7984b34f-9c06-4df2-87fc-6e2affe38096,
d0c72f64-ba5a-483f-a520-a799ae0fe7aa,1764dff5-f469-4fa4-ad62-a07fde9292c4,7b8243f1-f4ab-4dab-9f82-55f27aa598ae,
67a3a16f-a048-4a8a-bb71-c00843d77d43,1764dff5-f469-4fa4-ad62-a07fde9292c4,8ca54319-b076-40e3-89e3-a463eef4995a,
6806fabe-713c-4d3e-a6a4-c616608e18a6,1764dff5-f469-4fa4-ad62-a07fde9292c4,c74b9512-555b-442d-88f1-5442cb3aef2c,
17eee5b2-edf4-4a29-b689-6cc68b038f0f,1764dff5-f469-4fa4-ad62-a07fde9292c4,d6834b8b-f1f7-470c-b578-0b1c5f9fc997,
9e3d6465-b6a9-4dec-a262-ace8f31dafee,1764dff5-f469-4fa4-ad62-a07fde9292c4,e84c6485-ad83-4f0e-8338-c923b9230abd,
4f3873ca-00d6-4e56-ba57-4507147f5787,1764dff5-f469-4fa4-ad62-a07fde9292c4,e853b339-130b-4bda-9af2-868bac6e69db,
78afc446-bce6-4d95-8a79-f86de2940dd1,1764dff5-f469-4fa4-ad62-a07fde9292c4,ef97fd99-0b8a-4b9b-af33-bad718ff81ad,
7ba7fe5c-b90f-4b8d-9289-9d0f7a69ea61,180eed43-2cc0-41bc-a8cb-468e7c090e5d,0c978a7d-b6a8-423d-81ef-9603d74ae9b9,
4278ae9f-fefc-424f-ace8-abb7d5a8f2da,180eed43-2cc0-41bc-a8cb-468e7c090e5d,11016ec0-44e4-48d5-acd4-b06d5a964969,
b97862ab-1b0b-4979-a6f1-04dd266fe019,180eed43-2cc0-41bc-a8cb-468e7c090e5d,415b42cd-c4fd-496b-9b26-b3d06f600acf,
cb6bcd99-8ea3-46e2-989c-9679d26fca3a,180eed43-2cc0-41bc-a8cb-468e7c090e5d,663068b0-d8a6-42f8-ae2a-a80e06e41378,
eb9a067a-fe38-4a1e-a4e5-8ee7eb8dbe19,180eed43-2cc0-41bc-a8cb-468e7c090e5d,761a3d42-78f1-4848-a350-3665c7571984,
b36da57b-f87d-4dc0-aa96-c328695cb351,180eed43-2cc0-41bc-a8cb-468e7c090e5d,8786dbca-dc96-46ad-8f55-cc0bc4c95193,
b3052423-02ee-4d66-9449-108219708493,180eed43-2cc0-41bc-a8cb-468e7c090e5d,931fbf84-59f9-4e0d-aad4-44ee6607ce5c,
0e5e4374-0890-4f1d-ab5d-ea35891730b7,180eed43-2cc0-41bc-a8cb-468e7c090e5d,93e1794d-ba86-4247-a381-d5906f1b0545,
382a7437-f97a-4323-98fc-e78fc36ce93f,180eed43-2cc0-41bc-a8cb-468e7c090e5d,bc2b68bd-eb79-48b2-bf38-0d8a38a4b383,
d1f4c5f4-b0a2-483b-a26c-a8289d5bf9b3,180eed43-2cc0-41bc-a8cb-468e7c090e5d,d5596785-bdd3-417d-bf4f-b0b043594735,
9bf9e9ec-9ebe-4ee0-a1ce-d4d38204f313,180eed43-2cc0-41bc-a8cb-468e7c090e5d,ebed2c43-1b9e-404a-a24b-4e0cd67c4bc3,
0b235059-e368-45da-a52b-57303e3480a3,180eed43-2cc0-41bc-a8cb-468e7c090e5d,ff5d5385-2f8c-4559-9876-77a93eab1960,
4a469d9c-c5d5-4287-94ee-a9cfb2f4d7c2,1914a9a9-afa0-4796-acb0-f7cef48055af,05c33f2f-7cea-4e89-a5e1-bef796e8f3ed,
847a2e8f-401f-4268-bd5c-ac5d2f6cb0bc,1914a9a9-afa0-4796-acb0-f7cef48055af,0b2f89df-92ce-4b60-ae81-750c83bca112,
21e2a448-10f6-4390-85aa-fe90c20621cd,1914a9a9-afa0-4796-acb0-f7cef48055af,149a0f01-ef28-4bb9-a611-e498c9549232,
7a2deebe-4b68-4ea9-a194-85832d40fc94,1914a9a9-afa0-4796-acb0-f7cef48055af,16ebea77-be0b-4ae9-87f1-55c7e86a9e53,
5388f4eb-7f13-4f85-b7fe-01eb27418ecf,1914a9a9-afa0-4796-acb0-f7cef48055af,18b255fb-3ca2-48a4-a924-ddc75da96ad9,
09171dd0-6081-466e-9e81-4265870936de,1914a9a9-afa0-4796-acb0-f7cef48055af,19cbe56f-824c-4e36-a5a7-fcbcc93795ef,
da32ad39-c69c-4a46-8de7-5ffe50bae757,1914a9a9-afa0-4796-acb0-f7cef48055af,1a490d10-11f4-45d4-920e-90818c10f9dd,
e163cda3-d74c-45eb-bf0a-1180c8d39ae6,1914a9a9-afa0-4796-acb0-f7cef48055af,1bd08b4d-d98b-4911-a5b3-3b063c4e9a51,
0f67fd27-f36e-4a47-90aa-0566901a5993,1914a9a9-afa0-4796-acb0-f7cef48055af,32476c1c-374e-4966-97cb-9d48af2961d0,
6e890343-f411-4186-929d-41a9767c1aff,1914a9a9-afa0-4796-acb0-f7cef48055af,49a7d763-881f-4122-a843-07fe3bdb78d3,
fee71ee4-4cb1-41ae-bc5d-26c8ab68410d,1914a9a9-afa0-4796-acb0-f7cef48055af,4a7800b8-aa4d-4765-b350-decb547b4ac4,
da0f051b-e0c3-4114-8e29-32318b9909b5,1914a9a9-afa0-4796-acb0-f7cef48055af,50446115-42c0-43b6-a275-5e1bb9ad46e1,
5e5ee8f4-a797-4ad0-94cd-c1b6c8b4e8fd,1914a9a9-afa0-4796-acb0-f7cef48055af,59a9cce3-4d8e-4b9c-bd0e-e2d095d186f6,
c51a6820-25ca-43b9-ad45-75e97ca0edb5,1914a9a9-afa0-4796-acb0-f7cef48055af,5a599c4d-52c2-4b15-932d-f4227acdcf99,
6218d086-ac0d-4702-ae1b-0becd6c18416,1914a9a9-afa0-4796-acb0-f7cef48055af,5d5423c2-c837-4e70-a11b-88c49e97c2f3,
93143ac6-d1c8-46bf-a754-05fa6ad993af,1914a9a9-afa0-4796-acb0-f7cef48055af,6d4fbbcd-6165-4e52-9b64-8ea00468d43e,
30291ca0-9ed0-4112-9858-a6c973b50a97,1914a9a9-afa0-4796-acb0-f7cef48055af,6ea947a5-0b04-4286-ba7d-4f4fe162ab28,
af7a14e2-c6fb-48da-849f-452bf611ad55,1914a9a9-afa0-4796-acb0-f7cef48055af,85c601ea-e877-4e3b-94d5-e9b849eec475,
b9b6eb09-3866-458d-8513-aa8cefdda589,1914a9a9-afa0-4796-acb0-f7cef48055af,8f154315-1ff4-4dfa-867e-8eb6bc075332,
60cab22a-7fc2-4942-8479-894031a96e88,1914a9a9-afa0-4796-acb0-f7cef48055af,8ff4c322-b925-4ee9-8145-72e6a81a2221,
bb32b52d-893f-4d5d-9a75-926792aa2a3e,1914a9a9-afa0-4796-acb0-f7cef48055af,a25ab2b5-b2cc-45e9-b25c-c1ae908b80d2,
a28a9179-66f8-40bf-9e0d-d8705ffdc783,1914a9a9-afa0-4796-acb0-f7cef48055af,a4030b16-d7f3-4df1-8820-a0b125366f6b,
33cf3500-7afc-4d34-a57c-c9a29d837e98,1914a9a9-afa0-4796-acb0-f7cef48055af,a64d25eb-7803-4a8a-bd58-2859c6baf88e,
951b7edc-3922-44c7-a8d7-332086194696,1914a9a9-afa0-4796-acb0-f7cef48055af,b2e918f4-2e3b-4b07-a807-7707b925eb9c,
e88bdd0e-bd25-47f3-97bb-93c7963f5122,1914a9a9-afa0-4796-acb0-f7cef48055af,b33f1c08-7001-4a80-a808-a1d025c6d62f,
e3ea0a42-5146-4a39-b001-a7ebd96077ac,1914a9a9-afa0-4796-acb0-f7cef48055af,c00a3f92-7ebc-4726-b723-f339315629a0,
f740e944-9c82-42b2-aef4-cf2ad02c5fb2,1914a9a9-afa0-4796-acb0-f7cef48055af,cf491973-5d89-4eee-bc33-9ae2557a815a,
dad5bdd9-2141-4438-97eb-bcc4c6f39087,1914a9a9-afa0-4796-acb0-f7cef48055af,d3ee8f70-c635-4ce1-a2f4-ec47dce87211,
08ced2da-88f5-4124-94e5-1d24a097f001,1914a9a9-afa0-4796-acb0-f7cef48055af,d8fdebca-a328-43ef-baaf-4446cf8b9308,
dd09b39d-2715-42d3-887f-a33f10425e21,1914a9a9-afa0-4796-acb0-f7cef48055af,dcc0548a-1762-4678-b2a7-cb0a6c0f8712,
198220bd-1d79-41a8-a3e3-f06c3ddf89f5,1914a9a9-afa0-4796-acb0-f7cef48055af,de6f0f8b-7726-4ad3-b9a8-cb4b2936bf1f,
ee3e1239-722b-49c6-8557-a53a1465b2d4,1914a9a9-afa0-4796-acb0-f7cef48055af,e0c97838-1375-42b5-8e86-79bea583d6f3,
bbd61de6-6829-40a6-bc65-742540a45955,1914a9a9-afa0-4796-acb0-f7cef48055af,ec2f8b92-0b06-4a52-8654-e227dbc26c4a,
f8151a02-ac96-4258-b340-16d06e7e2ed5,1914a9a9-afa0-4796-acb0-f7cef48055af,edc9fc56-40a4-4ac2-a1c3-af1a37176d43,
1a91d95e-d70c-42e3-80e0-63ac8a27b776,1914a9a9-afa0-4796-acb0-f7cef48055af,f4c73cb1-54da-47a4-b18f-69e5cb5fd21f,
8061eb30-4b2b-4189-b5fe-d0b2e0ba5e60,1914a9a9-afa0-4796-acb0-f7cef48055af,f60c3c46-995a-448b-9135-44724d97b468,
6bb04082-2380-487a-9b4c-4a0a403e5466,1914a9a9-afa0-4796-acb0-f7cef48055af,fa63eb8e-789e-47fc-92ec-46c2120d7298,
10d2dd00-2a40-44aa-9362-6089cdeeef3f,1914a9a9-afa0-4796-acb0-f7cef48055af,fd58deb0-e223-4b0f-ba22-1f2c7a4581e3,
30484ef2-5171-48cc-803a-818279c5f12f,1914a9a9-afa0-4796-acb0-f7cef48055af,fed7b1d8-9a46-4a38-b27b-abe57c159946,
5d818244-d0d7-4aca-8bed-bdbdf7b295e3,19618688-1252-43c6-b12e-98ece28e3d79,0b3dfcd5-9952-4329-9d78-62e704e5b7ef,
8b022615-fa07-4d71-a6c0-8e4ab1744d47,19618688-1252-43c6-b12e-98ece28e3d79,60469ccf-3b96-4492-810a-3bb9704ec589,
99c27fcf-1bfd-4d49-ab65-27c16313ec87,19618688-1252-43c6-b12e-98ece28e3d79,7c3c37bb-c888-477e-a9ff-ebf6c9f958ea,
5a84379f-cedf-4add-9d87-f050dc03700e,19618688-1252-43c6-b12e-98ece28e3d79,ac0c2989-dcc8-42a4-af83-78155de9d209,
f1a5fe1a-f01e-41ec-8014-dea11b9b827c,19618688-1252-43c6-b12e-98ece28e3d79,d84366f7-8f51-4e85-8f46-1589e983555f,
d2fc3995-5b4f-4613-8dc4-bc50035f4fc2,19618688-1252-43c6-b12e-98ece28e3d79,e583cd10-cc6b-44c0-a84e-96503c934749,
03667e70-98c2-4e33-9e49-c8a87e5172d1,1a080803-198e-4e65-8738-4161630eceb2,18997c71-912a-4129-8810-91dc4c10179d,
ab5c98c1-f03e-4f90-ae00-53e6a5358a37,1a080803-198e-4e65-8738-4161630eceb2,29f6c9c2-bc40-482b-ade6-954897b8c2f5,
1b2eaf92-8b34-4e02-8ac7-ecf4aee94a69,1a080803-198e-4e65-8738-4161630eceb2,6477e555-41c4-4cb4-ac6c-f2ac0dcc198e,
1cc84858-8f13-40e7-871d-8dd0b2520757,1a080803-198e-4e65-8738-4161630eceb2,f78c5b38-a2f0-440a-96c3-a9f19e7efd38,
a6c75ab8-e23c-41d8-a16c-96866a01ca41,1a8f60de-ff5a-4c67-9bcb-bd4f070bb1bb,607604dd-d5ec-4a01-bcba-a73cbd31a369,
1d9f6d0f-b1e8-4762-9e7a-9913f599acad,1a8f60de-ff5a-4c67-9bcb-bd4f070bb1bb,6c8c0f00-851e-4219-9745-d8a66eb37ce6,
c76030e2-32cf-4ed9-b095-c1046fefe83c,1a8f60de-ff5a-4c67-9bcb-bd4f070bb1bb,87f65a13-ecb1-4cd0-be1b-3d9c778eefdb,
f66973dc-26e9-4c8e-940f-a8baba86aa86,1a8f60de-ff5a-4c67-9bcb-bd4f070bb1bb,b9e61446-1a0c-4aed-8a48-0a33ae2ab3b5,
6ec5927c-cc15-475e-9ab8-05ab7165e82e,1a8f60de-ff5a-4c67-9bcb-bd4f070bb1bb,c69282dc-946b-48fd-bf6e-36ef9164f47e,
a1bec0ca-c025-4723-9786-ab625ae9e746,1a8f60de-ff5a-4c67-9bcb-bd4f070bb1bb,c71928c8-40e1-415a-b516-f602d02692d8,
0a473339-fe2f-4ef2-98b1-c210295639bd,1a8f60de-ff5a-4c67-9bcb-bd4f070bb1bb,f3edb58b-f91e-4820-a511-6107f523a932,
e4eb50f5-ecdd-4194-9fee-d415e0e5b930,1af0c91d-ab60-4249-aaff-772580a00ced,06fc3c3f-3199-4f3c-9eb3-911ad8d558c5,
9ec16908-1801-40ce-bf98-d7cfe51294ad,1af0c91d-ab60-4249-aaff-772580a00ced,1222eaf4-d0dc-4b41-b1b7-389e3899ac90,
0c6310d5-bea8-458c-8a88-90b64051d5a9,1af0c91d-ab60-4249-aaff-772580a00ced,1fd811dc-9c8c-40a5-82a3-33ee826ea88d,
45873053-054a-48b8-8be8-b728c8909f00,1af0c91d-ab60-4249-aaff-772580a00ced,2314cc6b-72f5-4a56-b8a5-95f67b83999b,
a7e6a67e-cb06-4c33-ab32-37d11e29d60a,1af0c91d-ab60-4249-aaff-772580a00ced,28623be8-d5e5-4d12-a5ed-8a38e116b104,
25476695-251c-47d4-a4e1-187c6e0062b1,1af0c91d-ab60-4249-aaff-772580a00ced,2e4f2bd7-6a1c-40b7-ab72-4c99134059a5,
ed5038f1-f092-4828-b6cc-609860e3a6ad,1af0c91d-ab60-4249-aaff-772580a00ced,849276c2-523b-4e1d-8af7-355f356c2b62,
0db85eb4-0c06-4c01-a58a-9658bf3f66ff,1af0c91d-ab60-4249-aaff-772580a00ced,8c414c47-663c-4acb-ba94-9be3c392cc42,
03d0e5c0-7deb-4e40-8a12-9f9c86e939da,1af0c91d-ab60-4249-aaff-772580a00ced,92d77386-f9bc-4be0-8376-eef2cba52468,
63857410-aafd-43b0-bf05-cc8640c593cc,1af0c91d-ab60-4249-aaff-772580a00ced,9ee5ec57-82c3-4cb7-8e9e-da5774334d9d,
2a8e8924-5323-44a7-b52c-7d62ba2b1103,1af0c91d-ab60-4249-aaff-772580a00ced,e1fcfd1b-8232-4250-9cf7-5fdfd304b7d7,
12557348-6e79-4c4e-9e17-b8edffdec58f,1af0c91d-ab60-4249-aaff-772580a00ced,efa0e74c-dc82-4b30-b699-6b353fe9e1b2,
2b5e5a46-3c2d-4845-89fd-b2082e7cbe94,1af0c91d-ab60-4249-aaff-772580a00ced,f1f23689-3135-47b5-a45b-8e22c3b6584e,
f63efb05-a641-4eec-9fb5-1b1d18598b67,1af0c91d-ab60-4249-aaff-772580a00ced,fb9ce3b1-5eda-43f3-8e3c-33532e7f42db,
1a69cb59-bd05-4017-93d1-8d31e462f5df,1b9fffcc-89ff-4d9e-8af2-15b0f70da62f,c2d0bf44-7927-43d4-b04c-b28b491b9064,
fcf53961-17d8-4b47-bd82-6222138bc004,1b9fffcc-89ff-4d9e-8af2-15b0f70da62f,d3b25523-7606-49ec-9a2f-edd5d48d63ba,
d65b77c6-ca07-4ede-bba9-749a4de3fd25,1bbb6df0-d573-4468-a0fa-cc3171ed9f60,033153d0-fb7b-42d2-8154-c5c7d29d4bae,
a7cbfdb6-9303-468a-8270-26ba7d2866eb,1bbb6df0-d573-4468-a0fa-cc3171ed9f60,06f8ebba-c9da-4a4b-93e3-3df2a4490f0a,
1e4141bf-bfd1-4202-bfe8-7a7961b58299,1bbb6df0-d573-4468-a0fa-cc3171ed9f60,083e78c8-ad49-4822-ab4a-3bbeacddc1f8,
836ba3b8-92a0-4cbd-b08f-29427b707c61,1bbb6df0-d573-4468-a0fa-cc3171ed9f60,0f51676a-95bb-46c0-be07-ca9e7b9e0d51,
f2528dfa-bac7-4ebb-91e7-1e62ef501ab2,1bbb6df0-d573-4468-a0fa-cc3171ed9f60,1e0aa61c-bc74-48bd-8289-e279d3cfc599,
70fa1d56-83a3-438a-9a40-2ec037a26e62,1bbb6df0-d573-4468-a0fa-cc3171ed9f60,25d160e7-63c9-46e0-bcbf-f40623e47b72,
e3885fe4-666d-4676-adb7-134633796a6c,1bbb6df0-d573-4468-a0fa-cc3171ed9f60,3103cc07-9082-46da-b5df-56ca816fade9,
beaaf7eb-bb21-45a7-a78f-480a0cb706f8,1bbb6df0-d573-4468-a0fa-cc3171ed9f60,32c64e7e-3dba-478c-b1e6-0ccf54b34382,
5f15b672-87bc-44fc-8212-54a49da48c01,1bbb6df0-d573-4468-a0fa-cc3171ed9f60,395c4459-a971-4b50-9aaf-2dc91c4451bb,
59c63892-6a72-4978-bcac-c0dd2b3950a1,1bbb6df0-d573-4468-a0fa-cc3171ed9f60,3e1fff7b-12cd-466a-8cfe-60db5ad203d6,
b8ba3074-49f1-4b56-952d-3201373be2f7,1bbb6df0-d573-4468-a0fa-cc3171ed9f60,40e14b0e-ea7c-4335-b6ea-3087134dfc51,
df88456f-5016-45ff-b441-fe567f713831,1bbb6df0-d573-4468-a0fa-cc3171ed9f60,42fae838-3721-4fdd-ab6f-88b2aae28376,
8de5f8e8-eac4-4959-9c16-bd9434b889a4,1bbb6df0-d573-4468-a0fa-cc3171ed9f60,4539dabe-970f-4eda-9a19-25864ac34ee4,
8a98a4cd-7ea4-4f64-8def-fda9c55c0146,1bbb6df0-d573-4468-a0fa-cc3171ed9f60,45bba93c-4f14-4cf1-ab47-fe19f047ec92,
e8c4df47-d3d6-42f5-a65b-cb72d9d9da27,1bbb6df0-d573-4468-a0fa-cc3171ed9f60,48a0999b-e7ac-470f-84e9-fe663dbd84fb,
2c999251-7a50-4b1b-9f6d-c3f1696efa36,1bbb6df0-d573-4468-a0fa-cc3171ed9f60,4baf7319-b817-49a1-9bde-30b3d1db0f48,
48d8ddeb-e673-417b-b04d-c9757d44b121,1bbb6df0-d573-4468-a0fa-cc3171ed9f60,4d9ba787-3cd9-430b-9d43-bae6b01219e3,
ce93bdee-f38d-4b6a-b1f2-756d63762ad2,1bbb6df0-d573-4468-a0fa-cc3171ed9f60,4ffb70fb-fe10-4bbe-9033-68c33ded5d75,
af6ca2be-b11d-442c-898d-b74633b9808b,1bbb6df0-d573-4468-a0fa-cc3171ed9f60,530109c3-1654-4550-8a72-4907534b90fa,
6b80e428-d9d8-4bdc-b91d-20361e811095,1bbb6df0-d573-4468-a0fa-cc3171ed9f60,551e8908-d9ed-4118-9d8e-8727c7186a8b,
81362dc2-ec52-419e-98e6-fe2f40a21f10,1bbb6df0-d573-4468-a0fa-cc3171ed9f60,57a41204-40e8-4ef2-b154-145ed84c1e33,
2ee82f13-30d7-485d-bcdf-12e0827a028f,1bbb6df0-d573-4468-a0fa-cc3171ed9f60,57efc3c0-c61d-45b5-8e50-794a779786eb,
1b91e6e7-1fde-484f-87ac-175c38622b54,1bbb6df0-d573-4468-a0fa-cc3171ed9f60,57f59645-7734-437a-808a-37631abbd5d6,
f444c0ac-c58c-4839-a67a-a09b60cf4ed6,1bbb6df0-d573-4468-a0fa-cc3171ed9f60,5a34dff7-67ca-4fa3-8050-4ea062b21b04,
dc9bf226-1710-4d47-91f1-00a330b0fbd8,1bbb6df0-d573-4468-a0fa-cc3171ed9f60,5ab7a990-6d85-42fa-b781-58b5589ce5be,
aef23814-b457-4805-a9e7-0b7b2e577c5d,1bbb6df0-d573-4468-a0fa-cc3171ed9f60,5c2813b0-3c92-4f5b-ab88-de7a5e72210c,
127267b5-9d67-40d4-b2a2-f78c6240142e,1bbb6df0-d573-4468-a0fa-cc3171ed9f60,5ca6b548-2cb4-470b-a2be-9cd205289235,
fa6da54f-71de-4553-a02b-ff395a3ce088,1bbb6df0-d573-4468-a0fa-cc3171ed9f60,5f2e43c3-bd9a-415c-9e34-8faaf261f07c,
e0b23e48-3d28-460a-9f34-a8da0c4b9192,1bbb6df0-d573-4468-a0fa-cc3171ed9f60,62e3783c-3dfd-43d7-bc3a-2673e742d8bb,
4b2ef0cc-604c-4f26-bba8-16dbdf94a756,1bbb6df0-d573-4468-a0fa-cc3171ed9f60,6d405005-b5aa-47e1-81d3-09e40956c8ab,
9ed0e8d0-7425-4600-8383-3371d5ef4f86,1bbb6df0-d573-4468-a0fa-cc3171ed9f60,6e51945b-f4a3-4814-8b87-e56d20b15460,
70d5809e-fb26-40d4-9522-e6c51ec96a72,1bbb6df0-d573-4468-a0fa-cc3171ed9f60,6ea087ef-fad9-4ff4-8c20-b18d6b546a40,
10d59a63-be8c-4f9d-878c-1282c3174dd4,1bbb6df0-d573-4468-a0fa-cc3171ed9f60,6feb0dd3-d3fb-48a3-af1b-fa20881a433b,
7f88c02c-241a-4857-b603-c2f65189c70c,1bbb6df0-d573-4468-a0fa-cc3171ed9f60,742aa71e-94fe-4f2e-80c2-dcd1d3384c3d,
55984b5d-2a87-4161-b543-71b50c9f7078,1bbb6df0-d573-4468-a0fa-cc3171ed9f60,7441ba00-c39e-466f-9df6-c8b85341e595,
34f9e7bd-e6c2-444b-b59c-eb969acc57ba,1bbb6df0-d573-4468-a0fa-cc3171ed9f60,78cf0db8-13df-4e8d-8c0f-9274aaa48bda,
68261bc6-322a-4e31-9a8d-4dd0eda8e6ae,1bbb6df0-d573-4468-a0fa-cc3171ed9f60,78d5dd04-06c9-4408-9cb5-46dfa4acd62d,
f12e805b-deff-4474-a292-8d6cbd84b575,1bbb6df0-d573-4468-a0fa-cc3171ed9f60,79aa6157-aa58-40a2-9d1a-395d29ae8f67,
01af8573-8e61-411e-97fa-e98d44c4e02a,1bbb6df0-d573-4468-a0fa-cc3171ed9f60,7ced51cb-1473-407d-83ae-5e89247fcfb5,
bbe947d5-cf45-4122-85c9-e645f0778246,1bbb6df0-d573-4468-a0fa-cc3171ed9f60,7df6e56c-8fb6-450a-ab7d-eaffbf5360ab,
fbded025-6847-4c8c-97ae-e772c96bff26,1bbb6df0-d573-4468-a0fa-cc3171ed9f60,7fbfbe6e-042b-4da4-80c4-8e5c9e5dc35b,
dcf1c8df-d2fe-4acc-abd1-7b8b05866b1a,1bbb6df0-d573-4468-a0fa-cc3171ed9f60,83d288b0-87b6-42ea-9159-4354e375a489,
6588dcf9-79c7-4b06-9071-63f3ae03fbc6,1bbb6df0-d573-4468-a0fa-cc3171ed9f60,84955732-dfbc-430a-8925-4a5503b1d109,
fd66ae75-81e4-4591-b5e3-d8218628afff,1bbb6df0-d573-4468-a0fa-cc3171ed9f60,86678588-766b-411f-991e-a9ee8af5a314,
01621edd-2c13-4cdf-b3a0-12d311ea8ecf,1bbb6df0-d573-4468-a0fa-cc3171ed9f60,880efcf7-7f2b-473d-a5b0-8e25fcde0e89,
01efeb5d-33a1-4b28-bee9-f6fff11f36f3,1bbb6df0-d573-4468-a0fa-cc3171ed9f60,8e98a282-7120-4f33-921f-b8dd009bff5f,
434f2a61-fe60-4fd4-a7a6-3a29baa666f5,1bbb6df0-d573-4468-a0fa-cc3171ed9f60,9287884e-daf1-476c-ab51-bd3c5581f921,
bf51f9ed-e968-49f5-a486-b8449bc24521,1bbb6df0-d573-4468-a0fa-cc3171ed9f60,93cc6039-9092-4e5f-84b7-77c7ebfe7789,
6645270f-f088-43ba-b4f2-309e95acdcb4,1bbb6df0-d573-4468-a0fa-cc3171ed9f60,949cb7d5-4113-440b-a1d8-97e299bb7666,
a53e1ee4-bd97-4e5a-957e-238c7295eccb,1bbb6df0-d573-4468-a0fa-cc3171ed9f60,95e9da5e-6939-4371-adeb-a74dc9ad6f78,
68230d49-75e6-4aa5-a8a8-61aaff239665,1bbb6df0-d573-4468-a0fa-cc3171ed9f60,9bce23ae-1d9c-424d-8186-5919368ab76b,
ec6bd107-c7be-4c50-9942-677847d1eda2,1bbb6df0-d573-4468-a0fa-cc3171ed9f60,b0b37d7f-4ea5-44e7-886c-397c187ed015,
ca1fb0b7-8560-4d69-a8d0-bb52754972eb,1bbb6df0-d573-4468-a0fa-cc3171ed9f60,b34f0085-28c7-4fb3-9761-99b294fa781b,
e7df1ce7-e807-46b3-bddb-91e039752bd9,1bbb6df0-d573-4468-a0fa-cc3171ed9f60,b541aab2-e40f-4d7a-85c0-3edfb52e02df,
e645446f-3a00-47de-ae5c-6bc3145809a6,1bbb6df0-d573-4468-a0fa-cc3171ed9f60,b58200d1-d954-4acd-8db9-14969aa131c8,
f75b95f9-10a6-4899-9f1d-3332f1a5d00a,1bbb6df0-d573-4468-a0fa-cc3171ed9f60,b86064fe-c571-4caf-bee6-a656571333d4,
1a0a19b0-c6d2-4cde-9f68-229ba6cd3dd6,1bbb6df0-d573-4468-a0fa-cc3171ed9f60,be064803-0c08-4779-9914-609e34f4bec2,
627ea472-5e27-43db-abd4-83ec2dc97f2a,1bbb6df0-d573-4468-a0fa-cc3171ed9f60,beead512-de3c-4b94-9062-37c8d027bf1b,
73817460-d27c-46b0-bd00-7734efbb14ad,1bbb6df0-d573-4468-a0fa-cc3171ed9f60,bfb7fa2c-a627-4188-9cb9-4de2f334db3c,
8bd9e21f-9e7d-4abf-a3a0-3379eee5ae9e,1bbb6df0-d573-4468-a0fa-cc3171ed9f60,c05b26e3-dfba-4bf1-8592-b7e899afdc26,
a44c9006-a4d2-4dde-b1d1-24b431b3046f,1bbb6df0-d573-4468-a0fa-cc3171ed9f60,d06d50c3-8a31-4816-a245-890850cba9ee,
e91c6325-4f55-45d3-8df3-7a12185fbd6e,1bbb6df0-d573-4468-a0fa-cc3171ed9f60,d576d95b-8ee2-44d1-bc6e-2e7ab54dc507,
9db151e4-c0a4-4fda-a676-ac305c33bcff,1bbb6df0-d573-4468-a0fa-cc3171ed9f60,d8290d5a-72e7-44ba-be37-8af0523eb6bf,
83efd090-dc8c-478e-adf4-1e48f5a097d7,1bbb6df0-d573-4468-a0fa-cc3171ed9f60,d8ca060c-9150-4fa4-830b-b7b6606aafe1,
b6673567-7a58-4999-bf69-f73a16cf89fe,1bbb6df0-d573-4468-a0fa-cc3171ed9f60,e5b96a4c-39e6-457c-86f1-ade84169748f,
a344795e-e71f-404c-a45d-8fce7f35041e,1bbb6df0-d573-4468-a0fa-cc3171ed9f60,e888023b-c7ce-4dc9-819d-4e30e24c0197,
b2152ba8-97fa-4f66-a389-c6f0a5ac4a52,1bbb6df0-d573-4468-a0fa-cc3171ed9f60,eac74506-2429-48e3-8758-94752dcecbfc,
5dd3d7b2-8b73-4660-9605-a11c7106707b,1bbb6df0-d573-4468-a0fa-cc3171ed9f60,ebacfe69-9885-4926-88f0-976d7d593a6e,
0ddd4e76-e457-4a09-87ea-b7dcef5ffb84,1bbb6df0-d573-4468-a0fa-cc3171ed9f60,ebed4327-a7dd-4633-a44d-f7b821a03c3b,
0dbe433f-e2e1-4d95-840a-770cf909b38d,1bbb6df0-d573-4468-a0fa-cc3171ed9f60,ec008d25-54c6-40b6-8937-ffdd7e874252,
bd84a461-99e5-4a9c-a826-873ee6696308,1bbb6df0-d573-4468-a0fa-cc3171ed9f60,f43fa558-65a7-4b98-8c7b-3449aaf8766f,
53c73732-6565-4f17-b87c-adf35ecbe52c,1bbb6df0-d573-4468-a0fa-cc3171ed9f60,fd0ee8be-da09-4a32-aabe-ed4b74fcb176,
aec8d314-8fd1-42dd-91a9-3750b6de4bab,1bbb6df0-d573-4468-a0fa-cc3171ed9f60,fe504e7b-3f0d-440b-b7db-2d45a42690d9,
4bb3cb3f-d9b0-4a1f-bfd2-91343969bdd3,1bbb6df0-d573-4468-a0fa-cc3171ed9f60,fed26fd4-e581-401d-ac9e-414809f1ce96,
7d1daceb-5478-4251-90ac-f815da7ff3a0,1bbb6df0-d573-4468-a0fa-cc3171ed9f60,ff3bad64-e506-4066-a1f7-525febebe83f,
08a201b1-1053-4b46-83c9-8cea967ae387,1be15abb-1e5b-4db9-b0c0-446ff6d37f05,141df44d-695f-4464-802a-d8fb7a6be534,
bf632073-3ccf-47c0-9d31-df6276eab853,1cac9c31-4153-47b4-9a7c-a01029dfa0d0,0bd96587-d726-4788-9580-b85ed3768c09,
02cabf14-8e46-44d3-aa37-56f45a8c162d,1cac9c31-4153-47b4-9a7c-a01029dfa0d0,13b6e8ba-63da-41ae-b5b6-18cc6703d1d8,
b4e8d544-6a91-4ea7-b75b-4fabe78435f6,1cac9c31-4153-47b4-9a7c-a01029dfa0d0,302b4641-f8d8-4031-b8e2-d19f510bd93e,
32b998e6-57ba-4e85-8b17-2dc10fff14c7,1cac9c31-4153-47b4-9a7c-a01029dfa0d0,3246e0ba-bb78-48a7-b0fb-db8aa156539a,
14528bc0-ae37-4e3b-ae4c-59fb32d8df52,1cac9c31-4153-47b4-9a7c-a01029dfa0d0,3b070f86-11a3-4927-b172-62cc265b500d,
b1946c01-cb61-44a6-885c-8f574b0ab016,1cac9c31-4153-47b4-9a7c-a01029dfa0d0,6037b606-89ac-461a-88b8-2f86c031e034,
fe3be20b-c81b-4f73-8fc1-c1328b92ef4d,1cac9c31-4153-47b4-9a7c-a01029dfa0d0,76ac7813-4e13-4647-8219-b8f9d4089dcc,
cd7ce7fb-5bba-4a9a-b55c-667f5859a419,1cac9c31-4153-47b4-9a7c-a01029dfa0d0,7efe61eb-3e40-481c-86bb-a404ca4ce670,
c35457c7-de74-4f6d-b0f7-2ec743605c61,1cac9c31-4153-47b4-9a7c-a01029dfa0d0,a2f0e3ba-e74a-4142-aafc-8f8d41506813,
82a532ef-d109-4eb3-ba4e-d5f1c000f9f9,1cac9c31-4153-47b4-9a7c-a01029dfa0d0,f8d58762-dcd1-482f-956d-3a16474bfa74,
18c2a344-9d27-467e-8b9e-1c5f248fb874,1ceece60-280a-4390-b0e3-c412b381b7b9,0a9c3351-6771-4e66-82de-ab5837aa1f4c,
19e221b1-5b4c-43c0-9a25-059eb98ed50e,1ceece60-280a-4390-b0e3-c412b381b7b9,0b4c777d-da7d-4e13-8fa0-5d1560669649,
e54d8fc5-0689-4284-975a-ddec540320f7,1ceece60-280a-4390-b0e3-c412b381b7b9,176dcc6e-a24d-4315-ac7c-3bb7dc9116bc,
267e6e98-1047-4c09-9733-8f818f66c6cb,1ceece60-280a-4390-b0e3-c412b381b7b9,1d1f2956-fdf6-43e6-9dc9-f9ca9a693b7a,
94b83280-11c8-4151-8081-74a383cc2437,1ceece60-280a-4390-b0e3-c412b381b7b9,1d2fef42-24b9-4d3b-be0b-a525e357d42e,
a6c684c5-282b-4abc-bf45-070c34f3b6a2,1ceece60-280a-4390-b0e3-c412b381b7b9,1ee5f907-b488-4878-8790-cd912d5a9518,
9917a185-8c06-48f0-a145-de64f785526b,1ceece60-280a-4390-b0e3-c412b381b7b9,1f388aa5-e096-4875-8edd-94922eb48e0f,
f068dbfc-6c3f-4407-aa26-7de0312f471b,1ceece60-280a-4390-b0e3-c412b381b7b9,2211ee9e-0fbb-46b5-99c9-d951b10a2727,
e82cd96a-3b44-4d5e-9a9b-c43972bdb4ce,1ceece60-280a-4390-b0e3-c412b381b7b9,259e4054-4d8d-4d8b-8ddc-de3b53c362c7,
f8a3c570-cc73-441a-a2bf-b5577d4a156a,1ceece60-280a-4390-b0e3-c412b381b7b9,2a018aa4-a643-408b-87ab-09f5911908a0,
533bd79f-fbc6-4a84-9b54-263917e537ad,1ceece60-280a-4390-b0e3-c412b381b7b9,2bf105ca-7f22-4a25-9788-da4f55f0a9e3,
575cf61f-ebed-487e-90ee-55d8a7e8b74c,1ceece60-280a-4390-b0e3-c412b381b7b9,2bff2238-c392-4b14-a8a5-2d937111ba39,
52444240-d3ad-4ce1-98c8-c69274d3c4ea,1ceece60-280a-4390-b0e3-c412b381b7b9,2d772a9e-58b1-4c65-b327-d7ab03c6619b,
7eb1ee82-5b13-4c8c-8663-c2a1b3ff5f7c,1ceece60-280a-4390-b0e3-c412b381b7b9,359d045c-1c68-4b6a-b9a8-9f7e8b4465e0,
970e8216-be2f-4dda-9a14-c04f4329b764,1ceece60-280a-4390-b0e3-c412b381b7b9,37feafec-d086-4f9f-8970-9b576d6ffa66,
9ca5a5e8-529c-40db-abcb-05326fea499c,1ceece60-280a-4390-b0e3-c412b381b7b9,39f56e80-a36e-43fd-94ff-7cd590c2abba,
dca1ad07-5d22-47d4-9c07-6e6da10aae4e,1ceece60-280a-4390-b0e3-c412b381b7b9,4ad76d17-bfac-4a8e-8421-bf57884294e4,
81942bd6-aeb4-4c04-ab8d-bedede37a4cb,1ceece60-280a-4390-b0e3-c412b381b7b9,4af933ef-b05f-48ff-842e-a4bede6a1414,
33450832-5455-4cad-a12c-735d306bcd13,1ceece60-280a-4390-b0e3-c412b381b7b9,5213ced8-28e9-4b27-bf7b-fa4618e1e12d,
c567f52a-ed7b-4315-9ea8-b6c625da7919,1ceece60-280a-4390-b0e3-c412b381b7b9,56a5d518-d088-487c-8a82-37e5065fb311,
c0f276a5-d3a9-4f00-a433-9347cefa7618,1ceece60-280a-4390-b0e3-c412b381b7b9,5a1546ce-4a0e-4b92-af2a-55b80fa57d5b,
f5f8ce6a-00f6-4f19-aba8-ea4327c385a0,1ceece60-280a-4390-b0e3-c412b381b7b9,5bb02ab6-06dc-4e86-aba7-d50f14f5840d,
e7f4e033-6a40-4a27-86b8-921aa3a2aa91,1ceece60-280a-4390-b0e3-c412b381b7b9,6225e488-bad9-4c2d-946a-4c419e23df48,
cc17293d-821a-4d56-946e-cb7da7dbc712,1ceece60-280a-4390-b0e3-c412b381b7b9,65b06893-c01d-4837-a998-ab0cc54e1cc4,
e2e5eff9-4942-4a1b-8b0e-10dda2c2b6c6,1ceece60-280a-4390-b0e3-c412b381b7b9,65f42c48-5be3-4a04-9283-ebbf9a67f35c,
236a8800-f073-4575-acae-0dff30194417,1ceece60-280a-4390-b0e3-c412b381b7b9,67fe3fe8-ee62-4230-8a42-e4c6348d7753,
d91daf41-3947-4109-9930-82584468a6f0,1ceece60-280a-4390-b0e3-c412b381b7b9,75b68892-d760-4766-bd0e-9ce989487ccb,
7ef1275c-015d-45f5-b1e6-69e203873aa0,1ceece60-280a-4390-b0e3-c412b381b7b9,879baa84-917b-4eda-bfaf-5bd8095715fd,
7e738fd6-6c4d-46c4-85a3-48e369b27f7c,1ceece60-280a-4390-b0e3-c412b381b7b9,88bb121e-f871-4d39-9bdf-e8bc01e5e207,
3cb1e88a-6ce2-45ed-bc08-09e857b118bb,1ceece60-280a-4390-b0e3-c412b381b7b9,8a286c63-0c4c-49f7-bd60-549535d9fe32,
07616ff1-17a6-408a-af41-64332a96d55d,1ceece60-280a-4390-b0e3-c412b381b7b9,8c70aeb0-0601-42ed-9faa-6f3ae990ad1d,
a4dc86f5-5b59-4035-b15b-fbedb003d232,1ceece60-280a-4390-b0e3-c412b381b7b9,9094ae4e-5e9f-4dc2-a106-08f7a9118708,
ba91fde6-5268-4ade-9610-a15b5c36ee2d,1ceece60-280a-4390-b0e3-c412b381b7b9,9514a197-e0a4-413b-8f58-a3ac22616f1e,
b4eacbcb-94b5-4f35-bb76-407fc591f899,1ceece60-280a-4390-b0e3-c412b381b7b9,95e70f2e-05c7-4e39-9fc7-a5837e8e7bd6,
08bf7bd6-24ff-45ee-9e11-09594a86e0c0,1ceece60-280a-4390-b0e3-c412b381b7b9,a0b7f9a2-3025-4d6f-8575-9a9c5e912a91,
bde3f74c-93bb-42e7-a02c-041c336e228b,1ceece60-280a-4390-b0e3-c412b381b7b9,ad41e9b8-1004-4df4-bff5-b85773faa202,
04a122ce-1ce2-4ca1-b2f0-5a8c47c3236c,1ceece60-280a-4390-b0e3-c412b381b7b9,af7f4535-ee56-4a23-920c-8a25f2520a0c,
1e41a398-21be-43a2-a9be-5a99a6dd86b0,1ceece60-280a-4390-b0e3-c412b381b7b9,b2e3fb0c-a6b9-4dec-b036-f3861f2e5560,
0cc11095-8f93-4c10-911c-4b0e8496deb5,1ceece60-280a-4390-b0e3-c412b381b7b9,ca28290e-0d6d-4eae-acd3-85a802b0c0d4,
51e10982-3229-4ab5-9f0e-e216ea93f331,1ceece60-280a-4390-b0e3-c412b381b7b9,cff05027-26fc-4ae3-94ee-52f3436c9259,
72e87d24-2bbe-4796-b663-78a5c4dfb7a0,1ceece60-280a-4390-b0e3-c412b381b7b9,d760b0b8-ed66-4932-9001-72dece0da528,
d1c049ae-95bf-46d2-9099-a04d1e6ac5cb,1ceece60-280a-4390-b0e3-c412b381b7b9,d8599ee1-5bd4-4b82-a769-ed1524c16a97,
6e366156-6596-4afc-98a0-173362f66c40,1ceece60-280a-4390-b0e3-c412b381b7b9,deb56b29-a947-4123-8064-d864e70beccb,
261f5912-3061-489c-ae1a-b8d83de82950,1ceece60-280a-4390-b0e3-c412b381b7b9,df7e4b1c-3a5c-4c26-a850-0c2ffbfa20cb,
e2374580-27f2-4625-945b-d8ea82468c89,1ceece60-280a-4390-b0e3-c412b381b7b9,eb21cd06-d265-4e71-82d0-4fcdd33ab1e3,
827188f4-3c5c-4232-b2d5-7201cddcba73,1ceece60-280a-4390-b0e3-c412b381b7b9,ed0334cd-8352-4d12-bc17-3bf7ec978d3f,
fe59ad0a-7bab-47b6-9675-85058a81989a,1ceece60-280a-4390-b0e3-c412b381b7b9,f620d833-92f7-4cca-8f51-3b7cc25ae33e,
aa039be6-d59a-45cc-a96e-d77dd27f6604,1ceece60-280a-4390-b0e3-c412b381b7b9,f7c5cb06-944f-4866-9fd4-33465384beb2,
f79d3083-85a6-4b57-bff9-3a2c2f4c9b7b,1ceece60-280a-4390-b0e3-c412b381b7b9,faa1222d-4b54-403f-9882-a890acb6b79b,
1ca16137-be39-4c0f-80ee-a8afc6918732,1ceece60-280a-4390-b0e3-c412b381b7b9,fb57e0de-a21a-45e2-9bc1-90acd9dedabc,
043290e2-f0c8-494f-8e75-b7951c6e9167,1ceece60-280a-4390-b0e3-c412b381b7b9,fee1b192-5253-47b4-abb2-49db89052073,
34b73f61-b997-4e0c-8bb2-d69e9591bd24,1ceece60-280a-4390-b0e3-c412b381b7b9,ff4fed21-a364-40de-b6b7-897dbb3da3f7,
57cc97ad-3f57-4357-ab30-c65628b48727,1e37fd3c-f5d9-4bdd-a956-5440b5a54332,023d36c7-67b8-4142-ab10-df88a6215a6f,
3e12fb86-62e3-4c38-b3cb-8fda4e2d58e5,1e37fd3c-f5d9-4bdd-a956-5440b5a54332,3afe01aa-26da-46dc-904f-3218adf82d62,
3ebc7dc8-f4d8-4288-910f-66f8949d08a0,1e37fd3c-f5d9-4bdd-a956-5440b5a54332,3bf85cb9-e1ed-48cd-9f03-96bb5b5e4d63,
f911db60-3124-4276-a949-ef9b89f2c643,1e37fd3c-f5d9-4bdd-a956-5440b5a54332,3c4fd376-0048-44a7-8b96-754f7b7fa263,
b4a5978a-af52-4719-9d06-bf0d84411678,1e37fd3c-f5d9-4bdd-a956-5440b5a54332,44b0a1b4-bf70-4d92-b6e2-b991b2f1cc2d,
2d4d0d19-d803-4471-bfe9-fe50bfcf4a11,1e37fd3c-f5d9-4bdd-a956-5440b5a54332,68fb5eec-3621-4ccf-9446-ff20ddc519b2,
978b36f6-869a-4bec-be16-f344be40aeb5,1e37fd3c-f5d9-4bdd-a956-5440b5a54332,7b63f3cd-7c5b-41ff-a9e6-57d866d4a398,
54d00d38-1d9c-49e5-8507-43faa310a009,1e37fd3c-f5d9-4bdd-a956-5440b5a54332,94a1f883-6700-42ec-a61b-33c300d9e482,
a5f39902-d4f8-4a6e-b5d3-bf6802a46b0c,1e37fd3c-f5d9-4bdd-a956-5440b5a54332,ab5e556c-973d-4318-9d09-3bd6a5b1310e,
31ec2771-7d9d-418f-9274-895f40a11c1e,1e37fd3c-f5d9-4bdd-a956-5440b5a54332,ae2a1feb-a5fe-46be-83a5-80faeb89bea0,
363ad609-8820-4565-b46e-f846f53659c6,1e37fd3c-f5d9-4bdd-a956-5440b5a54332,af699527-e618-422e-9338-f8b4761bf645,
0995f1e4-270c-4a2e-adf5-54df84d1731b,1e37fd3c-f5d9-4bdd-a956-5440b5a54332,ca17075c-3141-4fda-846b-a47779dc4c59,
76f65e60-246d-4ce0-9160-5768260741a2,1e37fd3c-f5d9-4bdd-a956-5440b5a54332,caca110e-ef7f-4eaf-9725-5e2affcac699,
1e6065e8-b115-4ca6-b64c-bf610fdf75a8,1e37fd3c-f5d9-4bdd-a956-5440b5a54332,cb6c7e6f-9922-4d2a-a54f-f26a0c9571b5,
49f71729-0358-4822-9801-d5be66c558fd,1e37fd3c-f5d9-4bdd-a956-5440b5a54332,d1cdb1d2-f3da-4078-ab3d-b140b4580006,
c287c0ce-a720-409d-86b4-be210bf7cda2,1e37fd3c-f5d9-4bdd-a956-5440b5a54332,f70c5b2f-f17d-4aab-92e5-0f1e92fa1c03,
04aa272e-89c8-4f01-a2c1-4d047d24f595,1e634a1a-31a6-4f32-a878-2beea7273a9a,04939616-b180-43e4-bdcc-c5cf0094c78e,
035b415e-9371-44c0-bd1e-07eb887e2c6c,1e634a1a-31a6-4f32-a878-2beea7273a9a,4676973a-ab2c-48e9-87e2-2de7d3f426b7,
72526ffa-7b5c-4069-8703-0d6d684baee5,1e634a1a-31a6-4f32-a878-2beea7273a9a,9570c85b-5e76-4e71-a071-28f2d0996331,
eab0c6c2-6650-4ad2-9823-5c215f9df350,1e634a1a-31a6-4f32-a878-2beea7273a9a,9d16da04-80aa-4499-92cd-0733d8cbcdd1,
bde6a5c3-5c70-4bb5-9887-b980e4feff9b,1e634a1a-31a6-4f32-a878-2beea7273a9a,ad2ed904-d454-480b-9e0b-2634edaced1a,
826eb999-3002-4e76-9dde-be4e789fa5fa,1e634a1a-31a6-4f32-a878-2beea7273a9a,b9b9a46a-d20f-4990-ac99-e30b856348bf,
be0d985f-1c9b-44ff-b398-056cc1a6b789,1ecee082-0f5c-4f33-999b-6ae1a495449c,1f25c1d9-a342-4492-a336-30a38747c192,
976cd227-555a-4b7a-859e-c8f67f4bde34,1ecee082-0f5c-4f33-999b-6ae1a495449c,56e5e22b-3600-447e-9481-63dfa310bf7b,
1806c385-6e49-4ed3-acf6-ae7c718ef410,1ecee082-0f5c-4f33-999b-6ae1a495449c,77af04c9-5a7a-4c2b-9d55-a70cf7982a33,
2b610f27-5030-4021-9c78-d086e30ea34e,1ecee082-0f5c-4f33-999b-6ae1a495449c,95717cba-5249-46bb-84e7-f309638610a7,
2cfc97ef-c92b-4dfd-9695-e59ee1be8c56,1ecee082-0f5c-4f33-999b-6ae1a495449c,b481e5e9-4c14-4713-9f82-4db756f0d59e,
ea11700f-833f-4349-a032-f9bccebd6854,1ecee082-0f5c-4f33-999b-6ae1a495449c,c3f442a6-70d3-4e6d-9cd3-aa5a30dae536,
5819119d-5345-4926-96b7-9723f8b05a47,1ecee082-0f5c-4f33-999b-6ae1a495449c,d592f36a-b180-4a53-bdf6-7063a837afff,
df86ca9c-e180-48b3-9df1-06cf310523cd,1ecee082-0f5c-4f33-999b-6ae1a495449c,e391252c-6c3a-417e-93ae-22a2a2e55a78,
f1344910-0335-43cb-ab65-099cae0968da,1ecee082-0f5c-4f33-999b-6ae1a495449c,e79c9b3f-628c-4767-b95b-4b19f58c3a1b,
4b8f3c7a-38e8-48b0-a4e2-72e14b840da5,1ecee082-0f5c-4f33-999b-6ae1a495449c,ece412c0-e48c-43d0-bbd9-d4e050cd2a1e,
ea1359db-a132-4608-adb8-38d502692f03,1ecee082-0f5c-4f33-999b-6ae1a495449c,f425efa9-259c-44f8-a70d-a3f12832583d,
579518b6-8dea-4e01-bb63-b959ac42d62b,1fc1fa3f-cdfd-4e87-8c72-b6d6aed4f52b,a267d3e8-3d19-461c-ab45-204a28a37b49,
9d2388a2-617f-4de2-91b9-1947d0c363e4,223de359-7ecc-4151-b916-09b4156f6429,c71a99a9-f398-4fa7-b5c1-d1dad136413d,
005552a9-1a42-403f-8142-b5d08d806af5,2249bee7-8617-4982-a755-8a8dcfaa6d37,00652592-78e8-46b2-93cf-9532f76e9818,
525617a9-cbf7-4ff1-9d4a-bb474b1abb0a,2249bee7-8617-4982-a755-8a8dcfaa6d37,0f450726-359e-4c90-8e35-1f2d97da88f8,
2edd35a8-420e-4699-b17a-d35f5b338f54,2249bee7-8617-4982-a755-8a8dcfaa6d37,22cf5fc5-ffc1-409b-b70d-d46d24ef8fa3,
5e000ce1-4845-4d20-9099-37cbdd5d55b6,2249bee7-8617-4982-a755-8a8dcfaa6d37,2fc05ed6-da13-45d3-8a4e-2b087a437f9a,
f88faf00-a8ff-4ab3-9a25-80c4e8c898ab,2249bee7-8617-4982-a755-8a8dcfaa6d37,35842543-5f2a-413e-be8c-5df9032094e2,
cb57379f-0a9c-4b29-8d5f-c74226a44d40,2249bee7-8617-4982-a755-8a8dcfaa6d37,e57818d2-fa15-4f81-bb02-805942d38d63,
ac6bca50-7915-41b4-a43f-a693d938d983,2249bee7-8617-4982-a755-8a8dcfaa6d37,f3752559-ec1b-41e5-ae0d-3624a8c97cf7,
c2678b2d-fe9e-4360-871b-4b09aebd0643,22df11ed-5478-4605-b965-14c95c9e383d,1003404b-f987-4a43-a6d9-f02104dfa5f6,
17a8ad25-801c-44e5-a4ea-130dd661c3cb,22df11ed-5478-4605-b965-14c95c9e383d,15f3143b-1120-4a58-b7f4-51adb37af447,
ecd794b8-1567-437c-bcff-0d326244359f,22df11ed-5478-4605-b965-14c95c9e383d,181a7e7e-3592-4e30-a447-e7642f82118d,
2e43664c-96cb-46be-a9fa-8fbd933e0b4a,22df11ed-5478-4605-b965-14c95c9e383d,2022c39e-1241-4c80-8eb1-e51ba4185d31,
4002afd8-3905-4a3f-9c32-8f997275093c,22df11ed-5478-4605-b965-14c95c9e383d,33e3490e-c470-4be7-847e-4fc3e10e0f0d,
e5facee4-8941-4085-8eb4-def84893f952,22df11ed-5478-4605-b965-14c95c9e383d,88acbe4d-ba81-4646-90e6-1c7db98ba086,
99fbfe90-20eb-4ad0-ac70-d70dd96405a3,22df11ed-5478-4605-b965-14c95c9e383d,a98b8290-7b4f-451d-a76a-575447ec3e1f,
96e3a05e-c28c-4ecb-a79f-8823ede8ac56,22df11ed-5478-4605-b965-14c95c9e383d,c96e41cf-ada7-44b6-b38c-3d3c83878e44,
40e7224d-00fe-428e-99dc-6072cf85bfb7,22df11ed-5478-4605-b965-14c95c9e383d,e6e30e76-957a-4ae3-99ad-411e29907e2b,
5157b2ea-0c5f-4a19-bde9-8be3cfefa45f,22df11ed-5478-4605-b965-14c95c9e383d,f3c5ab0c-83fc-49c9-a393-4accb1969ae6,
26e21726-21f0-4716-b7ef-0ba0764c5096,22df11ed-5478-4605-b965-14c95c9e383d,f6de9da4-2f82-48eb-8c06-948a40219b7f,
9e84b980-bb9b-4ba6-aa1a-c2ea2ef72b98,22df11ed-5478-4605-b965-14c95c9e383d,fa6bf859-1988-4efd-b0d6-e6f659f7d93c,
c4fd380d-8e42-490e-ac3f-d1a07370b76b,22df11ed-5478-4605-b965-14c95c9e383d,fb76ab03-0574-4747-bf2b-800660456e95,
d601c895-39f9-41a9-b2ec-4e5676d6577b,23be45a2-c63f-43ed-b7d8-0dee485408a7,6b4a4e7f-bbf8-446f-b20d-f336b474ae9a,
36101012-342b-4544-ac05-72f6d7992268,23be45a2-c63f-43ed-b7d8-0dee485408a7,c94d1342-929a-47c1-bdc9-163902346082,
2fb1968a-76d5-44f3-b2f6-7442c8a44fcf,24946937-cda1-47fa-934e-afbd605338d4,8f33dfa5-bbf8-4979-b8e9-ce66c424fdb7,
d02b03aa-e020-4d38-b908-0b6343a5981f,24b270d8-a1b0-4fed-864b-f623d03fe661,15bb3b95-7cd7-4a3f-b8c3-4216fe49f1a2,
9e6bad7d-6f6c-43c6-9e51-9d96320ddc59,24b270d8-a1b0-4fed-864b-f623d03fe661,1db51db1-d7f2-4a67-9d0d-637309f66445,
94177477-fac7-4110-9fad-8ca35beea745,24b270d8-a1b0-4fed-864b-f623d03fe661,2b8c9e6f-6706-4f6a-839a-ae84e0c8e041,
05c2a95e-a607-476b-82d3-9b3d9afe6306,24b270d8-a1b0-4fed-864b-f623d03fe661,3543c631-500e-46df-b3f8-2985e62ea68d,
166bb7a3-d8e6-45b4-9438-5d3bfcd7040c,24b270d8-a1b0-4fed-864b-f623d03fe661,360a58af-9fe9-4d29-9e51-f595eae530ea,
f1294cf2-9f67-4c8d-9651-f1bac3ee1a00,24b270d8-a1b0-4fed-864b-f623d03fe661,43e6d653-4e31-4d7f-8a4a-90c95ebde432,
81490194-48fb-4c52-83a0-3de11fcc7361,24b270d8-a1b0-4fed-864b-f623d03fe661,44f61f71-60d7-491e-be26-179209e2f7a6,
83e7e86e-1dc5-4107-b693-d904309efb2b,24b270d8-a1b0-4fed-864b-f623d03fe661,4d185d37-f97a-4e5b-b298-71b3ee55c6cf,
61ffb2e3-111d-4b19-b209-66c01caf645e,24b270d8-a1b0-4fed-864b-f623d03fe661,6cc01c49-edfe-4668-a456-0a2aae387b52,
cbf099a5-6ba8-48bc-b488-a815f7aa9829,24b270d8-a1b0-4fed-864b-f623d03fe661,86de6fa0-f2c0-43e9-956c-4699da12633e,
19b10bb7-3e9f-44a6-8e5f-758720ded2fd,24b270d8-a1b0-4fed-864b-f623d03fe661,8af05a70-e4c0-4aaa-ba0a-43d092d308b5,
0b0f405f-756b-458f-9796-825ec74adf78,24b270d8-a1b0-4fed-864b-f623d03fe661,8f1adec9-96e4-434c-8a7e-9dcad31b7966,
8c59dfe8-77ff-468d-aca9-d0e113d30642,24b270d8-a1b0-4fed-864b-f623d03fe661,96fec1b3-54fc-425d-8af2-bdb8db08d98a,
d088b983-c076-4b86-85c6-080b248630ad,24b270d8-a1b0-4fed-864b-f623d03fe661,a671f514-bd1f-47ad-86ab-81135399d798,
a7d3d7e2-f655-4370-96ee-0687c0098d88,24b270d8-a1b0-4fed-864b-f623d03fe661,e0b9404b-a2e3-4fe7-9e98-13612046be23,
e5927bd7-f475-4408-9729-e72042159bc2,24b270d8-a1b0-4fed-864b-f623d03fe661,e79966b1-97c1-4f8c-86b0-ef5e144ce80e,
1f92bbe7-74be-4f7c-bf8e-51bc4890eb01,2544bbde-be6f-4110-8745-4f89dc6496c6,4b89ee9a-3315-4d5e-80c9-38bef311c8c1,
0ff3ffc4-be7c-4ac9-bfce-66b305d4d34c,25e5252e-64ec-4227-a9f3-32a93ca179a4,0188e8b8-ed36-4e7b-b5dc-eb7baffc3121,
9eaa110e-4600-4346-b16f-2cc4bfb748d6,25e5252e-64ec-4227-a9f3-32a93ca179a4,034fada1-aa27-4962-9bd5-bfee8f03b65e,
77442c59-0347-4fc7-8ef1-fb9685bd07ed,25e5252e-64ec-4227-a9f3-32a93ca179a4,3606b920-5147-4fb0-80b4-64a8454d88bf,
448e68d8-77bf-41ba-b9b3-db683acf33a0,25e5252e-64ec-4227-a9f3-32a93ca179a4,48beeb3c-7132-4fe4-b61a-6557325bbcbc,
d2842ffd-9292-4ded-bab3-1931b09f1309,25e5252e-64ec-4227-a9f3-32a93ca179a4,58b1271b-94af-4052-b891-33e84c0a1c36,
53317453-55b4-45f8-a1eb-1db5d963b32e,25e5252e-64ec-4227-a9f3-32a93ca179a4,59f8bd60-6b96-461e-9951-37ba8e261856,
6b42c256-428f-404a-8453-b5f8609a5bab,25e5252e-64ec-4227-a9f3-32a93ca179a4,600823b4-1ce1-44f5-adfa-306c2c8a15a1,
1e070f3b-33bc-457f-a1fa-0c2335e94d3d,25e5252e-64ec-4227-a9f3-32a93ca179a4,6716c93a-1356-4716-8043-1aec81273755,
17e350a9-ff31-4ead-af14-79c531e9fa66,25e5252e-64ec-4227-a9f3-32a93ca179a4,6baed5a9-0909-4fc0-a1f2-7d33b0f8015a,
34f06fe4-940e-41ab-8f52-0dfdf047a10a,25e5252e-64ec-4227-a9f3-32a93ca179a4,6c69f4e9-e527-4fa6-ab11-d562ec06b7f7,
a8456c2b-c9f7-40b4-8d7d-6f8df6fdd167,25e5252e-64ec-4227-a9f3-32a93ca179a4,73a51987-3e31-4637-b9d0-f11aa0a7ac27,
2b4a6262-46c9-46e2-9c0a-e88e56340b72,25e5252e-64ec-4227-a9f3-32a93ca179a4,8970cd7e-aeab-46bf-be37-f59d456ba070,
bc3a0cc0-e9c2-44d1-a913-5afc79aa1c64,25e5252e-64ec-4227-a9f3-32a93ca179a4,a363a787-510f-4622-aed8-e86e62d62674,
37c4ffa9-fd25-4441-a33f-416c519f70fb,25e5252e-64ec-4227-a9f3-32a93ca179a4,a517f442-735a-48b1-9f93-b9f1ddf42a06,
21a1f306-b7c6-4028-b8b9-c1966f278a49,25e5252e-64ec-4227-a9f3-32a93ca179a4,ac7fd8fb-cdc2-4c4c-b610-34a7ce1008be,
13b76beb-5610-42d8-8a4a-332f1c12c8de,25e5252e-64ec-4227-a9f3-32a93ca179a4,b6e6d888-dc72-44b9-939d-5c8d6a47dab3,
577ff996-671c-4eab-9470-d8a8881ab0bb,25e5252e-64ec-4227-a9f3-32a93ca179a4,d609091c-d420-4132-bd6f-8afddebd423e,
b6b7974b-b30d-41e4-85b1-026ca8f608b3,25e5252e-64ec-4227-a9f3-32a93ca179a4,d8ff605c-acb8-484f-acf9-9b13735c3579,
47d97130-437d-48df-be00-47c811c32983,25e5252e-64ec-4227-a9f3-32a93ca179a4,daffa338-c6d9-45ec-934f-83be8b6a1623,
422d6250-10a2-4fb2-8fb4-c9fde08b0fc8,25e5252e-64ec-4227-a9f3-32a93ca179a4,dde45697-34f5-4c97-826a-c961ad03a5e0,
f0908c77-01bc-4c94-bb15-90f746f9b73e,25e5252e-64ec-4227-a9f3-32a93ca179a4,e9206cc2-605f-45ec-8c63-d13e945433a0,
a6f59710-6058-4581-8841-0ed342193f19,25e5252e-64ec-4227-a9f3-32a93ca179a4,f4efd5cb-1883-4aa3-96b2-559ad944ad39,
f6305a0e-c17a-4736-b8b4-5c4cfa333221,25e5252e-64ec-4227-a9f3-32a93ca179a4,f5339817-c4fb-4d72-accf-550e889e2db9,
3b01f145-57b9-4b00-a25f-67afa6b0b8d0,25e5252e-64ec-4227-a9f3-32a93ca179a4,f7986a40-b723-499a-9cb3-eaa0e8de8226,
a53b68c2-f5fe-465c-a9ff-2b13c1176fd0,25fc2ce1-5a9f-4835-acad-106649fb8d73,2f61608b-af0d-48d6-a094-bc0750664441,
1e7df744-dffa-4af8-a8a8-ecc7663449bc,25fc2ce1-5a9f-4835-acad-106649fb8d73,4cde2776-f939-42ac-9a97-b180dc6eb650,
d44dcc57-8620-4300-8000-62005aae06e8,25fc2ce1-5a9f-4835-acad-106649fb8d73,557aba40-c97a-4b72-9b94-52a64ea19dd2,
6f9fd24a-c9d8-440f-9cff-8e561e5dde95,25fc2ce1-5a9f-4835-acad-106649fb8d73,6a5ad774-7ae8-4511-b755-8987d338c6fe,
f9447bcd-3964-4b5a-9c81-9a2e3ce1e6ba,25fc2ce1-5a9f-4835-acad-106649fb8d73,9b3f9a8e-ac50-4fae-ba41-6c5624ddce75,
61cbe7b7-8f5f-4c51-ab36-56ade0759963,25fc2ce1-5a9f-4835-acad-106649fb8d73,9c15146b-1556-4323-b80e-8ec5cb5b64ac,
9e88ad51-f074-441f-8640-aad4e514a60b,25fc2ce1-5a9f-4835-acad-106649fb8d73,a518f37e-e4e4-4ec7-8c67-104ffa2fe5bb,
d329cc4d-7e66-4e2f-9f99-995ec5604574,25fc2ce1-5a9f-4835-acad-106649fb8d73,be2427ef-b41a-4b0c-9990-9cbce0a211bc,
d1494a30-c30d-4091-a7b4-5f445cc3e5eb,25fc2ce1-5a9f-4835-acad-106649fb8d73,c806d8e9-5347-4d5e-92af-5980f4e5d56a,
417ccfbb-7b2b-46d1-a2a9-ff3962e0a133,25fc2ce1-5a9f-4835-acad-106649fb8d73,eced9c0b-6726-459b-99b2-2f3c3d7df4ba,
d2471359-40d9-438e-9da8-c28e37b7123a,28bec33b-fc5f-438c-af32-041ec240a94c,0a93c91c-1cd8-4dea-86a5-0eb2308b077f,
51c05d66-f6a0-40f4-a868-dee843a6aed9,28bec33b-fc5f-438c-af32-041ec240a94c,19237f4b-6f69-4862-8863-19197a7ec3c3,
c6e2ca89-d531-46cb-a34e-a5b5d04c303c,28bec33b-fc5f-438c-af32-041ec240a94c,22e4c836-8c0c-4575-838e-b16bffdffa08,
d87f17e2-1842-4a06-90dc-e2e450983ad3,28bec33b-fc5f-438c-af32-041ec240a94c,32a3f20f-f462-4fa0-896d-1830bbe4c271,
8fa00f44-a41c-470d-aa51-e432087bc69e,28bec33b-fc5f-438c-af32-041ec240a94c,34523855-5e67-44c9-95e2-1cfc89c52fc7,
b7689fde-26ea-40fd-8126-4567efe18f21,28bec33b-fc5f-438c-af32-041ec240a94c,37fe4c18-44dd-46e6-b331-b8b38d969231,
798521ea-ceff-4e93-ab1a-0bcb351372c7,28bec33b-fc5f-438c-af32-041ec240a94c,3903fd9d-5239-4a1f-9135-b44819b541a8,
7af6321f-becf-4b08-b4bb-edf0d5caa8d2,28bec33b-fc5f-438c-af32-041ec240a94c,41c1fd2d-a424-47f6-8e29-91e2fee4b589,
3f11ad85-0074-48ac-abde-e87e2173c55a,28bec33b-fc5f-438c-af32-041ec240a94c,46fd23a4-b508-4e12-94b2-96e86a74bb37,
3d73ddd8-44b9-4461-b6a5-5f8384d74752,28bec33b-fc5f-438c-af32-041ec240a94c,47049757-57af-4484-92e5-8bc931444d5f,
36bfb282-51be-4113-adbc-e4fe0efcd7af,28bec33b-fc5f-438c-af32-041ec240a94c,556518e4-f5dc-4628-8cf1-41b7d645a502,
1bcefb44-da7c-4121-88e9-2e0c8c4e4b99,28bec33b-fc5f-438c-af32-041ec240a94c,6f1e4d44-1a02-4036-bfb8-d95cfab3fe40,
2bd99836-30fd-4661-88f3-1054b1b67b18,28bec33b-fc5f-438c-af32-041ec240a94c,760c33d8-56ef-4bce-98ef-6ae3d309595f,
8f399019-0d9a-4a56-85b7-5baf58a69c47,28bec33b-fc5f-438c-af32-041ec240a94c,7626ab3c-df97-4f7f-bee1-ff07a233bca7,
a3f9808c-401b-4140-a7bd-390ff9467301,28bec33b-fc5f-438c-af32-041ec240a94c,793752b3-c9d2-47ed-96c5-8e7cdb354644,
75c70c1a-3b33-490b-b18b-bd85aa4a096b,28bec33b-fc5f-438c-af32-041ec240a94c,b0c92b9f-fe21-469d-9af1-1f001279cb01,
16d25040-2a36-4916-8e42-0cc5dc8216a9,28bec33b-fc5f-438c-af32-041ec240a94c,b70a4670-5fe3-454a-ad07-a2ea46abba9e,
0a0c142a-f1b8-4b19-9f2b-5f5ec210ab0f,28bec33b-fc5f-438c-af32-041ec240a94c,b97191bb-73c1-4499-bc72-d18be446d14a,
106e8a65-d0f8-4705-affd-501407080979,28bec33b-fc5f-438c-af32-041ec240a94c,d2976d81-ea38-4fc5-89f4-c3d80e811392,
e50af6b9-78fd-47a9-838d-8744a3099f2b,28bec33b-fc5f-438c-af32-041ec240a94c,dcf025b9-e3aa-4065-91b0-887f249e6352,
00df5816-6dff-496f-bf75-45e16cb9d8e0,28bec33b-fc5f-438c-af32-041ec240a94c,e95353d0-f57f-41b5-b5ac-9f2e2acfe014,
0f753408-a9e3-424f-9371-fcaa0dac7329,28bec33b-fc5f-438c-af32-041ec240a94c,ea74c95b-7171-4853-ab09-5d096be4abb0,
4081d0f8-b63b-4a81-8c77-ecae0cc34914,28bec33b-fc5f-438c-af32-041ec240a94c,ec3a9cd0-7cd7-4960-8ac9-eda0794ff65e,
6539c952-707d-42dc-ba9b-871f77ce3150,2914ee68-80e1-427b-972e-3519d467e25d,03d969d3-1dde-46ea-ac50-209c37ffdc22,
cf74f74b-8853-4349-afb3-9fce5711cf94,2914ee68-80e1-427b-972e-3519d467e25d,085f92f1-3298-42c9-be40-c2af6b97ce55,
9e9f7263-59ce-47c6-9d24-5fdb777a90c4,2914ee68-80e1-427b-972e-3519d467e25d,0fb4bdb8-720a-4ff6-9def-8398af399870,
8e2ceb9d-0f56-4c3a-901f-56cb6f0c8bda,2914ee68-80e1-427b-972e-3519d467e25d,0fb556fb-98e0-493e-98b6-e18998ae2744,
f78059cf-79fe-41c2-aec7-99346c421477,2914ee68-80e1-427b-972e-3519d467e25d,17fde8b4-7a99-49fa-83f7-a6f73b8a4111,
fe26b22a-e6bd-48fe-91aa-0e798825465f,2914ee68-80e1-427b-972e-3519d467e25d,1935bde9-4c0d-4f6d-8112-ab782d315e3d,
4e0853ae-207b-46d8-8ec6-352ffdd6135e,2914ee68-80e1-427b-972e-3519d467e25d,1c7d8b6e-1583-4239-8e30-1dad9d1c14f9,
5179b048-54f0-4739-8882-b8eba09d09d1,2914ee68-80e1-427b-972e-3519d467e25d,25617b44-5e5d-45fc-b151-7c5bc6ced687,
a17cdfdb-b014-4aca-8269-e2dfae832929,2914ee68-80e1-427b-972e-3519d467e25d,2919849a-487c-421c-a3d1-173330f24854,
6b05cdcf-2bf0-4ed4-8706-c1e323141a1c,2914ee68-80e1-427b-972e-3519d467e25d,2aac836a-fa41-482f-984b-969b3221425e,
9b79a2a7-3645-4081-8e27-9f5d873d0cbc,2914ee68-80e1-427b-972e-3519d467e25d,2b9001fd-6fab-4182-b360-27c0b144e337,
b60a13a3-87c7-4693-95d0-92f80a6febd0,2914ee68-80e1-427b-972e-3519d467e25d,2c98ef04-8396-4c17-bf9b-836440353396,
4ce0007c-b591-46bc-ba1f-2f16ef8dfd90,2914ee68-80e1-427b-972e-3519d467e25d,2fb57e22-f718-46de-9b17-563f48c00761,
d83093bf-aab8-4e5c-b584-ec42e3792ba9,2914ee68-80e1-427b-972e-3519d467e25d,32640b95-cbd1-4d83-9753-4a84884dd403,
b47b87a2-9593-4450-8955-9adab5a0791e,2914ee68-80e1-427b-972e-3519d467e25d,3c9de747-7e4f-4f99-a464-45f43aaf8030,
de71de6c-4259-45f0-a2fd-9c83259afded,2914ee68-80e1-427b-972e-3519d467e25d,40890ad4-2b69-490e-b68e-8e16d9f376de,
9ffc8688-e574-4ee3-8744-7532262ced2a,2914ee68-80e1-427b-972e-3519d467e25d,41b57759-5b49-4e62-899b-f84a59571ac1,
961609a2-eb80-421a-9dbf-f6202800f359,2914ee68-80e1-427b-972e-3519d467e25d,4b316c0a-7bc7-44cf-9e5a-585aca935c45,
56804273-8c26-436f-90b2-77eb1c3b3a77,2914ee68-80e1-427b-972e-3519d467e25d,4cb4dbb2-95e3-4965-8a98-771a68e31281,
4e51c549-ec7f-41a1-a899-29dc30545073,2914ee68-80e1-427b-972e-3519d467e25d,57853c20-36fd-40e5-b115-027d84912fcf,
88518978-91fa-474d-9a2b-80d303273abc,2914ee68-80e1-427b-972e-3519d467e25d,611f0351-20dc-4224-bfa0-fe0c477ba372,
814a682d-133f-47a6-9c5b-f47c54592e0a,2914ee68-80e1-427b-972e-3519d467e25d,678c80bb-b4cb-40e4-87fd-7f708aea7af5,
f90afca4-1615-4555-b8f6-3b28c902a046,2914ee68-80e1-427b-972e-3519d467e25d,6e6e95cf-e048-4b01-a0ac-d888af343721,
2f5fa2e8-c45b-42f8-ac50-9bddc98bda0e,2914ee68-80e1-427b-972e-3519d467e25d,72518a79-4479-4a27-afde-abc0bb00413b,
095a0824-319a-40ff-9fe8-3c2a2568e91b,2914ee68-80e1-427b-972e-3519d467e25d,7851d988-eaea-431f-bcc0-3b2871a51a8b,
04a979a8-aa04-472b-9967-e91035719db8,2914ee68-80e1-427b-972e-3519d467e25d,7b4e106b-7256-45fc-9db9-9a5cdb04a378,
81210e3a-b92b-4454-a8e9-159eab8b4f3d,2914ee68-80e1-427b-972e-3519d467e25d,83aef051-1411-4f79-8bde-e4ce24e44813,
e762be2c-c77e-42ab-9f21-239399470249,2914ee68-80e1-427b-972e-3519d467e25d,84f3d0fc-ddda-472a-851f-422c8be8eb48,
33c18564-265d-44e1-8e2b-80b6ede6bd7b,2914ee68-80e1-427b-972e-3519d467e25d,8e4e5d12-c6ab-47b0-a838-4a40a0c43898,
b3372b00-9683-4898-8757-428298278d38,2914ee68-80e1-427b-972e-3519d467e25d,8ea97fa9-f0bd-4443-a488-7e2f2b742405,
9c6e5bb1-6db1-4a1c-9ec1-ec2802edfeaf,2914ee68-80e1-427b-972e-3519d467e25d,8faeef79-3ee6-4131-bd55-798abc4f71dd,
8a87e332-28ab-44a8-b308-5347679483fa,2914ee68-80e1-427b-972e-3519d467e25d,989c694b-b66b-4cce-aa6d-9bb1db954a2f,
c6512056-8f0c-49c9-bb8f-2a0ba4566ba4,2914ee68-80e1-427b-972e-3519d467e25d,a04f08ac-59e0-4198-99a7-da6f41c49be8,
403181fe-fb44-4e52-865e-9e44dd840ea5,2914ee68-80e1-427b-972e-3519d467e25d,a0eff3e9-5cae-4d6f-b2e6-354b5abfece5,
7325c3c3-e68c-44ae-a453-fa8ab45ce776,2914ee68-80e1-427b-972e-3519d467e25d,b1070eae-e456-43f3-a482-54040e39c571,
ba21fd8c-1114-47bf-8e62-0044c8f9edcd,2914ee68-80e1-427b-972e-3519d467e25d,b63691b3-1169-488d-950b-4c0c3ee989b5,
ed81c641-77dd-42e6-bdc6-9818032e61d3,2914ee68-80e1-427b-972e-3519d467e25d,b6935b57-7102-48d0-82a8-71afcb1e3eb3,
01f42c45-43b7-430a-a57b-990118a41843,2914ee68-80e1-427b-972e-3519d467e25d,ba6daff6-994e-4bef-b509-75f54b55a22f,
86f77c5b-223e-4263-96df-09bf124bf5e0,2914ee68-80e1-427b-972e-3519d467e25d,bd7b8431-438a-4204-ae65-503b414834ca,
3e335443-c11f-4166-a712-08ff84102d13,2914ee68-80e1-427b-972e-3519d467e25d,be66a3e8-1acb-45e4-a99e-1fc73f7a13ed,
edc56f8a-ad7a-43d7-9370-132ddbf92c90,2914ee68-80e1-427b-972e-3519d467e25d,c852ceff-538f-4fb9-a786-c98d1f0a9e51,
03310f39-59e8-4a0f-bcaa-7c05bffce6df,2914ee68-80e1-427b-972e-3519d467e25d,d35cd606-3228-4ab9-a87e-641fbb7dbdbd,
5350ca31-290b-4a0a-9a1f-aa61290d9428,2914ee68-80e1-427b-972e-3519d467e25d,d70f37a7-5817-4c53-9c52-10ffe2585a86,
103f80a0-31d3-4116-84ac-bdb8eb7756d6,2914ee68-80e1-427b-972e-3519d467e25d,d7a2d206-6b2f-46e7-9909-e1c1e725bda9,
2c251b68-afbb-415e-9bcc-176395b7a0b4,2914ee68-80e1-427b-972e-3519d467e25d,e1666a2c-cb64-4657-8d89-fd737132cb58,
8e645da2-9f70-4fb0-afe9-26db4bdefce3,2914ee68-80e1-427b-972e-3519d467e25d,e90a4538-9d4c-48ae-af67-6a8a6f2cc0bd,
1a7b2c01-be98-42fc-843f-1554ae53909a,297564ce-4a52-4b14-9afe-c988a465c227,c2f90617-d881-4efc-b928-0e5c68f5e0c0,
0d99e2b1-a662-452e-a1ae-d903c0547e6c,2a17a457-4f25-458f-a636-885d44e8f58f,020907e7-c582-4cf0-b395-8c93d55a2bd5,
bd2e54c5-9b5d-4314-894b-3108aab55c26,2a17a457-4f25-458f-a636-885d44e8f58f,5ab43674-26fa-4f78-b6b1-ddc62aa62c70,
d23cadc3-e72c-4692-92c7-6f0b04c34611,2a17a457-4f25-458f-a636-885d44e8f58f,6fcdeab8-2d64-4709-ba75-c67f20a90622,
02fa3c40-7c0f-4d67-b105-5217d3d9ed5d,2a17a457-4f25-458f-a636-885d44e8f58f,80ce47ca-21bd-4c28-a9e1-9e6e10e08135,
a5e5430e-c1ac-4c93-ab8f-19cf966800ef,2a17a457-4f25-458f-a636-885d44e8f58f,825c1758-fd61-40c4-a62a-36092205c8d1,
bf131a72-1640-4343-b2e4-33284f880cd2,2a17a457-4f25-458f-a636-885d44e8f58f,e004b3ce-73e8-46f7-a575-89ca8edb148c,
b3c27c8e-58d6-4c24-a932-903d16303bee,2a86a540-79b2-492e-b140-8c6cfea2c306,1a0248ad-fff9-4bed-82a6-bf6dd191824a,
182defbc-d643-4d0e-825d-87f9e2b710d9,2a86a540-79b2-492e-b140-8c6cfea2c306,341b073a-3a4a-4e45-b21e-e2e5c687b377,
70151d23-5a1a-4137-b56e-d13a29f5a21c,2a86a540-79b2-492e-b140-8c6cfea2c306,3af9ee83-0dc6-443e-83b2-669dc46a7e84,
36f53b77-b062-4f40-8f2b-5f4e5240d7b0,2a86a540-79b2-492e-b140-8c6cfea2c306,6e1fe644-f260-4c7a-86db-8f2e9a5a7e66,
0facb3f3-0d20-4e08-8d4c-7c116578ebf2,2a86a540-79b2-492e-b140-8c6cfea2c306,774ea517-1e0f-4123-8e68-d59460d4721a,
ac00f70b-ea9e-4eb8-8509-5bbe517ced0a,2a86a540-79b2-492e-b140-8c6cfea2c306,b2d8ff64-3535-4d8a-a053-ed13d166286b,
82844856-6f33-471d-a17b-c748587d04dd,2a86a540-79b2-492e-b140-8c6cfea2c306,de53ff03-cb33-4566-bf42-e80cc1559752,
a13cdbdc-d606-4275-8ef2-b72564072599,2a86a540-79b2-492e-b140-8c6cfea2c306,e24cdb56-6dc6-4969-835e-9e63c3bb91e0,
1dcdd606-995b-42df-8c24-2b75544f88ef,2a96b6e9-aba8-41e6-a93d-40ab0c23683c,0adacbfc-3984-4d0f-bfda-880ee9e21f7b,
7e43c845-9027-45a7-b687-89a56e571c77,2a96b6e9-aba8-41e6-a93d-40ab0c23683c,18ac08de-4c69-4776-b0e1-d7741cd1fb3b,
5ec4b68d-cb41-499d-ad4d-8796897b0fbd,2a96b6e9-aba8-41e6-a93d-40ab0c23683c,24b3f2f5-d4fc-4387-8569-680ae9da447f,
65d2fe5c-804b-46a3-be87-db8aafb35307,2a96b6e9-aba8-41e6-a93d-40ab0c23683c,3021d384-4c0e-45c0-8d7a-d94c8e12c8a0,
b6839d4c-da88-4d07-97bc-6138a29fca2d,2a96b6e9-aba8-41e6-a93d-40ab0c23683c,37334e07-9fea-435b-8fa4-15c09772535d,
d301fb09-68ac-45d9-bbb6-62f9dd5146c1,2a96b6e9-aba8-41e6-a93d-40ab0c23683c,3b60f249-080f-4072-a5cc-c83f88baa467,
7b5e4143-7ffa-4252-9750-c2e66be8510d,2a96b6e9-aba8-41e6-a93d-40ab0c23683c,3c9623c0-e383-4430-a73b-8a4bdd8fc5ed,
d9ffa24b-2843-4366-8c89-b0c5cf60dc63,2a96b6e9-aba8-41e6-a93d-40ab0c23683c,4bb229f8-a57f-40ec-91df-718bfa7dd642,
8a2108fb-f5d8-40d0-b76b-47b27641139f,2a96b6e9-aba8-41e6-a93d-40ab0c23683c,65224005-07f7-4280-be80-fba6b250fad3,
81aadffd-127b-40ac-9a2c-05734581ffab,2a96b6e9-aba8-41e6-a93d-40ab0c23683c,6ccb737d-b060-4c44-92c0-f6acc700376b,
2295b58a-74ee-4d15-9d4f-053a0af30fce,2a96b6e9-aba8-41e6-a93d-40ab0c23683c,7a50cb35-d9e6-49cd-88be-59cdc6d4e11d,
81cd8891-8b3a-464b-b678-d256d5578441,2a96b6e9-aba8-41e6-a93d-40ab0c23683c,87cee7e8-947a-4da1-b0a5-7fa02768ea84,
c3e7e838-736f-4c91-a717-a0e583fe7aa5,2a96b6e9-aba8-41e6-a93d-40ab0c23683c,8f68af61-912a-421f-a9d8-bae37794f96b,
04670f30-72c2-4669-9dd7-cd0eb6b6c36c,2a96b6e9-aba8-41e6-a93d-40ab0c23683c,97f4be42-4d53-4b8e-89bb-410696ed9b00,
4cca7c22-98cd-4f04-b1e3-8d3bcc7439b5,2a96b6e9-aba8-41e6-a93d-40ab0c23683c,e149e009-b482-414f-b730-5ece55f46871,
bc0a65c3-9d41-4672-884f-4ee5dcbcebf3,2b97059b-0972-4706-ae0b-ef35ae88a12d,0c2635d0-d918-4273-a3c1-1dc8a0113e94,
5f37f8a2-a211-44d3-940a-955cabd14407,2b97059b-0972-4706-ae0b-ef35ae88a12d,1102cdab-1cee-4bc2-8cff-973c3100851f,
5f987607-d1e7-4166-9439-07fb492744f0,2b97059b-0972-4706-ae0b-ef35ae88a12d,36f1b895-13bf-4aca-a133-fef785bbc3d0,
68e533a2-93e4-4428-8541-b8720be0939b,2b97059b-0972-4706-ae0b-ef35ae88a12d,37849043-4a2c-410d-976d-0cc5bce576ee,
23887af6-0e2b-4823-8624-52edeea87262,2b97059b-0972-4706-ae0b-ef35ae88a12d,419c4bc7-ca07-4d22-8855-cfe434fb4fc0,
644c5030-3ac9-4c92-a6a4-7b203b88bf4a,2b97059b-0972-4706-ae0b-ef35ae88a12d,4a8aecda-cb09-4fa7-9b97-8c0ec1eb3c2b,
c0d1bf45-a09e-48cc-a3ef-5456f1ac276f,2b97059b-0972-4706-ae0b-ef35ae88a12d,567e7fac-bee6-41d3-bd77-a433be659f00,
ad6b4afd-5a3d-4b02-8cc8-0149e316a4b5,2b97059b-0972-4706-ae0b-ef35ae88a12d,596e7ba4-23c8-4396-aec4-257ee118cbc1,
7e32da48-eb87-4cad-96cb-5f32bba1e002,2b97059b-0972-4706-ae0b-ef35ae88a12d,5cd4b7e9-e879-4558-80d0-33387474ec4f,
a32adebe-55cd-4f28-8ab4-32b59dfcab67,2b97059b-0972-4706-ae0b-ef35ae88a12d,6eb533fa-d3d0-45a9-895f-09ca94718933,
d218c88a-c5bc-47d4-a445-ec0cc53162f9,2b97059b-0972-4706-ae0b-ef35ae88a12d,781273bb-74a9-4dce-bd84-ebabba146733,
dd380e2f-b713-42e8-90b9-165cb8aaf572,2b97059b-0972-4706-ae0b-ef35ae88a12d,7b11f2bb-d4d8-455a-83d8-783ece1e1eb0,
fd472c94-9b3a-41f3-90c0-a1b40b49c57b,2b97059b-0972-4706-ae0b-ef35ae88a12d,81b383a4-f114-46b2-bd70-4db5b70afb17,
7ede25c4-7c0f-45da-ace0-48c3c4456068,2b97059b-0972-4706-ae0b-ef35ae88a12d,9e22f0b2-af9d-4ef2-959c-aaf46e88b075,
a89c9e72-42dd-4572-960b-6bc29c397aec,2b97059b-0972-4706-ae0b-ef35ae88a12d,c3b967e0-8be9-48ff-9e24-411f710de7b3,
8fefba60-298a-4b1b-897f-9a2881de0abd,2b97059b-0972-4706-ae0b-ef35ae88a12d,c5eb4ac9-fddd-48fd-ad79-0dbacaec0028,
4c372218-e1d5-462b-b4a2-aa30f4c47f33,2b97059b-0972-4706-ae0b-ef35ae88a12d,cbf63f7e-cef3-46e9-b175-1b41b5f43802,
f589a412-f41a-44d8-be57-ffd9573b632d,2b97059b-0972-4706-ae0b-ef35ae88a12d,cf60d8ff-8b6c-413b-8326-62f80993281c,
27762af7-d7c1-49f6-8bb3-b08e5df4d799,2b97059b-0972-4706-ae0b-ef35ae88a12d,d093a1e9-940f-4b72-a810-b6114424d7fd,
d3f2d48b-e08a-4a65-8028-fe08c55dcfed,2b97059b-0972-4706-ae0b-ef35ae88a12d,fc5be04c-20c3-4ad9-b16d-311ff533b7b0,
ad8dd276-b5a7-4da0-a097-8af7ee67cba9,2d80974c-aaf8-432a-a8ee-54579804f7d0,14e11697-2a5d-409b-a666-ea9bf47e93a9,
82e70e5c-9d2a-4c43-84c4-762dbbbfe7f8,2d80974c-aaf8-432a-a8ee-54579804f7d0,8f1b19eb-39a4-449f-a97f-affedd0d9f7b,
8bae12a9-ac33-437a-ba5c-24a156cf55f7,2d80974c-aaf8-432a-a8ee-54579804f7d0,9c236ff2-62fc-4cb6-bec2-23e3db88ea07,
266cec51-6132-4bfc-96e5-25f0416c181f,2d80974c-aaf8-432a-a8ee-54579804f7d0,b0eaca11-9bb0-43f6-8a2e-b4b946ce5b50,
c123cc89-00c3-46da-add8-5b0618d79157,2d80974c-aaf8-432a-a8ee-54579804f7d0,dfd60732-732d-47a4-9796-79488efdc07b,
502d3b6d-dc09-49fc-a706-c64803aff02b,2d80974c-aaf8-432a-a8ee-54579804f7d0,ef2af570-555e-4d88-a005-6d2a91f20b48,
836fa77c-43f3-4560-be64-d4d4e3410f30,2e0da025-0e4d-490c-aa1d-a6b92ab25fc1,057ca614-262e-4c62-b0f0-3bc9c72e5a68,
d671b1e5-6f0f-422c-8b27-afd494c1e46c,2e0da025-0e4d-490c-aa1d-a6b92ab25fc1,16a06ae7-ff40-4e81-b8ef-e3670750a300,
3fc2c858-64b7-46a3-94bd-6af6a5a357d6,2e0da025-0e4d-490c-aa1d-a6b92ab25fc1,16c9328e-62bc-4322-a2dd-f0c76475c9e5,
31f0712c-f8fe-48fa-b2cc-3340a0652046,2e0da025-0e4d-490c-aa1d-a6b92ab25fc1,1ad062dd-51f8-4437-9b50-10245b9241ce,
2830469b-e054-4a4d-91cd-5db2a3e2b13e,2e0da025-0e4d-490c-aa1d-a6b92ab25fc1,1d4393b4-5176-4520-bdd4-ac78998b7534,
dba9f00d-88ee-4a7a-9bab-9a1086085da1,2e0da025-0e4d-490c-aa1d-a6b92ab25fc1,1fac0a20-2fd8-4357-b7f2-d4fcd1157bb8,
fce5f0ae-95a0-4e8f-9d90-331083f7d2c0,2e0da025-0e4d-490c-aa1d-a6b92ab25fc1,29111b4b-cbe8-40ed-b597-adc1e202ab90,
59de44ea-5c0c-4d60-a46f-e8067350daf4,2e0da025-0e4d-490c-aa1d-a6b92ab25fc1,2d962116-6c80-443b-98cc-96efe80c9c0d,
cdeafc92-4613-4a14-911f-6f38a603d836,2e0da025-0e4d-490c-aa1d-a6b92ab25fc1,3e4fc22a-3a9d-4d06-9250-f7b58a542bd7,
fc7e39b8-2ef2-4f94-8505-db4a9e32c7e1,2e0da025-0e4d-490c-aa1d-a6b92ab25fc1,419cd3f0-237d-42d7-8336-902fc8c4109a,
354d1127-d277-4b7a-b243-71588d19b8cf,2e0da025-0e4d-490c-aa1d-a6b92ab25fc1,4263b8e1-626a-49c2-a6a5-0d55616188f1,
3c847e3d-b16f-4a1b-ab9f-e36b6ce478c2,2e0da025-0e4d-490c-aa1d-a6b92ab25fc1,432f9ab9-dd5a-475b-a986-3140dfccc79f,
46884fa3-32e6-4884-9f39-cbf1f5f69ea7,2e0da025-0e4d-490c-aa1d-a6b92ab25fc1,5091d732-6215-4486-a7b2-ad41c2602ce8,
6183e0bf-83f5-4222-97d6-8357560be464,2e0da025-0e4d-490c-aa1d-a6b92ab25fc1,50b8c6fd-3919-4d19-8331-3d738d8c338e,
dee8909b-b28d-4a7a-b715-674a1623c14c,2e0da025-0e4d-490c-aa1d-a6b92ab25fc1,64beaffc-faa1-426c-bb90-d9066664764d,
dd9157ee-151e-45fd-bdad-0d54f9629445,2e0da025-0e4d-490c-aa1d-a6b92ab25fc1,786c7456-f816-47f4-8a81-4543f58dcd0a,
393aa2e8-caa6-406b-a3fb-c380883f1d3e,2e0da025-0e4d-490c-aa1d-a6b92ab25fc1,89a2be00-a1e2-4048-bbb9-03bce7cd32f4,
3f0701ee-bca1-4c3d-a6e0-e23940dfb356,2e0da025-0e4d-490c-aa1d-a6b92ab25fc1,8b3a51bf-110d-45de-ac28-571a1b7e3ce8,
9417ddae-f7d2-43ce-9774-80404e6624fb,2e0da025-0e4d-490c-aa1d-a6b92ab25fc1,8dfaad9a-a916-4ce3-ad9c-ee141501a4a6,
ebdcb824-07d3-457d-b437-422b8413ed6a,2e0da025-0e4d-490c-aa1d-a6b92ab25fc1,8f5850e1-c52b-4437-b6bc-3cd573ddcb1f,
dfb9ad37-fb1e-4e4a-a581-d024b1be34a4,2e0da025-0e4d-490c-aa1d-a6b92ab25fc1,96af7e4f-4735-40b9-9175-39b4b49c18be,
b63f66e4-262f-4d21-b99a-91cbe0de101f,2e0da025-0e4d-490c-aa1d-a6b92ab25fc1,987a06ad-6ae8-4c09-95be-93f96fcf90d7,
0224f425-c8cb-43b4-8cb8-411ba3d519e5,2e0da025-0e4d-490c-aa1d-a6b92ab25fc1,a4fe41ce-ff85-47df-a586-617cc8bd52bc,
e6b3d3ea-727c-42b7-9038-d533d4b0f3d8,2e0da025-0e4d-490c-aa1d-a6b92ab25fc1,b006a93b-774b-4685-b0ff-d7ee36012066,
9a61e0e5-d812-46e4-8964-4f9ecc27d47d,2e0da025-0e4d-490c-aa1d-a6b92ab25fc1,c71bcf5d-4267-42f6-b711-cb1fb7323bff,
9a5c7908-af80-4dfd-b221-18aaa38cbf33,2e0da025-0e4d-490c-aa1d-a6b92ab25fc1,cb5b3857-51cc-4d08-b339-c51bad772d2d,
63267a65-0d47-4edd-8c3f-e22ae3c58e9f,2e0da025-0e4d-490c-aa1d-a6b92ab25fc1,cbda135f-aeaa-40c7-94c3-c00482cc36de,
062ff50b-51b7-4b0d-a2dd-0400ac8e3d3b,2e0da025-0e4d-490c-aa1d-a6b92ab25fc1,cf58f039-89b0-4299-b80a-3372501e0305,
af35a18e-26da-482c-b5eb-3db5a165b2e9,2e0da025-0e4d-490c-aa1d-a6b92ab25fc1,d44cc756-4243-4ec0-a110-78290672ea95,
aaf3b384-5e7c-433e-a100-2974afc1bf91,2e0da025-0e4d-490c-aa1d-a6b92ab25fc1,e0908164-025f-40e0-9300-8a31b4d6e8e4,
7cfc33c3-29c6-4e42-ab03-0d82fddc976b,2e0da025-0e4d-490c-aa1d-a6b92ab25fc1,e0f19a45-4218-4fc4-9a83-27ac5c1e24a6,
123e6d68-2c06-45b1-aa74-7581f0c68587,2e0da025-0e4d-490c-aa1d-a6b92ab25fc1,e555e7cf-9fd7-4d3b-b70f-1844f938b625,
865436a7-cc1d-4ae3-bea0-ca1b67b6ee45,2e0da025-0e4d-490c-aa1d-a6b92ab25fc1,ebfbea0c-b7c8-41c8-8554-9639d405946f,
bb3dbb45-72c3-4da9-bac1-40a1c93c4a64,2e0da025-0e4d-490c-aa1d-a6b92ab25fc1,fabe9646-4dbf-4219-bf87-9809bb307746,
40d01bff-3e8a-459d-ab5f-3f8f11e7d939,2e0da025-0e4d-490c-aa1d-a6b92ab25fc1,fd07e6a7-5d6b-4642-8a3e-6cce0aee13b5,
f1d84def-df70-4984-b103-ee12cb273783,2e1152bd-c4ec-4cc8-9b36-2ee62152f300,37d37fad-158f-4da7-aafb-98534e756973,
66e2052b-74d2-4f6a-a49b-2ae80741baf6,2e1152bd-c4ec-4cc8-9b36-2ee62152f300,5826a858-f18e-49e9-802d-9e994176bf7b,
c9493195-0be3-410e-9970-d8e13c46731c,2e1152bd-c4ec-4cc8-9b36-2ee62152f300,775be9d4-5bdc-4d96-aa5f-32521d442e45,
013d2e64-9fa7-4c4d-8ab4-62c95dc42584,2e1152bd-c4ec-4cc8-9b36-2ee62152f300,af7f4ef1-103b-41fa-b8ab-1b55c834f529,
830d9335-2f96-4e10-b508-9a4265e11b3a,2e1152bd-c4ec-4cc8-9b36-2ee62152f300,b26fb4de-a385-45fd-bb89-1d85d26ba82e,
75816446-875e-433f-8737-5a23eae4c599,2e1152bd-c4ec-4cc8-9b36-2ee62152f300,c7fbd6a0-4c78-4cdc-b4c8-203f1e642382,
59f46161-8ba4-4930-bde1-54c8e8e8d972,2e80c4a2-aae6-438b-8612-18a5d4913cbd,009f8c08-f1cd-476b-aa7a-dddfa5afb80c,
26677bad-ecf6-4b3f-ac88-02cff2952298,2e80c4a2-aae6-438b-8612-18a5d4913cbd,03b11253-b85e-465b-a848-60314aa8423a,
473c3b07-e4d5-4b04-9f34-11c73590e389,2e80c4a2-aae6-438b-8612-18a5d4913cbd,068a8277-138b-4b74-972d-c8a8d1d46883,
66ea3410-b425-453b-8ca0-b1841eadd828,2e80c4a2-aae6-438b-8612-18a5d4913cbd,0b21839c-5739-426b-adb1-a5a2075082f9,
36d62c70-28da-4925-aee6-f945debdb91c,2e80c4a2-aae6-438b-8612-18a5d4913cbd,0e7eef6e-3554-4d13-b308-9c9b82ee5b52,
463ad764-d44c-4a58-9523-4d5619f7c8af,2e80c4a2-aae6-438b-8612-18a5d4913cbd,11c9557a-86d6-4713-a217-1975b0fd256b,
deca96e3-6dbc-4b28-8991-89293ceac4b0,2e80c4a2-aae6-438b-8612-18a5d4913cbd,185e7549-5bcf-4c89-9ae2-29ae642a20a4,
cdafd419-a1b2-473b-883f-a34d43641d19,2e80c4a2-aae6-438b-8612-18a5d4913cbd,1925fd52-f086-4be5-b42f-92cccfe6a42d,
1d7c966a-f10e-416a-a261-dd8c6f95df15,2e80c4a2-aae6-438b-8612-18a5d4913cbd,19f9d892-94e2-4d1e-970d-defd26886c9a,
7691050f-e0d0-4906-b0b9-1a1746256813,2e80c4a2-aae6-438b-8612-18a5d4913cbd,2078a48f-ddf8-46cb-ba59-7701a08b283f,
42228f9e-13dd-4390-a387-308e81df3790,2e80c4a2-aae6-438b-8612-18a5d4913cbd,21012a36-c8c3-48e1-9e8d-942f72cb5d3b,
00573d3a-d375-4457-b6b3-5c8aecfea901,2e80c4a2-aae6-438b-8612-18a5d4913cbd,236b757b-ad48-4230-a6fb-a2c1795341cd,
e43853fa-8508-48db-846d-0affc2759fc9,2e80c4a2-aae6-438b-8612-18a5d4913cbd,23da7787-4fbf-4bd3-8a1a-8b392b045356,
d25abea9-b78b-4b36-b301-130162052739,2e80c4a2-aae6-438b-8612-18a5d4913cbd,240e41c5-075d-453b-8d80-978a6b1a55f1,
409eb792-3efe-4987-b8db-d12fed6b5241,2e80c4a2-aae6-438b-8612-18a5d4913cbd,25af03f7-11c6-4896-af2e-7197c1b03136,
e764cc7f-bc9f-4d14-989a-25d723f08c99,2e80c4a2-aae6-438b-8612-18a5d4913cbd,28581ec7-b51a-4c4f-a15e-f5ed8d2214f1,
7638aa98-b963-47c3-a3f2-ccb35b55745e,2e80c4a2-aae6-438b-8612-18a5d4913cbd,29ccc957-a6e5-48e0-bc30-0d7202b2fbdd,
774bd345-2bc2-4527-b09c-1937f4f3f71a,2e80c4a2-aae6-438b-8612-18a5d4913cbd,2bb252ff-e0a4-48cb-b27c-7440f78e8cfb,
a8650863-3424-4698-a6d6-1442c52b1f71,2e80c4a2-aae6-438b-8612-18a5d4913cbd,2db0a379-b875-4a3e-8008-5a8aef8b4619,
01211756-7de3-4c3f-a3bf-5bcb80d291c4,2e80c4a2-aae6-438b-8612-18a5d4913cbd,31bb9e1b-de20-44df-8271-ac86c1550d89,
31c82b07-1bc8-4bb1-9e78-7bd26ed452cc,2e80c4a2-aae6-438b-8612-18a5d4913cbd,32611fb6-520c-4a6a-ad69-f0870e190195,
35bfbd48-9571-4b8b-8f1d-5be6185abd24,2e80c4a2-aae6-438b-8612-18a5d4913cbd,36d735cd-fb7f-4819-9670-2fe0173655d4,
612c92c5-0670-44a8-a18e-458d99e5ee5b,2e80c4a2-aae6-438b-8612-18a5d4913cbd,39094d21-f366-49e5-a0ea-2cbf48557215,
d2543562-d9d0-4c4c-9516-b0e7019092bf,2e80c4a2-aae6-438b-8612-18a5d4913cbd,3bfb0fc6-dae7-4022-b49a-eea24112823d,
480534e7-95b1-4bf8-b87d-879f68e68766,2e80c4a2-aae6-438b-8612-18a5d4913cbd,3d70f69d-b6f4-4b40-8a8f-620f9b94a706,
6316cd3e-38a4-4887-b92a-25e1dbd23800,2e80c4a2-aae6-438b-8612-18a5d4913cbd,3df8cf69-dea6-4158-98ce-01db66139618,
01984e78-e3c8-4a19-8d4b-f5407218fabc,2e80c4a2-aae6-438b-8612-18a5d4913cbd,3f77fd5d-db75-4838-8d58-79a637abcb36,
572d122b-b886-4565-9f84-848ebd452d35,2e80c4a2-aae6-438b-8612-18a5d4913cbd,41ff8961-2df3-4727-ae24-fa69752523ce,
b1760c4a-402c-4794-94e7-9c7a704ba4de,2e80c4a2-aae6-438b-8612-18a5d4913cbd,422de6b5-4acc-4cc3-a424-e76129c1527c,
b3a0c7ab-2362-4a11-88a8-4e5d634d0bc8,2e80c4a2-aae6-438b-8612-18a5d4913cbd,478064fc-04b9-4f17-9eaa-4e83434deaca,
7e54a383-5b11-4cb8-b4df-b76689fc2c7e,2e80c4a2-aae6-438b-8612-18a5d4913cbd,4be288e7-5d7a-4cd7-aba9-f906941f4703,
b871a305-58ce-49df-bd82-5cb6b76f43f1,2e80c4a2-aae6-438b-8612-18a5d4913cbd,52941138-2d8f-40b3-b8ee-0aff867d88e7,
7381c748-fc11-47d0-858b-26bf70b4d35a,2e80c4a2-aae6-438b-8612-18a5d4913cbd,55e66683-a614-4c85-aabe-258f38925e49,
311b45b5-db4b-47dd-9c1e-8bffecffa6a6,2e80c4a2-aae6-438b-8612-18a5d4913cbd,56f2e8ee-1ecb-40b6-8b53-ffa01d91bbf4,
0763bc8b-c3ab-4b8e-ad88-2c6f222e43d5,2e80c4a2-aae6-438b-8612-18a5d4913cbd,5dd3ebc1-af01-4fcd-b53c-191937d8db95,
2bb364f7-e279-48d6-98ad-e17b9d9701dc,2e80c4a2-aae6-438b-8612-18a5d4913cbd,63b5765d-9dd8-45c8-ab2b-493ef17a0873,
2336e221-ad3d-4913-be09-e3eff6ea6caf,2e80c4a2-aae6-438b-8612-18a5d4913cbd,65675608-0b7d-46ff-977a-ebaea140a11e,
3e602844-906d-4473-8482-a8d2e014bc46,2e80c4a2-aae6-438b-8612-18a5d4913cbd,683c0406-b05d-4a37-9b23-12c6d76ff0a7,
63d22ab8-191e-49a9-8560-59311221f011,2e80c4a2-aae6-438b-8612-18a5d4913cbd,691da387-aca3-4211-8a20-e5b5816b614e,
53e0863a-ce71-4e5b-bc3a-380e0b59c091,2e80c4a2-aae6-438b-8612-18a5d4913cbd,738ee0b2-4480-4edc-957f-5df263fdaace,
e26b2578-845f-47ea-a470-cb50169391b5,2e80c4a2-aae6-438b-8612-18a5d4913cbd,76fdfa65-9cd5-47c9-90a3-012bb090467b,
8a5eeb35-ca18-47a0-ba20-2a02a2d2c07b,2e80c4a2-aae6-438b-8612-18a5d4913cbd,7793162a-7722-403e-bb50-bf6fca5a4b67,
2881662d-4364-4b74-9970-9ea6faf2665c,2e80c4a2-aae6-438b-8612-18a5d4913cbd,7b023223-29c8-4d6e-841a-f177b4f116fe,
fe0c2dec-7de3-4c8b-87ea-ea604d4732e4,2e80c4a2-aae6-438b-8612-18a5d4913cbd,801c66f3-1a95-4df1-a069-72b0522656fc,
42099db9-da33-42d8-9111-aefe54df44a0,2e80c4a2-aae6-438b-8612-18a5d4913cbd,83933111-6955-454a-bd74-0a0be39911d0,
f191dea9-ab04-4a9f-9412-154cabf54af8,2e80c4a2-aae6-438b-8612-18a5d4913cbd,8557af43-a136-402b-87b9-215988a3127f,
d159d44f-4e96-48a3-9d9e-00bf4f73c069,2e80c4a2-aae6-438b-8612-18a5d4913cbd,89a18889-ade2-4ae0-93a8-e726955dcc1d,
1a36e599-1bf8-4c0f-ab49-202f8a970a8b,2e80c4a2-aae6-438b-8612-18a5d4913cbd,89c6a88d-ca0e-4329-a3f5-1a2728d90838,
c1c9c8b4-21dc-43cf-a648-540f56c2850d,2e80c4a2-aae6-438b-8612-18a5d4913cbd,8f2c4701-ac2d-45a2-8977-2efcf7c832fc,
3eec8edd-d168-4649-bcf0-5c98a3744ff8,2e80c4a2-aae6-438b-8612-18a5d4913cbd,93ea9218-485b-4670-96fd-c605071e9719,
cd5dff71-aa91-4fde-8fa4-895abd06b0fa,2e80c4a2-aae6-438b-8612-18a5d4913cbd,954a2691-dfda-467b-9cb1-53cf5607ba4d,
6ffaecb1-b177-447b-9654-5fb39347130c,2e80c4a2-aae6-438b-8612-18a5d4913cbd,98d445ce-87e6-4a65-93ca-022ecf15dc9e,
d3564dfc-b51b-4eb5-b441-788d91a46252,2e80c4a2-aae6-438b-8612-18a5d4913cbd,9979bbcc-155f-43f6-b318-9c570133a25d,
c56c3d00-e09f-4eec-a54b-f233207479b6,2e80c4a2-aae6-438b-8612-18a5d4913cbd,9ac5ff47-f4af-40aa-ad58-603b0074f9f8,
468b17ae-f4a3-4f31-bcab-20755c5b2896,2e80c4a2-aae6-438b-8612-18a5d4913cbd,9e1d235a-d274-4b51-89c7-6d284ac3d31c,
922272ff-7366-4139-be6d-41880fea8b5d,2e80c4a2-aae6-438b-8612-18a5d4913cbd,a36583ea-da98-4975-a1d6-4f26c31e4359,
bb0ba480-26b4-46c7-8c1d-243919dc197a,2e80c4a2-aae6-438b-8612-18a5d4913cbd,a566fe4d-3050-4a74-acda-c5e4a1ea7e76,
dcd0a78a-9c29-4a64-8ea7-87f6b7be8140,2e80c4a2-aae6-438b-8612-18a5d4913cbd,a82185f8-a09f-4272-afe1-e7b28a37db29,
eff825a5-17fb-4f2d-867d-a6a72fd65c1a,2e80c4a2-aae6-438b-8612-18a5d4913cbd,a9ff9798-726d-482e-8c08-e434bb39315d,
a7be6022-0ba3-4283-bdeb-c3fdaf3cf15a,2e80c4a2-aae6-438b-8612-18a5d4913cbd,ac16c4dd-1348-4881-81bc-f8cdbcde47c4,
912e6a04-b6b0-4877-93c0-d752539908f8,2e80c4a2-aae6-438b-8612-18a5d4913cbd,ac96c36e-0ae4-423f-9605-b5eed95e750e,
8096f7a2-211b-4eca-951b-b8fc1e4472a9,2e80c4a2-aae6-438b-8612-18a5d4913cbd,b083268c-50cc-4b1c-abb4-15c6e4cfe5fb,
953cefb0-1a39-43e1-a805-b3665aa2622d,2e80c4a2-aae6-438b-8612-18a5d4913cbd,b1133607-7216-4e14-8633-9780e44b54c0,
5072e191-4772-4c7c-9078-494f681a6e62,2e80c4a2-aae6-438b-8612-18a5d4913cbd,b650ac42-7564-4eb8-b3a2-0ee29cb75b69,
9956fd3e-5d35-435b-aff9-5f7b419dad91,2e80c4a2-aae6-438b-8612-18a5d4913cbd,b682baf4-7414-4722-b4fb-c82c343a41d6,
66c429d8-e30e-479c-b7ec-a215c389039c,2e80c4a2-aae6-438b-8612-18a5d4913cbd,b7e2d243-3122-4824-9a06-c2d787a917c5,
7bdebca6-c7e8-4926-bba2-999ece14e615,2e80c4a2-aae6-438b-8612-18a5d4913cbd,b8f2198e-7df0-4f84-b13c-32914155aed6,
f53b6ab0-f49c-4774-a534-a395f22f38f8,2e80c4a2-aae6-438b-8612-18a5d4913cbd,bb55b0a2-c1f0-4790-8c40-a43440b55a46,
22afcdc0-999c-44bc-a909-b7f2e9b3f908,2e80c4a2-aae6-438b-8612-18a5d4913cbd,bbedbfdd-de81-45b5-9b26-dfff9f2ed465,
bcbb66d0-1487-4ee2-9037-21abcdcbf4f0,2e80c4a2-aae6-438b-8612-18a5d4913cbd,c1f3fda6-0fd9-490a-9303-da398ad32d14,
5ee5f0f7-b01b-4f5b-949a-c647cbf6cb58,2e80c4a2-aae6-438b-8612-18a5d4913cbd,c2e16feb-6fff-4c17-ae97-db433632997e,
ff03b775-a429-4ad1-9c6f-9bcbe5a78767,2e80c4a2-aae6-438b-8612-18a5d4913cbd,c3652c96-3a66-4e84-989a-5b5403c2d0aa,
87a554a7-02ef-4bdb-85c2-fe7918e41457,2e80c4a2-aae6-438b-8612-18a5d4913cbd,c42c1833-f7d0-4b02-b69a-7894b31f5518,
aa020326-2a16-41a0-bf81-039bb0e89643,2e80c4a2-aae6-438b-8612-18a5d4913cbd,c608e230-2c58-4407-a9bd-6d54b9dd9e08,
70bf569e-8d6b-4195-9381-3416cbdd04bf,2e80c4a2-aae6-438b-8612-18a5d4913cbd,c6bda9ca-2c8d-4c77-a7d2-4b364ce11658,
2de38372-6a85-4925-9d22-09840fc85bdd,2e80c4a2-aae6-438b-8612-18a5d4913cbd,caba728c-e0b9-44cb-8694-f6dc50a409be,
5e9376e2-5109-4af3-b488-5eb12045cd9e,2e80c4a2-aae6-438b-8612-18a5d4913cbd,cb08680d-eb64-44a2-883f-0c1b4f2a96c8,
df44ba95-d5fd-4508-b07d-88dca95f7e1c,2e80c4a2-aae6-438b-8612-18a5d4913cbd,cc010d4f-c8eb-455a-a34d-89feb8030ba5,
490265e8-6d1c-417b-94ea-2b488fca1e67,2e80c4a2-aae6-438b-8612-18a5d4913cbd,ceb4f7be-6a19-4396-aff2-580d1168ac0f,
2485662e-eb72-494e-8440-a5a1949f4bde,2e80c4a2-aae6-438b-8612-18a5d4913cbd,d0031259-6817-4a22-acb9-0f79da803685,
4334b4ab-25cd-4963-a341-ab409d22f27d,2e80c4a2-aae6-438b-8612-18a5d4913cbd,da4b2323-fd40-4cdd-9e7e-6ef80fc79bdb,
06733aed-9723-4c0b-b0c9-249ba1e9dcb5,2e80c4a2-aae6-438b-8612-18a5d4913cbd,dabff5cc-0f45-4223-b32d-5136412bb703,
9359fe91-9dcb-4bb4-b098-b8b35db48b0b,2e80c4a2-aae6-438b-8612-18a5d4913cbd,dfb1afc9-b91b-43ba-8407-c0e59e12213c,
582d6460-cf66-4d26-91a8-3ddd8931cc6c,2e80c4a2-aae6-438b-8612-18a5d4913cbd,e2d74849-167a-430e-80b6-b7b41446e213,
758054b1-4634-49de-b9fa-023ea6fd1d0f,2e80c4a2-aae6-438b-8612-18a5d4913cbd,e7a0e9a5-080f-4fed-b919-87212fded866,
d16ac6cd-4583-4489-b999-f6b0e2545d89,2e80c4a2-aae6-438b-8612-18a5d4913cbd,ed62d557-e328-4e9f-bb7b-eb0c9f679cfb,
110102a2-dbd4-4735-8aad-60a3a753a2e2,2e80c4a2-aae6-438b-8612-18a5d4913cbd,eeae1489-f7df-404a-a036-14eb89d7cf59,
c4708075-0b42-4000-af6a-b701bfb1bb70,2e80c4a2-aae6-438b-8612-18a5d4913cbd,f5de7c31-091b-4466-b4dc-9f9d3d36e656,
c508497d-effd-4977-bfee-9c7cefa1fb8d,2e80c4a2-aae6-438b-8612-18a5d4913cbd,f6a11621-2fda-4be4-a257-451673c1ccaa,
93814ed2-d892-4ab1-888a-449dea04541a,2e80c4a2-aae6-438b-8612-18a5d4913cbd,fcb3e1f2-631e-4f5a-b18b-37317208547d,
5a14bc00-f1a1-4446-9f02-14ca6ecdc35a,2e908469-0837-4b91-a9dd-9f2c5c173863,080f2b7e-45fb-4495-982f-bb8ebebf6fd0,
27b3cb01-b110-4cf1-b090-acb6fae7aa8d,2e908469-0837-4b91-a9dd-9f2c5c173863,2023b19a-1662-4180-aa7e-ba3208328991,
8dd16065-8678-44c3-a27a-0d7f10c6c6a9,2e908469-0837-4b91-a9dd-9f2c5c173863,67da240c-9dcd-4a4c-98e6-bd888ff635c0,
91939054-859e-469c-9d84-b17c15b85d68,2e908469-0837-4b91-a9dd-9f2c5c173863,716de2b5-e528-4a67-b944-2e8c3eafa51a,
207ea34d-d2e3-4634-8c4c-90d82814535b,2e908469-0837-4b91-a9dd-9f2c5c173863,b7835e47-7e74-49c3-877f-eb270ad33b8c,
60a84caf-431e-4e04-8553-c673b1fd3cae,2e908469-0837-4b91-a9dd-9f2c5c173863,df54f7ed-8742-404e-92e5-1cd6114f81df,
139d83aa-6d62-4547-b982-776e1aa7445f,2e908469-0837-4b91-a9dd-9f2c5c173863,f6b31e75-0aa5-4939-8f2a-8b0fb7feb874,
0eecdde1-8c7b-4651-aa61-e3897c998984,2f747fa6-1180-4d35-8466-13d721b1b1d9,e01061e0-9379-4698-9cf9-bc73712168d9,
928ae479-8fa8-40df-89b1-fe5a1ad1d791,30064fac-cb5c-4cb0-849b-d3f74562262e,03afe12b-d2b5-4ffe-9651-78500c0480ad,
6b23074d-90b5-4b45-bd2c-57d4b8a27088,30064fac-cb5c-4cb0-849b-d3f74562262e,68c179bf-1032-49ec-85fb-e39022e53f41,
7f6d8a63-896e-4fcb-a9d5-fed0677b5822,30064fac-cb5c-4cb0-849b-d3f74562262e,6c372c17-1748-40bc-94db-1fb04c525d7a,
302576f5-ac40-4d45-b32a-ad1c2339e316,30064fac-cb5c-4cb0-849b-d3f74562262e,8b76a5fd-04e7-426f-ad50-b4e079c656ef,
49c54fbd-f391-4661-aa08-f237bad81c90,30064fac-cb5c-4cb0-849b-d3f74562262e,b5687e47-d5aa-4e20-b87f-59d92f901141,
665a3bff-d575-4266-8528-1f389ee48509,30064fac-cb5c-4cb0-849b-d3f74562262e,b807a0bc-c200-4257-b113-47ebcecec346,
305ddcd9-5660-43d1-843f-147e4b61317c,30064fac-cb5c-4cb0-849b-d3f74562262e,da5ba146-d684-463a-95ee-74469f48dfb8,
357b86c3-4d82-4ee0-ad79-73acacd4c1d2,30064fac-cb5c-4cb0-849b-d3f74562262e,f20a2752-e819-4231-9b91-7c4cb7256061,
984afe16-894d-468e-8074-bf96f01be785,319974ed-ce40-4805-8d95-2447a1589192,407ef8b2-ad56-46a1-bdaa-e5ce80b3740e,
e6eff372-8f25-4131-9ca4-fdc6b5b7bc03,319974ed-ce40-4805-8d95-2447a1589192,5ebea1ea-9f03-4d8b-b05d-d23460643c63,
8fb48872-648b-483e-afee-753f064fbc49,319974ed-ce40-4805-8d95-2447a1589192,768f2b2b-6112-4f88-b199-2cf952c8be98,
8dfe7e6b-accf-48cd-905b-d84274229b4a,319974ed-ce40-4805-8d95-2447a1589192,e291639e-ef3f-48a2-af2c-2384cd4aa184,
7b7db5a8-2181-4735-8c72-c067da21bd46,34784795-5858-404c-be36-0d30e6fce6aa,66372448-9304-4b21-9e6c-d07b35e2f1b0,
208ddfe3-8acc-438d-a09f-2d7b6f6106dc,34784795-5858-404c-be36-0d30e6fce6aa,9999c3a9-e48f-4c69-b1f9-e660e6f2111b,
076814ff-6d04-478b-b568-5f393b694d85,34784795-5858-404c-be36-0d30e6fce6aa,bff263b1-94be-475a-b3b5-85f6515db502,
35e03768-ffe0-4a4f-84dc-ac1940e9d9c5,34784795-5858-404c-be36-0d30e6fce6aa,d5947f66-5c13-44c2-9c78-6dbadbd69beb,
1ff46447-f6e1-4285-8504-cf708b0becfa,34784795-5858-404c-be36-0d30e6fce6aa,fbfa6617-40f6-47fd-99be-b044781ce007,
f8c1c5f0-3101-4384-b9a0-bf6752244ba2,3548c732-d247-4d46-9ff0-62e547588d95,0b5477fa-60ce-4299-80f0-018b0f179deb,
802408b6-1ebf-4254-817b-1703079822d4,3548c732-d247-4d46-9ff0-62e547588d95,141da894-870c-4f27-b0a7-2ad36cf43949,
f6b22d92-8708-4a2d-bd9e-05e6dad7fa73,3548c732-d247-4d46-9ff0-62e547588d95,38610ac1-d9b1-4172-8081-53bf9943f37f,
27ef6b01-9061-475a-ab88-157db00a3628,3548c732-d247-4d46-9ff0-62e547588d95,3b1cbca8-fb2c-4863-8be3-bd86dee1deff,
2305e102-f1cf-449f-bbc8-004cdc68a85e,3548c732-d247-4d46-9ff0-62e547588d95,d86945ec-a820-438d-a3a3-11f8cfc6401e,
67b48378-c5bb-4578-8181-ba00b2bcec74,3548c732-d247-4d46-9ff0-62e547588d95,ed6d2cb2-3235-4a65-9881-1ea7a17a0a34,
6c769d30-2e4e-4e79-b998-b3c9622a0fbc,358ad089-f5cf-4e08-b7d0-88886f246dfe,5b1c8a34-9553-403b-9510-fccb1c016c64,
8faf8949-fa08-4e54-ae00-1cad37e154a3,358ad089-f5cf-4e08-b7d0-88886f246dfe,bd84a5dd-44b3-4865-bf68-d71889b06b85,
651b545d-6763-4464-a070-e0273c73305f,375b3d4e-4b37-4c0b-a96d-2d56bb551224,03ce509a-72af-4bf7-9a9a-5258360ff66f,
ff6af5a7-6744-4a94-8a6d-92834282ff69,375b3d4e-4b37-4c0b-a96d-2d56bb551224,122241cd-6767-4aa3-bedf-6c40303dcf82,
369a50c3-b726-4b6e-aa8f-eab4e1dc61fc,375b3d4e-4b37-4c0b-a96d-2d56bb551224,12415810-a679-4e8c-b4ef-8d57343accf0,
5018054d-0860-4929-989a-6dd13ba0bf73,375b3d4e-4b37-4c0b-a96d-2d56bb551224,1375c5fb-ee88-43e0-957f-4e6c8b065225,
35a71ac3-d1b7-485f-ae88-a2598431035a,375b3d4e-4b37-4c0b-a96d-2d56bb551224,14824661-d7d0-4f64-8af2-0ba1008047ab,
23f4769d-d4b5-483b-8de3-8a1ea1546661,375b3d4e-4b37-4c0b-a96d-2d56bb551224,1a4cf073-38c0-49dc-8824-5049f9d0dcb1,
a78a764d-97de-48c4-a366-93d0429bc89b,375b3d4e-4b37-4c0b-a96d-2d56bb551224,296dbcf0-ada0-468b-a300-bcc93ca827ae,
37945b63-3265-4bab-b1e3-a15511bd7115,375b3d4e-4b37-4c0b-a96d-2d56bb551224,3bd13f70-944a-476e-95fa-7e94e55ee2b1,
4c3dd308-0eba-489d-b00a-77e9f1ecee7d,375b3d4e-4b37-4c0b-a96d-2d56bb551224,408ed0cd-9012-4e6d-bd4f-eeb884192108,
4ab6d818-e25a-4b19-98d8-334d67416904,375b3d4e-4b37-4c0b-a96d-2d56bb551224,42989167-da32-4fc7-b9e4-8bb5a211704a,
53e75542-7972-4291-8d04-e68bfe85e767,375b3d4e-4b37-4c0b-a96d-2d56bb551224,44bf10c1-122b-4460-a1ca-e5abba92b943,
97e929a2-66d2-4d45-b4dc-e9c3df8f9735,375b3d4e-4b37-4c0b-a96d-2d56bb551224,4a6203c4-a373-43d2-b44a-81aa1106bf50,
68e6a56b-5782-45d4-afbc-c42340a82f2c,375b3d4e-4b37-4c0b-a96d-2d56bb551224,4c7cb4ef-8c90-4453-abcd-368d9ddaa3f7,
04802162-82f3-4051-931f-057117150746,375b3d4e-4b37-4c0b-a96d-2d56bb551224,7844f49b-4a84-4994-a25f-215b2a447fb7,
4c826ab6-e59a-4816-b26e-b096c2ed420a,375b3d4e-4b37-4c0b-a96d-2d56bb551224,817bf4f7-1cf9-4cd7-bbb9-ccfcbc5cb9d1,
3f2fcd56-d0fa-4dd3-af7b-024dcbad89ad,375b3d4e-4b37-4c0b-a96d-2d56bb551224,8dd993f5-fcbb-4350-8f7a-77af0b813488,
da7964b9-b0d9-44bb-8ba9-85b903d96d2a,375b3d4e-4b37-4c0b-a96d-2d56bb551224,a909572e-2dbe-4951-828b-493aed884b03,
b1ca638b-d07d-4822-aa27-f416a8ef372e,375b3d4e-4b37-4c0b-a96d-2d56bb551224,ad728276-b923-4624-b29a-aa3ac128f14f,
d3c84e6a-b51f-436f-ba42-93a9a9f8006d,375b3d4e-4b37-4c0b-a96d-2d56bb551224,b5d8d8aa-0013-4b65-9e3c-096c34e4b91f,
53a59a1b-e0c7-4272-8fe9-ed2c4ed2bea3,375b3d4e-4b37-4c0b-a96d-2d56bb551224,cda0c979-f0b2-4209-b030-a1a3fc3701c5,
3f46f04d-f913-48b9-b4df-6068f5041407,375b3d4e-4b37-4c0b-a96d-2d56bb551224,d0827cb7-06d9-46d4-88f8-fd3c1d40b12d,
4143ec74-42e7-4e0f-9fa6-c4fbe7c7169e,375b3d4e-4b37-4c0b-a96d-2d56bb551224,d0e55563-8975-444e-be2c-36ce7cdbbebf,
f24eadbc-4634-4965-a227-23a318e7d2e9,375b3d4e-4b37-4c0b-a96d-2d56bb551224,d669aa5d-6d38-4e5e-a038-f69c7bd8218e,
5a36d44e-8afa-4fb9-b59d-641af933e2b3,375b3d4e-4b37-4c0b-a96d-2d56bb551224,d6d7fa86-549c-4995-8a13-8c445fda8045,
32386b7b-8e4c-48f2-b285-e220d9973221,375b3d4e-4b37-4c0b-a96d-2d56bb551224,d915ad83-74d8-45f1-bc56-d52deec8b38d,
d2702961-1f9d-42b9-b088-5c3a19edc885,375b3d4e-4b37-4c0b-a96d-2d56bb551224,daed66fe-818c-4f39-a801-0daca6860355,
543df637-4385-4e93-b3bb-7810af323cab,375b3d4e-4b37-4c0b-a96d-2d56bb551224,dcf56a44-5974-44c7-954b-8bb47f8c1217,
8935d2ab-fe05-49a5-b222-23f08f67df5d,375b3d4e-4b37-4c0b-a96d-2d56bb551224,e81c36e2-97d5-4494-8625-d6f79892fcdf,
97651aac-e10f-49ad-bfd5-9c561c5cd510,375b3d4e-4b37-4c0b-a96d-2d56bb551224,f67ff41c-9ad8-4922-acd1-d6bae60659a8,
12aac5f3-8cbe-4e0c-90e2-f46ab0ea1a19,375b3d4e-4b37-4c0b-a96d-2d56bb551224,fe54d104-32d0-4ae8-9357-0f9def19e00f,
73de00f1-1a35-4a9e-a9a0-74758d659d6a,377ef648-9920-4eda-9c9b-e53191b83b26,0633c006-00c9-4845-bfcd-031fc25d4f01,
637d8611-2632-42bd-a9e5-1a93a8df3de6,377ef648-9920-4eda-9c9b-e53191b83b26,078d4b6b-8fc9-43ac-8aa7-4b6fd75b1484,
dc6c43ca-d1a6-4f61-ba3c-ab2de8e81821,377ef648-9920-4eda-9c9b-e53191b83b26,0bf6f034-7d36-4fe7-8b42-f61d7dbcea88,
130cc347-8104-49cd-83c1-973aa55f85df,377ef648-9920-4eda-9c9b-e53191b83b26,0c278201-e71c-40dd-a92d-d7fbf6eef843,
5305c72d-77da-455d-a92e-3b7f50967930,377ef648-9920-4eda-9c9b-e53191b83b26,0e70912d-02a2-4efd-b38f-22fb79196529,
291f35ed-447f-4a9f-a113-1fed33f0aa52,377ef648-9920-4eda-9c9b-e53191b83b26,1006e980-121b-4184-92e3-0afb414ecdcb,
cb4d81a8-bfa4-4551-afcf-ed4f5a634cac,377ef648-9920-4eda-9c9b-e53191b83b26,112c6c74-d7bc-4f45-bc4e-26ab6e555d83,
4281f11e-9070-4b03-9c82-70f1e7825597,377ef648-9920-4eda-9c9b-e53191b83b26,1161bb91-7db9-4f77-b9d0-d05c20213a48,
f15062a6-51ba-4b60-80e5-458fd39ad931,377ef648-9920-4eda-9c9b-e53191b83b26,1f5a4041-d7b8-42af-b60c-80bcb68a84c9,
b774e392-dd82-4fc2-bb08-a4a5c0854c8d,377ef648-9920-4eda-9c9b-e53191b83b26,23251348-b705-4a03-95fd-7208654575ce,
706a3f2a-0b31-448f-9ad1-0faefcab1e21,377ef648-9920-4eda-9c9b-e53191b83b26,27c71a24-7bef-4185-99c6-71d49f04e70b,
79dbe12c-1903-496b-bfc7-a87d50639467,377ef648-9920-4eda-9c9b-e53191b83b26,294b2cb4-cba8-431b-a9c0-18c2fb8b7ee7,
8b6aabff-0a3e-4b8d-ab04-321478b22f49,377ef648-9920-4eda-9c9b-e53191b83b26,297c53ab-d168-4503-bb45-266364336e22,
e8ab7bd8-c2ae-4640-b65a-2ee106734675,377ef648-9920-4eda-9c9b-e53191b83b26,2b795e3d-51b4-434c-a8b6-ea9a9c322e4c,
514b478d-9ba0-49d7-a6f3-257e1b14b69b,377ef648-9920-4eda-9c9b-e53191b83b26,2c5535ca-aa6f-414d-b834-614119f66bcf,
0a6b4e6d-f496-4525-9128-9e5c0bb29dcb,377ef648-9920-4eda-9c9b-e53191b83b26,39424ce3-df0c-41ea-a70f-cb243b6ba340,
824262ae-fef3-4ba7-bb42-2f1c2b804146,377ef648-9920-4eda-9c9b-e53191b83b26,49045dbd-b5a2-4eff-a416-e335599410f6,
4d759557-da5e-4b09-986e-5a7056ffa6b4,377ef648-9920-4eda-9c9b-e53191b83b26,5484291f-b2aa-48c3-a85d-9d43bcc3124b,
c0fae9f6-f0dd-4450-b8af-a6dc2908eb09,377ef648-9920-4eda-9c9b-e53191b83b26,5b759d70-1843-40d2-8f93-448c3683f77f,
7e6d225b-283b-489a-a5a6-7ec5636e4434,377ef648-9920-4eda-9c9b-e53191b83b26,627c1e10-c0c6-439d-85d0-53da4b232ba2,
55a202ab-8da6-4495-b195-9b67960bc074,377ef648-9920-4eda-9c9b-e53191b83b26,6660f599-9690-4794-a62e-11719275709b,
3b79c6fc-1de5-416a-bac4-9660d1f1c259,377ef648-9920-4eda-9c9b-e53191b83b26,6789d2bd-2780-4c09-b01b-3aa8cb4b46bb,
a2e09e95-f5ed-4f15-9ca9-4199e6cbfa6a,377ef648-9920-4eda-9c9b-e53191b83b26,6a3856ad-d267-42bb-85c7-83ca0262d1a2,
e97d8f5c-3350-4f10-a939-26dfac499797,377ef648-9920-4eda-9c9b-e53191b83b26,6ee7e64c-3e9d-410f-aa9b-6c8b51dfa66d,
164647b4-f0a0-40c8-b792-260f2514621b,377ef648-9920-4eda-9c9b-e53191b83b26,75e85d6c-31eb-4c1a-8d7a-1e4a46218f0c,
bb07cd7a-c8af-4e71-89b6-738d92a82a2b,377ef648-9920-4eda-9c9b-e53191b83b26,7ebfce4f-aa88-43a1-bedc-be172c5526b5,
7cf815e3-19be-4d8d-9029-d1f7ad825669,377ef648-9920-4eda-9c9b-e53191b83b26,88cf9134-dc1c-498d-a69e-4a4a2f3544b9,
051c1030-ff5b-4d5e-9e45-7c7bc7759a69,377ef648-9920-4eda-9c9b-e53191b83b26,8f47a450-bbef-4cee-857b-4b8fa591259e,
b8460c26-3b19-48fd-8273-a244b09e28e5,377ef648-9920-4eda-9c9b-e53191b83b26,a6942d88-8872-412a-b0f4-8a2c91b9bf9f,
0a7210e7-0eda-410e-827d-6958ec30a96b,377ef648-9920-4eda-9c9b-e53191b83b26,aa91df40-f1ad-4874-ade6-14e88f9969f3,
8b12fbcd-ec36-48db-b295-e586cc0cb6ce,377ef648-9920-4eda-9c9b-e53191b83b26,b6ce6a5f-dc61-46f1-8be2-70a967456c72,
574e1082-5c06-434b-ab0a-ac330b41938f,377ef648-9920-4eda-9c9b-e53191b83b26,ba86b5a9-b722-485d-b106-2ff3de21b7b6,
01687664-e53f-422e-99f7-b4f49aaf837b,377ef648-9920-4eda-9c9b-e53191b83b26,bef37065-2c0e-487c-b0c4-18d09288cbdd,
33ba97b8-2572-4d20-9944-5bab7144ace0,377ef648-9920-4eda-9c9b-e53191b83b26,c20b581b-65e0-47b0-ac11-89e73fa7fed5,
714436e7-50d3-4fa3-ac88-229d3622c82e,377ef648-9920-4eda-9c9b-e53191b83b26,c9feedc3-6c02-45fd-a9e2-549cae1910fd,
16d135f6-1978-4f71-aeaa-0c8041494601,377ef648-9920-4eda-9c9b-e53191b83b26,d31b1655-e26b-4241-9f0d-a17ea55da659,
02856970-e6f6-4603-9d26-d6c299fd7363,377ef648-9920-4eda-9c9b-e53191b83b26,dbfb0bfa-7202-4630-9b95-487a60fb3dd4,
0bb2c949-06cb-4fa1-bcc6-b334c5e292f5,377ef648-9920-4eda-9c9b-e53191b83b26,e8201a50-02e6-400c-87fb-0cd053ace481,
cc873eb4-ab60-454b-9afd-8f0debd11f93,377ef648-9920-4eda-9c9b-e53191b83b26,ea87565b-a55f-4808-96ae-0b7ce5d000b5,
d1b28040-70be-419b-b89b-4632ebf52f0d,377ef648-9920-4eda-9c9b-e53191b83b26,ec9f6d28-0882-4a45-943e-45417b06526f,
19b73142-7ba0-41af-b753-bd0a07d7e1cb,377ef648-9920-4eda-9c9b-e53191b83b26,f30a8a3a-9246-4c22-bb2a-6b24b9292072,
be0e5955-ff74-44f0-8a59-f6fb2333ff84,377ef648-9920-4eda-9c9b-e53191b83b26,faddbe96-44ee-433d-8d2c-4451dadaf291,
c1128a38-0dd0-469c-b65a-96c23380656b,3829a79b-9903-49d9-a6bf-f1b8554e9eb2,0ccd66e9-daf4-426a-91e9-2e042ae0e916,
84475efb-e9f0-41ad-a412-1c873b2b16ea,3829a79b-9903-49d9-a6bf-f1b8554e9eb2,155aa8b4-b077-4ce9-817c-c65441c842e3,
93e37a0d-0650-461f-9bb8-a08135ff6adf,3829a79b-9903-49d9-a6bf-f1b8554e9eb2,1af6ad38-e95b-4ec1-a413-8ac37b971466,
a8b3d07a-ab98-42a7-b1af-a0bf4675942c,3829a79b-9903-49d9-a6bf-f1b8554e9eb2,260633a5-4695-4f7b-b73a-6c48ebc5f0a8,
152d5579-5f7b-49d0-bb94-603efd6dfa16,3829a79b-9903-49d9-a6bf-f1b8554e9eb2,26283739-4277-4f31-b7f1-dc45db2ef61b,
d86c76f0-77f2-4b60-b333-e2a0b8a168ce,3829a79b-9903-49d9-a6bf-f1b8554e9eb2,27c47f2f-43a3-4af8-ad9c-d00de8f3c616,
e007fa33-5e2c-4cf3-9a7d-5057e740d5c6,3829a79b-9903-49d9-a6bf-f1b8554e9eb2,2d399d4c-de36-49f5-946b-342431530992,
54d1d263-9192-4f97-9f61-470308955a35,3829a79b-9903-49d9-a6bf-f1b8554e9eb2,2fba2339-0757-438d-8f0e-7c05d80550bc,
f44a1f53-b5d7-42bb-8596-3649d513db90,3829a79b-9903-49d9-a6bf-f1b8554e9eb2,4293ef6f-26c5-4538-a2b8-7d075981ead5,
c092a690-899e-42c3-9bc7-23c41c5f3a02,3829a79b-9903-49d9-a6bf-f1b8554e9eb2,4862f080-ec95-4560-a46b-dfa7aa69560e,
eae256d4-7c5c-4551-af89-7acdb4e09f15,3829a79b-9903-49d9-a6bf-f1b8554e9eb2,5494bca2-d930-4fc0-85c6-5e73201db24d,
a296c69a-a200-420a-88e8-e278725fcaae,3829a79b-9903-49d9-a6bf-f1b8554e9eb2,5ff5ee37-efc2-44f5-900d-6b9d5390838a,
1a0ff702-4ed3-4f9e-b889-ff4d76360ec2,3829a79b-9903-49d9-a6bf-f1b8554e9eb2,636ce6cd-1771-46c1-88c3-4e4e1014f7fb,
ed915875-6b7d-431f-976b-08f1d4e47eb8,3829a79b-9903-49d9-a6bf-f1b8554e9eb2,6be89dd5-c438-4605-875e-27a599d11a4f,
0a001dc7-73d5-42db-876c-9fb1a1ed95b2,3829a79b-9903-49d9-a6bf-f1b8554e9eb2,6d91bc47-e5e3-4ab2-b1b4-db8452763db5,
47e1285c-ec9d-401a-a10a-d23ceffec3dd,3829a79b-9903-49d9-a6bf-f1b8554e9eb2,766ff239-e1f4-4940-bc1b-e634931f9e15,
61d0167e-2dfe-417f-b480-7b2360c61e19,3829a79b-9903-49d9-a6bf-f1b8554e9eb2,7e2df208-1060-4e0e-947a-2695d5b5b3a8,
ecf2bef4-9a5f-4568-b842-634509429590,3829a79b-9903-49d9-a6bf-f1b8554e9eb2,85063526-ebdb-4d83-a94f-f66f23d08373,
f910dbb9-c7be-43a5-be83-5d39d5f4c23c,3829a79b-9903-49d9-a6bf-f1b8554e9eb2,8a35d01c-4ca6-4993-ac47-4f00d80c6e90,
12a8f99f-080a-4bf1-a373-8d1aedf6f1ae,3829a79b-9903-49d9-a6bf-f1b8554e9eb2,97a228ed-e5bc-4f2d-be4e-c7a2feaa83df,
75db2624-0264-43ff-9a94-fc1738517312,3829a79b-9903-49d9-a6bf-f1b8554e9eb2,97ba377a-7734-497f-a68a-65b7a00f2489,
f00fa442-1750-4859-96ae-c5075213f8a6,3829a79b-9903-49d9-a6bf-f1b8554e9eb2,9c4fe37a-de97-42b4-b28b-7306f55589d1,
bcdaf255-e68a-4c5f-8138-1513db3d9298,3829a79b-9903-49d9-a6bf-f1b8554e9eb2,a08eb952-53f1-4be4-bdb6-77703747f8b8,
92a83b03-9eb6-46fb-b0e0-2032ce482bfb,3829a79b-9903-49d9-a6bf-f1b8554e9eb2,a5d84695-36f0-4e62-95a2-133fe19ed5c7,
a1aad708-1a25-4a43-955a-a339df8ba97b,3829a79b-9903-49d9-a6bf-f1b8554e9eb2,abb3b4ef-0f95-4a2c-920e-e95c9b3959ff,
baf7cff4-7eea-4733-ac7a-8c249bc953c2,3829a79b-9903-49d9-a6bf-f1b8554e9eb2,acdf3730-87cf-4a0e-8f54-99aa1505873b,
a67b952b-b66d-4565-875c-8f041c8d486d,3829a79b-9903-49d9-a6bf-f1b8554e9eb2,c6fd091c-2d9b-4d0c-a266-5c66886d569c,
06bd306a-5a8b-4523-8089-5f7218d61728,3829a79b-9903-49d9-a6bf-f1b8554e9eb2,cc115807-5fc9-4c8e-b0d2-29decd879a25,
c143b03c-b7f2-45bd-be47-8e53f96f3f94,3829a79b-9903-49d9-a6bf-f1b8554e9eb2,cc1d9d1b-f77e-45b9-8f5a-1e15c73e0c10,
eff1562e-ea1e-475f-a9e0-8d691a810739,3829a79b-9903-49d9-a6bf-f1b8554e9eb2,cc31cac5-9aec-42d6-8beb-416ee3934772,
aa87fa27-f11d-4005-b629-1ac702f2ba52,3829a79b-9903-49d9-a6bf-f1b8554e9eb2,d092d8d9-f7b0-4523-a9ec-7a731a9170f6,
0f6fa32c-afa1-4ef3-9ec8-8112fa3d4213,3829a79b-9903-49d9-a6bf-f1b8554e9eb2,d34a41df-d2a5-482c-9602-3f5d41a936fe,
93cafa48-194c-48f3-a2b8-44141672d910,3829a79b-9903-49d9-a6bf-f1b8554e9eb2,d7f66f2f-05f2-408c-b67e-9176a65f979b,
ad14a796-aa4b-4e80-aebf-ea8ef3dfaf0e,3829a79b-9903-49d9-a6bf-f1b8554e9eb2,db8e0c92-92b3-4c51-b413-b8c7a888609d,
efce9fab-62e0-4923-b447-fe9a5c536789,3829a79b-9903-49d9-a6bf-f1b8554e9eb2,df4eb39e-840a-4850-b023-a3e17f0003b4,
c76ff2c9-6e2f-42f6-a263-a2f7f6bd16a8,3829a79b-9903-49d9-a6bf-f1b8554e9eb2,e10472a1-9a6c-4ece-940f-6024d2a5238d,
f8a45ca6-6ba2-469e-9a8e-8cb28f7bd42f,3829a79b-9903-49d9-a6bf-f1b8554e9eb2,e7777799-eda5-447a-8fc8-a93e061f5dcb,
08ce29f5-dbe6-44ef-b851-3d6c0bd26507,3829a79b-9903-49d9-a6bf-f1b8554e9eb2,ead2a36a-4ba3-4cd2-b201-05a20fd88ec6,
e70737f1-54ec-438a-a6a7-93fa36e1e293,3829a79b-9903-49d9-a6bf-f1b8554e9eb2,eb90198a-4f8a-4fb5-9371-785d9b675255,
e7bb2c85-c344-45bd-9f14-274db00f7fcb,3829a79b-9903-49d9-a6bf-f1b8554e9eb2,ed1a8b00-faf9-4484-9146-c1b8112d4f93,
00dafd20-d4c0-4024-a244-2c6d304db2d6,3829a79b-9903-49d9-a6bf-f1b8554e9eb2,f1dd4f39-e799-47aa-8453-f0b31398c9fc,
2b537610-c873-4437-a648-ed13f89254b3,3829a79b-9903-49d9-a6bf-f1b8554e9eb2,f6978592-be7a-41c3-a11a-667b98131c5e,
43c8a79d-1060-4ee6-8574-ee3cdec9dbd9,3829a79b-9903-49d9-a6bf-f1b8554e9eb2,f700dedb-69a5-4325-935d-3a96b5e7c068,
56bcf351-d0ed-4f57-a8bf-5866fae6fb26,38408db0-de5b-4c5c-a9f0-df8cbd6cef57,20e0e605-85e3-433b-b3d5-9bd3f180c511,
7a946f57-3fc8-4a5d-8d97-86a4b278fec4,38408db0-de5b-4c5c-a9f0-df8cbd6cef57,25e4ca32-695b-42ba-abfb-bc8e8ef76343,
d4bafadd-9182-4043-9e7d-4d8596fe79bc,38408db0-de5b-4c5c-a9f0-df8cbd6cef57,2eb9a6b1-4235-446b-9534-67f156ec4ace,
3943264a-9488-48ef-b5e2-329823b93c7e,38408db0-de5b-4c5c-a9f0-df8cbd6cef57,34d73f9e-08c7-4d4c-8cb9-781cc03800b4,
2d658596-9a0a-4371-bd82-bf24a4052faf,38408db0-de5b-4c5c-a9f0-df8cbd6cef57,4df75309-cf35-4142-a6bb-4400d889d78b,
86bf0e70-ca80-40ca-97e4-03acf666ca8a,38408db0-de5b-4c5c-a9f0-df8cbd6cef57,b8ebb55f-4793-4459-b0ad-7aa9163791dd,
22f72aab-af68-4191-bf59-082d4b63ab8a,38408db0-de5b-4c5c-a9f0-df8cbd6cef57,c94f8876-6eb2-4a55-b186-582e19adc968,
e4593aa6-a9c4-4c35-9358-19fbe341affb,38a9db54-43ae-4124-81d6-c1fa890e4b67,06486e71-cc7f-4cfb-89f2-aa95ecf1a359,
2e1fbb04-a46c-48d1-84ef-4b15e4d9bb23,38a9db54-43ae-4124-81d6-c1fa890e4b67,3016387f-17c6-40df-b4b2-8280a82f47c7,
e7d7004a-92aa-4928-9576-99ca3dfa052f,38a9db54-43ae-4124-81d6-c1fa890e4b67,5a3c8b36-7513-4e35-9ba3-5b591dd847ab,
d3d55ca7-cf59-4dcd-88a1-8faab945854a,38a9db54-43ae-4124-81d6-c1fa890e4b67,8f0fa927-e82f-42db-b9f4-7ae90943bdee,
3c897dad-f5fa-4fe6-b9eb-0c0e1abc3dcd,38a9db54-43ae-4124-81d6-c1fa890e4b67,9a4aa089-63c7-4324-ac26-0e565160dbf7,
89022a07-6c65-4bff-bae8-dcb4f30cdb32,38a9db54-43ae-4124-81d6-c1fa890e4b67,c392db7e-349e-49f4-99cc-1f61f6d59ca5,
423e03be-2ca2-432d-b0d3-d7d269d11c1b,39a6f382-07e5-4307-8c57-453105f8a810,945a7e29-0bb7-4fe3-b9d1-9118ff983d97,
3592eea0-9c73-4e1a-a090-9f5f002ae80d,39a6f382-07e5-4307-8c57-453105f8a810,afec864b-6502-4202-bfeb-27c6f012e17e,
2dcfbec7-6cde-4af9-b2fc-ace892dc07fe,39a6f382-07e5-4307-8c57-453105f8a810,b9468292-917b-4718-b43b-d98583f2907b,
2329c918-84b8-4248-9f4b-6c380196c168,39a6f382-07e5-4307-8c57-453105f8a810,c75596af-5e75-447a-a1ff-44a9d5df51b3,
52769119-f498-4bb0-ae8f-fcebf74cf860,39a6f382-07e5-4307-8c57-453105f8a810,e7c0d49f-e7f2-415c-9674-b2df80eb4ab5,
0899949f-d330-4586-9743-4a157298ca55,39a6f382-07e5-4307-8c57-453105f8a810,eaf841a1-c304-496a-a12f-c27a0369dc6f,
61c73e39-4cf5-472a-ac77-3c9e060c2bc5,3c17de32-1acf-4e66-b32d-02aa1de0ed6e,0b2dd6e9-853a-45ae-9f9c-8c0a1c580663,
27147f15-b5c3-4d5c-9f6b-7a215274a1f2,3c17de32-1acf-4e66-b32d-02aa1de0ed6e,304fd61c-b59a-4306-a2ae-874f9d77dcb4,
9134aab3-f08d-4424-a017-30bef1af7484,3c17de32-1acf-4e66-b32d-02aa1de0ed6e,d71e3131-b79b-4ee6-9ebb-e2c181437c7b,
a5a8e25c-8885-44ff-988d-80269db7ccb5,3ccbc382-5134-4acd-b300-1d324a61ea25,c2aa7ab9-457a-4991-8327-0f25c20aec3e,
fa134c22-53e3-46d8-8316-083fa8bcddc2,3d10ff0c-1930-4630-84fa-ea7b0a38f656,024bec24-95a4-49b9-b917-65e0d64cebaf,
2f6e4054-54b7-4ac1-bf67-d6fcb879fd7b,3d10ff0c-1930-4630-84fa-ea7b0a38f656,02b2352a-17b4-4379-84be-cc2251275d4d,
f64f7097-327f-4935-9edb-1b48d8c863ce,3d10ff0c-1930-4630-84fa-ea7b0a38f656,02d14469-2b4a-4dff-8500-88c063cc1f2d,
deff49fc-a210-46c0-ab63-14be8c427326,3d10ff0c-1930-4630-84fa-ea7b0a38f656,0ad7969a-f971-4d26-957a-b39079915ba2,
b58d9f30-2c9d-4ebc-8c8c-4dcae5d25b39,3d10ff0c-1930-4630-84fa-ea7b0a38f656,109ba8f5-83df-4f14-ba44-809d2ccdd6c3,
51b97043-e788-49df-b372-43f88929ded7,3d10ff0c-1930-4630-84fa-ea7b0a38f656,1b8d3cff-328a-49f0-b2ed-5cdf7bfbcfb3,
75de3b94-6313-4e5b-aaea-fcb4049c5d75,3d10ff0c-1930-4630-84fa-ea7b0a38f656,1f44f696-6f7c-404c-88ec-72a981afbeab,
a219f0e4-a980-40a9-bd66-090af0080981,3d10ff0c-1930-4630-84fa-ea7b0a38f656,4d92940f-83bc-49c7-8671-459b179b1149,
fc8bdaac-1d66-479c-bea7-369702cddd16,3d10ff0c-1930-4630-84fa-ea7b0a38f656,4ddd1611-89ad-4129-8000-d2f7cd7cc5da,
43a6e04b-46df-4be7-949d-c8b00f650b50,3d10ff0c-1930-4630-84fa-ea7b0a38f656,52d60900-70f4-4ccb-bb88-5ba71f073d65,
b6a9e46a-cae0-4802-be01-e608823ed810,3d10ff0c-1930-4630-84fa-ea7b0a38f656,5ae3997c-8217-4af1-8905-0bd27d734cf1,
a51d68ff-3727-410a-98a3-3c116fb38656,3d10ff0c-1930-4630-84fa-ea7b0a38f656,67199149-0701-4eec-beec-6e19890d120c,
c765bfa2-1329-42a2-9004-e40810f6e3f0,3d10ff0c-1930-4630-84fa-ea7b0a38f656,6a233dcc-ec89-4f04-84bb-36c95e99fd47,
76bc218d-7d71-4eda-ab64-237b007a54a1,3d10ff0c-1930-4630-84fa-ea7b0a38f656,6c22b100-e594-488c-99b6-8617efab91e3,
3f542f5a-814c-4d77-a7c7-692e24fad410,3d10ff0c-1930-4630-84fa-ea7b0a38f656,6fe3ff59-0492-4e06-a662-06dea7a668c6,
ecd4a4cc-9af9-4ceb-8fac-8064bde6d0ba,3d10ff0c-1930-4630-84fa-ea7b0a38f656,89b6b3c8-93b8-48e5-a859-9fadcdd83a07,
2bbf72a5-ef49-4dd8-9a42-af0a7378c23f,3d10ff0c-1930-4630-84fa-ea7b0a38f656,8fb5419f-7c98-4a6e-a0b7-80f1590fc3a1,
dc0c3bf0-4a22-442b-b1d8-8d7143457005,3d10ff0c-1930-4630-84fa-ea7b0a38f656,926474e5-d435-4489-9705-b033d7243e62,
4512261c-e711-46e0-b030-6fec9203b1c0,3d10ff0c-1930-4630-84fa-ea7b0a38f656,9287a9aa-cb4c-4b66-8947-47c08f4055df,
636764a4-e2be-4ee7-83e0-9e9994eda736,3d10ff0c-1930-4630-84fa-ea7b0a38f656,a7f15eaa-e3ec-4d81-adb1-1ac1d13b5922,
a6766069-e5be-4013-b759-88f186759e15,3d10ff0c-1930-4630-84fa-ea7b0a38f656,aeb664d5-807c-4311-9af0-8dfae7cddbcc,
dbe1968d-eebf-4808-94fb-c2b15196ad8b,3d10ff0c-1930-4630-84fa-ea7b0a38f656,b6a5bd3c-f4ea-4264-951a-a8e2971fbe6d,
526f8839-0836-4ee4-b70a-82013e9f317d,3d10ff0c-1930-4630-84fa-ea7b0a38f656,b6ef8c4b-5ac4-498f-a2da-00ca200ec965,
5489db95-208f-453b-bc89-9f91e65c02b6,3d10ff0c-1930-4630-84fa-ea7b0a38f656,c1094a94-a09f-4285-a00f-6988dcef2649,
3d82b85d-eb61-4714-a89b-57304efb28c3,3d10ff0c-1930-4630-84fa-ea7b0a38f656,c5b65b85-157b-4990-9b23-fa64716c450a,
71b5bb8d-f62c-40f5-9a18-8f7051ed6346,3d10ff0c-1930-4630-84fa-ea7b0a38f656,eeb8c834-c0c5-47ac-a158-05ec1686d9ab,
69ce49b9-6562-4a16-859f-f847ae74ae0e,3d10ff0c-1930-4630-84fa-ea7b0a38f656,f1433b10-df0c-4397-bdf8-81791d8cd8d0,
47fae4dc-152c-4398-ad28-dd018a1be16b,3d10ff0c-1930-4630-84fa-ea7b0a38f656,f5b02c67-5897-4b38-8dcf-101d0502be83,
83986547-f86e-4432-9c63-a2ef9ecd11b7,3e5b3660-b17a-483a-9af8-12d672c3341b,cb4b4cea-31d1-42fb-abd5-4ea356de5f2e,
1833d957-5b7f-46e6-8583-cee268f719af,3e93997e-0015-4306-b636-bf25277de4db,7d204158-2f79-4cd5-bb42-580ef8d2ae23,
4d8516a7-c16a-4702-b9a5-c58a7d5f8b20,3e93997e-0015-4306-b636-bf25277de4db,988973b4-922d-4636-8834-b9582885b024,
55108a4d-2259-431a-8fb6-11fdf3663d18,3f55ffdd-91df-48a7-ad0f-f059f105c0c3,06d09818-3676-4660-ab0a-66ed7be804e8,
8eb9e813-45c9-490c-a2ab-f726d429088d,3f55ffdd-91df-48a7-ad0f-f059f105c0c3,21c3aa29-7b75-4bec-9e3a-12a7de84ff11,
3e5fab07-118e-4202-abd3-3d6d235ab40a,3f55ffdd-91df-48a7-ad0f-f059f105c0c3,29a1d458-e80c-4040-a9e0-c1d65a80b569,
784040ef-2ca0-4d01-9270-7afe84b08014,3f55ffdd-91df-48a7-ad0f-f059f105c0c3,3edfe821-7404-48bc-bb31-85fa9b9bf05c,
2fc1afcd-07cb-4845-945a-8dfc61fc66af,3f55ffdd-91df-48a7-ad0f-f059f105c0c3,49df425c-5e1e-44b6-9c44-7cd434b89b3e,
93abb7fb-1ddf-41ee-b307-d2a0e6378bed,3f55ffdd-91df-48a7-ad0f-f059f105c0c3,5a76af85-c697-43a7-b32b-2d76f3fb5225,
75d7a1ac-c85b-4100-bdf6-fdbcdd5b4360,3f55ffdd-91df-48a7-ad0f-f059f105c0c3,6067584d-7ac0-4180-8123-0cfdf2e475a2,
7b5ec549-da24-46f9-88a5-08779160fa3d,3f55ffdd-91df-48a7-ad0f-f059f105c0c3,9941da01-03e5-4960-96f9-d6c22f11c55e,
acf8afc1-7aef-497e-b436-8d8d4a383b08,3f55ffdd-91df-48a7-ad0f-f059f105c0c3,e73cd9f1-6bd0-4c95-94fd-00a58d050023,
ca958ee4-6eac-4336-b933-7cbbbbd6da97,3f589bae-fc09-4b69-8d69-5f772a9dba04,05ee35cc-ec61-4260-83c5-914a0af808db,
7ef06d18-90f2-4062-8496-6b2a907d90eb,3f589bae-fc09-4b69-8d69-5f772a9dba04,30711af9-189f-41cd-a532-44181fae4472,
7182c7f9-3cb7-46aa-9bf0-cacf733fb7e6,3f589bae-fc09-4b69-8d69-5f772a9dba04,49b812b4-652e-435f-b244-7759972c7fe3,
13d8f381-02b1-4050-8807-d49ea7ee9272,3f589bae-fc09-4b69-8d69-5f772a9dba04,5359a94e-c5ab-4aa1-8a47-c3a5d38d6a8d,
ea9aa440-47da-4e72-a40a-5d222a3bf3e3,3f589bae-fc09-4b69-8d69-5f772a9dba04,5386b6bc-4a0d-459b-8a2c-09542fffab94,
a07f47a6-0a7c-40bf-ad74-c4d72bd2f5c1,3f589bae-fc09-4b69-8d69-5f772a9dba04,62366a0c-2c3d-4c99-af75-9ea1198446af,
12851a4c-ac0a-4cda-83ed-2bbb0fef279d,3f589bae-fc09-4b69-8d69-5f772a9dba04,62c2d396-2356-4569-8a68-d1886fc6f634,
a378d0c5-0c11-4f7a-9eaa-7995e532d135,3f589bae-fc09-4b69-8d69-5f772a9dba04,76e9d724-e37b-4a4c-b1d9-a7547c7f2a06,
50d13cad-3f69-4196-800d-a025b0dbd9d9,3f589bae-fc09-4b69-8d69-5f772a9dba04,88e85ac5-a0fc-4a1b-8380-2e38ec39ac6a,
20d7ffc6-0f6d-430d-bb91-57fab7c755c5,3f589bae-fc09-4b69-8d69-5f772a9dba04,9eeda26f-f109-488b-a525-367cbac25848,
729bf0d9-9df2-4575-8bfd-ef7534c93224,3f589bae-fc09-4b69-8d69-5f772a9dba04,b20727f5-45d1-43f3-85e6-d0c649424899,
8da817c5-cb71-4afa-a715-c6632ecafffd,3f589bae-fc09-4b69-8d69-5f772a9dba04,b6a83382-4b9b-4214-8c43-ef32c409353b,
14e56f47-ad83-4ff8-a2c5-b211b8e5909d,3f589bae-fc09-4b69-8d69-5f772a9dba04,c02bf916-ea90-4f0a-bbbc-9de9aa026932,
ceb0c0db-90df-46c0-b43e-c2e179b537fc,3f589bae-fc09-4b69-8d69-5f772a9dba04,c7e384e5-6189-4b35-9085-7640cdb83089,
9d75a99d-419a-4f0d-8d4b-c5dce831863f,3f589bae-fc09-4b69-8d69-5f772a9dba04,f07a44a9-18a2-491a-98a3-ac63b797cfe9,
0e4e8973-5818-4c4f-8585-17f211f55540,3f5ee018-5e43-430c-bbcd-8257b1d0991d,0842d44f-d007-4921-8fbc-029741798333,
a62147db-7ba9-490e-9be4-b708b064098d,3f5ee018-5e43-430c-bbcd-8257b1d0991d,0c39e373-220f-4028-8af6-19f6ef0021d1,
ef2d3739-bc4d-41a5-bc94-d0b26a79b117,3f5ee018-5e43-430c-bbcd-8257b1d0991d,2997c8c4-c3a6-4777-9633-1ffcb74c1e7f,
a66a3275-3892-4e29-bca7-cb609b7feec3,3f5ee018-5e43-430c-bbcd-8257b1d0991d,2d325eda-6004-488f-a0e9-ef5f42aa7cee,
c4234cbd-799b-4cae-a95e-a622a015f675,3f5ee018-5e43-430c-bbcd-8257b1d0991d,3038d2cb-b69d-4fb4-8b5e-01ae9a78fa3e,
57272871-1a7c-421f-a19b-3dcfa0cd9678,3f5ee018-5e43-430c-bbcd-8257b1d0991d,31efed4a-1d21-474f-97f1-7a723f2cbab4,
ad356090-c07f-4be8-a578-273677b46a25,3f5ee018-5e43-430c-bbcd-8257b1d0991d,3cd3ce60-29ae-4c5c-84ae-9d6133f34760,
f1877ecb-5c5f-4bfd-8af0-711ab5b2318c,3f5ee018-5e43-430c-bbcd-8257b1d0991d,40ca7d8a-7c71-4bab-9935-3fda6dc271b0,
97e4da3d-5482-4da1-9d68-08dc60df93c4,3f5ee018-5e43-430c-bbcd-8257b1d0991d,433b2b41-b61d-4a37-be65-9ebf49654fe4,
6c441faf-4d67-4c4d-80a7-5566140f6bf8,3f5ee018-5e43-430c-bbcd-8257b1d0991d,529ad773-2bc9-4da5-92ed-6dce10c14eb6,
52e51021-3b12-4ff4-9bb7-5f2ec501d1be,3f5ee018-5e43-430c-bbcd-8257b1d0991d,57619ead-0a71-41a9-bfcb-b68da8a254c0,
acd72a78-501a-4f8d-b2bf-67686b583a3e,3f5ee018-5e43-430c-bbcd-8257b1d0991d,59df483f-933d-4774-8bf7-2103062859af,
b31c4547-3231-42a7-adfa-0d31a61d5f10,3f5ee018-5e43-430c-bbcd-8257b1d0991d,7d4a5c52-1618-4c59-a0a3-828c2020b327,
c31444ef-8b2c-45e6-897a-40954c8abf00,3f5ee018-5e43-430c-bbcd-8257b1d0991d,841f7bda-1537-4752-8009-a47dba5ff3c7,
44a38aeb-fb25-476b-9eb9-592fdebc974b,3f5ee018-5e43-430c-bbcd-8257b1d0991d,b1e892b7-42fb-41ea-9041-23164be11fc4,
32dd3185-c473-439a-b075-6b8836764c26,3f5ee018-5e43-430c-bbcd-8257b1d0991d,b39c33e3-b4d7-4e15-9b1f-498eaaa26b60,
a1e2dac6-7755-4c44-a20a-31d6d0b4738c,3f5ee018-5e43-430c-bbcd-8257b1d0991d,c9b12b63-7c63-433b-9d96-70173fe9d39d,
b9ea7ad5-0eb5-4875-b483-a7c5b7973f23,3f5ee018-5e43-430c-bbcd-8257b1d0991d,cdf8696c-de77-463a-a4fc-e7875b387905,
0d10457e-a113-4821-b3ee-efd720d4aadd,3f5ee018-5e43-430c-bbcd-8257b1d0991d,cf38e1ba-69d2-4d03-8df7-4a5352a8c355,
47dde61f-7621-4bba-8ea0-f74263dad1cf,3f8b5de8-8f1d-474c-9256-18085a18d9eb,11e0cfaf-9d56-400a-b13c-b37cbdb1a86f,
c5658462-f5eb-4383-81c8-6e4876d7a09b,3f8b5de8-8f1d-474c-9256-18085a18d9eb,27721bd1-7207-4c8e-b62f-c8b6d56d67e8,
94fcfa70-72bf-4b01-9116-2ce2b2876cb7,3f8b5de8-8f1d-474c-9256-18085a18d9eb,2e28fb8d-898d-41e8-ae77-ef1cd86f7115,
1ff17bad-b909-4240-a1d2-dcaf6e6fb25b,3f8b5de8-8f1d-474c-9256-18085a18d9eb,32bb8484-5d5d-4e6b-9490-3c4c434d6b1a,
48fe0b46-a22c-4703-bfe2-ccd1c83f3e4f,3f8b5de8-8f1d-474c-9256-18085a18d9eb,33b65355-7bbd-4fc7-a1c3-9caadeec352d,
b83bb3e0-bd58-447f-82d9-6a41a6efcdf9,3f8b5de8-8f1d-474c-9256-18085a18d9eb,34efa440-4413-42d6-9375-5c6757e32d50,
7774b9fe-4ab3-4c17-95ea-8528feb800dc,3f8b5de8-8f1d-474c-9256-18085a18d9eb,388dff73-0ec1-498d-9018-99b28fcfa0da,
6386c63b-7931-40e7-92a1-15cbe255c718,3f8b5de8-8f1d-474c-9256-18085a18d9eb,38b84592-3687-49dc-b8ba-fdb392d96e7f,
8b79fdff-5568-4135-92f4-65dc10df7337,3f8b5de8-8f1d-474c-9256-18085a18d9eb,44bb6602-513c-4056-9640-bbcbe5ce4b3d,
b4b90741-a424-49e1-b287-69ffe67335a9,3f8b5de8-8f1d-474c-9256-18085a18d9eb,44ddebbb-ebe3-4987-89e5-a54edd212b08,
54e8874e-9951-40bb-a260-9033b9964277,3f8b5de8-8f1d-474c-9256-18085a18d9eb,5bab5d4d-d71c-48f6-a99f-f6667f978ead,
2d2de893-05f2-4e34-8c95-9919c8844e4d,3f8b5de8-8f1d-474c-9256-18085a18d9eb,6040a29d-f8b7-47a9-8116-cf68e9f011f1,
bf2cf2f3-ad6b-4bcb-a2b1-2440f9caab1e,3f8b5de8-8f1d-474c-9256-18085a18d9eb,61256e24-cef1-499c-9537-61db6429ac5c,
12f8f5c4-7749-4e48-9222-e3f0b5832c99,3f8b5de8-8f1d-474c-9256-18085a18d9eb,63f94fee-1c36-4823-a790-e8dadeac87b1,
b2737cd2-d173-4ef2-9a65-ee02b1d6854d,3f8b5de8-8f1d-474c-9256-18085a18d9eb,6d9f5aeb-f7be-428c-9599-538b2ec3e9d3,
a3379db9-be78-4e9c-8a9f-ea4faeecdb08,3f8b5de8-8f1d-474c-9256-18085a18d9eb,71c5047d-8439-4cb5-a748-ad46a63ae524,
cf139908-e66d-4d01-a137-c27b1d1c3d7d,3f8b5de8-8f1d-474c-9256-18085a18d9eb,76404772-581c-47f4-bc96-7eddf3269527,
a386320d-fc8d-40ef-b768-be0f383013a8,3f8b5de8-8f1d-474c-9256-18085a18d9eb,7c86ff2e-f83e-493a-94cb-a80f5dfc2234,
47ea41c5-3d8a-4e73-8204-ffb02b5e7c21,3f8b5de8-8f1d-474c-9256-18085a18d9eb,8cb46fbe-57ad-48b6-94b1-7755d66b9b38,
01c90622-3f4a-4ddf-8e1c-7e775f1b810c,3f8b5de8-8f1d-474c-9256-18085a18d9eb,8fdb804f-3a89-407e-a3eb-b06bca79bc08,
c1c8da02-2aa1-461f-bf6c-aee9fb571715,3f8b5de8-8f1d-474c-9256-18085a18d9eb,97a8df74-4fbc-4bd2-9874-b2a64135d204,
23cbc8d2-9f26-4832-8ea8-e96cf4633ef9,3f8b5de8-8f1d-474c-9256-18085a18d9eb,a9f40cd5-62b3-41b3-90a7-d9478a71bd3f,
b524cdee-0b42-4162-b1b4-bfbee69b4a35,3f8b5de8-8f1d-474c-9256-18085a18d9eb,addb9de6-a537-447a-9aff-8bb9c1d274c0,
16ce533e-3ebc-49da-8577-95db80a06d86,3f8b5de8-8f1d-474c-9256-18085a18d9eb,aff1a8f2-94be-423b-a520-3db076e1c4b4,
1b7c334b-eaad-47d9-82fc-c536c85ee01f,3f8b5de8-8f1d-474c-9256-18085a18d9eb,b01ef51e-4bce-452d-b83f-969dbec855a8,
f2c89597-7e0f-4ac0-bd7e-a7a450ab6bad,3f8b5de8-8f1d-474c-9256-18085a18d9eb,c1a17ebe-5e45-4246-ad4a-f779a5909fcd,
f106d5de-4560-477f-91fb-b5ebf85ad2b3,3f8b5de8-8f1d-474c-9256-18085a18d9eb,c3a83b96-8779-451d-baea-5119683cd362,
3f2241b4-f058-429d-91c3-dfb0c3315a13,3f8b5de8-8f1d-474c-9256-18085a18d9eb,c6be1b21-26b3-42a9-81e6-aa1e9073f22c,
8f337a69-484f-4d33-904d-92f2204dbb05,3f8b5de8-8f1d-474c-9256-18085a18d9eb,ce97474d-415e-45d3-8534-0dd494384db0,
f7be3659-bb33-4861-aff8-6e85cd82693f,3f8b5de8-8f1d-474c-9256-18085a18d9eb,d99e55ff-d4d1-46cf-978a-b2e37093f90b,
1714a051-e510-41a7-9309-4b032aabc725,3f8b5de8-8f1d-474c-9256-18085a18d9eb,dd403e8a-88ff-4309-ba96-45eca338c6b1,
840b7e4c-d42a-4cde-9246-8ec4f76b4634,3f8b5de8-8f1d-474c-9256-18085a18d9eb,de2461b8-a933-4296-bd9a-25296aaf2a14,
2856decb-c590-4753-88c2-e09b4348d9a6,3f8b5de8-8f1d-474c-9256-18085a18d9eb,de289919-07be-47e3-ac75-bdb370ed4e7f,
156c2c65-4706-4e6a-a9fb-3ab577bde1a2,3f8b5de8-8f1d-474c-9256-18085a18d9eb,deb26ba4-88fa-4d31-9e66-0f6aeaa898c0,
f6466c9f-2dbf-4fb5-be96-2895e29111cf,3f8b5de8-8f1d-474c-9256-18085a18d9eb,df175f80-f901-4799-a1b4-7ea5358b2b48,
24955a77-e3de-4088-8bc1-a90bbe31d8db,3f8b5de8-8f1d-474c-9256-18085a18d9eb,f712a0f8-09cd-461f-a6ca-1dcbb7622fed,
733056c6-8ab7-4176-aa65-3719fc37311d,3f8b5de8-8f1d-474c-9256-18085a18d9eb,fb694de4-8690-4c53-84f6-2c6b1879d547,
a944d2f7-7bce-4326-89ec-89ee33abc188,3f8b5de8-8f1d-474c-9256-18085a18d9eb,ff96524b-57c0-4009-bcbc-ecbded2923e7,
9c62c686-c895-429c-b2c5-badf941a59d8,3f93a4bf-939e-4502-bce2-9c4332aeeefc,17e3f6cb-5b77-41ac-a26a-8338bc4a0223,
b1f923ff-4cd5-4a41-b07d-c8caabeb7f10,3f93a4bf-939e-4502-bce2-9c4332aeeefc,234b3f7d-e067-4af4-a41b-a079360cd10f,
c6ab024a-16af-43e3-97a8-c4ce8baf6a3d,3f93a4bf-939e-4502-bce2-9c4332aeeefc,27c6f552-1167-4b7a-a0ab-6c289e08008d,
6b4e14be-0eb6-41ae-9621-45f7dabcbbb2,3f93a4bf-939e-4502-bce2-9c4332aeeefc,2df6bcdb-8528-41d4-a8da-3d862cdccc42,
af4cc37a-0d67-4b9c-8f97-7d0c41e216e8,3f93a4bf-939e-4502-bce2-9c4332aeeefc,3a11b989-dcfa-46a0-877f-c44681b91dec,
2473ac00-b668-4afd-9c8f-1aae55255c65,3f93a4bf-939e-4502-bce2-9c4332aeeefc,3bb8da3b-c8ec-4126-9164-124a7f70833d,
b4daa2d1-417a-4d96-84af-7a831a90acfb,3f93a4bf-939e-4502-bce2-9c4332aeeefc,402fa818-e766-458b-a1a7-5dca12654019,
434b23eb-e67c-476e-a8d8-c991d1b83535,3f93a4bf-939e-4502-bce2-9c4332aeeefc,411c74df-3284-4b73-bcf4-afed50ccb3f2,
97fcc205-b3f5-41c8-b000-4d83decfa527,3f93a4bf-939e-4502-bce2-9c4332aeeefc,41d3448e-7cb1-4d0a-a77a-3ffa359603ff,
551f7859-1379-49bc-a6be-46a334d82987,3f93a4bf-939e-4502-bce2-9c4332aeeefc,42d25aaa-adc5-42e9-8bdb-82cf0ee444f1,
0b424270-b82e-4180-9063-c2a724ed0c04,3f93a4bf-939e-4502-bce2-9c4332aeeefc,483c0d36-f324-4d04-91f3-fc5714d29786,
819be989-e0b1-471a-984b-b957ba7979aa,3f93a4bf-939e-4502-bce2-9c4332aeeefc,4955dda7-15e0-4c5b-b677-96156518466e,
0a100327-c0e9-4e89-88b2-70ef047a3c5a,3f93a4bf-939e-4502-bce2-9c4332aeeefc,5cfc89f9-7839-42ab-9a1f-ce195b6232d2,
ed7de7a3-dad0-4f7c-8648-c61317a988c4,3f93a4bf-939e-4502-bce2-9c4332aeeefc,5d4cfd3e-8794-4ee5-8522-8d35c79ef27e,
687807c8-512d-4f6e-b1ee-cd33fb8be08c,3f93a4bf-939e-4502-bce2-9c4332aeeefc,640756d4-766a-4cfe-8b41-c766f8f16aa3,
dcc950bc-72da-408e-9241-109cd4041bc7,3f93a4bf-939e-4502-bce2-9c4332aeeefc,7b7db3ea-d6b9-4f3c-90c6-ab3ed08a3794,
8ece4566-c042-4098-9bf1-cd9e6f7e68d6,3f93a4bf-939e-4502-bce2-9c4332aeeefc,948da9e8-e2b5-4be3-865e-1641da80c373,
cd44d40d-ea21-4348-afc7-e88860b1a2ef,3f93a4bf-939e-4502-bce2-9c4332aeeefc,b2887aaf-7ff7-4629-82fa-7c71230264d4,
cb8232a1-c79f-4825-87b1-e1d6b2602e89,3f93a4bf-939e-4502-bce2-9c4332aeeefc,bcacaa7b-e98c-4202-809c-b0e0a9c310e0,
f77c5eb1-9db3-4e0d-b82b-bc4f20cf2148,3f93a4bf-939e-4502-bce2-9c4332aeeefc,c378309c-91a1-4097-b0e4-d3f76439aa02,
76084ddd-e65b-49b3-95af-50b3009155a5,3f93a4bf-939e-4502-bce2-9c4332aeeefc,c9806259-50a8-4119-9475-d4498c73ad42,
4f5860fe-d8e5-412d-9d7b-4e13e12052ff,3f93a4bf-939e-4502-bce2-9c4332aeeefc,ca1909be-e66d-4904-aa43-5cf92a2e82a8,
48fcd70c-9944-49c0-9463-aa2d56d03169,3f93a4bf-939e-4502-bce2-9c4332aeeefc,d5d63e50-da55-4349-a9fa-2b06c992b765,
ac54fd0b-2358-4982-9cb4-94b220c66a4a,3f93a4bf-939e-4502-bce2-9c4332aeeefc,e2cf2486-f75e-4388-a52f-76f315f7f23a,
3be91e1d-356b-44fc-b545-7faa059d6a64,3f93a4bf-939e-4502-bce2-9c4332aeeefc,ea6353a3-d8ca-4555-af3f-ad3b594c1590,
4fcb2377-7b8c-4807-89bd-c539d8839fb8,3f93a4bf-939e-4502-bce2-9c4332aeeefc,faab5d99-4971-4ffa-aa25-e6dff5cc086e,
a0f41c71-1792-44f6-9f9e-2b656dfb32b3,400e9ba0-81c6-42ca-9e42-a6fe6ffd1445,041798d3-5971-47f3-8f2d-906f9f935235,
7df57ca7-fe4e-42fc-ae9b-5c089fe9bb5d,400e9ba0-81c6-42ca-9e42-a6fe6ffd1445,0ac1ac7c-aae3-409f-b755-57c1344cb936,
2abb8cf5-4426-4131-af72-98ae49bb8af4,400e9ba0-81c6-42ca-9e42-a6fe6ffd1445,177436e2-6d81-454f-86d2-f0b29ba0f54c,
ca3f45d7-8aee-4fc3-b516-69141109ca1e,400e9ba0-81c6-42ca-9e42-a6fe6ffd1445,21e012c7-f86c-488b-a460-2504752a71a2,
09981e73-8397-4e68-aa26-b9abaf70edb5,400e9ba0-81c6-42ca-9e42-a6fe6ffd1445,247d8a59-fb8a-4a4e-8d37-5f16696eda97,
0e461b90-e942-4b67-b9e2-215f8d790523,400e9ba0-81c6-42ca-9e42-a6fe6ffd1445,3013563e-b887-4fee-9509-fc0a3809da00,
1c086165-8ced-4828-abc5-26f96b52db2d,400e9ba0-81c6-42ca-9e42-a6fe6ffd1445,31bb5077-52e9-411b-9d5e-23fe10ae47a6,
3825abde-2a68-42cd-8fe6-8076ac974566,400e9ba0-81c6-42ca-9e42-a6fe6ffd1445,330227c2-d489-4d24-bda1-7f098e0f4f4c,
ca66b99c-ca34-431e-a477-6c1f738dd463,400e9ba0-81c6-42ca-9e42-a6fe6ffd1445,45da355b-9741-4d0b-977a-036803b90c32,
d176d8a6-84aa-4068-963e-c1459cc8b18d,400e9ba0-81c6-42ca-9e42-a6fe6ffd1445,48b7ee1c-29f6-4f40-98eb-f159278303f9,
26e80de6-03f5-458a-8070-39f87a683fd2,400e9ba0-81c6-42ca-9e42-a6fe6ffd1445,4a40dbb2-f499-4406-8e29-fd688d5bb39b,
04bdf793-18cf-401c-b575-d4c4301c1a9b,400e9ba0-81c6-42ca-9e42-a6fe6ffd1445,4a8f53c9-c953-4eb5-84d4-3a981144c3ca,
412b2a11-f169-4b29-9db0-df3a80502455,400e9ba0-81c6-42ca-9e42-a6fe6ffd1445,4d3c3250-9fe7-4941-9681-e9855514e5e5,
d96c1f67-c4e8-4306-a172-9b162701f64f,400e9ba0-81c6-42ca-9e42-a6fe6ffd1445,4fc0acfd-debd-4575-a831-93224756aef5,
d1dcd111-51d6-4cec-8850-6c6ce1cbec91,400e9ba0-81c6-42ca-9e42-a6fe6ffd1445,67170b79-8d1f-4f41-bdb0-1ebc4ceeaf2a,
dfa87c94-4e5c-4448-a13b-1baa0afb5859,400e9ba0-81c6-42ca-9e42-a6fe6ffd1445,6b502808-89c8-40d9-a56d-59c079dc2d16,
a88bb0e7-cb87-4360-9806-36eb4c608c6c,400e9ba0-81c6-42ca-9e42-a6fe6ffd1445,736f6573-4bff-4f0c-83fd-1a6caa67aa56,
c64ec6c3-53ce-49e5-8ab0-513fe9ed5418,400e9ba0-81c6-42ca-9e42-a6fe6ffd1445,76349465-6abf-4cb2-81f4-5658c7848e66,
6589a6fc-66bf-4c0e-991f-25cdbc08c1f0,400e9ba0-81c6-42ca-9e42-a6fe6ffd1445,76afc9a7-828b-4228-a999-0efe5c4707e4,
ef17b564-0748-48f2-930e-9b2cb63bf5b9,400e9ba0-81c6-42ca-9e42-a6fe6ffd1445,79c646e4-ce6e-4bdc-8084-b219d9709df1,
40f77600-19e0-4924-b768-b9bc6513f061,400e9ba0-81c6-42ca-9e42-a6fe6ffd1445,7ceb23fc-f5c7-482b-a630-4229eb55a860,
b40278bd-0547-484d-a1d0-a14d7bdbe902,400e9ba0-81c6-42ca-9e42-a6fe6ffd1445,7ed5f45c-4e83-477a-86fa-a5165fe51bd3,
883301b9-1e40-4fa2-af5a-437a86707ac5,400e9ba0-81c6-42ca-9e42-a6fe6ffd1445,ad70849e-20ec-4864-8ea5-bbd6820799ad,
b8fb9f51-a71c-445f-8ad8-294eed1ecd2e,400e9ba0-81c6-42ca-9e42-a6fe6ffd1445,cb5adbac-edeb-47e9-8dd9-f20e37bf55d6,
7dffaa91-794a-4afc-9856-6203acaec310,400e9ba0-81c6-42ca-9e42-a6fe6ffd1445,dca2381d-64f2-44b4-bd39-2d90baf4c4dd,
2233b1eb-e88f-4a36-a943-1c25201ec802,400e9ba0-81c6-42ca-9e42-a6fe6ffd1445,e53a7dd2-8f85-472d-b46d-c98a7a04ab91,
28b9d892-737d-4555-a4ad-bd05f7aec0c8,400e9ba0-81c6-42ca-9e42-a6fe6ffd1445,e6e362b2-fcf7-4a3d-a2f1-1e2c57a50e3d,
f2e66114-948f-4a54-a12c-33b4bc9499b2,400e9ba0-81c6-42ca-9e42-a6fe6ffd1445,e80acd30-28c3-4158-a718-5a8e3a8f4a88,
6cfeacaa-9a5c-49f9-b379-d1ec34a55dca,400e9ba0-81c6-42ca-9e42-a6fe6ffd1445,ee450692-32a5-476a-8fbf-15715e3f5418,
4fabd0a9-3ccb-4611-8761-ec3776e26544,400e9ba0-81c6-42ca-9e42-a6fe6ffd1445,f060f4fa-ce9a-49a2-b0b5-24ed7983c5c0,
2867f4c8-5af4-4b18-bf1c-3f50e487f12f,400e9ba0-81c6-42ca-9e42-a6fe6ffd1445,f1d37ecf-4f09-41b3-b4c3-92ab2103a85d,
e2eea103-bbde-4513-91e6-f1f0984397ee,400e9ba0-81c6-42ca-9e42-a6fe6ffd1445,f9cd5c50-a73b-4f8e-8481-ff5510857913,
322c51ac-aa53-490d-81e0-60e55552efe4,402c17c7-685e-4d65-9109-13d4158ccb20,8a31f0c0-3b34-4273-9651-08db92e66cae,
86c2000e-db0c-4ac5-bf5a-bbd55f7719b7,402c17c7-685e-4d65-9109-13d4158ccb20,d5d20e4c-b219-4f0e-b05a-2056841cec68,
2ae579fd-3f5e-4766-9b1f-5b0cf1dba693,465f858f-0ade-4811-9f77-4bab8c6ad365,11fc0242-d7dd-4bee-9997-fcaa76f6e03c,
8b698ea0-697e-40a7-8fad-02f6d5f0fe40,465f858f-0ade-4811-9f77-4bab8c6ad365,6db84513-e9d4-4ad9-b56d-61670c06700c,
7e832038-135f-4cc0-a5e3-ac457d6a9bb7,465f858f-0ade-4811-9f77-4bab8c6ad365,bbf7e927-7b19-4dae-af05-ad6422ce8663,
b5041faf-810a-4e60-96a6-d79e65265388,465f858f-0ade-4811-9f77-4bab8c6ad365,ce7e608d-4b53-4c02-ad9a-511bc3efcdb3,
2c54d929-5361-476a-89d5-efd22edb6f79,46e93ecd-733c-412a-8ef4-136d649982b6,29dc82e6-5277-488b-863a-cd35c1d9bdad,
51120e83-b777-49a0-8e27-2a35aa4f9201,472b374d-0dcc-4493-b2e0-a00dda0d3e2e,3a6060da-a1fd-44b8-ad0b-9a7aeadd2241,
8a0486d2-97b2-4605-b4f2-c8b3b8044be2,4756c922-04d3-4b6b-8933-ca71240eab01,058a8e50-c79d-40fb-aedd-3be2b29ddb90,
c60a40f9-6ba7-4ad0-9c54-b5cd420fd0bd,4756c922-04d3-4b6b-8933-ca71240eab01,0b87c78d-adf9-4de0-b6a8-75715ef211fa,
472d1831-1081-42ee-a291-db3708478047,4756c922-04d3-4b6b-8933-ca71240eab01,36c7c43f-f560-4d9d-9b8c-e4214cc78fe8,
ff70e5dc-923d-432c-bd63-d54d4bc12349,4756c922-04d3-4b6b-8933-ca71240eab01,7300d278-4d44-45a7-a8bc-7b252c965a47,
cba326fa-90da-4c30-a47c-2677b228ef5a,4756c922-04d3-4b6b-8933-ca71240eab01,76ac35f5-b223-4616-9a0d-9fc472dfcd10,
83bafb80-ca17-497a-891b-1b316135bd15,4756c922-04d3-4b6b-8933-ca71240eab01,799e8668-0fa5-4387-aa71-6bd6f9212333,
de318c0a-3081-4855-9a17-6d9305597a1a,4756c922-04d3-4b6b-8933-ca71240eab01,822c0716-9196-4faf-8891-42599beb1c4a,
94d30b33-07ab-41c2-99eb-d065b81c0563,4756c922-04d3-4b6b-8933-ca71240eab01,96b365f1-b947-4793-957f-626d0ba00c61,
cb61f010-99b0-47ab-af8c-c0f6d4865767,4756c922-04d3-4b6b-8933-ca71240eab01,9ff9aebf-3300-4295-89ab-1c09922a9c40,
52f0eb23-e087-405f-a34e-b303c7c1cf09,4756c922-04d3-4b6b-8933-ca71240eab01,ad4066f6-150b-4a9a-977e-0f1f40e2b444,
b1f80505-e5c5-4eee-b800-62227a0f7946,4756c922-04d3-4b6b-8933-ca71240eab01,d1e535e9-26bf-4f70-a4e1-92a729e1474c,
3e1d0580-81ca-43f3-8c79-61a35df909e6,4756c922-04d3-4b6b-8933-ca71240eab01,e6df8ac9-1ca1-4c26-be15-be25bdf05d7b,
5b77c1ef-ba36-4ea9-bd70-3517566c5a26,4756c922-04d3-4b6b-8933-ca71240eab01,f0ed47c4-63b4-4f9f-9f3b-8b9f42d41f3d,
680130d3-e718-4394-afbf-ad813ea97b8a,48e18307-9cea-47be-b1bd-c7de72fce405,2b9d22a4-8370-45c5-96cc-c16aa5966d71,
f01c7321-845d-4454-8a94-11c51e5a04f6,48e18307-9cea-47be-b1bd-c7de72fce405,3210280a-c614-4db8-86f8-f67b81446faf,
5feb79ed-3891-4e15-8ec4-9d31cfb33c8f,48e18307-9cea-47be-b1bd-c7de72fce405,5613587d-9312-489f-9a65-6e845842f0ef,
a647fbfd-d184-4652-8680-6db16fd16bd0,48e18307-9cea-47be-b1bd-c7de72fce405,985f636a-60fa-4eb6-a966-ae49e429b51d,
a7eeaaf4-993a-4c2e-ac58-612b0e8a9564,48e18307-9cea-47be-b1bd-c7de72fce405,e2a5dc5c-d851-4dd6-9006-dc380fba4703,
6bc95de5-26f4-4c64-93ca-7f4c1290d47d,48e18307-9cea-47be-b1bd-c7de72fce405,f1096af8-24c0-4653-a17d-3c359846d208,
b45f9ca0-eb5b-4a9d-ae7c-ff0a9e2ad94b,48e18307-9cea-47be-b1bd-c7de72fce405,f401d5e3-2f5c-4002-97ef-0951e4ab7f3a,
4c046a95-10e4-4652-b979-e7887058c9e7,495a6913-6820-47a2-91bf-018b724a2716,1543e72c-ab1a-4695-8140-0394163d4c87,
15195ab4-35a8-4241-b070-366be4a87a9f,495a6913-6820-47a2-91bf-018b724a2716,44e4383e-dd9e-4fc3-b50e-51573a6c482c,
8e0a4323-2dbc-49bc-a070-2fedb7a0f1c6,495a6913-6820-47a2-91bf-018b724a2716,4db07cd0-0ccb-4f51-92e6-cc3f99a587bc,
ab7c0c1e-f152-488b-ac52-a670d93d4b78,495a6913-6820-47a2-91bf-018b724a2716,51f9331a-7687-4d5c-a5af-d3797b30f237,
5fffa594-617c-4a45-bc1f-89aa11154e0f,495a6913-6820-47a2-91bf-018b724a2716,56b083c3-b622-4144-98dc-230ad8186572,
faf4a2cd-695e-4365-a3d5-664f852ac354,495a6913-6820-47a2-91bf-018b724a2716,65d39b0c-018d-475c-b931-ba486a0be94e,
ad0143c7-83bf-466b-8e44-57b7c0e26140,495a6913-6820-47a2-91bf-018b724a2716,7ecb0027-0d8c-4517-8a40-8baf88c9d90c,
d14059db-c73c-45fd-9678-82c719e110ff,495a6913-6820-47a2-91bf-018b724a2716,80658f83-dfb9-4ab3-86c3-f632fe3e6269,
48ba6ff5-5259-4dba-9e28-406dd38741db,495a6913-6820-47a2-91bf-018b724a2716,bfce1bd5-ca95-4497-af34-fd211acf8cda,
bf161ad5-1e51-4260-9e55-b86cc35c83c3,495a6913-6820-47a2-91bf-018b724a2716,d81ee8f8-d649-421d-b98a-d510de443af6,
2ec86260-fba6-43ed-9025-e7a2729040b9,4a9e54ce-2de5-4be8-b9fb-aa7b5bbdc722,03d48d56-e492-47e1-8d00-748064373bf1,
d1ed84f7-3cab-4f61-a0b8-8bae5b70b59e,4a9e54ce-2de5-4be8-b9fb-aa7b5bbdc722,2b7a55a8-1aec-4486-bb13-80b7d25ad5a2,
6f34aee7-d5bf-4b99-8163-7eefc5bcdd80,4a9e54ce-2de5-4be8-b9fb-aa7b5bbdc722,5357df88-204d-49fd-a4a3-d2ae2e024630,
ff485311-af4b-4c09-86ea-f4d41d9b0dc4,4a9e54ce-2de5-4be8-b9fb-aa7b5bbdc722,6265281e-17c2-4c4f-b6c5-57df90fa6ac0,
3b27e4ad-75b3-4955-a51e-df2990b3cae8,4a9e54ce-2de5-4be8-b9fb-aa7b5bbdc722,65c4b0ae-09a7-4950-a736-8d4d5f02a1b4,
cb269515-fad8-44e6-b60e-63e1b097bcd6,4a9e54ce-2de5-4be8-b9fb-aa7b5bbdc722,8483f761-4074-419b-b1aa-6216af6f4f91,
71734c88-fbee-4be5-aa32-9388e36dd077,4a9e54ce-2de5-4be8-b9fb-aa7b5bbdc722,8794fe8b-b549-4dba-b84e-2b96746d05b3,
ee545cb6-2b68-471c-81cb-77775f7eed9b,4a9e54ce-2de5-4be8-b9fb-aa7b5bbdc722,8a538a3a-3cb7-44cf-bcee-d061284551a8,
dd8d9b68-124e-4b16-8a25-ef34377cfd26,4a9e54ce-2de5-4be8-b9fb-aa7b5bbdc722,9b44f334-4d13-46e1-a87c-a2c9b14c6fba,
e7abfc77-da86-49cd-8597-7ab5bce6f117,4a9e54ce-2de5-4be8-b9fb-aa7b5bbdc722,9c8c8ccd-545a-4c49-a59b-63ad8fca6be9,
78b6199a-748f-4454-9e34-1401e4f10529,4a9e54ce-2de5-4be8-b9fb-aa7b5bbdc722,b1c785a3-a336-4bcb-88eb-d95ea68ff62f,
b83888ad-c506-4275-b4bd-8d9c841b1b31,4a9e54ce-2de5-4be8-b9fb-aa7b5bbdc722,befa5cb0-371d-4ccd-8f59-326ac24c62b1,
c2228c58-2b7d-40ca-ad77-9d7f0e4ce035,4a9e54ce-2de5-4be8-b9fb-aa7b5bbdc722,dc5bd777-841f-45a4-8fb0-b99eddcdbe4a,
9e3cb962-2ad4-4336-a2ea-14eed94238d2,4a9e54ce-2de5-4be8-b9fb-aa7b5bbdc722,e3ba129c-eaef-424b-8b9d-8a7645d2ea70,
9d5c8c70-ed3f-41b4-8f05-99c36c7a9238,4a9e54ce-2de5-4be8-b9fb-aa7b5bbdc722,ea463deb-c42d-44ee-bfc0-7809d44ac380,
295690f3-f9ca-43ed-b9cb-62bcde09eb9f,4c76cb1a-d47d-41e3-8a6f-9e218d57c189,3212de9a-b50d-46ad-bcb8-7d371b525081,
c41d67be-79f1-4e37-871e-d57f7cf7ee6a,4c76cb1a-d47d-41e3-8a6f-9e218d57c189,a6b0c470-9c8c-4ebb-a21f-7877789d3064,
545b531b-2079-41da-b628-aaeb75c825c5,4c76cb1a-d47d-41e3-8a6f-9e218d57c189,aeba6e20-083a-4bdd-ae45-6ef84bc56c73,
b73af2a6-a049-492b-8cc9-fabdee967e9f,4cbe2443-aeb7-4158-9cc7-37359ac975a4,6bebce45-6ae7-44f4-a933-143d763a26a8,
b5fe70ec-ed95-45b4-b45b-345dae28ce6c,4cbe2443-aeb7-4158-9cc7-37359ac975a4,7ba0b3db-acfe-4c6b-bb25-0d73a4a4a988,
7bca3277-706b-460a-a89b-b7764daf37c4,4cbe2443-aeb7-4158-9cc7-37359ac975a4,7f15b0ba-261c-446f-8696-1d27af03b0a3,
02a8459f-bb8e-40e4-afb6-ce0c69e1999f,4cbe2443-aeb7-4158-9cc7-37359ac975a4,c4757d66-a8e4-4dad-9815-d2bb91b0b4a9,
2dca9930-89f7-411e-9389-475fc98d21a5,4d9a6a7e-01f9-4e11-82bc-908fe73a05b2,2a9c4342-c7a2-46a9-ac2c-1757a4023e97,
887b460a-289c-42e8-b765-a7a7d4213a59,4d9a6a7e-01f9-4e11-82bc-908fe73a05b2,bd97ad06-2bbc-4f45-89b2-387701b6c903,
ac2fef6b-9d4f-4932-b7f3-0417f0078d82,4d9a6a7e-01f9-4e11-82bc-908fe73a05b2,dcc1e3a2-d5ab-4a0b-88c3-a2f73700d15b,
b3a6b049-04f6-4140-8664-56e0bcbb86c2,4d9a6a7e-01f9-4e11-82bc-908fe73a05b2,f5aa0afb-9877-41a1-be15-e846c7b14715,
774d0a02-7b3c-41e6-ba54-1664b29fd9b2,4dc1dd97-71f3-483d-b921-a271dcbb2ed1,135b1a71-9592-416a-b34e-48891e1772a6,
eb1ed564-32f6-4dc9-979e-f463bef9dc74,4dc1dd97-71f3-483d-b921-a271dcbb2ed1,18ddfd46-31a9-4660-b8cf-62b7062e1d86,
d17fb9aa-1e33-4886-873d-3e3948afc91f,4dc1dd97-71f3-483d-b921-a271dcbb2ed1,1a35d25d-be98-416b-9cc2-521d6afcf3c9,
305ab521-87aa-498b-b9ad-1ed56722bd2a,4dc1dd97-71f3-483d-b921-a271dcbb2ed1,24b4dd5b-c039-4490-8a6b-f86df8fa9599,
744015e0-2b69-4a4c-8a85-98e9fc25e86a,4dc1dd97-71f3-483d-b921-a271dcbb2ed1,2eea4858-66d2-4bb8-9f3e-7632a17e3cdb,
30675c72-eb35-4ea5-8384-3c3fefbc7d64,4dc1dd97-71f3-483d-b921-a271dcbb2ed1,2fe73dbd-f44d-461c-a4eb-42757403fb7a,
ffdfeb86-4a12-458b-9835-59e967a57ed6,4dc1dd97-71f3-483d-b921-a271dcbb2ed1,308705f5-e288-421b-baae-f5337778669e,
42b46cfb-2295-4f00-8cec-d912a0701c43,4dc1dd97-71f3-483d-b921-a271dcbb2ed1,4045a26d-183a-4a96-988b-56612343d26a,
a1d0f23a-d037-44e8-92ae-7d49da86a00c,4dc1dd97-71f3-483d-b921-a271dcbb2ed1,4756a56d-b13e-45b1-af17-678fd7c595c6,
810da3ad-f8d0-47bf-8ba5-8af62bb6d3f2,4dc1dd97-71f3-483d-b921-a271dcbb2ed1,479e3f89-fc99-4677-bf29-97994d91420d,
6cd72c48-b981-42c8-b59a-3bd738b05a25,4dc1dd97-71f3-483d-b921-a271dcbb2ed1,4ddd2d11-1d03-41dc-aa17-08133378660a,
55c018d4-7010-408c-8227-9b4c838b6b4d,4dc1dd97-71f3-483d-b921-a271dcbb2ed1,50bc298e-7354-415f-bd2e-142f822d75b9,
94a107c5-8a23-43bf-bdca-d5e08959c654,4dc1dd97-71f3-483d-b921-a271dcbb2ed1,5a21d61e-8e5d-4a9b-8c2f-b7d1e21e9396,
4cb5336b-0f61-40e9-ae0a-68fb64fd1746,4dc1dd97-71f3-483d-b921-a271dcbb2ed1,5c72ef66-8492-43f0-91e9-6946a5605aa5,
712f1fff-cc5c-4dcc-9167-05160a677d03,4dc1dd97-71f3-483d-b921-a271dcbb2ed1,67467f09-32ab-4e5c-b7e8-5845dd4a3411,
86c3c458-3d9a-4540-8feb-9b1fb50c3b17,4dc1dd97-71f3-483d-b921-a271dcbb2ed1,67b6ca93-2b83-416d-9656-b58ba4c84e69,
d44e56a0-40f2-49f7-9512-7d2a6d2acad5,4dc1dd97-71f3-483d-b921-a271dcbb2ed1,6b2d9799-ba59-4623-874b-8518709809ed,
c2791f0e-6624-49b3-9f92-cd010881e42c,4dc1dd97-71f3-483d-b921-a271dcbb2ed1,7a2aaa82-ed21-49cd-8f02-5d713fd9bb42,
2dc9742a-4823-4f04-876f-f86e807cb658,4dc1dd97-71f3-483d-b921-a271dcbb2ed1,7d29a42d-5dd4-4751-8291-ab4155528fe8,
fd1e40e5-ecdd-4243-9e43-eeba49ee4eb8,4dc1dd97-71f3-483d-b921-a271dcbb2ed1,7f16d9ac-4d47-417a-b0d5-fa99487d5712,
1112c41a-e660-401c-ac31-33c8e768f952,4dc1dd97-71f3-483d-b921-a271dcbb2ed1,84f49388-3e89-48be-b212-9c470d92ebe7,
f3ff3006-0e50-4959-a734-f27868c0de76,4dc1dd97-71f3-483d-b921-a271dcbb2ed1,89441c50-a3d0-4124-a3be-52b690846ef8,
77e8652e-8555-4074-a065-2d8b6c97073d,4dc1dd97-71f3-483d-b921-a271dcbb2ed1,8e2fd284-9c02-4106-805b-f3f01c497051,
c02e5122-b871-4378-a854-813d1ba297e9,4dc1dd97-71f3-483d-b921-a271dcbb2ed1,98ed9bdc-71e1-48c7-aa43-6551312180a5,
72721a49-f0fa-470b-88ef-1bc30cb34adc,4dc1dd97-71f3-483d-b921-a271dcbb2ed1,9bf832e2-d0be-44e4-a06d-fb21afb94a99,
2773a032-acb6-40c9-8ac2-942d42ed979a,4dc1dd97-71f3-483d-b921-a271dcbb2ed1,b80c4976-1751-4e7e-a532-04ee0f6f0cd4,
d831eae0-a64e-44d1-8240-755c9c9f4bbd,4dc1dd97-71f3-483d-b921-a271dcbb2ed1,bfcfd83c-30dd-4446-8cee-207986b4ca42,
d295a5c6-dbe0-474b-95ba-22f11b3b77bf,4dc1dd97-71f3-483d-b921-a271dcbb2ed1,cf9fa506-913f-471e-a2c1-cb7f44fc75dc,
596ffb90-e002-4dcb-889b-0bcd91fdfe77,4dc1dd97-71f3-483d-b921-a271dcbb2ed1,d40100ba-e6ce-408f-bd09-c3542ccb16d5,
1d7d6537-f1ef-4c66-b4be-33be8c96a570,4dc1dd97-71f3-483d-b921-a271dcbb2ed1,da376be7-8a2a-495d-81fe-a6bd87c31186,
7023cc79-912e-4fb1-ab4d-149434693f3f,4dc1dd97-71f3-483d-b921-a271dcbb2ed1,e4d523c4-b7d4-42c2-868d-2785c942e864,
503d06b6-1b77-4701-a620-cb43a1794d9b,4dc1dd97-71f3-483d-b921-a271dcbb2ed1,e5279a7f-609e-43e8-b5e2-cd97aaa35ed1,
4416c840-c55f-40cd-bdc9-1a6c7a66f1e8,4dc1dd97-71f3-483d-b921-a271dcbb2ed1,e8a80e04-31bd-4fe0-99d5-9a400c1c011c,
a462ab9f-ecb5-450e-be1f-4629af2def88,4dc1dd97-71f3-483d-b921-a271dcbb2ed1,ee2cce49-e36c-44dc-8ab0-99ef2114aed5,
1768df2a-db76-400c-ac4e-5499f5db3b93,4dc1dd97-71f3-483d-b921-a271dcbb2ed1,f5209319-b807-4f88-947d-c3d738c35524,
821fa06b-6ead-4c49-8ae9-c69be4579f72,4dc1dd97-71f3-483d-b921-a271dcbb2ed1,f6f6a71f-9d49-4746-9e2f-2ec891c4b0b2,
0de01090-9524-4179-bea8-e5cda7cd9aab,4eb9bacd-dda2-4144-a436-3ee03bde7444,5226cffa-efb4-4694-9430-8dc53be6eaee,
b1913bc9-6ab8-437b-848a-ddc75057926a,4eb9bacd-dda2-4144-a436-3ee03bde7444,6a48677c-8d38-4342-982c-bc3b6130d1e1,
22649fe1-8a6d-4a65-97ee-6d853c5b129d,4eb9bacd-dda2-4144-a436-3ee03bde7444,97873091-9d84-4414-829b-9799b975dd55,
57888e48-ff4a-4166-b021-10d0bbce48ba,4eb9bacd-dda2-4144-a436-3ee03bde7444,9bd7d28e-2983-43fe-a279-c64768bc1914,
a77a670d-3807-45e3-a0b4-bdca0c583a52,4eb9bacd-dda2-4144-a436-3ee03bde7444,bc7b5c50-0718-4c5a-9e35-4c295d512fdd,
85c3ffe4-63bd-4ef7-b6e0-d6373dfed190,4eb9bacd-dda2-4144-a436-3ee03bde7444,c3906478-5c47-433e-9841-b3c4f37ec031,
7d98f930-bf2d-4d08-a851-3b66b73d0d35,4eb9bacd-dda2-4144-a436-3ee03bde7444,d977db7c-9c68-4a2a-91d5-675105ee78fe,
836f5a96-9cb6-4d66-b976-3353d1d37838,4eb9bacd-dda2-4144-a436-3ee03bde7444,eed2b7cf-636d-4c34-9a21-d9ce369e1813,
cb412508-2d20-469b-b1d6-87a826a495dd,4ef86984-adc1-438e-acc7-938096d1daab,000058e9-caca-41f8-8ef0-cf20cd06f972,
0d965252-01a1-4a17-b99d-6cfb81d2a257,4ef86984-adc1-438e-acc7-938096d1daab,0c75482c-4818-49ff-9f2d-219d599897d9,
877c0e5b-7fd8-4cfa-b778-2f4650fece3f,4ef86984-adc1-438e-acc7-938096d1daab,1112f925-b6ab-4d11-baf3-d75412152aca,
30463336-4af3-4707-8357-443b9ef81f32,4ef86984-adc1-438e-acc7-938096d1daab,1cda52b0-4add-4637-a24e-ecdc23f14758,
64564956-1042-473e-9f4a-c0b734d47db1,4ef86984-adc1-438e-acc7-938096d1daab,2f1bb5cb-7ae4-47ef-bd6b-e55e8180e578,
a11c1fe4-6c0b-4baa-879e-d95e194527bc,4ef86984-adc1-438e-acc7-938096d1daab,3702957f-6dac-4f7c-bd27-67147d81507e,
3d6521d6-b4e1-4a52-a476-2ae2abf36ebc,4ef86984-adc1-438e-acc7-938096d1daab,412e439c-bbe5-48c4-bcf1-e46874e4335b,
74f60857-c04d-4e7c-88bf-8a49c8c4b043,4ef86984-adc1-438e-acc7-938096d1daab,43d636ce-8ec2-444c-ac3e-417f7927bb0a,
be617645-776d-48f6-9a99-d0e5156f4ceb,4ef86984-adc1-438e-acc7-938096d1daab,49d99291-61c2-428b-9a64-c2c147beed45,
b7d7bde7-f3a1-4d18-87d8-4d6a884be141,4ef86984-adc1-438e-acc7-938096d1daab,4b82fad3-233d-48e4-9009-0fbfece16f51,
9d2f6920-4fec-4c5f-81e2-7c14515446d2,4ef86984-adc1-438e-acc7-938096d1daab,4bb337ec-c4b4-4550-a2b7-036fc9b8d7a9,
291b9fd1-72f9-49b2-b15c-a555ac797905,4ef86984-adc1-438e-acc7-938096d1daab,4be7b156-11bf-40d5-87e6-e073dd3c0d59,
5e388459-9913-4ed4-89d8-d98a8239300f,4ef86984-adc1-438e-acc7-938096d1daab,4ce19037-24dc-4c41-9917-c86f6d04a63f,
07b5f9c8-9e28-4328-9734-d74376931cab,4ef86984-adc1-438e-acc7-938096d1daab,524e532c-07ad-4141-b31e-8c5c4c1c4ec5,
cf1e3bf5-6bd6-4ea2-900d-6bc946cfe6e5,4ef86984-adc1-438e-acc7-938096d1daab,5ed03114-aa22-49f8-a7d0-1b52d2369ade,
ed1b3d61-1cd1-47dd-bee7-65e984116bbc,4ef86984-adc1-438e-acc7-938096d1daab,615c26fb-af50-4c66-8bea-e17c5360bd21,
d457c5c6-7cce-4bca-a011-75679fe1f697,4ef86984-adc1-438e-acc7-938096d1daab,6354ec2e-18c2-4c91-ae7a-727c28cb4ae7,
0b6930b0-5a1c-4704-a96d-49a41322492b,4ef86984-adc1-438e-acc7-938096d1daab,63e42b86-e4ff-4589-a8fa-9dcb2acf9802,
1afc1c5d-cda3-42ea-ad04-141df1570415,4ef86984-adc1-438e-acc7-938096d1daab,65d96f7f-eddc-48fc-bd66-2cd85a74df23,
d82f4247-2e1e-4f25-932f-57a1b622e7a3,4ef86984-adc1-438e-acc7-938096d1daab,6788e755-9efa-4d80-bead-6badce0b11a7,
e51bb7f3-c1af-4982-b4f4-e39c06d477a1,4ef86984-adc1-438e-acc7-938096d1daab,6d4e3b69-53b0-4c96-880d-f4911bfdadac,
afe8b8e4-03c5-4805-ad58-a59c7bbcc22a,4ef86984-adc1-438e-acc7-938096d1daab,704473ba-b751-4f13-8ef7-7f92b41130af,
2df2e051-c6d2-406e-9dc0-80139b6c5132,4ef86984-adc1-438e-acc7-938096d1daab,708f0134-ff2a-467e-af51-f75ecd03499e,
102f1bc8-b5c8-4afc-aa57-45d070e0017e,4ef86984-adc1-438e-acc7-938096d1daab,7de3ba77-5b24-4235-a114-59c65e35ff6e,
bf84cd3f-9cd8-4d16-aca7-b1e12d678891,4ef86984-adc1-438e-acc7-938096d1daab,861036f3-d166-4c03-af91-cea8b6f4d6df,
c4901db3-f4ca-41ea-bc9a-f267b1dc192e,4ef86984-adc1-438e-acc7-938096d1daab,88043275-a5fe-446a-87a3-88aecc61c9dc,
d8389b79-b4ba-46d7-9f0d-690dec7bd064,4ef86984-adc1-438e-acc7-938096d1daab,a6c52f7b-1941-410e-8e53-e0c638a114c2,
e88db221-6fa2-47ab-bda3-1ca912fd244a,4ef86984-adc1-438e-acc7-938096d1daab,a763d341-6c16-43d4-9ae1-75658a2e9a68,
04967474-1903-4255-a006-8e37b64b7ea2,4ef86984-adc1-438e-acc7-938096d1daab,ab18d683-247d-48c9-9126-40f27d258908,
29bd15b7-a009-42f2-8b8d-76ef4f2d039a,4ef86984-adc1-438e-acc7-938096d1daab,abfbdf25-a83a-40da-b2db-f7c54f544991,
a957ae30-9604-454f-91da-a440f2812316,4ef86984-adc1-438e-acc7-938096d1daab,b2901225-3be8-40d7-b41a-e86112979ee5,
bdd56d92-b533-4ffc-90b4-957e5d79d79a,4ef86984-adc1-438e-acc7-938096d1daab,c2810e17-3465-4460-bce8-cd58664be09d,
b755da78-546c-4b56-a649-94e1577b093e,4ef86984-adc1-438e-acc7-938096d1daab,c357ef38-d503-43a8-b87b-d827bf1c006e,
7d32e186-c0e8-443d-9299-267d0c137b59,4ef86984-adc1-438e-acc7-938096d1daab,cb77f8c5-c965-4891-81e2-aaace7efb6c5,
e4819c55-997a-44e6-9f65-a40720891995,4ef86984-adc1-438e-acc7-938096d1daab,cbb6c6f9-8050-4ecd-9cef-a1315a2a983d,
759097f4-e2af-487a-a331-30d16623c16e,4ef86984-adc1-438e-acc7-938096d1daab,d1abc92a-eaad-498c-b1a7-5518f1f61fdb,
f7c7377b-9b6a-46e5-bdca-2d684fd9cf47,4ef86984-adc1-438e-acc7-938096d1daab,d6c6bab8-0958-43f0-8f7e-24e4ae0dfe16,
b5912a3c-7331-4e3e-9236-ada68d6f3ed5,4ef86984-adc1-438e-acc7-938096d1daab,e4aa5c37-0711-4bba-b919-ce88217adf8f,
ed7b4a3f-818a-4653-ad3e-e433d080e893,4ef86984-adc1-438e-acc7-938096d1daab,e868de2e-6b13-4a39-bbc2-364b7a6e8557,
dbff0d38-7725-46b9-8d8f-9d93064e5149,4ef86984-adc1-438e-acc7-938096d1daab,efbb30d8-a0a6-4a99-a37f-420b62ff2921,
40841e93-bb65-45e0-9f82-c0cd16c9fe63,508685fa-6b2f-4bce-98d7-b4cc380fb896,416dadac-3882-4dde-9881-de8df60ad0d5,
514048dc-4640-4063-80f9-13c36b762949,508685fa-6b2f-4bce-98d7-b4cc380fb896,895f0030-d16f-48f5-821d-cc2289b942ff,
f4619d15-a14a-4155-9812-2ee48418b5f9,508685fa-6b2f-4bce-98d7-b4cc380fb896,c7ccce7e-7a59-4267-8a6c-b94b550c9036,
e6efdb0e-39a3-4288-9366-8b9310d77263,52966890-e503-49c7-a7a6-889e7de1b0af,0d43f019-e2a5-47c7-905a-489a34b6b7ca,
b39f118c-a396-49cd-b74f-c8fda1fd0611,52966890-e503-49c7-a7a6-889e7de1b0af,0de30e41-d465-4413-ac43-d24b1fb53c6b,
627ee3d8-39a7-4088-8aa0-fa348f0f42ef,52966890-e503-49c7-a7a6-889e7de1b0af,1084051e-ff48-42a1-b692-570c66c916ea,
7b018242-671e-47bb-8a65-67ed84598f15,52966890-e503-49c7-a7a6-889e7de1b0af,1357ad18-4584-4bdb-86a2-3d80650ff791,
96ab7ecb-b4b4-45e5-b1a4-fede13056376,52966890-e503-49c7-a7a6-889e7de1b0af,149ca9bb-c5ab-4172-be94-07ca9946c874,
08ce1570-ea26-4c1b-90fc-a51ec4ddb1d6,52966890-e503-49c7-a7a6-889e7de1b0af,1e4ce1ca-aaf7-4d73-9e4a-dd3e364f55bb,
94477bbd-5a47-42e3-a318-5626f9a7b471,52966890-e503-49c7-a7a6-889e7de1b0af,2e0a3cbb-cf1f-4c2d-8073-8d4976eaeeca,
b4c512b4-614c-4a7b-ae4c-c747e539b1de,52966890-e503-49c7-a7a6-889e7de1b0af,71410d88-2ab8-43c0-9972-5e3f4a998234,
6c7c9665-8536-4105-9f2d-78d054bc292d,52966890-e503-49c7-a7a6-889e7de1b0af,71afac9b-089b-4bd2-8c3e-4d509c631828,
70f06feb-4abb-4fe2-a104-d686ef62bcb3,52966890-e503-49c7-a7a6-889e7de1b0af,73611e26-9310-40a3-92c9-93cf4d718d8a,
d4282189-ab33-4374-8de7-1f006cd24c5b,52966890-e503-49c7-a7a6-889e7de1b0af,78688bcb-57ec-440e-a4a6-d6d25b988cf7,
f389d527-6ae2-48f4-a143-b9ce37f4873b,52966890-e503-49c7-a7a6-889e7de1b0af,893f7801-a610-4990-b60f-0a0bbfb1347b,
c377b65e-959c-48b8-ad94-68641818f374,52966890-e503-49c7-a7a6-889e7de1b0af,8de7909a-2414-4d2f-854b-a4b3f12f05d4,
c7203290-5597-465e-9272-b9116f3bbbf9,52966890-e503-49c7-a7a6-889e7de1b0af,c16ada8c-b868-4054-b7c0-0bd6c83cb148,
7724304b-c5a6-4be6-ae97-0cf5086048ab,52966890-e503-49c7-a7a6-889e7de1b0af,cad8aa1a-e89b-40c1-a844-016a39a73d02,
77e371c9-5899-472e-b352-cd02e1636344,52966890-e503-49c7-a7a6-889e7de1b0af,d698d825-55d8-4781-b3f3-5f502ce69f21,
8200e368-7346-4442-9150-482640c3945b,52966890-e503-49c7-a7a6-889e7de1b0af,eae14bf6-94f5-4dcc-894f-088d6942b110,
4700b8c0-0dc5-415a-a25b-00134643c0c6,52966890-e503-49c7-a7a6-889e7de1b0af,f31bf8cd-f027-4ea5-8aa3-bd467b6bf383,
a0cf4c72-f51c-495c-8448-5fee97e3e44c,52966890-e503-49c7-a7a6-889e7de1b0af,f362ef03-224c-4bd6-9cb2-f4205c81b2fc,
b0190cee-5cb7-4556-ad3c-20843c50e462,536584d0-3f6c-4d02-a97e-39705587350e,12f91397-8475-4b8a-ad7b-0ba0e0b7d1e3,
8a1eab19-eb8a-4eff-8b1e-2a1659c27bce,536584d0-3f6c-4d02-a97e-39705587350e,53412f3e-a0c4-4f12-85df-a206f2cabce9,
0f346b85-9ab7-4343-9387-305be4270eb6,536584d0-3f6c-4d02-a97e-39705587350e,5ce24b67-561a-4b98-90ba-02e54df3310a,
68805a61-4e75-4f29-ad2e-e44a05a8ddcb,536584d0-3f6c-4d02-a97e-39705587350e,62d4bc20-bfb0-4ca3-9dd4-a15577f128a9,
b1a9ed9d-ba8b-4eec-a807-a21b41d59397,536584d0-3f6c-4d02-a97e-39705587350e,7b41092b-ca3e-41e1-b417-33d036b3ecee,
9af0a084-eff8-495b-b8ca-617cff0defb1,536584d0-3f6c-4d02-a97e-39705587350e,90a3009e-50e8-465a-89c3-9357f3b456f5,
5c3ebd74-50b7-4e74-ab94-cfdc99497a31,536584d0-3f6c-4d02-a97e-39705587350e,a2ad84e0-95ca-496b-8544-3dba9938b5d2,
4c413f7f-bba4-4929-b0c3-584676eabd54,536584d0-3f6c-4d02-a97e-39705587350e,b4e3c612-e816-4a96-aea7-4b560af5bfda,
175df31f-30c3-43b7-af52-c267f231b1b5,536584d0-3f6c-4d02-a97e-39705587350e,ecb4b57e-2f5f-48d0-aafd-74169bade168,
c81f8ef9-9000-4711-a87b-fb5470a346ea,536584d0-3f6c-4d02-a97e-39705587350e,ecffe3b9-c9ff-449a-9d09-3bff2e257eb6,
70c915fe-eb18-4fda-89d7-65bd1f76ac22,54e2e406-1366-4af6-bf47-a21e50a79dbb,314018fc-aadf-42e0-852c-dbf6c66389a3,
1f6531af-8d7d-438d-b51d-de588b132067,54e2e406-1366-4af6-bf47-a21e50a79dbb,4e342201-9d9d-4ca5-98bb-9ee7ee30a480,
d3c68bac-e98b-400e-a334-15089725752a,54e2e406-1366-4af6-bf47-a21e50a79dbb,63b79636-121d-409f-aa5a-44bfe134e408,
8fdecf7d-bc12-46c6-bcd7-cb45f4b58bd9,54e2e406-1366-4af6-bf47-a21e50a79dbb,78ab17e3-b50b-494e-b25d-974c95751fd3,
3a025770-4ff3-40a4-b7c0-f3b7f4714d22,54e2e406-1366-4af6-bf47-a21e50a79dbb,8d90dfb0-c234-4014-8acc-238391ba917c,
861689a2-dfe5-4bd3-87bd-b04ae5b9ca89,54e2e406-1366-4af6-bf47-a21e50a79dbb,a64f8036-d566-4a62-a499-249f8607e8c6,
90c43bb4-8aaf-4ee1-b678-268a6d317401,54e2e406-1366-4af6-bf47-a21e50a79dbb,cb30a847-23dd-4ff5-b5b9-12647369aa7b,
6a4eeae6-bfc3-4a21-a2b5-8049e3160149,54e2e406-1366-4af6-bf47-a21e50a79dbb,cfa573fd-5fa8-4f6a-a902-1054517fa568,
6d955eea-778c-4a71-a659-fa0561078926,54e2e406-1366-4af6-bf47-a21e50a79dbb,d3f36ee8-8842-4ff6-8505-d7980959e6b4,
d54dac4d-aa3b-4832-a390-9f170c14e136,54e2e406-1366-4af6-bf47-a21e50a79dbb,dd2230ec-85f2-4edd-86a4-157420935e6d,
b422f9be-e4eb-4e04-bb75-52a764ffdfca,55b70beb-bed3-4221-b03d-1ee6ab5a66ae,1822674f-a8da-40af-91d7-91ead1aab2fd,
8a147401-9013-46e2-9974-47bb8278222c,55b70beb-bed3-4221-b03d-1ee6ab5a66ae,993c0962-2491-406d-8c6c-df951ee9e8eb,
72ebb2f7-130c-4536-9784-dd4c36294180,55b70beb-bed3-4221-b03d-1ee6ab5a66ae,ffd9aa34-6a7b-4148-a350-46c35650706a,
ed20e42b-c156-4a46-ae01-e51cfe4ae61f,56b7fdb8-ebd5-4b5e-8fbe-d8d9e7d3e7dc,5e71c45f-722f-49e1-b355-e18adebd2ea9,
61d95600-bf17-4b33-a716-653d5e89c9a9,56b7fdb8-ebd5-4b5e-8fbe-d8d9e7d3e7dc,63747113-815e-42f0-a92d-0ef12cc31b8a,
c15c5b63-597f-4a71-a0db-c34ddc7abf0f,56b7fdb8-ebd5-4b5e-8fbe-d8d9e7d3e7dc,63a3f6fd-54c2-47f4-9fff-8403d4e1d199,
09ff5b43-482e-452b-8a4c-224c14dedd07,56b7fdb8-ebd5-4b5e-8fbe-d8d9e7d3e7dc,a25000ca-f5e3-4049-b91b-37ec5e443f0a,
953b09c3-c99d-4012-ada0-9f0e563e943f,56b7fdb8-ebd5-4b5e-8fbe-d8d9e7d3e7dc,a57a185d-1251-4778-9ad3-f7583c008441,
15f5e54d-b7e7-4f29-8670-c8a292acbde1,56b7fdb8-ebd5-4b5e-8fbe-d8d9e7d3e7dc,f36ba396-0b5b-46ee-8200-90b4010d4d0d,
bd0ec74e-44e8-4765-9fa4-75b7b566da41,56b7fdb8-ebd5-4b5e-8fbe-d8d9e7d3e7dc,f8109fc1-5651-4efb-99a5-3c7252918a1f,
8810e2d9-8f2b-4627-9faf-038603270af5,576b5384-1232-4bf4-ba93-9c3a03672a2c,7891bfc2-4b9a-425f-9b53-3cbd8ac211b5,
1fedbb55-75b9-45bd-904b-5240a90e2731,576b5384-1232-4bf4-ba93-9c3a03672a2c,8d741e17-dd4b-436f-80f4-e37b33f64304,
51776944-8150-42eb-8436-670173b0638b,576b5384-1232-4bf4-ba93-9c3a03672a2c,9ccab4b1-f5d0-4d74-96e9-3920a49072d3,
702d3dec-476b-48ac-ab2d-712f26d5e512,576b5384-1232-4bf4-ba93-9c3a03672a2c,cf4ab6aa-4f9e-49d6-ae05-4382ce049b98,
d684607e-cdd0-4109-af78-1e15be3f60cc,576b5384-1232-4bf4-ba93-9c3a03672a2c,cfcc76fd-e466-45eb-8e82-b538d59e8113,
cc2c18f4-23d6-4d6a-8d05-f6dc7f99a373,576b5384-1232-4bf4-ba93-9c3a03672a2c,f23c3b8e-237b-4322-8d9a-9b87edbcb89b,
56029b83-f165-4c65-96fa-c11f9b82a755,57d2d80d-f48c-48b0-998b-4fa7a89279ae,05cecc4c-76f8-400e-b289-c06c6784d95a,
cde90f14-3507-47ff-be23-9ce201d69f30,57d2d80d-f48c-48b0-998b-4fa7a89279ae,3766059f-9222-4193-b41f-926e16088433,
feb7b09e-cfa5-4770-8f9c-74e49403ad43,57d2d80d-f48c-48b0-998b-4fa7a89279ae,451af09c-41eb-4d36-8b68-67ab05313748,
4a38f1cd-54fe-4d44-95fd-05bc5f38b736,57d2d80d-f48c-48b0-998b-4fa7a89279ae,61af6efa-e427-42f1-b546-77027bcd67c8,
1e9d527d-6ce2-4918-abc7-6735db6a6b4a,57d2d80d-f48c-48b0-998b-4fa7a89279ae,751240fc-4681-4827-b8cc-a0e2ee29da30,
3df31ec5-4503-49ad-a147-9e78c3f66497,57d2d80d-f48c-48b0-998b-4fa7a89279ae,9430033d-1e0e-496f-9d81-c78e2f680972,
a252be60-0da8-489d-a3d5-8874e0bfb44d,57d2d80d-f48c-48b0-998b-4fa7a89279ae,b88c48c1-24ac-4999-8d05-501a09baf79a,
c8acf66f-e89e-46d2-82ff-9942721ba724,57d2d80d-f48c-48b0-998b-4fa7a89279ae,d2c245c2-b028-48f5-8ce6-314273b90f2c,
c863b5b4-9e05-472a-964f-6fb66e16038f,57d2d80d-f48c-48b0-998b-4fa7a89279ae,d94d5615-a411-4175-9d6a-0c89878211f8,
90578a0e-5a11-4a63-961d-61a99c5ee3f2,57d2d80d-f48c-48b0-998b-4fa7a89279ae,d9d3655f-20be-44e8-89b0-da613126213e,
0da77b02-3c9b-4559-bbae-d65f93634241,57d2d80d-f48c-48b0-998b-4fa7a89279ae,dfd9f8b6-7c61-4305-acb5-53c970690fde,
a65ddb91-d8c1-49f4-9fa5-a24cabc5dee8,57d2d80d-f48c-48b0-998b-4fa7a89279ae,e1d352a2-9f33-4346-abe7-25088c5f2f34,
77723684-f9c1-4de4-aba8-e4a70d75c563,57d2d80d-f48c-48b0-998b-4fa7a89279ae,f7f7d547-432f-4d81-ae5d-888086eb75da,
e97f9a3b-b3f3-4af1-822b-aa001b24efda,5803a8bf-3f07-4825-bd29-c303fa084977,0e7bc965-07b6-465e-b0e7-6f8b7fe47fdd,
502d0e99-944f-48aa-b4c6-12096daee30a,5803a8bf-3f07-4825-bd29-c303fa084977,5191b098-342a-43b7-a740-708cd56fedad,
1b768242-2b8f-4a8b-b5cc-71bf60cbc75b,5803a8bf-3f07-4825-bd29-c303fa084977,5efa5daa-4883-4908-b384-270d622da0da,
3a52276e-86d6-41f8-b756-90a388e29203,5803a8bf-3f07-4825-bd29-c303fa084977,6156252a-632f-4cde-a831-a047f9a5b560,
4143c82e-b5ea-40ca-82f5-6a2c5f02b998,5803a8bf-3f07-4825-bd29-c303fa084977,8862edd4-c04d-45e7-a5b8-8d60fd2109d8,
00d3f136-ead5-4b80-8918-1729ced44415,5803a8bf-3f07-4825-bd29-c303fa084977,aa56cf9a-be52-49a6-919c-ce8ed182915d,
20828d50-1afe-455b-98a9-19baa4455dc5,5803a8bf-3f07-4825-bd29-c303fa084977,b40e6877-34d3-423d-a703-5700a9a2fca8,
b3ce4d40-2a9b-4085-84f4-e82d133bd8bd,5803a8bf-3f07-4825-bd29-c303fa084977,bb96612f-c5d8-4531-8643-ed02afebac9f,
134db606-fcfa-40f3-9e8d-884c053c1c90,5803a8bf-3f07-4825-bd29-c303fa084977,bec8ad5c-b1f1-4703-be1b-bf14ebc23a6f,
99327bd5-0220-4420-b5c9-5b6c5862b9a7,58a098e0-9812-4ae8-839b-8f7cd15193da,2ba85d8e-a476-4da6-bbbb-6c55528f58ab,
f092e399-3f62-4315-99b1-66b1be3021fe,58a098e0-9812-4ae8-839b-8f7cd15193da,78a2335c-3d6a-4bcc-a38d-5f10ac5b99ac,
b6b4e858-65c4-4641-8996-beae71f8eb83,58a098e0-9812-4ae8-839b-8f7cd15193da,7bd5e3dc-c016-48df-8e8e-5eef4a21fc4f,
70c7eaf4-ec75-4bef-8fa2-9206af8bc3ec,58a098e0-9812-4ae8-839b-8f7cd15193da,8c3e3e63-07c8-4faf-ba63-2dc294f8e5d7,
80a730e3-88e2-4e9d-9f5d-0ccfbdb9f15f,58a098e0-9812-4ae8-839b-8f7cd15193da,8e2300f7-5b0b-4cfa-afd5-ce692e1b208d,
4939aeab-24de-4b9f-8441-337279f05c32,58a098e0-9812-4ae8-839b-8f7cd15193da,9cbaa8a3-a472-48dd-906b-e7410384a3b8,
37642370-558a-4494-83d2-9cce4ed9cd81,58a098e0-9812-4ae8-839b-8f7cd15193da,a03718be-d850-4397-a7ff-1b328811d8ad,
51671f2c-007d-4842-b6ad-e0e8c5e1ac9d,58a098e0-9812-4ae8-839b-8f7cd15193da,a2af8cf2-95aa-42b7-a4c2-01768ec3b319,
9b4d0d23-ee93-45be-8b2e-7b6f6c36125d,58a098e0-9812-4ae8-839b-8f7cd15193da,c2091fa1-8e5e-44b4-ba25-c52af926f7cf,
7e8af201-1a5b-43ab-9f49-e9af9117e2f5,58a098e0-9812-4ae8-839b-8f7cd15193da,c44609c7-27f3-446a-8457-9faac6ebad34,
2ed48ebd-9b30-4733-9c05-6b40c6ca437f,58a098e0-9812-4ae8-839b-8f7cd15193da,cbc06cd5-0161-419a-adb7-4fb86e46c47e,
dc110dd7-b26f-4558-8c55-c30dcc2d2a2a,58c48f69-8a38-4275-8469-96ab21600505,0c7b487e-213e-4f52-8366-5f5b1718a375,
2cc66c47-8fec-4946-8f04-fc9b02da867b,58c48f69-8a38-4275-8469-96ab21600505,4ebb9dd4-3a54-45d8-976f-a9e95ef83c00,
b19a1c7a-fc87-4e4d-adaf-380eee8237ce,58c48f69-8a38-4275-8469-96ab21600505,50396fb5-ee24-425e-b90d-1a17444432d5,
eb53e10c-71ef-408a-8e5a-6b0f6106c504,58c48f69-8a38-4275-8469-96ab21600505,779fc3fc-fd86-40ec-a4b8-34002fa3dbf0,
4c8fb945-32e6-4e25-b655-f7cac72b3649,58c48f69-8a38-4275-8469-96ab21600505,7d7fe272-0105-4ffa-81a8-565321638ecc,
f86655b5-828c-416d-ae3e-a7a9e581abaf,58c48f69-8a38-4275-8469-96ab21600505,8c994641-7ffb-4196-a9ec-a8c7ae1cb9ee,
d635887e-5a7f-46e9-a9da-116a7ccbccbd,58c48f69-8a38-4275-8469-96ab21600505,976dd780-1192-4ab2-a486-1d2db3b0c03c,
b929a4fd-ab74-4105-8545-c2899656581b,58c48f69-8a38-4275-8469-96ab21600505,b713eb23-7876-4f2f-80e1-892a1a9edae6,
8974143e-6637-4d4e-9579-a5ae0510ae1f,58c48f69-8a38-4275-8469-96ab21600505,f0e0e8cd-f3f5-4a6c-8305-fa3f02e6ec1d,
a76d8687-f756-4d6d-b6c7-d1cd1f1cd8c0,58df69cb-249f-421e-aed3-d00ae1970f6a,4ff3e1c0-e4e9-401f-b4c0-ce41d9254ccc,
36d6b2d1-94bf-4bfc-8e7f-fadc0b5d3088,58df69cb-249f-421e-aed3-d00ae1970f6a,62df92e3-7298-4438-ae2a-7629ab7029e3,
ec4413f6-9b8a-43e6-b116-96e079def85b,58df69cb-249f-421e-aed3-d00ae1970f6a,6b76efe4-1cba-45c7-b2b8-ce20047ea46e,
c5c6182d-1564-4d80-aaf2-97fd856ee5fc,58df69cb-249f-421e-aed3-d00ae1970f6a,6f0b16a0-9f59-49f8-82cb-2ab105e73e89,
14e745a0-91c4-4a4c-a382-2c4988aaaa6f,58df69cb-249f-421e-aed3-d00ae1970f6a,836c38f0-b265-45a4-b07a-0455c1b34914,
99aa81eb-d12d-4528-b837-cd91ea54d357,58df69cb-249f-421e-aed3-d00ae1970f6a,94a12922-98ca-4fb8-9350-7c7f470386fd,
5e8f90d7-1cc1-4632-aa4f-321619f25f8d,58df69cb-249f-421e-aed3-d00ae1970f6a,9aee6693-96a0-4710-8602-b629b40b02bc,
7a560776-11cc-4a5f-988b-eb0db092c66c,58df69cb-249f-421e-aed3-d00ae1970f6a,fb4f729c-5bc0-4330-9982-3cb5bed95d29,
1d9ce134-c9e3-429b-8bb7-30b3b0f6a830,59409369-d0c1-4b4f-9b11-ac78039e2051,1b484328-691b-44a0-b800-0c3093a2635c,
3d8839cc-3c94-418c-9654-9001f9d6e868,59409369-d0c1-4b4f-9b11-ac78039e2051,22aed07c-efa3-44fe-bb43-78c842274ff7,
6c02760a-3a3b-48d5-8f39-adf5041fde44,59409369-d0c1-4b4f-9b11-ac78039e2051,2a5c113e-a074-405e-ae57-1e6bf721ebd1,
1d12dab8-0caa-4d3d-843a-46f9c514173d,59409369-d0c1-4b4f-9b11-ac78039e2051,37b69ba0-a539-4288-9275-72eea9c53350,
0096b1b1-b1e2-4b1d-9622-8c7e4577da2d,59409369-d0c1-4b4f-9b11-ac78039e2051,396ebc54-f372-4d91-a852-9d105b6a3891,
8f945e01-5b22-4caa-80f1-d70c5e78069d,59409369-d0c1-4b4f-9b11-ac78039e2051,477750a9-2ef2-4c95-8217-2eba558f0743,
47ed50cb-db2c-4073-824a-048117b61e7e,59409369-d0c1-4b4f-9b11-ac78039e2051,57f6483b-f7af-4f16-b12b-f2c793b27f12,
6a4e73ca-1578-457e-b36b-1bc1b2f642a4,59409369-d0c1-4b4f-9b11-ac78039e2051,6e8c21e8-1265-437c-b50c-61a5b1c9aeae,
34cf3a14-bb31-49f1-9957-917acddb90ee,59409369-d0c1-4b4f-9b11-ac78039e2051,77774ba6-a0d5-4473-9aad-d9ad14c2a870,
5dcc8b8a-1033-40ee-9899-7ec211aa0cd0,59409369-d0c1-4b4f-9b11-ac78039e2051,8bff6354-d6ff-48b3-bac3-3f48f1870b8c,
dde230af-5cbe-49c7-b027-b9e21175c7c7,59409369-d0c1-4b4f-9b11-ac78039e2051,a0dbabd7-b893-4c34-9c54-d4553890db68,
51474186-dc7b-47e0-8588-812d787d6314,59409369-d0c1-4b4f-9b11-ac78039e2051,a760ca19-2974-43b5-b488-558eb859ce5d,
167f3a64-dabf-44e7-acbd-5b581ce60e21,59409369-d0c1-4b4f-9b11-ac78039e2051,baa9e44e-33b5-4857-bf62-b39e69a4cef1,
ddc34902-f352-447e-8d10-d17df2dd85a9,59409369-d0c1-4b4f-9b11-ac78039e2051,bf2990b2-3aec-4807-a610-c0a671f578b4,
80cec54c-2bd8-4692-88be-8a15c8364249,59409369-d0c1-4b4f-9b11-ac78039e2051,c89ab1bc-5561-4200-aee5-79a6b7f518b6,
95ea1bb3-d49c-4bf9-8dc9-96870f1dbaa6,59409369-d0c1-4b4f-9b11-ac78039e2051,db363f36-dc34-4e35-985d-f81b72ded126,
c3a56d31-2ea8-4568-bd0a-e50f081d1bd7,59409369-d0c1-4b4f-9b11-ac78039e2051,e13f44af-f837-4ba5-b6bb-063ccdfeb1e3,
1ecd28cd-8ec5-4666-bfbe-8f14158b4381,59409369-d0c1-4b4f-9b11-ac78039e2051,e376149d-8f9c-478e-badb-9e199c3eb3fc,
35808727-888c-4247-81f4-88667249974d,59409369-d0c1-4b4f-9b11-ac78039e2051,ed812944-a244-4391-94a0-dc60bf2a2ee4,
e28ec5d4-5b62-4232-9dc8-d020d0187c42,59409369-d0c1-4b4f-9b11-ac78039e2051,ed8d9f01-73da-4d62-a310-5175655bc686,
e202f934-18a4-46d9-8c71-364d95a4785a,59409369-d0c1-4b4f-9b11-ac78039e2051,f4b7e19c-a12b-4b14-853c-23f34e89a5d9,
46608600-c5c1-478d-a5c1-a5342587d1f6,594a6b6d-c86c-4130-b3d2-bfa1da2d31ae,04bd9772-b795-40ae-bda2-72927d0279ef,
8e3dd503-2cfc-4d9b-aa9f-d76e5319f292,594a6b6d-c86c-4130-b3d2-bfa1da2d31ae,3faa0220-fdfa-4c71-84fe-53718bc0e09c,
314ebe2d-3a02-4b01-ab44-6a4c637184e6,594a6b6d-c86c-4130-b3d2-bfa1da2d31ae,8670fbd1-884f-4d10-b26a-09330706239f,
46d6c65f-0c41-44f7-a14d-74105a999dc7,594a6b6d-c86c-4130-b3d2-bfa1da2d31ae,8f75b7fa-fd27-4ccc-aa1c-9efcb53010a9,
c8e32ad4-5779-416f-94e9-e24a4ddd36e0,594a6b6d-c86c-4130-b3d2-bfa1da2d31ae,90b202e2-2a1d-41d2-b1e5-ad2fe163d05c,
4516d52c-4e8f-4dd2-868e-7f33dcf5f4ae,594a6b6d-c86c-4130-b3d2-bfa1da2d31ae,98d2b65f-fa07-41c8-9cd6-2dd30f7a3ba1,
5b751280-4d9c-473f-adf4-efbb24736599,594a6b6d-c86c-4130-b3d2-bfa1da2d31ae,a426d305-e9b9-4bed-b565-d89a99447553,
f0d1ea5c-9f54-42e0-8d16-0f4140b91ab4,594a6b6d-c86c-4130-b3d2-bfa1da2d31ae,b010d978-19a5-4347-a15b-2ded04522295,
e8979ef7-8ac3-407c-9469-e674a4380437,594a6b6d-c86c-4130-b3d2-bfa1da2d31ae,c19aab2b-e697-4fb5-b449-ddebcea2d055,
d2aac884-51f1-4b6c-93c4-377297df77bd,594a6b6d-c86c-4130-b3d2-bfa1da2d31ae,c6184391-9f1c-438f-8e58-152cb08f029a,
31b1b352-0b04-4665-b213-66bc2f206799,594a6b6d-c86c-4130-b3d2-bfa1da2d31ae,c65db79f-f5e1-4360-9bab-b12636a8919c,
5c73e70a-f585-4523-b38f-cb3af67ecd78,594a6b6d-c86c-4130-b3d2-bfa1da2d31ae,d45d8036-dacd-4369-a2e9-b177c7f674c4,
51867726-ab23-4e25-9ccf-071df44d1a27,594a6b6d-c86c-4130-b3d2-bfa1da2d31ae,dc80dcd0-41b8-47a4-bfd7-46b4c6bced9d,
31e74dae-c69c-4801-b08a-e3efe3065e21,594a6b6d-c86c-4130-b3d2-bfa1da2d31ae,dd45e1ee-69ff-4864-a733-01d84805ea74,
647ded3b-716a-4640-9368-d85a59fb451d,594a6b6d-c86c-4130-b3d2-bfa1da2d31ae,df3bad14-2e2a-45ec-b0e1-655c0ce8eda0,
812c1a91-e75b-4b9c-8328-c4b61ca56a11,594a6b6d-c86c-4130-b3d2-bfa1da2d31ae,e470eb05-ec79-42d7-b09b-54a8d51155c8,
08343c40-b7b2-4498-bcb6-d42044a4b4bb,594a6b6d-c86c-4130-b3d2-bfa1da2d31ae,eb0844f8-d4bb-4f05-8298-3ab770285bf5,
b17c8daa-9743-43c2-b3d1-8dbb8a7c116f,594a6b6d-c86c-4130-b3d2-bfa1da2d31ae,f105ddf1-eb5b-4bc4-bcd6-34aebf509b50,
44012af5-9ae3-4202-bf81-0ddc8e118d96,594a6b6d-c86c-4130-b3d2-bfa1da2d31ae,fd0f448d-eb6a-485f-8f38-7dff30a08d4b,
ff01411a-f8c1-44c5-9af9-a876eaaf941b,5a755852-13cc-48d2-b62b-422555bc7206,bbfd7ba4-f0b0-4875-af79-4a2171d7bf11,
e76cc90a-eb2a-4ad5-9c6a-2304dcdffda5,5a8e5ad1-7da2-4472-96c4-52be6c578d95,0cf4eebe-cafb-4291-acbe-dfe8c50cb21b,
9e6ff3f2-d48c-4ff3-a597-18dd7811ad3f,5a8e5ad1-7da2-4472-96c4-52be6c578d95,1f54ed2d-f669-4941-974e-2441eea10006,
b0ffea51-bb4a-427c-9dc9-9a1bf73382ee,5a8e5ad1-7da2-4472-96c4-52be6c578d95,290a3522-c1c8-4ab6-9f81-6eb6fe229c53,
066c25d2-b42e-4ff6-8977-a8b1c61d8436,5a8e5ad1-7da2-4472-96c4-52be6c578d95,2b428a9e-f457-49da-96e1-f2094d24f30b,
9f1df740-2cee-4e2d-bc44-ad05e19f9597,5a8e5ad1-7da2-4472-96c4-52be6c578d95,321d8c7b-4aa3-4d37-9cf9-fa790e4fabbb,
09e26f5d-d7f1-47cc-9fa2-a0a08115a15a,5a8e5ad1-7da2-4472-96c4-52be6c578d95,33d6cd02-be4d-41d4-8cbf-e220361e0867,
e938efbd-0941-412e-8a2c-721fc8778531,5a8e5ad1-7da2-4472-96c4-52be6c578d95,340acb66-6022-4304-92c5-4a2d66d2936b,
279a43c1-a532-4b3d-98ea-421c03c9e86a,5a8e5ad1-7da2-4472-96c4-52be6c578d95,4e4b14d9-70be-4bc1-bcd9-9a74bc9f75f8,
c0f31c56-79d1-4ad8-9073-b35334251cb5,5a8e5ad1-7da2-4472-96c4-52be6c578d95,52952481-1961-4e4d-afa5-f8a5bfaea69e,
66a5c8e7-6acf-4010-b29e-6cbe740b12d1,5a8e5ad1-7da2-4472-96c4-52be6c578d95,6d462b9c-0c03-4f09-8a94-8efd0c9454a0,
8b324125-40e7-4541-9322-e3ea117ba1b4,5a8e5ad1-7da2-4472-96c4-52be6c578d95,6f86f36e-be0f-4f16-9e19-009c06adf865,
adedcef4-3de3-4d59-9a70-5230b0f586cc,5a8e5ad1-7da2-4472-96c4-52be6c578d95,8c5486ce-a600-44e8-91a5-2ea3228deed5,
05eb3267-7ed5-4e33-af0e-58b54bf87e72,5a8e5ad1-7da2-4472-96c4-52be6c578d95,8e50b67d-2801-4dea-88fd-08873c4823d4,
03a0b525-486b-485b-bfde-0cbb7d8810e8,5a8e5ad1-7da2-4472-96c4-52be6c578d95,91ef77ef-3ba1-41e2-bad9-0e56e37232ac,
46fafcc5-e165-4103-b5c7-07b371a9dfb4,5a8e5ad1-7da2-4472-96c4-52be6c578d95,920ad690-9aa2-4332-99dd-e9e99fcba8df,
794ad75f-b0f0-45da-b0c1-05f14379d45c,5a8e5ad1-7da2-4472-96c4-52be6c578d95,95dd78ad-c927-48c4-a6d1-486d053a1eca,
26c76af0-2219-43b6-9f68-98d3955098ef,5a8e5ad1-7da2-4472-96c4-52be6c578d95,9a91b3dc-0e6f-4e2e-8951-bea560133c79,
b3768445-178d-4984-a6e2-884bb57055fe,5a8e5ad1-7da2-4472-96c4-52be6c578d95,b29967be-4c36-42cf-9271-29e34bd78de0,
69569351-55ad-40d3-983f-79583de83b24,5a8e5ad1-7da2-4472-96c4-52be6c578d95,d0876f1e-7d53-4f82-b6e4-0aa63b622b04,
c3c3783c-90f5-48cf-88d1-0b845f477b10,5a8e5ad1-7da2-4472-96c4-52be6c578d95,d3730369-cff6-44cc-bb3d-b27991df93f7,
7d7be46a-588e-4441-93a7-44b27db31198,5a8e5ad1-7da2-4472-96c4-52be6c578d95,d40b4f53-ca3b-4d40-a9f6-26189dbab7b8,
27cb2e59-b694-444d-afe8-a61305efd5bc,5a8e5ad1-7da2-4472-96c4-52be6c578d95,d5bf55ea-72e7-4e76-b4f1-f3fd69444855,
22dc4c01-6c04-4127-b5cb-634b059115c9,5a8e5ad1-7da2-4472-96c4-52be6c578d95,ebf26bad-4aa3-44e2-90dd-5fbd563fe6dd,
973e6395-701a-4c7f-8be2-7a3ab37f4501,5a8e5ad1-7da2-4472-96c4-52be6c578d95,eff48f37-9c7c-4a81-b5a4-798578a73950,
9b59af82-e6a8-4854-8890-8b21655f8c75,5a8e5ad1-7da2-4472-96c4-52be6c578d95,f802df39-b2b4-499a-9a41-ed38967015ce,
322b32da-9608-47f4-938a-376671e69689,5a8e5ad1-7da2-4472-96c4-52be6c578d95,f9d8ed70-856e-418f-a448-d5464c82688f,
29ce5609-855b-47e4-9b79-347f53e3dacb,5a8e5ad1-7da2-4472-96c4-52be6c578d95,feb0c304-5e86-4d0a-abac-346f94ad0233,
a8924d7c-80a8-4766-852a-a93dc637f1c9,5b747450-2872-4fc9-8f7b-2bc533104198,0ef17b2d-5526-4b90-9339-f8879b3ef655,
4760fff4-ab6b-4ad3-a089-45667f66a393,5b747450-2872-4fc9-8f7b-2bc533104198,17485da2-1d4e-4f0d-ac9b-52fbf30fe146,
b52965a4-5cb0-47e7-a811-f7caa94ee1c9,5b747450-2872-4fc9-8f7b-2bc533104198,1e374b9d-c9a1-48ef-9c08-283d0157dcf1,
94f3aaed-d561-4d42-9ba9-ed8c7abcc757,5b747450-2872-4fc9-8f7b-2bc533104198,47345a63-0b8f-4f69-ac20-021f33f24479,
44043f3d-302c-4b5c-96df-888954477eba,5b747450-2872-4fc9-8f7b-2bc533104198,486192b7-dfe4-4558-8550-ad28ea2e9d79,
596343cc-c4c0-4841-bf77-370d59062db0,5b747450-2872-4fc9-8f7b-2bc533104198,5cab2893-0e8d-4499-977c-c7586f6a8ca9,
56c24e6d-e619-4a72-8c26-404cff14b7d5,5b747450-2872-4fc9-8f7b-2bc533104198,7a9d7439-dff8-4c83-b2ca-a078c1003a8b,
53e26f4d-037d-43af-b0fd-f4f1463620ff,5b747450-2872-4fc9-8f7b-2bc533104198,84d513d2-8e2f-4661-8223-91c4be7a6f8c,
50b3f1a2-2918-4691-a8c8-e3f50457db1b,5b747450-2872-4fc9-8f7b-2bc533104198,be4733b0-fdd1-4f65-8f28-36922e60a4d8,
f7466465-19f2-4ef5-8917-2e7e5c73b5f2,5b747450-2872-4fc9-8f7b-2bc533104198,ce533910-30d9-4431-99a9-9d66c3be2015,
46cf3bff-bb00-48a0-b918-a5238ba71969,5b747450-2872-4fc9-8f7b-2bc533104198,dbda0c13-3ba0-40af-87dc-4317b4e6211c,
3c3a58b4-0079-4fb6-b6de-6a730ff8db39,5b747450-2872-4fc9-8f7b-2bc533104198,f319fb73-62da-4c1a-a7aa-67b87ed69df7,
d1063ec9-bf91-4931-afb0-43f37e665789,5b747450-2872-4fc9-8f7b-2bc533104198,f8ed3d0e-413f-422d-860f-af172848b8d0,
6a767534-adb4-45a7-811b-1c96ff3e3ad4,5c31ad16-03ba-41fc-b4b3-1f8421cfa849,221904f4-6eff-40a1-ab04-8a7e1dae43c6,
d95a2954-db23-4238-8446-80acfabd9485,5c31ad16-03ba-41fc-b4b3-1f8421cfa849,27b77ec8-a2a2-4829-92bc-8b099cdc7d36,
8b7f49cd-c4c9-4d97-a0d2-9165b29ca9bb,5c31ad16-03ba-41fc-b4b3-1f8421cfa849,2ddefc3d-0cb3-4595-ae47-03d53dde1011,
624157a6-f5d5-48df-8df9-f5d95bed52db,5c31ad16-03ba-41fc-b4b3-1f8421cfa849,400c8086-7744-4ad1-98c2-e672a5f1621d,
47ba2cd6-e964-4b48-b1cf-2e54d29a2348,5c31ad16-03ba-41fc-b4b3-1f8421cfa849,44f780f1-d557-4a87-bc1f-c92161b2633c,
8988df20-10af-4721-be11-96058c9ffe7c,5c31ad16-03ba-41fc-b4b3-1f8421cfa849,5d3ec965-2a04-4f13-aef0-8289be922230,
f1d31a49-e5c3-47e9-9e62-6c015c2be8c4,5c31ad16-03ba-41fc-b4b3-1f8421cfa849,6d76c501-c3eb-4e7e-9bec-63644a976d68,
5b6a9b3f-0f86-4285-a4c8-afce089793a8,5c31ad16-03ba-41fc-b4b3-1f8421cfa849,6f932de7-30a5-4f4a-aa31-f0e57119c37a,
ce16cd27-e7a3-46db-bc17-2295219254a0,5c31ad16-03ba-41fc-b4b3-1f8421cfa849,737339d0-3241-4dc8-ab88-75277139f858,
2414d1a4-0b17-41ff-9305-bebfba36d37a,5c31ad16-03ba-41fc-b4b3-1f8421cfa849,9050c3fd-8405-42da-9829-9115bfd90e47,
e8276ae0-0f65-4d11-95ad-f1db384d7e45,5c31ad16-03ba-41fc-b4b3-1f8421cfa849,97f10337-a8ca-4f4b-9035-334d8112e816,
b5d75cf1-8554-4a9c-a7b5-2b40b1a919c3,5c31ad16-03ba-41fc-b4b3-1f8421cfa849,a1340fbb-7c1d-454e-a530-bf45ae3055bc,
3ffeee87-e393-4d30-8564-904cd3da0576,5c31ad16-03ba-41fc-b4b3-1f8421cfa849,b9de5311-a6a7-4487-9017-cf0e2d0c88e3,
1531992d-70c4-4679-80ab-850fd57ec2f4,5c31ad16-03ba-41fc-b4b3-1f8421cfa849,d212461c-06fc-40b8-a2f4-a53062ca6aeb,
8261f37a-6d9f-4fc6-a81f-568806a9bf5d,5c31ad16-03ba-41fc-b4b3-1f8421cfa849,df2c2617-ca90-4ebb-9b7b-943db4d4af02,
7cf3c89c-ae0c-4b35-9532-5f19356ab82a,5c31ad16-03ba-41fc-b4b3-1f8421cfa849,f001d739-f043-48ca-bc39-fc08a0a9893f,
0e15e5fd-8edf-41c5-aaf7-9e79b0b53aab,5c31ad16-03ba-41fc-b4b3-1f8421cfa849,ff37f953-7328-46b0-9cad-4b50ceabb296,
b2cd2d00-1b2a-4a8b-813c-59aaa4ec108e,5e4ccfd7-febe-4330-96fe-b878f4122c7e,11ca106e-f909-4ad9-8eb7-c067090fe9dc,
cc1df9e9-ea4d-4e9c-babc-57ae0c822fde,5e4ccfd7-febe-4330-96fe-b878f4122c7e,2484cb77-0074-43b0-be33-0284a6b5d755,
225e0899-8842-471d-b41c-633a158c8ce8,5e4ccfd7-febe-4330-96fe-b878f4122c7e,2f4aa92e-3155-4f50-970a-f060e680a4be,
52888729-72a3-4498-b904-e26f5c5943e3,5e4ccfd7-febe-4330-96fe-b878f4122c7e,4bdf5c6b-512d-43b3-87b1-cc18d24c8552,
83178c09-f883-430a-b191-cf5963cf9032,5e4ccfd7-febe-4330-96fe-b878f4122c7e,4e5e12cb-4d50-422a-84ee-0d2c0a14c8af,
f96cb811-86f9-4f5a-9a81-a247d376202e,5e4ccfd7-febe-4330-96fe-b878f4122c7e,6d527b23-3f50-4aa9-b537-91f051f2e6a8,
87a3fbb0-82c7-4c6d-9985-768c75d7e391,5e4ccfd7-febe-4330-96fe-b878f4122c7e,6ed3dc1a-1ca2-41f8-9156-9d25640a73a9,
2261633b-a52d-49b2-85c8-74726921aed6,5e4ccfd7-febe-4330-96fe-b878f4122c7e,7930fadd-8528-4bce-ae58-d357d6882664,
adb44d93-521e-4e79-b82e-0175388be945,5e4ccfd7-febe-4330-96fe-b878f4122c7e,8212b1e9-ff81-4b83-987a-a15c8ef8ffd1,
38c067f3-1642-43da-8fc5-f99123f3d65a,5e4ccfd7-febe-4330-96fe-b878f4122c7e,94e88ca3-9c8c-4e79-b4e5-4a225d2b52a3,
09ad6182-db03-4591-840c-32be9c31f2d7,5e4ccfd7-febe-4330-96fe-b878f4122c7e,a173a689-455e-44dd-82c8-f9719977c024,
b60689f2-ee70-43a8-b4f5-158d2177d491,5e4ccfd7-febe-4330-96fe-b878f4122c7e,c519aa4e-5d90-4340-9718-a80ee38ad5e5,
cfce2665-6ecd-49bd-ad18-9f77753f27b3,5e4ccfd7-febe-4330-96fe-b878f4122c7e,c75a9657-c86a-482a-a6d2-800ab977a1e8,
04f39c8c-de37-4e24-9444-4db96f843259,5e4ccfd7-febe-4330-96fe-b878f4122c7e,e20061ca-d992-412b-8761-cdff1b25a494,
24493f70-af81-48ed-84a1-409f8bcc826e,5e4ccfd7-febe-4330-96fe-b878f4122c7e,e9b10010-27cb-4241-9d32-c744a519f733,
e97097db-3273-4629-96d4-ed7c439bc2d7,5e4ccfd7-febe-4330-96fe-b878f4122c7e,fe677327-bf0d-4202-993c-4f4af9e69ec6,
1d1da0ff-06a1-4563-97b4-9ed33f5afc62,5ebf2185-8412-40ee-8418-f71837dd7dd3,2836c21a-5867-429f-92c2-ca152d9ab243,
f1beb519-7ce7-4ea4-946c-233c3e2db6fc,5ebf2185-8412-40ee-8418-f71837dd7dd3,2f8234ad-7f88-4bdb-8c84-b9efa41fc436,
36c4cb52-ffa8-40cd-8c55-2e4079b16850,5ebf2185-8412-40ee-8418-f71837dd7dd3,7ffcbfb5-98e1-4dc3-a561-cbe557b53083,
24a116a0-40bd-41de-b7ff-7230fcd81d9e,5ebf2185-8412-40ee-8418-f71837dd7dd3,aa464fb2-ccb0-4490-8786-d6e52ec933bd,
61b13216-1913-4c30-b594-125d028146ca,5ebf2185-8412-40ee-8418-f71837dd7dd3,bb6d7892-4c45-414b-a1a7-3067b7286dc3,
ca6c4e8e-1ab2-4565-ae7a-58653a102567,5ebf2185-8412-40ee-8418-f71837dd7dd3,ecbc4346-c890-441d-ae33-95384d920433,
33892f4c-94fe-4bd2-baa7-6178e4b10f94,5f09395e-1b7e-4456-be56-c5e0c4f94ddf,1ec10181-924c-4953-b952-f7b8e3428585,
f670fb7e-6ecc-439c-8fb5-931273d9b0e4,5f09395e-1b7e-4456-be56-c5e0c4f94ddf,2a2e292a-298d-467d-b97a-2186ac7e083e,
51855f27-16a7-4e3f-ab28-47b5638357b7,5f09395e-1b7e-4456-be56-c5e0c4f94ddf,7d40a632-a53f-4696-aef5-afe783c8e6e0,
89b4dd0c-7564-4a71-b93b-dd41808fb0cb,5f09395e-1b7e-4456-be56-c5e0c4f94ddf,adf306d3-91fb-402a-b715-8006320d9714,
3bb9eada-6bb1-4243-9f0d-488e0122da02,5f09395e-1b7e-4456-be56-c5e0c4f94ddf,bfa4b772-1015-47f1-8b23-c5bdd68dc897,
5e499d6d-7a54-4834-b40b-d225c819fd13,60789ed3-f1d0-471b-a643-87ed8f701b06,1371df9c-8478-4952-b7cf-cc20bab55b92,
bd96fcdb-1c0b-4a2f-a73b-d56b65ab312c,60789ed3-f1d0-471b-a643-87ed8f701b06,7466f67e-d5e8-4efe-a0c1-873268e1f2a4,
fc5dec40-a237-4228-b719-eeca57f5fd9f,60789ed3-f1d0-471b-a643-87ed8f701b06,7d3acb76-0a0e-42b7-9099-4a335a8e8e46,
d2c0a1b3-6dde-4c32-8da6-42db025c02a7,60789ed3-f1d0-471b-a643-87ed8f701b06,a4003321-7bfc-4680-bc10-cbc746950750,
01bffa77-d920-402f-b721-197d779368c5,60789ed3-f1d0-471b-a643-87ed8f701b06,ad4963be-2ac5-44c8-90ee-971754b6db65,
a728cc24-ae7e-46e7-8c60-84bc774f4bdd,60789ed3-f1d0-471b-a643-87ed8f701b06,f0c62dc5-a0c0-4d53-80b1-061b2afd1237,
13c76d94-71a9-4bf6-8053-c40a24b25cdc,61db9f50-5930-4343-8285-6b79347b55fc,129c74f5-230a-49f5-8e01-d68f2dbd44e1,
be861a23-cff1-4932-8f47-c93c0ad94ae9,61db9f50-5930-4343-8285-6b79347b55fc,65bf4bde-cf6d-40ff-ad99-130d09dbf428,
0fe24f37-18d3-40cb-8708-7c76120d4a01,61db9f50-5930-4343-8285-6b79347b55fc,67b07981-0728-465d-a8a8-6a1289d4e76d,
b92122b1-6eb7-466a-9dc6-6e113104d2ee,61db9f50-5930-4343-8285-6b79347b55fc,6b4ff83f-5a37-4b79-a786-1e43f24e1ae6,
883357f6-3edd-4bc1-bbf4-c03a571e76ae,61db9f50-5930-4343-8285-6b79347b55fc,7edaca6a-b582-46f4-840b-6a9c6569cf96,
cd4e25de-56e9-4369-9c57-255bf23eb610,61db9f50-5930-4343-8285-6b79347b55fc,8ecd34cc-8c61-4c25-9ebf-e4938f4d1ae1,
2557d8b4-404f-42ee-883e-0f605b2b9795,61db9f50-5930-4343-8285-6b79347b55fc,964d8d31-5557-446b-b7c0-c2b1a4eaa0c2,
ba37f977-26b1-41c3-8dfe-35a71d9b3d7c,61db9f50-5930-4343-8285-6b79347b55fc,968006b0-77d2-4580-a7d0-8b49270837f2,
7869ed27-f066-4b77-b07e-e5381c93b884,61db9f50-5930-4343-8285-6b79347b55fc,a037691c-0191-4a62-8d07-a14adf14744a,
69878d4c-2945-4ca9-ad52-b34048198577,61db9f50-5930-4343-8285-6b79347b55fc,adb8df88-6feb-43c0-b9ed-cf67b5ef68aa,
4fbad36c-9e60-407b-b478-8454194deb74,62c3c22d-463e-4a7f-8727-9c7c8881fd2e,5d8a89fe-48d3-475f-ac56-bc7ab1de00cc,
39f28a75-a1f2-4cca-be19-4a23949906e6,62c3c22d-463e-4a7f-8727-9c7c8881fd2e,785ce910-7036-4797-88a1-9636573883d4,
24ae0cee-2352-4522-b66b-3a5943f13a00,62edc4ae-be78-4a81-aefa-3b90da58a7af,09270dca-5970-4735-98fa-7ca7a4d213b4,
8def28c2-11b3-4041-9379-4aed8033be0a,62edc4ae-be78-4a81-aefa-3b90da58a7af,16ca64f6-fe3f-4701-8372-a8df98f09398,
2eef8040-487d-4742-8582-15d9cc9fdceb,62edc4ae-be78-4a81-aefa-3b90da58a7af,17879658-656a-4d19-9fce-a61bd757ab87,
ad94253e-e36e-49e2-a9ae-d5e03e3767d9,62edc4ae-be78-4a81-aefa-3b90da58a7af,b9f1a7d3-9dad-4730-ad34-fa3a0fffe965,
6f166fb1-0701-4294-ae65-0fbfcf8429f5,62edc4ae-be78-4a81-aefa-3b90da58a7af,d40a452d-dd58-4cf6-ab1e-caaf7b715f73,
6a10fa4b-03ce-45f9-ab2d-561e8becd306,6329d1fa-3f0d-498b-a185-6925607db6ba,3071a57c-bc4a-404c-9b6d-f95da0aa873d,
a0173635-908e-451c-bf18-fa8f7a47fcb2,6329d1fa-3f0d-498b-a185-6925607db6ba,3b796ccb-882d-4989-952e-91d4f0138753,
539df66b-7f07-41b9-811c-fe0c50808eaf,6329d1fa-3f0d-498b-a185-6925607db6ba,4962a7ef-0dfd-47d9-aa3a-02a6e70c1c47,
c1dd4dcf-c660-4ea7-8bd7-5c200187e214,6329d1fa-3f0d-498b-a185-6925607db6ba,4f79d745-378e-483e-934b-13d0e55d6021,
80a2f80d-eb6f-45dc-a718-4e08038354e8,6329d1fa-3f0d-498b-a185-6925607db6ba,53ffa9f1-f7e7-43ac-a41d-f616208a5b99,
50d3009f-c127-4b04-a4b9-6f27a0f65c5f,6329d1fa-3f0d-498b-a185-6925607db6ba,58328be3-3d37-4aaa-ad79-b3f985082fac,
a256f103-4b2a-4b83-a2ee-89c452137894,6329d1fa-3f0d-498b-a185-6925607db6ba,6a5ac9f9-9ff3-48dc-823a-2ab1b3264b9a,
49fee275-45fe-4962-8499-3639036da083,6329d1fa-3f0d-498b-a185-6925607db6ba,7316ac23-a8ab-4415-8d1c-0641acd30bb2,
1fa7188b-5f54-423e-98fb-ad4c20ec5b18,6329d1fa-3f0d-498b-a185-6925607db6ba,df2cf5e2-0156-406f-a21e-be218f5aff52,
bff1f249-dfa5-4e0b-8bde-5c22efddffc9,632febcb-e0b8-4227-9bd4-d34aeae309ec,48c2e59c-dd54-4155-8ad1-2afc402b39bd,
73b0e1e0-3172-42ef-8a20-368b282e7852,634ed6c7-aca5-4acd-93da-7c36e67c80e6,1dcdefe1-095f-45e9-ab2b-c96dcf0c6ff5,
526a6db8-38bd-4eab-8bca-bafb34e0e0ff,634ed6c7-aca5-4acd-93da-7c36e67c80e6,2dabcfb9-300f-4562-88ab-1ceaaa33c817,
d0553464-cb04-4966-a00b-38c5b6342a6c,634ed6c7-aca5-4acd-93da-7c36e67c80e6,bb2451a7-25ef-43ac-a0fd-baa82ee44cc3,
232a84de-8165-4871-a6f2-69106bcd7b40,6366095e-865b-4386-9540-0ead5874a94f,cb861432-f08a-422b-9b53-5badf2354e3b,
0171b4db-9950-4f10-b692-ec2d5baec812,6366095e-865b-4386-9540-0ead5874a94f,dfe77b3f-5126-4031-a04f-8bb14684b849,
d9fb51b7-225f-43fa-8028-96e3c667ed7d,6366095e-865b-4386-9540-0ead5874a94f,e1bf0185-5de5-484f-b84d-761335ecbade,
0c6134ab-517e-4df9-8fa6-acb1d70e5fdf,63a39c96-f159-4aaa-8230-c994868ff0fe,106eb00d-04e4-4ddb-a995-3a2788ef9363,
9bb212a1-6442-468c-962e-7d136d9769ce,63a39c96-f159-4aaa-8230-c994868ff0fe,15fa84ea-27b3-456f-b6d6-d1d2b5bf4468,
90785050-7d90-4f58-a58b-124e4138e634,63a39c96-f159-4aaa-8230-c994868ff0fe,1a671cf3-91b0-4ec0-b93b-f6aaf8979e59,
adbde687-d8bd-4ee3-ad82-16ef020fba99,63a39c96-f159-4aaa-8230-c994868ff0fe,2ec2ff77-de58-4b75-9808-af30657624c6,
8073b79d-3323-4c80-8cb9-8e14b8cd77ed,63a39c96-f159-4aaa-8230-c994868ff0fe,31f53adc-fdd3-4656-8f59-6e4344ac7e6c,
82a3aae8-daae-47fe-8bab-147573047b58,63a39c96-f159-4aaa-8230-c994868ff0fe,3f93f00c-a5f9-4949-aefe-0b6162547f90,
9b8a1e2f-bca4-4603-904a-4638a7110d0f,63a39c96-f159-4aaa-8230-c994868ff0fe,41c49f35-96d6-4fa1-a306-9d67978fcdb2,
a5d6a183-5c4c-46c2-80ae-80ae6bd23417,63a39c96-f159-4aaa-8230-c994868ff0fe,534b97e4-8e6d-4d98-8537-136bac29f1db,
a881d1ec-79d6-4648-827c-d1457d336999,63a39c96-f159-4aaa-8230-c994868ff0fe,83b0d0da-16d7-44f6-862f-be538167b9aa,
8a4d5ccb-7e2c-4503-b859-c1c5d125b9f9,63a39c96-f159-4aaa-8230-c994868ff0fe,84d21e2d-ba77-4f2c-827c-ac64070fee27,
4193be1e-26c6-4099-a72a-59c4605cd8b8,63a39c96-f159-4aaa-8230-c994868ff0fe,a6d577a2-ed48-4c5f-86df-b093ab2f7816,
e34b8c5f-96a1-4342-8fca-01e7aec60d40,63a39c96-f159-4aaa-8230-c994868ff0fe,cc2a8ce2-2799-465a-b694-2972c25855d8,
3905b5e8-9115-454b-b161-56d87d0921e6,63a39c96-f159-4aaa-8230-c994868ff0fe,cc9f21e4-618a-448e-8c85-1fc00cf5aa4a,
4aa83938-7c36-4b36-abb1-10d82a5fc580,63c519ea-a973-415a-bbb7-2512b5b96ba7,18c0d3e3-e1e0-4863-98f8-6284af7731d5,
e105e667-44a1-4826-8377-ce7ba4b98936,63c519ea-a973-415a-bbb7-2512b5b96ba7,4dc4a026-4519-4341-8152-e12c412b50c3,
3b61a781-b862-4512-8771-c26960ef686f,63c519ea-a973-415a-bbb7-2512b5b96ba7,62e58f99-0b91-4dfc-b683-5ad2a7c2a2db,
b8beb41e-980f-44fa-9786-969565e5f308,63c519ea-a973-415a-bbb7-2512b5b96ba7,8a466260-19c9-4712-b4cd-8424c2e386b6,
549a6327-106e-4a09-bc95-ee320b174eee,63c519ea-a973-415a-bbb7-2512b5b96ba7,94ebd2cb-e37e-48ac-8b79-15d15a30b6e0,
9c3b66a1-58f0-4bda-a3f7-e29ba257cd0e,63c519ea-a973-415a-bbb7-2512b5b96ba7,be9f52b0-9834-4c43-95cf-099a4ee4610f,
6e078bd4-f084-4c6d-9e77-f971aaf0de26,63c519ea-a973-415a-bbb7-2512b5b96ba7,d353dd5e-4fab-48f3-b45d-623a4256abae,
d4d6c51e-86ab-40a3-a6cf-0b0251d8b7ff,63c519ea-a973-415a-bbb7-2512b5b96ba7,d4854ccf-4d7a-4f76-86b4-dba38be9d992,
93da92f3-87fb-4f53-9187-cc2f21be72f5,6452eb08-967b-4c43-96a3-aab0c26087ca,06f35f96-258e-4568-8736-80c14375d9cf,
0fd57b4b-49d4-4a7f-a2d5-f5d69006f43a,6452eb08-967b-4c43-96a3-aab0c26087ca,08649b16-d574-48bc-99b6-9862f6f8ce5a,
bc176d87-6932-4392-906b-e51bebf22d00,6452eb08-967b-4c43-96a3-aab0c26087ca,170b25a0-07ef-4ac3-a79d-70a7fa3b22d7,
6f7b624e-524e-4c00-9c33-fed6eb64cc44,6452eb08-967b-4c43-96a3-aab0c26087ca,2219f7ed-82d3-4ce3-b1e7-c275ada9e1b5,
35f5f7cf-c40f-4960-9eb0-bc2047b328f1,6452eb08-967b-4c43-96a3-aab0c26087ca,395aa115-f604-4731-bc28-67b64aff02e5,
56a7a094-4ffc-4ea1-9cd0-94f4a555e925,6452eb08-967b-4c43-96a3-aab0c26087ca,3b7c5762-3ea2-4443-8d17-88be0d8fbcb9,
f565fcde-cc6e-4396-b5cd-0c6d71479250,6452eb08-967b-4c43-96a3-aab0c26087ca,511aab8d-3665-4176-a33d-17017009de3f,
715807ed-7a49-4aba-a6cb-31b5882818b4,6452eb08-967b-4c43-96a3-aab0c26087ca,52be09d1-b19b-4405-a84f-bb61286dbb09,
b058d69a-27de-4080-8d4c-dc59b2d14713,6452eb08-967b-4c43-96a3-aab0c26087ca,55bb3802-dd9e-475d-bef7-38fd8292edb0,
4444598b-cf4a-47a3-95bc-285e0ead1b2f,6452eb08-967b-4c43-96a3-aab0c26087ca,7488f0f5-4dd6-4f57-8e68-d378e140aeca,
0375a355-07e9-47d3-af78-18058b7cc140,6452eb08-967b-4c43-96a3-aab0c26087ca,7600db65-1a06-4ecc-b82f-b05fca026105,
35997264-8a47-4417-9eb2-a0f55709dece,6452eb08-967b-4c43-96a3-aab0c26087ca,8319c900-2753-4fd0-abdc-ceffe30067d7,
5c21fc06-1ab2-4478-b99c-bc9e3eca6042,6452eb08-967b-4c43-96a3-aab0c26087ca,906d7ae2-a85a-445d-87f1-f18f19d5b63b,
43cc5888-7e62-4a32-8b41-403522320b06,6452eb08-967b-4c43-96a3-aab0c26087ca,9a9fe17d-81a4-4660-8c64-d2effa12f051,
6abed5f8-f0a5-48e4-bbd0-99ef7aed8329,6452eb08-967b-4c43-96a3-aab0c26087ca,a9c34778-aa16-4b9c-899a-c95cde617359,
a12d2524-9107-4f08-95a7-3e5c745a0617,6452eb08-967b-4c43-96a3-aab0c26087ca,af6cebb3-402c-4f3a-b99e-413b6dc4a3a5,
0f9db450-8ea7-4a6d-9cea-cfa07d5c9f11,6452eb08-967b-4c43-96a3-aab0c26087ca,cd235a15-e114-4eec-98d6-8a5449828923,
b08700fb-99f6-46bb-9f2d-d5c3dccdb94c,6452eb08-967b-4c43-96a3-aab0c26087ca,d5f6fb88-fbcb-444a-8981-32a59910656b,
c8fcebda-23fd-4b97-ae64-d9f44c60b188,6452eb08-967b-4c43-96a3-aab0c26087ca,d9118ced-45c4-4e1a-bcdf-460decdb2c66,
f6e55fb7-0484-4b2d-bcf2-420626c06fe0,6452eb08-967b-4c43-96a3-aab0c26087ca,dabd994b-c629-4761-aa81-b9f7ae3a8bd0,
353130de-3824-4272-8c62-c3c5f47b5fea,6452eb08-967b-4c43-96a3-aab0c26087ca,e632252c-950e-4aca-9097-4ca3abc3eab0,
4245d94b-87d2-463a-b518-1f2485ea4de0,64562221-ce43-42c1-a2e1-72814ede9d8d,55caf635-d4d7-4bf8-8297-9fdcc64daa09,
dccc42db-0531-4c92-b40a-b16c2cdbadaf,64562221-ce43-42c1-a2e1-72814ede9d8d,6b7c2890-2319-4c57-ac4b-b2ce950c4559,
6cbe2ed3-4ff2-44be-bd4c-23c42d5e52a2,64562221-ce43-42c1-a2e1-72814ede9d8d,6d0e1c39-0fdd-4267-bebe-573214dbb5a3,
841c5877-24a1-4f54-9e66-7758e8e12574,64562221-ce43-42c1-a2e1-72814ede9d8d,72a6d300-27c8-4714-bcea-b2c271ccbdbc,
ef8fedb2-2c05-4590-9482-b43c1d1a77b9,64562221-ce43-42c1-a2e1-72814ede9d8d,7a49dba2-bac1-4666-b246-fabf85aa3830,
f8f76749-f5a9-4cbb-8965-710183d66b37,64562221-ce43-42c1-a2e1-72814ede9d8d,7ff64c4b-3611-4b25-939f-dad0a1280a67,
408c4f53-871d-4387-93ca-cb9dc5d4073b,64562221-ce43-42c1-a2e1-72814ede9d8d,809a952e-e94b-4b1d-af1c-0814cfb98436,
3937936d-0d40-43ac-b1e7-1a16e030e0c7,64562221-ce43-42c1-a2e1-72814ede9d8d,87da9e80-6b0c-4564-9e50-6f5f3b96eee2,
714c2f06-3752-4e8b-b22a-d6c928fc4874,64562221-ce43-42c1-a2e1-72814ede9d8d,8c89f17a-b679-45c3-9be1-8e27a50c19d8,
025d7e29-8e7a-4344-8185-ef865fdbccba,64562221-ce43-42c1-a2e1-72814ede9d8d,94859ca2-0e56-402c-a907-4d8054bcadfc,
09a39fea-d35c-4b68-8ca4-c9ddb3fb2cfe,64562221-ce43-42c1-a2e1-72814ede9d8d,959b1201-c673-48ef-bda6-6c3330fba5b5,
c01e674d-c96e-4190-bed2-c870947a6bd8,64562221-ce43-42c1-a2e1-72814ede9d8d,a211cea3-8522-409c-9d5c-3c1571ea81e4,
6eb6f3c9-0619-4d99-a108-b042ae793cb3,64562221-ce43-42c1-a2e1-72814ede9d8d,aeb6c3e5-4c00-4b18-b205-a23be54fcec2,
e703100a-8384-4a44-a723-2650a87c0b63,64562221-ce43-42c1-a2e1-72814ede9d8d,af3afc39-e78c-4d84-880e-566af7d34499,
93d372a8-3612-49b8-9a36-8cbac4db6bf7,64562221-ce43-42c1-a2e1-72814ede9d8d,b56fc884-0f27-4cbb-bdb5-5d2da7705cf2,
20664b80-11c9-405e-90c3-49dc74f88b42,64562221-ce43-42c1-a2e1-72814ede9d8d,b5aba977-70b2-4114-8279-2dd821958d32,
016403f4-f169-48c9-8ec9-f5537b60e9a4,64562221-ce43-42c1-a2e1-72814ede9d8d,d6517c1f-fd88-4bc4-bfbf-431a6046ded6,
ed3e3f78-ea8a-4e89-9eeb-0034942637a0,64562221-ce43-42c1-a2e1-72814ede9d8d,ff577320-3265-4d43-9361-9e2dd33e46c3,
500b0774-945f-4853-a7bf-906ef4544458,65380b86-fec5-4b40-b353-37bc81ed050e,0ef05366-4a2b-4f4c-8c08-594d12fbd3e2,
c82f9365-14d8-4359-a233-136f073ea29c,65380b86-fec5-4b40-b353-37bc81ed050e,373ce592-385d-4d41-a2b4-1a3165939d45,
38ce7734-8d16-4bf5-9938-e74b112e5919,65380b86-fec5-4b40-b353-37bc81ed050e,480531fa-4707-4a2b-aad8-25ce211aba04,
0655c580-46b1-49ea-8669-57a356ec32aa,65380b86-fec5-4b40-b353-37bc81ed050e,4fc8cf4b-8048-4567-b2bc-9593da7304e6,
8912a505-adcd-4853-a226-51f2d4e4f017,65380b86-fec5-4b40-b353-37bc81ed050e,703961c9-b609-49a5-9da6-0c756d77da3e,
47f35b43-fc54-4273-9839-d0d7eb7f84e2,65380b86-fec5-4b40-b353-37bc81ed050e,cc68a6a8-cf02-4fc2-a137-a2311422334d,
76fd70b5-5b1d-4220-8d5a-5488a7a05d78,65816c62-0ec6-46bb-84ac-06febdb21f51,01729384-af19-4108-8938-562975ec47b5,
37c7e098-cf76-435f-b405-f6b588b7b5cf,65816c62-0ec6-46bb-84ac-06febdb21f51,05d5d0bb-bdf6-409a-9d8b-b3a2ba44acda,
f7827759-14c1-47ba-be4e-2e35c86370f4,65816c62-0ec6-46bb-84ac-06febdb21f51,082170de-2ad8-4b7d-b8a9-daca52774ad2,
e423a351-fa1a-4a25-b861-426259cac553,65816c62-0ec6-46bb-84ac-06febdb21f51,0869012c-0ffc-4230-8123-eba0e219aa54,
43bcab83-93ed-4c00-9396-7a8fb73ae78a,65816c62-0ec6-46bb-84ac-06febdb21f51,0ca17051-0007-4f86-9273-0f48f35826f7,
913d6a5c-14bf-4e0a-9536-4cf272ac952e,65816c62-0ec6-46bb-84ac-06febdb21f51,0fbfc482-bf21-47ef-a3ac-1bcce030ce7f,
b6f0add4-46f0-4b8e-891b-22026ff9797f,65816c62-0ec6-46bb-84ac-06febdb21f51,116f5bda-9456-49bb-b2b1-81b26274d434,
45986120-558a-4f92-bb69-496956ecce58,65816c62-0ec6-46bb-84ac-06febdb21f51,1ec558f8-ace8-4631-8a40-d7969dad9865,
7dae46a2-9ad0-4112-999c-6938f3a8b190,65816c62-0ec6-46bb-84ac-06febdb21f51,2143a614-eef9-41ef-96c0-1f8668829706,
fcc0f092-75a2-4513-b645-9e0f1a5c13a7,65816c62-0ec6-46bb-84ac-06febdb21f51,2178fcd7-9ccb-41d2-a112-f34e5e60abd5,
0d13a76a-0211-4781-9a94-c1d81cd95697,65816c62-0ec6-46bb-84ac-06febdb21f51,2692a61b-9d6d-4b0c-bde6-f2724f5c085e,
8a27f657-2b47-46d0-a05b-4a67f72e4252,65816c62-0ec6-46bb-84ac-06febdb21f51,270f7778-c353-49e4-8802-0baf87f7cd53,
cfa505be-52bf-4e1b-8f0d-ce5056ccf6fb,65816c62-0ec6-46bb-84ac-06febdb21f51,290cf0e0-71cc-45ec-b28b-c54bb565b973,
98a8aa71-4f24-4469-954f-ca6fd7a4a9a2,65816c62-0ec6-46bb-84ac-06febdb21f51,3c5ae0fd-4934-4c17-9ea2-49aba6513714,
be057249-681d-46fb-90d2-ba68fd8fed9f,65816c62-0ec6-46bb-84ac-06febdb21f51,3df4f1ea-8b8c-4790-be97-a2f7babd0a41,
cd54aad3-394a-4586-aba0-b31eedb3f2a4,65816c62-0ec6-46bb-84ac-06febdb21f51,4285f2e8-ae5d-4c4e-95de-3e77439bc710,
90f82319-ac51-4142-b782-14e93b0e1b2c,65816c62-0ec6-46bb-84ac-06febdb21f51,45636277-e7a1-4d0e-b1ee-2dc8816d009d,
f63488cc-7d81-46c7-a173-063131ffb5cf,65816c62-0ec6-46bb-84ac-06febdb21f51,4653b070-c1aa-45de-ac02-b9f93d488942,
2fd9f3d5-394f-4b74-8af8-b5f7e477ba5c,65816c62-0ec6-46bb-84ac-06febdb21f51,4ab5dfc1-a621-4155-92e1-81620ac58c6c,
5618cdcd-b5fb-452a-ba7c-79bc092857e7,65816c62-0ec6-46bb-84ac-06febdb21f51,4b77f6d3-3317-4cf2-aa31-25783e640931,
b7c26920-bae5-40a0-9307-80034a1192fc,65816c62-0ec6-46bb-84ac-06febdb21f51,4df5b5a7-e890-4183-8136-dce734dc317b,
17d785b3-014d-49f0-b517-f2a79bb95ea3,65816c62-0ec6-46bb-84ac-06febdb21f51,4e93b537-c16c-443f-8c73-152b649e6fe6,
fc716984-2b31-48ca-b4c3-ae494a66848c,65816c62-0ec6-46bb-84ac-06febdb21f51,58d31c84-db79-4955-a849-5fae35649348,
3213bbcc-9293-4d61-8db1-a6a3671824e7,65816c62-0ec6-46bb-84ac-06febdb21f51,5f2dab23-a7c2-4ca2-a451-1b94367a5d34,
49be8b87-ddec-4a30-ba72-ac3e3f4aa608,65816c62-0ec6-46bb-84ac-06febdb21f51,6819bff9-7f30-4a32-ad23-f35b914c17b2,
0bf3b38a-8aab-45b4-987a-fe2914a8a6cf,65816c62-0ec6-46bb-84ac-06febdb21f51,69a2d1a3-76c4-4c09-bd66-9ee470c33ec5,
de5a47f1-104d-46e3-9993-02c5e5dc8b85,65816c62-0ec6-46bb-84ac-06febdb21f51,6e194a7c-ee75-4500-957c-3e37bddd799d,
97862b4f-6897-4440-821f-d84eb346c84a,65816c62-0ec6-46bb-84ac-06febdb21f51,78cb20a9-cc92-40c4-8670-a509e93a74b4,
29067021-0429-40f8-8df3-ccd2d0860769,65816c62-0ec6-46bb-84ac-06febdb21f51,7988f78f-d00f-48a8-ac7c-e271a1079d64,
94ceff87-e739-4064-a830-6cffb504055d,65816c62-0ec6-46bb-84ac-06febdb21f51,7af9ef99-34da-468e-ba10-ef6b4e78886a,
c3bb2113-748d-4de5-8f9b-aadd02fc199f,65816c62-0ec6-46bb-84ac-06febdb21f51,85dab882-3488-4a23-a4a6-e2d27f618e8f,
f6fefd35-ba08-4c4e-9dec-4dd5d26c5e5f,65816c62-0ec6-46bb-84ac-06febdb21f51,9602a6fc-d2a2-4851-98f4-41e6836b97e3,
843b8fe2-a66d-4ad1-afd2-4084d5314862,65816c62-0ec6-46bb-84ac-06febdb21f51,966f5162-8b33-4980-86ad-2bcafd387b01,
976a8605-1907-4219-a996-ad7f5c1e7418,65816c62-0ec6-46bb-84ac-06febdb21f51,96f7c19e-9b56-4b04-929c-622a72bc32bd,
013fa114-67ed-425c-9c04-add96270b405,65816c62-0ec6-46bb-84ac-06febdb21f51,a4c84b59-36f0-4688-a10c-efb769b9ca6e,
88f14d44-23c7-427f-9ed7-6821a305a18b,65816c62-0ec6-46bb-84ac-06febdb21f51,a9a86049-0eec-4396-84a8-0d61a832999b,
d2f79ec6-438f-486c-9ed7-4e1939151611,65816c62-0ec6-46bb-84ac-06febdb21f51,ace6cec2-c89c-44c7-bf1e-3a0df95d5ad3,
371df11c-0bb8-4418-b6b7-3aff1c7b4fa5,65816c62-0ec6-46bb-84ac-06febdb21f51,ba74897a-452b-4429-9cdf-610b00fced4e,
cf197256-0ffc-4331-b95c-e5ff0b18a4a1,65816c62-0ec6-46bb-84ac-06febdb21f51,bcb417e0-3abc-4eba-aa0c-9bfa1c02c076,
78dc13e1-9f78-4b78-b8e2-3633f0f5def7,65816c62-0ec6-46bb-84ac-06febdb21f51,d55aedbd-57b0-4a04-9736-60fcf9918e5e,
b6cbd8ae-b5e7-4e91-9fdf-1ad64dcebdd2,65816c62-0ec6-46bb-84ac-06febdb21f51,d59b5a46-350f-4cd8-b1ba-153786423717,
9382b74a-d4a6-47ad-8acb-558b729cf246,65816c62-0ec6-46bb-84ac-06febdb21f51,d9795771-9a46-477c-8263-402f25c8e132,
e6a86316-6dc8-4c71-93ab-6826891b65b4,65816c62-0ec6-46bb-84ac-06febdb21f51,d9cc264e-5aeb-46b9-b705-dd11305c4c0c,
26cba515-e345-4e59-b69a-fab55cc83c55,65816c62-0ec6-46bb-84ac-06febdb21f51,da414d7e-c456-4fc0-b8d2-2aaaf4befccc,
7464ebb0-e560-4806-afe8-df734ef7389e,65816c62-0ec6-46bb-84ac-06febdb21f51,db091720-2aed-491a-b392-f461fe1022b0,
0a145d18-16b4-47be-bbf0-95523beb06d0,65816c62-0ec6-46bb-84ac-06febdb21f51,e3d27f06-4763-4ff5-9e1b-c175b7d4c638,
4797c768-3efd-46ad-b3b5-124e255a4418,65816c62-0ec6-46bb-84ac-06febdb21f51,e454ad35-b81f-4e5e-90a1-124fd9169a74,
355c8156-7cb1-4dcb-a46a-5e34293c01bd,65816c62-0ec6-46bb-84ac-06febdb21f51,ea3b0ab5-12fb-4cd2-a02e-3da4dca50f22,
0572e7e7-840f-49fa-9b31-9ce758b6d57e,65816c62-0ec6-46bb-84ac-06febdb21f51,ebd7eb58-bf0a-4d14-8642-a23ad189140a,
897d88b9-eac9-419e-9692-44b03fd05df4,65816c62-0ec6-46bb-84ac-06febdb21f51,f73abb98-bd11-4e3d-a2d8-ffdf4a76d667,
e1f217a7-d419-40df-8a24-dd5859211dc8,65816c62-0ec6-46bb-84ac-06febdb21f51,fa0e40b5-8fdd-421b-9bda-20746a10fc6d,
9eecd131-94bd-4353-bd0a-b6c237672602,664fdb22-a1f8-427d-b7f6-42ff663d4e21,18bd844c-197b-4c8b-a7b5-f075e05f9728,
7663014a-dd2b-4e5e-943c-8946e9583cd1,664fdb22-a1f8-427d-b7f6-42ff663d4e21,22c0d22c-86d0-491c-9e5d-d0c7014f6561,
946efb8f-9780-4519-b507-c2e8f3f65343,664fdb22-a1f8-427d-b7f6-42ff663d4e21,6fea476c-230f-4a0a-809c-d1b3e5aedd2b,
aff58174-30bd-4f7f-8f64-c287d54b9e1f,664fdb22-a1f8-427d-b7f6-42ff663d4e21,842f832e-a453-4a7c-9b6f-236b219e0115,
7ad945f2-3acb-4f75-939e-8f308356d352,664fdb22-a1f8-427d-b7f6-42ff663d4e21,c0cd2683-7c2a-48e0-abc5-aac4c2ff4751,
1537d037-64a6-469e-b075-6988104a5fa4,664fdb22-a1f8-427d-b7f6-42ff663d4e21,d7cc11bd-dbf2-4693-984f-9946a05e9216,
f19c8c6a-669f-4c5e-8940-f29fb11d0627,664fdb22-a1f8-427d-b7f6-42ff663d4e21,ec63afc0-14d8-442f-a3c4-1f7a51b36cc3,
8bf18c11-04bc-4b08-8dfb-aef4ae518fd5,664fdb22-a1f8-427d-b7f6-42ff663d4e21,f4e6a2fd-8763-4aac-98ec-5b41ce66656a,
930cfdda-1910-49cf-8f4a-cd3c86d2dc09,67aeca00-7dc4-48bb-9ced-a49c28fba34c,13e68628-efad-4807-92bf-8c00fc1965b1,
f2f0236e-b7bd-4397-82f2-4205bef71b03,67aeca00-7dc4-48bb-9ced-a49c28fba34c,22fb68ed-6f8a-447f-aefe-45896bb90730,
0a5ec4c4-9db6-4c88-a0cb-0465950a68cd,67aeca00-7dc4-48bb-9ced-a49c28fba34c,2c60a8cc-df5a-4191-860d-f2eb76732ce4,
368a8e06-ff9d-47d6-9f6f-87d672dfaa0d,67aeca00-7dc4-48bb-9ced-a49c28fba34c,2e0b3bb1-1c21-4155-993e-82fad314d84c,
b88b6ff7-7e99-4d89-bbf8-f3fdf2138585,67aeca00-7dc4-48bb-9ced-a49c28fba34c,506ef7ca-da2d-4c8d-8993-92ebd463f1e6,
776d5c59-0807-481a-bb7d-4e17a82a9de2,67aeca00-7dc4-48bb-9ced-a49c28fba34c,8a72b9c0-1c93-4ed6-8773-9381235b77d4,
9a637fb1-dcbd-4e67-99b2-4d1548d5d4ac,67aeca00-7dc4-48bb-9ced-a49c28fba34c,97a75ddf-c5a0-42d2-9b83-694a83f233df,
958dc525-f858-4317-b273-cadebb62ed3a,67aeca00-7dc4-48bb-9ced-a49c28fba34c,b493c10a-154c-4e33-8c80-aebe070eee05,
25a19dee-2cb3-47be-b176-3d826c7ffe3b,67aeca00-7dc4-48bb-9ced-a49c28fba34c,d73f7ed2-81ef-4a9d-90ad-4ba64208515b,
9432c9be-1985-461b-a5ed-34658b26faac,67aeca00-7dc4-48bb-9ced-a49c28fba34c,dfc0176a-3ad7-4502-9542-15bded6a5e42,
0daac60c-c696-4ae0-b757-1bf7cf731c88,67aeca00-7dc4-48bb-9ced-a49c28fba34c,fe56b1b6-ce0a-4648-97c1-1df5c0b868cb,
39d8d537-89c7-4403-b9c9-428b1654e6b5,6826d9fb-3ec2-432e-8021-63377a404e4d,2271beaf-05c2-46af-9d78-70092f85dfc7,
f7188bed-b85f-4ff2-a988-28e84800a8a5,6826d9fb-3ec2-432e-8021-63377a404e4d,352d301a-7627-4899-9dc1-f68cac183a7e,
8f62016c-6b68-4a43-9e72-1d3e45265b06,6826d9fb-3ec2-432e-8021-63377a404e4d,583335a1-832c-4cd8-aca5-c7aba0eda4f8,
a002b6ea-be20-4987-a4b8-80602f91c41c,6826d9fb-3ec2-432e-8021-63377a404e4d,7bfbc0bf-e4ce-4d6d-9639-341c99271db4,
0dee7b68-f656-4dba-8840-5c77a4f2e86a,6826d9fb-3ec2-432e-8021-63377a404e4d,8aaab3d4-ec54-42ad-ab9a-25607d44df0c,
f23f20fa-e895-47b7-83d1-88ba0dcf3dda,6826d9fb-3ec2-432e-8021-63377a404e4d,add75c46-0c56-4a3d-bf85-55772f3b1ae1,
ce55a197-6ec6-47b8-981d-d7ac8a6b7c00,6826d9fb-3ec2-432e-8021-63377a404e4d,b8557638-7d50-4d02-9cf8-67bc780df729,
f0820492-16e3-46f8-b6d7-052e28e1b1e0,6826d9fb-3ec2-432e-8021-63377a404e4d,e0ae4edb-47cc-4ef7-b370-4c0eac5dae64,
21436af4-1b31-4851-8270-9e73315e1a24,692632e5-2420-428c-bb40-6261b1e31e48,049fa80b-b580-4a0a-894c-1018ffb4c4d6,
25198540-5ea1-48fa-a3d3-fdfd9e8f00e6,692632e5-2420-428c-bb40-6261b1e31e48,205520c5-1ec5-4e84-9077-cec7e8902c45,
9a8b2b04-b144-48aa-a761-243157e3b8f8,692632e5-2420-428c-bb40-6261b1e31e48,2a827468-6cd8-49b2-ad04-b94e4816a300,
0d661ea4-dbe6-488e-a97e-bcd2f1b49b36,692632e5-2420-428c-bb40-6261b1e31e48,2a838ac9-e948-4e2d-8517-b5ce9bbb2b17,
2c4c9175-6a95-4734-919c-3e571663540e,692632e5-2420-428c-bb40-6261b1e31e48,38c69a93-dd32-4dde-9dcc-47525e9e3e09,
266b52e8-7d54-42dd-bbf0-648df0cca417,692632e5-2420-428c-bb40-6261b1e31e48,3fa7a220-fe12-415f-9f38-66fa66ac4710,
f82a96f1-417b-45da-93b6-ab819d40aeb5,692632e5-2420-428c-bb40-6261b1e31e48,43d19e5d-700a-421a-bdb1-b07583b6a0ae,
d0c00274-116c-426b-ac57-14fee1df2ce2,692632e5-2420-428c-bb40-6261b1e31e48,4c00293e-7ada-4eaf-97e9-7eb1525235d4,
49f549cb-2b03-45bb-86af-67429fe68100,692632e5-2420-428c-bb40-6261b1e31e48,51038a11-a0e9-4cce-bbbc-2403dae1fc9b,
06e59aa8-77ce-401a-ab37-35d78fe7b68b,692632e5-2420-428c-bb40-6261b1e31e48,55022f0d-b1a8-48f4-a822-1c5033c1edbf,
1e68330d-603f-4e5b-9dc3-35f89ca06e0d,692632e5-2420-428c-bb40-6261b1e31e48,553a11d6-32d4-4ec3-9965-221e4aacb6c8,
0ed17ede-a267-433b-af72-62f661bf3c1d,692632e5-2420-428c-bb40-6261b1e31e48,6813a999-4a25-4f22-8590-ebbc79742c02,
5b974dce-bdd0-4f39-88a4-29674d7a133c,692632e5-2420-428c-bb40-6261b1e31e48,6b8a7a2d-b44b-4f20-8851-f2fa910492c5,
5d9a6699-05d2-486a-915d-4a727ff3b965,692632e5-2420-428c-bb40-6261b1e31e48,6cdd8dce-d2f6-408b-9466-039ddb89a79a,
9e29fe6b-a1f1-4132-a43c-a0631b975ae7,692632e5-2420-428c-bb40-6261b1e31e48,7b109f47-9062-407f-abc3-92a7c9d48b05,
f02ad046-f54e-4dc0-8f3e-e3f091d77b06,692632e5-2420-428c-bb40-6261b1e31e48,7c989b42-2df8-4a7f-b893-00718d99b7f8,
a998adfa-e960-4949-bd0c-a1949ce328f3,692632e5-2420-428c-bb40-6261b1e31e48,7d1f6df1-892f-44cc-9f50-4cbd15c7098e,
a606c218-6f81-40e1-9f9d-253c52bf4474,692632e5-2420-428c-bb40-6261b1e31e48,7f9476e1-db38-4cd2-9b73-a6b150a359ca,
0a053ae7-b123-4656-8f16-bfe7e2ac2300,692632e5-2420-428c-bb40-6261b1e31e48,83e84c2e-b6f2-4395-b30e-b080a8c113ce,
8096f3d0-b52a-460a-a595-80ba87d11dd4,692632e5-2420-428c-bb40-6261b1e31e48,89f9781d-9cc9-4e7a-a030-82e627d3e971,
77b14dc2-2591-4f36-9cce-e2e98a7c6bf2,692632e5-2420-428c-bb40-6261b1e31e48,8ad90ba7-bd41-4bf0-a211-da1e6418469f,
02cf00d9-8c3d-4081-9336-939463dab895,692632e5-2420-428c-bb40-6261b1e31e48,92a0f513-e253-4431-af00-6b76949d0ee9,
c473b18e-aa3a-49c2-814f-c92a634e349f,692632e5-2420-428c-bb40-6261b1e31e48,9d4995e4-b953-482a-a190-f2c2c753bd20,
6325fc45-f7d9-4ca2-80e1-bcef533e07b3,692632e5-2420-428c-bb40-6261b1e31e48,9e69eefd-6d7a-4961-9309-159191eea8af,
6576478e-2360-44dd-bcff-fbcc2872a4d6,692632e5-2420-428c-bb40-6261b1e31e48,a28eb6c3-e395-4d85-a6e6-d8c025c8e19c,
4fea9595-a813-47b3-9217-f9f8ee8990b3,692632e5-2420-428c-bb40-6261b1e31e48,d9e456dd-ee33-4974-a4b6-d9422d39b0ac,
b2eca826-d5e8-4781-a33d-ccbeea38c75d,692632e5-2420-428c-bb40-6261b1e31e48,e107733f-596b-433d-964d-37ab31e23ceb,
d53170dd-c99f-4b9b-8f44-5a25d2b22c97,692632e5-2420-428c-bb40-6261b1e31e48,e8b47cf3-1c3f-4e8e-b1e8-65caf95bc647,
6a4ea65a-79a4-4714-bd02-2399a05bf6fc,692632e5-2420-428c-bb40-6261b1e31e48,ec9c0bc7-0a56-4405-b8ba-36e85035abdb,
e8cf9174-1e80-4ab7-9df1-0b06d87999e5,694590e1-b14c-4b37-8043-8fbd7ef163a2,028d2771-808d-4e8a-8af6-b16219524ace,
638f8c8a-da5f-42f1-85a5-6bbca65f3a39,694590e1-b14c-4b37-8043-8fbd7ef163a2,0a1290b5-2964-46d5-bac7-b57dde109cb7,
1951ce9b-acca-4bc2-8aa5-fd9c30456f3e,694590e1-b14c-4b37-8043-8fbd7ef163a2,5a5b121f-43c0-47a1-8f61-c41c99c268db,
13700341-c7a8-4f53-a6d6-6eed9df15d5f,694590e1-b14c-4b37-8043-8fbd7ef163a2,f26badbb-1076-4bb8-b061-87c8b1abc3d7,
1ee16076-b52a-4903-8217-36cd434a96fa,697abd76-5a8f-4683-9c95-b56a33cf666f,4efac09f-139d-488c-bc58-83cc4f2bc552,
a81ff42c-5c9c-42b7-abf2-10cac1454abd,697abd76-5a8f-4683-9c95-b56a33cf666f,50331ca2-a06a-40c3-b0f4-2ada727cd1d5,
9d40a0ba-a470-4c10-b97f-0f799dc1b4b7,697abd76-5a8f-4683-9c95-b56a33cf666f,de5163e8-59bf-4cdc-b459-83d63a0cfdb8,
3170e2d5-6813-4078-bf13-469e453abcc5,697abd76-5a8f-4683-9c95-b56a33cf666f,e8b48b87-02e5-47d7-b9c3-815e8c14a71a,
cd372f0d-33bd-42d6-845f-2c845669162f,6ae323fd-393e-4328-bb62-8030893e12db,78c6e0f9-41f9-49fb-8d53-4d602a759288,
9fdb83b1-98a8-4785-82c3-0a46ec67d29f,6ae323fd-393e-4328-bb62-8030893e12db,95bfb764-88de-46f2-adcc-0db9b54f6347,
9a87c516-8c5f-4105-a9fc-da75de35cbd7,6ae323fd-393e-4328-bb62-8030893e12db,aa573f4d-a83f-4feb-8666-8e77c31e3b48,
413df3a5-4ae0-4d69-9a99-2c1f593d2dbd,6bcd6b43-bafe-443d-b17a-1f2235cf1778,39d27530-6119-43e4-8e0f-80216e3924bd,
20eb55e4-dd62-40da-a6f3-1bac829faa4f,6bcd6b43-bafe-443d-b17a-1f2235cf1778,3b546874-40b2-4d61-ac17-b28f34a6ae8b,
068ee4c5-5dcc-4de3-91a5-914d0d436f98,6bcd6b43-bafe-443d-b17a-1f2235cf1778,559930a1-f529-40cd-9f90-f387e619aab3,
3c2426dd-e1e3-404c-b433-1c699cb8b3cb,6bcd6b43-bafe-443d-b17a-1f2235cf1778,5b1e1b4b-9ba4-4c9b-894f-b620f49892ce,
a7bff25c-e38f-41e4-a027-f0b75e008db6,6bcd6b43-bafe-443d-b17a-1f2235cf1778,5b72141b-1edd-4e1d-864a-f3892afa92db,
8cabdaa9-ee8f-488e-8311-721325186b0d,6bcd6b43-bafe-443d-b17a-1f2235cf1778,641531e6-15d6-4ca4-a744-3266bea96a65,
ff508d5a-18ab-4009-b99b-3dd0d74417a8,6bcd6b43-bafe-443d-b17a-1f2235cf1778,7ee94b9a-9697-4089-bf39-4710e90e03f1,
fac545aa-fc4e-4167-91ce-fd23e5b1a2dd,6bcd6b43-bafe-443d-b17a-1f2235cf1778,93786ea0-5e71-4c66-88eb-d7e453180e27,
9baed09d-c370-4f18-a954-a969a5f520ad,6bcd6b43-bafe-443d-b17a-1f2235cf1778,c8f43f83-d7da-4a5c-a0c8-ae099aedc9fb,
e17d290f-7d7e-40f5-a3f6-e24b9ef9bef9,6bcd6b43-bafe-443d-b17a-1f2235cf1778,f39ffd4c-58e7-4b02-8fff-a257b704f01b,
48bd6a9b-6c89-4d90-ab93-09899d31bd79,6bede690-8dfb-447e-832d-6525f45eb08d,a022ebd7-76cf-4428-a928-e75a6d9fed3e,
23c808d8-3644-46b3-a1da-cf69cf797d1d,6d1a3105-c92a-43d4-991b-e1351dc04624,98ed4fd8-79fb-4fd7-9fad-5d6d2fda3409,
34937e2a-e250-414b-8ce8-0e6d150d4a41,6d2a086d-f3bb-4694-8dd6-9e3104064add,1393ace1-25e2-4eff-a0f7-cb1ead69dc90,
fad012df-fbf1-4806-bd97-4b80ea7fe715,6d2a086d-f3bb-4694-8dd6-9e3104064add,14d36c21-9f3a-4f2f-89e3-399bca39919d,
b05628a9-d4c1-4295-a182-533db615b5fe,6d2a086d-f3bb-4694-8dd6-9e3104064add,2091fb4b-3d3d-41d5-8576-0c686ed34314,
ada91222-50a0-4b2d-bd0b-eb07eb024da2,6d2a086d-f3bb-4694-8dd6-9e3104064add,24c7468a-d33b-4230-b587-87f48c34d881,
e05ef860-9aea-449c-8295-c2b113c32dd5,6d2a086d-f3bb-4694-8dd6-9e3104064add,3089625a-b8e7-427b-bfc3-a90061e4927a,
db5c4d51-6ec5-494e-b5cd-4b1412ed7699,6d2a086d-f3bb-4694-8dd6-9e3104064add,432f4c6c-0f3d-45b5-93d9-1ec59614101b,
d7e25547-7006-4134-b592-1000f548b855,6d2a086d-f3bb-4694-8dd6-9e3104064add,714c594c-ea25-4554-9dea-3ae44161b204,
f14f288e-8ae2-4d20-ad9e-77d9d1a53ad9,6d2a086d-f3bb-4694-8dd6-9e3104064add,77f36bce-5247-4b54-98b0-68bbf81e8918,
70415d61-7320-45a3-ae96-04785f1f3756,6d2a086d-f3bb-4694-8dd6-9e3104064add,92bd19c0-d45d-4202-9191-a4b2e66dc002,
807f3997-9d65-459f-ad56-9911ca57ce55,6d2a086d-f3bb-4694-8dd6-9e3104064add,96a3c13d-7345-46e1-a03e-2c03c1fdc9b7,
11ab6776-127f-459e-b110-fd5802ffb892,6d2a086d-f3bb-4694-8dd6-9e3104064add,a5da6250-3929-45d2-81d8-ca5ba8d73ed2,
f0319d77-54b8-4da5-8c95-a156e1d04274,6d2a086d-f3bb-4694-8dd6-9e3104064add,a932a280-1168-42fa-b003-ce1d2955d517,
fc7adc14-e848-4895-bb8d-73e40c717f4f,6d2a086d-f3bb-4694-8dd6-9e3104064add,b2d65b1f-602f-42eb-b660-bb9a586efc20,
51739b76-4c10-4fab-8d09-58eeb49d1f2a,6d2a086d-f3bb-4694-8dd6-9e3104064add,b84b7713-aa24-4677-a383-b6d96e493713,
835702d1-0075-4a9d-8f93-8f0b63e158de,6d2a086d-f3bb-4694-8dd6-9e3104064add,bd9eec3f-cba7-4b6b-9f4d-6c2fe065be96,
8a34058f-8bff-4b69-8ecc-f548fca15dde,6d2a086d-f3bb-4694-8dd6-9e3104064add,bdd03ece-a68c-4e3e-bfbf-d318cfda4edf,
79df0c54-5efb-4934-99a4-5816aa410575,6d2a086d-f3bb-4694-8dd6-9e3104064add,c85e37ad-400f-4494-9504-b059f9b09524,
c4adf65f-061b-4d7c-aaa8-65d8640ba529,6d2a086d-f3bb-4694-8dd6-9e3104064add,daae1ec2-b016-4d89-bc1f-76ba92dcefbd,
d18b9f00-6952-4d99-851a-4d42700640e4,6d2a086d-f3bb-4694-8dd6-9e3104064add,ea127fc7-36f1-4544-a4b6-1881481f9b47,
05aae808-0cd3-4e35-be2d-adcdf6104f77,6d7b36ac-ca86-4384-b5f4-a26779cece62,048c5dd4-4af0-46c9-afb0-79eed665e908,
1f1a9597-f961-4028-a174-d1c8d6679364,6d7b36ac-ca86-4384-b5f4-a26779cece62,108075d2-dfd1-4d3b-a775-be03b3efd04c,
730f2103-740c-4278-bf7e-ad681437fc08,6d7b36ac-ca86-4384-b5f4-a26779cece62,33b106ad-56f6-4f5e-9351-d2f3ef35489d,
d1b28473-952b-4f96-b83f-f6bb786cd0c4,6d7b36ac-ca86-4384-b5f4-a26779cece62,4888cdbe-4d52-4fde-a6af-606ab814872e,
7835803c-b8e0-4b8e-b7b7-f5efc0cabbfa,6d7b36ac-ca86-4384-b5f4-a26779cece62,52a5a39f-dc3e-436c-8f7b-2c4f85734a41,
b15ce1ab-0f3c-44c2-b81a-481c65c65770,6d7b36ac-ca86-4384-b5f4-a26779cece62,56d3f030-b9d4-473b-b39e-14471488e1f6,
b8c339ca-90dd-431d-8ed1-733989dfc1bf,6d7b36ac-ca86-4384-b5f4-a26779cece62,65f2fe88-1591-4f9e-a580-02dddc8f31e6,
44091531-7519-40e1-8624-1b44b3567712,6d7b36ac-ca86-4384-b5f4-a26779cece62,bd7e987b-2b14-4881-b0ac-3abfd3fceb4d,
4f3df15f-d387-4644-a0bc-c4ab3eff56e2,6d7b36ac-ca86-4384-b5f4-a26779cece62,c03406ef-d0ce-485c-9be2-8e7c0c920eaf,
bce42a1c-5697-41ad-8a57-7a8692f7d5ea,6d7b36ac-ca86-4384-b5f4-a26779cece62,e03719d4-cfb1-40b7-8c53-cc77071d6942,
2398132a-279a-4853-bc9e-d1bb4da40164,6d7b36ac-ca86-4384-b5f4-a26779cece62,e41ecfee-a177-4082-832d-1f481aba0b2d,
eec51851-6161-4c83-852b-baacc4fda7c6,6e9cd684-72aa-4494-a60d-7806f82d1a6f,5d4db974-9b9d-4865-878c-f2b76472c6c9,
6e2a1047-b215-40e9-97a6-37a1dfab265d,6e9cd684-72aa-4494-a60d-7806f82d1a6f,5fa0db45-de05-4eca-9d70-be2a29b9797c,
092f37a1-ff6b-4dc7-9cf1-c08a8901fd94,705842c2-89a4-461c-a762-2e1ba706d6a3,4d1a8a7b-9bc3-4680-9334-9cbfb338699a,
fab227b2-ef71-4742-99bd-57f3f2d3f068,705842c2-89a4-461c-a762-2e1ba706d6a3,52dfd00d-696c-4691-82df-6dd0d3323cc8,
090a6cc1-93d1-4d3e-8535-f3969a006a05,705842c2-89a4-461c-a762-2e1ba706d6a3,5d06e78d-7fa5-4790-b51d-c1a64b48e164,
be4e1750-d4a5-470d-aaaf-644348aad3f6,705842c2-89a4-461c-a762-2e1ba706d6a3,6843ab27-7d28-4375-8811-a1d8cb4f15d4,
2bb068eb-182f-4e3f-a2c7-37cd5077dcb3,705842c2-89a4-461c-a762-2e1ba706d6a3,b7d2b472-ecaa-4f37-97dc-cc20b9632530,
2ca9d340-e160-478a-b316-54c7b45c4a6d,705842c2-89a4-461c-a762-2e1ba706d6a3,f7c10895-60aa-4afb-b387-e006a5a781ca,
911bdf16-959f-4bb8-9f47-35045296f76c,705842c2-89a4-461c-a762-2e1ba706d6a3,ff3e7145-ab2e-49a5-af9f-d24c36002950,
60ca0077-65c5-430e-93d6-076027c0373d,713357d2-3d22-4eef-90cc-292882e447ab,05eb5078-a7a5-4787-9f21-39fa31318051,
77ffc01f-d70a-490c-9c44-1ab7fae6a375,713357d2-3d22-4eef-90cc-292882e447ab,0bd69fc8-f480-4b4b-867f-7fdc6484f4af,
7ca44ea8-ec1d-42de-8144-271190e77ab7,713357d2-3d22-4eef-90cc-292882e447ab,14cb9f34-05bc-4875-9a7b-be68cf053f75,
037fae54-0261-4f23-8339-9f8e896e12d9,713357d2-3d22-4eef-90cc-292882e447ab,17c9c1e3-7b1f-4fe6-a684-321eae5ea61d,
fb7c1bb0-bcae-462b-b771-88251f4acd17,713357d2-3d22-4eef-90cc-292882e447ab,186eb264-9d36-4e61-b315-2f6fa99c6e18,
9a300cbd-bc3b-4dde-a347-0e28a4227df4,713357d2-3d22-4eef-90cc-292882e447ab,18a2b85d-0b7a-4f3e-8c0c-f18b393f1d10,
e1812b72-3585-49ac-9ce7-a05925dd9e89,713357d2-3d22-4eef-90cc-292882e447ab,1e7b2423-c73c-462d-9ab5-12625fad45f9,
cb56e53b-9775-4ea0-9c34-2807b3e5a9c8,713357d2-3d22-4eef-90cc-292882e447ab,2c09ed93-1b1c-434d-9956-d64cea588299,
342736f4-484d-4498-b96a-57bfe0921705,713357d2-3d22-4eef-90cc-292882e447ab,394da276-fd7b-4e56-884b-fb0d28719b72,
7c43c6e9-ee94-4120-bee0-d8680d513dc8,713357d2-3d22-4eef-90cc-292882e447ab,3e356106-dedc-45a4-9998-4bb50b471c7a,
7e8d3973-912a-45b0-b91e-85fea74ef7fb,713357d2-3d22-4eef-90cc-292882e447ab,45521941-22e7-4d7d-94ef-114f12c4a614,
cd882bf8-7ac9-4937-8cc1-ad9cd8c3e0f9,713357d2-3d22-4eef-90cc-292882e447ab,466c54ad-cf3c-435b-bd72-7a43e7cc1af9,
690d450b-b064-4d5a-ad2f-f05768e17bd8,713357d2-3d22-4eef-90cc-292882e447ab,496fa271-26cc-4a0a-908a-7cfa08630a93,
b44a5cc3-6212-43cd-b483-8e8374aa4824,713357d2-3d22-4eef-90cc-292882e447ab,49e3ecf5-6ea0-45ad-93c4-f150fe69aabf,
794f3941-5476-4a27-b072-e9a8a67cbdc4,713357d2-3d22-4eef-90cc-292882e447ab,4baaf568-7852-42d1-adff-4f377899600a,
35dc9465-347f-44b6-97a8-632eac29efc2,713357d2-3d22-4eef-90cc-292882e447ab,4eb37713-402e-4f86-aa1c-8be0b38b1a7a,
48bf19f0-5ec0-47a9-b50f-953f5d6c8884,713357d2-3d22-4eef-90cc-292882e447ab,50bf4d6b-0450-48af-8fb0-e2fe383abdce,
242d829e-067a-4e9a-8569-2d6d0d039fd5,713357d2-3d22-4eef-90cc-292882e447ab,561a3e36-34b0-498e-901e-1508a7ea3d04,
95b4672a-72cd-416d-9fd6-e391f39c0d1f,713357d2-3d22-4eef-90cc-292882e447ab,5b03350a-d303-40d6-981d-5b2fa99d97de,
a2819ceb-481c-4248-807d-c5549276383c,713357d2-3d22-4eef-90cc-292882e447ab,5b68b345-3a48-49c6-9f38-98dc1f3ddbb3,
203cc4da-941f-40fb-8a3b-c13b54be6a08,713357d2-3d22-4eef-90cc-292882e447ab,63f7d5dc-492f-4ec7-a85b-09e741ed2915,
d95b6f29-d1b8-41c6-8429-ee5670593992,713357d2-3d22-4eef-90cc-292882e447ab,6560f2a5-58d2-4965-82dc-980a96f826b5,
d3004179-097d-4c8a-93c3-5ea825984bc9,713357d2-3d22-4eef-90cc-292882e447ab,65d4a973-ed1a-4b8a-b80d-a0e163385658,
b0d358b9-cf01-4848-b616-17996ab5098c,713357d2-3d22-4eef-90cc-292882e447ab,71a5fdf8-9807-45b7-a3aa-ee52f3239cd4,
a5bada41-5df0-4ce6-adb6-778164758036,713357d2-3d22-4eef-90cc-292882e447ab,71dcd63f-e388-43b7-9e03-84ec72ea9bfa,
2fccc54c-a9ab-4c4a-8fea-d002a2777602,713357d2-3d22-4eef-90cc-292882e447ab,77307294-f08d-4ed3-9d39-d057e0aa1615,
c82fac54-5d51-4535-97ca-0bbd7981d49c,713357d2-3d22-4eef-90cc-292882e447ab,7bc59dda-6a23-453e-bf46-32b25f15d1d5,
493900bb-0498-4e2b-8dab-6127753c77cb,713357d2-3d22-4eef-90cc-292882e447ab,7d9e5863-67e1-4928-9bcc-f37ebe47e1b8,
c2fc64e9-7f7c-4266-9a1a-efe3594e93ed,713357d2-3d22-4eef-90cc-292882e447ab,81d7d15e-88bf-48d2-bb75-d1769b912768,
afeabb67-3a57-481b-abb8-94c9ccdb9f0a,713357d2-3d22-4eef-90cc-292882e447ab,83304908-3361-40b0-828a-a0852e212382,
6bdd9658-cb55-4db8-8b18-d759ca3f71b1,713357d2-3d22-4eef-90cc-292882e447ab,8ac9a2c8-be5c-4b6e-9367-bdd36a00afac,
25624454-0a8e-4ab8-9c60-6ca34da14a00,713357d2-3d22-4eef-90cc-292882e447ab,8fe2e453-25ed-4fc3-b562-e677236eec6b,
653aad1d-6c21-4824-a4c4-e5cfb9143fa3,713357d2-3d22-4eef-90cc-292882e447ab,91751b63-c8ba-421c-b4bf-e6bdc237d1ca,
6d15a0df-49e2-4f8e-8a59-25f31ca23a65,713357d2-3d22-4eef-90cc-292882e447ab,96e63b33-bdf0-4ef9-9ad9-f47ca520622d,
29c3c681-c9ba-4ced-bb3b-1c8565e6a8be,713357d2-3d22-4eef-90cc-292882e447ab,9e5f0bb1-b457-4542-8222-fedf59a71fba,
af1928b3-1942-474f-bd6f-20f2edc0b04d,713357d2-3d22-4eef-90cc-292882e447ab,a19b0928-1617-4de3-9241-835c2410b9ce,
e7b1b5f7-3d2d-4868-bfbd-13fa9aa8d113,713357d2-3d22-4eef-90cc-292882e447ab,a34acb60-dead-40f9-a4ce-e75bacbb170a,
630a943c-4956-4697-a771-8485384a9016,713357d2-3d22-4eef-90cc-292882e447ab,a3903c41-e91c-4b7c-a7d6-6d585c4239b4,
a7ba2188-0a15-4e96-b4d0-2c260256ff9a,713357d2-3d22-4eef-90cc-292882e447ab,ab825c58-b45e-4486-a0cf-3a303dd00a4e,
28931856-14de-46d2-ae5b-a66ffc6c0a8d,713357d2-3d22-4eef-90cc-292882e447ab,afad0b0d-ab69-49d4-bd3e-e3da901c4670,
594d0520-e99d-4131-b180-cb8049fdd480,713357d2-3d22-4eef-90cc-292882e447ab,b68d7ff6-d372-44a0-a2e6-fda8297ed8b7,
366cbd7b-269c-45c4-a397-f567e4a319a8,713357d2-3d22-4eef-90cc-292882e447ab,b9444132-b93e-4591-b5e6-89235856c177,
bf5fa467-48a4-48c0-9d04-f848f42a073c,713357d2-3d22-4eef-90cc-292882e447ab,c5d7967f-959d-4778-b77b-9eccf2c9d33b,
d9907626-742b-4f6d-b344-0c00020bb563,713357d2-3d22-4eef-90cc-292882e447ab,c67fff9d-da3a-48ee-a951-b13a1741dcf5,
c00248da-aa72-4ab7-8064-77c6d6f068e9,713357d2-3d22-4eef-90cc-292882e447ab,c8348f18-e76f-41c7-b80e-b94c93d0fa59,
cac7f0c9-d268-4fe5-89e0-251269c0e2c9,713357d2-3d22-4eef-90cc-292882e447ab,c956c70f-7feb-4c96-8820-3b6201804bad,
344a112a-ea8a-4e3d-8b88-a99aa5b7799d,713357d2-3d22-4eef-90cc-292882e447ab,cb548740-4461-4fbb-bf31-2f1d1235517c,
1ca9c609-3dcd-480c-9fb1-5553af8b6829,713357d2-3d22-4eef-90cc-292882e447ab,cedf0a3c-074c-46a4-9496-fcfb50d52fef,
25742c44-1a5e-4c49-bb67-1230da9946ea,713357d2-3d22-4eef-90cc-292882e447ab,d0bf0692-ef28-41df-9a7e-ae2f29799f93,
3723a2af-248a-4eb5-877f-658036f36126,713357d2-3d22-4eef-90cc-292882e447ab,d123369c-e600-4181-9339-ebaf35f1ca75,
251e1ba1-5582-4645-bba4-3855d04724ca,713357d2-3d22-4eef-90cc-292882e447ab,df820257-97df-47b5-a5cb-f9031915dbe8,
b43b2e60-6e40-437b-9de3-cbcf9c2c9703,713357d2-3d22-4eef-90cc-292882e447ab,e44f133e-5b1c-4d0d-9306-02c5adae2c8d,
0e4e5e2b-87cf-40cd-8142-4b804b7289e9,713357d2-3d22-4eef-90cc-292882e447ab,e6513b32-b317-421b-95f3-faf686a3d892,
5b0f3bf7-32eb-4450-a2e7-a0bcb5b45aa4,713357d2-3d22-4eef-90cc-292882e447ab,efefff67-3001-4f14-a7f2-66d9516d3d59,
5dfba96f-7fa0-4a61-a9b0-1f9c1d5319f8,713357d2-3d22-4eef-90cc-292882e447ab,f0fc8a5c-578f-4c9f-8102-146b5adae3bc,
4869d130-d18e-48a2-b43d-8294307f0e4e,713357d2-3d22-4eef-90cc-292882e447ab,f83a9594-2054-41c6-b5bf-4d8675c5d315,
dae38bd7-5348-4523-b5fa-9fc35616952c,713357d2-3d22-4eef-90cc-292882e447ab,fe201a29-964b-4368-aa8b-54f1832388f7,
51c81577-821e-4950-a217-735594b545b1,71a6b69c-a816-4b17-af44-7c759255bfa0,1606ad57-6dd8-45b0-8642-74bfda220c56,
e27eb37e-85cf-4361-a763-4df4da103776,71a6b69c-a816-4b17-af44-7c759255bfa0,1fee5099-220d-4f99-84d6-3e450a0f05ab,
be67b0dc-8bf5-431a-8d43-29d6c924cb1d,71a6b69c-a816-4b17-af44-7c759255bfa0,25af7839-e448-42f4-b6cd-ada76d098673,
17ccd4cb-2640-481b-b318-c3d70f3d5479,71a6b69c-a816-4b17-af44-7c759255bfa0,28677874-94b0-4b4f-bfa1-083ed7d1f7aa,
a69b062c-e2cd-4f13-9918-79b6057adab7,71a6b69c-a816-4b17-af44-7c759255bfa0,2c6709c0-d9bd-4278-b00a-58745301805f,
ea052e08-8609-4f8a-9e1c-bf3ef96fb9b1,71a6b69c-a816-4b17-af44-7c759255bfa0,35cb0897-64d9-434e-ad38-580bb4d15c3b,
204de3a8-79e5-4caf-9e6b-862d447c4fed,71a6b69c-a816-4b17-af44-7c759255bfa0,35e76aef-a007-449d-99fe-8266d5264ba7,
130f821a-4a66-4aed-9c8f-7406c934cfc6,71a6b69c-a816-4b17-af44-7c759255bfa0,3f48cff5-1b86-4f00-8334-c12c6542e04b,
24b6d2ae-0828-487b-8080-e0837b547850,71a6b69c-a816-4b17-af44-7c759255bfa0,403e1868-4c88-433a-8727-e5b174d0f7c9,
c6411756-3b3d-4119-8cf2-bf41b7d2127c,71a6b69c-a816-4b17-af44-7c759255bfa0,41e5b75d-b858-498c-8054-93e0fcc5e269,
b5ac2928-4e2c-4c89-aeea-698dac8cfc37,71a6b69c-a816-4b17-af44-7c759255bfa0,4bc08cb1-97d9-4204-b61c-3a4e9bc089f8,
17ae09cb-a8c6-40e7-bb68-f9e2a0465871,71a6b69c-a816-4b17-af44-7c759255bfa0,517f13f6-3995-45a0-be1b-31e668435825,
7910c498-cb2d-4f38-947f-5ed24ebc3dae,71a6b69c-a816-4b17-af44-7c759255bfa0,53f1c13f-d15f-4c6e-ae0e-497c2407afc3,
523db5d0-ff6f-4a05-b7af-5ded5ac17064,71a6b69c-a816-4b17-af44-7c759255bfa0,5dddc3eb-16d7-4505-9e2a-1c3c15c9fc61,
3c1b2e44-43e2-4f1b-b645-22e73c6603c8,71a6b69c-a816-4b17-af44-7c759255bfa0,6701c687-deb7-4d75-b267-ccc51c9fc82b,
066ab98f-110f-4314-ada3-81e126e25d55,71a6b69c-a816-4b17-af44-7c759255bfa0,68191a62-201a-4790-b51f-844d3d5501d3,
88fcaff7-a6fe-4075-9794-ba501cf74dee,71a6b69c-a816-4b17-af44-7c759255bfa0,71b7cf66-d479-4111-be52-b9a9a4f90d6e,
bc01c9c6-74b4-40ac-8778-cf6ffa58cf14,71a6b69c-a816-4b17-af44-7c759255bfa0,7cfa653a-3871-4ca6-87fd-b834c68cc2b3,
7a0c87bb-a578-41de-afca-c218e873136e,71a6b69c-a816-4b17-af44-7c759255bfa0,822e2e9e-2371-4bf2-b290-ac43d4cd2dd5,
36976c25-f546-4ac3-b34f-5e3fe411255c,71a6b69c-a816-4b17-af44-7c759255bfa0,98def029-6d5e-4c09-8803-aa1727b89c02,
d89cc44c-08e9-4708-80d2-5e65728c520a,71a6b69c-a816-4b17-af44-7c759255bfa0,99e417be-739b-482b-a7fc-c5345f6980ce,
85ba29d0-5dfa-438c-a89a-4fe46735f5b5,71a6b69c-a816-4b17-af44-7c759255bfa0,a5329510-1cdc-45a8-9b14-90f6ff182389,
7ca4b2cf-a532-4a4b-8b3b-e4188828cc7b,71a6b69c-a816-4b17-af44-7c759255bfa0,a6b66c81-adee-452d-989e-5df5f7db3aa6,
a712e262-9b91-4928-90f1-5cf6de1802db,71a6b69c-a816-4b17-af44-7c759255bfa0,b2e1ecab-66b6-4d65-935c-115add31244f,
bfdd67ac-4661-4b8b-9f2a-0a37fe284368,71a6b69c-a816-4b17-af44-7c759255bfa0,b7c3431f-1487-4b0b-98a1-9b7b3aaa0ea7,
0702331d-5566-47bc-ac29-e90acf5ab5d6,71a6b69c-a816-4b17-af44-7c759255bfa0,b826fa35-a511-4841-9f04-43581aa28ee2,
ca756c98-f1d3-43a0-881b-e1467d779515,71a6b69c-a816-4b17-af44-7c759255bfa0,bc3c6037-c993-4937-aebf-e447ae30b190,
f01b447d-976d-4784-b902-fc6093e2cfcd,71a6b69c-a816-4b17-af44-7c759255bfa0,bf00b1fc-e682-40e1-ad25-0699faa1b7b6,
b3b4046c-1366-47b0-8e0b-8b8c8cb5e041,71a6b69c-a816-4b17-af44-7c759255bfa0,c5819395-b370-45f7-8e1c-3f54af7dbbf4,
d94785c8-0966-4726-9d9b-f59e8e97948f,71a6b69c-a816-4b17-af44-7c759255bfa0,ccc6ae45-527c-40bb-a69f-7b547d4fc0af,
04a02de0-1a67-4339-9bf2-dba4cfc858d2,71a6b69c-a816-4b17-af44-7c759255bfa0,e9b13620-1bb8-4b5d-82cb-899aabac7ec7,
615a5470-fcfe-4f0e-87d2-7450bb2f1cb2,71a6b69c-a816-4b17-af44-7c759255bfa0,f1ff77b1-2547-4940-94ec-f75673c29333,
8a76dcc6-e76d-4eb6-9ff4-c836ec40b4a9,727742dd-1369-41c0-86d0-30497fce331c,383fe9c6-17e1-425b-90d3-d333868d9fb9,
4910841d-cc23-4f38-9d9d-185dea5c2cbb,727742dd-1369-41c0-86d0-30497fce331c,a1ff92ee-d624-4cfd-be8f-852a8cb49d83,
c1d00579-bdfa-4f98-91cb-b34dbdf90845,727742dd-1369-41c0-86d0-30497fce331c,d245c5e2-be44-4ec1-abae-fda33a993a6d,
f5246878-1902-43bc-87bf-4d6b743133b8,727742dd-1369-41c0-86d0-30497fce331c,f97e9c68-5567-466c-bd11-d42fcacb0c03,
dc7da2e1-5e60-494e-816d-39a301c6d142,72edc398-5550-4599-8631-e5ee902730b3,059357bb-a328-4387-a523-7762a573c917,
2a053fc3-37e2-4794-9073-0dbb6f6abd0b,72edc398-5550-4599-8631-e5ee902730b3,19aa797e-efb9-49a5-8904-f93b0d4a2559,
9d2dfabf-4cbd-42d6-8622-8f826419c981,72edc398-5550-4599-8631-e5ee902730b3,26528da5-3f48-4db4-9844-c08bd5b2202d,
f2bbf4fa-faaf-432c-8273-6391e25654c1,72edc398-5550-4599-8631-e5ee902730b3,56a07099-fc9a-4295-85a5-c8f35be15e62,
ed786bcd-aa81-4eff-ab14-ce6d3038173c,72edc398-5550-4599-8631-e5ee902730b3,5a19cf1c-39f3-4597-971a-c38056b21e8f,
888dcd66-d8e7-4fbb-a94b-7e981188cb62,72edc398-5550-4599-8631-e5ee902730b3,5ac4de99-8184-4056-8b4d-ffd3dc217967,
e18fb3dd-7d2b-409e-bc39-9ff2f9019152,72edc398-5550-4599-8631-e5ee902730b3,608219bf-a8e6-4c2d-9daa-92372e68ea9e,
0dff5117-9868-4ba3-8b9a-1a5caf4a10c6,72edc398-5550-4599-8631-e5ee902730b3,643f969c-148b-4b64-8f06-7299a83d357c,
7fd9f0f5-de16-4697-a9b9-b54a7a0d9600,72edc398-5550-4599-8631-e5ee902730b3,673481b7-c665-4689-a22e-1781e46f342b,
c338fe0f-c73d-44ac-a823-5bf59ed97cad,72edc398-5550-4599-8631-e5ee902730b3,677a1b81-e909-4a4a-8fa0-135aa9959fdd,
a43489a1-c50d-4e5b-b412-f15098cc9b05,72edc398-5550-4599-8631-e5ee902730b3,84b04d79-4bbd-4e24-a2b6-8fcf97c7ffcf,
09040027-c701-4920-ab2a-8b5e157c6b23,72edc398-5550-4599-8631-e5ee902730b3,8c1990a9-4a1d-4324-90e8-91e2a242d119,
db3d5038-bf0b-45b8-8fcb-7beac883cef5,72edc398-5550-4599-8631-e5ee902730b3,9347e2b3-c059-4c44-a468-238068557725,
ee046caa-6f67-4c6d-be5b-6351a174739e,72edc398-5550-4599-8631-e5ee902730b3,a8adfbfd-cee9-4294-8412-172af24b02ef,
c98313ae-314b-45c0-a157-6239629aa983,72edc398-5550-4599-8631-e5ee902730b3,b2fa58f1-9d88-471e-9d2e-0c9eeb91dd5e,
2d9d3a8b-cb5b-4fac-94f1-71f2d735d738,72edc398-5550-4599-8631-e5ee902730b3,c379075e-81b1-4589-ad89-8d63a8c517d7,
9e76e184-3c6b-427a-aa23-aaddf7cf2f20,72edc398-5550-4599-8631-e5ee902730b3,c957f673-6143-4bb2-8743-9da259cf57b8,
f9e83ce3-30ee-4e4c-80fd-0cc94d525b91,72edc398-5550-4599-8631-e5ee902730b3,cdba3d70-d1a3-4d7e-9dc3-c90b8ddde3b4,
075d8c18-55e6-4746-aeaa-f4614263b701,72edc398-5550-4599-8631-e5ee902730b3,e0d5a876-5157-400c-8d81-dc33547990f7,
3615de45-ee0c-4158-99c3-c5ad96cfe665,73e43c2b-1ddb-441a-b6a0-c7ad089fcd18,04d1ad59-dec1-4cb3-bd07-8271226fc25c,
c9e4ddf2-f59f-4657-9d0a-12cea6a03342,73e43c2b-1ddb-441a-b6a0-c7ad089fcd18,060b4569-7c97-428e-abfd-c94ed667dab4,
ca6cda40-0a95-4a34-bfd5-e0b57dc86089,73e43c2b-1ddb-441a-b6a0-c7ad089fcd18,06175094-d9fb-4c2c-adc7-0e7ef6a1094b,
fcb24b9f-4b28-4df7-bcf1-efb7ebbdfca5,73e43c2b-1ddb-441a-b6a0-c7ad089fcd18,06e809c9-ebbf-46a1-baf9-d35b652812e2,
bf06c677-a627-4b54-b30d-2ba58415a547,73e43c2b-1ddb-441a-b6a0-c7ad089fcd18,07b28aba-d5aa-4dbc-bb94-e5473e2e4b4f,
7c79a9d6-a12a-420b-a5a2-03d7415fe6ab,73e43c2b-1ddb-441a-b6a0-c7ad089fcd18,0ac2b81d-f679-48a0-a5fb-68db3acdb5cc,
ec5bd3b4-809d-4a06-aeba-b0a07350de44,73e43c2b-1ddb-441a-b6a0-c7ad089fcd18,0eb186a9-8db7-426d-95e0-595e17a21951,
9bde6db0-a14d-42fe-8f20-13a218a45704,73e43c2b-1ddb-441a-b6a0-c7ad089fcd18,12165b63-552f-4780-bfe8-de5ac3a1fdd1,
0ecc4e33-b7b7-4797-80d1-9c0bd57b6a4e,73e43c2b-1ddb-441a-b6a0-c7ad089fcd18,12f663b5-2822-463c-a700-e30f2d010be7,
f046e88e-d299-4c38-9c3b-68d7f0cac10d,73e43c2b-1ddb-441a-b6a0-c7ad089fcd18,14d9f192-7afd-42eb-b62c-26a4c094dd2c,
8ed294fc-1897-4288-8009-d2ebbf13ed75,73e43c2b-1ddb-441a-b6a0-c7ad089fcd18,1690ef60-a443-4e6d-9043-9b0bd44020b8,
6fe03945-1af3-4505-bbe2-13b83f02b794,73e43c2b-1ddb-441a-b6a0-c7ad089fcd18,17d13d72-67f6-4e30-976d-7cbd73f17f85,
64ca637c-1095-4113-81f4-1f0289bdfd88,73e43c2b-1ddb-441a-b6a0-c7ad089fcd18,1b113c66-0dfe-43cf-8654-d0ef0ea6d348,
e35ce68d-0f2d-4ee2-8d33-10a74d2ce672,73e43c2b-1ddb-441a-b6a0-c7ad089fcd18,1e7e6855-c0bb-49fe-a9c2-daa3a55ac3d5,
fe176766-01f9-4197-89ad-b74bc213375d,73e43c2b-1ddb-441a-b6a0-c7ad089fcd18,2152020c-980e-479a-a014-4068007ded0c,
1bfb0e24-0698-4cdf-b410-ee1ff737fc28,73e43c2b-1ddb-441a-b6a0-c7ad089fcd18,2f5d2f8a-d417-4e8c-a4bb-89aee76b7f15,
c81ae508-5481-49a5-a724-ab24cb41a008,73e43c2b-1ddb-441a-b6a0-c7ad089fcd18,3389b09f-b69d-47ab-af89-4a52b1975504,
374f7172-0200-4a5a-aa43-41dde0722a18,73e43c2b-1ddb-441a-b6a0-c7ad089fcd18,395f9685-26e0-40f6-971a-6b98dbc5b0ef,
c2883cb1-7158-426e-a93f-edab76fcd4f1,73e43c2b-1ddb-441a-b6a0-c7ad089fcd18,40f7e952-e757-4792-9585-f962ea55d02f,
bd7f6bbb-1f34-41af-b84f-3c4cfa503b67,73e43c2b-1ddb-441a-b6a0-c7ad089fcd18,45915ed9-b413-467d-9e35-d6f212bc5d01,
ed3bca63-52ee-4662-aae6-4839be323a3f,73e43c2b-1ddb-441a-b6a0-c7ad089fcd18,49e3aa4e-b8a4-4c13-a166-ca5442cb4bc3,
3cc54980-535f-4816-8e08-fc45307d16c5,73e43c2b-1ddb-441a-b6a0-c7ad089fcd18,51690a8a-9a01-46fe-ae3a-bfd172beacec,
77418b32-16d5-4f64-9da8-28c4df0b4bd9,73e43c2b-1ddb-441a-b6a0-c7ad089fcd18,543a4f5e-9638-4b9a-b30b-aee7f7ab2fbc,
d36c666d-18c1-4622-9b28-5b872595deca,73e43c2b-1ddb-441a-b6a0-c7ad089fcd18,56ecd466-b5b4-490d-b3a0-f2edb8f758e0,
9387400d-c8d8-4987-aceb-77e3aabf09d8,73e43c2b-1ddb-441a-b6a0-c7ad089fcd18,589fa3a3-990b-44ed-b0a5-09b03c930a93,
2b2adc47-d975-417b-83a7-2cdee3f166f3,73e43c2b-1ddb-441a-b6a0-c7ad089fcd18,5d36c33a-a3b8-4321-b987-f0dab9b619a0,
72a8fe44-d96d-4b6f-b2de-c84e87efeb2a,73e43c2b-1ddb-441a-b6a0-c7ad089fcd18,69193f74-9bc3-41cf-be0c-dd93473125af,
b62394fc-dab3-4eb0-9f67-2f31e84ecf49,73e43c2b-1ddb-441a-b6a0-c7ad089fcd18,69e21d71-877f-4f0b-abb5-d5faa27f9e9d,
1fd88a37-8581-4207-9854-3d126a0893f5,73e43c2b-1ddb-441a-b6a0-c7ad089fcd18,6eaf2a7d-8808-4221-873b-32c200df29f5,
e90733c7-723c-48e3-a5ea-f27663e56aeb,73e43c2b-1ddb-441a-b6a0-c7ad089fcd18,717783c1-da0d-4866-9257-6e27c8742b36,
c2498ac1-caab-48aa-91bf-2d45b1d5f482,73e43c2b-1ddb-441a-b6a0-c7ad089fcd18,7891f4a4-d2f3-4dfc-b812-ee019bca3a01,
5d33b4e9-eed5-458c-998c-eb81c77bb4bb,73e43c2b-1ddb-441a-b6a0-c7ad089fcd18,7a96d2be-099e-4006-a4f9-01af29536444,
245dd999-16b6-4d5b-b9b6-2de975e76a66,73e43c2b-1ddb-441a-b6a0-c7ad089fcd18,7b442edd-66de-4b1d-a1e7-e06c11ea343e,
147b5a61-37f1-445f-9845-e610f296f512,73e43c2b-1ddb-441a-b6a0-c7ad089fcd18,7b77911b-bea1-4535-8008-140214a782a1,
a4701f82-c5fd-45b0-9533-c50abecc6c17,73e43c2b-1ddb-441a-b6a0-c7ad089fcd18,7e2964fd-0ea0-400f-b474-146b84b2782d,
e13fbc21-1139-45b8-b8f1-fc5c10b74b53,73e43c2b-1ddb-441a-b6a0-c7ad089fcd18,82a23065-462b-42fa-b5eb-a0adfade8379,
c1b9c3dd-b7b7-4274-b0e8-a337f1d1fc7b,73e43c2b-1ddb-441a-b6a0-c7ad089fcd18,8755b940-a2d6-4c57-ad83-5416e0432aab,
d8050829-61b8-47ea-8180-42079a09150a,73e43c2b-1ddb-441a-b6a0-c7ad089fcd18,87728f6b-6f55-456d-bcd1-5188baa49a94,
531f5b84-fbd8-49e5-9b86-a67eacab9cbe,73e43c2b-1ddb-441a-b6a0-c7ad089fcd18,87b884e1-4e77-4479-8c0a-0ff375ef4086,
5a8c422f-32ab-41e7-8a95-629ad6f5f7ad,73e43c2b-1ddb-441a-b6a0-c7ad089fcd18,8cf4cff4-83c7-4803-9ebb-b8c05541a5e5,
1256b658-127a-4ab7-9e67-15689979db74,73e43c2b-1ddb-441a-b6a0-c7ad089fcd18,9095af95-3d71-4bc5-88df-85c9f652c1c1,
71e737ae-5fd2-4e04-b56c-df727a77e660,73e43c2b-1ddb-441a-b6a0-c7ad089fcd18,92df112d-3ac2-4d54-ab54-d01893483a4a,
cc85981d-f570-4382-bb21-194892f9a6ac,73e43c2b-1ddb-441a-b6a0-c7ad089fcd18,958cfc61-4b59-4709-8b81-1aabb2de123d,
b933adb4-584e-4c5b-b3ed-2d4e6fcf82da,73e43c2b-1ddb-441a-b6a0-c7ad089fcd18,9b85fd08-20b1-47b2-b484-9f3ea42f4df0,
5f8979c6-a1c9-4313-893b-8539952d4735,73e43c2b-1ddb-441a-b6a0-c7ad089fcd18,9cb63af5-75cf-4063-b89c-1a45e5b34415,
b208e537-2fa9-4540-bf8f-78263fd0e635,73e43c2b-1ddb-441a-b6a0-c7ad089fcd18,9cc72ccf-1d34-4fb0-b166-f2fa89833055,
e4cd9bab-139d-4ced-9883-af57448b40bc,73e43c2b-1ddb-441a-b6a0-c7ad089fcd18,9d1c2587-342f-479d-9d7d-76583bff2053,
e88583b5-b8b2-4a3b-a955-1a7b70bdd17a,73e43c2b-1ddb-441a-b6a0-c7ad089fcd18,9e2f2a8b-64b1-4552-b7cf-e07b50708282,
095c134f-7e9b-4317-b70f-d33cc848d214,73e43c2b-1ddb-441a-b6a0-c7ad089fcd18,a02876b7-e61d-416c-8c79-358dee3c155a,
31dbb3a0-4187-46da-87b6-831d12fac5b2,73e43c2b-1ddb-441a-b6a0-c7ad089fcd18,a2ae9a22-e963-4299-9faa-48ebf0599e71,
8d5ae149-4400-4dd0-9b23-29813ca50454,73e43c2b-1ddb-441a-b6a0-c7ad089fcd18,a72b2921-f2ab-4779-b366-83590d8ad699,
9639962c-829f-441b-b87f-9d75b3285dd5,73e43c2b-1ddb-441a-b6a0-c7ad089fcd18,ab0603b0-c89a-4959-93d0-8d12330a1df2,
adb2b33b-aabf-47d0-a738-4e2994b065e9,73e43c2b-1ddb-441a-b6a0-c7ad089fcd18,ab616315-2d29-4c63-b31e-85f9a1799d5d,
5059382b-2722-4254-a679-a9669e3fc091,73e43c2b-1ddb-441a-b6a0-c7ad089fcd18,abc1d4ec-01eb-438c-af97-4befcab5816e,
4f6bf615-30a0-44cd-9ab3-cfbc79746db1,73e43c2b-1ddb-441a-b6a0-c7ad089fcd18,ae1a50bd-b9f1-4b99-aa97-e8115d9eb128,
f49e272c-5d44-4b1d-b9d5-85522ca95750,73e43c2b-1ddb-441a-b6a0-c7ad089fcd18,ae74ae45-8b39-4cc8-979f-03e93831da98,
cfd4a358-12b2-4cc4-b1b4-317a6f97a286,73e43c2b-1ddb-441a-b6a0-c7ad089fcd18,b3eb25b5-2bda-4715-b7d1-687688901911,
3b3b6f37-fdf6-42b2-8916-3ef6871dbe28,73e43c2b-1ddb-441a-b6a0-c7ad089fcd18,b47752e1-8dcb-4e6f-b33e-507a61eda5f8,
8ab14607-2ae0-4d92-b929-bf446cae7e68,73e43c2b-1ddb-441a-b6a0-c7ad089fcd18,b4ccf5a3-c1ae-4853-89c5-b046446cd806,
cc6697aa-3585-43e6-b91f-e71d764f6ecb,73e43c2b-1ddb-441a-b6a0-c7ad089fcd18,baf47a02-468b-47b1-a884-344b7a26d4c3,
568c7234-fe3c-4e0f-be87-94f9a8574451,73e43c2b-1ddb-441a-b6a0-c7ad089fcd18,beaa80c1-e929-46f4-8e20-cf245e5d8b7b,
8110644a-3c72-4806-b4f5-3f2c93608870,73e43c2b-1ddb-441a-b6a0-c7ad089fcd18,c56a7049-9b0a-4ad5-b964-0c958ac16ea5,
d03c3215-f876-4801-a969-4b538de1b8fc,73e43c2b-1ddb-441a-b6a0-c7ad089fcd18,c78d94c3-d0b6-456d-a6c8-61ff4f93ec72,
45bfa21a-c320-4cec-b3bd-77f475593496,73e43c2b-1ddb-441a-b6a0-c7ad089fcd18,caa8d44d-a8c1-4466-9f0f-830a15d83ccc,
2c664fd8-cec9-4790-a19b-b1406dae4eb1,73e43c2b-1ddb-441a-b6a0-c7ad089fcd18,cebbbceb-0578-4644-bc0f-11b4f7296542,
1ca14422-af59-420f-b5fe-9cbf8a9ad594,73e43c2b-1ddb-441a-b6a0-c7ad089fcd18,d49efe53-7060-41db-a015-e509ff3249bd,
02a5c9cf-d224-4809-8e47-4a11127b036e,73e43c2b-1ddb-441a-b6a0-c7ad089fcd18,df5a6656-7371-4a22-b829-0ce3afba8ddd,
8e241c75-ffaa-487b-a078-e452ad983078,73e43c2b-1ddb-441a-b6a0-c7ad089fcd18,e1fe12f6-462f-4a1e-9cdb-9e3f3180411b,
f0acecc4-dd6c-4803-b6ce-e070ceb21430,73e43c2b-1ddb-441a-b6a0-c7ad089fcd18,e81a8193-00da-4953-815f-27fc11d6b66c,
6f69958b-0e69-4d3a-a81c-bdada6d18058,73e43c2b-1ddb-441a-b6a0-c7ad089fcd18,e83209a4-8937-4438-bea2-0e51ef56e0ef,
0225007d-80a2-4cc8-ab43-f0a574814d18,73e43c2b-1ddb-441a-b6a0-c7ad089fcd18,e87160bc-60dd-41eb-a996-405d8ac2f593,
8638990e-14c2-4dd6-a39d-f979a20b33ea,73e43c2b-1ddb-441a-b6a0-c7ad089fcd18,e8dca8df-1b51-4030-a02c-2e0eb5931bbd,
70a8fcea-829c-4344-abcf-c337a391a366,73e43c2b-1ddb-441a-b6a0-c7ad089fcd18,e8e73ff8-a65b-49b4-930c-119d1e862a89,
ae8807d0-9bcb-498b-b256-60588b530ab0,73e43c2b-1ddb-441a-b6a0-c7ad089fcd18,ea3cc09e-3a30-474a-bce4-459640314e6a,
f92d9f3c-49eb-4811-94b2-421a833a0593,73e43c2b-1ddb-441a-b6a0-c7ad089fcd18,ea7c4bc4-6728-4454-b539-86c857ca2df2,
2130e437-d55b-40e3-99b6-8f537c7b95ee,73e43c2b-1ddb-441a-b6a0-c7ad089fcd18,ecbd7242-fb8a-4559-8f57-6a8901c13293,
ed9c2c03-3edb-430b-a498-990c23287c1a,73e43c2b-1ddb-441a-b6a0-c7ad089fcd18,ef9f24f9-2406-4e64-a67a-9f875910f198,
4292d524-b6c8-4a65-9e52-d0cfa043bfb0,73e43c2b-1ddb-441a-b6a0-c7ad089fcd18,f3fe18dc-cec2-4f2c-83e4-51744e96eca0,
cfcc68e3-2d72-4a45-94fb-ca5fd2c5cbbe,73e43c2b-1ddb-441a-b6a0-c7ad089fcd18,f410a0ca-7bd3-425f-836d-a7e851f60278,
67de577c-5f79-4baf-a7cf-4a1bab8ab65b,73e43c2b-1ddb-441a-b6a0-c7ad089fcd18,f91982fd-66ec-49bb-b254-1fa87e0f3da8,
4ae1bd77-cb66-4d69-886a-12e8abb44578,73e43c2b-1ddb-441a-b6a0-c7ad089fcd18,fa37d6a0-24fa-4bfc-aef1-0a1441ee746c,
6f76d92e-d28a-49ef-818b-10484361bccf,73e43c2b-1ddb-441a-b6a0-c7ad089fcd18,fb746990-5ee1-4d34-ad0b-ac754c351df1,
3f9c4293-0cc1-4ea3-a5fc-9b180c74451c,73e43c2b-1ddb-441a-b6a0-c7ad089fcd18,fc1e45ee-acff-4064-ba5b-3b17fc40d505,
7dea1c31-8f14-4f63-b568-7bf64b86bb46,7461717f-031b-4132-b4d2-c4108ba23206,3cc7be41-1af8-4bb1-9f02-3659977f0a79,
44b4ef09-4477-4fb7-ad23-074b7e2eeeab,7461717f-031b-4132-b4d2-c4108ba23206,4982bb46-9dc6-45f1-9f05-9e8049596944,
b9db03ec-d3d5-4e05-a0ef-7a14eb4f9edb,7461717f-031b-4132-b4d2-c4108ba23206,5dc11ed1-6849-4a93-803b-8108a4509d39,
91d666bd-fb22-423f-a8f0-bc7d64ea0764,7461717f-031b-4132-b4d2-c4108ba23206,c52ce7bc-2aa2-499d-96f5-212a93c0589f,
4c421d9a-f9de-499e-b7ab-88817cbfb853,75093d7d-03df-40c0-ae0d-17796cbc83d4,7ecf4e41-2059-4b8a-96ed-5611a698ff1e,
6cd1c701-c8e6-4e7b-a673-360c2b6bf730,75093d7d-03df-40c0-ae0d-17796cbc83d4,9f391f1f-e1d4-4848-b0e3-e8bb4736c37e,
4f95f2b3-c238-49b9-8bb0-33ff69e33acb,75093d7d-03df-40c0-ae0d-17796cbc83d4,c5d3ff8c-f655-45ca-a1b2-cc822ce7b160,
4d9177c6-5236-415f-a19c-9016fc87b964,75093d7d-03df-40c0-ae0d-17796cbc83d4,fb82517a-c733-4a43-abf4-c5d5af721a3a,
11de6141-956a-4d58-b8b8-d42c4463769f,75f164d4-c18f-4b06-b0ed-e53c0ad286a1,11279f31-ca83-4273-a52c-c9c9ed67e7ae,
554d2602-abe0-44ca-98e8-57671dd3eee2,75f164d4-c18f-4b06-b0ed-e53c0ad286a1,48ffc1d2-59c1-4136-8f45-99e9a4a7e69c,
18d861af-3b75-4695-97a8-11171e7b76b0,75f164d4-c18f-4b06-b0ed-e53c0ad286a1,49c240fe-bae0-4fa9-9bd1-b42c2d503a9b,
b871cdde-38a5-4363-9b74-105a769848d6,75f164d4-c18f-4b06-b0ed-e53c0ad286a1,5804c271-502a-4fe9-8d98-20588076ba96,
05e0ed6f-1b04-4198-90de-130bac1d1e73,75f164d4-c18f-4b06-b0ed-e53c0ad286a1,64252258-3edd-4057-8a78-c7ff470995b8,
929228f9-e1f7-4175-a6b8-e5d02737eec7,75f164d4-c18f-4b06-b0ed-e53c0ad286a1,83a7a08b-a8fc-4b81-b24d-32ffcbe6606d,
520397f2-62c4-4375-a8ef-90944b3be517,75f164d4-c18f-4b06-b0ed-e53c0ad286a1,af2f43ab-c8a4-4541-a77a-2ea7edc82d5b,
0146bfad-8710-41ef-b0cf-8e3a1e761972,75f164d4-c18f-4b06-b0ed-e53c0ad286a1,efe4b6d1-e1ec-4f58-8e2e-802bf44fff9b,
1794fb9a-3633-4142-b0cc-6b0b8d0ebf1d,75f164d4-c18f-4b06-b0ed-e53c0ad286a1,f8dd63e5-3cc2-4e6f-a41a-9462f316376f,
0f503368-e284-4f1d-9340-84786500c58f,761b879b-62bb-4ab0-b67e-929aa7d68ba2,6a252b70-a202-43cd-8b5b-5940b633e9b8,
b5426909-3793-40a9-bf13-865f4212781b,761b879b-62bb-4ab0-b67e-929aa7d68ba2,b9cd8a01-e1a7-4cfe-a046-13a6b7028adc,
1595e87b-cc7e-47c8-8338-6e097dab306e,7726123e-724c-4829-9be2-ad4983c4fcbd,09e8234c-b4d7-4fa3-a4de-81cf4ed15cff,
67041375-8cb4-4bae-bfd1-123535765989,7726123e-724c-4829-9be2-ad4983c4fcbd,38c00311-4503-48c9-a3ef-ee7642744ba6,
2b3e9376-4b9e-4ff0-8db0-008ea8b83264,7726123e-724c-4829-9be2-ad4983c4fcbd,46b3e9bc-ff79-4694-a781-156b9d418391,
ff0e8dc5-3850-40c4-a7d4-2ce8d40556d0,7726123e-724c-4829-9be2-ad4983c4fcbd,483ebbd6-0bad-4a6e-9efe-3bc0c24c4f17,
cd394cb7-af46-4b3c-bcfd-4ff24c5afcce,7726123e-724c-4829-9be2-ad4983c4fcbd,5394c718-ddbd-47ea-8e56-859220c81b53,
1c350d62-5b6e-4376-8ce7-9e43ceb6503f,7726123e-724c-4829-9be2-ad4983c4fcbd,74b46ec5-3df9-400e-808b-e9dee1106636,
2d847ba9-7051-43cd-b406-e2ed583e711a,7726123e-724c-4829-9be2-ad4983c4fcbd,764ce8c2-cdec-479c-b6a8-682b2374b823,
b5d22f50-e74c-4cc2-a3cb-705575b3547f,7726123e-724c-4829-9be2-ad4983c4fcbd,7b87728d-7528-41a3-a5da-3e157c4daf61,
5e862a78-89ec-485c-93d6-cac0fc5d11b7,7726123e-724c-4829-9be2-ad4983c4fcbd,8fdb80d3-686c-4913-8fc6-48ef057a0554,
715cac63-aa76-4ea2-9196-d45161565b60,7726123e-724c-4829-9be2-ad4983c4fcbd,973a155e-6789-46c9-b1d8-0d8d05deb944,
b7671bb1-c963-41f5-91e4-ce62a9220d88,7726123e-724c-4829-9be2-ad4983c4fcbd,c11a0086-464f-4d49-8414-9a4dec968cc5,
2e71ee09-1454-4af8-ba38-4f46bb3f7b1d,7726123e-724c-4829-9be2-ad4983c4fcbd,dcdb14c7-e460-4a46-a5cb-f54a348b83e1,
8c6f669f-cfbb-4bf7-bee9-c2151b51df4a,7726123e-724c-4829-9be2-ad4983c4fcbd,e094efa3-d7b8-49e1-ae5d-1d9b1d78e7d7,
b9b679b1-a4ba-4bae-b86e-e8cd79b7dc09,7726123e-724c-4829-9be2-ad4983c4fcbd,e4698b26-3578-4aac-8d98-0c67f06f4a1c,
ab6647ad-be15-4a0b-8a23-6b9e68313133,7726123e-724c-4829-9be2-ad4983c4fcbd,f3378b59-4262-4655-bd66-f2169412f737,
d7f52212-e10e-46de-9c05-fa65b4bf939f,784fe977-b1fd-4395-98be-3133dcdf791b,096633f0-6a60-47bf-9acd-916b327080d5,
1a26ec04-eb31-4381-8760-95ac36a4204e,784fe977-b1fd-4395-98be-3133dcdf791b,099916ac-abbc-4c1c-a31a-a939605098a5,
67bdf23c-7b7e-4cca-a9e6-e4cd37314078,784fe977-b1fd-4395-98be-3133dcdf791b,47c8fd05-c993-4d01-bb00-bc554c08e32e,
358a541b-cd46-4449-a8d5-879fd4a87321,784fe977-b1fd-4395-98be-3133dcdf791b,b36a9782-f5ba-4553-a77b-855dd94d6e4c,
866e9064-bc2a-4d32-889b-5c602c942aec,79354e7f-0198-437b-bedb-fb63e152ec88,0d13df38-e172-47e0-8d4b-96a93249d7cc,
dc78b8f2-5c65-4f17-942e-f4260ad22787,79354e7f-0198-437b-bedb-fb63e152ec88,0e46b9ce-5288-4e9a-9d81-7831fb8c6e39,
c6fdde13-e6aa-4a58-8396-7db03a00e365,79354e7f-0198-437b-bedb-fb63e152ec88,1633cc3a-4df9-43bd-be1a-9c6768d1f0f6,
26ad799e-7ebf-4fc7-8512-0d064ef48f1d,79354e7f-0198-437b-bedb-fb63e152ec88,1787fafc-b3e2-4faa-9633-08be4a018182,
fa93836a-18c4-40ac-9954-eb4fbb3356cd,79354e7f-0198-437b-bedb-fb63e152ec88,1bace992-f29a-4c7d-94ea-fd195a2b31ab,
23ac1d11-acf3-4a3b-932e-56c648a3aae4,79354e7f-0198-437b-bedb-fb63e152ec88,2260cbe9-9a6c-49f5-a8a6-74b185c3e47a,
4c35a03d-9b70-4be5-aabc-151a97629744,79354e7f-0198-437b-bedb-fb63e152ec88,234522b2-f38f-47d8-b105-7db8c5bc5a00,
277e3d9d-974a-4be3-bdf3-30d8541a3ebf,79354e7f-0198-437b-bedb-fb63e152ec88,24cb41cf-43de-46a5-b329-3db5080fb59c,
1d314db8-102e-4f07-8c39-ebd9726e8484,79354e7f-0198-437b-bedb-fb63e152ec88,273e7676-314c-48f1-ad93-4ba443dcda05,
500c16dc-17df-4a7a-ad33-8e72263d915d,79354e7f-0198-437b-bedb-fb63e152ec88,304878ca-bbec-4ba1-af2f-8dfd457adf6c,
f7885cd9-0737-441e-97d3-77c415a6baf3,79354e7f-0198-437b-bedb-fb63e152ec88,31bc8d62-0ffd-473a-b027-32e5776e774f,
e8d2850f-e944-4b67-b813-19158a8f8645,79354e7f-0198-437b-bedb-fb63e152ec88,33a582f4-162a-41c8-8f12-46bbecbd96f1,
244d0fbc-889c-4329-ab09-527aa3eb46b0,79354e7f-0198-437b-bedb-fb63e152ec88,36f6cf04-b575-419f-88e2-0d3b74a2dc4d,
f3c92908-b8bf-4e66-9537-e266c487f5cb,79354e7f-0198-437b-bedb-fb63e152ec88,3e111aac-9d09-4b1b-8eb6-b5b42e0b915e,
5d90ffa2-1d9d-4de2-ad50-2f6cab29f354,79354e7f-0198-437b-bedb-fb63e152ec88,3f36d682-2b1b-4356-86c3-198225b1972e,
1b5e7aba-c18c-46e8-bb0a-e82942a083dc,79354e7f-0198-437b-bedb-fb63e152ec88,42c7e965-6229-4490-b3da-57e0163b2b70,
21873631-fffa-4cce-a85d-ef854f6e25fb,79354e7f-0198-437b-bedb-fb63e152ec88,51d89821-e863-44a6-8d87-10465eefe022,
0fa666ab-3f8a-44f7-86a7-0dd12b3e32dd,79354e7f-0198-437b-bedb-fb63e152ec88,52e6464e-071c-4a59-8e27-2d3303665649,
60975b04-5418-409b-8923-d91d74d6a59e,79354e7f-0198-437b-bedb-fb63e152ec88,543cde3b-544a-432a-b8ad-b41923de8981,
c7b5539e-67c5-45f2-80a9-02180aba2969,79354e7f-0198-437b-bedb-fb63e152ec88,54ae40a5-23d7-4f06-b5b4-4258f7736863,
8696a7d1-13a3-407a-93c4-004a84feed84,79354e7f-0198-437b-bedb-fb63e152ec88,54b8a3ac-6b5b-4c01-8122-3e8fccd24de7,
9d9923f8-888d-4cce-a0a0-0c0fc9e4232d,79354e7f-0198-437b-bedb-fb63e152ec88,5682443c-4cb1-4d4f-ac6c-0eca94da22f6,
105f28f6-9a83-49c2-a73a-7bb51419570f,79354e7f-0198-437b-bedb-fb63e152ec88,56a3694f-1f91-4d7b-9d18-63a17dccc7c6,
6cc93004-a2e8-48e3-9f13-f79b96aaeef1,79354e7f-0198-437b-bedb-fb63e152ec88,58818805-77ec-47af-8984-46bcf89dfaf5,
60549b88-f65d-4dd0-8093-5e57a2363864,79354e7f-0198-437b-bedb-fb63e152ec88,59354674-1306-4117-9255-6f5d03cc4621,
e3af0472-f1e0-426c-a043-62119b8d445c,79354e7f-0198-437b-bedb-fb63e152ec88,5a634bca-6433-4f33-bd1f-8f6d343b9236,
3a503913-f43d-4e6c-b2b9-9ea8beaf2e9c,79354e7f-0198-437b-bedb-fb63e152ec88,5dc13f7a-25dc-471c-b5d0-c99ab9f28126,
619b49a7-a654-48d9-9c7d-95a90d0525c3,79354e7f-0198-437b-bedb-fb63e152ec88,5f4b642e-48dc-467c-bf29-f21a677f379b,
4329b262-db47-40e9-ba0e-a64f88222f34,79354e7f-0198-437b-bedb-fb63e152ec88,6025deab-1fb4-401d-9192-016892f9cae5,
92c2f4e7-9ff4-4321-bab8-aba8a1972c9d,79354e7f-0198-437b-bedb-fb63e152ec88,6508e677-886e-4bac-b9d8-05032dd51a5e,
5d1480a6-c98b-4fc8-bf81-c62508e73752,79354e7f-0198-437b-bedb-fb63e152ec88,74ccb3fe-bd63-4bc0-9b8d-a3376d588866,
0377d5c2-55b9-4486-96a8-73c9b8778ecd,79354e7f-0198-437b-bedb-fb63e152ec88,796c7ab0-b2b7-4373-a718-99f9d14fb6a8,
2906cd1d-6ec2-4596-8142-270d1d79c752,79354e7f-0198-437b-bedb-fb63e152ec88,79896368-2cbe-4653-a293-54cd13eece8d,
96d1382b-22bd-4020-8bd6-7ba3e154e0df,79354e7f-0198-437b-bedb-fb63e152ec88,79a1bb9c-7b79-42a6-8ba9-e6ef22d42ae9,
c5dc695b-67fd-4c68-8965-8600f17c69ab,79354e7f-0198-437b-bedb-fb63e152ec88,7acb5209-d084-4194-ba1d-51737a11a520,
a1ff6fdc-cfcf-417f-8724-b141321d9fef,79354e7f-0198-437b-bedb-fb63e152ec88,7dffc1e3-311b-4b7f-b49a-65b5bedfd8e9,
dbed7682-c1de-4854-a4ae-01bf6dc14a0b,79354e7f-0198-437b-bedb-fb63e152ec88,7ea56c1a-add8-4608-b9bc-c43a2d4d353d,
ce1d67de-a80d-40bd-afa5-4e838042c3c3,79354e7f-0198-437b-bedb-fb63e152ec88,818af39e-39e5-41c1-8c22-f8aa9070f84e,
d9c5a02d-2198-42dd-8b26-81482a290121,79354e7f-0198-437b-bedb-fb63e152ec88,82cf6b10-111f-4693-a2c6-46a702d773f3,
011de2d9-47f9-46ba-8fb3-31e1d3acfc26,79354e7f-0198-437b-bedb-fb63e152ec88,832b0a16-d04a-413b-a83f-15af00c3481e,
4c25de20-1f11-4aa7-9936-ec95664c2908,79354e7f-0198-437b-bedb-fb63e152ec88,94022950-0d75-487a-8784-caa9975c530c,
1e95c959-2509-474c-b982-c989d6c351a7,79354e7f-0198-437b-bedb-fb63e152ec88,95a181b9-e9c7-49a9-ab03-d1240ee325ed,
2d0d6e4c-d169-41fd-875a-c1ec2dfef7a4,79354e7f-0198-437b-bedb-fb63e152ec88,9c0c9e96-9069-4f56-8da4-c2f133b33a67,
4358ab5f-e42a-47b5-90fe-08c4214e8a55,79354e7f-0198-437b-bedb-fb63e152ec88,9d551b12-fc8c-478a-a6c8-d4851b586df8,
9ee6a4a6-087a-4723-ba73-b4cf26a0a3a8,79354e7f-0198-437b-bedb-fb63e152ec88,a388d046-e39a-4eac-98c9-5335a5613f66,
846757c2-2272-4e43-8f50-43474c5bfb78,79354e7f-0198-437b-bedb-fb63e152ec88,a60bc42e-8b21-4df7-a0bb-99e15b8f6cab,
a6aed221-900d-468e-8a08-6c8ccfc1e24b,79354e7f-0198-437b-bedb-fb63e152ec88,aa50abab-1c6d-4caa-8789-7a56932212c7,
f9ea4f54-49a2-4848-9bb2-89b0345cfda2,79354e7f-0198-437b-bedb-fb63e152ec88,aadb2f12-4d1f-43ad-b051-85cc5a1e52ee,
1fe1870a-dbed-4834-8352-ed432fa6227a,79354e7f-0198-437b-bedb-fb63e152ec88,abd5ba90-c9e5-49e8-8d26-320a25f40972,
2f7ae340-2322-458f-a116-02273f2a6056,79354e7f-0198-437b-bedb-fb63e152ec88,b75f0b1b-aa4d-45f5-89df-a09fae25bae4,
a655be79-af8e-4622-9e07-98bb1be911ef,79354e7f-0198-437b-bedb-fb63e152ec88,b789ccb8-0f68-4e75-b5b8-6c6f59c658cf,
26b4e2c0-4e62-4c88-b941-93fc801ba851,79354e7f-0198-437b-bedb-fb63e152ec88,b98d15e3-e6ed-42ad-a262-062fa54475d3,
76cd9137-161b-418e-a82e-88010ff56afe,79354e7f-0198-437b-bedb-fb63e152ec88,bba2d2b3-2b56-4925-bb18-4962781c9b8f,
de141b49-7ef3-4a40-b4e5-e03f48ef0499,79354e7f-0198-437b-bedb-fb63e152ec88,c7541165-cdfb-413b-949d-548164b0159b,
ba9714dc-6279-4472-af4e-b28cb0967ec5,79354e7f-0198-437b-bedb-fb63e152ec88,c897bac5-f8d9-4fec-9024-7db75bef9ba8,
a2514934-f208-4ab0-97b6-8a1831d4ffa0,79354e7f-0198-437b-bedb-fb63e152ec88,c998b55c-3f58-48c6-a3c5-affa021e6522,
ea5ef6b3-3363-4851-90bb-95f9673ce1ec,79354e7f-0198-437b-bedb-fb63e152ec88,cb089911-647a-487f-8c55-3107d65f62dc,
34d80b91-322f-4d71-b791-e70edf87a632,79354e7f-0198-437b-bedb-fb63e152ec88,cb7383d3-30df-46a8-a892-e239c3b31e8a,
5829203a-4dd9-4f92-a7ff-6987e9f3ed14,79354e7f-0198-437b-bedb-fb63e152ec88,cd25f8a0-6dd4-4557-b865-ca4c1373c9ec,
9290a30c-13e7-4f45-a1c9-2e0baece7573,79354e7f-0198-437b-bedb-fb63e152ec88,d288f88b-5409-4f43-8ea7-580ed69e2851,
8f5bc341-ffac-4c6f-8b6a-29400e9c2bb8,79354e7f-0198-437b-bedb-fb63e152ec88,d3e618b0-da31-440a-9400-bbe879c26c5e,
7ac74e2d-e2de-4e0e-b415-88da62aa42df,79354e7f-0198-437b-bedb-fb63e152ec88,d43c2ef9-5c8d-418c-91a9-e46c4c76290e,
1863df59-dbb1-4032-886d-5f3a64d63f61,79354e7f-0198-437b-bedb-fb63e152ec88,d57cffc6-adea-47e1-93ed-012aff5680aa,
872f64b2-c44a-4ac8-8704-00962ebeadf1,79354e7f-0198-437b-bedb-fb63e152ec88,d7c4b84b-0b87-4d8e-8246-386609d7f036,
54cd83b6-d647-4bbe-bc4f-1700f78aae4d,79354e7f-0198-437b-bedb-fb63e152ec88,dbbd59e8-997e-44bc-b218-f3e188dae86b,
80558f87-74cc-443a-ba1d-2c147b8e3d1a,79354e7f-0198-437b-bedb-fb63e152ec88,dd019c58-ab41-497b-823a-59fe65fd55e0,
88c5fe32-d960-4777-a33e-743f6b7a1b94,79354e7f-0198-437b-bedb-fb63e152ec88,e058ca81-51b0-471b-bc49-274025504dce,
f18b6cf8-8c2d-4b85-bce8-97be773e3850,79354e7f-0198-437b-bedb-fb63e152ec88,e4b41063-ed1d-4145-bc1d-e1b5dc99efe0,
d871841f-3ca6-4e3d-8a96-ad7c378d7623,79354e7f-0198-437b-bedb-fb63e152ec88,eaad9c39-dcbe-45bd-809c-e0501b4734ee,
dbe954fe-9034-4d2e-a66b-f4c9738817cc,79354e7f-0198-437b-bedb-fb63e152ec88,f1ad4bb1-1ee6-4517-a1a4-36150257569a,
32fbbc19-53d4-41e1-83a7-82b04a251c06,79354e7f-0198-437b-bedb-fb63e152ec88,f367995f-1e3b-4538-b7cb-d095ba5ee844,
a3fcc95e-ff37-4237-ad6c-af8cc6fa9a10,79354e7f-0198-437b-bedb-fb63e152ec88,f5bc9222-464b-45cd-9970-a5b96585986b,
d600c528-b19a-447b-9b82-de24cd3a0304,79354e7f-0198-437b-bedb-fb63e152ec88,fab9248a-4c2f-49f3-b7c3-774d80a0152e,
86e4bb4c-e410-4510-ada6-c08621b1f0fb,79354e7f-0198-437b-bedb-fb63e152ec88,ff4eb020-10b9-48c5-a185-951b63db5c17,
6d4612ab-ee30-4fa5-a553-410c84bc3a43,7b43b591-41ff-46a5-93a6-57b84a136084,06f0dc5c-2765-41cd-996e-3f7b97ef4d3a,
cdf1e597-e8c8-4304-b9ba-5a160facfb42,7b43b591-41ff-46a5-93a6-57b84a136084,08e087ec-aee0-4f32-b1e9-58effe401097,
c7c487de-2902-4d8c-8f94-a974469d751f,7b43b591-41ff-46a5-93a6-57b84a136084,1c686e30-80bc-409b-8e58-1dcdb8446c3c,
69720475-94f2-4944-b16f-09ab1ef9e916,7b43b591-41ff-46a5-93a6-57b84a136084,1e2c2cb2-7fde-43cc-921c-1218d7e3b875,
bb3c90ca-e34d-4432-8448-db3279035353,7b43b591-41ff-46a5-93a6-57b84a136084,200fbdd7-9efc-4ea6-baeb-4d78c23d6a11,
5a1a5b69-163e-4853-99bb-dfa9ddc9b909,7b43b591-41ff-46a5-93a6-57b84a136084,282e483c-c670-4d58-a726-98830f1b0125,
5c8be7d6-f06d-43b2-8ab0-d9be1fbd0c7a,7b43b591-41ff-46a5-93a6-57b84a136084,2999136e-78fd-43d5-b017-7f05424772fa,
7d8e914a-eca4-42d8-9a0d-de8379a10ca8,7b43b591-41ff-46a5-93a6-57b84a136084,2d2780b5-0faf-4bd5-a1fa-85de56173223,
85b83f94-e4a2-49fc-b9f1-fb71b0c6fd8f,7b43b591-41ff-46a5-93a6-57b84a136084,37ad572f-5224-4604-abeb-e81d6156fd30,
79637c2a-b2d2-4e16-9800-74176bf47f85,7b43b591-41ff-46a5-93a6-57b84a136084,3cf0e4f4-9cb6-402f-9d33-5b6aedbdde28,
1a616c6a-62fc-4fd9-94c2-c48c9d548d54,7b43b591-41ff-46a5-93a6-57b84a136084,3fda8d48-69bb-42e0-899d-a91c93c36362,
b28b304d-d46f-4467-980e-19e1fd4e77b3,7b43b591-41ff-46a5-93a6-57b84a136084,408ee1ab-af74-4de5-bfdf-ec07cd697c3c,
a78ad85b-b5bc-4d25-a87c-39ed9c93c5cb,7b43b591-41ff-46a5-93a6-57b84a136084,41d69112-e16e-4f33-a950-9277ec035ec0,
e62f3320-113e-48ee-b223-c65a511e71d8,7b43b591-41ff-46a5-93a6-57b84a136084,43e3da9f-035c-4635-9d69-11b7f8b9eec2,
fcd925a0-0c8a-46b4-950e-6f0eeb585ec4,7b43b591-41ff-46a5-93a6-57b84a136084,6159fcb6-bce9-46dc-8197-97b39c52a72f,
befc4fb9-8f9a-4aa9-be2c-e6dec36253bc,7b43b591-41ff-46a5-93a6-57b84a136084,63533ca8-459b-4c0e-92d2-ff8a80269abb,
f9a34401-9549-4b07-bc5b-7fbaa992e86e,7b43b591-41ff-46a5-93a6-57b84a136084,639733e0-b5c6-40fd-a95b-1bd2682f0fdd,
6d2dd79e-cd0c-4543-be61-c16cd3f3c2b4,7b43b591-41ff-46a5-93a6-57b84a136084,63cf7ac1-7285-43c1-b2e7-8f42050dc43d,
fa5ae774-c043-44b2-8051-aa0359eef40e,7b43b591-41ff-46a5-93a6-57b84a136084,681e7382-164a-4cae-bcbe-1020534d6235,
8c513998-e4a9-4ada-bd4d-c3af3e1e1968,7b43b591-41ff-46a5-93a6-57b84a136084,6a48ed85-6853-497a-9ca3-683830dc973c,
ec903aba-cd67-4c00-a341-a63e1519a3b2,7b43b591-41ff-46a5-93a6-57b84a136084,70ea77ff-7749-4bf2-b915-123d5e2588df,
97ba454f-dbfe-4324-91b4-22edfacd7afa,7b43b591-41ff-46a5-93a6-57b84a136084,76e49415-6208-41c9-a8c2-c5d30435153c,
0f29fef2-26d5-4aa4-b53e-3ba42bd37950,7b43b591-41ff-46a5-93a6-57b84a136084,782c94d6-5304-40f6-afaa-52f683f949af,
095c7d2b-7e08-4aa9-906f-b6e401ac33e6,7b43b591-41ff-46a5-93a6-57b84a136084,7ec1c93d-a3db-4963-847e-ca6ce23e8aa2,
a00c0655-f7e7-42ad-a393-e68a76d29e62,7b43b591-41ff-46a5-93a6-57b84a136084,84f8de82-8b7b-4bc8-b3ba-a357e2d29000,
1ea1eed6-3253-4c8c-af3c-45768554b925,7b43b591-41ff-46a5-93a6-57b84a136084,8b43e56e-f8a7-467d-8da0-042338ce560c,
18b395b4-6b4d-443a-8bbd-7b50ad9fd698,7b43b591-41ff-46a5-93a6-57b84a136084,8b8831dd-6e3e-464c-97d6-0ec5da42e076,
3489fa44-3734-4fd8-88d7-585405c131cb,7b43b591-41ff-46a5-93a6-57b84a136084,95143f84-a941-4c78-9c64-db6bd12d2559,
7a312b41-85af-4f6b-aa7b-83828beed64e,7b43b591-41ff-46a5-93a6-57b84a136084,97be671d-6ccb-4125-b2dd-76e77711c7a6,
b3133f23-20a1-469f-9497-06cc22e3c93e,7b43b591-41ff-46a5-93a6-57b84a136084,98375758-3e8b-48b4-8e7f-f2abcb6b292e,
37d3aae5-57c6-4a76-bec0-9966d46cd79a,7b43b591-41ff-46a5-93a6-57b84a136084,b81930bf-bf65-4a74-b52a-2f0c73e4f0ba,
61dafbc5-34b4-40c8-9ae4-65fa22805945,7b43b591-41ff-46a5-93a6-57b84a136084,b990780a-b053-4080-8811-809f7127c59c,
aa87a145-c6f4-4b4d-aa02-fd0dc5dbe373,7b43b591-41ff-46a5-93a6-57b84a136084,c01ff7b4-0f38-46bb-ab06-0acf9a0c4d22,
2eeb0e1c-a7fd-48a8-abc0-d99743907b43,7b43b591-41ff-46a5-93a6-57b84a136084,c6f82f7a-adae-4090-a89e-b4c9ac367bb9,
a6a97e52-8ed3-49a6-a1d2-0600a1d47e6d,7b43b591-41ff-46a5-93a6-57b84a136084,c70e87b6-c3d9-4477-bec3-6b75c1d25d83,
128bc40f-a34a-41ef-a491-15ed0d114836,7b43b591-41ff-46a5-93a6-57b84a136084,c73f8fc9-c98a-4df5-81ed-792eebd7abf1,
7b3fe06b-5dc1-4214-83af-3e9606f43e1a,7b43b591-41ff-46a5-93a6-57b84a136084,c7ef083b-b91d-40ea-bc9b-c84f2cedf752,
468fe9f6-3fff-4beb-9e32-3ee591667ae8,7b43b591-41ff-46a5-93a6-57b84a136084,d4a3eb74-eb95-4027-814f-2f6b79ada764,
377a546a-2bd6-4762-af16-e4c52cf671f1,7b43b591-41ff-46a5-93a6-57b84a136084,ed5a29e3-a2df-4cb5-a02d-cf8fdb70d385,
23b1212a-7859-4466-9e0c-8e132b98e0cc,7b43b591-41ff-46a5-93a6-57b84a136084,f53174c7-7eda-46a4-83b8-4f232a4be454,
99b7ed23-976d-482f-a5a0-0dc52d8052f3,7b567e19-473d-45d0-9e9a-d8346a7ce556,969cad98-c4e1-4119-bdcc-75f7825f9f09,
2664bcb9-ad87-4540-9db8-eef317e3ea56,7b567e19-473d-45d0-9e9a-d8346a7ce556,a0e07120-21ca-495d-ad71-524e893a7422,
9bf415c6-8f2d-4c81-a829-7ef946a6e34f,7ba34c40-a665-4f00-b071-460290429815,0f807431-b11c-46c1-ba6b-7b1855205ed2,
fd786be4-01fd-44e5-a52c-ee68b4940926,7ba34c40-a665-4f00-b071-460290429815,3ed25704-143e-4b3e-9c4a-49e588941e6f,
963296af-5765-49b5-b278-54078ade11d5,7ba34c40-a665-4f00-b071-460290429815,4062457c-9b09-4afb-a938-b3aa5140b3b9,
dc082c5e-8d06-4f07-9647-81b0be0ce65d,7ba34c40-a665-4f00-b071-460290429815,c4873bfb-0fb2-4356-a163-94c998f79eeb,
d8e4286d-c18d-4440-9c51-a50166b021e4,7c712a0c-ea40-4625-8c2b-a9a659079cd0,4b4192a4-135d-46e0-b5dd-cac88d235391,
f96f7058-6944-450e-a564-aced88ba899a,7c712a0c-ea40-4625-8c2b-a9a659079cd0,5b535c53-a7fe-4942-9757-ad65567ef4b9,
d73aacd2-60a8-47f6-9fac-0f413dab2711,7c712a0c-ea40-4625-8c2b-a9a659079cd0,6db39bf4-0c07-4433-96c4-b8b43e6e7d58,
1e1ec19d-b52f-4336-bdbe-fbbe6ada6cc7,7c712a0c-ea40-4625-8c2b-a9a659079cd0,79613886-2c50-449c-9869-5e23b0db0a89,
8aea09a0-e58d-42e4-84b4-b287cb05289d,7c712a0c-ea40-4625-8c2b-a9a659079cd0,85acec97-3632-44f9-86d7-feb719e30fe2,
36ecc66e-2dc7-449a-89cf-d15cab2e3930,7c712a0c-ea40-4625-8c2b-a9a659079cd0,90977950-07be-48f5-97ae-d1393c8ab512,
8ec34293-edb7-4f03-b1f2-bdb2ce48553d,7c712a0c-ea40-4625-8c2b-a9a659079cd0,90dc609d-a614-40d9-ac08-eafbc4ab782d,
70fcf423-3f84-4222-bced-fecabfa16343,7c712a0c-ea40-4625-8c2b-a9a659079cd0,b7c621f8-95e6-42a4-b7a3-e478fb1d0cca,
4c42d8d7-cbac-4681-86b5-5fdaf8d8fd5a,7c712a0c-ea40-4625-8c2b-a9a659079cd0,dc694f32-c0e5-4bc0-be60-3d0000b8f3bd,
a76e251a-6744-4dc9-b3bf-8254a80153c0,7c764447-cd44-4543-b7b1-054c44bc2e67,193ac428-1324-4bf3-af2b-115a55f0e253,
94ef8483-276a-4bdf-8145-15ffe719238d,7c764447-cd44-4543-b7b1-054c44bc2e67,1cc1d4e0-5d46-44ad-ad9d-48d7133c0a28,
5d4d07c7-9504-4d69-97e3-c2cdb114b93d,7c764447-cd44-4543-b7b1-054c44bc2e67,1e8271c1-7d17-4d03-ac88-f398148ff3c9,
478e6522-ffc9-4883-8120-6df84048a6a4,7c764447-cd44-4543-b7b1-054c44bc2e67,2bb62e0b-60fe-4270-91da-4c4e62f0d1f8,
a0348274-a0b2-4a02-8672-ccac184bc5bc,7c764447-cd44-4543-b7b1-054c44bc2e67,2c164ff6-8adb-44a8-90ef-1c8ad2d0ea0e,
e431e4d7-889c-4423-b534-45a49c4bd3e7,7c764447-cd44-4543-b7b1-054c44bc2e67,2e958243-a633-48da-95e0-9059777d8b4b,
3db1521b-5346-48b9-86c4-a54fa0c9cf4d,7c764447-cd44-4543-b7b1-054c44bc2e67,2ea721a0-9228-4d34-af88-e29452341487,
f10fec40-fce6-4652-a72b-831313d1c157,7c764447-cd44-4543-b7b1-054c44bc2e67,3fa13ece-bffa-4e33-886f-89b78200c167,
fe76bb26-7ba6-4ae7-a648-a19eee5ae029,7c764447-cd44-4543-b7b1-054c44bc2e67,42e85ed1-ea20-4160-8127-087baf325f24,
695ef3ee-cf5e-4f32-8f33-9365f25beac1,7c764447-cd44-4543-b7b1-054c44bc2e67,44c822bf-d80b-4c90-b81a-f1bf446c2dd4,
e2817184-55e5-49c9-8a4b-8896558f3db8,7c764447-cd44-4543-b7b1-054c44bc2e67,46671b3a-5544-479d-b491-b3cb58a2a29b,
c284234a-9999-42ad-abee-f2bdd2d5b8be,7c764447-cd44-4543-b7b1-054c44bc2e67,47f5c4ea-4be2-45fe-a27f-c148cd4bb28c,
250dc1e8-3869-4d2a-89b5-b7a8aa767ca2,7c764447-cd44-4543-b7b1-054c44bc2e67,48c7ecc9-55a6-4ae7-a484-56c1c5ff3aca,
3c418274-2341-4f0b-a23e-2cec5bb4eed1,7c764447-cd44-4543-b7b1-054c44bc2e67,4c02ec2c-f05e-4e3c-93b1-eda8aaf6a713,
aa66d7fe-509b-4482-803b-8d2013613c36,7c764447-cd44-4543-b7b1-054c44bc2e67,4d86eb40-8e66-426b-9c2e-b8ed068bb8cf,
af359920-f95a-4cd2-9aaa-5f2cfb2c5cd1,7c764447-cd44-4543-b7b1-054c44bc2e67,4dd1cc74-5eca-4881-85d5-a00745371608,
4d857e46-b55e-45e9-9b38-0527f615c8e6,7c764447-cd44-4543-b7b1-054c44bc2e67,62ecdb7f-83d5-46f4-a64c-ce48ec3a5c8b,
92182e56-b77d-40b7-af68-9723f352d3c9,7c764447-cd44-4543-b7b1-054c44bc2e67,67e1783b-1fcb-4426-b161-21e5ef3706a0,
a4f93298-d50c-4934-980a-fcee42ebb87b,7c764447-cd44-4543-b7b1-054c44bc2e67,8140347c-9c8c-4a25-986a-33b1340889cc,
44854c0e-254b-4997-b998-108d2bfe912a,7c764447-cd44-4543-b7b1-054c44bc2e67,8a5c36d1-e5b0-4867-abfd-891e901de13b,
283174bf-fd65-4c30-970b-2acb69adbdd4,7c764447-cd44-4543-b7b1-054c44bc2e67,8f95a509-c2a1-4f24-8bfb-51c001cff884,
a3829fbd-4558-47ab-b3ae-8b9197662d51,7c764447-cd44-4543-b7b1-054c44bc2e67,930eb938-8444-4a43-94a3-9226cebf2971,
d13f3a88-695a-4215-9b33-ac2fadb665dc,7c764447-cd44-4543-b7b1-054c44bc2e67,9d29ece9-b2f2-488d-acf4-82afd3b540de,
11398870-10cf-47f3-8c92-bc399d9f07c7,7c764447-cd44-4543-b7b1-054c44bc2e67,9e72207e-0e49-45ac-bfe7-7e27f4431e37,
31f513d2-524a-4059-b359-e7a43967bf9e,7c764447-cd44-4543-b7b1-054c44bc2e67,a24b591a-1902-4218-952e-3d98e93cfc70,
668d1928-d396-491c-9be0-459d497689f2,7c764447-cd44-4543-b7b1-054c44bc2e67,ac1415cf-6a48-4382-b094-a8854f323141,
ebf2441a-7d27-4dbc-b296-7e9bb342159d,7c764447-cd44-4543-b7b1-054c44bc2e67,cad7fdb8-bb47-4732-a948-f21d5f10b731,
e6318259-8d4f-43ad-ab9c-f5d4c597fec4,7c764447-cd44-4543-b7b1-054c44bc2e67,d957e616-e9f4-418a-87ec-9480e430533a,
6fad2858-84b7-4295-b12a-a8770d3a61ee,7c764447-cd44-4543-b7b1-054c44bc2e67,db41e81d-629a-42b5-8451-21c326d1ea65,
0a91098e-b7d7-48a6-96c4-6d0b69ac4a30,7c764447-cd44-4543-b7b1-054c44bc2e67,def2c884-2030-465b-90c6-cbb8e5963d56,
31d01ab0-61e1-4ae5-9c68-f82a57ceae58,7c764447-cd44-4543-b7b1-054c44bc2e67,e14170d8-2a32-47da-b3fe-ae3dd80dbbf8,
c018d21d-072f-4519-870f-9fca5e809f40,7c764447-cd44-4543-b7b1-054c44bc2e67,e3cd6091-f862-4739-9416-ab0987f35913,
c9942c84-50ed-4bed-a0d1-07296c791ab5,7c764447-cd44-4543-b7b1-054c44bc2e67,e61b0c9c-640d-4f3a-936b-f69142bf5c96,
2ece7139-ff4b-4d56-8397-9a779e26f956,7c764447-cd44-4543-b7b1-054c44bc2e67,f746cc80-1121-497a-bfbf-fa9bd7647669,
fdc21d2b-440c-4bf2-94d3-00223c8b370d,7c764447-cd44-4543-b7b1-054c44bc2e67,fe6e5f52-a8e7-45b2-b5a0-fc6babe2d7a5,
e5ab1b9f-1cf4-4a85-8298-0a880a94a5ac,7dd89dea-fe38-4f97-a547-94da0ddbd05c,91b678c8-8dd1-427a-93d7-b0301ac77e5f,
10b79f5d-c0c9-4990-af58-806998c2ee19,81275cde-e540-44a2-b74a-2e57d9cdc690,2ce86961-57fc-40af-9c12-ef03003b3791,
a5f5c541-39e6-49f2-bf48-03a4a27c777f,81275cde-e540-44a2-b74a-2e57d9cdc690,afe80c9a-5159-487f-a64f-c17c38354721,
3d88c078-3565-4c21-8ae6-144fb4f25aab,81275cde-e540-44a2-b74a-2e57d9cdc690,b049ba71-75e0-490b-afb8-e216e8c3dcba,
89116260-2cf9-4b5a-9eaf-d95411559775,81275cde-e540-44a2-b74a-2e57d9cdc690,fc7b7d18-6a9f-4af6-851e-b49107537ffa,
7793a121-deee-46cc-a172-0a40032f5330,81dd49bf-8427-4294-a69e-4cb6b55f3b59,00d6562e-2f19-4bef-9930-bfc9682196a6,
de32ae6c-a1c7-4474-8c54-c3fcab8e4a30,81dd49bf-8427-4294-a69e-4cb6b55f3b59,0176006b-7cc9-42f3-867c-2c00cdd60e0e,
7d9d1e46-8e6c-4670-bb2e-3a316b62639a,81dd49bf-8427-4294-a69e-4cb6b55f3b59,0c35bc56-f7af-48aa-a9e4-e9d3db3a4777,
14c05e41-295b-42d6-88bc-51daad24bc1a,81dd49bf-8427-4294-a69e-4cb6b55f3b59,2df5fbbf-4673-46db-93e2-8101cddfbe8b,
7cb42ae9-f832-4415-8911-499e644118b4,81dd49bf-8427-4294-a69e-4cb6b55f3b59,3ed27a57-13a8-4819-bbcb-fe84f61c86a0,
659e90a7-3247-4b88-bed6-ce65e4d7149a,81dd49bf-8427-4294-a69e-4cb6b55f3b59,86dde809-3b1d-433f-a0c9-2f5d5d06ea4f,
f982a7c0-a47c-45ba-8518-95d64f60967b,81dd49bf-8427-4294-a69e-4cb6b55f3b59,91d3ba8c-f954-4eaa-be86-0b7db7f2f707,
262ba05b-c889-4ae8-89c1-b438e6623b89,81dd49bf-8427-4294-a69e-4cb6b55f3b59,a28c5436-2e51-41e9-be65-085b0ba21830,
acacda61-61ad-458e-894a-2731d8f5b56c,81dd49bf-8427-4294-a69e-4cb6b55f3b59,a3fe828e-0d82-417f-9e5a-ca40090f2357,
a35cf189-3851-4b3f-8b48-e04dc6d14a68,81dd49bf-8427-4294-a69e-4cb6b55f3b59,a897234e-e9ab-4574-9fcb-079d760fcdeb,
27567aab-dc3a-43c8-855c-e0e91f7b01e5,81dd49bf-8427-4294-a69e-4cb6b55f3b59,bc8f06cf-1d17-4235-a389-e6a22592c8a8,
a22228ed-a7ad-4909-820b-dd8bc888b2c4,81dd49bf-8427-4294-a69e-4cb6b55f3b59,bca61cb1-b3a6-4790-b113-ca4a5f047dd3,
5fa86718-bf00-42a2-9e1d-6d4399f7211e,81dd49bf-8427-4294-a69e-4cb6b55f3b59,bd8ee58e-9b25-4461-93a7-5e0d0d9c1424,
55eca8ca-f80a-4f32-b76c-3be2426029c7,81dd49bf-8427-4294-a69e-4cb6b55f3b59,c6e7c8b0-6788-4f9e-a497-162adcbd0113,
494facc5-067a-4255-818a-907316d20fb7,81dd49bf-8427-4294-a69e-4cb6b55f3b59,ccef0e23-be7a-4c4b-ab1d-7d122deedc39,
15bfccf7-4820-4167-a6e2-a6eff894a934,81dd49bf-8427-4294-a69e-4cb6b55f3b59,d89d5418-7b78-415c-a1d5-70af0b37bfec,
7fc78e4f-47b0-4b19-bf86-33bcc191d780,81dd49bf-8427-4294-a69e-4cb6b55f3b59,e92423c7-5c3b-4d04-a416-4dfea1e74dda,
8d2450cc-6cf4-46ff-b028-af1105ad8439,8353d26b-f711-40b4-984c-1987c1c1e28f,2dc8d5d3-654f-4598-be21-4c3976423d46,
b120ff66-d2dc-409e-a8ee-ec38eee6ed7e,8353d26b-f711-40b4-984c-1987c1c1e28f,37df1750-9548-47ce-a8cb-14a6480b1081,
2051ee45-e846-4163-91e5-022c28d40151,8353d26b-f711-40b4-984c-1987c1c1e28f,65b48227-887d-49aa-a8c1-0a44bcd326a2,
f9729633-127e-413f-ae2d-ce4bbeba65bc,8353d26b-f711-40b4-984c-1987c1c1e28f,afc78972-2aaf-4dc1-87fd-a11f8919647a,
b999c978-0ede-4105-a7db-b0173997a1b9,8353d26b-f711-40b4-984c-1987c1c1e28f,b2ae0781-c686-489e-8966-48a5e1bd2ad6,
236c0a44-7fc6-47f1-a4b3-715b336ea7fc,8353d26b-f711-40b4-984c-1987c1c1e28f,c26b545d-8bc4-4ae5-b457-9b85c35270db,
930d9319-40e7-4b1c-b8f7-d1d0f7c2d808,8353d26b-f711-40b4-984c-1987c1c1e28f,d8d3474e-548b-49ec-b965-d653cec70f5d,
24aceede-c872-4b52-b588-7a4f77db361a,8353d26b-f711-40b4-984c-1987c1c1e28f,e22290dd-668b-4713-88fc-2e8cdafbfa10,
6e99dff2-c3cd-4d39-b130-40e4bab0606f,8353d26b-f711-40b4-984c-1987c1c1e28f,ee14f2d5-760b-4490-8c02-828d69ea6205,
2e55ffb0-123d-4135-93ec-7f8fe28a2423,83f1a272-58c1-4b44-ad9f-63d8f93d0563,33117274-0680-4831-a7dc-6301f32e6076,
67e92dd4-0409-41f7-a716-856c792c962e,83f1a272-58c1-4b44-ad9f-63d8f93d0563,da6d8007-1112-4394-b79a-b8185e72f3a4,
d4e6f485-a334-4351-8168-37dafc7b89b3,83f1a272-58c1-4b44-ad9f-63d8f93d0563,f3baf969-43c3-4b38-9fcb-4aef59ffb6fe,
64497fd9-2f16-46b8-b2b2-f4e8378cbc51,852e4056-f84f-4f7b-ba52-bea977c73c68,de10200a-f541-476a-b332-48562f718899,
79fb27f6-0fd0-4155-ad8e-6a6a1378df69,860a0c37-dd11-424a-a210-b38ee0c50713,e633b81e-1b08-470f-8c7b-7081b724eba6,
221f30a3-eefc-4db2-b111-863a9068f08e,87cf5cfe-309a-472f-84ca-500dbd852adb,4103e17d-6307-475c-902b-87d5e0e251e0,
c9125d17-73ed-424f-a502-71309a0216fe,87cf5cfe-309a-472f-84ca-500dbd852adb,7c71a9ac-1dd1-4c3c-b904-2be52f5f2a48,
e4d37273-96df-45be-8ba6-a207eafa3c06,87cf5cfe-309a-472f-84ca-500dbd852adb,bd0b9997-4f9d-4674-9969-c33e3effb5c4,
5fe97233-5396-45be-b9a3-416efbd3888a,87cf5cfe-309a-472f-84ca-500dbd852adb,e3e0e48e-59f4-4c24-b44c-8898c6104bb6,
e527fb32-3f52-470e-b5ed-96600f850403,8939b3db-e927-4a9e-9225-465adae14148,064d63a6-137d-4173-a4da-010a3ff0a52b,
ae01e76b-96a8-4277-842f-8776d3041959,8939b3db-e927-4a9e-9225-465adae14148,10b8c072-1c3e-4a48-825a-2ca82a4a8203,
9b8758fe-c53b-4170-a77f-9da6a1650942,8939b3db-e927-4a9e-9225-465adae14148,1aacc899-e766-440b-adb2-36e78de81c10,
26dbfdd4-de69-4d3a-bb66-0e74d628d714,8939b3db-e927-4a9e-9225-465adae14148,2b36f8c6-26a3-4538-bbaa-15a252539d75,
d8543592-b8a3-4761-8bda-6435636d68ff,8939b3db-e927-4a9e-9225-465adae14148,4b0db1c9-7d41-443b-88ea-01623c4b9d6a,
736645c3-4552-4837-a91e-415b752f088a,8939b3db-e927-4a9e-9225-465adae14148,65f32723-098d-48d0-a311-0724d4584022,
55d8e436-fbc2-483a-9d1d-0512fc5565d1,8939b3db-e927-4a9e-9225-465adae14148,65fffb2e-e6d6-4e58-8226-8ccbf885b03a,
8193356e-ff2d-47b7-9503-a45f5faf2453,8939b3db-e927-4a9e-9225-465adae14148,7941f661-5ddd-49b5-b8e3-965d458e6c59,
408838a2-0ec3-4fd9-973b-5c34a6915e7c,8939b3db-e927-4a9e-9225-465adae14148,7bc9a0b4-1ba1-44e6-86f1-f41edd68f7c2,
74e67dc3-d5be-4648-8004-c5a3f0f234d0,8939b3db-e927-4a9e-9225-465adae14148,7ee8bfc9-8345-4c0d-b3be-77016d40d022,
e81e61ac-6d50-45f0-9dac-d26f43e83010,8939b3db-e927-4a9e-9225-465adae14148,ddf53e77-60bc-4be7-9b1f-57fd1d252fa1,
13ee9c5d-111e-4068-afa2-55fe527d5132,8e0f45eb-33d6-4f50-997c-83b79fd9080c,650f33b2-8c2d-402f-9b49-8e859959a8b9,
0d294998-c98b-4691-b679-7e1d04838070,8e0f45eb-33d6-4f50-997c-83b79fd9080c,655b4edf-0fdb-4323-a32c-55e411643edc,
126d3d70-7506-4008-ac55-c32efbb63e23,8e0f45eb-33d6-4f50-997c-83b79fd9080c,ec1dc393-8ba2-4f36-9339-4c5ad6a667fb,
54ff313a-f74e-47f7-83ff-15cd5427637f,8f0c5b4a-fa75-4ac4-8c00-d5c8d74e9bcb,04d6d44d-b597-42e7-9831-fe720da998af,
dae77a31-ff31-41ff-a1e1-c2c893c3c6ac,8f0c5b4a-fa75-4ac4-8c00-d5c8d74e9bcb,1fd2aa40-0174-4e63-998e-a76eadc4cbba,
95f8a1bf-8545-41cb-9f61-12e038e1c52d,8f0c5b4a-fa75-4ac4-8c00-d5c8d74e9bcb,3733eea2-f023-4cec-b549-f4753067e78e,
129c9770-7875-4536-9017-14a09f12816b,8f0c5b4a-fa75-4ac4-8c00-d5c8d74e9bcb,38862beb-5e8d-4536-bbf9-6f8e5b09dd8e,
9e2bb5e4-c96f-498c-9865-313f21896f07,8f0c5b4a-fa75-4ac4-8c00-d5c8d74e9bcb,41b1fb98-b6f1-4321-9f45-29b2f12bfbbe,
b9abcb9b-7b06-42bc-ac7c-45ada5adb363,8f0c5b4a-fa75-4ac4-8c00-d5c8d74e9bcb,53194437-9187-4d6e-a457-af1fee3e2bc3,
ed01e17e-5c67-4d2e-b68c-8c67bac6eecf,8f0c5b4a-fa75-4ac4-8c00-d5c8d74e9bcb,5585d2e4-d749-4c59-b2a4-d2be86367e4f,
9ea3ada1-ee98-4d08-b5c3-07f1ea2b1e11,8f0c5b4a-fa75-4ac4-8c00-d5c8d74e9bcb,673d6b66-8eec-45af-be11-5999777ba7bb,
fd6af217-c33c-4986-8a19-b3b38a44915b,8f0c5b4a-fa75-4ac4-8c00-d5c8d74e9bcb,6d1b945f-fdb1-479c-972c-dbfcf24ea738,
54be69b4-0ec3-4165-8089-bc48cbe807d1,8f0c5b4a-fa75-4ac4-8c00-d5c8d74e9bcb,758df589-8b57-4854-a6a3-56a5165b6b20,
a245967f-6bf7-43a1-bd62-d47ee18856eb,8f0c5b4a-fa75-4ac4-8c00-d5c8d74e9bcb,b7acfa41-b7de-4034-be2f-4d996fe4db38,
d492baef-43b5-4530-b389-ef0874fbba45,8f0c5b4a-fa75-4ac4-8c00-d5c8d74e9bcb,fc64a9ad-5b1c-45a0-ba55-8e6e6c84040b,
68de0a3a-7351-4090-8291-2b7119121f0d,8fa48d43-9b9d-4e01-8031-060881722a10,1429cd8c-1548-4b53-984e-b779bb1021f8,
ac6263ba-a604-4c5a-b5aa-76a1c04b2ed4,8fa48d43-9b9d-4e01-8031-060881722a10,293a8956-cd5e-4b4a-bb04-d96562a76e65,
942f3f43-36d5-4f90-acad-edd90d44571c,8fa48d43-9b9d-4e01-8031-060881722a10,95e568fd-c8d1-4494-861d-e8ed75560cd8,
ff8dfa1a-96f9-4dca-979e-fab72b396f00,8fa48d43-9b9d-4e01-8031-060881722a10,9f53fa1f-cdd4-46e4-baeb-3eabd9e6653c,
7925a11f-1239-493f-844f-815b5d93a208,8fa48d43-9b9d-4e01-8031-060881722a10,a87a36bd-d4a6-4206-977b-37a3316e7455,
21585cc0-e3af-440e-9157-3eeb90fb1b19,8fa48d43-9b9d-4e01-8031-060881722a10,f609f67e-8162-47ba-9629-ae2c3bb5f24d,
cd834d7c-53d3-44bb-93f8-48f2ffcce562,8faa6308-8900-4616-9c47-542979c44039,16819779-8de0-4ac5-97bd-358097805af0,
c3cb021e-00ba-46c4-b6e1-bfc40ed1c810,8faa6308-8900-4616-9c47-542979c44039,f96282de-b187-4a54-99cd-3555db16204a,
0c741b80-c139-4c8d-8b1e-2ea30f21de0c,8fdefa68-c171-45e5-80c0-7e9d090f3c7f,0748c37f-9338-469d-b7a5-141a3808e7d8,
19764f59-b2b2-4a2b-89b6-f6373ad1e461,8fdefa68-c171-45e5-80c0-7e9d090f3c7f,0e03e153-6264-4f1c-aa07-952cd44765e6,
dcdcaf7c-eacc-4482-b118-9b71682c967f,8fdefa68-c171-45e5-80c0-7e9d090f3c7f,210ffdcb-0f14-4878-b1e9-1db97b0c9914,
bf6c40c4-4928-4ac5-9ac0-acdd4d159519,8fdefa68-c171-45e5-80c0-7e9d090f3c7f,3f44a161-5c98-4099-84ae-51a59d9d3718,
3337d30a-aaf7-48b8-a25e-d7d344a11e86,8fdefa68-c171-45e5-80c0-7e9d090f3c7f,421e1127-366d-4a80-b6eb-f9825c2d3b65,
af586ad1-91fe-4980-abb5-745ad73f24fc,8fdefa68-c171-45e5-80c0-7e9d090f3c7f,4d377808-b475-44ea-aece-c71f1cb862d0,
7819f138-7472-4b41-be8f-bb81531e4342,8fdefa68-c171-45e5-80c0-7e9d090f3c7f,85846336-4f75-4b70-9557-12a0ae77dc69,
756fab09-a8ba-4ea3-bb62-50f43f225bf5,8fdefa68-c171-45e5-80c0-7e9d090f3c7f,9865c0a7-cb69-4087-b9ee-da1f52b73c10,
2145abbe-7f7f-4f74-bbf9-7af12db108a5,8fdefa68-c171-45e5-80c0-7e9d090f3c7f,9ed86450-c499-4393-94e9-7c250816853b,
a5dd4beb-a999-411d-af17-6af308fb6b08,8fdefa68-c171-45e5-80c0-7e9d090f3c7f,9f2093af-a167-4278-82ac-074cc31ebf4e,
835fe64a-2363-4180-9972-b340a5dd85e1,8fdefa68-c171-45e5-80c0-7e9d090f3c7f,a74aaa18-b998-49ef-b636-425fe659b9c8,
43414049-4389-4ce6-bc5a-bc5fdc3f2e5a,9038c480-e671-439b-bf5d-80827306fd07,2666e055-a705-4320-8c70-c704cee74092,
6cbae587-9a64-42cc-b007-f1d6b8f1188b,9038c480-e671-439b-bf5d-80827306fd07,46364b72-5dee-4f93-919d-f96f702a1182,
54cf0241-e273-4941-b094-faa29a1c31fd,9038c480-e671-439b-bf5d-80827306fd07,4a9d48d4-01fd-4290-9fb6-37e9b72a706f,
e44e24ec-976e-4c15-a45e-fcd2785a2055,9038c480-e671-439b-bf5d-80827306fd07,68572bec-88c9-40ab-81fd-643212289f34,
975c9c18-2f4e-47d0-9f01-6d9a857ac45e,9038c480-e671-439b-bf5d-80827306fd07,70f97c48-35ee-4f0e-9796-55c8b2a414ea,
560d5756-e46a-44d0-a356-2902f48fb07b,9038c480-e671-439b-bf5d-80827306fd07,7e9b50d3-89df-4205-8a30-5b90e1e804c7,
d8af4646-3de7-48f1-a50b-a6714bed7f66,9038c480-e671-439b-bf5d-80827306fd07,866a5fbc-1a86-4d36-b7f9-32e954305069,
a16977ef-8d1b-4403-975f-de25a1febd87,9038c480-e671-439b-bf5d-80827306fd07,91fa88db-78ae-4df6-a3b7-587943e8c68a,
1ae4205a-fa80-488c-8a31-f9a937cd87a7,9038c480-e671-439b-bf5d-80827306fd07,beb65273-355b-4c56-ade2-1f8cb1c3784c,
45a5e762-fc10-44a7-96d9-3ec937ec7b08,9038c480-e671-439b-bf5d-80827306fd07,d07046b1-43e3-4fbb-b467-fd734c37135f,
161b24bf-08be-4150-a5d0-b62afcb4250b,9038c480-e671-439b-bf5d-80827306fd07,d18d43b3-c219-4c53-a435-ee0f6cbc0b2f,
ca1ea4a4-dc99-4e45-86a4-09ea75911667,90462d7b-b16a-40b9-8660-897426e4fcaa,2abdb04b-dbc2-41d6-9a1e-f27baf05eb74,
5f4d2967-5ff2-439a-bd54-5f8da57b016a,90462d7b-b16a-40b9-8660-897426e4fcaa,82125019-bca7-4d44-8824-315818a40b46,
234743d4-599b-4dec-9cbc-7ec031c3c94f,90462d7b-b16a-40b9-8660-897426e4fcaa,bceafb72-d231-47ab-8b13-7ac498ebe741,
a65acbb2-b222-4e4c-935b-e24db38195cb,90462d7b-b16a-40b9-8660-897426e4fcaa,f36716ab-58c4-4bd2-8013-b2d319667bd9,
87d7e334-9d77-45a9-9b86-109e5c5555ab,90dd25de-f666-4f6f-a8de-3399d8ded1f7,71fa2041-54a7-462c-b366-85b7f8a3b2e6,
ec26a64e-9ba6-4f2f-9463-c1c2a925359d,90dd25de-f666-4f6f-a8de-3399d8ded1f7,87487711-f38c-4357-9c1f-19f8ce2c630e,
18e2d610-100b-4066-a78e-0608444a4dc4,90dd25de-f666-4f6f-a8de-3399d8ded1f7,89833dd2-8995-43c2-a705-6c3d6a5a2adb,
7e8cd4a8-e655-4106-9547-0f12c9a4d3bd,9164276b-b52c-462d-af3d-9d63a5501e2a,0a3cc2b4-033a-4f9c-9a82-e9da349322f3,
abc84ca0-c8f0-479a-bcc9-492a6b2f4e8f,9164276b-b52c-462d-af3d-9d63a5501e2a,18a1824f-5be5-4b30-ab37-f5073a6f84c1,
5577d127-baad-481f-8704-90aef7189e5c,9164276b-b52c-462d-af3d-9d63a5501e2a,27cb0e37-fb7d-422d-9d41-b2a5882d8868,
17c3c8c1-2703-4069-bdd4-50cb93129630,9164276b-b52c-462d-af3d-9d63a5501e2a,79639a5f-fc05-4d49-9173-a0429c5da49e,
1957f692-074d-4fa9-98b5-4a3246bf310b,9164276b-b52c-462d-af3d-9d63a5501e2a,96834a8d-7adf-461e-90d0-70032c826ff0,
2ca00edb-24ec-44bd-9df9-e767c49506ea,9164276b-b52c-462d-af3d-9d63a5501e2a,ad9fec0c-3c2a-47e6-8a63-65a64e25b016,
3902361a-f818-4c28-ba63-1f39cbba0239,9164276b-b52c-462d-af3d-9d63a5501e2a,baf41ab7-fd97-43de-8e5a-028c52b42724,
ad3ce8cf-1fc9-493e-847e-2aec7ffc7508,9164276b-b52c-462d-af3d-9d63a5501e2a,cd9183c5-2dc3-42b8-a040-4fe54278becd,
fe22b7a4-723a-421d-ae11-789e6feff819,9164276b-b52c-462d-af3d-9d63a5501e2a,cdefaf81-fc4b-4a55-87ec-66e9deb7cdc5,
cb3d87b8-edf4-42c2-b1eb-98ef1a5fe1d6,9164276b-b52c-462d-af3d-9d63a5501e2a,df7c81d2-3dde-4948-9831-e402022cf208,
8f2e4036-c920-4a3e-8899-b7ab58778f97,9164276b-b52c-462d-af3d-9d63a5501e2a,ef7d0ece-6390-4d32-a3aa-c8cd9542d901,
85b10360-741a-4422-ba37-475b1b7fc3c7,9164276b-b52c-462d-af3d-9d63a5501e2a,fbe3edc2-3461-4566-b918-d51f71d2d72c,
5805ea24-0112-4f7a-b2fb-e8f68b1cb42d,9164276b-b52c-462d-af3d-9d63a5501e2a,fdb9507d-8c83-4cd9-9778-9f03aa2f38f7,
4082c817-a4e7-4c79-ac62-b4ab6a425623,92c61179-9037-4cc0-ade9-99cdf530801c,022fd9d6-5050-48c8-8e03-5682cf555b95,
6fcdbbc6-9b01-4f79-830b-34150d65eb30,92c61179-9037-4cc0-ade9-99cdf530801c,1fe6a4cf-9a74-4bc5-a114-32bee6c53e99,
a5c8b5c6-d495-4d46-b995-7bc616f351fd,92c61179-9037-4cc0-ade9-99cdf530801c,27389a87-9f02-47be-8cfe-2c7c333e97a9,
44ff94eb-ee19-400c-b1dc-1d6892317401,92c61179-9037-4cc0-ade9-99cdf530801c,47f7e13c-bbab-4bfc-8b0b-41af4ae00939,
65c482fd-dc71-4642-a23c-2e99dda3f393,92c61179-9037-4cc0-ade9-99cdf530801c,4c544585-eed7-4d35-a4ba-c7f6c8137a1a,
399284d1-5ed4-4f44-804a-cdfa40e7b8fd,92c61179-9037-4cc0-ade9-99cdf530801c,6009e24e-aa3c-4abf-a107-78bd0ceac248,
c5110fba-d03d-4efe-adfd-7a5465928188,92c61179-9037-4cc0-ade9-99cdf530801c,6d6eed70-3e09-4d2f-9573-d1e224457dfb,
b9a0648f-e25c-4065-9932-4150580324b2,92c61179-9037-4cc0-ade9-99cdf530801c,7e808cdb-7e81-4104-b53b-162528d69fc0,
d4081fc7-aee4-48de-b215-ccc6a40f371b,92c61179-9037-4cc0-ade9-99cdf530801c,8c74af63-7259-48b9-b0fd-f727b309d890,
ad30e61e-0e87-4e1e-b0e7-27c78a610c19,92c61179-9037-4cc0-ade9-99cdf530801c,9c2bfb31-c2cf-4747-9029-3ba32f9208f4,
876a1824-02df-4d16-8b93-cddd94502836,92c61179-9037-4cc0-ade9-99cdf530801c,a1b99b48-0716-4c45-a63a-9842e4cc46d1,
f91eefa2-36d8-4091-819c-ea3f8daa26f1,92c61179-9037-4cc0-ade9-99cdf530801c,a731a492-2424-4c43-aeb6-4325cd65c1b8,
341d6116-f649-4303-a46c-3d1e9c636a53,92c61179-9037-4cc0-ade9-99cdf530801c,bbd4d0c4-9135-435f-8abb-5b86d89a0a56,
a135717f-e7f7-4a82-ac85-4cf3d76162e9,92c61179-9037-4cc0-ade9-99cdf530801c,c63b791e-3312-46fd-8ab2-e3816e4375a9,
8f62c573-1508-4a6d-893a-471effb6b167,92c61179-9037-4cc0-ade9-99cdf530801c,ce262774-30b6-4bd8-96eb-05f5f2464399,
99168a3d-e784-4278-93c7-c60218b25dd7,92c61179-9037-4cc0-ade9-99cdf530801c,e3acda7b-a0d3-494c-ad29-612c8da34ef7,
a8fe7bdb-9d43-4ad8-81a2-f7833d6b7216,92c61179-9037-4cc0-ade9-99cdf530801c,ed3ecbb5-79a0-4fd6-a282-4df06397d0a8,
69a678cd-2b66-4ace-b281-7a03eb1a384e,93ddd275-8aa9-4575-9992-9d3270e5d387,2f55d66a-a4cf-42f9-ab86-68b88d8d2dae,
eeb56738-a207-43df-95cc-1974271c060e,93e0249a-0c57-4c4c-a8fc-29113776c488,15d52847-e336-4ba4-abe4-9da0890fc49b,
8d995250-43d0-4068-abe0-39bc4ba91be7,93e0249a-0c57-4c4c-a8fc-29113776c488,31eac440-6091-460f-a22e-0943fcf086dc,
04d3b2a0-c80b-49c7-8b86-a61b622ad87c,93e0249a-0c57-4c4c-a8fc-29113776c488,5dad7e6e-6598-49ea-b06b-0a63cb8c1ac2,
83609123-10c2-4054-89a4-ab9f3c8338b9,93e0249a-0c57-4c4c-a8fc-29113776c488,859bafc4-8847-4e45-831c-6b13397a5671,
b8731be4-2067-4cc2-a39f-6c8bedbbbd42,93e0249a-0c57-4c4c-a8fc-29113776c488,a54036cc-6c05-4306-8832-2e87994d5cd0,
92f72031-3a19-4ee2-8997-a33409550add,93e0249a-0c57-4c4c-a8fc-29113776c488,bb2654fb-9a98-4886-a186-8c58fcb038d0,
4b4281a4-06db-4ed1-ac46-042245aaf81b,93e0249a-0c57-4c4c-a8fc-29113776c488,bc7cbfc2-ad47-44f5-8e74-ffd1ea01a718,
3dd3ea70-9858-4952-9e9f-afb5daf14ef6,93e0249a-0c57-4c4c-a8fc-29113776c488,e8ba9a5b-a439-4d4b-b700-28eae15b9b5a,
ceae170f-bc5c-4a89-867b-8b6a77b1fc3f,93e0249a-0c57-4c4c-a8fc-29113776c488,e9738d3f-08ad-4d2e-b66f-f221ccc272fc,
df0f406c-bd94-475d-b072-6e93fe881b27,93e0249a-0c57-4c4c-a8fc-29113776c488,fa6a269f-c5a6-4ef7-8442-1c7c1031f2fd,
6b050caa-8544-425a-b5e1-56a20012621e,971d23ab-5800-459a-8643-9ae156d7c266,05fb2769-bcfc-491b-90fb-8e40cb2d2a71,
d58cf576-6fa2-48f5-942e-decdfefd0b2f,971d23ab-5800-459a-8643-9ae156d7c266,24cfefdf-f095-4f20-b1fb-040a5452baaa,
f2acdf8a-e624-4e5d-8738-785e7de69582,971d23ab-5800-459a-8643-9ae156d7c266,2ab37456-7c4f-4aaf-b9dd-75a2d5841629,
289419c5-c273-4241-bbbd-e9f41e2ea2c6,971d23ab-5800-459a-8643-9ae156d7c266,3e8c24d3-2aa1-4678-adc5-6d70b83f0de3,
1d942450-0bb3-44c5-af35-60d4110080c9,971d23ab-5800-459a-8643-9ae156d7c266,402f7911-6c33-488e-ba2d-2a689abe5c04,
df19cdc3-3af9-4df3-9ca3-0e7f1a3a4bb0,971d23ab-5800-459a-8643-9ae156d7c266,45404bfe-cd52-4317-a69a-5328109a4dc5,
37098bfe-292a-4f8c-9b5f-93632d9a6227,971d23ab-5800-459a-8643-9ae156d7c266,46a6c88d-5974-4a13-abac-554d2be26489,
7fcc41df-0c2b-4d14-bad0-8b61c9fbe5ce,971d23ab-5800-459a-8643-9ae156d7c266,4d8082d3-3908-4336-b1a7-def8333da9c4,
cdb6475e-1ddc-4256-88bc-b1071195b817,971d23ab-5800-459a-8643-9ae156d7c266,5a80253a-873f-4354-9049-ef2e08da608c,
551ee234-ebfb-4917-afd1-6cf8e1b9501e,971d23ab-5800-459a-8643-9ae156d7c266,84f95dc3-0cad-40bd-899a-4b891aa52a8c,
52a09321-5ddc-43c4-8e22-29fa3994f929,971d23ab-5800-459a-8643-9ae156d7c266,8562cfc7-e2ad-4c98-a361-f9a4ff937c23,
78cf33ff-03f3-46c9-ae62-b66307412588,971d23ab-5800-459a-8643-9ae156d7c266,b006bb37-c3f0-42c9-97f8-56e21a96c4f1,
0e279c73-c863-4a33-be52-818cfba7a7ca,971d23ab-5800-459a-8643-9ae156d7c266,b62dbb39-380a-40ec-8283-36d46535189f,
a271da4d-a56a-4986-ad42-2668e582784b,971d23ab-5800-459a-8643-9ae156d7c266,ba10fba5-cd35-4eda-b550-0f76fbb1f217,
7cab5704-79c6-4e25-a7d7-c2bd626cf975,971d23ab-5800-459a-8643-9ae156d7c266,e7737791-2d97-41b4-b5c9-8ac6b60e971b,
69b1900f-e255-4bc1-82e3-31eebdf91d77,98e19fce-a1aa-4eff-9edd-d544ed2b02d4,2c849a7c-6a13-4db8-a40c-1c0ab3e6e210,
7a057608-ec7f-4646-8449-bcbb3bbd1df7,98e19fce-a1aa-4eff-9edd-d544ed2b02d4,59370b31-74e1-452f-af41-db2483a745e2,
abbe6184-3552-42a8-bcca-17018add3030,98e19fce-a1aa-4eff-9edd-d544ed2b02d4,c133df8e-7931-4c05-ba13-812f517e023c,
c49e56e4-527a-4614-ac4e-65774fc0a816,98e19fce-a1aa-4eff-9edd-d544ed2b02d4,e4f540ee-cb6b-4c4e-8688-953e2139e12a,
0180dfc8-37ff-4f98-91ee-db46adbfea35,9a0f7f63-e627-471a-ae6d-72ce1a005458,0efb9a59-8ffb-4f02-bc14-3941c63cc06d,
b10c0db7-6146-4ec9-88d5-cbada0d8b083,9a0f7f63-e627-471a-ae6d-72ce1a005458,204af647-cee3-4b95-a0c8-30e39ed12b59,
f4d0abf2-5b69-43fc-8cc8-2485d1a1ece1,9a0f7f63-e627-471a-ae6d-72ce1a005458,40160327-ffd7-4101-abaf-9bb7e178c4d3,
0a3e1191-1c99-4ca4-9e2a-7fc7c730e2df,9a0f7f63-e627-471a-ae6d-72ce1a005458,498d40fa-bb2e-44b3-b58e-23d3c3e6b9f5,
eb66cc37-98fb-4bdd-96e9-cba317d650f1,9a0f7f63-e627-471a-ae6d-72ce1a005458,6338e04c-e35c-494a-b89e-70035e868336,
02aa2c81-2460-461f-b929-66fc891dcf2b,9a0f7f63-e627-471a-ae6d-72ce1a005458,8965f352-f339-4924-8c75-17086958f03f,
8a1ba735-802a-4090-9b7b-a475e553415b,9a0f7f63-e627-471a-ae6d-72ce1a005458,c31713f3-5da8-47e4-bd1e-625f3fd8ff02,
304c081c-c665-447c-816e-6ed7d4d3d87e,9a0f7f63-e627-471a-ae6d-72ce1a005458,ec9ac051-aa4b-4e99-83e2-f37e65fa1422,
63936160-6401-42b5-a15f-943a7c6fe053,9b153447-a78c-478f-b611-cd79f4e9a50f,871d8476-d12c-485b-8f35-a94e685d63b3,
c905ada2-2ba3-4abe-852b-62acb041fd63,9b153447-a78c-478f-b611-cd79f4e9a50f,ab127c08-dffe-4773-bb96-3463fcbabb3e,
8310de8c-7866-4cc8-9b63-edfca4be5f91,9cbeea33-7d51-4e9f-80e0-9be704750a52,3b1df7d8-b78e-4dba-90b3-0abcd55b79b4,
dbd2ac6a-b9f6-4e08-8edf-f6761038ca07,9cbeea33-7d51-4e9f-80e0-9be704750a52,8fb0c742-6ef7-427b-a586-e6642e3083cb,
72d8e28a-0bf1-485e-9460-725443f027b9,9cbeea33-7d51-4e9f-80e0-9be704750a52,d64bf8be-9f8c-4fe7-88ef-f9441bbc78ec,
96e9365c-d9d9-49d6-b4c1-71b1c823dd9e,9e98918f-db17-4336-a70b-acffcc08062b,6ea5f163-5fc5-4654-948b-0af9a583d281,
8646e080-4229-4dce-9bb0-a5a1f9330291,9e98918f-db17-4336-a70b-acffcc08062b,b9e392bd-c861-491e-a5a0-a343c2821b02,
fa35fccc-370b-4086-9d01-3febba2ba4ff,9e98918f-db17-4336-a70b-acffcc08062b,dd17ad9c-4e5c-4bee-84d2-3668d04c9e61,
28a2502d-0980-4eaf-ad11-2ace2f9a3d7a,9e98918f-db17-4336-a70b-acffcc08062b,fe2b58bb-1bc0-4667-8333-a81666c796d4,
1577f794-730c-484b-8892-6071fc136d1d,9eddae29-583c-42f5-b8a1-584154afa399,53cd4813-0599-4bc5-8280-b310c7b0ef4f,
bbce6086-c2ce-4a2c-9abb-00b69e2a386e,9eddae29-583c-42f5-b8a1-584154afa399,a14d9060-43a9-4021-988a-15b77eafa03e,
e22ece57-bbea-4dc3-9d4d-09b0b8433fe3,9eddae29-583c-42f5-b8a1-584154afa399,ee5a5225-cb48-42f6-9ee3-3a94115fac6f,
00760be0-ccd3-40b1-89ac-5bf0dba7b556,a130a8de-71a8-4139-acb8-3d2aafbcd5ea,02cf42f3-976d-48e0-8f24-b355394f74d1,
e8f912ef-b2db-4553-8c41-c66c7b5c7866,a130a8de-71a8-4139-acb8-3d2aafbcd5ea,0397d368-8eb1-43ba-ab9f-a2586abf8922,
37224e93-9ca5-47d2-912c-01aba478af7e,a130a8de-71a8-4139-acb8-3d2aafbcd5ea,2b6a0724-2ba6-4724-9af2-d725b7dfd476,
d32e4c61-4c6e-4c64-a6a4-afa384c86f72,a130a8de-71a8-4139-acb8-3d2aafbcd5ea,4ee2d772-e673-4ce6-bb35-c9ffe218daf3,
5144f5b7-585d-451a-95a5-20cd985bd5ec,a130a8de-71a8-4139-acb8-3d2aafbcd5ea,5c1d99e7-1ead-4313-a509-2222e01c0893,
b63493d5-e471-46bb-8c30-d864b4df9b49,a130a8de-71a8-4139-acb8-3d2aafbcd5ea,6f543ca8-aaeb-4f64-98fd-4ea2f577f53f,
bb4bdf81-4e2e-4bc6-8402-ac762c0e3bfb,a130a8de-71a8-4139-acb8-3d2aafbcd5ea,76029fe8-5721-4c6d-8963-8edcfeb3c76a,
d668cbb4-2d80-45df-8c94-553d144454b6,a130a8de-71a8-4139-acb8-3d2aafbcd5ea,7832d0ac-de7d-44cf-b12e-a1e195422781,
169b91df-ee14-43eb-8b00-451c62f0d599,a130a8de-71a8-4139-acb8-3d2aafbcd5ea,8693cf34-d168-421d-a8dc-771f0324a70a,
b1dea5cb-0efa-4436-8221-8347f524aa6e,a130a8de-71a8-4139-acb8-3d2aafbcd5ea,89ef0f0e-352c-477f-9f4b-22ea0e750bf5,
dceefc89-b9cf-46a6-b8c6-7c7051fcf47a,a130a8de-71a8-4139-acb8-3d2aafbcd5ea,c188f8c2-dfa3-46b2-ae3e-7e9303ba9ed4,
c69ee65a-fbf8-472c-9d3d-2900f37c1395,a130a8de-71a8-4139-acb8-3d2aafbcd5ea,dd881f9b-77c9-4fa8-beda-e5329251dbdc,
cd7c04cd-4162-4401-abab-0cb05674ab72,a130a8de-71a8-4139-acb8-3d2aafbcd5ea,de3bd4e5-85e6-4e42-bff0-a2669e28a7fd,
79edd9e6-309b-4d05-aa57-40a5d09f7ea1,a19e3242-ea4b-44ad-891f-275fe0d87387,1481744e-4137-444e-8b45-6373fc5651dc,
9731cf20-bba2-47f5-8ec4-f2afe352f177,a19e3242-ea4b-44ad-891f-275fe0d87387,2dc2039c-bf50-42b7-a29b-acb81ab5d5d2,
453c62b5-111d-4459-8893-7de71ab1f7a3,a19e3242-ea4b-44ad-891f-275fe0d87387,2f3cb6c6-cbb2-44af-906d-f1a4e64d7265,
b8e8adc6-5e41-4bf5-9024-ce9673758978,a19e3242-ea4b-44ad-891f-275fe0d87387,85e8e51a-d4e5-4293-b76d-d31703a7a502,
ae9544c2-3577-42fe-85bc-c99329fc2e7f,a19e3242-ea4b-44ad-891f-275fe0d87387,8a9fb9cc-c3e2-421d-a52d-b378e36b3ee4,
802aa7db-f9e7-4e7d-8ccd-3f72a65b35d8,a19e3242-ea4b-44ad-891f-275fe0d87387,9736970b-b6ce-4e5d-baf7-018fa52d0e6f,
884039a1-4dd6-4159-80f6-66256ca96790,a19e3242-ea4b-44ad-891f-275fe0d87387,dff9895e-44ee-40d8-a185-f18a5d711083,
ff9e4acb-490b-4017-a7a9-0e641da864c3,a1ef60d5-4886-4f82-8974-6708ee2b7888,cbbdaed7-90a7-4c1d-8cac-ae92868a5af7,
39f7fe4a-d5f9-4074-9254-58cec58de2ec,a2fe9af6-f57c-4bc2-8b06-a8fee1c45cc2,0c997326-2067-4d76-8750-6b53ed9750be,
3402a232-9c90-4202-916e-e49241617f24,a2fe9af6-f57c-4bc2-8b06-a8fee1c45cc2,1499d731-f449-4fee-9162-a1d6de34af4f,
6d7532ea-fa22-44bc-b6ed-7fc43a3df29d,a2fe9af6-f57c-4bc2-8b06-a8fee1c45cc2,34b03949-71a1-470f-b02a-ba781f5a1adc,
0c2bb12d-cd96-4f95-849c-26209782370b,a2fe9af6-f57c-4bc2-8b06-a8fee1c45cc2,4f694e1e-83e9-4b04-9b8f-dd47431bb9a7,
be49aa1c-0467-4e0d-b886-39cc3f807c21,a2fe9af6-f57c-4bc2-8b06-a8fee1c45cc2,67367935-8e6d-458f-8ba7-240ec28e8cf6,
0ee0c61c-a467-4533-919b-5c8565fca2ff,a2fe9af6-f57c-4bc2-8b06-a8fee1c45cc2,6dde2cfd-1871-4749-8970-a0cc3fcf7391,
a97bca80-977e-4ec5-9aed-c2d067396556,a2fe9af6-f57c-4bc2-8b06-a8fee1c45cc2,71824621-d69f-4a5c-b2ff-cb8e29e4021b,
d5c92579-8eba-471a-b25d-6c6d92b69135,a2fe9af6-f57c-4bc2-8b06-a8fee1c45cc2,73813dbf-e99a-4442-a038-1b810a487e17,
1e875c33-77c3-4a2e-9f53-23acf5b8b8dd,a2fe9af6-f57c-4bc2-8b06-a8fee1c45cc2,804b7fdc-e2ae-46a1-b378-95b1c7af45eb,
96cb3f01-10e2-42a5-8af5-68063b9c3e56,a2fe9af6-f57c-4bc2-8b06-a8fee1c45cc2,9848f44b-2401-4474-839d-6ed9f8937054,
f7ffef8f-a638-4302-b744-6e84ccfbc3cc,a2fe9af6-f57c-4bc2-8b06-a8fee1c45cc2,9e2fedea-4136-4e45-92f6-7deb6e3ba3a4,
f3aedf98-852d-4f8d-b3fe-4daa80b6825e,a2fe9af6-f57c-4bc2-8b06-a8fee1c45cc2,ae22c2ff-93d8-4477-84f0-64e697dfa5e3,
ff16a3ec-43d4-4aa0-a6e4-bf572c0933ee,a2fe9af6-f57c-4bc2-8b06-a8fee1c45cc2,c1034353-23f3-4027-8c9c-98676bddd7bf,
c25e3e0b-26ab-42de-9b41-507634d00d7c,a2fe9af6-f57c-4bc2-8b06-a8fee1c45cc2,cfb62103-46b5-42d6-b6eb-e68482fb5fff,
034d9b11-ee94-49f7-81c8-de5841c319e4,a2fe9af6-f57c-4bc2-8b06-a8fee1c45cc2,db106d36-9ec2-45e8-8c3c-408b236bc036,
9c17d76c-0446-481e-9635-7c6d030da1fc,a2fe9af6-f57c-4bc2-8b06-a8fee1c45cc2,e47cd990-dbd1-410f-85ff-3512a96b4dc1,
882bd929-0afd-4b03-b3d2-6d5017ecad41,a2fe9af6-f57c-4bc2-8b06-a8fee1c45cc2,eaeded6b-96ba-4b6f-9400-f07ffb7e2b37,
f31a6e59-de00-4279-bb71-978239f96b10,a2fe9af6-f57c-4bc2-8b06-a8fee1c45cc2,ec46e049-04b4-4118-9f2d-1e361a70b0f7,
77ea91df-2bfe-42e1-a3e3-77e0d09233c3,a2fe9af6-f57c-4bc2-8b06-a8fee1c45cc2,ecec9731-dfe5-4299-a1e7-bcbc4825f583,
21c3f7ea-6bb1-4cc6-9670-a4c7e3ee3cc8,a4a8cbba-b5bb-4356-9fce-cdb67e911b07,0676d76e-8b95-401d-8815-b3089b6d8f61,
09a6be6d-0d25-443c-8183-4d8b94ac6cd3,a4a8cbba-b5bb-4356-9fce-cdb67e911b07,0ab463db-0333-4dff-ae92-b4353ab2ab1a,
9c58ca1b-485b-4a3d-b56c-d9db01f923e0,a4a8cbba-b5bb-4356-9fce-cdb67e911b07,3ad8e424-e375-43f4-8804-2d1b3efbb78e,
f897d197-b1d1-4678-b36f-e925c0d81ec2,a4a8cbba-b5bb-4356-9fce-cdb67e911b07,47f016c4-ce56-4729-99b1-8c9ce7b9770e,
7635e594-a3a9-4e8c-a66a-e7c71d931267,a4a8cbba-b5bb-4356-9fce-cdb67e911b07,497e3610-0b39-45e1-9d83-1525ed663ced,
fc288f17-ed67-485e-9ab7-65d275205ab9,a4a8cbba-b5bb-4356-9fce-cdb67e911b07,4dcd825e-1a2c-49dc-b57b-a4cd2d991b74,
694982da-899a-40b7-b898-0a030de6c41c,a4a8cbba-b5bb-4356-9fce-cdb67e911b07,7d5be1b8-cb4d-46ad-b103-7e75e2db0fb4,
db8374e0-f712-4a51-bc19-c4649061413c,a4a8cbba-b5bb-4356-9fce-cdb67e911b07,b04de080-b7b0-4e44-9e43-e4110fc37068,
08fdac40-9028-496f-b1b6-ab863fccd868,a4a8cbba-b5bb-4356-9fce-cdb67e911b07,ff9fcd35-edc4-4cc6-ae0d-985bb3e4d062,
3505ebc0-01f8-4c2a-bff4-01e51861db52,a5a97bd7-16db-47c5-8cc6-a5e0a79a4b99,2f6d11ff-81e5-4844-aca9-8a98ea0836fa,
cc6d3d71-6e58-46d2-85b4-e103d62f2efe,a5a97bd7-16db-47c5-8cc6-a5e0a79a4b99,338d7761-96f1-4982-837a-03f810281d3b,
95dd7c9c-4815-4673-9de1-830a35f8c4dc,a5a97bd7-16db-47c5-8cc6-a5e0a79a4b99,dd8f5f13-c437-4322-b87d-067cd393e4f1,
7f519f5e-ebf0-4fa1-8742-39572b4723fa,a7cbeb9f-b709-42b4-bd82-3abc17db971d,02903872-9bd6-4918-99ba-a4a281a48585,
03849db7-8b0c-4177-b9d9-14fd0f987da7,a7cbeb9f-b709-42b4-bd82-3abc17db971d,07bebbe0-9b40-4ad6-8b35-f2c6b306fb98,
34490e5d-cf88-420a-8f35-5a52fb015378,a7cbeb9f-b709-42b4-bd82-3abc17db971d,09b895a9-ef15-42fd-9822-e0147fd8dd95,
ae49214d-f73f-44ef-8e2d-a806886fa37a,a7cbeb9f-b709-42b4-bd82-3abc17db971d,1edbe93a-3923-49ef-8843-ec237c8a6dd4,
3bcdacaa-89ba-4a73-8010-58138741c9c9,a7cbeb9f-b709-42b4-bd82-3abc17db971d,20480864-ef2d-4198-aa92-702af4b40f50,
4a3c2147-befd-457d-9562-33198210b178,a7cbeb9f-b709-42b4-bd82-3abc17db971d,21ddcca7-d537-48b5-8da8-7f989141bd18,
cc40e835-efc5-40af-8731-593b3e603dad,a7cbeb9f-b709-42b4-bd82-3abc17db971d,2f96f886-0236-4f24-935d-ce4e11812fc6,
9e900da9-87ae-4e53-8fc9-a8440e67248b,a7cbeb9f-b709-42b4-bd82-3abc17db971d,31d41637-8347-45e2-9795-55205125215f,
2afecc3e-7681-4d62-820f-549461284b61,a7cbeb9f-b709-42b4-bd82-3abc17db971d,3328d5ab-aa4b-4cee-9483-a52ab745d684,
ff8ff6dc-3615-44b1-a6c6-166824ae12fb,a7cbeb9f-b709-42b4-bd82-3abc17db971d,352e67f5-8513-4a26-8430-578bf124b8ee,
22d0df25-9f02-47c4-86e9-81d4fcf5815b,a7cbeb9f-b709-42b4-bd82-3abc17db971d,35851e9f-d4e9-4b3c-a2d6-abc7188369e4,
3fecab22-4102-4692-8987-83d3223f9f60,a7cbeb9f-b709-42b4-bd82-3abc17db971d,384deba3-ef33-4dde-b831-f442861cbdfb,
aa1f0c79-58ba-4e6b-83a7-0b872069d2c2,a7cbeb9f-b709-42b4-bd82-3abc17db971d,3b942ade-d8d4-433a-8d57-7027e88c50cc,
580d00d1-1f2c-4fb8-909b-a4662506e7f8,a7cbeb9f-b709-42b4-bd82-3abc17db971d,498faa6b-9697-478e-a428-e09afd72f2f8,
91972ec3-291a-4332-964d-42cba24ca88b,a7cbeb9f-b709-42b4-bd82-3abc17db971d,4d5d2037-64a0-4d72-b1b5-6d17bed3175d,
0a9e1d97-38c8-416b-88a1-b67d4f7b091f,a7cbeb9f-b709-42b4-bd82-3abc17db971d,56dc5417-f03c-4066-8614-f3a07ac80374,
cfb1b0f3-41c3-480a-a917-d6d568f1f907,a7cbeb9f-b709-42b4-bd82-3abc17db971d,5cfc8f73-f5c4-4f23-9531-3f01453d8be1,
b31276a5-ebae-4ecd-a56a-d4688f3b0984,a7cbeb9f-b709-42b4-bd82-3abc17db971d,5faa0231-98a5-4525-b782-992ee248effe,
2b5d0be7-3b86-4533-9627-697c51729cb7,a7cbeb9f-b709-42b4-bd82-3abc17db971d,6073f5d2-b228-4382-803f-2faca126c534,
28f4cea1-9d6f-4719-904f-6661a88976fc,a7cbeb9f-b709-42b4-bd82-3abc17db971d,6844d033-5cc6-4596-9827-a6bab6103e50,
563820fa-0122-4841-a0e9-adb3be05bb74,a7cbeb9f-b709-42b4-bd82-3abc17db971d,6ad86baa-3ac8-44b9-ad5a-3dbbff135659,
1bde13e9-d030-44be-a941-3dfa33dd2d50,a7cbeb9f-b709-42b4-bd82-3abc17db971d,768f2b53-d01f-4e00-8039-0f13e128cd92,
04c07c1e-dbcd-4a50-a9e1-bbe7fff7bd88,a7cbeb9f-b709-42b4-bd82-3abc17db971d,7ac9fe6c-171e-4c33-a3b4-adfeb0305062,
397dc8c6-d349-4108-b1ef-ffb37aca7132,a7cbeb9f-b709-42b4-bd82-3abc17db971d,7f7bce10-bf85-4ddd-bd08-a24a64a1be2c,
997f4f45-9b61-4f17-8606-ebb2467b63a0,a7cbeb9f-b709-42b4-bd82-3abc17db971d,830a85e4-1721-4d37-8484-cf9f28a2ff4b,
2c27d9ca-77cc-4d0b-90ce-c2f5b054cfef,a7cbeb9f-b709-42b4-bd82-3abc17db971d,8359842e-f162-4a4d-ab31-0ac1795f36b4,
b7070592-7e4a-4c45-97f7-1fc84952ec5d,a7cbeb9f-b709-42b4-bd82-3abc17db971d,882b9d83-e25e-4ef5-92b7-fd5ad5586eed,
3a99f40f-6aa1-490a-8e50-9f29db49add5,a7cbeb9f-b709-42b4-bd82-3abc17db971d,99f2a204-92b2-4186-917b-4383c985aab2,
0d2bd3cd-8079-4247-bf30-95b41ad4f39d,a7cbeb9f-b709-42b4-bd82-3abc17db971d,9f418bf0-38cc-4f86-812a-e317b032b7c7,
7b0bf7ab-58b9-413a-9375-c685693ff03d,a7cbeb9f-b709-42b4-bd82-3abc17db971d,aa89e262-597b-4ece-95d8-1ee8d6bbdcfd,
45333865-4396-49e7-b5f0-238a703c8866,a7cbeb9f-b709-42b4-bd82-3abc17db971d,ba4a1bdb-f399-495a-8ddf-99c8987ffbba,
30fd3b44-3f88-4087-a30c-e33403d7f453,a7cbeb9f-b709-42b4-bd82-3abc17db971d,baeb6235-fd20-4d05-870e-d5e533fe9544,
c3790e04-a630-487c-89c2-e40a72c300a3,a7cbeb9f-b709-42b4-bd82-3abc17db971d,c2853b7e-bddd-465d-a233-a5d7d0575d89,
77d44fa2-f3e6-4695-975f-f0c457dabd98,a7cbeb9f-b709-42b4-bd82-3abc17db971d,c548ac38-b944-481a-ac9c-5105cede1fe8,
ca0032e2-bc97-42f3-b4f3-f9f97795780f,a7cbeb9f-b709-42b4-bd82-3abc17db971d,ceaa2ecd-61bf-46ae-b490-18a71a96f224,
5c0b3536-aacf-4493-a163-c42381b3dcc5,a7cbeb9f-b709-42b4-bd82-3abc17db971d,d531c543-1e54-4162-8a82-41c721b658bd,
7bb71275-7f36-45d5-bc31-f066dd648001,a7cbeb9f-b709-42b4-bd82-3abc17db971d,d9b37ab3-0936-46bc-b3f3-25fadbb50aa6,
0ced728f-8090-48eb-be11-be64df2e6aca,a7cbeb9f-b709-42b4-bd82-3abc17db971d,daa06a82-fd79-44ef-b13a-3e9496348e19,
28f59861-2789-488b-b660-489d1bd04f27,a7cbeb9f-b709-42b4-bd82-3abc17db971d,e372f7e8-4339-4f12-b7ae-17161f618ede,
13b1b48f-f712-4c3c-9f53-a9e63a85ffca,a7cbeb9f-b709-42b4-bd82-3abc17db971d,e6f612b3-74ae-4c4d-b720-5a398b208dfa,
83a200d3-0b7e-45f8-9f93-a021dcc28f63,a7cbeb9f-b709-42b4-bd82-3abc17db971d,f3106fa8-9256-4040-a085-37e27d3ee91c,
f5306191-71da-4f6e-9733-3fec1d838995,a7cbeb9f-b709-42b4-bd82-3abc17db971d,f539a60f-7a40-44d3-963c-a1ac19941097,
35032171-ab2b-4985-899d-f817cd64840a,a7cbeb9f-b709-42b4-bd82-3abc17db971d,fc5fc490-1226-4716-ba04-e93fd8f2e483,
4d1cffe9-de10-436a-9c18-a65b32707a1d,a7cbeb9f-b709-42b4-bd82-3abc17db971d,fd1fbd67-a3bf-4297-9a3b-b2c549cc3044,
bd861d88-e7ab-4564-9eca-90e7ec708db1,a8bed98f-61a1-4c0d-bcd8-069f56baf84a,0633e920-36cf-4fc1-9cc3-cdf9f85d66f7,
f1a9e4af-eec8-4a87-9f05-eca7d11f99b6,a8bed98f-61a1-4c0d-bcd8-069f56baf84a,101d2565-8882-4be7-a2b0-70ef209e3a72,
e8205ff0-f677-481d-8a8c-ae495215af5a,a8bed98f-61a1-4c0d-bcd8-069f56baf84a,529483f5-d8bc-40a9-b205-a1d64e2436dd,
cfc4f701-054d-4829-8487-2bd926a06b6f,a8bed98f-61a1-4c0d-bcd8-069f56baf84a,69884761-1c89-48d6-9855-8eac8cfaab2c,
90c69cc0-191a-4de3-8dbc-753cfe58da01,a8bed98f-61a1-4c0d-bcd8-069f56baf84a,80acb2bb-016e-416f-b38e-e722ddf731bd,
42506190-e170-470c-bada-358594a2398e,a8bed98f-61a1-4c0d-bcd8-069f56baf84a,975c0f0f-0a8b-448d-a059-a0025024b0dc,
3da7f09b-269a-4978-a278-0bdbf55f021a,a8bed98f-61a1-4c0d-bcd8-069f56baf84a,99bbaf19-ac65-4f13-98b8-0673ca24fdca,
905e204e-8a53-4828-94b2-8061445cf679,a8bed98f-61a1-4c0d-bcd8-069f56baf84a,9c3e5303-b011-4e9f-b03a-a69f70fd3b9c,
eb9f11d0-9aac-47e0-9676-a47706440ac8,a8bed98f-61a1-4c0d-bcd8-069f56baf84a,a6151c2e-254e-4a1f-b49d-fee65bba96d7,
6f12f707-7a83-4c05-952a-a55a92eba68a,a8bed98f-61a1-4c0d-bcd8-069f56baf84a,f0e27677-536a-476e-a6e5-d09b34e641d6,
7962437c-9b60-4185-a59d-46627844a191,a8bed98f-61a1-4c0d-bcd8-069f56baf84a,fd0cc971-13e4-4225-8e9d-6bacb2ecc1ca,
c5d1188a-9b59-42f3-8892-c1b28ae8df9b,a8e397c3-cb3a-4858-b052-d4da9f4ef654,3f4e74e5-a7a5-48f5-9e95-b902573d3ed0,
8bdabadf-a790-4b37-b2a9-5f2f847a184e,a8e397c3-cb3a-4858-b052-d4da9f4ef654,6b2a466a-1646-4717-a841-86dc227c6f42,
abc10cab-a371-4703-90de-42f68b6e60bc,a8e397c3-cb3a-4858-b052-d4da9f4ef654,fba2aa5a-edcf-4aba-959e-eab482aeb022,
e38bdeec-cd73-4dee-be17-fff386558c57,a97ed625-80bd-4444-ba7a-2f9c7cf3a76f,407451c1-aff9-431e-b7ef-f0c21e43e550,
8c3040cf-dc1b-4065-abab-4919535dadbb,a97ed625-80bd-4444-ba7a-2f9c7cf3a76f,7ebbbe0a-b4a5-4a18-bead-64fd7d630dc6,
f5925d39-82ff-47c0-bfde-a0637d87dfaf,a97ed625-80bd-4444-ba7a-2f9c7cf3a76f,bbebb2e1-7f6c-4529-b19a-c114854660e9,
f528db75-a3d7-4313-b47d-7583164b420c,a9e6ce88-bd02-4cd2-bc78-09f2c99bffcd,224bc5a2-a8af-4b98-9abf-0ba21aa59a0d,
0901d62e-2a7c-4dd7-8e3c-2d8448b542ab,a9e6ce88-bd02-4cd2-bc78-09f2c99bffcd,311e3570-1272-4124-b45b-38aec7552353,
d04287a4-4dc7-499f-84a7-621b28eb1c95,a9e6ce88-bd02-4cd2-bc78-09f2c99bffcd,34ed95f2-a41e-49de-bccb-ef7a6e324007,
e92953c9-9820-4be4-92ff-24257bfbd05e,a9e6ce88-bd02-4cd2-bc78-09f2c99bffcd,5096bfc0-ec6e-4d52-8b89-54320f2833a9,
761ad34b-fe23-404c-bb50-dbe90b2a5ca6,a9e6ce88-bd02-4cd2-bc78-09f2c99bffcd,68cd0feb-7b86-4897-b8d2-b2ce00c351c8,
ad058c5d-e126-463d-8220-8335edc0fbb1,acfd123a-3c0b-4286-9b3f-f6ed3561a829,00e55dec-a0ef-42bf-b0e6-428e91d15e45,
b8144aed-7691-436f-a3f9-df5cf8836bb5,acfd123a-3c0b-4286-9b3f-f6ed3561a829,00f29ad3-47de-4325-a421-c26050152f6d,
8ef7d777-1a25-48cb-9b30-8b3aa87f47fe,acfd123a-3c0b-4286-9b3f-f6ed3561a829,09a55e67-4d32-48ac-97a2-4be0535d9126,
2373c281-8545-430b-b4dd-89d9620022bb,acfd123a-3c0b-4286-9b3f-f6ed3561a829,0acce96f-4410-4ed8-8d11-4e52d8ad6042,
22b8fc5a-0bae-4b0e-9179-937afabee911,acfd123a-3c0b-4286-9b3f-f6ed3561a829,0b44e7f8-b753-4a74-bf07-8c12b5789961,
44daae4f-aac0-4577-b2bc-e172b361440a,acfd123a-3c0b-4286-9b3f-f6ed3561a829,0bbb3d86-35b6-4e9e-a7b5-b3d17d4e7344,
2dc124ac-60ec-4109-8b9c-479d4d875109,acfd123a-3c0b-4286-9b3f-f6ed3561a829,0c6bdba1-1928-4039-845c-54c87beddb46,
a75769fb-1e07-451d-8a64-6ed5079cb434,acfd123a-3c0b-4286-9b3f-f6ed3561a829,0fb5eeff-8ffd-4281-883f-e15eb510aca6,
48f812d8-266b-499a-8560-54a72e6b0563,acfd123a-3c0b-4286-9b3f-f6ed3561a829,110176f5-2407-4d02-a492-b896269eaf0e,
dee8de50-6de7-4311-93c8-862f594d733e,acfd123a-3c0b-4286-9b3f-f6ed3561a829,116c77e8-f66f-4da1-aa57-c88ebe0dc18f,
362242d5-2024-4275-83a8-ff5eb3d7243f,acfd123a-3c0b-4286-9b3f-f6ed3561a829,14964919-bdab-4a09-ae5e-94e327752e00,
6718c027-5a3a-4656-a5c2-8eff90717f15,acfd123a-3c0b-4286-9b3f-f6ed3561a829,16100377-a3a0-47ce-ba42-403955e77ced,
bb4dee8a-4cf4-4a6d-a782-b58170f2a697,acfd123a-3c0b-4286-9b3f-f6ed3561a829,18d80ce9-3914-411d-bb46-f138dc721ddf,
99ccf289-be57-418f-965f-c7ed4c4049e6,acfd123a-3c0b-4286-9b3f-f6ed3561a829,1f5a462f-a568-4ed7-a049-553ec23726e5,
ee4b9f7c-85d0-4799-b05b-a75d0e162820,acfd123a-3c0b-4286-9b3f-f6ed3561a829,2215fddf-aefb-4a51-ab4d-f2f004157c4b,
90f6f69a-0cb7-477d-9821-898de7d38c98,acfd123a-3c0b-4286-9b3f-f6ed3561a829,229d22c3-685f-48f9-ab36-6c98166e4335,
1e4d009e-4d65-46f6-971c-42a5eda06425,acfd123a-3c0b-4286-9b3f-f6ed3561a829,320be666-d88a-4a31-a1a2-3d3ee3ee5841,
e45d591a-27b7-4b41-a3e2-ee3513afd8a3,acfd123a-3c0b-4286-9b3f-f6ed3561a829,3ec5af18-b5b6-4fbb-bbf9-c215d309b8a9,
16d5502d-94e2-425c-af5c-84fc6905047a,acfd123a-3c0b-4286-9b3f-f6ed3561a829,41cd476a-db38-4c87-b206-75b59a1ceb82,
7d2f9beb-8153-4412-94ce-5f5eef935deb,acfd123a-3c0b-4286-9b3f-f6ed3561a829,4a1bf1a2-e5c1-415e-acfe-36fb20b353d6,
efc48ea4-0daf-42dd-986d-cff9ea2658d6,acfd123a-3c0b-4286-9b3f-f6ed3561a829,4f00afc6-3de2-4355-90b2-f893b9893bf5,
897f1331-b16c-4c83-890b-c57255490907,acfd123a-3c0b-4286-9b3f-f6ed3561a829,54d168b7-8f6b-40ba-9796-3c007f2c83d9,
410d07f7-9d7b-4cda-9975-d31bdf5af7b4,acfd123a-3c0b-4286-9b3f-f6ed3561a829,56018412-1e80-4ef2-8711-f3e3b62dfc8a,
99564e1f-42a5-4860-9d84-24994d0dc32d,acfd123a-3c0b-4286-9b3f-f6ed3561a829,595aff74-ef9f-4740-bdc0-065ef57067e2,
2b7aceb1-3c0b-4f9d-80ca-0eaddc7a9aad,acfd123a-3c0b-4286-9b3f-f6ed3561a829,611b40da-30be-40d8-bf5e-aa4de60b2105,
6d52b762-4154-41fd-9094-336b5f34fdfd,acfd123a-3c0b-4286-9b3f-f6ed3561a829,6bbba877-5890-416c-9a61-84be0c0c4e51,
21ce4a2a-1716-40bd-8551-0a7786b8b381,acfd123a-3c0b-4286-9b3f-f6ed3561a829,702a9e6a-aeda-4d82-af6d-84f040eea9fb,
1b0dcc8b-1b18-487f-ae04-b368d310fec6,acfd123a-3c0b-4286-9b3f-f6ed3561a829,7061a901-0e58-4192-8fcf-43dd460767c8,
ede10ef7-21bc-4f2c-b425-57f6ee36d4c1,acfd123a-3c0b-4286-9b3f-f6ed3561a829,74a1ca6a-99d6-49d8-989d-251007a3978e,
f0018d76-993e-4a67-b69e-3295177a4cbe,acfd123a-3c0b-4286-9b3f-f6ed3561a829,82e7e587-4b20-4653-a5a8-3735107426ab,
0854f69a-e373-4a7f-94c1-249e386c539d,acfd123a-3c0b-4286-9b3f-f6ed3561a829,82f7dca3-defd-4f8b-9d55-ca08272e9334,
269dccab-1b6a-4785-b8f3-cfedc28afa9f,acfd123a-3c0b-4286-9b3f-f6ed3561a829,84579870-b4dc-440b-bf32-34aa982c9d0c,
9bae7367-23a2-4832-a148-4cdc53b1d257,acfd123a-3c0b-4286-9b3f-f6ed3561a829,856abd23-237b-47e8-88dd-cf48031a1734,
400e112d-3fc2-4b4c-abc9-ae9df36ac031,acfd123a-3c0b-4286-9b3f-f6ed3561a829,86cc5e28-69b4-4534-a473-0064cc825458,
00e9f3b2-5857-472c-9ca0-991d41e378a7,acfd123a-3c0b-4286-9b3f-f6ed3561a829,87c342a7-6cee-4313-a0fa-30e102f7922d,
d92bc76a-4fe3-4273-8300-c6f7f9381aad,acfd123a-3c0b-4286-9b3f-f6ed3561a829,8b3e9372-7105-470c-b848-9a2a0137136b,
cca83ecc-4971-4d0f-8df3-1fe37a1fe522,acfd123a-3c0b-4286-9b3f-f6ed3561a829,8d2597d2-d392-4eba-a8f5-9d552ee9d976,
347e25cd-18e6-478f-9f29-de79c315ecfd,acfd123a-3c0b-4286-9b3f-f6ed3561a829,907ca31f-4fb6-4caf-a88b-30d1b9d15881,
abe7efc0-a496-429d-a4fc-dd1bd311fb9c,acfd123a-3c0b-4286-9b3f-f6ed3561a829,90e0de12-5249-416f-bc59-5738a05fc7d2,
da7cdc29-52c4-480e-bfb7-6601722599a7,acfd123a-3c0b-4286-9b3f-f6ed3561a829,923e68f8-0802-46ff-a5be-d414f177507d,
2ba2d662-b07e-4866-8538-f6e275573970,acfd123a-3c0b-4286-9b3f-f6ed3561a829,93c0834f-a0a8-42e2-b96b-03423550122e,
b462faf2-6911-42c6-b6f6-884acd99c782,acfd123a-3c0b-4286-9b3f-f6ed3561a829,93cc0ab3-0181-4a72-aba8-ff2576b554ab,
ffef8158-890a-4abd-add0-452c144a85cc,acfd123a-3c0b-4286-9b3f-f6ed3561a829,9416f474-f21d-474d-ae25-770623f6384d,
4a08e774-c511-4555-af87-ade43188968f,acfd123a-3c0b-4286-9b3f-f6ed3561a829,964ffc02-1e99-445d-89e0-f097230b8664,
6123e853-eb4b-4c2d-810e-d45c3a0cd373,acfd123a-3c0b-4286-9b3f-f6ed3561a829,97ba6b5a-1644-4397-847c-b38e9dcaa387,
eb58b6ad-82ce-48fe-a615-d3aefa444f8e,acfd123a-3c0b-4286-9b3f-f6ed3561a829,a05ce1ed-b864-49de-903e-b33cf1608fea,
e86e9de0-e125-4593-8c4f-e0272304049b,acfd123a-3c0b-4286-9b3f-f6ed3561a829,a273ff16-5915-4049-8693-9522cb133d21,
a8b46670-27fd-4bad-9896-472b2f41bf67,acfd123a-3c0b-4286-9b3f-f6ed3561a829,a481dcb9-b0df-4433-8ff8-375ccae2b8a3,
718e4ae9-fecc-4ac3-b61a-216e854a6835,acfd123a-3c0b-4286-9b3f-f6ed3561a829,a4e7eca4-bb78-4c0c-b2c7-5f0f7fe83143,
c02f538e-54c9-4410-ac58-33d7ee10d3d9,acfd123a-3c0b-4286-9b3f-f6ed3561a829,a62fe5ed-aa01-425f-8159-e05268cee9b6,
72c3776c-55cc-4365-8357-51498003c7e3,acfd123a-3c0b-4286-9b3f-f6ed3561a829,ab6b62c8-fe9f-4ec9-90d7-223ad2911a6d,
6c20b817-54f0-49a5-bbb4-1b8d43ce4392,acfd123a-3c0b-4286-9b3f-f6ed3561a829,b3544983-1ac7-488c-8692-b3095fc304a3,
281243b0-3c67-452a-bc9e-f50f56fec71e,acfd123a-3c0b-4286-9b3f-f6ed3561a829,b63d76c7-1a5a-4a2a-a5e4-c93db7ce89e9,
951cb9b8-0af2-4e2c-b900-12ab39b2535a,acfd123a-3c0b-4286-9b3f-f6ed3561a829,bad0a4d3-f66a-4e89-b87e-f6072076d638,
892109d3-fcf8-4f89-9e6e-28246941c18e,acfd123a-3c0b-4286-9b3f-f6ed3561a829,bf6f9336-8221-45cd-800e-4824319e0131,
81c1a7e4-904c-4ec9-bf97-4014244e8ce6,acfd123a-3c0b-4286-9b3f-f6ed3561a829,c0a33804-045f-4a64-8739-3a0cd68eb51d,
5e48c177-f354-4ecf-a9b5-42645cd0d0f4,acfd123a-3c0b-4286-9b3f-f6ed3561a829,c5b13e3b-65e6-4aca-95f3-a1b106b7aae6,
94fb4e78-1669-4086-acd4-f9c98aa680eb,acfd123a-3c0b-4286-9b3f-f6ed3561a829,c7e77023-fd04-4c18-9815-85c59d03106e,
6026bf52-aa8b-4d9a-88ea-01ab5c976606,acfd123a-3c0b-4286-9b3f-f6ed3561a829,cd560e43-f775-4717-aec7-443b72ca4cd5,
3cf4b1ef-0402-4308-b5fe-863de7f8fcd4,acfd123a-3c0b-4286-9b3f-f6ed3561a829,cdadb96d-d4a7-4e1e-b8a3-03a3b65681a1,
abebc053-71fa-4f76-827b-cdd1b57f2bf3,acfd123a-3c0b-4286-9b3f-f6ed3561a829,cf3592a8-8b7c-423a-9761-f728c74d0e05,
11965c9a-fabf-4c1f-8300-4a0badb14436,acfd123a-3c0b-4286-9b3f-f6ed3561a829,d327695d-d749-478d-b116-f7d27bbef5fd,
f39372ca-fcea-4650-bb09-fe5eb4e6c737,acfd123a-3c0b-4286-9b3f-f6ed3561a829,d53a950e-bee4-48fa-aae8-6eac904138f7,
530e538b-da34-4abd-9452-067239f5cce7,acfd123a-3c0b-4286-9b3f-f6ed3561a829,d5f0626f-d932-4db2-9cc0-00b39df07bc0,
975e65fe-5388-47bb-9a31-a603a6343ccb,acfd123a-3c0b-4286-9b3f-f6ed3561a829,d9efd812-5991-4a0e-aef2-a33da1052ed4,
051e88e4-7371-4295-abbb-c75a20b5f5f9,acfd123a-3c0b-4286-9b3f-f6ed3561a829,db52fc2b-954a-41d2-9aaa-f8659c8cdc86,
b6809e04-8974-44d9-9f20-8c5aa527dfd5,acfd123a-3c0b-4286-9b3f-f6ed3561a829,dc3c5b16-2277-44c5-bac4-5eba1ee8f346,
fbaa1762-94d9-437e-9653-a61f8369a445,acfd123a-3c0b-4286-9b3f-f6ed3561a829,eccc75da-529b-4782-9ab9-42564d4cd068,
d3ddd59c-23ae-4d0b-806e-ad26ec8da47f,acfd123a-3c0b-4286-9b3f-f6ed3561a829,ed230064-1df4-4b94-adeb-2587717a9690,
44708d27-9583-439d-8bc5-26b1c5911959,acfd123a-3c0b-4286-9b3f-f6ed3561a829,edd69ddf-18cb-4b2c-8780-373dadb737d9,
14f160de-cc59-49a9-b619-cc224651a615,acfd123a-3c0b-4286-9b3f-f6ed3561a829,f14e579f-6d85-4ba3-8fe5-e677bf99ab1f,
cad5c10b-85a2-486f-acc8-c27b16ccf8ae,acfd123a-3c0b-4286-9b3f-f6ed3561a829,f403b181-c79a-4154-919c-32f2e264cd04,
2c82c351-cea3-467c-bbc2-c51fc2f8d770,acfd123a-3c0b-4286-9b3f-f6ed3561a829,f452b471-1760-458e-86a5-425cd32f6423,
e9b5edd8-25db-49f4-8076-f2ffdf2fe055,acfd123a-3c0b-4286-9b3f-f6ed3561a829,f46ae491-a68d-4376-9901-3e561bb8c867,
817a4bbb-2847-40e4-bdf3-20bab3718006,acfd123a-3c0b-4286-9b3f-f6ed3561a829,f6c99b37-03ee-4539-889f-8c65f0e2cc19,
b55a56a0-eb8e-466b-90ea-2763e86c12ef,acfd123a-3c0b-4286-9b3f-f6ed3561a829,f7d73166-52ff-4358-b428-c7f0d90b5523,
de545403-3db7-4d67-873c-10db06ca7f00,acfd123a-3c0b-4286-9b3f-f6ed3561a829,ff214b95-0cb2-4bf4-ad67-7ff03a5fc6f6,
3d53081d-2d90-42f1-9b1a-2525a48ae735,ad3d7b7c-15a6-4631-a2a9-893bea8301aa,0d462ccf-a15a-484d-85a1-4c2e37d79055,
10833d8c-60b1-4e3c-ba72-b7f552627b52,ad3d7b7c-15a6-4631-a2a9-893bea8301aa,2c6f8e7a-77ce-4ee7-92db-be336684412a,
759ac2c0-177e-4f43-8f50-1ce768cc47b7,ad3d7b7c-15a6-4631-a2a9-893bea8301aa,6f9650f5-8e07-412f-bd40-bc55bdf525bb,
22615bea-b9eb-4638-bc88-95de8cd71f87,ad3d7b7c-15a6-4631-a2a9-893bea8301aa,743269f7-eb19-401f-a1e5-42a0944d3101,
97e87b65-ab9c-4db9-83e5-8b5645c3c333,ad3d7b7c-15a6-4631-a2a9-893bea8301aa,7da0d785-f836-4ca1-983d-7bae41eb5f52,
4801ca32-9717-4e14-ad3b-3b19c7710d4b,ad3d7b7c-15a6-4631-a2a9-893bea8301aa,8259d9b8-da3f-47c6-9dce-1deddef6abca,
a87fe2d8-3afb-4fdf-94b2-74d2362aa318,ad3d7b7c-15a6-4631-a2a9-893bea8301aa,8591aa30-fcd1-4984-9156-dcbe35b38587,
585c0b05-b23a-4031-949a-ef9bbf2566bd,ad3d7b7c-15a6-4631-a2a9-893bea8301aa,db760ce1-ceb0-4b2c-983b-35b8997b038f,
3a9d9649-e11a-4ecd-a84d-6c7ac7843d06,adc16ae1-2297-49c3-abf2-a2648d6309cf,1a192dc1-ae28-4ed2-94fd-a16f753b722e,
95ffab38-66a4-441c-bde9-3e6d83e68b21,adc16ae1-2297-49c3-abf2-a2648d6309cf,1f6817f1-3e56-46b3-a260-9553c5fd2355,
b5cdbd8a-f99e-44c1-9a00-4c3e384c4233,adc16ae1-2297-49c3-abf2-a2648d6309cf,484d23ca-a25d-4424-906b-1b4d7a50abaf,
d7ceb6b7-c139-4107-b6e1-df7f322fdbe8,adc16ae1-2297-49c3-abf2-a2648d6309cf,4f57a713-58dc-4c94-a7d8-621ea2d1d15c,
667d6fd1-7723-4b72-a004-a01e1a062b3d,adc16ae1-2297-49c3-abf2-a2648d6309cf,f319452c-9f4b-48b2-84fd-082d57b37f6c,
d453d1be-3882-4a40-b39a-70b1c8066c62,ade9d1b0-a008-4d42-bbdc-1c6477188b9f,106fa666-4a22-4095-8d9a-9161b7fafc3b,
a8a119df-06da-408b-8708-1331af325823,ade9d1b0-a008-4d42-bbdc-1c6477188b9f,10b1bc5d-0f22-4331-ba8f-c3607281c716,
cdffb2e0-286f-41fe-ac83-a1c3e2849632,ade9d1b0-a008-4d42-bbdc-1c6477188b9f,122e265b-3b1f-4c2d-b533-cf1f12dd570e,
a91794fc-20c1-424b-a64e-29efbad90f01,ade9d1b0-a008-4d42-bbdc-1c6477188b9f,15624f06-2182-4dd9-958b-1ab2b8fc7aeb,
9f00f7dc-b630-43f5-a1da-0b0d2d427255,ade9d1b0-a008-4d42-bbdc-1c6477188b9f,24af5921-806b-45d5-b5e7-41a511436d4b,
398e9fc1-7e08-4687-acef-0c6b0f33f390,ade9d1b0-a008-4d42-bbdc-1c6477188b9f,28ae77c5-af8b-46fb-9886-c7db3c6c282b,
1b123e0a-7578-45f7-8011-ee1a16edac74,ade9d1b0-a008-4d42-bbdc-1c6477188b9f,38ebecc3-e744-4752-9c1e-5989d6f9fb5b,
bc005754-5227-44b8-9f09-f1ce30292add,ade9d1b0-a008-4d42-bbdc-1c6477188b9f,3ce45ed0-0c0f-434b-a27c-261ed542c551,
f28774f2-1283-4fa4-876f-03f8d8661c5a,ade9d1b0-a008-4d42-bbdc-1c6477188b9f,411d6f61-aa89-4f47-a028-a1a865d60314,
acd55184-82d3-4a9e-aafd-3fe742d5e3d3,ade9d1b0-a008-4d42-bbdc-1c6477188b9f,4169002f-59cd-4033-834f-6e913efa5bb9,
19db21fe-1c11-4626-963a-2aa8e4aaab68,ade9d1b0-a008-4d42-bbdc-1c6477188b9f,48690afd-f74e-4b3f-87d3-e3ffd9b1a694,
049f03ab-466b-4548-8d8b-2c9cddc0b149,ade9d1b0-a008-4d42-bbdc-1c6477188b9f,4c971766-b835-45f2-857b-8ecfa06b844f,
bf30c350-7082-4812-92a7-06cf1021302c,ade9d1b0-a008-4d42-bbdc-1c6477188b9f,55734046-3664-42ca-bad0-8f2e8f680d93,
7fdb2c1c-2eb1-470a-a3ee-c8313b636954,ade9d1b0-a008-4d42-bbdc-1c6477188b9f,58d2fcd2-d197-421d-b852-be2cea2ecedb,
2ed33170-86ee-4786-b03d-2e1be2f7599f,ade9d1b0-a008-4d42-bbdc-1c6477188b9f,5c675905-f762-4a45-ab20-61ddef15e2b9,
a19f54da-f4d7-431a-bfb3-cb0354ac40da,ade9d1b0-a008-4d42-bbdc-1c6477188b9f,62cba319-4b90-4be2-b3fd-ef144ca33a24,
58a14dd3-1528-4f55-87f4-5dbb6a18979a,ade9d1b0-a008-4d42-bbdc-1c6477188b9f,72c74f16-aed6-45b1-97a7-7c8a873a4452,
df56c3af-7fae-498f-ade8-daafa3d1f4d2,ade9d1b0-a008-4d42-bbdc-1c6477188b9f,784a9aed-9047-427f-a290-6df9e5340037,
5083e05d-f4dc-4322-8a5d-308b346d3e59,ade9d1b0-a008-4d42-bbdc-1c6477188b9f,793474e1-149c-43a9-8602-d57ef4860cc9,
cc0c0c8e-8c07-4c60-abe7-c36f42a845c7,ade9d1b0-a008-4d42-bbdc-1c6477188b9f,7e18ad56-2fe0-4d07-aff4-f550f2bb69c8,
eb2e4c11-99b4-4a77-9cdd-3023bd0d78f5,ade9d1b0-a008-4d42-bbdc-1c6477188b9f,8ad8fa34-ca5a-48a4-b4f2-23637bffe046,
7e03503f-359b-4ca9-a5bc-23538b68fa8d,ade9d1b0-a008-4d42-bbdc-1c6477188b9f,8fe328d0-1ef2-4809-a148-3bf5c3c3132a,
5b2109d7-e094-4fb7-ac1f-5fb976264191,ade9d1b0-a008-4d42-bbdc-1c6477188b9f,9300adca-a728-488b-a268-2ad6f52fb8b1,
64478ffa-26aa-489e-b4a1-9925972cd893,ade9d1b0-a008-4d42-bbdc-1c6477188b9f,96701b67-cb0e-4f0b-80f7-5dc34e048759,
53f5c2d8-bcd0-4298-899c-2e9facae7d3f,ade9d1b0-a008-4d42-bbdc-1c6477188b9f,9ebfedd9-b714-49ab-98dc-cfcedcaf1b91,
083d5789-bda4-4db2-b77d-5894b7edf6b3,ade9d1b0-a008-4d42-bbdc-1c6477188b9f,abc44bae-c2d6-494a-a3af-49287b17f89b,
7d772120-4aa7-4482-8b42-191a44811378,ade9d1b0-a008-4d42-bbdc-1c6477188b9f,ade813e3-b407-4864-a0fd-80d8b9ee430b,
c71f2ae6-3b23-4cb8-9c42-aeaf49436f40,ade9d1b0-a008-4d42-bbdc-1c6477188b9f,b53e69b7-eb1f-419d-a9ef-e7f2bf814e15,
26035b31-39b3-4d10-b945-d61193353dde,ade9d1b0-a008-4d42-bbdc-1c6477188b9f,b5b6769c-4115-4c3e-9cd0-c7e9758ff930,
b54ca773-7122-46ee-8ab6-86e9f8b166d9,ade9d1b0-a008-4d42-bbdc-1c6477188b9f,b8d31c05-01e2-492f-95c5-9246bc501d22,
ac13e582-490f-447e-a3a7-ac41c404af82,ade9d1b0-a008-4d42-bbdc-1c6477188b9f,c172ca1e-e34f-4144-b417-af96fcb54908,
c186c6de-3ee5-4306-a24b-06382859c091,ade9d1b0-a008-4d42-bbdc-1c6477188b9f,c3e8b60e-0eec-4226-b365-e289c6aa2b05,
1587d02b-df42-48a9-a128-f04d4b014d1b,ade9d1b0-a008-4d42-bbdc-1c6477188b9f,c6d29ab7-90a3-4c9f-be50-c5b43d374bfa,
03228ee4-6b75-4c9d-93e5-9ae9649d74f5,ade9d1b0-a008-4d42-bbdc-1c6477188b9f,cdbdfaa3-1658-4f5e-a632-c1676cb6f6b4,
ea3b40cc-6483-4a1a-b46d-59f4cd0915f7,ade9d1b0-a008-4d42-bbdc-1c6477188b9f,d7ba6801-ed66-4a32-8dfc-585b38fa1df7,
6fdc8b03-0331-4ead-bc63-4cbb13cb29d2,ade9d1b0-a008-4d42-bbdc-1c6477188b9f,dc7a637b-88e9-4402-ace0-80524f057007,
35a87a42-4ac2-4b0b-8067-a4cbfa42dfac,ade9d1b0-a008-4d42-bbdc-1c6477188b9f,e609549e-094f-4413-9acb-75b775e43858,
e1ee540d-fc78-4ddd-ab4c-903a0bc5f00d,ade9d1b0-a008-4d42-bbdc-1c6477188b9f,eb33ac8e-05d5-4244-aaec-b45dfe3781d6,
7f60125c-99ce-44d2-bc3c-c259a6f0a7a8,ade9d1b0-a008-4d42-bbdc-1c6477188b9f,ed97b821-7cad-43a0-ac2f-1511ef1bbfae,
7d36cb55-c29a-48ee-bd15-b809da7ebecc,ade9d1b0-a008-4d42-bbdc-1c6477188b9f,f35ca550-ecc9-41c9-a4dd-d767386e8e5d,
6c3ce5ff-2c20-497f-a2b1-9c07398ad5a0,ade9d1b0-a008-4d42-bbdc-1c6477188b9f,f4be4d86-b1dc-4308-bab5-0743b38623f0,
6d0014a3-8159-49c2-ba20-38248095dbe0,ade9d1b0-a008-4d42-bbdc-1c6477188b9f,ffa15c29-e832-4131-9048-4fe1bd464ac2,
a0d49e1e-c416-44df-88b3-62ed3733e487,b0370152-5a97-4b07-99d6-2b9c5a970b24,38e30413-34ae-42aa-9224-a8a39348a042,
8a2e09cb-8bde-45ca-bad2-1d4cfffc23f3,b0370152-5a97-4b07-99d6-2b9c5a970b24,59d909fc-88dc-412f-a9af-670cbed30363,
e4053bf1-795a-4dc8-8ec0-16dbd9e8c2a3,b18cb906-26f1-415b-a0bc-86ec3f49888a,01dd0f04-3289-45c2-9dd9-f5600c25a02c,
fc448904-28dc-4d1d-91a5-c36cd73c5c32,b18cb906-26f1-415b-a0bc-86ec3f49888a,05d6eb28-2e7d-473f-aaea-c2a67549e7f1,
6d3851db-25a9-4151-a921-2efaac4b7c39,b18cb906-26f1-415b-a0bc-86ec3f49888a,0953abad-1a5d-438f-af49-6ff060ba6f0d,
682dfae0-9df3-4366-af21-025c5d070c65,b18cb906-26f1-415b-a0bc-86ec3f49888a,0960a666-544e-4d9c-8c4b-729ad77e83fa,
32435a19-3527-4a08-9c87-df74c5d0a116,b18cb906-26f1-415b-a0bc-86ec3f49888a,0c3cc4d4-ab81-451f-8815-52383841eac1,
6a494fbd-97bd-4800-9cef-7d105fdc31a2,b18cb906-26f1-415b-a0bc-86ec3f49888a,0c86fde1-1fae-4433-b127-fbd0691a2cb9,
cbc0316d-448d-4c19-a972-3c728454d2d9,b18cb906-26f1-415b-a0bc-86ec3f49888a,2ac96584-dc3e-4ba3-84ad-ea38c75f7779,
df0d4fb0-7e59-4612-b962-651764027798,b18cb906-26f1-415b-a0bc-86ec3f49888a,37e4f26f-5579-4ea9-814d-5e42b2391b70,
47b9e95f-611c-42bb-a712-3db6985fc51c,b18cb906-26f1-415b-a0bc-86ec3f49888a,4fe8ed7e-5511-434e-9c29-558ac6d2d519,
1d280172-1baa-47cd-a317-ad3b12806078,b18cb906-26f1-415b-a0bc-86ec3f49888a,5394b70c-67a1-4684-8754-7bf66dba1bb3,
9767e78d-b463-4d83-bc19-05c7f06f7c16,b18cb906-26f1-415b-a0bc-86ec3f49888a,68d40d64-06a9-4c36-acf2-c8f651bfff85,
7f99bfd8-6260-4a8e-974a-83a7750af6bb,b18cb906-26f1-415b-a0bc-86ec3f49888a,7b4cddcd-efb5-45fe-9b15-b66d2392caa2,
3b867ba7-8580-4e6a-ba27-fd71b8104ac2,b18cb906-26f1-415b-a0bc-86ec3f49888a,83105b77-8e72-4011-a109-daf1d7e678bc,
76ca0389-8420-446d-bd63-1f090ce5cce0,b18cb906-26f1-415b-a0bc-86ec3f49888a,8356555a-ac1e-4d2d-a094-966216da5035,
0f75eda8-ce46-417a-bc25-ae32fb4b5eed,b18cb906-26f1-415b-a0bc-86ec3f49888a,8ff8189a-a69d-4c8b-b65a-c96a8cce9ba0,
ed18d99f-7171-4b0b-b6a8-d2526e139961,b18cb906-26f1-415b-a0bc-86ec3f49888a,90113ec2-aae3-456e-be79-21aa030bda66,
59371fa2-3a4b-4a69-82c2-e4d58dc0883e,b18cb906-26f1-415b-a0bc-86ec3f49888a,960e4d05-b6d6-4848-a250-9fd02b6caca6,
fbef6615-ebd8-4e34-97ae-531fbbe0b481,b18cb906-26f1-415b-a0bc-86ec3f49888a,98636363-7309-4b96-aee2-7d31ee3b6d3a,
66d4ac06-b6b4-4655-84ac-a8584f22402f,b18cb906-26f1-415b-a0bc-86ec3f49888a,ad50f51b-b5eb-483a-99b0-f48f328c5111,
717f8a1a-f8fe-44d7-8bd9-03d8f616dba4,b18cb906-26f1-415b-a0bc-86ec3f49888a,d3041a0c-cab5-4d6d-87ba-746b07a5bdb0,
67423ee1-4e0c-46b1-bcff-c66b010ad261,b18cb906-26f1-415b-a0bc-86ec3f49888a,dafe3408-ccac-4ac0-9579-ce1fb57b6047,
81a49a38-252f-4c8a-b4e0-49ed095cbf33,b18cb906-26f1-415b-a0bc-86ec3f49888a,db260ad1-0283-4ba2-8df4-4e50d44760eb,
158ef40a-249b-4f58-8164-968b486489e3,b18cb906-26f1-415b-a0bc-86ec3f49888a,e1a7d460-410b-4d42-a70b-75a9ced7a2aa,
04b26d07-3d5c-466f-9021-bc9603a3d64b,b18cb906-26f1-415b-a0bc-86ec3f49888a,f6abe3a4-5c71-4cc3-9cc8-778d1a2bdd0b,
0a2e2052-0406-4c2a-b67c-da833a46083a,b20e1a5d-2070-4cdb-9bd2-33e67509c924,006e02ad-cfaf-4e79-ac9d-5729c37b5b48,
c60ce891-d800-4447-9f86-1f61399b4bb0,b20e1a5d-2070-4cdb-9bd2-33e67509c924,3b415345-720a-443f-9fbb-1398b2250d96,
14f81d8e-e7fc-4984-8650-5e006618bc82,b20e1a5d-2070-4cdb-9bd2-33e67509c924,980aea82-3f3c-4d27-beca-f8e695a23913,
354bfb3f-727b-4ed0-a010-4e52cdcdc057,b20e1a5d-2070-4cdb-9bd2-33e67509c924,bd7d0fab-ddee-4055-8de7-bb6b55343a19,
ca461031-52c9-476b-ab65-bcbbe1087fbe,b20e1a5d-2070-4cdb-9bd2-33e67509c924,c0d555d2-6833-4400-b391-246b897a22aa,
cfe028a1-04f2-406f-a757-e16ebf027981,b2f899b5-10c2-46d8-821a-055dc9d96b0d,6e8077e1-a6a4-4aad-a838-994d8edf83f9,
db261de2-f650-4900-9d46-83b4f7b59e71,b419aa68-0b53-4c11-baf3-6bdcabf5085b,1b2516e8-af9d-4518-8d8c-5d90407ba59e,
86dc3bc3-4435-413a-b282-13547b01a39a,b419aa68-0b53-4c11-baf3-6bdcabf5085b,3eb24143-64e2-49d8-aa5d-9925af4ce094,
68329d8b-44d9-40e6-8c89-d0c68e7570a1,b419aa68-0b53-4c11-baf3-6bdcabf5085b,46139794-e82f-4ee6-a1e8-a366a039d08b,
32beda65-bd8a-488a-ac55-e3fe6f1a7fa3,b419aa68-0b53-4c11-baf3-6bdcabf5085b,574adfcb-9bca-4790-841f-c93edc6c19a8,
aa7e2d25-3467-4162-9ae2-745a922834f7,b419aa68-0b53-4c11-baf3-6bdcabf5085b,6bf7a58d-aaa7-417a-8a50-4fd38330df35,
49c98932-87a9-4f20-9683-12abf9a05e0c,b419aa68-0b53-4c11-baf3-6bdcabf5085b,6de5dd8b-902c-4bb6-a59f-d3ace5d7d472,
0fabb637-abf0-4127-8c6d-43e6d4f1d186,b419aa68-0b53-4c11-baf3-6bdcabf5085b,ba3b7304-8927-4203-a4a9-455177b774eb,
4bed03bc-a065-4c5f-b8d4-4ff8b6c948c8,b419aa68-0b53-4c11-baf3-6bdcabf5085b,bd836b33-ace4-4197-aed8-643bfd37d27d,
96bc38e8-c983-4017-a26f-415dcef29d97,b419aa68-0b53-4c11-baf3-6bdcabf5085b,cbc6c225-8319-4289-87e7-1faae780b18f,
8d5f6dae-746f-4a39-ac0d-7913e80663eb,b419aa68-0b53-4c11-baf3-6bdcabf5085b,cd76166c-10c6-4cd9-88ee-9d6b224c656c,
691ae3f8-3b85-458c-a712-9dc533a1a9a6,b419aa68-0b53-4c11-baf3-6bdcabf5085b,f59eb797-3986-4b3d-90f1-d24c87e36afa,
db6d9e09-301b-425e-808f-0d6c4973ea84,b419aa68-0b53-4c11-baf3-6bdcabf5085b,fca4f73c-19dd-474e-860e-e79418d34f30,
ae453f21-91da-4762-9d66-7d8898d11d4c,b56a83a3-cb82-4ab7-b76e-fd42103d2d26,38b4a495-e29f-439c-9ed3-0511318f3eea,
dc1954f0-3505-458a-837b-7b76b83ec747,b56a83a3-cb82-4ab7-b76e-fd42103d2d26,7d62a74c-d373-44c3-a86d-a2b883600e78,
3ca0d87b-137f-46af-80af-442ef46c9579,b56a83a3-cb82-4ab7-b76e-fd42103d2d26,b85bcdad-55c5-4ce7-937a-9650da3ff268,
049aaead-013f-45d9-8971-56a86e79e26d,b5e6c59a-6645-4dd9-9ff0-c2a54c37293e,093cf26c-4f44-4b71-bbbc-7b0c01eb32a1,
bbad264d-80eb-4d8f-ab3a-44251af7eb8c,b5e6c59a-6645-4dd9-9ff0-c2a54c37293e,2bff20d1-edf6-45da-a9d1-b6e31d3af111,
cf76c1dc-9a9c-4345-8db9-4968a726b633,b5e6c59a-6645-4dd9-9ff0-c2a54c37293e,9d195348-e249-4b6b-ae77-7e93caa027e5,
e6a16633-69e1-4f66-9886-3e664a2a978d,b5e6c59a-6645-4dd9-9ff0-c2a54c37293e,abbccca0-ba6f-4d9b-9274-7b0787fa9a89,
794a19eb-54b0-4c6b-98f1-0d87d46890ae,b5e6c59a-6645-4dd9-9ff0-c2a54c37293e,d0f0559d-0da4-46ac-b9f7-b879d18b6c7c,
d9318e52-76ad-41c9-b4de-4f4cbf0b096d,b5e6c59a-6645-4dd9-9ff0-c2a54c37293e,d992020b-f417-44a1-b505-abad49e8bf83,
6c81d2e8-fd73-4a0f-87e4-9f28d2c109ea,b5e6c59a-6645-4dd9-9ff0-c2a54c37293e,e619e472-d99e-4636-bf48-3b944392c35e,
b6a9b6e0-86b9-47a1-8d76-eb3dd6d1244f,b5e6c59a-6645-4dd9-9ff0-c2a54c37293e,fa813453-4f6b-4f30-a129-106e15395519,
de1af188-511b-4f03-b1c9-9b33a9bde963,b7670015-0cad-4cc7-ab75-973d6aafe7bc,05dabba0-ba62-49e5-8337-9ce6c5c84774,
8616280c-4d5c-46d7-abc8-dce5a7c6b0da,b7670015-0cad-4cc7-ab75-973d6aafe7bc,496eb233-edbe-42ae-b895-10488d250110,
fd06aa62-9d6d-45d3-b685-54b87236fa39,b7670015-0cad-4cc7-ab75-973d6aafe7bc,632aec8b-1515-44ff-8978-305d93241e0b,
526e0408-3d02-4cfd-8ddd-811e03a81b57,b7670015-0cad-4cc7-ab75-973d6aafe7bc,70f91fe7-66cd-42ff-8a8a-ebd44e7c5ac3,
3dd39884-982f-4ae9-a9b1-32e8ca3668ef,b7670015-0cad-4cc7-ab75-973d6aafe7bc,a5cbd344-06ec-481a-a170-78033d088beb,
9e7d0fc2-7418-4079-851a-663b82e86cda,b7670015-0cad-4cc7-ab75-973d6aafe7bc,ada161e9-b4ca-4abc-8193-caced597270b,
3a2508f0-1781-40ac-93e8-cfb7d738fd4d,b7670015-0cad-4cc7-ab75-973d6aafe7bc,b185f86e-cefd-477f-93a7-c84552e02d13,
6b241613-ddbb-4b69-9169-9e94114cf9d1,b7670015-0cad-4cc7-ab75-973d6aafe7bc,b797eb77-0558-43c6-8b40-8b742f376248,
cb05a2e1-2b03-4862-850f-c0464e6354af,b7670015-0cad-4cc7-ab75-973d6aafe7bc,d9e271d1-d146-43f5-875c-91a7b1e6b77c,
1411a13e-07b2-44d1-a161-15d4aa3e30ee,b7670015-0cad-4cc7-ab75-973d6aafe7bc,de51885f-91e8-4050-938a-d632a61e957b,
9446bc4e-23fd-4410-8e37-5b3a06bdd630,b79f8cc7-8446-426a-a6ef-26deb2d6916e,06ae81fe-5945-4e77-b993-8a97ac13d6cb,
46a65345-2c0c-4748-9e02-ac43d6c85527,b79f8cc7-8446-426a-a6ef-26deb2d6916e,06b71f0e-e9b7-4b41-a094-53a93cd46e06,
07631a6d-1690-4905-8e58-a35719f78605,b79f8cc7-8446-426a-a6ef-26deb2d6916e,093238e2-0646-441f-940f-7b323ca7ea89,
9e67ea71-787b-412f-bd2c-3c8127482873,b79f8cc7-8446-426a-a6ef-26deb2d6916e,09c50f1a-03d1-4c52-a3a4-d622d51a4d2c,
c99f5a24-6121-4880-8030-767b0916674e,b79f8cc7-8446-426a-a6ef-26deb2d6916e,0b4a1ba9-0124-41ca-b0b2-b48e0ebe732b,
b34521eb-0382-4e53-99d2-72dfc4a90525,b79f8cc7-8446-426a-a6ef-26deb2d6916e,130de777-f3bf-4bf3-86b4-7febbeead552,
93a91f2e-0e7e-4cef-b255-84b96b18ea77,b79f8cc7-8446-426a-a6ef-26deb2d6916e,191ca443-9e53-4f00-9846-5f788e542adf,
bd9c5b67-9c53-4880-af67-b6f7222d082a,b79f8cc7-8446-426a-a6ef-26deb2d6916e,1bfb6327-a557-4779-bc00-a4d8d76692cf,
8b6a5ae0-b362-41f4-9a56-28f06d2ca94a,b79f8cc7-8446-426a-a6ef-26deb2d6916e,1db4a9da-f9b1-44e8-96ca-cbb1abae75d2,
879c9daf-d6e8-431d-be3d-3827f4a04a73,b79f8cc7-8446-426a-a6ef-26deb2d6916e,22d6bf70-b8e1-4200-aded-aaf091b4c224,
ee9d8d74-c4a5-485b-a415-3bbad3df2c5b,b79f8cc7-8446-426a-a6ef-26deb2d6916e,26731234-e979-478e-aa21-26f141b66664,
f06b6803-cc68-4257-ae6c-5c1d5dfe20b9,b79f8cc7-8446-426a-a6ef-26deb2d6916e,27a56fb3-71a8-48cf-b30e-60e1a159e99d,
51cacd2e-e90f-441e-afbb-0e7da898b9e0,b79f8cc7-8446-426a-a6ef-26deb2d6916e,3007507c-8d09-4b15-bf9b-5056aa9a3a29,
a424f49e-4a0d-45cb-8fb5-b8f233d1d192,b79f8cc7-8446-426a-a6ef-26deb2d6916e,3482c43a-51d1-477e-9ef2-82d4d89d82db,
8d60e538-c8d8-4ae6-9471-1fcd6b0c96c3,b79f8cc7-8446-426a-a6ef-26deb2d6916e,36c37bb4-11c6-4ef1-b7bd-a0484297e795,
ade4b27b-53d3-432d-a9b9-dc62c45fbeb7,b79f8cc7-8446-426a-a6ef-26deb2d6916e,3fca664a-e306-488c-b29b-d0826a686006,
0b5c6eb6-8166-4524-ba90-8a92e9e6b0c5,b79f8cc7-8446-426a-a6ef-26deb2d6916e,44273c51-3cf3-4a25-990c-309b3afa2790,
4ad7d1c8-78f9-4005-89f2-78af918e9b8c,b79f8cc7-8446-426a-a6ef-26deb2d6916e,4b3e64fa-38f4-4414-8912-0bb7aea223f6,
5c466df3-ea4e-4917-98c4-faf35c6d956e,b79f8cc7-8446-426a-a6ef-26deb2d6916e,5977a111-3031-4efe-9f3d-48165f3725e3,
91f863b2-c1cf-47a5-8186-a0d524df6606,b79f8cc7-8446-426a-a6ef-26deb2d6916e,5b4206d7-0104-48a3-a40c-700d5cd9b798,
4a4875a9-db80-4f88-81a3-01feaa538131,b79f8cc7-8446-426a-a6ef-26deb2d6916e,5ef4b2d8-6127-497b-9f10-7148ed1542db,
f9f19f00-54c3-40ad-b1a0-81e643a78bfd,b79f8cc7-8446-426a-a6ef-26deb2d6916e,5fcb83d5-7584-4ce2-88d9-b0da96c16c0a,
0ab8915d-ea66-4338-a497-1f9bddc64923,b79f8cc7-8446-426a-a6ef-26deb2d6916e,68cbe34d-4eb5-4a18-9b98-212d44a810b2,
1b058170-4693-43f5-a0d8-6d8a2d3c1f45,b79f8cc7-8446-426a-a6ef-26deb2d6916e,73b3e802-0454-45a8-919e-4be4c3430551,
38145140-e8d7-4ea4-881a-f323d70f4cc7,b79f8cc7-8446-426a-a6ef-26deb2d6916e,7682b137-5922-4e8f-84e7-40957fd75cfa,
389d0f2e-3bd3-4238-8524-2bcae635ad60,b79f8cc7-8446-426a-a6ef-26deb2d6916e,78db8fb8-5cd2-4435-8ab0-cef29b9a014b,
b737327c-4989-4f13-b546-2b49c4e98c1f,b79f8cc7-8446-426a-a6ef-26deb2d6916e,819ae94a-f368-440d-8910-88ab4a626b11,
9f2ffb36-32d0-4a99-9dc5-043333e818e3,b79f8cc7-8446-426a-a6ef-26deb2d6916e,85d1c7da-0bb3-4d07-9a14-a1197d00358e,
bc2b191a-5101-46ef-8382-451f2de80bb0,b79f8cc7-8446-426a-a6ef-26deb2d6916e,91442efd-e26b-4537-811e-2f4e1111cd0f,
72af589e-444c-4946-a207-ee842a015b9c,b79f8cc7-8446-426a-a6ef-26deb2d6916e,969698f5-6fdb-4d1e-90c6-b0893c252366,
6aa50b96-79e3-41b4-a1b4-fcc7bc94434f,b79f8cc7-8446-426a-a6ef-26deb2d6916e,9da76b3f-6653-47db-b6bd-8deee1bca6d3,
ea997888-c88a-47b2-9269-7cee3fae7987,b79f8cc7-8446-426a-a6ef-26deb2d6916e,9dc394bc-4b2d-4a3a-b5d3-035b04092e35,
638bb5eb-6671-435d-b9e6-1fef6a4a5b7e,b79f8cc7-8446-426a-a6ef-26deb2d6916e,9ffbf337-66ed-4f0f-a347-ff4417084fb4,
45fa6f03-ffe9-40b6-90e7-0b2d738c2613,b79f8cc7-8446-426a-a6ef-26deb2d6916e,a55b01ad-cf5c-43c9-850f-51230a850a7a,
9a6db181-e416-4e10-9c61-ab9aba80446a,b79f8cc7-8446-426a-a6ef-26deb2d6916e,a600693c-393b-4d51-8f88-6254beebe40c,
62b258bf-93a3-4a47-bd24-5a7e580e164d,b79f8cc7-8446-426a-a6ef-26deb2d6916e,b35741c0-75bb-4013-a899-367c0f9d21a1,
cef16b44-8f10-4056-b773-951eef7d932d,b79f8cc7-8446-426a-a6ef-26deb2d6916e,baea44e2-74a8-4486-8409-5ae4b70db292,
d7d37f46-11de-4d4b-824a-b675571de2ac,b79f8cc7-8446-426a-a6ef-26deb2d6916e,c92dee25-cde9-4a74-bd67-20986c52a34c,
c7b14c3b-7fe9-4a3e-85e6-ba93c9a84276,b79f8cc7-8446-426a-a6ef-26deb2d6916e,cf372a1b-f0f3-4f76-a88c-28a603861e54,
7ffb062d-8517-44b7-ab0a-07f7c0f6de46,b79f8cc7-8446-426a-a6ef-26deb2d6916e,d4d87e15-5acb-4c81-8b13-fe732fab5c32,
f0e38b80-3028-423f-b8f7-c2a1da797ede,b79f8cc7-8446-426a-a6ef-26deb2d6916e,d9f024fa-6b55-499a-ab0d-12a551e93898,
0df5acd0-96a3-4a07-b526-1101eb2e86e8,b79f8cc7-8446-426a-a6ef-26deb2d6916e,e4841ae9-3363-42bb-9fa4-73d68bdcc5b7,
a433c1e3-f8cd-452e-9efa-787d5420f7bd,b79f8cc7-8446-426a-a6ef-26deb2d6916e,e7b72552-e09b-4f59-8686-7931733938f7,
4fe82968-04eb-43a7-9eab-c622af238076,b79f8cc7-8446-426a-a6ef-26deb2d6916e,e8903f1c-6a4c-48b7-9c01-07468914655b,
9b51f104-44e2-4bec-8747-89730eb0ec4e,b79f8cc7-8446-426a-a6ef-26deb2d6916e,eca169de-fd6e-4af9-94da-5b75f06d8200,
ce56e282-3df5-464f-9b38-2294c34df430,b79f8cc7-8446-426a-a6ef-26deb2d6916e,f5e2fdcd-521b-4920-9caf-798cfd9f3c56,
8d74480b-0f6f-4279-912c-cb7174996726,b79f8cc7-8446-426a-a6ef-26deb2d6916e,f8cf83ac-9e87-45e2-91d7-8d75a4f0e6c0,
4b83f55e-44da-4657-812c-3a16940c6dec,b79f8cc7-8446-426a-a6ef-26deb2d6916e,faee84f5-a4a4-4cee-9ecc-bbb8288ee8a8,
3588a7bd-ab69-4e1a-bb1b-96a59c19d601,b8ffe8e7-bd44-4fca-9eea-7502acf27a15,03047a12-9d7b-4cd7-9695-8712aba895c0,
294dfb33-a604-48f5-b47c-0713e809accf,b8ffe8e7-bd44-4fca-9eea-7502acf27a15,03d71d5a-a995-4ee1-8be9-8bc2e4c5eec7,
b493e098-3e0b-4882-a03c-43954394d29a,b8ffe8e7-bd44-4fca-9eea-7502acf27a15,0e54de5a-d13c-48dc-9783-44a761ca6e44,
ec1b5468-5649-4623-8207-587843984e25,b8ffe8e7-bd44-4fca-9eea-7502acf27a15,13f4e689-e97b-489b-b40b-74119f70e901,
b1ce52aa-306a-40a1-8071-7e05d081272c,b8ffe8e7-bd44-4fca-9eea-7502acf27a15,203a3304-785d-4501-8282-67165a57ce93,
ddfc9b3a-be33-419c-a9ea-a182e6a0af09,b8ffe8e7-bd44-4fca-9eea-7502acf27a15,2393372e-f1a9-45ee-b59b-beeb98fda544,
299ef6e0-ae34-43a9-9996-d071e89604b9,b8ffe8e7-bd44-4fca-9eea-7502acf27a15,28c0c80d-2054-4fc4-9262-905a7d7d29e8,
580c30b0-5745-42fb-a847-44ab1058577c,b8ffe8e7-bd44-4fca-9eea-7502acf27a15,2db4d897-2078-45c9-acdb-524758feade6,
bb3fca97-f48c-4022-a65d-9d77cd4b04b8,b8ffe8e7-bd44-4fca-9eea-7502acf27a15,3260b1ce-a7de-408b-b9b4-fc34509850f0,
9ca7f3ce-737f-4a7e-a684-447d4ec9a864,b8ffe8e7-bd44-4fca-9eea-7502acf27a15,33c4d29c-f72f-4590-bec8-4d546de80aa8,
32de220f-d197-431c-9c2d-101cab175445,b8ffe8e7-bd44-4fca-9eea-7502acf27a15,34b59a08-693c-4acd-80df-8a594dc16f70,
756c5889-8329-49a6-90e8-0010941e4bcb,b8ffe8e7-bd44-4fca-9eea-7502acf27a15,36b3fd19-cd01-41f3-9e38-8add3d3be0e6,
0eab2afd-9bd6-4213-b09d-ab42d9608bd6,b8ffe8e7-bd44-4fca-9eea-7502acf27a15,4641287b-c26a-4f43-aad7-09fff3b347c2,
5903f7f8-6417-46e3-add4-84e9692449c0,b8ffe8e7-bd44-4fca-9eea-7502acf27a15,4b9b2fd9-7ee4-4ecb-ba38-fc6ba595b424,
dcd5155a-8f4f-41f5-b4da-1a4c6b5a8300,b8ffe8e7-bd44-4fca-9eea-7502acf27a15,53b06f75-afb2-4ffd-b8fb-fa332db5699a,
3abefcac-0b67-455b-906a-4bdb54ce7c9a,b8ffe8e7-bd44-4fca-9eea-7502acf27a15,53bb7739-0f81-4842-86b9-6a51b45ebc9d,
cbf40c6c-d9a3-4997-b21a-2e34134f6466,b8ffe8e7-bd44-4fca-9eea-7502acf27a15,553a41a4-7c21-4b33-b5ba-c073ac6f1e5c,
96ca90e8-f40e-4566-bc3c-494968782b88,b8ffe8e7-bd44-4fca-9eea-7502acf27a15,5a1e0231-5981-489b-b76c-200a750a5c33,
f56d7093-7182-4242-bc78-d3586ee13c11,b8ffe8e7-bd44-4fca-9eea-7502acf27a15,5bb64dde-1965-484e-8ec9-b1e620207e3c,
b6bfc294-6dd6-4926-a7a4-b9a611a68815,b8ffe8e7-bd44-4fca-9eea-7502acf27a15,5e9f0d0f-12e6-4856-8bb1-b446f2da7f6e,
aa70b234-2709-4440-9422-6304cf62335c,b8ffe8e7-bd44-4fca-9eea-7502acf27a15,5f159cf2-64f1-4f7f-8b0f-124dd52b8d6f,
38a853f1-d103-42fc-811b-fee6bf64a4cd,b8ffe8e7-bd44-4fca-9eea-7502acf27a15,624ee45f-415c-47f5-acd4-45e8c7ad26d8,
ec32ebf4-8c22-4471-afd4-a304f5d5a30f,b8ffe8e7-bd44-4fca-9eea-7502acf27a15,6a2df96f-21b0-40a3-bfd8-32c72e69e0e0,
e21031b6-45a3-4bdf-a24e-bfe679ed1f5e,b8ffe8e7-bd44-4fca-9eea-7502acf27a15,6ab06f04-4a44-4b17-b8d7-4af45d130cb1,
a8bc1b72-2ebc-4225-9553-f303b53f8356,b8ffe8e7-bd44-4fca-9eea-7502acf27a15,6ac52033-b7a1-4742-9563-320043262636,
b2d724e8-ea9f-4cf3-81e1-782d02f0e58b,b8ffe8e7-bd44-4fca-9eea-7502acf27a15,7180dd2a-d006-480c-a186-0096dbb5ad5f,
472173ad-830e-4ab9-aca2-b0c805a16683,b8ffe8e7-bd44-4fca-9eea-7502acf27a15,74950f20-8a01-4d2a-8dfa-543bab05c10a,
7155e5e2-b636-4b1c-b173-573e93c18a1c,b8ffe8e7-bd44-4fca-9eea-7502acf27a15,751b0f71-c76b-49c1-9128-3166e66d3d50,
0fc367f8-d92b-429e-8e50-a83e05060056,b8ffe8e7-bd44-4fca-9eea-7502acf27a15,76ad13f0-b2e8-4bcb-8929-37ebf8a5b5b5,
4946a7c4-ceef-433a-add3-34815b744b10,b8ffe8e7-bd44-4fca-9eea-7502acf27a15,7b0a0135-9a0b-40e5-a81d-c4278b782e11,
b00b7691-5dc2-4d7e-b252-3828f1a4beaf,b8ffe8e7-bd44-4fca-9eea-7502acf27a15,7f1fa855-a4e0-45f0-b559-b1b8801ae1c4,
61f2038e-cb56-41f5-86b6-fe1d5284782a,b8ffe8e7-bd44-4fca-9eea-7502acf27a15,8f3f1caf-badf-48e4-a3cd-d1ba7736dd9a,
2bf51424-6ba7-4fe5-a482-0a8da9bd04ff,b8ffe8e7-bd44-4fca-9eea-7502acf27a15,9628b357-6d5d-4d29-b725-e4c69176f348,
7d2f7f92-d7ee-4cff-ab2b-98fa662139e9,b8ffe8e7-bd44-4fca-9eea-7502acf27a15,9653a9bb-eb87-4df7-8640-51e8ef425fa2,
72f09ff2-407d-4577-8e30-43da1633816e,b8ffe8e7-bd44-4fca-9eea-7502acf27a15,96a6c618-d3c8-479c-a97f-1fae31590c06,
8501a80c-a869-434d-bc28-26d116c79518,b8ffe8e7-bd44-4fca-9eea-7502acf27a15,99257bd8-86eb-4282-8413-5daf19cd51e5,
30f0ee5b-9cfd-4a12-ae3f-0fc42930220a,b8ffe8e7-bd44-4fca-9eea-7502acf27a15,b16829dd-de9d-42b6-b94c-74fd7fa9ed0c,
02e5b3d0-7ddb-4978-97a5-5f324c46e80b,b8ffe8e7-bd44-4fca-9eea-7502acf27a15,b1a058cb-0e1f-410d-bcfe-ddb6849224c5,
979ade1e-9d8c-4a40-93fe-eb543bc36d0a,b8ffe8e7-bd44-4fca-9eea-7502acf27a15,bfaee0aa-a2c2-4205-ad54-d84d5f472d4f,
572dcf2c-51e1-4f42-9a66-89a84863684a,b8ffe8e7-bd44-4fca-9eea-7502acf27a15,c3943755-6e22-4465-a475-02df0fa921e4,
8378aea4-69e9-4a14-aa2f-472fa8dab630,b8ffe8e7-bd44-4fca-9eea-7502acf27a15,c50f264d-3bf2-4ea1-ad4c-2162eda9b7ab,
a83e3fc0-0d68-4b12-b4c8-7e4d1d232b98,b8ffe8e7-bd44-4fca-9eea-7502acf27a15,c523ebef-3c26-4a4c-87dc-d0d934f4a273,
9f39c2ce-ad8a-4d7f-af9a-6c1779806b4f,b8ffe8e7-bd44-4fca-9eea-7502acf27a15,cae3b53c-3edf-4744-a831-c04ff20e7492,
ab59395a-937b-4fff-8da6-28b94566f0e0,b8ffe8e7-bd44-4fca-9eea-7502acf27a15,ccc46dc2-3ee7-40d1-a422-a72f57be044a,
787f78b9-c040-446e-ac1e-1c52a6de4f05,b8ffe8e7-bd44-4fca-9eea-7502acf27a15,d3285c23-a5dd-42b8-b546-5063a21acc5a,
49d59b83-ef36-47f1-a539-5bcbaa7f7eae,b8ffe8e7-bd44-4fca-9eea-7502acf27a15,df319ffd-1947-41a1-b2af-ef7d4dc96df6,
247ff2c7-c48a-4cf4-95d4-7d09c14b1aba,b8ffe8e7-bd44-4fca-9eea-7502acf27a15,f302c941-c7cf-4d03-a4aa-e162e4843a00,
9fc8a972-449c-4363-9872-571996446abb,b8ffe8e7-bd44-4fca-9eea-7502acf27a15,f4732079-ea08-42c1-b58b-eb9a7953cdd9,
3e39acbd-7049-435d-9a94-f04193550504,b8ffe8e7-bd44-4fca-9eea-7502acf27a15,f59677bd-63d3-44a7-9d3b-961980fa19ba,
587c2149-e903-48ac-a7f1-438801697a6d,b8ffe8e7-bd44-4fca-9eea-7502acf27a15,facc2a72-959c-4307-819f-c23d5d0c19d6,
ba0b595e-5254-461b-a22b-1fa3df5e30c8,b8ffe8e7-bd44-4fca-9eea-7502acf27a15,ff180e70-190c-4ba0-8e97-51cf2f1b41c5,
8dc2e2b5-8ff5-4bb0-ac7e-475b3b5d176b,b955b63e-6877-45a3-8712-26874bc3d309,4f295317-4c21-4fa9-91db-d7dbcd404926,
947fbe45-fba4-4926-9832-4537fa60c6ab,b955b63e-6877-45a3-8712-26874bc3d309,566b47e2-783c-45ca-8ca2-13823e143e24,
3636188b-c6ed-43b1-b294-0ee76ef1f39b,b955b63e-6877-45a3-8712-26874bc3d309,575adc13-8368-4f78-af81-ace93f239a7e,
9adb3d6b-15f2-4f7c-bf9e-ddeb57342dbc,b955b63e-6877-45a3-8712-26874bc3d309,638adfc2-8683-4911-ab45-cde7e4fb3a29,
4bcff8dc-9720-45d3-ba34-3d30860bbe84,b955b63e-6877-45a3-8712-26874bc3d309,68b1d96d-125f-4abd-9379-f746fa2d300c,
ae922fbe-1835-4202-8561-e7121d319afd,b955b63e-6877-45a3-8712-26874bc3d309,898b15af-7ca2-4664-8869-59f5c1328545,
fb63d5b5-d1e5-4896-9504-226a44d58934,b955b63e-6877-45a3-8712-26874bc3d309,8fcad64f-f650-4b62-af2b-339b665ccd5d,
ea5db7fd-7649-4b62-aa27-629b23991b8f,b955b63e-6877-45a3-8712-26874bc3d309,aeadea7c-e4db-46e1-8f83-dc524fff66b3,
65c4b825-e995-45ec-b579-ba90b7a4c1d9,b955b63e-6877-45a3-8712-26874bc3d309,e6dffe32-4835-4864-b141-94a1d138e1f8,
58c6f873-687f-43c8-8120-710935805cda,b9951b13-7e0b-4ecd-8f80-f121afe751ae,078ee452-7af9-4d96-bb52-92dd6636e4f4,
51c12a45-6e21-45aa-b3a4-a1bab5ff0be1,b9951b13-7e0b-4ecd-8f80-f121afe751ae,930ece8f-5200-4b84-948e-c8918c9d108f,
a356bb22-1c5a-45b1-96af-800e0e2132a3,b9951b13-7e0b-4ecd-8f80-f121afe751ae,d258279e-b04b-4fb7-82a1-312de35a1796,
76f70909-e36e-4793-ba6e-db9cc84ed78b,b9e35163-65f5-42c3-8a6b-e82cf765f325,080ba0fe-d9db-4925-a2ed-30eaa894237a,
8e7147be-4c20-4267-b2da-80ac29f9982b,b9e35163-65f5-42c3-8a6b-e82cf765f325,09cefd57-eda4-4269-9632-538599f165c1,
b6bc3c5d-6c7b-43fd-b738-25bc3d41b15b,b9e35163-65f5-42c3-8a6b-e82cf765f325,0dbc00a4-1296-4f58-82d2-6c44e909eec1,
85ce61ce-2d12-4c59-9041-6f66551beaae,b9e35163-65f5-42c3-8a6b-e82cf765f325,10c3dd30-1adb-4bcc-9b5b-a495f37a5543,
858d82a2-466b-455d-ab0b-7459ce18ce74,b9e35163-65f5-42c3-8a6b-e82cf765f325,12187055-da8c-45db-9ac3-cb2ce1ca8ab3,
cbf1df26-bfb8-4ded-90b3-6b09db21b214,b9e35163-65f5-42c3-8a6b-e82cf765f325,1ce47b8b-4545-48ae-a52d-befe678647be,
00f47eda-0324-4291-8d1c-cc7baecdec62,b9e35163-65f5-42c3-8a6b-e82cf765f325,1d30cc47-77dc-484e-8f62-dc4268c867f3,
5a30e620-8080-4bea-96af-be645d70268b,b9e35163-65f5-42c3-8a6b-e82cf765f325,22010809-bef2-4dca-8c46-b606be9150c8,
670f2f2a-4963-485d-a307-058b1f2545d8,b9e35163-65f5-42c3-8a6b-e82cf765f325,2c67651c-dc2c-40fb-bd8b-e2a5a0d171ed,
c643a005-b429-4dfa-9048-77d85f396461,b9e35163-65f5-42c3-8a6b-e82cf765f325,2f9977d4-f0d0-4831-9bdc-d0f1fdaefb29,
42d45312-8412-4f04-a16f-8b2063b34d8a,b9e35163-65f5-42c3-8a6b-e82cf765f325,2ffda8fd-b33b-4b6a-bf7c-c3df75e633c9,
3bb64dd3-14f6-4e42-a16b-8b20e1d7c900,b9e35163-65f5-42c3-8a6b-e82cf765f325,30c41636-894c-4254-8a5b-c5b2fc59ef97,
71ce5815-d4ae-4e23-8abf-683bbb79bf19,b9e35163-65f5-42c3-8a6b-e82cf765f325,31b598b5-eb68-45f3-825c-17ec9597da8a,
ba048a5f-9027-4540-a122-f385e6e0e1d8,b9e35163-65f5-42c3-8a6b-e82cf765f325,36995751-4133-45f4-b159-cef931125ea7,
8e3b4626-116f-485f-93cf-5e16563f7c95,b9e35163-65f5-42c3-8a6b-e82cf765f325,38e28427-2064-451b-b194-33f32db744d5,
73898a70-e901-413d-86d9-ed481037a206,b9e35163-65f5-42c3-8a6b-e82cf765f325,3920a320-4728-480a-bfbb-bb6a0097c50b,
c607ec36-96e3-46e4-8415-33f4c6d772af,b9e35163-65f5-42c3-8a6b-e82cf765f325,3a5d6647-e0fd-4853-818e-eeee3354e050,
9c1cb76c-8cbf-4e57-bb5f-5e142c27655f,b9e35163-65f5-42c3-8a6b-e82cf765f325,3b106d4e-30e4-4b12-93d0-e87d3d97a0ba,
2bd65bc5-bfa2-4aec-865f-0fdc9571cdc7,b9e35163-65f5-42c3-8a6b-e82cf765f325,3b706bc7-dd8a-44af-a381-5620729c81a2,
4c1f75d8-1bd5-46dd-82ba-7f0f92ba11a2,b9e35163-65f5-42c3-8a6b-e82cf765f325,3ce449c4-8936-41b5-98cb-44750c2c1855,
74546fb2-2dbc-40f3-8b2a-62cb0e911710,b9e35163-65f5-42c3-8a6b-e82cf765f325,405543d6-b801-4ae0-81f5-88340f1b524b,
63e17f59-e92f-4e15-9b79-254f85aeb738,b9e35163-65f5-42c3-8a6b-e82cf765f325,4818387d-057c-479f-a148-4ac5940400fb,
c17371ec-cf9f-4b07-ad4c-27099b475f27,b9e35163-65f5-42c3-8a6b-e82cf765f325,555b93e2-1e43-4e39-a0c1-d7bcdc7f4b65,
4c46d1e6-ad8f-4bbf-b694-51d785dd36d9,b9e35163-65f5-42c3-8a6b-e82cf765f325,566863f6-3cd5-4b3d-bd56-342982d8ef51,
cd9b6cec-7f16-4d64-8f2d-34fa5760ff32,b9e35163-65f5-42c3-8a6b-e82cf765f325,58bbe67e-8735-410f-abe9-75ef53979a29,
504cfed3-7c9d-46f9-b9c9-1783a09f44d9,b9e35163-65f5-42c3-8a6b-e82cf765f325,59021615-1749-406d-abe8-9f91f933d5da,
354da0fa-e7ee-4c19-9510-b30247a6e955,b9e35163-65f5-42c3-8a6b-e82cf765f325,5a3b7b54-9e2c-4894-a43e-6f9f4193ad8b,
f01c0851-f6ba-43f4-912d-301a668c085d,b9e35163-65f5-42c3-8a6b-e82cf765f325,5fe728c6-eaab-482b-a7a2-7a65f891d383,
288d389e-e75b-402c-acff-221e902d1806,b9e35163-65f5-42c3-8a6b-e82cf765f325,65f560db-913e-407a-b1a8-05212bde22f2,
1c555d88-9549-459d-b37f-31b553cb0d23,b9e35163-65f5-42c3-8a6b-e82cf765f325,6cb4e38c-0942-4759-b7eb-e2fd83ade552,
0dbb7c67-c47f-44cf-9af6-a43f322e0157,b9e35163-65f5-42c3-8a6b-e82cf765f325,6e042109-e1e5-4743-99c9-c927f6324484,
9e8ad8f6-5b92-444e-82d6-44e00d0ba158,b9e35163-65f5-42c3-8a6b-e82cf765f325,6ed00e30-ecdd-47cf-b092-063425fc9d2c,
50d574f0-8f80-4e4c-bfbb-c0504d549a9c,b9e35163-65f5-42c3-8a6b-e82cf765f325,776fb17c-5052-4cea-9a54-d7530ca1f044,
971b3cd6-b98b-42c6-ae15-e40958cc142c,b9e35163-65f5-42c3-8a6b-e82cf765f325,7938e7d8-f4cc-4486-8bb3-b9f48b33c5d0,
83a4a92c-b3e7-4358-94ba-9e339c1312ce,b9e35163-65f5-42c3-8a6b-e82cf765f325,8192c7ad-c706-466e-9d32-0e2c75114634,
bceb9190-4938-42b1-be9f-665cdb43a356,b9e35163-65f5-42c3-8a6b-e82cf765f325,85632a41-b7a4-4af5-b465-d8b2f70a5205,
379df80f-ae98-4d81-8c4b-7aa1c2c97173,b9e35163-65f5-42c3-8a6b-e82cf765f325,86664da4-bd03-4b5c-b42b-3ddcf4029540,
1520e2f5-155e-4a23-963a-fb9dbd8001b5,b9e35163-65f5-42c3-8a6b-e82cf765f325,90ee3b7d-943d-485b-8f77-113938a48e33,
92c6e7f4-e12c-49fc-b89e-71689984c1a9,b9e35163-65f5-42c3-8a6b-e82cf765f325,99511796-bce0-4679-b151-b0fd2108b152,
1264cf1a-60b4-40f8-87f1-e87f43e42a53,b9e35163-65f5-42c3-8a6b-e82cf765f325,9c1ef8e7-aa1e-42a6-90fb-ef21fd6ce12d,
00437374-57e7-4ade-9f6d-61a0ac3bb01a,b9e35163-65f5-42c3-8a6b-e82cf765f325,9ef68073-b26c-4049-b530-a3948231a430,
01d432a9-5ed0-464d-9209-3b971ad0f59b,b9e35163-65f5-42c3-8a6b-e82cf765f325,a5111fef-3ba6-409d-bba5-e417e4e85a30,
b44bc75e-2cb9-4f96-9899-bce8f00be059,b9e35163-65f5-42c3-8a6b-e82cf765f325,a8a62dc3-e8c2-4e44-8c91-51eefde96986,
56e0f089-ff2b-4d86-b910-fb265c520f96,b9e35163-65f5-42c3-8a6b-e82cf765f325,a90c7250-545c-4cd5-9e11-ded023817efb,
f4ce06a0-ef4e-4a53-b26a-9a49263162b8,b9e35163-65f5-42c3-8a6b-e82cf765f325,ab77a4e3-5d77-4cad-aeb2-265ca9a976ef,
071e654e-16e3-46e2-bb3a-4eab50c1ebc1,b9e35163-65f5-42c3-8a6b-e82cf765f325,affbb805-a315-4c16-a91a-89f3ae0d9492,
055954b9-499f-4105-9341-4118fd52d3f0,b9e35163-65f5-42c3-8a6b-e82cf765f325,b2c2e1ec-7a83-4e2a-a881-874a4f7cf806,
8d806dff-3b98-4759-be5c-c1eaecea1b7c,b9e35163-65f5-42c3-8a6b-e82cf765f325,b5a9c683-7522-4633-9a0d-5febeb861faf,
9ac73fc4-e745-40ad-a165-b8c9fe8b0324,b9e35163-65f5-42c3-8a6b-e82cf765f325,c6f96dba-8bb0-4efe-ba4a-4f3174924151,
ae7b5476-e764-4004-9a08-c45a50b59e3d,b9e35163-65f5-42c3-8a6b-e82cf765f325,cb29d08f-74e3-4a87-a5de-8a65d8142cbc,
91df8715-6a87-4483-98d5-3cc0ae6aceb1,b9e35163-65f5-42c3-8a6b-e82cf765f325,cd50381d-cfd2-4185-9a11-52b1d49d88c9,
8318eeb7-d2ea-4c57-b27f-6975594169c7,b9e35163-65f5-42c3-8a6b-e82cf765f325,dcb32208-2a64-4275-b592-1030b82c1060,
197cf40b-4ac4-4b8c-8047-39114e1425c0,b9e35163-65f5-42c3-8a6b-e82cf765f325,e936e7fa-9b06-45bd-9a12-3d2846d5bcaa,
abb50a28-4cf4-46c9-a2d5-b6b3bd1bdc93,b9e35163-65f5-42c3-8a6b-e82cf765f325,ea4991b9-83bb-4196-8d60-ad30535e3001,
b95aae1d-85c4-47ad-b282-f618bd5005d5,b9e35163-65f5-42c3-8a6b-e82cf765f325,f68bf95a-47f7-42ce-93ad-d42641c9a3db,
8e626e31-2cf7-45d8-b1a3-1dae45e76f4d,b9e35163-65f5-42c3-8a6b-e82cf765f325,f9d8ec12-0af5-47a0-be63-a95a3a17e8dc,
cfa452b6-9fc0-4ae0-8c1e-cce533e08f6c,b9e35163-65f5-42c3-8a6b-e82cf765f325,fb25aa9d-997a-4f07-beed-d192e09dee42,
8d023ed9-a115-45a0-a49b-8a3d0176176e,b9e35163-65f5-42c3-8a6b-e82cf765f325,fe32028f-0d01-4b4a-bf33-4f45099e46d0,
35a98b61-d3d6-4c07-83e3-99e770a41546,b9faaa97-525d-4c33-8cee-57576a8ade5e,05723777-fc20-4f64-80a3-a7144833ca31,
a7e3cd20-f071-4398-9b8c-00f9410e63b7,b9faaa97-525d-4c33-8cee-57576a8ade5e,250e612b-e823-45ec-b35e-b36eb3622c53,
aa14d063-232a-4203-89c4-d82624e2a513,b9faaa97-525d-4c33-8cee-57576a8ade5e,26f17087-2817-4ba8-a6ce-bac11286ab47,
1a1ecb44-d72b-475d-96e6-1bef69d553bb,b9faaa97-525d-4c33-8cee-57576a8ade5e,30b4067e-c898-4b52-b67a-179b6f06c2b4,
a9b3ee73-4f2d-4d32-9b44-b42417a3e7bd,b9faaa97-525d-4c33-8cee-57576a8ade5e,420c4583-7e3f-42a7-9beb-bb7f69bcae1c,
7cd8ddff-3b27-4160-bb54-46fd4e2c9d75,b9faaa97-525d-4c33-8cee-57576a8ade5e,5a99f078-2618-4f61-a215-ada1fb75e01b,
12f003f7-09e1-4bc2-8162-3062b6d9d2cd,b9faaa97-525d-4c33-8cee-57576a8ade5e,5e1e0930-efbe-45a3-8eb3-08a005ca7fcf,
9589909a-fb4d-4d3b-ac65-a3d6d8036340,b9faaa97-525d-4c33-8cee-57576a8ade5e,6f91cfc5-29cb-4f11-9a8e-f9ac34051e95,
4c126fe8-ce9f-422a-9796-de5d03190be5,b9faaa97-525d-4c33-8cee-57576a8ade5e,980ed9f8-a383-44e7-bb0c-8d49c8b11b9f,
ee16da0f-db0e-4ed0-b563-391c09b23fae,b9faaa97-525d-4c33-8cee-57576a8ade5e,a0ff9f06-b3f6-40cc-b740-f1b52e1ac9b4,
6171de0a-a8fa-487a-ab49-4171476f42b2,b9faaa97-525d-4c33-8cee-57576a8ade5e,b48b8fa0-35fd-4702-933c-fb005de25107,
f76740f2-87b4-41c2-ae2c-38eff547f601,b9faaa97-525d-4c33-8cee-57576a8ade5e,c8cbe7e9-d902-47b7-be74-c26274771f2d,
ab3e50e6-08f2-4194-9721-367b0bb92ab3,b9faaa97-525d-4c33-8cee-57576a8ade5e,ff6da511-6411-48a6-810f-d41e909ac9fe,
b29f62ca-c4e1-4189-b346-7e3e784ddff1,bbd9c38a-62ef-4021-8e79-62c5bc2181c7,0ade322e-d4f6-4d5e-8062-e7d8af3b5804,
162908df-ee00-42a0-bc82-038814382d65,bbd9c38a-62ef-4021-8e79-62c5bc2181c7,4b2e9535-b46c-48c3-bf75-806f67fe9527,
61f21107-dc2a-494a-bdd7-9e1f6b5903f2,bbd9c38a-62ef-4021-8e79-62c5bc2181c7,934afa05-9dd7-4fc6-a49b-683e856ccdfc,
130acff5-4038-463b-aaa5-d75b4c970f51,bbd9c38a-62ef-4021-8e79-62c5bc2181c7,e29ae74b-f7ad-4764-b99b-d9deac067a51,
06f42c46-dbfe-4168-831a-647b50fb60f1,bd8bad2b-24e0-4a7d-8cd9-48b36d6aaaf7,f91a8653-498c-4496-8371-aaf0f7cb6132,
c9689af3-3012-4a01-a202-f667398ef315,bd8bad2b-24e0-4a7d-8cd9-48b36d6aaaf7,fb002b14-9795-4731-9b92-3ee1079e027b,
3f6036f3-385f-47b5-9d30-2d2177d0b4d8,be7ca9a9-bf2a-4f80-8d72-7bed7a8daee3,03af3065-1f3a-4a55-8f58-dbadc89285e4,
87b02de1-47f5-453b-9cf1-22451eb7d38d,be7ca9a9-bf2a-4f80-8d72-7bed7a8daee3,0460d60b-13ff-438a-9f0e-9071142ba678,
225be0e7-b78a-4300-9b3b-35d829ef0cfa,be7ca9a9-bf2a-4f80-8d72-7bed7a8daee3,08eb249d-796d-4b36-a51e-f10d51cad62e,
3948bbc5-901a-4f78-9c98-59e326711c64,be7ca9a9-bf2a-4f80-8d72-7bed7a8daee3,183fc768-36c8-4662-aa81-1cf1bce1e2ea,
7e18e5ed-ff91-4313-9111-495af04eb9a6,be7ca9a9-bf2a-4f80-8d72-7bed7a8daee3,183ffde7-b42a-4edf-8086-2159eed843c3,
56bbbf19-addb-4d6d-a16a-25c07d4d9061,be7ca9a9-bf2a-4f80-8d72-7bed7a8daee3,20db50bc-2205-4a4a-bf97-3456d650e49f,
f44f71b9-5f2d-4b73-8e92-30698dd00b9d,be7ca9a9-bf2a-4f80-8d72-7bed7a8daee3,211748ff-3e89-49ec-89b3-a3e9e0bb9dc4,
ac515c33-10d7-408f-a480-9cb76504c86e,be7ca9a9-bf2a-4f80-8d72-7bed7a8daee3,35de921a-4a49-48b8-8d81-2fa6ac5b8cfc,
05c6f01f-982e-4777-8fe8-bfcafb126104,be7ca9a9-bf2a-4f80-8d72-7bed7a8daee3,46fa1c1f-82f4-40f9-80a1-aa992c0f78a1,
0a607ce2-a9d2-4626-8bd9-38b0b78ddb5a,be7ca9a9-bf2a-4f80-8d72-7bed7a8daee3,49e0cb53-c658-463c-a4fa-a7ac49a74d94,
2a105006-4b9a-44b0-8e3d-812c592f8586,be7ca9a9-bf2a-4f80-8d72-7bed7a8daee3,4e178664-64a4-4b85-a6e4-51295c0bc066,
146c8613-2c92-4987-8631-3155a73c86a0,be7ca9a9-bf2a-4f80-8d72-7bed7a8daee3,566706d6-a9df-4ed4-83e4-5db1cd266be0,
b81fb3e2-db8d-4623-bcc6-612c09375586,be7ca9a9-bf2a-4f80-8d72-7bed7a8daee3,5fa9d31d-0d2e-4125-8946-d019c963b9d7,
72e82a0d-38cf-45d5-88c5-7c15d2af4cce,be7ca9a9-bf2a-4f80-8d72-7bed7a8daee3,61893e28-a62e-4c7c-93fc-19a7f656c778,
7ecb9585-f389-40f4-95bf-a43c4a467954,be7ca9a9-bf2a-4f80-8d72-7bed7a8daee3,644c7060-c6ce-4a07-ba09-ec06c197bc31,
56a85043-91fe-454a-92b3-291dd3d5d75f,be7ca9a9-bf2a-4f80-8d72-7bed7a8daee3,68d60826-dded-4529-a655-1406118210e8,
9553026d-3025-4dc9-a7d7-d10cb8e093e8,be7ca9a9-bf2a-4f80-8d72-7bed7a8daee3,72d2109e-b989-4e22-ba07-443d598f5dc2,
4edcccbe-add0-49da-9dae-6df528b563a8,be7ca9a9-bf2a-4f80-8d72-7bed7a8daee3,7554018e-a680-4885-b5aa-88acdf235830,
5200b8d9-a3ef-46f6-bebb-ef707ad8de67,be7ca9a9-bf2a-4f80-8d72-7bed7a8daee3,7703e523-ed83-43e8-9367-c92ebe411d31,
19db9cf6-9a1c-46f3-83bd-dd0be01664b3,be7ca9a9-bf2a-4f80-8d72-7bed7a8daee3,831f2f64-29b4-413c-a44a-b971c7b793ff,
3f675ed3-0a43-467b-a7b8-a1ac3d842dae,be7ca9a9-bf2a-4f80-8d72-7bed7a8daee3,92d5ecb8-7525-4b9b-983a-f37445f6cbb8,
4901ea26-8b85-4da7-8b9c-8c2e1e7f34f9,be7ca9a9-bf2a-4f80-8d72-7bed7a8daee3,95c5f1f6-d1cb-4448-84ac-b5419fba80b5,
0dbd13d9-2a76-4523-8274-984f86d4d30b,be7ca9a9-bf2a-4f80-8d72-7bed7a8daee3,a2fa6148-2299-4076-bc1c-2169024f0482,
dc11a20c-b8cf-42e1-876e-73a746483060,be7ca9a9-bf2a-4f80-8d72-7bed7a8daee3,aa6c39b1-18d3-414a-b0a0-2683fe1d63da,
28ab4a7a-30fd-4a43-8cb7-ff5094f22b8c,be7ca9a9-bf2a-4f80-8d72-7bed7a8daee3,b276f6eb-cdfc-4b0c-8583-6b91c87bfd08,
c23520e9-3f1c-41bd-a9cf-db1307b7b40f,be7ca9a9-bf2a-4f80-8d72-7bed7a8daee3,b9daa069-0808-4040-8641-ada6e125eecc,
65774912-2384-48b0-b810-1713e2060089,be7ca9a9-bf2a-4f80-8d72-7bed7a8daee3,be491d64-7078-4530-b3ae-42012694b958,
537cabd8-fe83-45e0-8423-d653eec9758c,be7ca9a9-bf2a-4f80-8d72-7bed7a8daee3,c8f7e2e6-55b1-4f77-88b7-4c0f0dfa15de,
eecd9aa9-a3b7-4ddd-8896-40fa262004cf,be7ca9a9-bf2a-4f80-8d72-7bed7a8daee3,caa2656a-e63c-419b-abe6-c0ffa29ee630,
cb933285-d46c-4a21-a0e2-9801e16e2680,be7ca9a9-bf2a-4f80-8d72-7bed7a8daee3,dadb7d7c-16d5-4576-b1e4-3919dc0b4e89,
fd0be0de-94e3-4044-b899-ac0e7d7bcec8,be7ca9a9-bf2a-4f80-8d72-7bed7a8daee3,fb76c42d-7242-4f1e-91da-83b489f602ac,
fba4c2cf-82be-45a8-8cc7-cd512d7a7aa3,be7ca9a9-bf2a-4f80-8d72-7bed7a8daee3,fda85c77-e9a2-4b25-9e8d-bf6b43194d56,
9975b98b-b02d-4895-8439-fef9b4ce1d58,c04be876-1a7a-48d8-bdca-a0747243c5d5,156d32ce-c6d4-4e2c-ae78-506d13a64109,
17670094-03bb-4296-893d-fe5bbf5021d3,c04be876-1a7a-48d8-bdca-a0747243c5d5,2282f6e6-4590-4514-8a0f-72067458b7d2,
b6c9f2bd-9256-415a-b7c0-794ee7bc327c,c04be876-1a7a-48d8-bdca-a0747243c5d5,339794b4-fadf-4743-9b59-6b1a6b3e1241,
85ecc5a7-f540-47b5-a805-6fa798edbadd,c04be876-1a7a-48d8-bdca-a0747243c5d5,3e06fafe-7590-4d52-a480-408c8b347864,
6cbe5e47-fecb-4995-bd49-e3e8b639a6bf,c04be876-1a7a-48d8-bdca-a0747243c5d5,60967c7c-c6bc-4e7e-95c0-010e32afa11f,
0c320259-500a-40f8-a144-624b2069432b,c04be876-1a7a-48d8-bdca-a0747243c5d5,73df60fe-35c1-4ad5-892d-1854b864c48b,
ef34d2b4-1c54-4518-8f4b-af9c4c1fb0e4,c04be876-1a7a-48d8-bdca-a0747243c5d5,778e7157-449f-4a28-a0d8-1537eda71644,
c60e9a26-f927-4584-bdd0-d16f068b7200,c04be876-1a7a-48d8-bdca-a0747243c5d5,9b2b9fa2-053f-4ede-92fb-21debbcaad8d,
fc98efb0-a914-4537-ba74-d702d44b8c35,c04be876-1a7a-48d8-bdca-a0747243c5d5,af4b0f4e-9c98-45e6-b35e-6d8fe581ef55,
e211812f-e1b0-4ef5-8ac2-b8f727f77df7,c04be876-1a7a-48d8-bdca-a0747243c5d5,cf478f89-66f2-473c-9e5d-dbff7a5527c7,
398ef717-f2c5-4826-940f-7d7c7c0a230a,c04be876-1a7a-48d8-bdca-a0747243c5d5,d4cc3c9c-3c8a-43f7-8efc-f4f0cc3a3a56,
fb123b4d-1ba7-4e7e-b8f9-21c23d20df4c,c04be876-1a7a-48d8-bdca-a0747243c5d5,e3758351-dfaa-4ce0-906f-b24260bbc30f,
d5afa9d4-4aaa-41ec-9813-a18de049bbea,c04be876-1a7a-48d8-bdca-a0747243c5d5,f9c6bfc5-c517-4a06-bc88-bca3014d0317,
efb86494-c8ef-42d3-8fdc-ce09738c3d27,c04d7ae3-ab3a-4761-ad84-b744efbd041d,96d1ec2f-c526-4c63-b4c3-6aa06e1a49a1,
018ce8b6-0a1f-4b5c-8163-246bb6866429,c04d7ae3-ab3a-4761-ad84-b744efbd041d,b4afc0ff-4ce5-4dad-a0bf-b8caf0cab2f3,
11e8ce71-36cc-4f4d-a723-ca999919f785,c04d7ae3-ab3a-4761-ad84-b744efbd041d,d30d946e-4c3c-4a90-b208-4b37d4dd73fa,
f788429c-c7c8-46bc-8a71-4b5346ca2614,c11f229f-1fb0-4d6a-aa65-00f3f6ebc9c8,0b3a0f69-11cc-4959-a2ed-7be9a1c63ca7,
104e8091-fe3c-4c54-ae76-af5edc4eb00d,c11f229f-1fb0-4d6a-aa65-00f3f6ebc9c8,d771c942-fbb8-4d17-b4cb-5de0a19a209f,
ab29d804-84a1-4b37-a702-0f3ecb27204c,c213f90c-532d-4e90-91fb-0be834c608e7,1a5b0d4a-9680-498d-addb-174e75f1ef24,
3983bc60-1ad1-4f5e-895f-7d7b05aa1f5a,c213f90c-532d-4e90-91fb-0be834c608e7,2aaef8b2-42e5-43a9-a34a-6a45acd3f147,
cbc7fe02-74e1-4aee-b1ce-b37bac6836d0,c213f90c-532d-4e90-91fb-0be834c608e7,3547da24-af48-47e1-a643-7d52afa323b7,
a3794563-dcdc-438a-82ce-4896f8b2c4ef,c213f90c-532d-4e90-91fb-0be834c608e7,35ce1528-22fc-4fa5-b42a-f096cc180270,
e4d27abb-c7b4-4d8a-8d97-74afc71ff019,c213f90c-532d-4e90-91fb-0be834c608e7,58847e85-4f9e-4239-bf9d-796909c1b3a4,
9c5f32e8-a957-406e-a5c5-58d1c5a2693d,c213f90c-532d-4e90-91fb-0be834c608e7,68386c24-b388-46cc-8097-bf57b9afcb37,
2d7563ca-fbed-45cc-b2f3-33ffa71d0ae8,c213f90c-532d-4e90-91fb-0be834c608e7,743a88b5-a913-4774-ad1a-be78a66df746,
96c09916-a61f-49eb-a46a-f5ff24654e28,c213f90c-532d-4e90-91fb-0be834c608e7,968a46be-8c82-46b8-9f07-adf83c09906e,
a5e1756a-f680-436a-99ea-26bbb4753042,c213f90c-532d-4e90-91fb-0be834c608e7,9b1f4b38-94ec-43ec-a6c3-5bea66657d98,
84858f70-add3-47f6-8c5e-f18f44e8bc34,c213f90c-532d-4e90-91fb-0be834c608e7,b85007b0-a63a-4428-92eb-ce7e4f4c8337,
8e1601a0-d275-44eb-ad0c-eb892ac6ae1b,c213f90c-532d-4e90-91fb-0be834c608e7,da3012d0-f2bd-4a02-97f2-cfbe8262ba47,
28e8e5af-db11-4a91-9573-32d795e65f5c,c213f90c-532d-4e90-91fb-0be834c608e7,e381d6a8-bcf7-4617-906c-bdfa2c1609ce,
b44ef64a-b48c-4492-97c8-7a0ec763c880,c213f90c-532d-4e90-91fb-0be834c608e7,f1801c0f-22a0-4b17-90f2-08e1a8b39cfa,
76dad2f7-bfc5-4c43-abe4-dc5cb36b8919,c25fd547-d833-4994-90e6-0d431f6acf58,34586501-7214-4b7f-b562-cab1e328e7e6,
c43886b5-c6bf-4252-9867-c5c89631317f,c25fd547-d833-4994-90e6-0d431f6acf58,aadec238-4775-4644-95ec-59a32eb36ed7,
4123d37b-392f-424a-a88c-11f5f970cb5c,c25fd547-d833-4994-90e6-0d431f6acf58,ab9d0d34-c13f-47e8-b33a-b5be3b2cae71,
1ff32bb2-9217-4304-aa0a-163609aaf515,c25fd547-d833-4994-90e6-0d431f6acf58,ac01fe33-1bd5-4a5c-895a-849a1ccfcdd4,
f40f24da-271f-434a-8ec5-e62fdeab00d4,c25fd547-d833-4994-90e6-0d431f6acf58,bfcb3eff-1f44-4827-837d-7a32b48a60f0,
5666faef-816e-48e2-bb07-c7b0f3ff3c5e,c25fd547-d833-4994-90e6-0d431f6acf58,e5701f6e-4aa0-497a-89e1-f73714152d52,
2974f602-821f-43bb-a050-a70f70e30866,c25fd547-d833-4994-90e6-0d431f6acf58,ff22abe2-f249-4608-8cea-34fe70c794dc,
c313cf10-ff02-4319-9f26-2f12ccd3156d,c2da75f7-0e85-4d76-a7a6-d5bcf5e75230,0baa7a0c-1269-48a3-8b34-7af8a9090847,
a709a76d-510f-4206-a575-263b9ee43375,c2da75f7-0e85-4d76-a7a6-d5bcf5e75230,0cb4db33-6215-41d4-b964-3fef59ff59d2,
e7a505e6-c07f-495c-8d46-8d54fc1c8150,c2da75f7-0e85-4d76-a7a6-d5bcf5e75230,1bcfb61f-3d98-47c4-a1af-55246043a744,
4947e95b-96cb-4c68-a1aa-1c6d947ab390,c2da75f7-0e85-4d76-a7a6-d5bcf5e75230,4645d2e9-5173-4fc8-bbaf-3d04bc301e87,
a5a181ad-df72-4f0c-92b2-82fe0b6cf51b,c2da75f7-0e85-4d76-a7a6-d5bcf5e75230,65af4089-d2a1-4ea2-9600-0f4cbd73d2c5,
0eb37586-b6e8-4bbc-9f36-d00bec38d205,c2da75f7-0e85-4d76-a7a6-d5bcf5e75230,8cc55b82-cbcb-4be7-8ca0-bc9a00d938de,
bd79f974-f8b7-454c-b403-a0275dedabd3,c2da75f7-0e85-4d76-a7a6-d5bcf5e75230,9396ec01-9b63-480e-ac68-b33b4c025e82,
3453dd84-6589-4854-b536-5687be47f4ad,c2da75f7-0e85-4d76-a7a6-d5bcf5e75230,940fb439-b99e-434f-8f26-00a2b4c9516f,
9c9cc263-f8db-476b-86ab-8d30ee16c160,c2da75f7-0e85-4d76-a7a6-d5bcf5e75230,a799b42a-e402-4e19-896e-2888f5ffce4a,
22281549-a54e-445c-a123-8d9af138368d,c2da75f7-0e85-4d76-a7a6-d5bcf5e75230,b195588d-c8b2-4f1e-8da8-9953d395deff,
81ef16aa-c320-442f-b539-e512971ebd97,c2da75f7-0e85-4d76-a7a6-d5bcf5e75230,bb9d278d-7e78-42a8-8989-93a8aed4ee46,
1b744fbe-3f4f-464a-8f88-ac789963f8b4,c2da75f7-0e85-4d76-a7a6-d5bcf5e75230,c13138de-ee75-4ce2-ad6b-acaa5208aad4,
9f079a4d-bc73-4cc4-a0fa-f28f428dd3e7,c2da75f7-0e85-4d76-a7a6-d5bcf5e75230,c15f5d68-e68d-4ac6-b433-2549304391af,
ccb65b71-cc62-455e-8c22-6258d27eebfa,c2da75f7-0e85-4d76-a7a6-d5bcf5e75230,ed26435e-8697-44e3-8e43-0ab3f2fcb946,
6a94748d-7c07-4912-8d7c-561668b382db,c44e3a21-3e46-4125-bcac-cdcc61d910da,65838bca-f386-4200-b6ae-91c1f125cf79,
14fc7477-a6fe-461c-8e24-fbf6e587affd,c4516b90-8dcd-4631-ade4-275c11179549,0ae5a468-f0b3-4fa2-812b-779c2a6f02dc,
39e30732-bad3-4fca-b901-df52e40be338,c4516b90-8dcd-4631-ade4-275c11179549,18076100-d7ef-4fb9-84a1-d21b585de6b7,
bc0c6110-80dd-4dae-8027-2a33084ca2d6,c4516b90-8dcd-4631-ade4-275c11179549,37b2d99f-4462-4dc1-8cfb-58559e8a9c5e,
9f62414f-ebfa-4f0a-9191-d4fec95c0cdd,c4f39c41-935d-40be-9d85-ad6a98df6505,3aab90b0-a483-4d3e-8b5d-53a6391a980b,
e1689b86-76ce-47ad-88bd-9f68e11d0133,c4f39c41-935d-40be-9d85-ad6a98df6505,c1e9c378-0a78-4df4-a6f7-cae8c97408c9,
f90dd7bd-a3a0-4f2e-8f73-64fa7a969269,c4f39c41-935d-40be-9d85-ad6a98df6505,c298b72f-0d98-4eb6-add4-f2242cd24db6,
bac76855-53f5-4325-99e1-e37019934feb,c4f39c41-935d-40be-9d85-ad6a98df6505,e142e3bc-c97c-436a-901c-fc8fc9bad129,
6330834e-06a9-4851-a800-d40ad6f2694c,c60736e8-4fa8-4fb3-b111-1e908bf92889,02585b44-7a1a-4431-b221-cc3f6bd32cfc,
1c1acd81-888c-48bc-80c8-79d467929095,c60736e8-4fa8-4fb3-b111-1e908bf92889,07691b7b-f87c-4089-95c5-396f5365f270,
c1992009-cc3b-4d23-beea-425209d5dab6,c60736e8-4fa8-4fb3-b111-1e908bf92889,08638d01-dbbb-4aa4-a2e0-3d6947a79ca4,
cd1c9990-ee88-4a46-ae08-f0f2578f2f6a,c60736e8-4fa8-4fb3-b111-1e908bf92889,08a3a9d9-b90c-49e7-8e93-41433b0957c6,
4782bb65-e16d-42fb-8608-59a6bb459a5f,c60736e8-4fa8-4fb3-b111-1e908bf92889,0f437713-68e7-48bb-b749-19e6574e5bde,
7ae6ca64-ec1e-4d97-b4ef-406a4cc40a2e,c60736e8-4fa8-4fb3-b111-1e908bf92889,0f78e77f-2d31-4e68-8a74-17f7292b1ff5,
b52b49bc-6243-4ace-af74-0d74e438071f,c60736e8-4fa8-4fb3-b111-1e908bf92889,10a26c63-b8d1-46a2-8d9d-6dffb22e3e4d,
a16e5d9e-2fb0-44b9-a9fb-3712bef16593,c60736e8-4fa8-4fb3-b111-1e908bf92889,10cf409d-6132-45fb-bac4-3e21cb19eb1c,
74b15c42-d026-40e7-895d-31a8e4200201,c60736e8-4fa8-4fb3-b111-1e908bf92889,149c4917-5291-4e35-9e70-0a5568da405b,
418e9592-53ef-434d-8e70-36d9691d0198,c60736e8-4fa8-4fb3-b111-1e908bf92889,251f4c64-6b5e-4d8c-9462-99d7dfab953d,
c8c816c6-509c-4759-98be-51c9eeab62b7,c60736e8-4fa8-4fb3-b111-1e908bf92889,280aa9fb-68e6-4c2e-8546-3cd3bee3b9ff,
54791305-27d6-4933-b761-5cdc66f0caf0,c60736e8-4fa8-4fb3-b111-1e908bf92889,2c172b9e-dd4f-4fac-8a9d-06128d2ce7c4,
38d3d599-6a27-4101-a30f-9799386e635d,c60736e8-4fa8-4fb3-b111-1e908bf92889,33bf4f36-325a-4ca1-ae39-ff2d685d94e1,
677c17dc-079e-435d-b801-93dd5b1ab233,c60736e8-4fa8-4fb3-b111-1e908bf92889,342f0a45-528f-434a-bfed-ae4136d0d35d,
ed640b51-6af3-4116-b502-e4fc29d62386,c60736e8-4fa8-4fb3-b111-1e908bf92889,3d2009a6-c925-44f0-8a9a-d0d976715bcf,
7f0502b0-792a-4a4a-a0d6-5c26c57b371d,c60736e8-4fa8-4fb3-b111-1e908bf92889,3dc68465-4372-4130-a10f-46288c391f68,
320878c2-4334-4d80-839d-0a8d9b957252,c60736e8-4fa8-4fb3-b111-1e908bf92889,3ebf5d77-5607-4589-887d-f363eb69cdfb,
0d17b311-4982-41b3-a48e-cbaef68f6207,c60736e8-4fa8-4fb3-b111-1e908bf92889,3fa99dd0-fa28-4d88-8964-85bc19b19048,
f6793f60-e1be-48c7-936a-9363df00b343,c60736e8-4fa8-4fb3-b111-1e908bf92889,43dea2e8-d24b-4ba3-8938-b732bab34756,
ff08cfe9-3b40-48a9-b9de-8d8b8fd30458,c60736e8-4fa8-4fb3-b111-1e908bf92889,47da2786-00ae-42d6-952a-c407b925ec15,
bc87983f-47e8-4cbb-8cda-67da7b45a7e1,c60736e8-4fa8-4fb3-b111-1e908bf92889,4e447bf7-d9b5-4045-a454-bd75970d5076,
cceca888-5c6f-4565-9c08-5ce644064bc2,c60736e8-4fa8-4fb3-b111-1e908bf92889,52e191c5-137f-4edc-bd3c-b81feaa9c2be,
03f997a0-9142-4134-9cdf-9e1bb502938c,c60736e8-4fa8-4fb3-b111-1e908bf92889,53ac01b3-b89e-423f-88bf-154df0787f36,
2afdfa18-e3e6-43dc-9f84-9446dd17c904,c60736e8-4fa8-4fb3-b111-1e908bf92889,5480da78-5c87-4308-b0cd-7e247e912880,
60779c2c-bd95-4fba-86aa-c3c2973219ca,c60736e8-4fa8-4fb3-b111-1e908bf92889,56295b49-096d-4cda-86ea-1c06b5402fab,
33aa42ab-c427-4b41-b8be-c886f672cf3e,c60736e8-4fa8-4fb3-b111-1e908bf92889,5abb36b1-5539-41c0-8600-3e131f0cc91b,
dd17f4e5-2e82-4ab0-9005-862c0e3a1a42,c60736e8-4fa8-4fb3-b111-1e908bf92889,5bd324b3-8549-4cc0-8a5d-c68e836eb09b,
7fe6703a-eed9-48e1-b127-c5846251647c,c60736e8-4fa8-4fb3-b111-1e908bf92889,852f5dcc-a0ab-46be-80b8-81abecedccaa,
a213980a-c290-481f-88ca-137ac81a3d52,c60736e8-4fa8-4fb3-b111-1e908bf92889,9d6cda88-a1eb-4430-927b-2082ce868f8f,
b07db324-02af-4515-a5ef-4566a3c5e65e,c60736e8-4fa8-4fb3-b111-1e908bf92889,a0106710-22b1-474f-a78e-f37c24448f73,
02867ff2-42eb-4393-93ce-fdeefbae01f2,c60736e8-4fa8-4fb3-b111-1e908bf92889,a0ea7f0b-b1b4-4eff-831f-ff1de2db72b8,
b9553860-7b34-4783-9a09-50f9a76831b7,c60736e8-4fa8-4fb3-b111-1e908bf92889,a85860e7-45eb-4cb8-99fe-54dd822c676b,
2c11fa4f-12e2-4203-8281-8893e2e9e485,c60736e8-4fa8-4fb3-b111-1e908bf92889,acf50b85-98a1-438b-901e-0edf29069b4c,
013f2232-110c-4bde-86a8-2b8d8248cd58,c60736e8-4fa8-4fb3-b111-1e908bf92889,ad2cc8fe-4a7d-4835-892b-5cd563f63417,
a67b85c0-80f1-421d-9411-e8808c04639b,c60736e8-4fa8-4fb3-b111-1e908bf92889,ae80e05a-99a0-4363-b98e-18285255408f,
1280165c-da36-46b8-acaa-678079291b30,c60736e8-4fa8-4fb3-b111-1e908bf92889,b1b4ec5f-f226-40b7-95d6-57e83622ac3d,
e315a47c-4e85-41f8-b111-474858505ef7,c60736e8-4fa8-4fb3-b111-1e908bf92889,b4976565-ecb7-4e7a-b9fc-7d01dfa17609,
d865e199-66f9-47ed-9ce2-92525183e7cd,c60736e8-4fa8-4fb3-b111-1e908bf92889,be99f45e-b9f1-4bb5-bdc2-dbcb71826188,
677485ec-d841-4bef-a8df-0e1af45a2b3e,c60736e8-4fa8-4fb3-b111-1e908bf92889,c37dec14-7397-4576-b2e8-567338f5cfc8,
f1b4e38a-0ed3-45a7-8f14-0e36408b159d,c60736e8-4fa8-4fb3-b111-1e908bf92889,c65ff037-3f11-496d-b6ef-ae4649e99209,
5acb6b22-431d-4aae-9d5d-bf2c469142fa,c60736e8-4fa8-4fb3-b111-1e908bf92889,c79c5950-0d4f-4f77-bcbe-26af52718bae,
77d02444-cb13-4ee3-b387-184222132af5,c60736e8-4fa8-4fb3-b111-1e908bf92889,cea24877-b192-4184-a033-cdb2251ed634,
745eb39a-62bd-4eb2-b898-fb513415162c,c60736e8-4fa8-4fb3-b111-1e908bf92889,d1f2957a-6c50-45c0-ac06-e31874d8fd69,
bfd1f909-f478-48eb-8e42-5236088ae23e,c60736e8-4fa8-4fb3-b111-1e908bf92889,f3d01208-c276-4298-a2ab-6c76738fe592,
00206b97-aa31-439d-904e-c1aa7fd2200e,c75c7dab-2346-43a3-b817-be115081a36a,07599d57-42fb-47a9-95ed-319a636fed50,
c4410023-2d80-4acf-8067-e7531d8abf63,c75c7dab-2346-43a3-b817-be115081a36a,0ad83bc0-8cdf-4fdc-ad6b-4625075047a7,
db761cd0-d7ab-4eaf-aa9d-ce93e47338f4,c75c7dab-2346-43a3-b817-be115081a36a,0b351e17-b2e1-4fbc-a57b-3f0a18a503b7,
d09623b5-303f-4098-b952-42654dc5ff53,c75c7dab-2346-43a3-b817-be115081a36a,0e60c029-03b3-43df-a3b3-7bba90c643ea,
d11f2f94-2373-45aa-af28-f8bca9cf989b,c75c7dab-2346-43a3-b817-be115081a36a,0f5e4e35-7962-494b-a4a7-864ef8b1a042,
7df45d4e-1d9c-4556-a36a-96a0d9ab828f,c75c7dab-2346-43a3-b817-be115081a36a,11ce9ab3-083b-4822-8f24-2dd9fa0def4e,
e91be61d-4de8-4178-8b25-9074f0bc2fe4,c75c7dab-2346-43a3-b817-be115081a36a,13ade7d1-0918-494c-9893-e4be411aa9e6,
22bbdf66-af08-487f-8517-5e81f7a9eca9,c75c7dab-2346-43a3-b817-be115081a36a,143f05dc-cddc-46fc-984a-1baf9db8fd6a,
8a2909f7-bc9d-42df-85d5-5dd59b55c18d,c75c7dab-2346-43a3-b817-be115081a36a,1ab57155-bcec-4c57-8779-18f33bf6ce98,
634f7a6f-e73c-4c03-9c7a-191e48bc1413,c75c7dab-2346-43a3-b817-be115081a36a,1ea0774b-b2c0-4393-9982-c14bb36850d0,
3e70fe07-d457-498a-83b2-f7a83adf1eed,c75c7dab-2346-43a3-b817-be115081a36a,20e56676-9f9f-4ca2-b4fb-a703313c1ab3,
bb5d0dfe-b442-4767-8cc0-223e0b5e866d,c75c7dab-2346-43a3-b817-be115081a36a,27bda4c8-ca08-422e-a56d-8e0b98179615,
83bbf5eb-00cb-4197-b0f9-c353371272dc,c75c7dab-2346-43a3-b817-be115081a36a,3929fc13-4373-4b2f-9363-a430f57b780c,
434eccb8-2e5e-4204-9f7e-84b1793fa7c8,c75c7dab-2346-43a3-b817-be115081a36a,417045af-73a8-46fc-9a63-17f3a9b28b59,
bdfb2aa5-a5bf-4710-8d9f-03369b111848,c75c7dab-2346-43a3-b817-be115081a36a,429d13a7-e34f-462b-a543-af566a322a66,
fb840ba3-c7a3-49ca-8f8a-e4b8aef3714a,c75c7dab-2346-43a3-b817-be115081a36a,48901afe-b794-4989-b7bd-260c3e1a1a84,
03d270ae-f34b-47e2-96f8-8791dd86957e,c75c7dab-2346-43a3-b817-be115081a36a,49227f24-397b-4051-8dc9-6773dfe8dd25,
71a3b9bf-7380-493a-b290-d6ac6a77ca34,c75c7dab-2346-43a3-b817-be115081a36a,4de1aaed-8475-442c-b4b1-67b2e53f916a,
93495faf-1d5a-4753-b977-f7746a5873bf,c75c7dab-2346-43a3-b817-be115081a36a,52760272-c56f-473f-a0b6-168d9d971942,
50faf05b-b2a4-4a5c-8c05-1550f0e94a09,c75c7dab-2346-43a3-b817-be115081a36a,612784de-c3df-4abe-a3fd-b945d76f9f9a,
913d25f3-e61d-4c74-9b07-e4557bbf7a33,c75c7dab-2346-43a3-b817-be115081a36a,621e2c60-21a5-4831-8178-8dcfa5e87dc3,
acc43fb5-d578-4288-b72e-226b65378d3e,c75c7dab-2346-43a3-b817-be115081a36a,62cea99b-1c0a-4aee-b6a3-051db074e587,
02c787f1-9547-41c4-8959-bbeca846843b,c75c7dab-2346-43a3-b817-be115081a36a,65796a02-88e5-4650-9fa7-941547104e82,
2ebafd89-91fa-4a9c-ab31-ec61811b78a8,c75c7dab-2346-43a3-b817-be115081a36a,685d0270-7da0-493c-97f2-a6da2111dd03,
f356d166-1688-4e04-9ec2-7848eb2afdc7,c75c7dab-2346-43a3-b817-be115081a36a,85f2a421-459b-4145-9332-b70d87c23e88,
bde88314-40fc-49ef-9a20-cfe3b9914e8b,c75c7dab-2346-43a3-b817-be115081a36a,8f2419d9-6da8-4587-adf5-2078ffccaf56,
237e410c-9cb0-44f5-b5c6-5baaa7117649,c75c7dab-2346-43a3-b817-be115081a36a,948d4ef4-2d8e-4b0d-944c-37ea1ced8868,
77e24ed0-8d34-44d3-bf4b-3525c80a3b98,c75c7dab-2346-43a3-b817-be115081a36a,99369bd1-3ecf-4540-8193-1644c4dc7439,
6c86aed3-6f01-4bd7-8209-577757904c31,c75c7dab-2346-43a3-b817-be115081a36a,9fe8d53a-7e19-4015-b951-9e1c07bc0978,
aaca166f-b66f-49a6-8418-19c119c7c2ab,c75c7dab-2346-43a3-b817-be115081a36a,ac578e08-b136-46a5-a318-d18327a63f96,
52611a9b-c427-4007-a1cf-2d346bb848a9,c75c7dab-2346-43a3-b817-be115081a36a,b4a6b999-bd43-4c08-9e58-039d0d9450de,
6defafdf-d8b7-42c0-9075-fe74f1f96ad8,c75c7dab-2346-43a3-b817-be115081a36a,b522baf7-f618-4a2a-84da-afd886eafbda,
19e432e8-4de4-43e6-b66f-7df74f026f1f,c75c7dab-2346-43a3-b817-be115081a36a,c3fa43f9-4648-4ab4-9de4-2f78bdd29b6b,
cd36fcf3-3921-4dff-a922-bd7a2de8a624,c75c7dab-2346-43a3-b817-be115081a36a,c623fa99-044f-40c2-9089-11aa243dab93,
28b34843-daea-4be7-94c6-8988b638b85d,c75c7dab-2346-43a3-b817-be115081a36a,cd85be06-71cf-458e-8b6f-07a8265fdc19,
7d8f98ea-398c-4013-b304-9fa6e2bb8485,c75c7dab-2346-43a3-b817-be115081a36a,d1bfcd7b-8fd9-4c3b-857f-2c7916af382b,
6e22c5af-d89e-4061-ae3a-580630a14ff6,c75c7dab-2346-43a3-b817-be115081a36a,d2d4308c-bf56-4476-b993-1b885d3b5ecd,
dd55d896-663a-4535-8a4a-5c9781554205,c75c7dab-2346-43a3-b817-be115081a36a,d787890f-c62a-40a1-a2ce-b6f0f5071952,
c32e10b9-c6c2-4106-b5b5-36a81e072f05,c75c7dab-2346-43a3-b817-be115081a36a,de09f738-bfff-4022-8b9e-730f6d6796b6,
304aefbf-045f-46ad-8092-57eff976c099,c75c7dab-2346-43a3-b817-be115081a36a,dfa2d2cc-e018-4dff-9e9e-8002da8b5e74,
6afd5766-d9f5-478a-82b9-4219a77429ce,c75c7dab-2346-43a3-b817-be115081a36a,e3439ab3-3fad-4406-8e0f-5ec151bcd1d8,
e1da7c4b-c89f-4d6c-bca7-90d7f8c14b12,c75c7dab-2346-43a3-b817-be115081a36a,eaa0467d-b8f2-49e9-88fb-ed34316cf143,
408d2b11-c652-426a-b227-d257239ca612,c75c7dab-2346-43a3-b817-be115081a36a,ee2faa56-42e7-4e00-9393-6028892d2caf,
d1bc13dc-b6cd-45d4-9f10-f1e05f744efc,c75c7dab-2346-43a3-b817-be115081a36a,f0cb6be7-1373-4910-a0ff-fcf6a6996e91,
40ba06e8-7efc-4bf4-a463-e115d21665b2,c75c7dab-2346-43a3-b817-be115081a36a,f2a1ce0c-a3e2-4c4a-9ea6-7f1f60eca58d,
7f4b16c9-1a19-4904-be26-0e8696e62e8a,c75c7dab-2346-43a3-b817-be115081a36a,f76c4db1-cb38-4114-83fd-481f9f35776c,
7a6bf042-0176-4fd7-8a5a-4dab0e015175,c75c7dab-2346-43a3-b817-be115081a36a,fc51519a-091b-453b-8dce-63eb074a5be2,
96ddfb62-531f-4ff9-86ed-60d421fd5cde,c8a79b0b-88f0-48fd-85de-7a71a720c3fe,0cd0f961-5721-4430-a2f1-8b980a437e7b,
ec721c96-db85-4455-9e00-5bd461c032b7,c8a79b0b-88f0-48fd-85de-7a71a720c3fe,2cc2eef4-de4a-44db-a421-9e47d2f8fd57,
7d782c87-97b5-403c-941e-4ad5c846c6fc,c8a79b0b-88f0-48fd-85de-7a71a720c3fe,378bdbbc-588a-4f6c-b2aa-2f6bbfe80665,
d497e4b8-79f5-4857-b743-3b732c85fb26,c8a79b0b-88f0-48fd-85de-7a71a720c3fe,49d7c831-31e6-472d-9d0a-5036e8756445,
9be3071a-c904-4bfa-b0d0-d02607f8d88c,c9e6e98f-0f8c-4c18-bb66-3978540c6e40,2ed48f9e-3ac4-462a-8fad-1aa8259d996c,
676f23e1-e415-48d8-bc4a-fc4a403c0017,c9e6e98f-0f8c-4c18-bb66-3978540c6e40,359c6c87-67fe-4377-8175-e669a2d28688,
dcd6f52f-f044-4879-89c3-c624e2ffc241,c9e6e98f-0f8c-4c18-bb66-3978540c6e40,6d62af27-03c0-4805-a81b-d28c0bb9c0a2,
205270a2-329a-48fc-b7ed-39e4fe29010b,c9e6e98f-0f8c-4c18-bb66-3978540c6e40,7db11c66-48d8-43c1-bc49-7a32df08a286,
292b4aae-c5c2-4477-8331-72320c4d82c5,c9e6e98f-0f8c-4c18-bb66-3978540c6e40,843c6f05-b006-4ec6-9399-3c8e57d5adbc,
2f9edf05-bede-4a72-be72-c74db4bd8a5e,c9e6e98f-0f8c-4c18-bb66-3978540c6e40,ad1fecc1-b046-4a1b-aed8-f38693668930,
b73b90e2-7f36-4abd-b636-c49588855ba5,c9e6e98f-0f8c-4c18-bb66-3978540c6e40,b4585429-dc62-4290-9b12-3c80bab1d1b0,
28c464fa-73f2-4ff5-8fe7-97148bdfa138,c9e6e98f-0f8c-4c18-bb66-3978540c6e40,d578f151-6c53-419b-8067-c10c036ba348,
0d49816d-e495-4ad1-8769-6f85c41032ee,c9e6e98f-0f8c-4c18-bb66-3978540c6e40,e818fa04-9f5a-4116-8850-26b0e5e3a80c,
7e9d3374-9884-42f6-a56b-6855f0f514c2,cbe589ab-01c4-4ba9-8e1b-93fcffd640c9,35910ff4-0ec5-4052-8b2a-6cbb2ee3ae14,
9656144b-d7f6-4be4-8679-04a0bfe2a555,cbe589ab-01c4-4ba9-8e1b-93fcffd640c9,89d59e57-d7e4-472e-b67e-2d10e262e28f,
facee9bb-f611-4385-8941-5f16fe7c6da9,cbe589ab-01c4-4ba9-8e1b-93fcffd640c9,a3b7e91a-df12-47c2-a3b2-36add41cf7bc,
dfd897fb-7061-4e38-961b-aa6f40877042,cbe589ab-01c4-4ba9-8e1b-93fcffd640c9,abf3b211-9807-42ce-b2fd-21834c65d935,
18f9c609-7d05-4c63-8e6d-ce6155482ad9,cbe589ab-01c4-4ba9-8e1b-93fcffd640c9,b2f0d754-4f04-4091-8081-7f42384dd22f,
e68935bc-0eb3-4503-8579-d4d4d22961f7,cbe589ab-01c4-4ba9-8e1b-93fcffd640c9,e2636969-8bd3-45c4-9d7e-3069e59a43b9,
8f191201-2e26-47d9-afd7-6e9be9e4bf8b,cbe589ab-01c4-4ba9-8e1b-93fcffd640c9,ec7bd8d6-49d5-4597-bac8-b5b2e23b7e6b,
95978907-e464-4f50-9e5c-588641459467,cc4e5844-201c-42a7-9791-d01aaf512a55,0c170b3b-3e90-4bde-93b8-546e42c80934,
18d52b25-31d6-47fa-b972-88067e1d942b,cc4e5844-201c-42a7-9791-d01aaf512a55,140d501c-c982-464f-8cdc-92cfee3ace47,
4c09e50d-4c4e-466f-b96a-0956e4919f75,cc4e5844-201c-42a7-9791-d01aaf512a55,17a69a7d-dfa4-46bb-8623-c0476ea8e206,
9db326e2-6635-4026-bbf8-654e99f5563b,cc4e5844-201c-42a7-9791-d01aaf512a55,28ba0314-1fe4-4f36-ae32-4de06eaa4a97,
53340b1b-7280-4815-b7a5-7d8d5e63cd9a,cc4e5844-201c-42a7-9791-d01aaf512a55,295d391c-6233-4840-b719-d018e1b3419c,
6a296e12-b45c-4f73-8cec-99d07e52132a,cc4e5844-201c-42a7-9791-d01aaf512a55,430d29f1-b83b-4442-9877-4325cec4696f,
d80293f0-3d03-4d94-ac06-e862bdb1cb90,cc4e5844-201c-42a7-9791-d01aaf512a55,6e9afb17-ec4e-40d9-82b0-ad029822bcb3,
393ad610-60d8-4cd2-8b17-41f88bc34dac,cc4e5844-201c-42a7-9791-d01aaf512a55,722a792e-07ab-4eb9-9a4d-79c873a92cd4,
cef732bb-832c-4b30-9226-ed98787d68b9,cc4e5844-201c-42a7-9791-d01aaf512a55,7d57a93d-23f5-401a-92fc-15e6f0d37f65,
1a440295-665e-4e9e-8b77-c4461c25dd63,cc4e5844-201c-42a7-9791-d01aaf512a55,948dd710-4bf1-48de-88d2-06a71cca2a92,
9d714fd3-3324-414e-b7aa-aa29ccd03d42,cc4e5844-201c-42a7-9791-d01aaf512a55,9bfa6401-cad3-46cf-8358-557c092d9a28,
e2fa2d8f-6262-477c-83c2-4943262261f7,cc4e5844-201c-42a7-9791-d01aaf512a55,9ed027e7-fbac-469c-bc1d-203191be3c2d,
f357cffd-3b4b-4934-b6e6-479f9cf9cc95,cc4e5844-201c-42a7-9791-d01aaf512a55,a17269d9-01fe-450b-9c4c-4aa1efc4c4f5,
144f14fa-9211-4f16-9d76-49667f43747c,cc4e5844-201c-42a7-9791-d01aaf512a55,a3ca6ab3-69b9-4009-8737-fd84ccf831e1,
b1c8df2e-3ed9-4ca4-b1ec-adb99017b563,cc4e5844-201c-42a7-9791-d01aaf512a55,a64dfa5b-0960-45e0-8a3d-e9f249e60a21,
7e35e596-d2c2-4725-93e3-98d50504eba3,cc4e5844-201c-42a7-9791-d01aaf512a55,c3ee11f1-4539-496d-888b-0fb18ab19564,
fd2a4b52-28c2-423e-af9a-e537d96bd95f,cc4e5844-201c-42a7-9791-d01aaf512a55,cc16ccce-87a0-4927-859c-c581ce6831c5,
44ec58ad-3e98-47ca-9d6d-21eca1d8f666,cc4e5844-201c-42a7-9791-d01aaf512a55,dac01c4c-e0e2-47ba-9fc9-216a2a0e5d1f,
205e0556-adf6-4712-8f81-2defd42f35e9,cc4e5844-201c-42a7-9791-d01aaf512a55,fa22d251-81ea-432a-a80b-84fa736621ca,
eac601cb-32bd-4177-a433-acdc8a8b8907,ce2ccacf-d5dd-4f8a-8238-5bc5c3d92eb6,82ddbe0a-968b-462b-8dba-625f313acb83,
b9b44fd7-f2a8-40bc-9849-95cfac72ebfd,d05ad597-230c-44ff-aac4-376982c39499,00b0bbee-ec91-46b5-8f32-d490ea38eb22,
43cd091a-65b3-4610-86c4-d5704f9eef64,d05ad597-230c-44ff-aac4-376982c39499,041d8dcb-14bd-4f8a-a817-08246d7f5e9e,
7ab7332e-f24c-435a-8c2a-e5574a1511eb,d05ad597-230c-44ff-aac4-376982c39499,1679a9d3-cb11-48a2-bddf-47991c60efd3,
fb24e2dd-421a-4f47-9649-92edfe1d71d9,d05ad597-230c-44ff-aac4-376982c39499,221a392f-8a00-4d5e-8a40-16a4b5341954,
0d58a392-50e9-4ea8-b425-1f74e0491cbf,d05ad597-230c-44ff-aac4-376982c39499,28c03b59-0ac9-4190-8fef-c3d485fb74bd,
4cc20410-e86b-4915-9c4c-7e980ccc7926,d05ad597-230c-44ff-aac4-376982c39499,299c42a2-cac7-437d-8ba1-01e495c64a6b,
2572e41b-a215-41c6-87f7-4e65ad415f1b,d05ad597-230c-44ff-aac4-376982c39499,3b6ca745-7abf-401f-a037-c347afe62a91,
21efe071-813b-47a9-a217-0734c9ba7468,d05ad597-230c-44ff-aac4-376982c39499,3e95db46-60c8-46e3-ad8f-a8a51b3348dc,
09d3f3fd-3d91-400c-aabe-5e6c4997bf50,d05ad597-230c-44ff-aac4-376982c39499,49736a79-9d36-4316-9e0e-4aa43b4099b0,
1759c4d0-cc0d-424e-98fc-1e65a501ac32,d05ad597-230c-44ff-aac4-376982c39499,4ad5c229-4e30-4eec-9ad9-f81052aa1e20,
893fe418-d0da-434a-86e9-ee9b23b0ffdf,d05ad597-230c-44ff-aac4-376982c39499,4d80b954-e6e3-4342-8f8d-e79f31970e4a,
43bfff1c-9e02-4d11-978f-6d599eb9c99d,d05ad597-230c-44ff-aac4-376982c39499,6873f12c-92d0-49df-9e4b-ed42d4486545,
3dffb2de-34f2-4b91-ad0f-b9e2e935d9be,d05ad597-230c-44ff-aac4-376982c39499,69b20d1d-02dc-413c-ba73-13b35afc073f,
59583010-765c-484b-83c9-0e978b07774a,d05ad597-230c-44ff-aac4-376982c39499,72cc6775-cab0-481a-a698-c481efb4c085,
d11388b2-e94e-4f9a-a8e6-6dfae834cf56,d05ad597-230c-44ff-aac4-376982c39499,76165284-034c-4655-a0fc-90d2c9ece717,
70e8096f-83a9-43c0-a57c-20d69226d050,d05ad597-230c-44ff-aac4-376982c39499,7620f13d-ce2e-4e8b-839d-e72ecd3dab36,
da25c73d-05eb-4a0c-bfb2-1ba13c68a456,d05ad597-230c-44ff-aac4-376982c39499,76376bec-42c3-4204-b2a2-0e18d3563187,
6d18e942-c04e-4251-9168-f52b4ce28fe8,d05ad597-230c-44ff-aac4-376982c39499,801044e9-36fb-4cc2-ab3b-625df95ed8ce,
05feacf5-5915-41c1-b487-213f977442fd,d05ad597-230c-44ff-aac4-376982c39499,a4bcc8e1-e409-497f-9dee-2e5561a4981c,
c72e2d4c-d7cf-49b7-b5d7-6d3874717cf3,d05ad597-230c-44ff-aac4-376982c39499,b17729d6-a5f7-4f7c-840b-c20427bf5ab1,
64cec53e-44a3-41d0-8a81-e52fda125b30,d05ad597-230c-44ff-aac4-376982c39499,b7ac1082-e950-467e-93de-3be1c928569c,
d1bb32a8-568c-411e-9cd6-169d4087ab80,d05ad597-230c-44ff-aac4-376982c39499,ba40f7e1-577f-4491-a63a-a0fbbb7f646e,
a5de7c98-b590-4432-ab28-01c04cc62524,d05ad597-230c-44ff-aac4-376982c39499,c04e5ad0-8c3f-4937-93b6-a5b000d66ace,
a8618b57-1018-4fe4-924c-b8b04d269dad,d05ad597-230c-44ff-aac4-376982c39499,c946f7c9-ccbe-49a5-8aef-5305d145d578,
ec2c0a66-1565-4647-894d-135fb14295cd,d05ad597-230c-44ff-aac4-376982c39499,de63b222-ddfa-4c54-9cf3-cb79813708ed,
7e26d87d-8329-44a6-8d44-cbb02355a05b,d05ad597-230c-44ff-aac4-376982c39499,e63ee5af-1afc-49ec-9d20-9479006359bb,
4dfd6fbb-c2e2-41e1-ba33-2b195b81371b,d05ad597-230c-44ff-aac4-376982c39499,f032b5d3-6fc5-45bf-9acb-0e441dc6cb21,
42f1e511-47dd-467a-bfe3-c4966253e94d,d05ad597-230c-44ff-aac4-376982c39499,f3b28395-314a-4878-95e4-a1e9f581a957,
8f3c63c0-2430-47c9-b4dc-12a271841f50,d05ad597-230c-44ff-aac4-376982c39499,f5ee8e0c-9063-4ef9-bfc9-3c3d70c9c447,
1aa635d4-90c0-4ec0-8300-a5377d3fbc03,d05ad597-230c-44ff-aac4-376982c39499,fedeea92-b345-447d-a941-370503a0091a,
f76831a5-8660-4555-88f0-668adfc0e8fe,d07e46b3-bd33-465f-ae0b-da8be0b261e9,249b79e6-f12d-4ce1-a325-00698cef1a20,
e882ec57-1574-4d83-b0aa-31780d4d0e5c,d07e46b3-bd33-465f-ae0b-da8be0b261e9,f0cb0c96-2ee6-4d11-87f1-ef5bf1721ef8,
faeb2e64-acc5-4153-8c8f-bff811ed3019,d0a65e26-5b63-4d73-8a04-5a535afd229c,03cfc35a-7f67-4b47-9ee2-b6b149c30ec2,
1a60df4e-24d7-4428-bfc1-e9457e632053,d0a65e26-5b63-4d73-8a04-5a535afd229c,041a71ef-10ee-4a52-99c9-34bd136d6e2c,
4748599e-3b0d-42ca-a7af-916fe601b544,d0a65e26-5b63-4d73-8a04-5a535afd229c,0fa3ef95-7562-4e64-a22d-1ddbe46618c6,
d600f90b-5331-4459-8806-2685902e64ad,d0a65e26-5b63-4d73-8a04-5a535afd229c,23c75628-3a60-4446-a89b-3b3c9c831a54,
65eb35ee-2c01-45d2-9a36-7946403972eb,d0a65e26-5b63-4d73-8a04-5a535afd229c,25a19ba5-24fb-45aa-bc36-892110004116,
8ddc9ff6-836e-45be-b8c1-67f2830f16e1,d0a65e26-5b63-4d73-8a04-5a535afd229c,2ab9c657-6ebf-47ec-b44e-5fb28690acb2,
4a315b2c-f473-404c-9f67-1e96c84b743d,d0a65e26-5b63-4d73-8a04-5a535afd229c,3c73ab1b-d5fe-4fc4-9c26-406232b963b5,
fae7364b-0ded-427e-b793-54ee4a1ab6ef,d0a65e26-5b63-4d73-8a04-5a535afd229c,484489ef-aca3-440d-a645-d57505d00246,
72d79148-5180-4a9c-b8a0-d22edb0afc15,d0a65e26-5b63-4d73-8a04-5a535afd229c,5685b32b-0bf9-4b64-8173-737ca62ac3d0,
ec5926b9-4ef3-4c0a-9388-c36add8e3678,d0a65e26-5b63-4d73-8a04-5a535afd229c,57d6650a-7e53-4ebc-9c3f-b654f6dc2074,
24314dd6-0c20-43ab-b093-f82194a1f61f,d0a65e26-5b63-4d73-8a04-5a535afd229c,5d3d1695-6e06-46c3-b0d0-c2f308c098c2,
0882efc1-438c-4520-b6ec-d7cc662b6d14,d0a65e26-5b63-4d73-8a04-5a535afd229c,5fbfaf7d-d0cc-4997-a7b5-7c844e3a950b,
31e87a2f-21a2-4d7d-9ec5-be4f9df20f6f,d0a65e26-5b63-4d73-8a04-5a535afd229c,6345b936-d364-462d-b8d2-765cfa005554,
e7cdf736-aa89-4305-983c-18822b2f5af6,d0a65e26-5b63-4d73-8a04-5a535afd229c,7d9db883-fc9b-455f-9cf7-c9ed3023277a,
d4c00d8d-6703-4951-96e8-31b67f44671e,d0a65e26-5b63-4d73-8a04-5a535afd229c,9d741160-a130-4abc-bd3f-42567beadb0e,
724637af-6362-4ffc-b75d-d531ef06f67a,d0a65e26-5b63-4d73-8a04-5a535afd229c,a876ccfa-adac-480c-b9a0-4ee874b2fb33,
35d2f4c4-c15b-4031-800f-209a2c794d57,d0a65e26-5b63-4d73-8a04-5a535afd229c,aad599dc-5cb0-4dca-8298-4bc3d81ba595,
2ada6a5c-739f-4ac6-a3e8-a5da64c5efbd,d0a65e26-5b63-4d73-8a04-5a535afd229c,d76d9a5b-7257-4138-adad-c49e2263601a,
9bd9bdda-6450-415d-ab23-2d0e069e86dc,d0a65e26-5b63-4d73-8a04-5a535afd229c,e563a8ad-71a6-45d1-8245-1dc1a3b7fc41,
3b804d92-a959-4c68-af64-6d98c86966cc,d0a65e26-5b63-4d73-8a04-5a535afd229c,ebd45846-262d-428d-a2ff-89a3a4870e42,
152e9ef6-f227-4796-8a7b-ff4913bbbeeb,d0a65e26-5b63-4d73-8a04-5a535afd229c,ec3a5047-feeb-4a84-b790-2eab2c66ced6,
8c7e8bec-4b5c-4c42-8032-9e68bf19632d,d0a65e26-5b63-4d73-8a04-5a535afd229c,edd28d8a-74b0-48be-9458-1f7ed2df52a9,
cf9e08bd-78ab-4c9b-8bc1-35b74f93d5ff,d0a65e26-5b63-4d73-8a04-5a535afd229c,ef9c40c8-7063-42cf-a099-e3808980f79d,
823a5f48-55c0-4200-bde1-7ae94e20b905,d0a65e26-5b63-4d73-8a04-5a535afd229c,f97a2ada-b813-42d6-b255-3ff511961d91,
1a8fd15c-a23d-4e9f-9172-92029d0acee9,d0a65e26-5b63-4d73-8a04-5a535afd229c,faec5822-cd89-4c31-acf9-00226ac0e26f,
bc79287f-8c7e-4e9b-b5d7-ec0b358941d1,d0a65e26-5b63-4d73-8a04-5a535afd229c,ffc3c591-af6d-4b9c-acb8-28a39b176920,
d93562b1-ac26-48fd-ab8e-e29acc4e04b6,d0df171b-d4f0-4ab1-9a7a-4ba69aa3584a,24ee4699-1701-40c1-960c-c51d91a0e138,
6de3392f-1641-433b-9c75-538ff905ce54,d0df171b-d4f0-4ab1-9a7a-4ba69aa3584a,56a8c90e-a6ea-45d4-b63b-9d981b297b9c,
c4382644-49f2-42a2-b006-3477c304e139,d0df171b-d4f0-4ab1-9a7a-4ba69aa3584a,c3635501-e1ef-44eb-aade-4e44f9dff2f9,
7682aa07-8e87-435f-b3c9-aebcde092052,d0df171b-d4f0-4ab1-9a7a-4ba69aa3584a,d583c4f4-a0ae-4090-b462-3035aa503a62,
89ac24c9-808f-43fd-82c2-5a3696f2e983,d1613bc4-eda3-4cb8-8fcc-c067b0a589a6,06853ae0-0822-414f-894e-af6b559dfcf7,
bff78e42-6685-4da2-99b9-0e7ac161fa3e,d1613bc4-eda3-4cb8-8fcc-c067b0a589a6,5b0be2f1-a195-47b4-b24f-cc3ac6544c7a,
ba96d1ac-ea80-4877-8e6e-2d52ca88b51e,d1613bc4-eda3-4cb8-8fcc-c067b0a589a6,7d594ebf-9101-48c8-a55d-2a53d51390f2,
dc97ffa6-7736-473f-aaa7-fd0c71dc8606,d1ca655b-add5-4ee8-8240-68c0fe06f3d8,1ea0804c-2316-47fd-b62a-aa859e0feacf,
635a77b1-443b-4b7d-8291-e471e46fc77f,d1ca655b-add5-4ee8-8240-68c0fe06f3d8,4d8d3a87-a166-4070-b542-a4fba7652364,
0084a96b-df73-42a6-ad21-836423db100d,d3510a55-fe7b-49ac-8119-61def361830d,0013d417-0955-49ba-82bc-a0176b43c09c,
98258e36-e97b-496d-a7a0-a1c2990319a4,d3510a55-fe7b-49ac-8119-61def361830d,21e0c76b-b892-4665-b6f0-f8b532079bb3,
1d037010-9e33-494b-ba95-218559fcf8ea,d3510a55-fe7b-49ac-8119-61def361830d,3980bfdd-c15c-4e03-8c19-1cfe537b9681,
d7447aca-b45f-4950-a850-fa24e760d4fe,d3510a55-fe7b-49ac-8119-61def361830d,3e45e1aa-233a-4e27-8deb-c4a1ff0b5d9f,
ef3a0e9d-5ea8-4816-8f52-e65d08a7a505,d3510a55-fe7b-49ac-8119-61def361830d,4764b572-07b3-46b8-add7-1e48dd37e38f,
7424423f-ccb3-45a2-9fad-61ec5035a1b7,d3510a55-fe7b-49ac-8119-61def361830d,5338fc2e-7720-4531-8140-61565d995a8d,
fc5fd517-e11a-46bf-ab2b-6569103feb6a,d3510a55-fe7b-49ac-8119-61def361830d,5549e8d0-d7a7-4d91-b347-8d3d852df615,
8c0807bb-ebad-4108-a5b1-025c9a1e7fbc,d3510a55-fe7b-49ac-8119-61def361830d,7c727cf9-4e7d-4143-9ac0-b3ac5afaa964,
2b2e0bc6-c646-48bd-a8a2-61364fbc3fd4,d3510a55-fe7b-49ac-8119-61def361830d,818ed3d6-47de-451c-a4b1-122b2fc67492,
4ed835f6-4b01-489f-a3d8-98b0a8e98bb7,d3510a55-fe7b-49ac-8119-61def361830d,8f2ffc89-acf6-4972-94fb-c075d6e2578e,
1dca6e3f-9cef-4c12-85c7-0825be041f8a,d3510a55-fe7b-49ac-8119-61def361830d,94d61b9a-45f6-45d1-bd90-8c5465866a41,
4000db0b-644b-4039-8ac2-a776fd2d91f8,d3510a55-fe7b-49ac-8119-61def361830d,ae6173f0-75e6-4fd7-9315-46b51dd0bda5,
317fc8c6-7acf-4c47-a5c3-9b80729913cc,d3510a55-fe7b-49ac-8119-61def361830d,e113678f-8711-4756-907a-e351503869b8,
b04af7ed-09c3-4cc0-b7ad-fa31020e7b4d,d3510a55-fe7b-49ac-8119-61def361830d,f0fdda0c-fe9a-4aae-a94a-79cb1339bfdd,
670399fd-6ccb-4d87-916c-c7d2a23dbef2,d466948e-98e6-43dc-a905-dcea1b5b25c3,00a3e6a1-0d8a-44dc-8a8b-c941a0f69b48,
2733357d-cd5f-4974-b741-f6b028fe8d66,d466948e-98e6-43dc-a905-dcea1b5b25c3,00bd103d-a1c9-4c97-af0f-661275295316,
090f1810-a629-4e05-9d1c-8dcda8bf899e,d466948e-98e6-43dc-a905-dcea1b5b25c3,010fba4c-c678-497e-9402-4d27b6d8810f,
abc6c62f-02fa-43a7-bb65-837237c9479d,d466948e-98e6-43dc-a905-dcea1b5b25c3,0132f038-959a-4b37-8779-0fe5070ea03f,
6c0dd59d-aff0-457b-9cf7-627dea9a1245,d466948e-98e6-43dc-a905-dcea1b5b25c3,017915c7-5b90-4f07-8083-3a431d9cd923,
f7daa8c8-3a22-430d-9c32-a2306c7f4afb,d466948e-98e6-43dc-a905-dcea1b5b25c3,0179bf95-92df-4de3-81da-fda2e9d73a57,
4abf1319-9068-429b-93a6-4939db1119d9,d466948e-98e6-43dc-a905-dcea1b5b25c3,0226725e-bcc5-4ce8-9190-556c1cddc2c5,
640e6712-7b3c-4be1-bdf2-88a46cd871b7,d466948e-98e6-43dc-a905-dcea1b5b25c3,02727348-ae4a-4fdd-86ea-ea9b5586d927,
44cd04e8-94ce-4afb-969a-6d65131642ad,d466948e-98e6-43dc-a905-dcea1b5b25c3,027cd27d-ff84-49f5-89bd-6362d89154ad,
632ed012-9bae-41b4-be6d-8abd2328231c,d466948e-98e6-43dc-a905-dcea1b5b25c3,052b0fe3-4be7-4d40-9ee3-601fc5f37038,
4f86ff15-bd1c-4700-b34d-3c01080ddf91,d466948e-98e6-43dc-a905-dcea1b5b25c3,0539e3b3-150e-4d67-8763-87e8edab2d28,
546d9494-269c-4d28-8094-d3cf25d79e88,d466948e-98e6-43dc-a905-dcea1b5b25c3,05caf4b3-9d0e-428d-a56a-9d7d442b793e,
e3678b00-811f-46a8-954a-220d69548ca9,d466948e-98e6-43dc-a905-dcea1b5b25c3,0602aa1b-8cab-4ece-8ccc-5f9f518f742d,
1e87cb0f-adde-41cc-9eaa-4e4600dca573,d466948e-98e6-43dc-a905-dcea1b5b25c3,0637e371-fb0f-48b9-aa09-7ab174248d2d,
8bc18ab2-7d06-4da4-8f30-23886f8235e6,d466948e-98e6-43dc-a905-dcea1b5b25c3,077355a0-f545-40f8-813e-6a24e5b37964,
58aacd84-510e-4b27-a8d3-a973a2071b19,d466948e-98e6-43dc-a905-dcea1b5b25c3,08091d2f-6998-4545-ad4b-91357c0e7310,
e7dc50f5-e080-4b8f-9458-8aee6e4a467b,d466948e-98e6-43dc-a905-dcea1b5b25c3,08674f6e-ff62-4311-b870-cfa2a7fead05,
82782c03-6314-4d99-b27a-1b180ecaa84e,d466948e-98e6-43dc-a905-dcea1b5b25c3,086d3554-014a-4a41-b6bb-cf33d853c856,
d9905a04-095d-4f42-8755-ee76211f81cc,d466948e-98e6-43dc-a905-dcea1b5b25c3,09a38921-8fe4-41a0-8740-8023737555a0,
ffde2631-d6e6-48f3-9fa7-86257302de38,d466948e-98e6-43dc-a905-dcea1b5b25c3,09cbea50-de00-4e1c-a4d8-4771d604c752,
942e70eb-0af6-4954-9cc9-fce917e660d8,d466948e-98e6-43dc-a905-dcea1b5b25c3,0a894c58-c42c-4dd6-9787-fa5e0697dc34,
bbb6e7f3-90d4-48c0-bffe-5c55330a9248,d466948e-98e6-43dc-a905-dcea1b5b25c3,0b00cbd5-b344-41cc-8393-b7b6221d412a,
a2b79f07-9db1-4a5b-a321-94c8d8b91441,d466948e-98e6-43dc-a905-dcea1b5b25c3,0ca1b505-c81a-4a8e-9a81-ddbd91000600,
4b9e12ea-9d80-46ed-9691-8bf2007b6356,d466948e-98e6-43dc-a905-dcea1b5b25c3,0ce49a16-44b2-4502-8fc5-8504d3a3771e,
a446693e-8556-4cf5-b6ce-627b32bf317b,d466948e-98e6-43dc-a905-dcea1b5b25c3,0d437678-7649-4ac3-83aa-dffe68594516,
48deddcd-2cca-4f6c-8ecb-26ee5cd90133,d466948e-98e6-43dc-a905-dcea1b5b25c3,0da23049-572c-4535-91b2-15042866a6e2,
981ad16d-57cb-40c6-9c6e-77bf59528957,d466948e-98e6-43dc-a905-dcea1b5b25c3,0eda46b1-63b6-4d23-beb9-6b804d6f5916,
b812a553-2a5b-4c28-b25a-3279603e3078,d466948e-98e6-43dc-a905-dcea1b5b25c3,0f6eefba-58f1-41c6-b927-2fb628845978,
5e15fb13-3fbc-4c32-b420-736a48fcda89,d466948e-98e6-43dc-a905-dcea1b5b25c3,0f8826da-0f29-4369-8336-5b2a6129c71f,
3d9439e8-7f23-4e08-a6d5-4bd8312015dc,d466948e-98e6-43dc-a905-dcea1b5b25c3,0fcf801b-efc8-47e2-b258-11ceac337a50,
964f45c9-f319-45ac-b42a-c36c94a16633,d466948e-98e6-43dc-a905-dcea1b5b25c3,10c102d5-890c-4a8b-94fc-9dc2d63e6ac4,
71c88d13-784f-499f-86d2-2a3250ed32a3,d466948e-98e6-43dc-a905-dcea1b5b25c3,11159f21-ed48-492e-ae35-19590c7bdf00,
b312b7fa-82ba-4c1d-a3d1-45060fe4eb1d,d466948e-98e6-43dc-a905-dcea1b5b25c3,113bdad2-fee4-4053-8690-08377b2a019c,
6269def1-0aa5-44dd-b979-83cc5c83a216,d466948e-98e6-43dc-a905-dcea1b5b25c3,11626ebb-aed0-4f46-bc27-ab8d3db1d408,
830a8ab7-fb35-4efc-a1da-914d30895c5b,d466948e-98e6-43dc-a905-dcea1b5b25c3,1244e94e-1233-4b61-9226-00ff0df86617,
0342c8fc-98d9-4e17-88bb-5551c2f2218d,d466948e-98e6-43dc-a905-dcea1b5b25c3,128a6e56-bc8c-4967-b51f-78dd24f30d3c,
1a1554a5-923f-46da-985e-01c49166b33d,d466948e-98e6-43dc-a905-dcea1b5b25c3,1355ba5e-3927-45cc-bfb8-a52fd2268b1d,
1c7e6c0a-fe04-4f57-a2cc-2268de292063,d466948e-98e6-43dc-a905-dcea1b5b25c3,1366be33-dc7d-4757-a8a7-881c274c5ffa,
b329abfc-4532-423b-bcfe-6337877f72dd,d466948e-98e6-43dc-a905-dcea1b5b25c3,13e7899d-63c4-4f40-9918-539495e90489,
ae2c8f99-538a-4702-95c2-90a427d4adcb,d466948e-98e6-43dc-a905-dcea1b5b25c3,1451dd9c-6bcf-44fe-aaaa-84e57d41a6d3,
5c0a7a4e-bf3f-4572-8f8b-02801433f824,d466948e-98e6-43dc-a905-dcea1b5b25c3,1462cf82-bbe5-456f-a0f3-5cbdbfd6e5b7,
d7d05952-e722-481e-8538-b64e848a7805,d466948e-98e6-43dc-a905-dcea1b5b25c3,150f73ad-2991-4596-9a28-e89c21d3d824,
9cbc5a28-a475-4643-bf68-eafacca3cca4,d466948e-98e6-43dc-a905-dcea1b5b25c3,15695bb4-020f-41b2-805b-d3f679bfaaf4,
db72d2ed-d2c8-4343-9182-c3b4b31b185d,d466948e-98e6-43dc-a905-dcea1b5b25c3,161540ee-c536-4824-85b8-015bd09384ff,
002d02d1-7f07-4f10-a3d6-5d2a9e3ebf3a,d466948e-98e6-43dc-a905-dcea1b5b25c3,16cb08ea-4e4a-4ed9-a4c4-709de7aa1f91,
b543ef56-f1d8-4869-a4a7-fa64f7e4a370,d466948e-98e6-43dc-a905-dcea1b5b25c3,173e486a-1887-46ac-bb0d-05d6ff4b9d49,
b718e9de-9280-4f5a-ae48-cffe117807a1,d466948e-98e6-43dc-a905-dcea1b5b25c3,17a6ac72-652e-40a7-acc6-ff635701c105,
a354a73f-f84c-4eaf-bea8-9671caa6ca8e,d466948e-98e6-43dc-a905-dcea1b5b25c3,17a6eec9-5f21-4097-8063-e6de7d060bdb,
cef9eba9-31bb-4c3f-96b0-45ca7397dd3a,d466948e-98e6-43dc-a905-dcea1b5b25c3,17c20a03-e237-4a88-b127-b5b437ed9704,
23373339-0dc4-42c3-b109-6e0d2064cb4a,d466948e-98e6-43dc-a905-dcea1b5b25c3,18b67a33-cad1-4178-8e65-152d3dd1fcd3,
d0579e9b-ff33-448b-a4ab-42ad0135f25e,d466948e-98e6-43dc-a905-dcea1b5b25c3,18d6cda2-b4d4-4020-a7b3-1d89d486bc59,
ff00de1d-2df3-4969-b2db-fbce6f554ecc,d466948e-98e6-43dc-a905-dcea1b5b25c3,19448c9e-03c0-4903-b38d-94b462d1e5c2,
116055e1-232d-48f4-8f83-959b1d6d2172,d466948e-98e6-43dc-a905-dcea1b5b25c3,19a331da-e3a0-477a-b5b4-b355cc9f1451,
eb05d535-7ed2-4406-8279-477980a44960,d466948e-98e6-43dc-a905-dcea1b5b25c3,19a953ac-2cfd-45b4-9a0b-8ef6702df3ef,
0afcb6c2-a3ad-43c0-a6a7-16ddc50a5387,d466948e-98e6-43dc-a905-dcea1b5b25c3,1afd6765-bf1b-44a1-b370-2a7f71bcfc13,
4ff372b7-80df-49c8-be36-75ec4cf78aa4,d466948e-98e6-43dc-a905-dcea1b5b25c3,1b0a06dd-83fb-43d2-8389-0166b3f13ff0,
cad4e888-1503-4e15-b2b2-47169a12820f,d466948e-98e6-43dc-a905-dcea1b5b25c3,1b17c882-8271-448e-827c-6c0bf36b4eca,
8c90b288-3009-4e29-9d5b-ee918a58604e,d466948e-98e6-43dc-a905-dcea1b5b25c3,1c3a754f-bb9c-4b3d-b9a8-5272c33e5721,
4ed9faa2-1b17-400e-a633-50343df01400,d466948e-98e6-43dc-a905-dcea1b5b25c3,1d570452-ae27-4838-8c5b-1501c53e2bcc,
75f97da6-9f4d-4a0d-8954-9d34db485349,d466948e-98e6-43dc-a905-dcea1b5b25c3,1d71eec3-809c-4a8e-a8f4-f0671a4ffccb,
ee47065a-fcb3-4b65-9b7a-3d81bdb978cf,d466948e-98e6-43dc-a905-dcea1b5b25c3,1d84dbf2-8d5d-48fe-a359-5356a3b8a71a,
f7ec8d59-7736-494d-83e8-7c92357f9860,d466948e-98e6-43dc-a905-dcea1b5b25c3,1ecaff5c-ed48-4a6c-bb42-e1555e4cbdc9,
0330859d-2de8-4026-8fbf-dee680f1f784,d466948e-98e6-43dc-a905-dcea1b5b25c3,1ee3b8f5-bff0-4299-b238-ac67f953ad70,
210fd78f-4e35-4b1d-bbea-9a50318faf5e,d466948e-98e6-43dc-a905-dcea1b5b25c3,1efebf7d-66e7-4a2b-b518-553f499f8f43,
5ff87e5e-e70d-4a4c-a6e9-fa2b0701da15,d466948e-98e6-43dc-a905-dcea1b5b25c3,1f0a4bb4-a751-480e-87e2-bcc41fdb0777,
1369eb5a-5e92-4723-9791-458fa0ae6fcd,d466948e-98e6-43dc-a905-dcea1b5b25c3,20037679-3612-4d7b-b6c7-e10663abd26a,
494b9750-073f-42f7-9519-940f778edede,d466948e-98e6-43dc-a905-dcea1b5b25c3,2033ff3c-3d2e-4148-906e-46f507309846,
716761fe-4368-4c8e-b33f-74cc4ad26326,d466948e-98e6-43dc-a905-dcea1b5b25c3,2075716b-0ecb-441a-8064-18e382945f91,
40591e61-fc71-4b69-9d44-5424e0a2ec02,d466948e-98e6-43dc-a905-dcea1b5b25c3,20ec6f99-26e5-41b0-a5ef-7f7a2fe15e1d,
ec0f08dd-676f-4e12-8937-0aaa3339e7f7,d466948e-98e6-43dc-a905-dcea1b5b25c3,21a8caf0-6f64-4516-b81f-aae0a405450d,
67440c47-7440-4ba0-87db-940089bf29a6,d466948e-98e6-43dc-a905-dcea1b5b25c3,21bff4ad-91a5-4cd6-b246-3ff8ea900b08,
f8a4204e-d746-4d15-9f55-3605dc77ac3b,d466948e-98e6-43dc-a905-dcea1b5b25c3,21ef4f3f-4032-4796-a1ef-81caf8b19ff9,
3468809a-8564-49d6-b9eb-fe1199bf9ddd,d466948e-98e6-43dc-a905-dcea1b5b25c3,229091ce-0c1d-4a28-b332-f2ae5d273cce,
2cc334a4-fe99-4e28-a162-712bab9e8351,d466948e-98e6-43dc-a905-dcea1b5b25c3,2329c328-afb9-4f28-9c95-1f15d83498b7,
78f78d58-1ee1-4a7f-942c-7b4ee2aa46a6,d466948e-98e6-43dc-a905-dcea1b5b25c3,239dfd49-8f95-4da9-aaf9-f28fb6040a64,
e058dac4-3f94-4f65-a6a9-af4460600e26,d466948e-98e6-43dc-a905-dcea1b5b25c3,24e3d584-3dea-4c83-869e-cdbb16d80aa0,
c81d244d-fab0-45b2-a0d8-11aa378722b3,d466948e-98e6-43dc-a905-dcea1b5b25c3,25e24ec9-7c02-41d1-a5e6-e4caf1847b49,
6670cb58-0118-4239-b83e-8ac905057dd8,d466948e-98e6-43dc-a905-dcea1b5b25c3,26483d73-a828-4571-9ee0-751f55279798,
f9b1e359-ea42-4f77-a790-ba5b60193748,d466948e-98e6-43dc-a905-dcea1b5b25c3,26664c46-3124-4ea1-964b-013323601c39,
7e1233d4-7a19-4cd7-ae34-aaa75ef6cf16,d466948e-98e6-43dc-a905-dcea1b5b25c3,2a2931da-88ec-477b-995e-117ce4f7298e,
3a7d4444-101d-419a-81d6-ac0f53ed3023,d466948e-98e6-43dc-a905-dcea1b5b25c3,2a59386a-a2b0-420b-9e86-b21bed2f791d,
a94f5468-377c-4a5e-93b0-0b313de1fe50,d466948e-98e6-43dc-a905-dcea1b5b25c3,2a837663-cc3e-473c-a001-c38abafed391,
e0c27a94-e79c-4917-a489-81a1017ed569,d466948e-98e6-43dc-a905-dcea1b5b25c3,2b2e8cd6-baaf-490e-846c-fed86d9c88e8,
a696ecc2-eb5a-4bc3-9410-bfec986547a1,d466948e-98e6-43dc-a905-dcea1b5b25c3,2b318c5a-ee2d-4405-90e8-ce310d80af81,
43130c22-a430-415f-a03c-2c5cffc4fd48,d466948e-98e6-43dc-a905-dcea1b5b25c3,2b80f74f-6b0b-42a0-b134-f481205e9858,
6c21434c-430b-4d96-b932-212ec1924ed1,d466948e-98e6-43dc-a905-dcea1b5b25c3,2b9bd255-ef75-452b-b130-644fd2bd3cef,
cf301c0e-054a-4a75-af59-d9b64e0d62fa,d466948e-98e6-43dc-a905-dcea1b5b25c3,2b9e642c-3ab3-4666-b426-ea0700cb050b,
3c61133b-664f-4d54-9f21-1963baf5eeda,d466948e-98e6-43dc-a905-dcea1b5b25c3,2c7bcef7-4db2-4479-9401-8933e3c4181f,
c5b0c443-53a1-4fb9-9223-f8a21457c313,d466948e-98e6-43dc-a905-dcea1b5b25c3,2d10d270-57a1-4e17-b90a-d80b7cd937ee,
d17eece8-251c-4671-ae85-05ebff0d797d,d466948e-98e6-43dc-a905-dcea1b5b25c3,2d894c5d-1357-438b-a306-ac4db86882c1,
8666381a-f089-4303-b1b1-4abf07c70951,d466948e-98e6-43dc-a905-dcea1b5b25c3,2e0dd843-1828-42fe-8b23-9f63bf69205e,
4c2a8039-1bb1-4d29-b911-34812f6acefe,d466948e-98e6-43dc-a905-dcea1b5b25c3,2ebe76c3-9ef2-4563-ba14-246f40a37ce4,
576ea387-47a2-4cac-b98c-14768628611d,d466948e-98e6-43dc-a905-dcea1b5b25c3,2fbaecbd-3eeb-480b-80cd-c2eeaf2c51b0,
2eaf6d8f-fb31-46b6-bf2e-bd1a96308bb5,d466948e-98e6-43dc-a905-dcea1b5b25c3,3008bc8e-ef80-4bdf-9f35-0d5742d21847,
f357e275-fdaf-42a6-acf4-920a8a5f1cce,d466948e-98e6-43dc-a905-dcea1b5b25c3,30edfe71-52dc-430f-9cb3-db7615dfb0de,
45a7c5df-918f-4f38-bf67-c3d1b54e2862,d466948e-98e6-43dc-a905-dcea1b5b25c3,31101bb0-518b-4d4b-b80f-6e444e064152,
e0ab2a27-75e8-491e-8c27-e5075b428193,d466948e-98e6-43dc-a905-dcea1b5b25c3,317449e3-a945-452b-a050-52462e1ff62c,
2a5cbc70-b65a-4d41-afec-2ccc668e4bc3,d466948e-98e6-43dc-a905-dcea1b5b25c3,317a10fb-ae7d-4834-bf54-31f131b85e8a,
eb6de784-62e4-4796-a4bb-515b1c48b396,d466948e-98e6-43dc-a905-dcea1b5b25c3,31bd65ad-57d0-45eb-b0aa-395d7419f6ff,
ec596777-89ad-4faf-af06-1c883829ffa5,d466948e-98e6-43dc-a905-dcea1b5b25c3,31c7bd4b-abb8-4267-9f05-9cca61433302,
b41ef45c-46f0-42a2-985e-13206c7487f5,d466948e-98e6-43dc-a905-dcea1b5b25c3,31fef8b4-e05b-41c9-9434-2ef2c02333bd,
fd349729-fa0d-4cda-be61-404253486b97,d466948e-98e6-43dc-a905-dcea1b5b25c3,327c07f8-4f97-4ff7-a977-22cedd9a896b,
aee75c70-1641-41d6-b21d-ad03889d5427,d466948e-98e6-43dc-a905-dcea1b5b25c3,32d4c93b-f8e2-400b-957a-b23472bb83f5,
54105cc5-8d50-45c3-a251-e43b2bbcfdac,d466948e-98e6-43dc-a905-dcea1b5b25c3,32fed73c-e610-4221-8fa0-b5b70ad3b929,
be295658-0d96-4b5c-a263-cc154587bc11,d466948e-98e6-43dc-a905-dcea1b5b25c3,33137c69-8083-413c-9e68-e7d5c07a5e79,
5acf449e-79da-4c36-93e0-198b94a5e434,d466948e-98e6-43dc-a905-dcea1b5b25c3,33c46690-ef13-4974-9776-50530cdd068c,
231cdcbe-b95f-4886-8196-d85a8d9ea4eb,d466948e-98e6-43dc-a905-dcea1b5b25c3,340aeeb6-4c5d-46a7-ae57-fb9e33275712,
4df95031-f948-4d4b-bdc0-20af69072f45,d466948e-98e6-43dc-a905-dcea1b5b25c3,34778646-a2ae-4a71-99de-849c13134041,
72736fed-02ac-4c17-8ccc-e1c0c5391183,d466948e-98e6-43dc-a905-dcea1b5b25c3,34eac536-827d-4b1a-a9ef-af95bdd48687,
cd6775b2-a5f3-49e8-a160-3c9253e567b6,d466948e-98e6-43dc-a905-dcea1b5b25c3,34ef164f-00f2-41f4-86bb-863dcec3a315,
6515ce22-0e88-48af-ab6d-00939d554735,d466948e-98e6-43dc-a905-dcea1b5b25c3,353f509d-84f4-4f4e-b196-cd0b17ed66e2,
ba369e88-4a58-44f4-af3b-09fa63ca9f76,d466948e-98e6-43dc-a905-dcea1b5b25c3,35b0a268-f8e9-4525-ba7d-e8ee5e0af9fe,
10168745-4798-41bd-b371-6118e3f6ade1,d466948e-98e6-43dc-a905-dcea1b5b25c3,35b12918-73a3-4e02-b4d8-23d71058d2fa,
cdb9a936-b227-4680-9416-42d4f8a85a8b,d466948e-98e6-43dc-a905-dcea1b5b25c3,35e63cfa-1da1-4d24-a793-8545305a27b4,
843b24a0-7bc4-4670-9b58-8dc7729c13d9,d466948e-98e6-43dc-a905-dcea1b5b25c3,36163df1-8453-4fa1-b139-75cf9241dbda,
6302d75d-c71b-4b6d-b5d6-31bf7f4bdebe,d466948e-98e6-43dc-a905-dcea1b5b25c3,3671ed1e-468b-4cd7-8c6c-1f2c0cfb15a1,
609bbd7f-1cf6-4631-9747-1940f78388b6,d466948e-98e6-43dc-a905-dcea1b5b25c3,36d58f7a-f661-4a5f-bffc-42f6cba6d65c,
cf4549b9-6263-41de-a716-62c3982f101d,d466948e-98e6-43dc-a905-dcea1b5b25c3,3773db47-f335-4b64-836c-f87d17306bce,
76af358d-ac77-474a-ab90-99ad8c0e3751,d466948e-98e6-43dc-a905-dcea1b5b25c3,3809fec3-cf25-4462-8218-9a6a51d9d575,
962863a6-8e6c-4ce0-abce-f9d8d30532f5,d466948e-98e6-43dc-a905-dcea1b5b25c3,383d26ad-8a85-4167-a002-2ea2f624dba4,
6175d5e0-f1ed-459d-891a-cc6d6ab88012,d466948e-98e6-43dc-a905-dcea1b5b25c3,385fc61f-3620-473e-ba6f-cfbf39e9ff69,
fe232c43-ed1e-4d9a-94c4-904fa56615a2,d466948e-98e6-43dc-a905-dcea1b5b25c3,38a199a6-d69f-4c7a-8720-715412a68d76,
c287083e-5539-43f8-9ab6-d52ddcb8ae4e,d466948e-98e6-43dc-a905-dcea1b5b25c3,397f3d14-684a-4d96-8844-828af861de93,
9e5c4c6e-c12e-48f7-bd26-412193747141,d466948e-98e6-43dc-a905-dcea1b5b25c3,3b76006c-5690-4be2-b0c1-5ce5028c60d7,
335f70f2-53b8-4066-a8c5-e8f7959cbecc,d466948e-98e6-43dc-a905-dcea1b5b25c3,3c779b6e-e1c9-40ce-aa62-e487727bcaf2,
50e3b6ac-72b3-4bad-af35-b44bac8645dd,d466948e-98e6-43dc-a905-dcea1b5b25c3,3c7b8ede-8cdb-49b0-b1a5-6cd10a0e1f91,
0c0ec369-2b32-478c-a592-f4c690eec279,d466948e-98e6-43dc-a905-dcea1b5b25c3,3d21a58e-fbe3-4569-95e2-1c8c2a59dca4,
e3258da1-9a45-4c93-9363-3e61ce0fdf97,d466948e-98e6-43dc-a905-dcea1b5b25c3,3d56cf5a-1d70-4a85-9e19-ff1553fb408b,
2e6d01f8-423a-421e-887f-96bb714b416c,d466948e-98e6-43dc-a905-dcea1b5b25c3,3e5a487e-f4c8-4ed5-a8ca-30e6d2555fd5,
b470553f-4962-4179-abed-728fd1eabc95,d466948e-98e6-43dc-a905-dcea1b5b25c3,3eb616d6-9776-4778-9f14-31cc8ec44e5d,
9e7354a3-810f-4c8c-998e-845dc9ef35c1,d466948e-98e6-43dc-a905-dcea1b5b25c3,3f406138-e136-4e9d-9a15-7170486e7379,
456a9cd7-b573-482d-afbc-8dcf14c64e42,d466948e-98e6-43dc-a905-dcea1b5b25c3,3f899b1b-f5fe-4cb5-8ad5-5866d1df07f1,
29170931-4e21-441f-a037-2f44a772d345,d466948e-98e6-43dc-a905-dcea1b5b25c3,3fb67c8c-0d98-4fc6-894e-e0339e352ded,
817f9ddd-7e55-4b0f-8015-a0ab3ad4832e,d466948e-98e6-43dc-a905-dcea1b5b25c3,41648b10-9626-4f08-a3ab-997e3bd07e49,
dae82715-db2c-4246-b66c-d596c35b0942,d466948e-98e6-43dc-a905-dcea1b5b25c3,417451b5-dddf-45d1-a0a4-86c38324ff1e,
b35ab4c2-6e7e-49d6-8922-f50ed808ed04,d466948e-98e6-43dc-a905-dcea1b5b25c3,42269e3f-31c0-4533-892f-2fdee21a775f,
55151a3c-0a02-43d9-b20e-9cc3aa098980,d466948e-98e6-43dc-a905-dcea1b5b25c3,426ddef5-6c6a-4b99-b17f-850202e07bf2,
d9dd0c4c-cc59-4288-ab7a-5ebaafac2ea8,d466948e-98e6-43dc-a905-dcea1b5b25c3,428e8abe-0e59-44c4-a014-758883c55b90,
9af810a6-b20b-40ac-a782-b7765342742f,d466948e-98e6-43dc-a905-dcea1b5b25c3,428f3a51-55fe-429e-bab7-1872b2326e66,
361ad515-93b3-43b0-a0fb-46cb160c7810,d466948e-98e6-43dc-a905-dcea1b5b25c3,42fec048-f302-4f0b-a903-b32e9671bd18,
472b4280-19de-4aae-9b42-50588d835392,d466948e-98e6-43dc-a905-dcea1b5b25c3,43191434-10d7-4c07-8420-772412b8f73f,
a13048b3-20e3-49cf-ac31-098ad7088e4f,d466948e-98e6-43dc-a905-dcea1b5b25c3,448810f5-cc28-4205-bf0b-c3dc10caef2d,
de3bb0d7-c8f8-4dec-a779-1220841dc5f5,d466948e-98e6-43dc-a905-dcea1b5b25c3,4492b25f-9061-4250-ba9d-8960f4b18dbf,
eba6192f-3524-46e9-a041-e451149c2f38,d466948e-98e6-43dc-a905-dcea1b5b25c3,459e3568-69d6-404b-95a6-ac2cc3739525,
81f3f736-3cb8-4194-a317-b2cd9cbbeef3,d466948e-98e6-43dc-a905-dcea1b5b25c3,46813241-a55e-4937-86b9-4ee4336b29e4,
781c6db1-122d-4e7b-a40e-c177edc41157,d466948e-98e6-43dc-a905-dcea1b5b25c3,46848dce-01a3-4ba6-a7bb-a733baa89dad,
26b44576-d4b9-4eaa-94d0-77c4c2146f3a,d466948e-98e6-43dc-a905-dcea1b5b25c3,47745516-9942-4e6d-bace-450df2072d11,
93ae68ab-0899-409c-a2df-6acead74338d,d466948e-98e6-43dc-a905-dcea1b5b25c3,47b27839-c2c1-408d-907b-f36b247108ea,
170c59d3-10fe-465e-9d8d-fda6fdfe4733,d466948e-98e6-43dc-a905-dcea1b5b25c3,49b10448-b60f-452d-be6c-d893c563892e,
7f2cdded-9e6a-4db5-801e-db162f961496,d466948e-98e6-43dc-a905-dcea1b5b25c3,49d507de-8d1f-4cc7-8623-4d270ff2919c,
de9189af-69b5-4e14-8ba9-fb907f8a8e57,d466948e-98e6-43dc-a905-dcea1b5b25c3,4ab92ef3-e7fd-4df0-8f0c-dbbd188effd3,
b25066e6-e6f4-43ec-bc07-18f387ec7b94,d466948e-98e6-43dc-a905-dcea1b5b25c3,4ab97774-9f55-4027-bde1-b9d6b740930d,
140cd2f4-3baa-4e74-9655-8f29956a5c9a,d466948e-98e6-43dc-a905-dcea1b5b25c3,4adce0b9-935f-4ab5-9166-c8d5ca0058e3,
4e41f928-d9da-4821-ad1e-15a8322591e6,d466948e-98e6-43dc-a905-dcea1b5b25c3,4b6a1930-0013-4b10-a543-1ad508297d01,
0d3e4932-6a4f-49e5-8f91-b5973fcfb54a,d466948e-98e6-43dc-a905-dcea1b5b25c3,4b7a4ded-b4dd-48d9-a7de-5f4b6f9a03cf,
0013d606-aadf-40b2-bd22-15226ba52c77,d466948e-98e6-43dc-a905-dcea1b5b25c3,4bc48d3d-7472-4194-abe1-af88bf3623a3,
d6d6923d-5cac-42e5-9e93-4911adcddbda,d466948e-98e6-43dc-a905-dcea1b5b25c3,4c416405-7690-449b-bbaa-2227d1ebb8d2,
3ccf8934-c344-49d6-95c0-b849417760a3,d466948e-98e6-43dc-a905-dcea1b5b25c3,4ca50dea-947f-4629-9f12-e45a66728b80,
edd4f4db-664a-424c-bc35-c7e4387d716c,d466948e-98e6-43dc-a905-dcea1b5b25c3,4d7211de-4edc-440a-9935-efc248a46f34,
72d8c2c9-aff8-4fc9-b7b7-3502d6c1ea23,d466948e-98e6-43dc-a905-dcea1b5b25c3,4da39877-00b0-43d7-add1-a7e9e6d89d5d,
ab36cb2b-d8c2-4d01-8024-42ef41eb0132,d466948e-98e6-43dc-a905-dcea1b5b25c3,4dab0eaa-edb3-448a-97a9-fa6adf2526e7,
ec9bd91e-858c-4afe-8eb9-274c6d00d342,d466948e-98e6-43dc-a905-dcea1b5b25c3,4db70148-c7c6-4e35-9221-c6e74990297b,
a8764801-926b-463b-96ba-bad98ff88be0,d466948e-98e6-43dc-a905-dcea1b5b25c3,4e112e4e-5869-40f5-9f9d-16f665565e53,
7e6709d9-cca2-410d-bfc7-3ce7b5351d75,d466948e-98e6-43dc-a905-dcea1b5b25c3,4e51b657-cbc7-47a3-b208-d70cf93136de,
44eca44b-f102-4acb-b03f-5f1301f05a74,d466948e-98e6-43dc-a905-dcea1b5b25c3,4e6cbb28-78ff-42a7-9151-09ba759ea8a4,
be51f324-b99c-4fc7-b26c-385aa83f19f1,d466948e-98e6-43dc-a905-dcea1b5b25c3,4fdc9d34-a2da-4387-9395-fccb33d21914,
3d849f65-f045-44c0-9109-2d5044d00f60,d466948e-98e6-43dc-a905-dcea1b5b25c3,51eaa848-a6b4-4822-86cc-4be44cd45e90,
5b6ac7f5-4e4f-4876-ac93-3cab2e0fdfa1,d466948e-98e6-43dc-a905-dcea1b5b25c3,51fc8b1a-864b-42de-b295-1c3849c2650d,
d738fa22-b2b4-4532-8c0f-34d93e511889,d466948e-98e6-43dc-a905-dcea1b5b25c3,522bf0eb-abde-4511-9727-6c15508b3fc8,
8c4fe643-9927-4528-9d9f-59408b11ee8e,d466948e-98e6-43dc-a905-dcea1b5b25c3,526d92e4-0445-46a2-8d7d-aa9a2072055f,
8f6add37-f037-4dde-a250-2513eec38f98,d466948e-98e6-43dc-a905-dcea1b5b25c3,52a732fe-0460-4adb-bfb9-ef13d04ed80c,
b45931cd-00f0-4ce5-b48e-37d167fc2824,d466948e-98e6-43dc-a905-dcea1b5b25c3,52ff9c7a-47d1-4111-9266-c1328bed370c,
998b6866-7f3e-407f-babb-14c6496ea3fc,d466948e-98e6-43dc-a905-dcea1b5b25c3,5383909a-b359-4485-a735-2329b3e51d08,
5bb5d10a-0219-4c8d-8bf2-df4d17902212,d466948e-98e6-43dc-a905-dcea1b5b25c3,54cdcb76-f1c5-4484-b347-ac1e2c82861d,
6f6bb454-9e7d-4a70-b536-3382f215fc81,d466948e-98e6-43dc-a905-dcea1b5b25c3,54d631d5-e2b3-4343-866b-bd2bdca8a978,
dc85f80b-83d0-4962-aa0f-3cbf2032af15,d466948e-98e6-43dc-a905-dcea1b5b25c3,55b491ad-d49b-4d4b-934e-07ad5b73e0e5,
14cf8c6b-d9fa-4f0d-b666-5212b13adaea,d466948e-98e6-43dc-a905-dcea1b5b25c3,55c4c385-69cc-4f86-ac99-7d14f3112d2e,
27de04f8-b8a0-42d8-afe4-8b8d88328e58,d466948e-98e6-43dc-a905-dcea1b5b25c3,56195d00-dd74-4c51-a846-351a97bd8ad5,
e3731230-33df-4d4d-b96d-054d2c5b5507,d466948e-98e6-43dc-a905-dcea1b5b25c3,5651b2f4-c8c1-4bf9-935c-5942fec0461b,
f695a011-c823-45b0-bafa-700bcec6e0bd,d466948e-98e6-43dc-a905-dcea1b5b25c3,57608be8-fef7-40d5-87f4-dd985a67fd37,
88d75399-f89f-4b5b-ad7e-c1ff43fc531f,d466948e-98e6-43dc-a905-dcea1b5b25c3,59e7e460-2317-4196-80b4-ccbf604705e5,
b9b89b64-4132-458e-834c-510b9db5f046,d466948e-98e6-43dc-a905-dcea1b5b25c3,5a056c43-0b71-4caa-a827-1ac11eb0fea8,
6315e961-5fc1-4068-9e7a-27cd4fa08e0f,d466948e-98e6-43dc-a905-dcea1b5b25c3,5bc81f54-9df6-4eff-b776-d885a0f73345,
8fb01ce5-a4d8-4980-9fd9-83d7dba6b6da,d466948e-98e6-43dc-a905-dcea1b5b25c3,5bfa3405-ae65-4c5e-a27a-46021f2b2d88,
77107beb-264e-4e06-898c-887cc2e0866c,d466948e-98e6-43dc-a905-dcea1b5b25c3,5c12bf2d-8ada-4a22-962a-ebe26f56b330,
2a3f8692-190b-476d-a8d6-9b7cf45b8f2c,d466948e-98e6-43dc-a905-dcea1b5b25c3,5c4f1569-fb2f-406b-bd39-3f30df73c40a,
328211ef-ec71-42d5-a656-0e66f4a9d678,d466948e-98e6-43dc-a905-dcea1b5b25c3,5c7f5afe-4efa-448c-b5c0-c10afcc50317,
fd000bc0-dd9d-44ec-9002-9f0b64287570,d466948e-98e6-43dc-a905-dcea1b5b25c3,5d0a1dbb-5351-4462-9e9e-beeebd70f4f4,
ff7e7598-bf07-47c8-a5cc-fc2e7d90d5fc,d466948e-98e6-43dc-a905-dcea1b5b25c3,5d5f0dfe-58d2-4249-81cc-713ed5c73f32,
74bed735-a91d-49fe-ac81-6dda2ce10992,d466948e-98e6-43dc-a905-dcea1b5b25c3,5e839eb7-91fb-426f-8bf6-d5ba0e5b46d9,
5b7e0858-290d-4cb8-84d6-5101957f55cd,d466948e-98e6-43dc-a905-dcea1b5b25c3,5f929c92-aa2d-4367-b8fe-ccc637f7b803,
68c3ef7e-6916-4d07-879f-6ba13327c468,d466948e-98e6-43dc-a905-dcea1b5b25c3,60788dd3-7ff6-4791-aa4b-c59f75858299,
74d76621-f6fc-4042-aec6-b96915e78265,d466948e-98e6-43dc-a905-dcea1b5b25c3,6081981b-2d85-4173-8366-bd235409f7fe,
dddf6b1a-374c-4040-a821-52f409636994,d466948e-98e6-43dc-a905-dcea1b5b25c3,60f7c60e-be2c-42c4-b2b8-fb82248435cd,
66e522b6-532f-4988-88ac-7b1c06f3c034,d466948e-98e6-43dc-a905-dcea1b5b25c3,60fb1a3d-7ecf-4e07-bcee-41cb0b7cd34a,
0432e774-3329-460b-9c45-ad6abb6c94a4,d466948e-98e6-43dc-a905-dcea1b5b25c3,618ad0dc-baeb-4897-8c22-2096f0379db6,
3bdb3da1-c6d4-4679-814b-372a3722196f,d466948e-98e6-43dc-a905-dcea1b5b25c3,6203c17b-f9dd-431c-8017-a167314cc85b,
070ff544-c462-4acc-83e5-4c50618d39fd,d466948e-98e6-43dc-a905-dcea1b5b25c3,6266bdde-7a80-4c65-858e-edc11f4c243e,
f978528b-05ff-4494-be45-e328c9789f4c,d466948e-98e6-43dc-a905-dcea1b5b25c3,63f41f98-2108-494b-8b3c-44e5c70fc8b4,
c4316de3-1873-4c76-8e7d-f1c362d6a337,d466948e-98e6-43dc-a905-dcea1b5b25c3,64361ef6-c8c5-4647-9d19-7b6c017afc16,
792fa86a-2133-446e-b380-602317df03a7,d466948e-98e6-43dc-a905-dcea1b5b25c3,6439a6bc-f907-4dff-a4a1-3aeec2c172e9,
644dabe9-5ba9-4a00-b71f-3a872fe2e936,d466948e-98e6-43dc-a905-dcea1b5b25c3,6488c691-001e-4ebf-b34b-a3fd974111b7,
3ed058dd-7ac8-4e72-a4d2-f824dddb1bf8,d466948e-98e6-43dc-a905-dcea1b5b25c3,64c7531b-4abf-42d6-897d-cafa5f24b802,
86542d0f-5ccd-4c75-8582-058095221ca3,d466948e-98e6-43dc-a905-dcea1b5b25c3,64f3a601-9612-400d-89ae-ce5d1476b87b,
7b25c5ce-efe7-49b4-bdca-fc56eda98e5f,d466948e-98e6-43dc-a905-dcea1b5b25c3,65bcf67c-737f-469f-95b9-113772e5aa7b,
741ec187-a82f-4729-859c-9e3facd313d5,d466948e-98e6-43dc-a905-dcea1b5b25c3,66ecc53d-8364-44f7-8de6-969cb13b1688,
f45f4f0f-d0d2-4599-8d78-dea7015a627d,d466948e-98e6-43dc-a905-dcea1b5b25c3,67397f4d-53bc-4e60-a611-00b332e75daf,
320bd2b3-11d7-4398-a153-69c09d92c360,d466948e-98e6-43dc-a905-dcea1b5b25c3,67806afc-f3f1-459c-8cf0-4cf4ab00bfd9,
5b7ec49c-e209-4b38-a7d1-15d21fb5da6c,d466948e-98e6-43dc-a905-dcea1b5b25c3,67d60b9a-9957-405a-b690-b53259eacd62,
ca7d082f-360c-4b88-b49a-64705fe48099,d466948e-98e6-43dc-a905-dcea1b5b25c3,68752565-bd80-41d1-9df7-4fc05bb13d51,
cec6cd4d-bc8c-4117-90f5-6f5f9a45e259,d466948e-98e6-43dc-a905-dcea1b5b25c3,68974078-aa01-49f5-adf4-2c63c30b5645,
d6082626-2cb3-4c7b-ad58-152f1bab7e90,d466948e-98e6-43dc-a905-dcea1b5b25c3,69a14764-b5d4-4794-876e-e07884e772ef,
3977e101-2c26-4658-b5c9-2d2d918d105a,d466948e-98e6-43dc-a905-dcea1b5b25c3,69ef1d0f-9e40-435a-b220-1e2be1f0cdd6,
2b9a6f71-0cf4-419e-9f2f-ba5b5c87f875,d466948e-98e6-43dc-a905-dcea1b5b25c3,6a538eb2-559a-43a0-81ed-306c2060dcfb,
1a83179f-7069-4b38-ad32-5a132e10cac6,d466948e-98e6-43dc-a905-dcea1b5b25c3,6a7fb789-9128-4b32-8abf-bf1cbae5a136,
2412b354-c905-4502-b600-c7993b278d97,d466948e-98e6-43dc-a905-dcea1b5b25c3,6ae9a542-050f-4a5d-a7f1-18ca02d0bdc6,
f8d3b136-3e3d-431f-bf10-f31c0a0cc96e,d466948e-98e6-43dc-a905-dcea1b5b25c3,6c70314d-0a22-433c-812a-192d964267df,
e1371f76-b6c3-4442-9f4a-70086a4fe56a,d466948e-98e6-43dc-a905-dcea1b5b25c3,6cdc44d3-a509-4111-88cc-8a649d7872b6,
082d9876-6d0d-4bcb-9990-1f994657c18b,d466948e-98e6-43dc-a905-dcea1b5b25c3,6dc0ae7d-603c-4b21-858e-7470285b7de4,
19da2541-85bc-4f62-8885-62d703d5165d,d466948e-98e6-43dc-a905-dcea1b5b25c3,6e1bc1a3-3ce7-4bc1-91ab-3e0533715731,
0567997d-0139-4d9f-aedb-6aa61a3775f7,d466948e-98e6-43dc-a905-dcea1b5b25c3,6e50752b-d15f-4daa-aefd-dfd4d9a4f67e,
defd70b2-7df2-4eb4-bbcd-64edf2d4e9f8,d466948e-98e6-43dc-a905-dcea1b5b25c3,6e705885-c1ef-406b-919f-de24b398362b,
fe724878-9866-4c91-b4ba-761e4d151c56,d466948e-98e6-43dc-a905-dcea1b5b25c3,6e7f9c9b-9ee2-4454-9230-61c0b526573d,
7ed9ebb9-c4c2-4da9-bf77-b1c818ccb7c4,d466948e-98e6-43dc-a905-dcea1b5b25c3,6f7a782b-3f95-48f3-876c-a8d41d3f38fa,
ab2bb93a-8971-4046-b445-770d85eaf73a,d466948e-98e6-43dc-a905-dcea1b5b25c3,6ff546d5-9af5-4564-b07c-701952221cb0,
b85a84fd-912a-49e8-bdbd-ec1682259382,d466948e-98e6-43dc-a905-dcea1b5b25c3,7048d84f-dc74-4071-babb-ce9436e69806,
52ae6ca4-b057-4f3a-9b71-28677fefe873,d466948e-98e6-43dc-a905-dcea1b5b25c3,707734b0-7fe3-44da-93da-151c0da4d8cc,
1e0d5647-7cda-4230-a556-67c99ddce3fa,d466948e-98e6-43dc-a905-dcea1b5b25c3,71f9b8e7-c24e-4c17-8a60-cb54da491462,
ca57a84c-ffc1-4d25-af30-afa5085e6593,d466948e-98e6-43dc-a905-dcea1b5b25c3,72b6e211-c7ab-4d90-b226-a74559b0217a,
5daec77c-515e-4156-a549-8484ebfd88ef,d466948e-98e6-43dc-a905-dcea1b5b25c3,72cd4b64-80c1-4c8e-b035-27836c05b457,
2c671535-7309-413a-b6b6-becf9225310e,d466948e-98e6-43dc-a905-dcea1b5b25c3,733dde98-9330-4957-93ad-5f8c307b217b,
7cef5bb9-c253-4a06-bb8f-cccad67c944e,d466948e-98e6-43dc-a905-dcea1b5b25c3,74065e69-8c6e-4e33-8c2b-987ff4b9a36c,
21e1b5b1-06ba-4b8e-ae5c-45717d43cf78,d466948e-98e6-43dc-a905-dcea1b5b25c3,741f8f29-0938-48f3-a5ee-0a9b2419aaac,
7e7c0bb3-057b-412b-ba43-e8cdebef20a7,d466948e-98e6-43dc-a905-dcea1b5b25c3,74754866-75e1-468b-9ea4-6f2ed62488cf,
df596422-3f06-451f-9678-cd1a51251450,d466948e-98e6-43dc-a905-dcea1b5b25c3,74a24118-ab83-4ddc-8190-8df45bd04b99,
2ecb90ac-a02d-45a5-ac46-6d3bf35b7435,d466948e-98e6-43dc-a905-dcea1b5b25c3,75a9a371-5cff-4f15-af2a-b348e32748b4,
24727fb9-2220-4bb1-ad6d-b7005143de38,d466948e-98e6-43dc-a905-dcea1b5b25c3,76539ff5-12f7-480e-8e47-5a6e52646fc7,
41749e4c-cd61-49de-a345-aa7eddb0c463,d466948e-98e6-43dc-a905-dcea1b5b25c3,771372f2-2937-4fe6-acb6-35a21b6c4800,
7bdfa45c-7350-461c-8d53-d07bd8ec3706,d466948e-98e6-43dc-a905-dcea1b5b25c3,773eb640-0fe1-4644-b8ad-44d3513a1807,
17d817d8-2e18-43f0-8878-f80b46e16de4,d466948e-98e6-43dc-a905-dcea1b5b25c3,7747a246-01f8-47ec-8bdc-0586de81cfb6,
cb920ef1-dc6b-4d6e-b97d-032b9a933c40,d466948e-98e6-43dc-a905-dcea1b5b25c3,77498969-7535-4855-aa92-0acfcaef6653,
54127528-b404-4d4d-8412-3c79f289ff36,d466948e-98e6-43dc-a905-dcea1b5b25c3,7822c09b-c26f-4ed4-a028-df33917e9a92,
14e99e61-abf4-4fff-a90b-93b660cd0702,d466948e-98e6-43dc-a905-dcea1b5b25c3,786432ca-9c11-4941-a5eb-afd816d06f35,
e347b12e-7454-45d6-9f28-ba2e06c7178b,d466948e-98e6-43dc-a905-dcea1b5b25c3,79396cbb-de50-47f4-b873-49ca404a23f1,
c212f0f5-c4fe-4bc8-aecb-2ab1291e99a5,d466948e-98e6-43dc-a905-dcea1b5b25c3,79afb0e2-f053-4b8a-a95d-0e195fb4dfa3,
1ce8869f-805b-4408-8d1d-1ccc20592db8,d466948e-98e6-43dc-a905-dcea1b5b25c3,79b19ecb-27cf-49b2-a0af-e3e35a353792,
f2984057-c0ca-4539-ba01-832792d18c83,d466948e-98e6-43dc-a905-dcea1b5b25c3,7a0833d9-40a5-446f-9c65-a2ac810f77ed,
e5de08f4-5d35-4616-b1e0-eb60616bc2f3,d466948e-98e6-43dc-a905-dcea1b5b25c3,7a60e1c3-d599-45ef-87de-eb876c6dd01b,
ace1c7f5-eee5-4100-bb41-fb28b7ae659e,d466948e-98e6-43dc-a905-dcea1b5b25c3,7b216bc4-ffc3-4f77-b5f6-31ece86914df,
490a02ef-43e2-42d9-be53-0247ffb750d6,d466948e-98e6-43dc-a905-dcea1b5b25c3,7b2607e5-3e94-404e-b5df-474e2b7871f8,
983f4f9c-1036-4c0b-af8e-c62288764bb1,d466948e-98e6-43dc-a905-dcea1b5b25c3,7b87824f-103c-428b-b39a-38e12897a543,
48816a0f-05ab-4614-b52e-b3b7910bb6e8,d466948e-98e6-43dc-a905-dcea1b5b25c3,7c21b588-cb7d-45a9-8dbb-5e0e599261b2,
ba8f4946-f648-493b-960e-84eb8973b6b4,d466948e-98e6-43dc-a905-dcea1b5b25c3,7c47af6f-902d-4099-8468-b9abc76b8a13,
ebb095b3-bc98-47b3-a080-dee6855013b8,d466948e-98e6-43dc-a905-dcea1b5b25c3,7c7b7685-049d-426e-afb9-4c017acd1f8e,
991b7630-f132-4047-9170-c91ed0578862,d466948e-98e6-43dc-a905-dcea1b5b25c3,7cddd591-7676-4e2e-aec4-5407195d6443,
dd8a9677-cc2e-4a13-99e4-6c9b19bfb91f,d466948e-98e6-43dc-a905-dcea1b5b25c3,7d449651-fc36-44fe-99d4-6de329bfe29a,
04ef83f9-f214-4947-92c1-71f5dc7dbf47,d466948e-98e6-43dc-a905-dcea1b5b25c3,7e0cfe12-1fe5-4663-8f99-ac3866fbb2f5,
07fb64c7-a81d-49e4-93cf-346a512e99ae,d466948e-98e6-43dc-a905-dcea1b5b25c3,7edc25f2-86fa-47c1-95a1-d8172e583e3d,
e11b0af3-f089-4383-bfe1-736db9a4308a,d466948e-98e6-43dc-a905-dcea1b5b25c3,802996c7-e10e-4109-bb41-201a3483e4c5,
3df4feff-7b13-4332-99f5-b26b8d23cc12,d466948e-98e6-43dc-a905-dcea1b5b25c3,8089d11e-3947-4953-bbae-811f78837c6b,
bde84ac4-301d-4825-9bf3-b5661ae31783,d466948e-98e6-43dc-a905-dcea1b5b25c3,80c15919-18ff-495e-b124-6348918dbfa6,
99e6882a-7b87-4d1f-abae-1d85ffd635c9,d466948e-98e6-43dc-a905-dcea1b5b25c3,80ef999b-0948-462c-bffd-e6e36de0bf90,
622327e2-d23f-400d-8a85-51025ee22d4f,d466948e-98e6-43dc-a905-dcea1b5b25c3,81155453-93b7-49f8-878c-7db47bfea728,
ebb1a8e1-3bf1-48a7-b55d-c55f189afde9,d466948e-98e6-43dc-a905-dcea1b5b25c3,81a90c4c-2354-4838-891b-8630a303944b,
4d1f0b74-6d64-413b-bd72-1fba5ebbf025,d466948e-98e6-43dc-a905-dcea1b5b25c3,81d2f6ae-e6ee-4171-be14-1ba97eeec7a4,
f64e4637-0dae-40a1-a793-0cecf9ac6aec,d466948e-98e6-43dc-a905-dcea1b5b25c3,821f7c8e-7c51-4f4f-9872-34df3a8045a2,
78971845-afd2-40a9-b57f-40a063549e44,d466948e-98e6-43dc-a905-dcea1b5b25c3,8275fb5d-415d-4699-8512-9c28bbe122e3,
438707da-1af1-4d68-a4d9-01996a7ca644,d466948e-98e6-43dc-a905-dcea1b5b25c3,82db865d-9651-415c-a568-94561e0c04a3,
60703200-4d02-4a2f-b0d4-46f27b818029,d466948e-98e6-43dc-a905-dcea1b5b25c3,83bed171-e9e5-4fcf-b3a3-6f1ae36739f4,
38cda02a-1c14-4993-9e2b-80ff33e0f712,d466948e-98e6-43dc-a905-dcea1b5b25c3,84ef7ad4-8c1b-46ac-9b47-5aade820002b,
81304b81-a6da-4ea4-b01c-02e52c53f54b,d466948e-98e6-43dc-a905-dcea1b5b25c3,851a8459-444f-480d-ad3c-e827fbd5f9cf,
6a316896-7599-4864-8538-b84e8edc3447,d466948e-98e6-43dc-a905-dcea1b5b25c3,8570f7ce-0587-4f54-acbb-99effa4210bd,
8004e380-b396-41f8-9fa0-bfa5bd4bffe3,d466948e-98e6-43dc-a905-dcea1b5b25c3,85824244-32e1-4ea1-828e-90e19d9020ca,
d3de3fd2-0aeb-422e-b62c-db0be19ccbe0,d466948e-98e6-43dc-a905-dcea1b5b25c3,85eb8989-5b14-419e-b4c0-12506d85b6ce,
b0ac4751-5bbc-4fad-8927-8bff2f53b350,d466948e-98e6-43dc-a905-dcea1b5b25c3,8712677e-1f1b-4d21-b261-c3385b064d57,
07f71f0c-2edc-41de-baaf-cc12c19d15bc,d466948e-98e6-43dc-a905-dcea1b5b25c3,87654eb4-a12a-45a5-b213-82cf7b5f9aa3,
e2b69046-91e0-4693-8108-a5d383bba9f0,d466948e-98e6-43dc-a905-dcea1b5b25c3,87783430-82e7-4d44-b037-00c9fdadf50b,
d6248c8a-c644-4231-8273-ce363f00c598,d466948e-98e6-43dc-a905-dcea1b5b25c3,879409ee-10f6-4f5b-9be9-c57f28ab6a06,
f7a1d079-107e-46bc-88d3-a2190287fed5,d466948e-98e6-43dc-a905-dcea1b5b25c3,880d97e2-aedc-4354-ac4b-51f9f71e0db4,
f5147822-d25d-448f-a036-4682be1057d5,d466948e-98e6-43dc-a905-dcea1b5b25c3,880f663a-af7d-4f95-b4d2-72c7a00f94ad,
dd7e29ef-efda-4411-9f1f-956e818deecf,d466948e-98e6-43dc-a905-dcea1b5b25c3,89d1d0d1-fd34-4ecb-bcc6-ca99db85969e,
52d3b104-f86e-40f6-80c3-cdd54d73b02e,d466948e-98e6-43dc-a905-dcea1b5b25c3,89dd3d4e-cb39-46ac-86e4-3e72c3da78e2,
8eed91fe-1382-4065-864e-99820e63e2c9,d466948e-98e6-43dc-a905-dcea1b5b25c3,89defc47-f2a0-46a3-9908-9479b05eced2,
60739f99-c4a1-443d-992a-9260085d3cbc,d466948e-98e6-43dc-a905-dcea1b5b25c3,8a1e2bc8-9800-4eab-bcb5-07308923526d,
cc1a6a0d-b835-4c5c-a73d-740b28dc3c4a,d466948e-98e6-43dc-a905-dcea1b5b25c3,8aac19ca-f14c-459c-8e33-28b98477e976,
90dadddb-5875-4c86-8d44-fb53b0bc2582,d466948e-98e6-43dc-a905-dcea1b5b25c3,8abe1d62-44e1-480a-abfe-d13a5b646cb1,
470373c6-8ccd-400c-8ca6-f16f5060281e,d466948e-98e6-43dc-a905-dcea1b5b25c3,8adaaafb-c7de-484b-b916-e0877f726b2d,
10558a3d-97ad-4ba1-a3f1-d72757fb2d34,d466948e-98e6-43dc-a905-dcea1b5b25c3,8b0d8488-861d-4a37-9850-ba674c0c6bc8,
830c904a-3d2d-41de-9514-f98042634a03,d466948e-98e6-43dc-a905-dcea1b5b25c3,8c11b3e0-5ad8-4d23-9b35-e4e3a9f3006c,
4ce3b20a-c504-4f8b-95d3-a5838cf99d23,d466948e-98e6-43dc-a905-dcea1b5b25c3,8c69d477-58b3-471c-960e-113021968b8f,
af9d5fe3-463e-4ac9-b263-8fac059b45ac,d466948e-98e6-43dc-a905-dcea1b5b25c3,8c816a06-e83f-46fb-a2a7-e4890b78afb2,
74ed911e-c61a-43b3-bd3a-53f5d0c55a4f,d466948e-98e6-43dc-a905-dcea1b5b25c3,8cb80650-a867-475e-95cd-e67387a0b925,
ac1d9e47-a33d-4217-bc0b-8c839e929578,d466948e-98e6-43dc-a905-dcea1b5b25c3,8f35498c-fb51-49e1-9ea4-6b094366ea26,
998f86b9-fc2f-4014-867b-15ff281ef75e,d466948e-98e6-43dc-a905-dcea1b5b25c3,901425a2-a0f1-4d6b-9e9a-9567dcd89236,
7ee897d5-ebf6-4b5b-b201-89a96a665406,d466948e-98e6-43dc-a905-dcea1b5b25c3,904fe7bb-a492-43c9-ba67-677dcd5ef130,
c73f1c5c-7ce6-4387-bf7e-a27032376ec6,d466948e-98e6-43dc-a905-dcea1b5b25c3,91b2b837-1ace-4522-a45e-88e7b28ae09a,
b200dac3-865c-4a6a-91ab-5e27bebb8191,d466948e-98e6-43dc-a905-dcea1b5b25c3,920c90f5-4c11-4069-a067-f46fa9d1526b,
b0f2e33c-9f9d-4266-a2d2-debd24f72d92,d466948e-98e6-43dc-a905-dcea1b5b25c3,92a026b1-c989-403e-a877-24be888e9a28,
2e3b67d7-0921-447c-97a0-2173bcf85316,d466948e-98e6-43dc-a905-dcea1b5b25c3,93152ca2-2236-404c-8f06-3280c4628dff,
604ce146-ffc7-4017-b04a-4a4c048f7d23,d466948e-98e6-43dc-a905-dcea1b5b25c3,93b0e880-1da5-4775-82d6-da9fa5d527b5,
dc98f900-c5bf-4156-81f6-6973c37e736e,d466948e-98e6-43dc-a905-dcea1b5b25c3,94bcedaa-4744-4396-abb1-c579c4f00383,
9fdc8edd-9da3-4e7a-9722-88181fc49e22,d466948e-98e6-43dc-a905-dcea1b5b25c3,9525aac6-6131-4083-b6f5-cd2a6b3884dc,
cc0f1772-e396-42b6-b875-9acaa6c1708c,d466948e-98e6-43dc-a905-dcea1b5b25c3,95359271-f2eb-4c9b-b0c4-e39a8bbcf823,
b8e85f53-f205-4640-a272-7fa7e77c56a7,d466948e-98e6-43dc-a905-dcea1b5b25c3,960c30fa-56d4-4749-bccb-9ad340907678,
e09bb278-e55e-4748-be81-1aba5571329a,d466948e-98e6-43dc-a905-dcea1b5b25c3,965a188a-93b8-4465-acc1-b76db3d9850a,
f670459a-db78-4276-8d75-2bf8e0d86c9a,d466948e-98e6-43dc-a905-dcea1b5b25c3,9667f99b-0cc6-4b37-ad79-e7c9e23ca10b,
14aa3314-f68a-4c87-ad23-7f890dba8f2c,d466948e-98e6-43dc-a905-dcea1b5b25c3,96dbc704-1a43-4faa-b5b5-17986e1a0ada,
2437d967-3b59-4fd9-aa58-99460042718f,d466948e-98e6-43dc-a905-dcea1b5b25c3,970baee2-e229-4bdb-903a-8e658e7d679b,
a27c2483-9353-4b91-ab15-f37990afe927,d466948e-98e6-43dc-a905-dcea1b5b25c3,97551527-4b78-4e45-89fa-de38700b5abd,
80917ebe-8ddb-4fad-8076-27d7e1e9a19b,d466948e-98e6-43dc-a905-dcea1b5b25c3,978f6556-fecb-43c6-b314-97a2b245f79e,
dae0a28b-763d-4a43-843e-d4fdfe68ef14,d466948e-98e6-43dc-a905-dcea1b5b25c3,98416a7e-0e56-41e3-ab64-c60987f431e8,
49140d4e-d05d-4e20-b9b3-830a483b4190,d466948e-98e6-43dc-a905-dcea1b5b25c3,987e39cd-29d2-4610-acea-22b3d32bb1f4,
aa08b780-afb7-4ad5-aebe-b7dd266edef5,d466948e-98e6-43dc-a905-dcea1b5b25c3,98a07696-d7c5-4df3-a7c6-6a0f3f17e5ea,
eb5fb2ed-68ce-4ba8-963f-1d33535c3559,d466948e-98e6-43dc-a905-dcea1b5b25c3,995f38a2-881e-4678-982d-8edf0cdf4a5f,
8fd69b73-a4be-4fa2-adc7-0d4f77e2f9d4,d466948e-98e6-43dc-a905-dcea1b5b25c3,998e7c22-c85d-454a-a314-4d7fd7563740,
4a13190c-4bf9-45d0-ae01-d8d2e6ebf31c,d466948e-98e6-43dc-a905-dcea1b5b25c3,99b04ec2-bb9f-4bb9-a8f4-7167a24f1016,
e69726e5-d8b5-4b09-b624-ec562dea5059,d466948e-98e6-43dc-a905-dcea1b5b25c3,9a761a47-b851-4739-8a45-1ac5312180c5,
91174f12-6d47-4b31-b63b-3ac5cddf85cc,d466948e-98e6-43dc-a905-dcea1b5b25c3,9aa392d9-7591-418e-a75b-74ee94f9ebd8,
4949082c-4c64-4718-ae1b-9c0ce48cb4c6,d466948e-98e6-43dc-a905-dcea1b5b25c3,9ad2dee8-3813-4073-8fe6-ef3d455e207e,
716c6109-a19a-4060-a8ee-618ea9eb9a23,d466948e-98e6-43dc-a905-dcea1b5b25c3,9b01daaf-9b8f-442b-a0a5-809ee9f14235,
eb3aa031-b3ce-4ab3-8951-4a119d02bb78,d466948e-98e6-43dc-a905-dcea1b5b25c3,9b061616-ae00-4090-ae6b-f9f90022f7b5,
464aa316-0ec3-4d86-ab84-7e51d58d82a5,d466948e-98e6-43dc-a905-dcea1b5b25c3,9b1b2c51-de19-46a3-a39f-3fb95168031d,
de840191-0f6d-454c-bb41-df283ffaec97,d466948e-98e6-43dc-a905-dcea1b5b25c3,9b3488b8-f9a7-47e1-b8a7-af81c5353196,
d01a60cf-f25f-4bf5-81b6-aeb2b73fe249,d466948e-98e6-43dc-a905-dcea1b5b25c3,9b919100-da71-40bb-8db2-893a828804e2,
c6ec4803-b71b-42c3-a389-f6012e33eb1e,d466948e-98e6-43dc-a905-dcea1b5b25c3,9be026f7-ad8b-4087-be41-429750cb5447,
de981cb1-50ea-42c6-ba7e-c5945fafe601,d466948e-98e6-43dc-a905-dcea1b5b25c3,9c5b87f8-eece-40cd-9598-cb00caa09ee9,
03c2db3a-9069-479b-9935-6d5b0e603a7f,d466948e-98e6-43dc-a905-dcea1b5b25c3,9c908932-74df-4fa3-b981-02f36c505609,
bd003d11-2bb6-4618-87a8-f47401621c9f,d466948e-98e6-43dc-a905-dcea1b5b25c3,9cbf5a11-4b75-4ca7-93b9-3ce66ef5314f,
5117c720-8743-4eb4-af6f-a38e41887cac,d466948e-98e6-43dc-a905-dcea1b5b25c3,9d6fb4ba-22c0-42c7-be3f-c80ac8e44956,
8081421e-f9d6-4159-98f8-3de4420d3601,d466948e-98e6-43dc-a905-dcea1b5b25c3,9da927ae-530f-4184-a16e-aff0866d0951,
931da816-2069-4e1e-80be-c45405b4fd53,d466948e-98e6-43dc-a905-dcea1b5b25c3,9de7dbed-da24-4aa6-9157-57a175f6301d,
aa774d26-feaf-434e-a180-130928b4074b,d466948e-98e6-43dc-a905-dcea1b5b25c3,9e15c2b7-6a41-4085-853f-5feda5f5cc50,
a0d01ce0-7e46-4eab-94ab-4be7086210ae,d466948e-98e6-43dc-a905-dcea1b5b25c3,9e492e6e-5679-4e47-95de-2280d23f8642,
3fe8efa0-6ccb-4885-b38e-b1c03ba70ce1,d466948e-98e6-43dc-a905-dcea1b5b25c3,9e5b8b84-389c-43ba-9b60-4eb78c6f9de0,
16331e24-8947-4565-8149-e93722abd45f,d466948e-98e6-43dc-a905-dcea1b5b25c3,9eec0924-15a1-4141-b65b-eac4ece5d93d,
8e85b4cc-90f8-4897-b2cd-e7057a924438,d466948e-98e6-43dc-a905-dcea1b5b25c3,9ef4dd04-1305-4a64-b7df-39e0d186763c,
57aa4736-49dc-40ef-a42a-edece3ad6bbd,d466948e-98e6-43dc-a905-dcea1b5b25c3,a0d8ee3c-94f0-474b-b7a0-8846daceade3,
fe307b4b-7d99-4fee-8eb7-dd4a56383657,d466948e-98e6-43dc-a905-dcea1b5b25c3,a21553cd-d714-4268-a924-ecb7ea23c736,
e1e3177a-54f4-4e56-a89b-de4458a39380,d466948e-98e6-43dc-a905-dcea1b5b25c3,a24964aa-8ead-44a4-9e55-02dc12d7cc76,
c5f41127-2bed-40d9-bc1a-b8752fe11892,d466948e-98e6-43dc-a905-dcea1b5b25c3,a2a53c26-1397-4e37-a788-5f93566a7eaf,
853c0396-a4c5-4b62-9c2e-45718ecf07c2,d466948e-98e6-43dc-a905-dcea1b5b25c3,a2ba2a36-1bdf-4429-af88-1a0f98bbcf90,
ddfe79fb-0390-4068-97d6-1b696efdf68e,d466948e-98e6-43dc-a905-dcea1b5b25c3,a2e8ae4a-fe6a-4ecd-bcd9-2e555ec8f4f4,
a7690b0f-8efd-4665-a7e7-9eb93954a966,d466948e-98e6-43dc-a905-dcea1b5b25c3,a3fa14fd-117e-4b46-a28d-6bb96ef1705f,
2f2b1340-7998-4dc9-9702-a2d1fbd12943,d466948e-98e6-43dc-a905-dcea1b5b25c3,a464e63a-7897-4533-9ba2-b0cba5f13235,
dabe46c7-d76e-40a8-bfba-2bab8b8d619d,d466948e-98e6-43dc-a905-dcea1b5b25c3,a4c1204d-bac3-476c-bf57-5b74ed84a4ae,
e079cee2-081c-4056-ac74-14f54eb0beaf,d466948e-98e6-43dc-a905-dcea1b5b25c3,a5263050-1c26-421c-94a6-0c76348e987a,
bf71f928-bcb4-4028-b849-196b9a94fb91,d466948e-98e6-43dc-a905-dcea1b5b25c3,a656e957-feb6-4ea5-b918-17dcdcf080b9,
32c08582-6362-44c1-a040-147528c29748,d466948e-98e6-43dc-a905-dcea1b5b25c3,a683b7ae-2b15-4076-bd00-964b330d5bc3,
92d09159-5135-4ba5-a216-6f96b6848c1a,d466948e-98e6-43dc-a905-dcea1b5b25c3,a688ba0e-4fa8-45a5-b961-f25c914bd54a,
a174522f-f234-4cad-b4a9-880a020293b7,d466948e-98e6-43dc-a905-dcea1b5b25c3,a6a35503-c245-4cd3-b7af-f404a5ca7cb2,
f738dc5a-a5f4-46f6-b526-94409ae1416a,d466948e-98e6-43dc-a905-dcea1b5b25c3,a6c519ba-4860-444c-a8d8-43697f5b00cb,
0f183629-622a-4fdb-82c0-d1df9058022b,d466948e-98e6-43dc-a905-dcea1b5b25c3,a7bb794f-80c9-4a86-a0cc-eb4ed7efb5ca,
3c6f40d3-cfda-4880-8ca8-c560af5f1817,d466948e-98e6-43dc-a905-dcea1b5b25c3,a8b9c496-f655-4d7a-a752-511efd85ef52,
bf2fcb73-323e-42c1-9236-e2f68ddf4660,d466948e-98e6-43dc-a905-dcea1b5b25c3,a8d70bb0-4ca7-4c7b-b64c-dbff2cc6cad4,
bcae1b8d-fd7b-4e44-b927-af6453faa2d0,d466948e-98e6-43dc-a905-dcea1b5b25c3,a94381d3-4f40-4771-9951-583d500fece8,
3368b868-9d69-413c-968c-61ff09350b99,d466948e-98e6-43dc-a905-dcea1b5b25c3,a9d60aa2-00a0-4ee0-b39e-08105b8523f9,
de30928f-8fcf-4718-8e57-2152f1ed63e4,d466948e-98e6-43dc-a905-dcea1b5b25c3,aa411c30-c3ce-4d2f-8712-dcee869a4cc0,
a2ff4a9a-56ea-4aed-87b2-ddbfe1532431,d466948e-98e6-43dc-a905-dcea1b5b25c3,aa572801-891a-44de-a9b8-e38d1bbd82a8,
c9a7052c-f5bc-48b9-ba98-c7759a5f192c,d466948e-98e6-43dc-a905-dcea1b5b25c3,aa74db73-0a3c-426b-8dd0-527543e7d927,
081d101f-72fa-4b7b-bd6e-bcad17f7f8f9,d466948e-98e6-43dc-a905-dcea1b5b25c3,aaa2dbaa-51cc-402e-8bba-0a349dac5372,
ddaaeabc-60cc-4069-b40f-a0b8e81dfa3d,d466948e-98e6-43dc-a905-dcea1b5b25c3,ab1b32df-6bad-4896-8f74-8d00ebcea192,
2607691f-39bd-468a-b087-fcf319671226,d466948e-98e6-43dc-a905-dcea1b5b25c3,ab522fc0-1724-4e28-9121-8ed5fe905f58,
56a42b6f-fab1-4b1b-bf47-be098caa8887,d466948e-98e6-43dc-a905-dcea1b5b25c3,abe546ed-3777-49cd-af2f-ddef50e6cb5a,
8c837cb6-2d7d-43fb-843d-40937748f318,d466948e-98e6-43dc-a905-dcea1b5b25c3,acc75c41-b051-4694-b08b-dffbe62d51ab,
d6e0f315-8cd4-4227-ab9a-63eb0dc532fb,d466948e-98e6-43dc-a905-dcea1b5b25c3,ace73918-a4bf-4159-9f91-d84701533f57,
37282a04-c458-4005-b0f8-8b7c016c256e,d466948e-98e6-43dc-a905-dcea1b5b25c3,ad2f1b4b-da83-4529-88db-d9c140c7be31,
2e2f93bd-9c19-48a2-a863-8d0c58e0f543,d466948e-98e6-43dc-a905-dcea1b5b25c3,ade29167-0e1c-4f53-a153-9a7109818815,
8d1e516b-259d-4fa9-82c3-6e6d763e8bba,d466948e-98e6-43dc-a905-dcea1b5b25c3,ae540c74-68f8-4025-b067-6ba324247b9c,
2b5dec53-a133-4777-a4a9-2c39711a8324,d466948e-98e6-43dc-a905-dcea1b5b25c3,af04ab56-8242-4dae-b779-95d5bad2faf5,
06e1eb15-61e6-46d0-88df-5f3b68c03309,d466948e-98e6-43dc-a905-dcea1b5b25c3,af9c625f-d9e6-4818-8d66-ab058447ddfe,
f85214f2-eed7-4971-bac5-99766474b180,d466948e-98e6-43dc-a905-dcea1b5b25c3,afbdec39-aada-4584-afab-05c8d6a564e4,
8653e7a9-2e76-4df0-8d86-ea981e6ef016,d466948e-98e6-43dc-a905-dcea1b5b25c3,b05ca418-b3fd-475c-8302-a3f91dbad615,
5c4cd018-1598-4287-819e-57f136caa44d,d466948e-98e6-43dc-a905-dcea1b5b25c3,b1453424-c055-424f-87b4-07665036f6f4,
09768632-219b-4863-9b35-6fbb5db5e1b6,d466948e-98e6-43dc-a905-dcea1b5b25c3,b1482d81-7ea5-435c-b580-7aad716981b5,
cc0f6cbe-8e33-4256-aa8c-a327359af5e0,d466948e-98e6-43dc-a905-dcea1b5b25c3,b234ee82-d3c4-4866-8651-e66249b952d6,
48b640ae-03d0-42b3-86df-05c5d6f3f5d9,d466948e-98e6-43dc-a905-dcea1b5b25c3,b2b04df1-954a-4cf5-8f6f-8276e0234b1a,
3c007ee5-5fe4-42db-9882-da8c543646cf,d466948e-98e6-43dc-a905-dcea1b5b25c3,b2b4a46b-7485-4f7f-8ade-943be88de576,
3292e3d0-75b6-46ff-a077-df654826496b,d466948e-98e6-43dc-a905-dcea1b5b25c3,b2ba1d1d-4cd0-4b7f-bfc9-585889c8db92,
a9154c5c-749e-4e39-ae54-d0b439aa05fa,d466948e-98e6-43dc-a905-dcea1b5b25c3,b2d907a7-c662-4d34-8897-45d425bfce96,
5a0ee70e-c36d-4150-9ad1-029326036d38,d466948e-98e6-43dc-a905-dcea1b5b25c3,b326f4a0-353e-4d51-aa7c-cc16b4a87928,
a95db6d0-6817-4bbe-a7f8-a7b96a913d36,d466948e-98e6-43dc-a905-dcea1b5b25c3,b36d487e-047e-4ebe-91ee-786eb6b00d0b,
7698f263-95cb-4767-8a3e-7426bb994e68,d466948e-98e6-43dc-a905-dcea1b5b25c3,b3843532-ae9d-4b3d-b135-552bbfa260d5,
5954d3a1-6e67-40a4-80c4-bb79f12b5e71,d466948e-98e6-43dc-a905-dcea1b5b25c3,b4c3cc9f-af4a-4468-8fb9-8d60e9340894,
9690eae9-455d-46d7-b339-f3919b826a62,d466948e-98e6-43dc-a905-dcea1b5b25c3,b557a578-d296-4995-abe7-b711eeaaf120,
a87bdade-8483-4ae7-932e-bb6c824ac368,d466948e-98e6-43dc-a905-dcea1b5b25c3,b55e9240-d51d-4824-b1af-5fe5cc44394e,
19c2025c-d3db-4454-980a-a4902a8cdc65,d466948e-98e6-43dc-a905-dcea1b5b25c3,b5bc4305-bd26-4764-a3d1-87fd0294a1bc,
855b4626-ffc6-4a8d-ad16-5d71d46ffff3,d466948e-98e6-43dc-a905-dcea1b5b25c3,b6287493-8fce-4ab0-8fa4-529027d9389c,
b138ef82-7271-4844-a109-65aea0d09d26,d466948e-98e6-43dc-a905-dcea1b5b25c3,b68396f6-5574-4f63-92f1-7ee47fefc7e7,
97f9cfc7-b134-42e2-a62e-fb6eda11ee98,d466948e-98e6-43dc-a905-dcea1b5b25c3,b7d53ef9-aee1-4119-84cc-1f83dffdd6dc,
e2959e37-c6ce-4179-9931-1db357d1373c,d466948e-98e6-43dc-a905-dcea1b5b25c3,b80a5c36-842a-4bc2-a1ac-60396f8a1f2c,
82fe2e95-299f-498c-8d7c-daafd5e67eee,d466948e-98e6-43dc-a905-dcea1b5b25c3,b8866b13-654f-4335-9619-6634ddf9f3bf,
8da96158-10af-4f06-a30e-ec487e70e81c,d466948e-98e6-43dc-a905-dcea1b5b25c3,b897f950-05bb-4a21-80bb-ef1065bdd9d3,
c7272552-bdb0-41bf-bf4b-ccd9f8698e30,d466948e-98e6-43dc-a905-dcea1b5b25c3,b9ba4929-0cee-4b45-ae10-2611fd876a04,
3dd69081-3c9b-4948-865c-f07730c8ff56,d466948e-98e6-43dc-a905-dcea1b5b25c3,baef0579-a1b5-4c79-9364-e660a52b4472,
df7f1a6f-bf92-4d24-a457-77225d4c4f0c,d466948e-98e6-43dc-a905-dcea1b5b25c3,bb55c37b-d22c-4f4b-98ff-b6c4acbb3b4b,
834ef659-706f-4784-81de-374236065959,d466948e-98e6-43dc-a905-dcea1b5b25c3,bb90d94d-08df-426d-af1c-509ce806881d,
6d94434a-abb0-42c6-b9ac-50a247878e2d,d466948e-98e6-43dc-a905-dcea1b5b25c3,bbe1d60e-a964-4ea4-9cc8-0cfefb891ac6,
15680e09-b4be-4c7a-8dcd-bebecb97f483,d466948e-98e6-43dc-a905-dcea1b5b25c3,bbf5e2a5-22fb-4635-b1c6-00f924a2f8e6,
49f02a49-5cb7-4be1-99b5-2c2f1dc6659f,d466948e-98e6-43dc-a905-dcea1b5b25c3,bc01cb97-0828-42db-b5ed-c55b5126d916,
e0489fd8-5b62-43c7-8d29-b02d0fb3f8d0,d466948e-98e6-43dc-a905-dcea1b5b25c3,bcfedd88-cac3-4952-ab2b-1f018f366071,
21c3382b-d032-495b-99d8-8d8b6f4f28f1,d466948e-98e6-43dc-a905-dcea1b5b25c3,bd500ff4-e45e-496e-aac2-4f3f6b01b672,
a480babe-e6ac-42ff-9ba9-8578937b6d21,d466948e-98e6-43dc-a905-dcea1b5b25c3,bd733901-d3b0-4359-a6eb-c57dd6206932,
8358f639-de31-4303-8f94-c9393f9b24da,d466948e-98e6-43dc-a905-dcea1b5b25c3,bdd98e48-ab3d-4c9a-b7e4-235fd1944a51,
abb983fd-cef9-4d05-bba6-c0341887864e,d466948e-98e6-43dc-a905-dcea1b5b25c3,be168daa-c9da-491b-8b7b-92d71a709694,
2100548f-8795-4ed6-be97-f4b5697922ef,d466948e-98e6-43dc-a905-dcea1b5b25c3,be85eaac-0d86-421b-a942-f5a2fc99fbc1,
22bca4e2-6608-4cc1-a70d-b78b684d43b0,d466948e-98e6-43dc-a905-dcea1b5b25c3,bf156be4-2de0-422e-a9f1-dd2e4398a1b8,
e037859d-35dd-4069-a11b-bd7ffee0d864,d466948e-98e6-43dc-a905-dcea1b5b25c3,bfd00b45-4d0f-42d9-bb3c-be92bf6e5b29,
8bd4de5c-4fe6-4fc6-abdf-7cda4083a31e,d466948e-98e6-43dc-a905-dcea1b5b25c3,c0022d44-e527-4c90-8c79-66f03f7a0c77,
c15ee210-735e-477f-a96c-e4b615e3b268,d466948e-98e6-43dc-a905-dcea1b5b25c3,c006e6b0-533e-435d-b16b-b834380c3857,
7b142292-e865-4bd6-b995-cf0f47cadabf,d466948e-98e6-43dc-a905-dcea1b5b25c3,c06f8de0-0a56-48fb-8aee-eca619579c79,
d4021213-a366-4bd9-acf2-e757c6d64487,d466948e-98e6-43dc-a905-dcea1b5b25c3,c10acba7-e983-44d8-b9b7-35e4d310e45c,
62a8eaa2-6f3a-4b42-9378-0623e437dffb,d466948e-98e6-43dc-a905-dcea1b5b25c3,c1299d0e-f322-4f13-b2c7-67b9ce921653,
8e5249f9-35b2-4bd6-ac7b-ec2cc4ff0ca2,d466948e-98e6-43dc-a905-dcea1b5b25c3,c1c67e7e-f255-4e93-9ef9-b6cf90973376,
aafdfafc-8351-4fd9-abcf-c2b48d289585,d466948e-98e6-43dc-a905-dcea1b5b25c3,c1d6f1d1-1724-40ae-85a1-af8b09ca5f97,
023b1d12-b3f4-4769-9726-622ee97d4638,d466948e-98e6-43dc-a905-dcea1b5b25c3,c2334094-d242-4a3c-9117-8a60480d7496,
67b59831-1313-4185-9fbb-e8db9e9a7350,d466948e-98e6-43dc-a905-dcea1b5b25c3,c255d742-539f-4efe-98a2-8498fbc02e79,
31222f10-f938-46d1-9ffd-e043c92df848,d466948e-98e6-43dc-a905-dcea1b5b25c3,c2eb158a-141c-4673-b81f-1bda532a92c9,
5834c404-be24-4df1-9cec-2d00709161f5,d466948e-98e6-43dc-a905-dcea1b5b25c3,c2f4676c-5923-4323-8e56-d78b30ed38fb,
69344a89-76c2-46b0-b6e0-1ab4310c610a,d466948e-98e6-43dc-a905-dcea1b5b25c3,c3d3514a-2ce6-42ee-8a47-9923db5a5628,
55caa73f-b47c-4083-983f-cd397a6c49ee,d466948e-98e6-43dc-a905-dcea1b5b25c3,c3f1143c-5ab0-4965-a27c-937b3140e448,
da15c599-8d5c-4a67-97b7-65754a5434de,d466948e-98e6-43dc-a905-dcea1b5b25c3,c47c9371-6f08-426f-a715-01a03740ee6f,
1d746f9f-9ab8-4134-95ff-9a0f7b126fad,d466948e-98e6-43dc-a905-dcea1b5b25c3,c4f5bb71-a7cf-4358-b15c-08f21ce34fc5,
64f9ff29-7fdc-4a8c-b482-0ef48470f57b,d466948e-98e6-43dc-a905-dcea1b5b25c3,c4f7401b-736f-4e51-adde-7017961a81f4,
712b57e1-e5eb-4227-a09d-a1ebd50acfd3,d466948e-98e6-43dc-a905-dcea1b5b25c3,c556de28-f6be-4b4a-bcbb-73bd8f0d9802,
6077ddad-b190-4d48-8002-c4ba9412e04c,d466948e-98e6-43dc-a905-dcea1b5b25c3,c5a328a4-5996-479a-9546-faeb138d5c1c,
c47bca14-f4c2-465c-b162-7a24c1b9f659,d466948e-98e6-43dc-a905-dcea1b5b25c3,c5f84de0-17da-4fa8-9eb7-d1a9609d3203,
e8f5eae4-83d9-4188-a5d8-8a0ce8e52803,d466948e-98e6-43dc-a905-dcea1b5b25c3,c6c1016a-59d0-4f04-a6ca-4a845dd77afd,
743833e3-3ad2-4b2e-a504-82d031254144,d466948e-98e6-43dc-a905-dcea1b5b25c3,c6d5a28c-df92-454f-a5fb-272a8ac3eac7,
b2659498-c992-4ac5-956e-4f3ce8a78093,d466948e-98e6-43dc-a905-dcea1b5b25c3,c6df55f2-cef2-4ed3-9071-c3749bfa8829,
a6cb85cb-5141-4843-b79e-81d7e3c16ab3,d466948e-98e6-43dc-a905-dcea1b5b25c3,c75450c1-743d-43f9-bdc4-1ff31cca582a,
eedb1483-4664-44d4-8518-529674fe7ba6,d466948e-98e6-43dc-a905-dcea1b5b25c3,c7b623ab-94de-4010-b961-2872a7f6c960,
f335165b-541c-4c8a-8403-f34d8e3d4e25,d466948e-98e6-43dc-a905-dcea1b5b25c3,c7e2c1ae-28e6-4987-8568-9c6a49f10e79,
ad4e0e3a-59e5-4a41-8307-6bc7db9bf907,d466948e-98e6-43dc-a905-dcea1b5b25c3,c7f81452-a974-47dc-8b78-e3fe95bc55f7,
2b853a9f-1939-46f5-907b-162c39a6e72d,d466948e-98e6-43dc-a905-dcea1b5b25c3,c8241037-19be-40dc-bdbf-dd26f35d4cc7,
561d78b4-c085-4e54-825b-c9c19e9448cb,d466948e-98e6-43dc-a905-dcea1b5b25c3,c8c608cd-55f4-4307-809f-9b204c7ea804,
2e6f1155-cb39-441c-8b74-50fbf4410963,d466948e-98e6-43dc-a905-dcea1b5b25c3,c8d2e866-b7f2-4031-ad2b-0ec1126db444,
67c5b337-4c6f-49c1-90f4-69fb1a0a5b8d,d466948e-98e6-43dc-a905-dcea1b5b25c3,c8e31c0f-f13f-410a-ac93-ad802a874a72,
dd6ff681-ff42-448f-a7aa-623f634b3166,d466948e-98e6-43dc-a905-dcea1b5b25c3,c93db947-4ada-4b4d-a123-794297c784a9,
d3d35a19-2477-46ad-bc57-4f2e1021f78c,d466948e-98e6-43dc-a905-dcea1b5b25c3,c95109d2-8bbb-4130-850e-7a1fdfe76c63,
0113e83d-ded6-4c73-9cc9-c104e54f1ef7,d466948e-98e6-43dc-a905-dcea1b5b25c3,ca11f0af-8f73-4fb7-97b2-024e50fd429a,
fa1145a2-2fa9-4b2d-ad12-79a60e6d486e,d466948e-98e6-43dc-a905-dcea1b5b25c3,ca248d6f-7e20-4b9e-81be-b93a73a0de85,
2bcd1b5f-a82e-4ac8-b9d5-9caef52dd478,d466948e-98e6-43dc-a905-dcea1b5b25c3,ca2f6a02-fb36-4237-a6c2-a7b2d27c068e,
824fb825-31a7-40f4-8b41-94adf6ffaf21,d466948e-98e6-43dc-a905-dcea1b5b25c3,cb84136f-a857-44f2-b777-113b69e33a03,
15ce3f33-1aff-4755-a5c7-b1b308827933,d466948e-98e6-43dc-a905-dcea1b5b25c3,cb866864-1300-4e2c-a7ae-c563cea9615f,
ac63f866-c446-4796-a422-4a7426bfcbd9,d466948e-98e6-43dc-a905-dcea1b5b25c3,cbaede6b-06ba-4e95-8103-1a9a92be8f52,
6c935da3-24cc-4a86-a6b1-c6dcb559b279,d466948e-98e6-43dc-a905-dcea1b5b25c3,cc9b1e28-e22e-49ca-b055-c4b4482a9875,
22beed84-f55e-4bea-a3e8-16eb96f7204f,d466948e-98e6-43dc-a905-dcea1b5b25c3,ccba8361-29fe-43d0-b56e-6c64d901c0b9,
2dc3885d-d031-4ba3-920c-18fb0465d96f,d466948e-98e6-43dc-a905-dcea1b5b25c3,ccc6e755-9e98-4b8e-9488-2d296608c4a4,
5bce0851-0721-4d34-b517-9e722a340e29,d466948e-98e6-43dc-a905-dcea1b5b25c3,ce1f82b8-a2b4-4dde-bdc5-97dfaa249448,
71c8ca32-6076-45d0-85d0-97a053bb07d3,d466948e-98e6-43dc-a905-dcea1b5b25c3,ce63f262-3bc2-48d1-8f95-f976aab59461,
4f079acf-33c5-436c-8846-93706e597f1f,d466948e-98e6-43dc-a905-dcea1b5b25c3,cecfb143-89ec-48f6-9eee-6aa8a46620c7,
06acbf7f-b0a1-4d49-88a7-ce48da66bd3c,d466948e-98e6-43dc-a905-dcea1b5b25c3,cef23662-896b-48b7-8697-cce71fb169dd,
bdd977b1-db10-4173-b23f-8a364309c7ab,d466948e-98e6-43dc-a905-dcea1b5b25c3,cf95a86a-8598-48a9-9891-6f058606cffe,
a5511c49-e72d-4eec-9911-f1b7e6314d77,d466948e-98e6-43dc-a905-dcea1b5b25c3,d03db9d7-ad67-45bc-8c6e-ffa8d1331bc9,
6ef82d65-8758-428a-9d7e-814e8c586df2,d466948e-98e6-43dc-a905-dcea1b5b25c3,d08402d8-6cd0-447f-8610-36e4daf7e149,
5f57289a-a979-4886-813b-c1fe1b9cb7ca,d466948e-98e6-43dc-a905-dcea1b5b25c3,d0b22b79-5d37-4335-9fb0-b4882ef1ab81,
1eb90fdf-4872-4acd-a772-07f42d3a2a98,d466948e-98e6-43dc-a905-dcea1b5b25c3,d0fab0ef-00a4-4408-88d9-43591e5b9530,
bf672988-f387-4f79-9830-8eedbac3487d,d466948e-98e6-43dc-a905-dcea1b5b25c3,d1040d5f-b524-454f-8c67-01f3ad974aad,
42de8100-c161-47d4-b59c-8cdceb10c731,d466948e-98e6-43dc-a905-dcea1b5b25c3,d1c73c3e-e7ef-4e1f-b81d-be947b88402c,
88eb0dfb-d5cc-4c9c-88ee-c718e7e40f72,d466948e-98e6-43dc-a905-dcea1b5b25c3,d242ddb7-be92-464b-941a-3a6052cc1833,
959b8104-0d60-49b5-93b2-c48208ac4014,d466948e-98e6-43dc-a905-dcea1b5b25c3,d28179e3-03a0-41f9-86b5-1b78f97acf81,
4c8a295c-5284-41b2-983f-1bf48c4695cc,d466948e-98e6-43dc-a905-dcea1b5b25c3,d3bb64fd-4691-45a4-a792-b0672fe0d185,
82f74cb1-7729-497d-861e-fa1d0efb2f49,d466948e-98e6-43dc-a905-dcea1b5b25c3,d4b0d860-d5d2-4bf8-9b97-895ebf79ab71,
41d59bbe-33f5-4752-a49f-1b60dccfe32c,d466948e-98e6-43dc-a905-dcea1b5b25c3,d4bc3c66-f23e-4d82-a0fb-58d273b52e0d,
81eccf33-ed93-49b5-b352-be9db26fc4b6,d466948e-98e6-43dc-a905-dcea1b5b25c3,d579ea5a-4923-4b40-b8bf-ea4a78939c58,
b09f8298-f3ef-41e1-ba34-82e53978ff5b,d466948e-98e6-43dc-a905-dcea1b5b25c3,d6ee325c-e804-4e51-aa8d-8e2ac85310ad,
c14c04b8-e228-4bfc-b098-ea687a606cf3,d466948e-98e6-43dc-a905-dcea1b5b25c3,d731c8f7-4c29-4eec-954e-c934e762aa08,
6124ea5f-417b-476c-9d39-1ca54634c7a0,d466948e-98e6-43dc-a905-dcea1b5b25c3,d7f11eac-a04a-41c4-8760-9e3b2b304af9,
daaa1f0b-f8d2-4729-94d3-6e317aca3b0d,d466948e-98e6-43dc-a905-dcea1b5b25c3,d8642f13-b67a-47f7-a191-97939f917b31,
194cd9c8-4586-4c24-8cf7-229d060c0854,d466948e-98e6-43dc-a905-dcea1b5b25c3,d9b07ef8-692f-45de-8571-fa2bb031dd52,
4b5bc218-b3c9-4e75-b57f-9b96f0d7ba7e,d466948e-98e6-43dc-a905-dcea1b5b25c3,da5c2707-5f3b-4ef9-ac92-7681f174d1fc,
81f1ab1d-92e5-4478-8fa4-de1ad06355dc,d466948e-98e6-43dc-a905-dcea1b5b25c3,db1834cf-a2bd-4b75-8869-08dc796676a2,
1e5aac40-978c-4c69-af70-a5209fe97405,d466948e-98e6-43dc-a905-dcea1b5b25c3,dc603e1b-c509-4138-8741-ce8ecd74d2c9,
e96fd832-58ad-42f5-b9fe-1658e399b101,d466948e-98e6-43dc-a905-dcea1b5b25c3,dca59acd-bbe0-4d73-8c05-77f6f49e6e2d,
faeec919-a058-4b0a-aa61-e6539aa46736,d466948e-98e6-43dc-a905-dcea1b5b25c3,dcd1d30f-04f0-44f0-bac7-14d77d23d41f,
71bdface-2106-4070-bdc4-3110ca478d82,d466948e-98e6-43dc-a905-dcea1b5b25c3,dd37766b-3953-4941-bc60-be61684788b9,
d998953f-43e4-4a25-9c0d-2dee2dae7480,d466948e-98e6-43dc-a905-dcea1b5b25c3,dda4dcbf-e0a4-4375-88d0-ae13a3395d9d,
4e03cc32-dfbc-40c2-a611-fb283625af58,d466948e-98e6-43dc-a905-dcea1b5b25c3,ddb7b9fb-2a52-4145-bf13-51a357f72850,
62d3682b-898f-468b-9059-e6a3b684b280,d466948e-98e6-43dc-a905-dcea1b5b25c3,de7e8583-120d-4b66-9cb2-e1397f206167,
b15c41fb-6d76-4862-b9e3-a8a255226422,d466948e-98e6-43dc-a905-dcea1b5b25c3,dec270e1-2f32-42d0-b19e-0813553a9870,
2822e565-ad42-48a3-8611-0f0293e088d7,d466948e-98e6-43dc-a905-dcea1b5b25c3,df8ece6a-1ea6-4bcf-a837-253fd4d8239b,
1ace58b2-a37d-46db-b798-411de7f64524,d466948e-98e6-43dc-a905-dcea1b5b25c3,e110f5cc-9485-4417-accb-56dd88c38630,
d58e4b32-66bd-42c5-afbe-be7be83495ae,d466948e-98e6-43dc-a905-dcea1b5b25c3,e1173598-d200-4bcb-ba35-5661937f1a68,
532b459a-a5dd-4a9b-9e15-8cc410dc8721,d466948e-98e6-43dc-a905-dcea1b5b25c3,e1322a5a-d41e-4e53-817e-f667e5532dd0,
561e93f2-537b-48d3-bfc6-8f3272cd5e8e,d466948e-98e6-43dc-a905-dcea1b5b25c3,e17ff0ef-8fd6-40a9-94e0-eaba35dacc9e,
e402b53b-18b2-4c9f-8eee-58e0cd9597ab,d466948e-98e6-43dc-a905-dcea1b5b25c3,e18010ac-2144-4d05-b13b-044be9a8c3d6,
3fd2918f-9469-4b6d-9309-43e0f4fd5fd7,d466948e-98e6-43dc-a905-dcea1b5b25c3,e2f58965-40c8-4973-86e2-2367c3cd9d48,
7a703530-a1a0-4cf5-b90d-832a3a5bc0c2,d466948e-98e6-43dc-a905-dcea1b5b25c3,e30c065b-9fc6-4d68-bb80-4fbc71594c28,
3da1d5ba-cd58-4301-bc6a-f45c40cf4130,d466948e-98e6-43dc-a905-dcea1b5b25c3,e3670e54-631d-47ea-8969-e79a25247ba8,
de650d1a-3493-438f-b6d4-699ced971fd2,d466948e-98e6-43dc-a905-dcea1b5b25c3,e3c5c4cc-d103-4973-90a6-11a657bc020b,
69f48aff-aa71-4379-8d72-421adc5bcb24,d466948e-98e6-43dc-a905-dcea1b5b25c3,e3e25e09-3082-452c-a769-b97db0ee085e,
285c7068-d337-4660-854e-e8d42c01d78b,d466948e-98e6-43dc-a905-dcea1b5b25c3,e3e2f17f-5945-483f-99cb-1a44de134516,
4c33982a-b697-4e97-8861-6c5ca9f1101e,d466948e-98e6-43dc-a905-dcea1b5b25c3,e3e50e22-8d20-4743-afbd-1ffe1d623e45,
c1a5733c-704d-470d-ba10-9e102aecda61,d466948e-98e6-43dc-a905-dcea1b5b25c3,e43755c6-0dc1-490e-8bf0-f17b47cb4ee8,
149bce2b-2b13-4b39-b690-cc134e2c3675,d466948e-98e6-43dc-a905-dcea1b5b25c3,e4b77066-fa44-4d35-be81-9e6eb0c97d70,
094bb5d1-5300-4988-a1b3-379632db30c6,d466948e-98e6-43dc-a905-dcea1b5b25c3,e4f163a2-2ab4-43a0-92ff-44281e9b1faf,
30bbad9a-d2fa-4e35-b60f-64b295fe16be,d466948e-98e6-43dc-a905-dcea1b5b25c3,e4f26faf-7e97-42b6-9ad8-ea1b84e701e4,
be3e31b2-b16e-48ed-92cb-d78443a07b25,d466948e-98e6-43dc-a905-dcea1b5b25c3,e54ccd07-26ad-412b-b3f8-6b2fd906f024,
5d349ff5-c379-461b-bcf8-c593c38b3f39,d466948e-98e6-43dc-a905-dcea1b5b25c3,e55cb240-0e8e-4b4d-b0cc-346fc4eb3170,
272adf65-72aa-4c65-8754-67bca8093ed5,d466948e-98e6-43dc-a905-dcea1b5b25c3,e5a0ae06-dafc-45c4-a3e1-1725b98526ba,
ba11a267-459b-495d-bb3b-a8eb999dcbda,d466948e-98e6-43dc-a905-dcea1b5b25c3,e6266aff-3d6b-45b1-acfe-ffe8ffb73637,
659f73c8-f482-4637-a2fc-3549c60e7b22,d466948e-98e6-43dc-a905-dcea1b5b25c3,e693d991-1f27-4477-af10-c2afa28e0fae,
4d669bc1-91b8-45a5-a6d9-1473fe949ab6,d466948e-98e6-43dc-a905-dcea1b5b25c3,e6a9cd5b-d825-42b0-911a-87a1431e4004,
0799967f-c959-4951-9876-82fec6f00bee,d466948e-98e6-43dc-a905-dcea1b5b25c3,e758aa4e-747e-4ddf-86c5-ff460d8de1a6,
7805cae5-35f4-4562-b7b5-854b49eb9a93,d466948e-98e6-43dc-a905-dcea1b5b25c3,e77a2683-a1b3-408b-b779-4463ffe0ef96,
1a0dcfcb-504c-42d5-a851-d2b9f79eb2ef,d466948e-98e6-43dc-a905-dcea1b5b25c3,e7e95fcb-2d5a-48b0-9159-cd2a870cdf47,
64b87b5e-9a9d-4900-ae6e-b8ff5166ba0a,d466948e-98e6-43dc-a905-dcea1b5b25c3,e85c6a5c-8c8a-4124-9c8f-8d4a4f77bc1d,
85fcb1af-f181-434e-9d3e-0263c276dd89,d466948e-98e6-43dc-a905-dcea1b5b25c3,e9ac9329-cf68-40ef-9aa0-3f1bf8a3f6d1,
72d28ec2-223b-4442-8471-3ed5a424ecaa,d466948e-98e6-43dc-a905-dcea1b5b25c3,e9edd238-7dc9-4517-9ae9-28eac4be7349,
dd0d6cd3-39e0-4afd-bcc6-cb584847bef9,d466948e-98e6-43dc-a905-dcea1b5b25c3,eab25be1-2dc2-46ef-8d95-4bd2d1c8ee00,
feae9338-bfd9-4531-ad88-b3abce812463,d466948e-98e6-43dc-a905-dcea1b5b25c3,eab9e8b9-0112-40ef-bcf4-99f0781aba88,
a1a0365f-4c6c-47b3-aca3-1fea9c6d09ed,d466948e-98e6-43dc-a905-dcea1b5b25c3,ebe810a0-da8e-4d48-a802-04fa21dc65db,
8c4f457d-731b-4c4c-9755-c9e06fcba45a,d466948e-98e6-43dc-a905-dcea1b5b25c3,ebf81ce2-8606-4be3-a90d-732339f49dee,
0cc0ab59-f801-4d9b-9437-867eef77f3ac,d466948e-98e6-43dc-a905-dcea1b5b25c3,ec222f75-8835-4d05-b042-749cc6006fd0,
52ff0915-a3e2-42de-96fc-4266593d801c,d466948e-98e6-43dc-a905-dcea1b5b25c3,ec3581f3-fbb9-4c68-9c0f-9455d3db71fc,
06ce00fa-4e82-4759-9ff8-3cc5d717d3d1,d466948e-98e6-43dc-a905-dcea1b5b25c3,ecc5dda6-d8e5-4ee7-9371-2a1bf65ecba9,
f4c16c38-23fc-4f86-8641-55741ffe7c66,d466948e-98e6-43dc-a905-dcea1b5b25c3,ece34210-2611-4782-9491-39ad279eae0c,
9a1cc542-c80d-4ed1-9bb1-0c359e4ea8f7,d466948e-98e6-43dc-a905-dcea1b5b25c3,ecf0c951-57fb-408e-804d-a2a28143353c,
27ab2096-aed5-4551-9a38-e94f4480dea0,d466948e-98e6-43dc-a905-dcea1b5b25c3,ed66e8b1-33b7-4967-b80d-c40aac0860ee,
59d20856-2741-41e0-9540-e8fafce04d4f,d466948e-98e6-43dc-a905-dcea1b5b25c3,ed99e12e-c4a0-43a5-8b97-3cc36d645eeb,
022bae97-0c82-48fa-9ea7-18f7be9fc668,d466948e-98e6-43dc-a905-dcea1b5b25c3,ee0b8ddd-f044-4f65-9959-9a79e786149f,
1380e5fc-34f5-457b-a420-6e407937561b,d466948e-98e6-43dc-a905-dcea1b5b25c3,ee405baf-7a97-4f90-b7d8-9965b6bf7ac3,
752dbbde-2977-464a-a074-bfce9cf0a214,d466948e-98e6-43dc-a905-dcea1b5b25c3,ee4b7100-0987-4b0c-b115-5cc28c527828,
2685172d-2b31-4fc4-831f-ef4ff65f90a6,d466948e-98e6-43dc-a905-dcea1b5b25c3,ee9f4590-ecaf-4857-962e-5b3cd5189d4d,
e310b622-e2a5-4929-a226-014904369acc,d466948e-98e6-43dc-a905-dcea1b5b25c3,eece1fcc-61f3-4b02-a985-3a284323d406,
aeb89ee4-132d-45b7-8e61-7bbe1f41642a,d466948e-98e6-43dc-a905-dcea1b5b25c3,ef14ee7a-3b48-4b57-8452-cdf1f247df03,
6612c557-c9c8-4606-90cc-cafe80e92726,d466948e-98e6-43dc-a905-dcea1b5b25c3,ef26e730-1c5a-4234-ba2b-f0bb5704a523,
3b082ff3-4d42-475f-8911-3e95bc730bde,d466948e-98e6-43dc-a905-dcea1b5b25c3,ef63c2f3-8ca2-42a2-bd19-6aa8e03e2fe4,
8504168f-d3ef-49f3-86f9-f50dadd693ec,d466948e-98e6-43dc-a905-dcea1b5b25c3,ef9ac07a-8c04-46cb-b6b1-b32f7af42760,
98a46c22-44dd-4232-b8a8-53a715ea67c6,d466948e-98e6-43dc-a905-dcea1b5b25c3,efcb5ef6-ee2a-4fb3-9fa2-5b7821da44b1,
772e58f1-80c1-49c7-aa7a-d904c1e380b4,d466948e-98e6-43dc-a905-dcea1b5b25c3,f01a4bb6-1be1-4073-ac34-c16594a03a3c,
a7fa2c53-d6e4-493d-a348-0d13205f640c,d466948e-98e6-43dc-a905-dcea1b5b25c3,f044f7c8-5ceb-4481-8777-07a38d187f54,
fe68a0a3-c6e5-4601-9e84-18f4b9bb14b4,d466948e-98e6-43dc-a905-dcea1b5b25c3,f0ef41a8-7ba5-4522-a44d-e1d8d25f4e33,
758dc020-cdef-4c79-97d8-c9162ec85a1d,d466948e-98e6-43dc-a905-dcea1b5b25c3,f1ddd5e1-464f-47e9-ad75-ffebcbe8dbab,
590a7636-0905-4f40-8e53-5871be7e8812,d466948e-98e6-43dc-a905-dcea1b5b25c3,f219b10d-e562-410a-8305-e60543c7b692,
b1638fcb-1ee3-459c-9b18-b491be63ee04,d466948e-98e6-43dc-a905-dcea1b5b25c3,f2550048-85d6-4c27-83e8-99686d1e622a,
49eeadd8-5951-4866-b4f2-b7b67a98f4ce,d466948e-98e6-43dc-a905-dcea1b5b25c3,f2f3eae5-a0a0-48df-902b-c4362f83c472,
b72e813b-dec2-434d-a7d3-b8d40a3c7249,d466948e-98e6-43dc-a905-dcea1b5b25c3,f36b96f3-b5c6-42d5-8118-15dd8c615dc7,
320e9913-f4b7-4cb3-bf29-2591e05e59ed,d466948e-98e6-43dc-a905-dcea1b5b25c3,f3b29d7c-34bb-493d-a13a-b55d7f4f7d97,
f1ba01ff-0459-42a0-95ad-5be5dd25948d,d466948e-98e6-43dc-a905-dcea1b5b25c3,f4afb9e4-e952-43da-930b-f3c433107881,
32005b96-cb0c-438d-82ca-8ec9b92a1cd0,d466948e-98e6-43dc-a905-dcea1b5b25c3,f4b44acc-caf1-4e8c-a219-74ed7cb35513,
f60aed49-57bb-489b-a63d-eac2f216fc44,d466948e-98e6-43dc-a905-dcea1b5b25c3,f5ff93b8-1e78-4027-8eb8-3d59105f8367,
770f2c40-df85-4e72-98bf-9c4fbc8d8f29,d466948e-98e6-43dc-a905-dcea1b5b25c3,f64fd782-2741-41c9-937f-8816b87f06ba,
97a596f3-5af1-4b45-9b98-6bdacfc621a0,d466948e-98e6-43dc-a905-dcea1b5b25c3,f6d0600a-bfe9-4672-8a40-c527af0f79d1,
8d408e30-834a-42d4-bc57-4e554e56f81d,d466948e-98e6-43dc-a905-dcea1b5b25c3,f71d51e5-579c-4a6a-b992-62b735eb9c4f,
fe2ac664-e714-432c-8601-6ca6cdb190c2,d466948e-98e6-43dc-a905-dcea1b5b25c3,f82a6d8c-818c-420e-9bc2-9ec7b275eda9,
6b1468ee-4b82-4a69-ba5f-0f96ea4d8e32,d466948e-98e6-43dc-a905-dcea1b5b25c3,f894d8bd-5bd8-4cab-ab2b-82acc6018ca9,
6f3aef27-7775-4b68-a136-40496d3e090b,d466948e-98e6-43dc-a905-dcea1b5b25c3,f913a7cb-8758-4065-aafd-b739d799b370,
964da555-3418-45ef-8744-190697ca9542,d466948e-98e6-43dc-a905-dcea1b5b25c3,f9263779-42bf-438a-b414-cec290baa366,
263c1a01-f242-4480-bd26-ee54b9bb3217,d466948e-98e6-43dc-a905-dcea1b5b25c3,f9d26af6-8c94-47b1-b45f-2341f027bb19,
f4ef3714-57cc-4277-b1df-b5ef365f344a,d466948e-98e6-43dc-a905-dcea1b5b25c3,f9e41ddd-7584-4469-831e-6fb50a145315,
ccb3b66d-945c-4914-9819-3bdfe70f0378,d466948e-98e6-43dc-a905-dcea1b5b25c3,f9eba30e-0d56-475e-827e-89ca31a1401a,
8ef0b149-e704-4e8d-9ab4-d6d8b93eb3af,d466948e-98e6-43dc-a905-dcea1b5b25c3,fa31763d-10d5-45b0-bc59-04f94bde8a40,
25b16ebf-1d87-418f-9c27-bf1fdd48069b,d466948e-98e6-43dc-a905-dcea1b5b25c3,fb11cb87-5121-4c3b-b7e9-3c33fa2c2f2d,
4078c75b-f90f-4228-a13f-e1fa7daf5db7,d466948e-98e6-43dc-a905-dcea1b5b25c3,fc7dba03-30f9-417d-afaf-6a371cffd39c,
a6f3c682-2b58-4c3a-9396-7649136e2731,d466948e-98e6-43dc-a905-dcea1b5b25c3,fcd79c16-3ba6-4f65-9c0e-ce9c9a311b6f,
9c08d6bb-844b-4424-b75b-cd1abb0adc03,d466948e-98e6-43dc-a905-dcea1b5b25c3,fd220701-c858-4ea2-8d63-3978f1f54b5b,
46571c33-f307-480d-9eb4-fdc4d75cff07,d466948e-98e6-43dc-a905-dcea1b5b25c3,fd92e85b-b8ca-4200-9857-f5f7e2daae2c,
29be99fc-c245-458c-9b04-45940b174d73,d466948e-98e6-43dc-a905-dcea1b5b25c3,fdf34481-4cb5-45ae-a0e5-b153354f5c6e,
09037de6-f83a-4293-b1f9-0c5d83b23ff5,d466948e-98e6-43dc-a905-dcea1b5b25c3,fed3ff20-a701-4194-98ff-bf440512a009,
473d9b66-01b7-402f-8d05-461e870162de,d466948e-98e6-43dc-a905-dcea1b5b25c3,ff0fba19-0719-4fd7-a9b9-ad2ec2cd52b2,
8cf2f058-ea33-48ea-a62c-eef2526dd7a2,d466948e-98e6-43dc-a905-dcea1b5b25c3,ffcb4ab8-9544-4958-b79c-9380a19e6686,
4ed63977-d641-4090-a7d8-7aef81eda18d,d466948e-98e6-43dc-a905-dcea1b5b25c3,ffffabcb-e284-429d-9451-4e5ed1da1f94,
6cef78d2-d3c3-411f-9616-e289618d44da,d4719981-3497-4b58-91f9-cba73441e872,1eb8e11e-9834-43c2-905f-b62972283dc0,
cfb0ff74-4024-4065-8540-63579157fa87,d4719981-3497-4b58-91f9-cba73441e872,1fa38a48-afbb-4f97-89b7-92103c5ebf77,
75a61820-0d05-4a8d-8145-f19ad1c3c685,d4719981-3497-4b58-91f9-cba73441e872,59379559-ea5b-4c99-bb01-6e17d0f980f6,
a6af756e-7b5f-4461-a7d0-a9af8557f54e,d4719981-3497-4b58-91f9-cba73441e872,5d86b1b5-89c8-41e9-9187-c8a5b7fef1ae,
b24275ca-875c-4f16-9a2a-4908b36b66e6,d4719981-3497-4b58-91f9-cba73441e872,627e3316-f31b-4a7c-9f36-08684b23270a,
1787b87d-54ef-4492-8309-9e173299a922,d4719981-3497-4b58-91f9-cba73441e872,6379f7fd-f487-45b1-9ff6-2deb27139310,
add9a907-0619-4e99-8b23-d5b7b87982a9,d4719981-3497-4b58-91f9-cba73441e872,759f678b-6f89-4bfb-9ded-f23f2ca2d6bb,
db411aca-2135-4b3c-a419-2312956a0711,d4719981-3497-4b58-91f9-cba73441e872,8cdb3a5f-6287-4b37-8d32-87e0ebf59a52,
246ed444-d161-45fa-a875-a74ed8524064,d4719981-3497-4b58-91f9-cba73441e872,9ed05018-cd0b-42f6-8b0c-2f8e757d0b10,
3d48ad66-28f3-4305-b4d4-aac22bf50e79,d4719981-3497-4b58-91f9-cba73441e872,9f6708c1-7035-40d7-93ec-3f6f3c0527a7,
fb7c7273-6b97-49fa-8e94-7d4445de9a92,d4719981-3497-4b58-91f9-cba73441e872,b77361fb-9a0b-4724-baa8-c205bea0ffa1,
40fe49e8-11cb-4813-90e0-ca24ee2d32c4,d4719981-3497-4b58-91f9-cba73441e872,bcdbc516-6df1-4e5e-a43b-3aa1479311c1,
739a904b-9b77-4cea-8b69-5dd5e9034074,d4719981-3497-4b58-91f9-cba73441e872,cea415f8-edb2-4b0b-a033-c73f09a11ff5,
00556489-46c2-4daf-a1b2-f2163fcd4d65,d4719981-3497-4b58-91f9-cba73441e872,d0baad4d-f245-43e6-b592-3e143c2cec5f,
9aaba759-f6fd-4372-8ef9-02ffb3850882,d4719981-3497-4b58-91f9-cba73441e872,e69eaeb6-5b97-4e02-b1a9-6a9fe6d7d5ae,
a6f7b628-e055-454d-824e-1e4202d8ec32,d4719981-3497-4b58-91f9-cba73441e872,e8e99ee3-b714-44d6-a1d2-f5b450668f68,
e7df7095-5894-4f1d-b261-d8d109628d7d,d491cab2-8278-4501-894f-f77b3b0c0b0e,13abc38c-ec0c-415f-8153-cedf01d3068b,
9e2fdb3b-ac50-4142-a838-9b31a3c4db9c,d491cab2-8278-4501-894f-f77b3b0c0b0e,25c0d83e-f42d-4ca2-9723-7873b9d7579b,
c99f0ecb-9c63-4cdc-9f6d-d33f4b45f7e3,d491cab2-8278-4501-894f-f77b3b0c0b0e,52ebcd5b-6dba-4726-be26-856151e5cec7,
41aebb72-d06e-4e0c-a43c-6c49aec53c1b,d491cab2-8278-4501-894f-f77b3b0c0b0e,569916b1-076d-4f78-848a-d38c6c0079c8,
2a4bc33e-c239-418a-83dd-76d7be9f5dce,d491cab2-8278-4501-894f-f77b3b0c0b0e,97b133fb-8c0c-45a1-ad76-f8c7b3d8996b,
b814a5c3-8499-4d3c-8124-59bedceb4785,d491cab2-8278-4501-894f-f77b3b0c0b0e,d106f7c1-2da7-42dd-87e5-e6a35b2c2952,
c6ab9227-1315-4b30-ac86-01bf58abc5b3,d491cab2-8278-4501-894f-f77b3b0c0b0e,ee5bec63-945c-418d-9399-54908f058df7,
027b02dc-25b5-4bfb-bde2-943403f18bd5,d8e2a9d2-a024-4fae-b938-f0b2cb85b478,34129e70-ad79-4680-ab67-e217abc7b970,
49d9cfcb-eb10-4462-babf-f385dad2e427,d8e2a9d2-a024-4fae-b938-f0b2cb85b478,3b6f825a-4e5b-438b-8b91-154d1d7b4475,
bd89d265-d85c-4b92-b473-d849e8cadeba,d8e2a9d2-a024-4fae-b938-f0b2cb85b478,48b14abb-706a-40cd-b933-183893cd3b2e,
a250957c-2c19-4fb2-8637-927b27db6e3e,d8e2a9d2-a024-4fae-b938-f0b2cb85b478,4c866848-a633-439c-a8c9-09a3f6826ca1,
7a797c8f-f547-4f9f-a1b3-281bfdd187cf,d8e2a9d2-a024-4fae-b938-f0b2cb85b478,62c8cada-6b05-4fcb-bbc4-4cd7fb8169c8,
578b0e89-420e-471d-bd53-6fb31a7549a7,d8e2a9d2-a024-4fae-b938-f0b2cb85b478,b1888af2-8e65-4fa9-8592-0fd50dc0a9cb,
adda2986-47d2-4dc8-87f7-b446842a200a,d8e2a9d2-a024-4fae-b938-f0b2cb85b478,cbea60eb-aead-4010-bdad-58daeb44b128,
9feac2ca-ac17-4d02-900c-bc38ad379d0a,d8e2a9d2-a024-4fae-b938-f0b2cb85b478,dfa96276-fb80-4d2e-8de8-73a1b3d97874,
4a577064-1499-495e-867d-c3b6b9276848,d9d20918-57b7-475f-8420-f0bfd1876a66,13dff6b1-833a-45f5-a0d7-02599e1e1db6,
c932bda7-cfdc-4254-bae6-6d40b704fed1,d9d20918-57b7-475f-8420-f0bfd1876a66,22a7c4c8-dd4f-41df-8208-97ac028ce9c2,
7848d330-deae-4031-a8fe-990dd660f0bc,d9d20918-57b7-475f-8420-f0bfd1876a66,3c905dfb-572a-4442-b717-2bf561c87df9,
0234bd74-68cf-4f55-8a1c-577fb78918b5,d9d20918-57b7-475f-8420-f0bfd1876a66,419420f0-34c8-44b2-b2fd-38810e3d7621,
26f29786-a5b1-4391-bb27-7ee87a993d7b,d9d20918-57b7-475f-8420-f0bfd1876a66,81cd6b23-1629-447c-af23-e15038f98d43,
113de254-7909-4313-ba11-83b66640f692,d9d20918-57b7-475f-8420-f0bfd1876a66,8303a5d4-377c-4c7a-94e9-57efdb77e21a,
b7064186-0b49-4624-9678-068a996308c7,d9d20918-57b7-475f-8420-f0bfd1876a66,adac94a0-9a15-4935-948f-8948fa9ed131,
498a0028-417a-4509-b047-bbf2b1e2e0e8,d9d20918-57b7-475f-8420-f0bfd1876a66,d21d1c4f-eb7c-4511-b426-969d624d9398,
063c28db-8f93-4c3a-ad7d-c86c64646531,d9d20918-57b7-475f-8420-f0bfd1876a66,ed08af9c-c9e6-4cc7-b64b-537770ce3081,
e50640f2-b535-4d9b-8537-dfc56994a142,dbedf137-c31c-420d-abe0-6fb4e193350c,011cea1d-3b54-4294-8809-39a3b32aa888,
c27bacec-d92c-47c4-a833-6e73b27d9583,dbedf137-c31c-420d-abe0-6fb4e193350c,04376f8f-27a9-4d29-8830-ff875056daa2,
ac2db0ad-24b5-4377-aed8-92c4eb4c5e5e,dbedf137-c31c-420d-abe0-6fb4e193350c,0f4a0804-eec0-4924-993e-0eca4e2eeed8,
371b5818-82f2-4fa5-9ee8-c3897484dbc9,dbedf137-c31c-420d-abe0-6fb4e193350c,197b04c0-7f68-4069-997c-4a4df80f90bf,
b2d6563e-1ce7-44f6-83c9-1a90dd599935,dbedf137-c31c-420d-abe0-6fb4e193350c,227001e4-5b12-462d-99a0-28902d96ed24,
efe0d898-5003-46f2-9a97-3ed4286061e7,dbedf137-c31c-420d-abe0-6fb4e193350c,4dd2e5c3-c04c-4105-9637-55561b928189,
76133c32-de98-4cd3-a466-92cbf06cbd8e,dbedf137-c31c-420d-abe0-6fb4e193350c,68e0cf75-63d3-4cab-a13d-70719ad771c7,
85027fcd-9151-4821-a793-1321ae7b61e2,dbedf137-c31c-420d-abe0-6fb4e193350c,69e03eb5-315d-425d-b6a9-8d0974ffcbec,
cae50d5f-40ad-4c4f-9904-6bf1dce2e8fc,dbedf137-c31c-420d-abe0-6fb4e193350c,8b889612-d97f-4fc5-aa2f-b74ee94aae32,
9ac5a022-f167-445c-835c-e347d17c1d77,dbedf137-c31c-420d-abe0-6fb4e193350c,a6b58db4-697b-4a29-9e9c-201718ab7783,
9ccd13c9-5b71-4b27-906d-1510647dceba,dbedf137-c31c-420d-abe0-6fb4e193350c,ceec1ade-9409-4f4c-ab55-48069f3f4925,
0455227b-31d2-495b-b1a2-59c0f54d8732,dbedf137-c31c-420d-abe0-6fb4e193350c,d7d87d6e-e4e2-4702-9f91-826cffe68f20,
fd4a5346-27a5-49a9-9419-2fd2a1327904,dbedf137-c31c-420d-abe0-6fb4e193350c,e0deef55-3114-4552-9698-d577b71c82da,
0b4da500-2a5e-4b2d-a1c8-5685baa6a3ec,dc6aa7af-b5aa-4924-8d7f-30c6df103e50,0e6def90-28ec-4662-923f-4ee7b051ecb6,
cac0eb26-7d43-4848-9d0b-c17464f075ad,dc6aa7af-b5aa-4924-8d7f-30c6df103e50,2cf19cba-ec4c-47db-8460-e23e992f2316,
acd94db4-68bf-4d5b-b993-318c88fe011b,dc6aa7af-b5aa-4924-8d7f-30c6df103e50,4241bd81-285f-4040-9e61-927ca94de46f,
16fc8742-bffe-4343-b6b4-9359e722c740,dc6aa7af-b5aa-4924-8d7f-30c6df103e50,a16177d8-d6b6-4f58-abd9-014da90f691b,
7c7a6f14-1f12-4f55-928c-38e07eb8480f,dc6aa7af-b5aa-4924-8d7f-30c6df103e50,b751087d-6288-4f54-8836-5a8a3704f8e6,
240de15a-0224-4337-8e13-c67e23a0a73b,dc6aa7af-b5aa-4924-8d7f-30c6df103e50,f57715b7-a04a-4889-8b56-ff4ddac3654a,
34aceba0-31c1-4a0d-b169-f679edb5b6dc,dcdcf41e-e48a-41f2-a67b-8f97020cc793,084f54dd-1287-495d-be94-7a861f1c7d46,
94aaf79a-4794-4040-8392-cf469bfdd240,dcdcf41e-e48a-41f2-a67b-8f97020cc793,611f31af-91c0-4935-975a-67f32d2f74ae,
6f7235cc-fbd4-4342-8177-2715e8ade846,dcdcf41e-e48a-41f2-a67b-8f97020cc793,6943d4a7-d729-40b2-90dd-a321e43dc773,
54b570c4-8b31-428b-a172-93558dd0abd6,def73258-5665-4818-b787-5e909fe0fb86,1bf2b2f1-f7de-4e03-84d8-cc45d608092d,
7552230d-17c9-47b1-98e2-264fdf94c006,def73258-5665-4818-b787-5e909fe0fb86,2522a7c5-c06a-495e-b21b-339712a815ff,
cee636a0-f942-4550-916f-57f3361d01c0,def73258-5665-4818-b787-5e909fe0fb86,2abb872e-a766-437d-b584-aedf79e11ad5,
aa65be2e-19a1-42e1-b65d-32cc5cd05267,def73258-5665-4818-b787-5e909fe0fb86,489de14f-64fe-422b-bdd8-feb3fb97b32b,
f97a2ae3-eb45-4b5f-a35d-b68246c98728,def73258-5665-4818-b787-5e909fe0fb86,73fc94dd-a671-4f5b-99d7-00118dc197eb,
38c8028f-d893-487a-8acc-72cb576afda3,def73258-5665-4818-b787-5e909fe0fb86,7ad6a19c-0768-4245-badf-ccecc0e6def4,
b7bc99ae-c0f9-4dcf-a116-8f3a5cbfd15e,def73258-5665-4818-b787-5e909fe0fb86,9f1afaa4-d1b5-4eaf-8b45-920c1025144e,
06b431fd-5bda-4982-a7ac-9754971733c9,def73258-5665-4818-b787-5e909fe0fb86,9fe50ce6-e41c-4e0d-b9dd-2cffea1ae505,
2cec050d-6588-49e3-9c90-78e99a4e5ed4,def73258-5665-4818-b787-5e909fe0fb86,a7bb3914-64f6-4542-880c-af51f9adef95,
a4b1679e-2d8d-4a53-84d8-0dd09cb343bc,def73258-5665-4818-b787-5e909fe0fb86,adfd1800-9b7a-4919-aeb6-9792c0a2d080,
2dd213e9-e072-41cc-90a6-8c297e3b8fdb,def73258-5665-4818-b787-5e909fe0fb86,b0efbdef-edb0-412e-a407-09804800ae1f,
5e94aafc-5033-4782-87cc-eb136906ca0f,def73258-5665-4818-b787-5e909fe0fb86,e6a0479a-c0a9-4d45-abf3-3439d21e784d,
28322ad3-c64d-4c28-9a3a-d3601f63483d,dfd42f4e-ec2b-4df1-93ba-02f43a900a77,49d7ec6e-066a-4b59-bae2-6c436e19dd84,
18f33f95-8bfc-41e6-b4b5-5c38e708a6be,e19e91e9-65e1-4b3c-81e2-17a682488356,08bf73f2-e3c0-4385-b1e1-b03884dd979c,
3a109919-3632-4c43-9409-c2cc4457d203,e19e91e9-65e1-4b3c-81e2-17a682488356,0b461836-ac61-49e7-9104-4d7f59ab2505,
d7279da9-b826-41f1-8a7c-4a9b33a00e60,e19e91e9-65e1-4b3c-81e2-17a682488356,0d328ebe-617f-4b1c-a654-06d80c6bfdd9,
c2f2d89c-0cbe-4e39-a22b-6b9386078cb5,e19e91e9-65e1-4b3c-81e2-17a682488356,1aa56898-468b-46a8-8348-8068612bf044,
c3946fd3-2416-4304-9a0f-2afe418118fd,e19e91e9-65e1-4b3c-81e2-17a682488356,35efc45a-608e-459e-996d-fb1ead8be392,
a637ec20-0890-450a-9a7d-e4644b52b672,e19e91e9-65e1-4b3c-81e2-17a682488356,39881f10-3f01-43e8-af55-a9c8eba835d7,
dbcf096a-971f-41bd-bd8e-e0eca03f98d6,e19e91e9-65e1-4b3c-81e2-17a682488356,417da09c-c74f-44dc-8773-b74ad11c9bb5,
62dd01c4-4e2c-402d-80fb-35510dd50632,e19e91e9-65e1-4b3c-81e2-17a682488356,4c9f2f83-b576-4242-82f0-1cb51b868da5,
6344cbbb-96cc-4b24-8cc8-33e1d251c9b6,e19e91e9-65e1-4b3c-81e2-17a682488356,573d0e5f-a973-47e8-ae94-3fbf42a9e686,
85f96d22-7132-4e24-9ffe-e26a8df50c85,e19e91e9-65e1-4b3c-81e2-17a682488356,58ecb1c1-7ea7-433f-9c39-110a5938027e,
7c194200-84d3-4b1b-8c82-67a606f9670b,e19e91e9-65e1-4b3c-81e2-17a682488356,5ad6a661-cc65-4fb3-ae94-47730a95c918,
891184c6-cc61-48c3-be1f-06203b36b3e8,e19e91e9-65e1-4b3c-81e2-17a682488356,5ff627ff-feef-408a-8ef2-2b0ed175ba56,
f0f55532-ca46-4310-89fc-9b57be95b21e,e19e91e9-65e1-4b3c-81e2-17a682488356,61e4d742-54aa-46e5-a0cd-66c121cba842,
c73a9880-d166-4444-8bbb-414d39ee0b85,e19e91e9-65e1-4b3c-81e2-17a682488356,62274c14-3dac-482a-ba7a-a87160bc2a26,
4dbc7b1b-1e69-4639-9c30-7e8149880ef7,e19e91e9-65e1-4b3c-81e2-17a682488356,6f528fdb-990c-4d26-a407-e2acc2d9f311,
146761ce-3d1d-4d0a-acaa-3d3b03880508,e19e91e9-65e1-4b3c-81e2-17a682488356,7064dc2d-d2d5-447e-9531-aeb27af97746,
631d3d06-1d53-4cab-826e-c047756e921b,e19e91e9-65e1-4b3c-81e2-17a682488356,72b010c3-4d90-4c18-ac2c-e170f04f44a6,
a9051e10-0302-473c-af7a-26448a19f6b7,e19e91e9-65e1-4b3c-81e2-17a682488356,740acf25-432c-4abe-9e3a-94ae1dcafca6,
a743345c-d457-46e4-ba7f-143ebcd2ed32,e19e91e9-65e1-4b3c-81e2-17a682488356,75e39f93-0eb0-439e-833b-845d23b327df,
4167ec67-1b5b-45c0-a1b3-b1b46737a850,e19e91e9-65e1-4b3c-81e2-17a682488356,7b23da9a-6ae9-4ee4-9c9b-bd0e2eb72e72,
e41dc6be-7c87-4df0-a7d5-d39307567feb,e19e91e9-65e1-4b3c-81e2-17a682488356,82e69929-b3f9-4347-af85-a5040199747f,
549b1a2a-7443-4b32-8d6f-d1ddfe252422,e19e91e9-65e1-4b3c-81e2-17a682488356,895f7898-af17-47be-b05f-587098b10bed,
57877913-8e34-407b-b46f-6f0d7be3fb4c,e19e91e9-65e1-4b3c-81e2-17a682488356,933a6c75-e126-49d2-8477-1ee1b41b385f,
757e22c3-b1a3-4c7e-aed6-9645bab54280,e19e91e9-65e1-4b3c-81e2-17a682488356,93aedd15-6c93-498a-8a61-b26cdfa40b67,
417b0ab7-4608-4e5a-9d2b-bf8cd23e111e,e19e91e9-65e1-4b3c-81e2-17a682488356,a65bffc4-b977-4f2b-9fc3-cb91016e5361,
0e814aa3-3947-4b72-8754-ab2f754c0dcb,e19e91e9-65e1-4b3c-81e2-17a682488356,a7480038-ec94-4fc0-962d-61d12ea62a30,
ea9c3807-b2a8-4c65-8f5c-864de3fa94eb,e19e91e9-65e1-4b3c-81e2-17a682488356,aedf8c72-c702-433d-b38f-1340261d4fef,
520f4c73-a2d0-436d-b44e-20c0d0e99594,e19e91e9-65e1-4b3c-81e2-17a682488356,b91276e1-4f1e-49ec-8c5f-a0b3c6ef897f,
0d13e24e-6146-43a6-87eb-d1113ea3a551,e19e91e9-65e1-4b3c-81e2-17a682488356,ba5a97b6-7354-47a5-a0d5-e1c4cce59ba9,
64c86f7f-6d61-4359-8273-6935780ba688,e19e91e9-65e1-4b3c-81e2-17a682488356,c9deb0e1-6d2f-43a8-9f6d-5cc29793e994,
e42b2c9c-7f09-4699-a632-d55a982ee9de,e19e91e9-65e1-4b3c-81e2-17a682488356,cd43d020-2783-4d5c-98ef-2c9ce876c2dc,
34bf919f-555e-4550-b3a6-08fd340beaa9,e19e91e9-65e1-4b3c-81e2-17a682488356,d8a0601d-88eb-4e0d-8f48-fabbe30c120d,
82a6456d-9780-41eb-8ab0-fcb20464bdab,e19e91e9-65e1-4b3c-81e2-17a682488356,f7a7337f-505f-4a65-85c8-2a3ced795289,
4ed1f8c8-6e1b-4cec-9adc-b0ad165b2910,e2571608-111a-4b67-a4b2-9eda1f1810f1,0dcb0c98-9de4-4c5e-ae38-13dcf8a9ee7a,
824ab145-5109-473b-b950-328573ca12af,e2571608-111a-4b67-a4b2-9eda1f1810f1,b773b06d-4f2a-4e93-ae45-3f9417ec37b9,
fa01bc72-8eeb-4e71-8e1c-7538cbf42d1b,e2571608-111a-4b67-a4b2-9eda1f1810f1,cf96c6f6-0562-4dff-8667-f75d59d95f49,
fd9ba691-bfa9-42b9-afa4-c8e04ff44513,e34b4e22-1d37-48d9-9049-d66f65c6f26a,67e67e2a-ddf8-4539-be23-b44bb86b9202,
05b9db50-f04e-47d6-91db-ccd27f412b98,e3d27a53-4541-4753-9c99-0c1e94e5bcaf,03d9a8df-5839-44c5-babf-5250941021bc,
b263e632-33fb-4463-8e97-8dab82a4015a,e3d27a53-4541-4753-9c99-0c1e94e5bcaf,08cecd0c-4210-4d34-99f7-c224c3f7ddcc,
4f0d32e6-5247-49d6-8d4f-95a3a1a76b36,e3d27a53-4541-4753-9c99-0c1e94e5bcaf,0c75a6b2-ab56-4537-803f-a59f3bd5a696,
e88b81c7-e4b9-4cf2-855b-752331ad387f,e3d27a53-4541-4753-9c99-0c1e94e5bcaf,10ed7e80-0caa-4cad-8e5e-fa115450a86a,
1fd2d74f-3f66-47ad-839f-e0245ec3dfed,e3d27a53-4541-4753-9c99-0c1e94e5bcaf,180d897c-60c1-4f6e-8e8c-b965b4114cc7,
3b6c322a-8589-44d5-80fb-45e0677f0c7a,e3d27a53-4541-4753-9c99-0c1e94e5bcaf,217edd04-6f32-428c-b6c6-c4c1c19c1677,
eca03cbc-3703-443d-951c-c76d0a2f00ba,e3d27a53-4541-4753-9c99-0c1e94e5bcaf,281bb9a7-aa3f-4275-9ece-76289c5fef88,
8c48a21c-8e3c-476c-9190-87c1b222bdd8,e3d27a53-4541-4753-9c99-0c1e94e5bcaf,29b9990f-5587-4332-95fa-342b3f695cba,
bca1e28a-7d36-4f7f-88ec-b285d97b0f6a,e3d27a53-4541-4753-9c99-0c1e94e5bcaf,309bd776-b180-4ea7-b024-cbc0c9755219,
9cc3a932-4f81-416d-a286-dfe89c1e56d2,e3d27a53-4541-4753-9c99-0c1e94e5bcaf,32751701-7c98-4c9b-80f7-cb9171e28bbb,
f9f8fc8d-a45c-44a8-b298-9801dbaf9426,e3d27a53-4541-4753-9c99-0c1e94e5bcaf,36d5113f-ddc0-4a05-bcd3-c13b5d2eb95d,
cb17dfe7-fde9-4f3c-892a-02ed8de9379d,e3d27a53-4541-4753-9c99-0c1e94e5bcaf,385f1ea2-b577-4191-b2bb-5db64a80d28d,
7986f870-b2f0-4c91-b046-96e3dee2b7d4,e3d27a53-4541-4753-9c99-0c1e94e5bcaf,3f1d40c4-d32e-433b-9cf6-f584b2b843c0,
d7fb8c9e-2b3b-4e48-9456-6faa35b28718,e3d27a53-4541-4753-9c99-0c1e94e5bcaf,4064c0d8-5279-4929-82a6-8f9a4d13a3f1,
a22521fa-4760-4972-a045-bd0e429cb21e,e3d27a53-4541-4753-9c99-0c1e94e5bcaf,4640b89b-1234-4be7-850a-4cc4800bdb3a,
7f4e4cee-8705-4344-943e-1e359513cbe6,e3d27a53-4541-4753-9c99-0c1e94e5bcaf,49c665e7-5ba8-4c38-ac24-efff5f43cbb3,
3a1d38fc-f1c7-4328-aa68-9803eb209d6e,e3d27a53-4541-4753-9c99-0c1e94e5bcaf,5234b201-f619-4ded-8d66-031a0d253d78,
38d2002f-4d60-4c6b-89ce-0cda87d492c9,e3d27a53-4541-4753-9c99-0c1e94e5bcaf,5b188ddf-ca00-403c-894c-6e0bcfec89d3,
f42b7ece-9990-492d-b759-5c936f7bd6fb,e3d27a53-4541-4753-9c99-0c1e94e5bcaf,5c9396bc-9bca-44a1-a115-6887056445ae,
2702f7d4-421b-4294-99d3-2ace512742c4,e3d27a53-4541-4753-9c99-0c1e94e5bcaf,601d2b23-afd5-4a0f-961e-53b91edd5073,
46703cc4-f82c-44ff-84dc-1fd27b1d3ef9,e3d27a53-4541-4753-9c99-0c1e94e5bcaf,63638524-e638-441d-b676-e8e8b1231727,
8a651e7b-d344-4dad-9736-45dd5f40f216,e3d27a53-4541-4753-9c99-0c1e94e5bcaf,6b3908b1-338f-47f8-9482-6937ac7e96ed,
1819add3-74a8-4028-a3e8-b5c060c28056,e3d27a53-4541-4753-9c99-0c1e94e5bcaf,7193dcf6-c48e-45f2-b426-205faf812eea,
9cee6b34-2d90-4555-a630-16b3a335579d,e3d27a53-4541-4753-9c99-0c1e94e5bcaf,76147327-2745-4120-b06e-b8df2a3a9c68,
318399df-e9d4-49c3-99ae-0210c7f4c91f,e3d27a53-4541-4753-9c99-0c1e94e5bcaf,86d0cf2f-a63b-46dc-8e04-361f63bfa341,
754b0eb4-3448-4939-a751-9ae2620a4ab1,e3d27a53-4541-4753-9c99-0c1e94e5bcaf,902bec18-efb7-46b1-aab7-926d6346b58d,
546fc266-26dc-4099-93a9-4fed68489bf5,e3d27a53-4541-4753-9c99-0c1e94e5bcaf,92cf8e09-1f33-4248-bbd9-9e55f42598ce,
00127272-8d95-4a8d-826a-61206b0ff7f4,e3d27a53-4541-4753-9c99-0c1e94e5bcaf,99afd8c6-ebd9-4814-9f2f-b3530ba4d2b2,
894b5b5f-c3f7-4a0d-96f9-6fc81b480959,e3d27a53-4541-4753-9c99-0c1e94e5bcaf,9c66da61-4583-4a8a-a0bc-5b0863ecd4dc,
2e088cb1-a118-4ed3-9da1-d5c38ea0e369,e3d27a53-4541-4753-9c99-0c1e94e5bcaf,9d2dd045-3b22-45f1-be45-8e5b8e8c892c,
2cea014e-c70d-4adf-ab3f-18a126c051c7,e3d27a53-4541-4753-9c99-0c1e94e5bcaf,a5805466-8b22-42eb-81c7-9c06da76ed54,
105a4ecb-fbbe-42bb-b6df-4882dca7a12f,e3d27a53-4541-4753-9c99-0c1e94e5bcaf,a89b48ba-931a-4c12-9b75-57eb10331d42,
244e9ff6-16f8-48ae-a294-610a8f2b52f1,e3d27a53-4541-4753-9c99-0c1e94e5bcaf,a9e88fdf-4dcc-4ffd-a1e9-cc0e6e514b55,
302ad116-6c1a-49be-86fa-90790708ee39,e3d27a53-4541-4753-9c99-0c1e94e5bcaf,acf80af1-900d-4e5f-96cf-fa185a0bb0e4,
0ee31dd9-5307-493b-b3ba-1d49c00b12bf,e3d27a53-4541-4753-9c99-0c1e94e5bcaf,adfb8f46-8939-4668-9d8f-8dccc4ec0dbc,
c6800151-c26f-4e05-890b-04f45bf5e298,e3d27a53-4541-4753-9c99-0c1e94e5bcaf,b088b4cf-a795-4f02-82f4-65b95bb6370f,
e0a3aadd-cfd2-4261-9f6c-85f23d046311,e3d27a53-4541-4753-9c99-0c1e94e5bcaf,b16da593-7b5c-4628-9b34-dda859f64126,
9c6f0b82-e45a-4405-809d-9997b3e2f1be,e3d27a53-4541-4753-9c99-0c1e94e5bcaf,b5ff0635-56cb-46c9-8487-cb8cab59d2a8,
7d530067-d0a6-42af-9ae6-b25971cb52d1,e3d27a53-4541-4753-9c99-0c1e94e5bcaf,bfb03ca4-04a9-4a29-84e7-43a29f9f59e4,
9e86cd91-819a-43ba-a54c-683d01c8f475,e3d27a53-4541-4753-9c99-0c1e94e5bcaf,c60a4729-a167-4920-9bbe-2aed374937f4,
976c7f74-0268-48e7-b1f9-3d6274fdf37e,e3d27a53-4541-4753-9c99-0c1e94e5bcaf,c75e2b14-38c8-406e-b07f-1664f431bdd3,
fb66906e-c8ac-4194-8ea5-21c282db9627,e3d27a53-4541-4753-9c99-0c1e94e5bcaf,c90cd7d1-acb2-4820-bdd7-6da8b6aba49d,
ce0a7ecd-18cc-470f-9aca-83b3bfdab2fe,e3d27a53-4541-4753-9c99-0c1e94e5bcaf,d4d015e5-1722-4778-9a3d-8a1b80bb8d62,
3ffc93ac-93c6-4556-8493-15cfce37fa5b,e3d27a53-4541-4753-9c99-0c1e94e5bcaf,e258a349-9f42-4caa-8c14-918738368dd3,
4b01372f-ec22-47dc-9d64-a2dcb4194cbc,e3d27a53-4541-4753-9c99-0c1e94e5bcaf,e5b9aa22-fd5b-49a4-bcde-930067c366c4,
d2105101-c072-4238-b3f8-56c7d268538f,e3d27a53-4541-4753-9c99-0c1e94e5bcaf,e6cb8234-14f9-4997-9aa6-88f54d0e48a6,
54137c1b-0440-4a81-9bbf-a5b817100303,e3d27a53-4541-4753-9c99-0c1e94e5bcaf,e7e52d19-c816-45dd-b138-d562441f1c71,
f992aebe-708a-4d44-97a6-5a6d69e9fd5b,e3d27a53-4541-4753-9c99-0c1e94e5bcaf,f570d626-e6b6-4de1-8a98-94fcdd62a667,
2878dd58-5590-4193-9d18-23c42a9363a0,e3d27a53-4541-4753-9c99-0c1e94e5bcaf,ffffb8f5-8a40-4825-9b1b-58b2015cabfa,
acfd08e8-dea5-4008-b545-09cb8c8920a4,e565cbed-f75c-47d5-b0af-e62062a19ce4,032073b2-3c1c-4520-9b33-2edbeb2f728c,
9929ea6e-081e-41dd-9350-8af940af010c,e565cbed-f75c-47d5-b0af-e62062a19ce4,08b494e8-870c-407a-914f-032a1da13f1d,
ac88f9f5-986d-488e-9d88-532e6d33789f,e565cbed-f75c-47d5-b0af-e62062a19ce4,0ea65e1b-370a-449d-a80b-0987d951009b,
03224ad3-3284-4967-ac3f-a01ce0682942,e565cbed-f75c-47d5-b0af-e62062a19ce4,12d5263e-6a2a-44f5-b1b6-3963ff0f3f78,
25972a34-e54e-4b45-a268-1ac8f7efb6d3,e565cbed-f75c-47d5-b0af-e62062a19ce4,1387c25a-ca4a-428d-adb9-2ea57c5d71c7,
93a62b4b-6b0e-4039-8e47-9bbd611d004d,e565cbed-f75c-47d5-b0af-e62062a19ce4,154a8a83-688d-469a-9c40-b1345e80c952,
d8ea5a58-1fc6-403b-8437-e7bcbaa240d8,e565cbed-f75c-47d5-b0af-e62062a19ce4,1742eed8-c409-4731-82ed-0182dd12c565,
bec3b99f-1016-441b-8d9b-b645ec175bd8,e565cbed-f75c-47d5-b0af-e62062a19ce4,29f11d62-3506-44f6-9166-854e41d272b8,
b177f871-75aa-4b04-b244-69d517571220,e565cbed-f75c-47d5-b0af-e62062a19ce4,2b1c88e7-c26c-4542-9536-e5cd5e9de3f2,
fd4b1225-fb49-4900-b750-bea725bf69a0,e565cbed-f75c-47d5-b0af-e62062a19ce4,39263459-78a7-43f1-8b5b-f2c6b845999b,
002e0a4e-3637-4677-9712-667d083539b9,e565cbed-f75c-47d5-b0af-e62062a19ce4,64725179-28fc-4313-abe4-06ab8b4eec05,
19ef4b6a-0a8e-447b-a39e-bedff9fe40f1,e565cbed-f75c-47d5-b0af-e62062a19ce4,6e223e56-0ba7-4773-8220-c47244a0f3a4,
8a57e1f6-5ab5-4d6d-a8c4-e0ce745e5891,e565cbed-f75c-47d5-b0af-e62062a19ce4,7f4900ad-d1bc-4a62-969a-361fab40231d,
40aaf77f-1bce-4b27-b329-db33cc4cea37,e565cbed-f75c-47d5-b0af-e62062a19ce4,87171744-d3b6-46ca-a235-2b1ed02e75ec,
14ca1051-bc83-48b0-8e8e-10bb5da1b491,e565cbed-f75c-47d5-b0af-e62062a19ce4,87c9ab4d-316f-4e08-a024-a8a46a688d77,
0907ef0e-990f-4efe-9da9-850961935a28,e565cbed-f75c-47d5-b0af-e62062a19ce4,a71f10b7-eca7-42b5-9ade-b02869634ad5,
01be5700-3b9e-461b-9fc1-a436570d0518,e565cbed-f75c-47d5-b0af-e62062a19ce4,df27fb18-7947-4a5b-9aa6-9b128d36c0db,
55a77fb9-43bc-41f4-a855-641362b65b3c,e565cbed-f75c-47d5-b0af-e62062a19ce4,e45b5426-24e2-4c13-afe7-2ad62a181301,
79067084-f0aa-4688-90f4-7e26adb2d719,e565cbed-f75c-47d5-b0af-e62062a19ce4,ec05614e-c2a5-4da0-9a79-6d6c50844e43,
b89e6177-01e8-4bf4-936b-ba70ef616c6c,e565cbed-f75c-47d5-b0af-e62062a19ce4,f00cd2db-6d79-45db-8651-79c388aea92e,
47b906cf-58f8-4b2a-a4a0-25d42197db2d,e565cbed-f75c-47d5-b0af-e62062a19ce4,f0699ae3-24a3-4c69-aaf8-ce726ba9d584,
2dfa6cc7-e871-4f5b-98cc-e22d5878ccb5,e5f691af-ecb5-4b92-90ff-9b2dc7acab86,147cca70-45f7-4fff-b678-c67fab240f77,
f7091b30-1dc0-48da-9c8e-8b901d2a4691,e5f691af-ecb5-4b92-90ff-9b2dc7acab86,24b61d03-91b3-47f5-930d-7e90cff1df21,
23b8368c-d4fd-47f6-8967-fca44eb3272a,e5f691af-ecb5-4b92-90ff-9b2dc7acab86,29749543-0552-469e-8461-7cd69e70e157,
a40ecb3a-02b4-4c13-ad16-c6b73d3815e2,e5f691af-ecb5-4b92-90ff-9b2dc7acab86,41a7d107-edc8-4386-8887-fa164f50e04e,
6a12c7c2-9ff8-412d-835b-38ac1b7190f9,e5f691af-ecb5-4b92-90ff-9b2dc7acab86,44a2fba4-6346-4dcc-84c5-2e2c253ba5ec,
76951b57-568a-4216-8f1e-1d871dc169a9,e5f691af-ecb5-4b92-90ff-9b2dc7acab86,56d5c853-8cb0-4b95-8f72-f211a5a74bac,
df98a6fe-a1c0-4d60-ae4d-946e17cff79c,e5f691af-ecb5-4b92-90ff-9b2dc7acab86,5d4b1c44-7507-4924-bf12-181d69aecdbd,
d190ec90-8231-4792-8231-7a0c5a9c6eef,e5f691af-ecb5-4b92-90ff-9b2dc7acab86,818e8049-e995-4242-bce0-682e98700ffc,
c6508d91-6695-4c53-832c-ef94504c3f88,e5f691af-ecb5-4b92-90ff-9b2dc7acab86,93e6ed8d-1c9d-48fa-a719-43307515baf8,
8ee6be43-5689-4ae2-8116-5d811dd51457,e5f691af-ecb5-4b92-90ff-9b2dc7acab86,a2a0e61d-c034-49c2-ae9e-d69fe78d4c87,
32a8dc4b-77f1-479d-aa2b-b6ebf892c839,e5f691af-ecb5-4b92-90ff-9b2dc7acab86,b2ce19f4-6ba3-4ccf-9f09-0d002be15315,
6c6908d8-0a91-4c39-a47e-19d54dcf3d72,e5f691af-ecb5-4b92-90ff-9b2dc7acab86,bbb0dff5-842d-4499-9867-4922b843dcbf,
eae55089-5b3b-4903-b705-99abfe791267,e5f691af-ecb5-4b92-90ff-9b2dc7acab86,ce394e95-e20a-4cc8-9fa3-a90f5f83cfb1,
67af02cd-ea16-4d61-9890-b0ce6345fe7d,e5f691af-ecb5-4b92-90ff-9b2dc7acab86,dca0600a-6f9a-4062-bb9b-6714fa2e7373,
ea5f37de-50bf-4a8b-8c53-88e485739138,e5f691af-ecb5-4b92-90ff-9b2dc7acab86,de27195c-cd33-499d-ac11-238a235eee57,
4f059209-92a9-49b5-868f-c838a7dd9b71,e5f691af-ecb5-4b92-90ff-9b2dc7acab86,e2a7baad-7618-4e3f-98b6-ae4aa60fa135,
d3a67c90-4d92-4c6e-8868-e66868bc5537,e5f691af-ecb5-4b92-90ff-9b2dc7acab86,e35e5140-94f1-4029-9223-1bb02003935e,
30560d31-890f-4d0d-833b-d86b196eedb9,e5f691af-ecb5-4b92-90ff-9b2dc7acab86,f3db958e-1898-4d7d-896d-b0a4b6245638,
94bd82a6-1426-4a4b-8934-122a7079c17c,e5f691af-ecb5-4b92-90ff-9b2dc7acab86,f4bc1d98-9257-4619-ac56-b9b004e6a7be,
b187818c-92a2-4682-aea0-71fc8ed53374,e5f691af-ecb5-4b92-90ff-9b2dc7acab86,f9dbf68b-eaa3-4128-99c6-a710234a2c5a,
418f425f-95ac-467b-ba52-b126f836fdbb,e61ce27a-8105-40ca-957c-3639a97ebe64,0430c4c6-5e24-4503-a11e-797731fdae49,
50b709af-347b-402c-91d9-3c9935383a1b,e61ce27a-8105-40ca-957c-3639a97ebe64,04cf50ab-4d80-41e0-9cf6-770ca86ef355,
58b861bd-2437-480b-b918-e594f63b668f,e61ce27a-8105-40ca-957c-3639a97ebe64,1f3d491d-1b68-4717-a081-7f536249f16f,
b65f1f1e-feae-43f2-ab54-73eba42af9a8,e61ce27a-8105-40ca-957c-3639a97ebe64,2ca4ca8f-d860-4af3-ade2-aff5e59597d6,
d356852d-1d0c-4102-ac76-0f6b6df16f1d,e61ce27a-8105-40ca-957c-3639a97ebe64,39abadee-fa77-48e6-9352-009a09e6b320,
9b29b776-72b5-40df-b626-afd487206c2c,e61ce27a-8105-40ca-957c-3639a97ebe64,45c158a5-8ff9-4652-811e-ff610e808737,
a35e7b34-5bb5-4cc8-86f0-3eb5e406268a,e61ce27a-8105-40ca-957c-3639a97ebe64,523c2b4d-d86c-400a-920b-bcb5c3a1e113,
c80043c6-cd05-4fc1-b8e8-135bd3bab991,e61ce27a-8105-40ca-957c-3639a97ebe64,546ba440-143d-47ec-9fc4-9680d9a2f149,
0c5f10ab-542b-45f8-8143-8fedbb770ffe,e61ce27a-8105-40ca-957c-3639a97ebe64,63cb6a06-c6d2-4c9e-9799-fa6dc14bcb73,
3883adf6-45ed-4982-818a-4f167223d037,e61ce27a-8105-40ca-957c-3639a97ebe64,6660b38f-88f4-498d-b583-79df06c1d9f3,
011a7f3a-d48f-4ee4-ae71-f7a9a2a39b11,e61ce27a-8105-40ca-957c-3639a97ebe64,6d083838-af22-45b6-aa0b-67a93816d65a,
08d2895b-9955-4d50-b107-224dede01372,e61ce27a-8105-40ca-957c-3639a97ebe64,6f29100d-f6c9-4194-bae3-3e983b062b26,
abe53d64-bd3f-47ae-a7db-bcfd48c7d65a,e61ce27a-8105-40ca-957c-3639a97ebe64,7080d7a7-dc68-40e8-8c97-c96f4d68d1bb,
53b044dc-cce4-40f5-b725-4a52dbbb8423,e61ce27a-8105-40ca-957c-3639a97ebe64,71cd0320-9d13-4aa0-8aa7-acf8fd34bdb7,
84fd340c-237e-4025-9184-3c55b80a8f53,e61ce27a-8105-40ca-957c-3639a97ebe64,76d0a27f-5eb0-41ae-99cc-cd64b55121d8,
20529a59-54cc-43a0-9fa6-61d423c51adf,e61ce27a-8105-40ca-957c-3639a97ebe64,84807a5c-83eb-441e-b50c-98e9fa6fa443,
0f07c14f-2054-4db1-9f34-791df9133639,e61ce27a-8105-40ca-957c-3639a97ebe64,88941d9f-83f6-4793-b6dc-a21988d2fdd2,
a6de6921-6314-4068-a00f-39ddd6d2db21,e61ce27a-8105-40ca-957c-3639a97ebe64,94df1ae0-abe5-450c-9dc6-eab5e4b373e5,
ab94c401-3868-40cf-acd6-b0da400c0e72,e61ce27a-8105-40ca-957c-3639a97ebe64,954269e7-b2a6-436e-a8c0-e9fd1bfaf49e,
48fa585d-3f6a-49e7-96d8-84bec28c4606,e61ce27a-8105-40ca-957c-3639a97ebe64,a124aeff-f75e-49f2-bf2c-d9bbff688bbe,
9c49adcb-c99c-4cce-a3d8-3e69bee4078c,e61ce27a-8105-40ca-957c-3639a97ebe64,a454c8bb-263f-4290-9e4f-4aab26c808cf,
672cbdc5-291d-4e01-85a5-d4fa98d0a189,e61ce27a-8105-40ca-957c-3639a97ebe64,a5f55fd8-e996-4253-86e9-4246eb6d42cd,
a4940a2a-b4f8-4977-8ab0-a0570dc23eef,e61ce27a-8105-40ca-957c-3639a97ebe64,a974f682-3c2d-4f25-82de-626e69a489a2,
be725437-0ad7-476a-bf1b-699163ce2467,e61ce27a-8105-40ca-957c-3639a97ebe64,ab01616c-8a36-4ba7-959c-4be72c7d83be,
66dd7279-d58e-46bd-8006-59268dc12d6c,e61ce27a-8105-40ca-957c-3639a97ebe64,bda37f08-124b-44de-938e-9a70f2f37592,
54d8b734-f0be-4e82-8a30-a2c98cbcd375,e61ce27a-8105-40ca-957c-3639a97ebe64,d5669c8e-3741-45b4-9142-df1724fe33a8,
4ac35187-be97-4cd3-8cbb-9988f638bf6b,e61ce27a-8105-40ca-957c-3639a97ebe64,dbd4932d-9fe2-4072-9954-bb3b65d3d03e,
876bc625-f1e9-4f0c-93cc-bd87d2f384cf,e61ce27a-8105-40ca-957c-3639a97ebe64,e639ef12-2d7a-438b-a0b2-f28c0d3ffe3b,
17c543fd-a8c7-4350-bdff-610b3ee4c205,e61ce27a-8105-40ca-957c-3639a97ebe64,fcd28bb2-c474-4d55-930a-065fab7fb5a4,
8d5c1174-afda-40ba-b477-76223943edba,e8254660-7b69-4cab-801d-7dddd7292f89,13165ee2-19cf-493e-82a5-1b9e09bcb7ad,
e3b29c4b-687e-4e49-bdbe-f5e317f51023,e8254660-7b69-4cab-801d-7dddd7292f89,4d7345b5-704b-4d3b-9ebe-66114f6d76ac,
eb0b1cae-b322-4c01-a4ee-c9a2dcc531f3,e8254660-7b69-4cab-801d-7dddd7292f89,59370bd5-0631-45bf-8aa0-23d5a0c2368d,
d20cf3b0-186c-4fbd-b870-64f1a9aa5ffc,e8254660-7b69-4cab-801d-7dddd7292f89,5ccefc3a-f9af-41e7-8ccb-a49fc7367d10,
a86cc2da-7fa3-4634-8a2d-c0084b83c0b6,e8254660-7b69-4cab-801d-7dddd7292f89,7e2a2640-6c4b-40f6-b82b-82cfd217fd73,
f0df86fb-42e7-4250-b14f-fb233360de30,e8254660-7b69-4cab-801d-7dddd7292f89,821dae8c-46e5-4d45-9030-7b40773e72cc,
ac67c573-53bc-4095-bbf4-343b64ffb2a1,e8254660-7b69-4cab-801d-7dddd7292f89,89a4df9d-b58f-4898-a504-5efabca74f3a,
f0373b25-dca9-4d03-9e8c-0823a6432785,e8254660-7b69-4cab-801d-7dddd7292f89,9854506c-de0a-415a-b021-db9262a9db87,
641789c1-a412-4edb-bbcf-d97ffe7afb3d,e8254660-7b69-4cab-801d-7dddd7292f89,a166c6e1-362f-4c17-aa69-c89c17885a60,
9cb3419d-0dcf-4329-a74a-f528c4dcb6d7,e8254660-7b69-4cab-801d-7dddd7292f89,aa4fdba4-6c09-4d1c-9d34-c3bebe5f15ff,
7a96d0d6-6421-4f19-958d-eae950b57ad4,e8254660-7b69-4cab-801d-7dddd7292f89,d2ee019d-eb0f-4936-a84a-04d33fdb3a3c,
8b8ddc86-381d-4f91-9589-b11d9c763553,e8254660-7b69-4cab-801d-7dddd7292f89,fa67a42b-e397-4184-83c8-e56822e2af07,
a574816c-a88c-4816-8cb4-05759c2b5762,ed815661-d2b9-4c6b-80c0-c825841d673f,0cbeec54-dbbc-4ee4-8080-43c895712952,
48f73ac0-6400-4528-ba02-53fd74627469,ed815661-d2b9-4c6b-80c0-c825841d673f,3953708f-d46e-4bd8-8662-c3511853bae9,
e9b4a44b-aa97-480c-a60a-fa808967ea35,ed815661-d2b9-4c6b-80c0-c825841d673f,c07bbe8c-1110-4569-9bba-173b917fe8fd,
e8e59336-1448-49fc-9507-da4ea96db6cc,ed815661-d2b9-4c6b-80c0-c825841d673f,c85b7af5-f5e5-48a5-b0aa-93d3f80a85fc,
d27f29b4-9e02-4195-8d2d-5c9ced05e523,ee8f9b7b-e538-4d19-8f12-c438f0f0f12b,415bfdc6-df62-4dba-8ac2-050b20fd40c5,
e6f61de6-f67b-4493-9bc0-6d56a115ff58,eefb008f-b866-4d4d-b068-6600da4fde45,28b25fe7-2041-4dd2-898f-56c0204382f5,
9e853f79-4862-43b9-8543-3eb9359ff73b,eefb008f-b866-4d4d-b068-6600da4fde45,4e655f17-cae0-42ee-aba3-b8ad726cedd3,
54709416-2252-411f-be50-74a8b284ce30,eefb008f-b866-4d4d-b068-6600da4fde45,50352b05-fc18-426d-ae94-af2a72773160,
c5d82f90-6d35-40c9-81b1-eebf27e037f7,eefb008f-b866-4d4d-b068-6600da4fde45,7799c916-4e3a-42ae-a3b1-ad526d178b41,
24203ed3-c4e6-4f42-9db4-09e1e44420a9,eefb008f-b866-4d4d-b068-6600da4fde45,80456ae1-3aac-4189-8cf1-0ec808ee5d1f,
c1a260ef-1a97-45b3-a7a6-40e81db767e3,eefb008f-b866-4d4d-b068-6600da4fde45,9c33c58d-571b-45be-853e-d8105f0fe882,
6cc10db5-af31-4b59-90e9-a4478cc9be50,eefb008f-b866-4d4d-b068-6600da4fde45,a0026e0b-4a32-4971-9f90-0b614d66b8b3,
fdbae84b-34c5-4ebb-844b-3ad2f180f995,eefb008f-b866-4d4d-b068-6600da4fde45,a6c34364-bf18-4e5a-ba3e-069d247268a5,
05d65651-324e-496b-a7e0-a3d91d235af1,eefb008f-b866-4d4d-b068-6600da4fde45,abe389c2-089e-46f0-8c28-4129c1a2d09f,
7e0a393b-0e23-41df-beaa-97e0cf242e55,eefb008f-b866-4d4d-b068-6600da4fde45,af4ccdad-42ee-4846-9c31-2f830af94b81,
34e79a71-e455-464d-82f5-4df026ebf85d,eefb008f-b866-4d4d-b068-6600da4fde45,caa24233-5ccb-4293-91c0-5c84f9542fe9,
974e6123-313e-47a8-b7c5-043ba1b43166,eefb008f-b866-4d4d-b068-6600da4fde45,d0962c01-3ee8-43ab-b3d3-c1af4f90f601,
5a967d75-93a2-4ca2-afc1-f5cc14a894ca,eefb008f-b866-4d4d-b068-6600da4fde45,dadec16d-4f14-4466-b0ef-74b30ecedd9f,
5f8a1bf8-52db-4627-ad6a-7fecd2345337,eefb008f-b866-4d4d-b068-6600da4fde45,e59070db-ca23-4842-b96b-b25567947613,
072407a6-5320-457b-a70e-c9138eb3abda,eefb008f-b866-4d4d-b068-6600da4fde45,e731ce6d-d666-442e-a0c7-8907d2edb713,
c302e258-5bd6-415d-bd51-43bd2d677670,eefb008f-b866-4d4d-b068-6600da4fde45,e882f74e-db94-453e-ad08-d16c57117870,
06c30c4a-105d-484c-a96d-8bbcf08f4a14,eefb008f-b866-4d4d-b068-6600da4fde45,ec71c69d-e6c4-46f0-a21d-234a19dd1655,
6a3742d5-7f96-44d4-9c71-8810b5c101e7,eefb008f-b866-4d4d-b068-6600da4fde45,f09ce510-289c-42a7-83e7-7a43eb3bcd28,
19fc3765-c524-4c8f-9bfc-82aca88fb304,ef67e67b-971e-4aca-885e-71c3f2d0729d,080d842e-2b43-4706-8691-c6e339757fa7,
aa2bdb75-8d2a-4fd3-8c3c-499d6f5c92a2,ef67e67b-971e-4aca-885e-71c3f2d0729d,18a11175-61c0-4498-8771-d91c695dd2b3,
da44d98a-9027-4c5b-ac0c-19f2946e50b4,ef67e67b-971e-4aca-885e-71c3f2d0729d,19ed7e93-f0d4-46a3-abd8-4c0eabaab375,
de800f23-82e2-4bc2-bfba-f4bee9a45628,ef67e67b-971e-4aca-885e-71c3f2d0729d,43e7f480-f906-48ba-a507-b036f3942656,
9de8a5d5-6e3f-4f1a-9889-3c03d4d3ab62,ef67e67b-971e-4aca-885e-71c3f2d0729d,4d6bcf18-b6b9-44da-8bfd-71b618d5543b,
cd076a16-949f-4304-a5da-8de27e315b36,ef67e67b-971e-4aca-885e-71c3f2d0729d,4e595bb3-c075-40a2-849b-86b370e7fd88,
af70a2f9-1adb-4de1-8c9e-3dd45b85700f,ef67e67b-971e-4aca-885e-71c3f2d0729d,6a429548-8520-418d-9021-a0fe00d2ab23,
719452b4-52a5-4921-8f94-69c4b8107404,ef67e67b-971e-4aca-885e-71c3f2d0729d,6fc25abb-7957-479a-b70f-cc4a96b07ff1,
bd0b66e8-e9ec-45ac-aa5e-e5b613067f4c,ef67e67b-971e-4aca-885e-71c3f2d0729d,8a6507d2-7701-4663-b622-ecb1c2a7637a,
af15c7f8-8ff2-46a0-bf0c-be61af50c0de,ef67e67b-971e-4aca-885e-71c3f2d0729d,bedee6df-c8c8-436e-9816-45653c5f9000,
018f42f5-270c-42a4-9102-c22b287baaa6,ef67e67b-971e-4aca-885e-71c3f2d0729d,dc7fdd63-aa95-4c5c-ace8-41fafce79d4f,
dc9d3392-0cac-4e01-aa35-a4591277ea5c,ef67e67b-971e-4aca-885e-71c3f2d0729d,e6cd0997-8ba3-41e4-9b8b-3fd0c7741b7a,
edd3c5f6-75bf-40eb-96f2-80d3a720f2c2,ef67e67b-971e-4aca-885e-71c3f2d0729d,e9b735d8-72c4-425a-9b69-5c4c88e56e62,
a9c5eb8b-490f-4e66-b419-760f2a1859a6,ef67e67b-971e-4aca-885e-71c3f2d0729d,edd927e1-742f-46d2-8eb9-f182e5b1cae6,
bdf4a99c-5a4e-41d0-9205-8a2686685bda,ef67e67b-971e-4aca-885e-71c3f2d0729d,f1dfb67b-e223-4cdf-a161-20dc0c908dda,
dc2cac06-cf7b-4b08-a8ef-63294014d444,ef67e67b-971e-4aca-885e-71c3f2d0729d,f888486e-283f-456a-8467-ec458cc07998,
078785fa-4434-49b2-86de-fc37b7b6b16c,f01ff26d-a151-413e-b931-d4ea080d957f,03eea8db-96b3-4305-b445-b9983f8b8853,
dacbb1f0-1518-4c6d-838c-6f19911446f8,f1a5cdc8-0976-4f0d-b850-90e50d584f1d,08d513bc-87de-446e-af97-d4d9de7d65ae,
5cb42474-5fb9-4f79-906f-d5f6a4ab6e0f,f1a5cdc8-0976-4f0d-b850-90e50d584f1d,10245f63-649f-4c55-801d-c628d81a0b3e,
a81aeecf-681a-46e9-9612-46e0dd921260,f1a5cdc8-0976-4f0d-b850-90e50d584f1d,179e4b03-3820-4943-bce0-12ece4e87b9f,
98666589-6aee-4f3a-aba6-ef2f3d2d37ed,f1a5cdc8-0976-4f0d-b850-90e50d584f1d,1dfa0eaf-6ebd-4ce5-8a6a-16e23444a0b7,
8d39de15-3359-48de-82cc-06142b419840,f1a5cdc8-0976-4f0d-b850-90e50d584f1d,20ac983e-13b6-4af9-8189-fb80e5920d0d,
d1c7c61b-db49-40d1-97b6-0c3ee3ef87b9,f1a5cdc8-0976-4f0d-b850-90e50d584f1d,293432bd-07d4-4d92-b997-33951b624aa3,
721a00ac-3b15-4f93-b701-d78d451fde75,f1a5cdc8-0976-4f0d-b850-90e50d584f1d,2ce30e30-6c97-444d-b219-787bfa0664b0,
ac6a8403-9d72-471a-a2da-b6f2f545255b,f1a5cdc8-0976-4f0d-b850-90e50d584f1d,3ca8b648-3e02-4819-ac44-257e1da50c9f,
25267a5b-25c9-4d9d-aec8-d4d1813c3211,f1a5cdc8-0976-4f0d-b850-90e50d584f1d,55086b16-691f-4bfe-a911-131c3b41f04d,
19f43404-bd29-415c-8feb-558db958f9c8,f1a5cdc8-0976-4f0d-b850-90e50d584f1d,56c48825-e3be-4de7-a757-91aaa8b27ccc,
dbb808b2-7f22-4772-adc6-39e854b1e270,f1a5cdc8-0976-4f0d-b850-90e50d584f1d,574d9993-2863-45e9-a640-b47fc6cd455b,
f6afa05e-9052-4b16-b330-2bf524f18523,f1a5cdc8-0976-4f0d-b850-90e50d584f1d,6975bcbf-2af0-438a-9a31-24240ae5c161,
0f8f5f19-b261-4a5c-b9aa-f61ee091536a,f1a5cdc8-0976-4f0d-b850-90e50d584f1d,6cf0adc1-d7d7-4495-87ea-486eeed73e1a,
fbac8705-ad4c-4818-8c50-0621a64c53da,f1a5cdc8-0976-4f0d-b850-90e50d584f1d,6e9acd83-ddc5-4706-b042-63c1084c9ae2,
5be36548-57ba-465e-9cb4-d23e9d6f5745,f1a5cdc8-0976-4f0d-b850-90e50d584f1d,90357400-f677-49af-9766-e3f9254a70d2,
eb221217-f1bd-4ec3-923f-7df24d6dd779,f1a5cdc8-0976-4f0d-b850-90e50d584f1d,95c680f5-213c-478d-a488-c6d5c0ff6030,
9fee53ca-fe69-4b3e-92fd-c7e9b132c3f3,f1a5cdc8-0976-4f0d-b850-90e50d584f1d,a2c8f7d4-c7b7-4c23-ba40-1cc3250345f1,
3c3294bf-5491-4076-9ba6-9e87a5ce4ebf,f1a5cdc8-0976-4f0d-b850-90e50d584f1d,a3f35622-1135-457a-98f8-c1986d0d6f8b,
517114a8-79b1-480a-a12f-919e1a2bed37,f1a5cdc8-0976-4f0d-b850-90e50d584f1d,b0540958-d872-4090-8aa0-35548efc3b7e,
ab25d73a-18d2-47f3-af18-7ba948572fca,f1a5cdc8-0976-4f0d-b850-90e50d584f1d,b882159e-ee68-4618-a6a0-74bb48f9e1fb,
978ae70b-dd57-4ce6-badf-e4c9b19d8a80,f1a5cdc8-0976-4f0d-b850-90e50d584f1d,ba57de6c-b21a-4f90-8961-878857b3fa14,
50fb7d54-d3f0-4f1a-8a74-2ecf01ed049b,f1a5cdc8-0976-4f0d-b850-90e50d584f1d,c53ac1b0-dcf7-4676-b380-399075af62bb,
9b1b90a3-9403-4a3c-ad5c-4741075e1ec9,f1a5cdc8-0976-4f0d-b850-90e50d584f1d,c7ebcde1-7adf-49e5-83a3-fb3aaf82a0dd,
fa4eaf77-3430-40a3-9b1a-a51ff5ac0460,f1a5cdc8-0976-4f0d-b850-90e50d584f1d,ca712d45-cc72-407b-a966-7042e5db4522,
bdd64ea5-0c60-4926-b210-617aa14a1e06,f1a5cdc8-0976-4f0d-b850-90e50d584f1d,f6b83fbd-af00-44a0-ab28-5915b5832894,
896ac3ff-b993-49dc-91e1-04e4e185d8fb,f1a5cdc8-0976-4f0d-b850-90e50d584f1d,f715c095-469b-4ffb-bcfa-0fc5aa08d5fa,
5c9bef20-8e46-4605-abb6-59b862c6ddaf,f37c3b27-8fcf-44fa-b5d1-0ba3d5569eac,12e3fdeb-a5a6-44c6-bff9-2a493ab437bb,
8e3b27bc-e1b6-4008-992a-d2ecc3c4e1de,f37c3b27-8fcf-44fa-b5d1-0ba3d5569eac,1378c7b2-274c-436b-a285-a031ef497a52,
4e26ce3d-dc51-481e-88d3-b5a1c3f14fc5,f37c3b27-8fcf-44fa-b5d1-0ba3d5569eac,1c989ede-880c-4509-b6ef-83c2ce4d38f2,
5060be0e-a781-4d10-8a27-2a993d628b1d,f37c3b27-8fcf-44fa-b5d1-0ba3d5569eac,280d1ece-2cc4-455a-bebe-998b973a483d,
a22c9cb5-9f64-4074-ba3c-79541fd14d76,f37c3b27-8fcf-44fa-b5d1-0ba3d5569eac,29eb0386-0248-4491-bd64-500ea6c8eedd,
dd0cf3bf-3cab-4dc5-ad78-5813de415afc,f37c3b27-8fcf-44fa-b5d1-0ba3d5569eac,35035cdb-589e-4e89-b170-2e24356bbe94,
6f3daf45-c1fb-4709-82e9-bfe2aa5e2b18,f37c3b27-8fcf-44fa-b5d1-0ba3d5569eac,3991a1c3-31e2-4f0a-a273-bd84c65c268d,
9edbe1e3-47a1-448a-aea8-e65b185d7397,f37c3b27-8fcf-44fa-b5d1-0ba3d5569eac,40195616-1251-4743-81ce-74efa6d311ca,
2115b67f-1dcb-4656-bf40-b10aae14a070,f37c3b27-8fcf-44fa-b5d1-0ba3d5569eac,4051155b-254d-4330-ae87-cca8b1250b2e,
8e916430-b835-4993-b4d7-4f472f06ce1b,f37c3b27-8fcf-44fa-b5d1-0ba3d5569eac,42b6b6c5-cb55-4dde-82d0-bf106bcb70fc,
4ff521f6-a28f-4958-800d-510fdff6178c,f37c3b27-8fcf-44fa-b5d1-0ba3d5569eac,492bea73-e708-40d2-aba6-1761a3b4d816,
a8e6c776-8308-4b2d-b253-e2e612bf9b83,f37c3b27-8fcf-44fa-b5d1-0ba3d5569eac,49baf14c-63de-41bb-8f49-e1ce45d720ef,
0c851865-f232-4d68-a721-8115dbd5d9ad,f37c3b27-8fcf-44fa-b5d1-0ba3d5569eac,4ae58a3c-f532-408f-8861-c8e121307880,
f0ff6ee0-3115-4b26-8b32-70a9eb53f91e,f37c3b27-8fcf-44fa-b5d1-0ba3d5569eac,4bbc1f03-b2dd-4e0f-bde4-78bc571594ce,
47bbb4f1-565d-489c-a9a4-485552f157a5,f37c3b27-8fcf-44fa-b5d1-0ba3d5569eac,4c6b4d55-54cf-424d-af34-c908af81c0ac,
6a29c2dd-6cd8-469c-b7c1-5d0aef3b04d9,f37c3b27-8fcf-44fa-b5d1-0ba3d5569eac,4ed632fc-0278-4e40-b100-4a3ce14a6f87,
b76fdad0-edba-4e0c-9bd8-6e066884de58,f37c3b27-8fcf-44fa-b5d1-0ba3d5569eac,6e768013-f242-4e80-9869-3b7f5f248d6a,
06315c86-67de-48ae-b160-7476c1e84248,f37c3b27-8fcf-44fa-b5d1-0ba3d5569eac,74e3ca8d-ffe2-4bbb-8ed6-abb4d48ac748,
eac1f062-9826-4779-a88c-c98b8b0be4b7,f37c3b27-8fcf-44fa-b5d1-0ba3d5569eac,78f70e3a-4111-464e-9703-28772d29b219,
d91aace1-04fe-4b11-ba8a-716042ca64d1,f37c3b27-8fcf-44fa-b5d1-0ba3d5569eac,7d09b62a-9de2-4c4d-bae4-f5deb19c17ea,
dcbd88ba-6094-41b0-9544-eaf5006d41d4,f37c3b27-8fcf-44fa-b5d1-0ba3d5569eac,814ccd70-ad6e-46d3-b187-a4e85f4b23bd,
8644be58-2ac0-4c7b-9cf4-f7ca1c9c698c,f37c3b27-8fcf-44fa-b5d1-0ba3d5569eac,841db763-5e83-4dbb-9e62-40cf6fdc1aaf,
f2944625-2c46-4922-8bb8-bbe633804ea1,f37c3b27-8fcf-44fa-b5d1-0ba3d5569eac,86340608-0ad3-45ed-bc0a-cd5616b5b98f,
94046d78-35e3-4001-bfcf-d089dacbcb0e,f37c3b27-8fcf-44fa-b5d1-0ba3d5569eac,87c8a3d5-499b-40e5-8e4a-8feff0e1cfc8,
15432a7f-a16f-47a4-adfb-d7f9c7a7a1d2,f37c3b27-8fcf-44fa-b5d1-0ba3d5569eac,8833f927-7464-41d4-908f-a506cb9bf195,
fe3ddb9b-ab1e-476e-ae4d-dd7a571d1469,f37c3b27-8fcf-44fa-b5d1-0ba3d5569eac,898a8438-b22d-447b-95f4-8686c94e9e81,
ab3ccbe3-b2bd-4be3-9282-12108cc92446,f37c3b27-8fcf-44fa-b5d1-0ba3d5569eac,89b85ab2-2ee5-4206-b3e4-ed5283dbe5ce,
7af34a54-38d6-434a-bda3-5953d1802e1f,f37c3b27-8fcf-44fa-b5d1-0ba3d5569eac,8fd340e3-3117-467e-b2b5-b6f8d8d3ebc0,
b3ad1420-407f-4be9-87a7-088470efa1b2,f37c3b27-8fcf-44fa-b5d1-0ba3d5569eac,961633ba-2ce4-4c47-9315-0345e617fe5d,
b15be804-5686-4ce7-9a2a-c782b8fecf04,f37c3b27-8fcf-44fa-b5d1-0ba3d5569eac,971d55c3-7671-4df1-bfc0-e53709c0852c,
f50bc0fc-ee92-423a-9164-e6f499cbdcf2,f37c3b27-8fcf-44fa-b5d1-0ba3d5569eac,99fa6659-ef28-4161-af73-e7a1b897a67b,
3a1b1c53-7150-4369-a8ca-d09404241604,f37c3b27-8fcf-44fa-b5d1-0ba3d5569eac,9b7aaa52-3896-42d5-a2b7-b554c61b5683,
405e07df-a5c9-4c77-bf55-4cb4c32d55d2,f37c3b27-8fcf-44fa-b5d1-0ba3d5569eac,9c367a0b-5c03-4206-869f-dcec63a0173d,
64de4634-520f-4a18-913c-ece9654c19d0,f37c3b27-8fcf-44fa-b5d1-0ba3d5569eac,9c818301-6d93-4ddb-bc18-638654f9b4e3,
d1c901e7-9ba8-49a6-b84e-8ad5928f8c3d,f37c3b27-8fcf-44fa-b5d1-0ba3d5569eac,a8931c8e-3b06-47fe-a4b1-9c0070b0dc67,
92e8b948-86ca-4a6d-985d-43fed9801372,f37c3b27-8fcf-44fa-b5d1-0ba3d5569eac,acdfdb5e-61f5-4494-9b59-7756bcd22bbf,
bbca50a5-7fac-4c83-a3e9-e20000c2a1e0,f37c3b27-8fcf-44fa-b5d1-0ba3d5569eac,b03dd10c-134e-488a-a9d8-95a628d03c74,
cf2b91df-7a18-4b17-9579-1a2564cd6458,f37c3b27-8fcf-44fa-b5d1-0ba3d5569eac,b950e7a8-79e5-4bae-a250-c09e68c4ac6a,
d8d3914b-fc8a-42b5-a567-4056b0ab2d0e,f37c3b27-8fcf-44fa-b5d1-0ba3d5569eac,ba4118ac-e837-4f19-a1da-129320ab7874,
414f75b7-72d4-4681-8a49-4bf6b0cdc981,f37c3b27-8fcf-44fa-b5d1-0ba3d5569eac,d77027ad-f13e-4f88-874f-69393b341ac2,
201e6e69-dac2-4e3d-a94e-47aa9015ccd9,f37c3b27-8fcf-44fa-b5d1-0ba3d5569eac,db113ba5-bd91-42ad-b1e7-2d4df1bf95e5,
f075a5d3-7ae1-4519-8f61-746c081e4f4e,f37c3b27-8fcf-44fa-b5d1-0ba3d5569eac,dbff2337-620c-4c8f-974e-1869184362ff,
a8f604c0-5ae2-488c-b398-c16da4bd1b92,f37c3b27-8fcf-44fa-b5d1-0ba3d5569eac,dd99fcb2-c4fc-452d-b8e2-efd9234c72a5,
95ba152b-12e1-483a-92ce-33812a6e14fe,f37c3b27-8fcf-44fa-b5d1-0ba3d5569eac,ded4a6a6-0bd8-4294-b65f-63ca05730516,
c12fd1a8-8dab-43bc-ac95-98f2d9748e4e,f37c3b27-8fcf-44fa-b5d1-0ba3d5569eac,e186daf4-d8d2-407f-90d7-ee2000745aa2,
dbd9934b-d5e3-4a92-b940-31313e24231f,f37c3b27-8fcf-44fa-b5d1-0ba3d5569eac,e7fa9790-aad7-4128-9d2b-35c0269c7243,
bfdbeee9-cef9-4a68-9058-04685728b8bb,f37c3b27-8fcf-44fa-b5d1-0ba3d5569eac,e9afb079-1f6e-4913-9982-ce78347aa840,
4d046170-6e92-4d10-859c-ec0821cc1769,f37c3b27-8fcf-44fa-b5d1-0ba3d5569eac,eef1dfae-45cd-4272-b452-6478f1360720,
689b4727-da87-4535-8b86-f46a497b77f3,f37c3b27-8fcf-44fa-b5d1-0ba3d5569eac,f2b35d27-2839-49b2-aac2-f5a17d0d17b7,
a011d8de-765f-4b59-b7d2-246d87bc4ce8,f37c3b27-8fcf-44fa-b5d1-0ba3d5569eac,f6987ae6-09f9-4db5-b8f3-9cdddf363e9f,
f145e4f1-31a2-4fe1-8849-63c9ed97535c,f37c3b27-8fcf-44fa-b5d1-0ba3d5569eac,f912f4f0-ee30-4fb0-bc66-86d89b253cad,
f261c8d6-c6f9-4381-beaf-7a1e97444873,f37c3b27-8fcf-44fa-b5d1-0ba3d5569eac,fa0fccf6-8a3e-4c9d-8544-30e0497ca05d,
1d5bd1d3-7e9a-4daf-a48e-d6471b854ff4,f37c3b27-8fcf-44fa-b5d1-0ba3d5569eac,fc23beff-855c-45c6-94b6-18459e9d69e7,
cdf54756-44f2-41dc-a6a1-efcdc8fb6ec3,f3d998cb-d2ab-4466-a678-5eda25dd6c3e,0d02df13-89a9-4e6f-8b2a-f24355610d08,
4a108101-14c2-4e1c-b56e-3f0bc92e5932,f3d998cb-d2ab-4466-a678-5eda25dd6c3e,373c784e-57be-4b01-8c5a-dcb9c3139a09,
2899a238-f075-4219-9be2-155e4f07ef90,f3d998cb-d2ab-4466-a678-5eda25dd6c3e,880b5356-6e26-4c01-ad6d-9e1ebc450f35,
86c8e145-39f2-4b7c-aaf9-e8fe68dc564d,f3d998cb-d2ab-4466-a678-5eda25dd6c3e,a7fe1589-8898-414b-b56e-ff4b2f2e51f5,
d72d03a4-5105-47a5-af09-518a2f84569c,f3d998cb-d2ab-4466-a678-5eda25dd6c3e,c3a4aa20-d699-4b3c-8af8-a6267b4774ba,
c0b5828a-e28d-40cf-a5bb-d9103531bcad,f3d998cb-d2ab-4466-a678-5eda25dd6c3e,ca8ed892-c55f-4198-941d-98500f2fb578,
5c29e7c9-f3d7-41dc-a114-a0dda75bfd46,f3d998cb-d2ab-4466-a678-5eda25dd6c3e,d21902d2-df6c-478f-b3b5-e0191ac2d152,
683a702d-8a1d-4327-8930-a2e2c4d74809,f4450ef6-e19b-43f1-9d85-41a0e02e3c84,5afe45e0-a453-485f-ab1f-8cef2e9d0002,
6dbe55fb-62cc-4b62-82fb-413fb7dbd5a9,f4450ef6-e19b-43f1-9d85-41a0e02e3c84,5c49fc52-0b73-4121-95f2-b23b044dfd9e,
21461ea0-3090-42c8-aa10-b0dbc2771960,f4450ef6-e19b-43f1-9d85-41a0e02e3c84,7c2bd138-c5c1-4a0a-81ea-d17452f9d0b6,
c17f78e5-788e-4982-8d87-593da79fba3e,f4450ef6-e19b-43f1-9d85-41a0e02e3c84,9133cc9c-0700-47c4-943c-3eb278c6f3bc,
763ef094-364a-472f-ae5c-854cfc2baa51,f4fe6928-f68c-4b4b-a971-a6076acfd084,58c8fc6a-6413-4cb4-8e0a-06db6ce0e792,
52c1d8ae-6ace-4e72-a70e-fb10514acd3c,f4fe6928-f68c-4b4b-a971-a6076acfd084,979376c5-8f94-408a-9624-a530bed3b252,
12dac79a-4c29-4d24-aa80-ceea5111d440,f4fe6928-f68c-4b4b-a971-a6076acfd084,9b88fcbb-77e1-4ff8-be76-c25dad367c8f,
471a60fb-fa8b-406b-a112-7d43cf2bbb41,f4fe6928-f68c-4b4b-a971-a6076acfd084,d1576985-15aa-4294-9ed0-5d151add08f3,
ddcf45c5-5135-43e1-9ac1-6377baa7a3e9,f553bfd2-1788-4a2e-a83d-e3ba96d2a364,1523f710-8126-48bd-be8c-68a4adf3e9c6,
f3a06c5d-9d2b-431f-bd44-94447a153888,f553bfd2-1788-4a2e-a83d-e3ba96d2a364,685da299-8680-474e-b350-ef722339f7c4,
4738bfe9-fc46-4748-a104-c868d17f12a1,f553bfd2-1788-4a2e-a83d-e3ba96d2a364,88c8c7c9-a59f-4a7a-b007-20f22bdb5d73,
e94afd21-cf9a-403e-858c-b235dc15c388,f553bfd2-1788-4a2e-a83d-e3ba96d2a364,8a898ea4-70bd-481e-a69e-e158dc35dc16,
981838c4-1487-405d-bf04-76a7be9b2319,f553bfd2-1788-4a2e-a83d-e3ba96d2a364,acea8a12-7350-4e44-bf26-f1944b419dcd,
f58840f9-cab5-4590-bb5d-40f369138ba9,f553bfd2-1788-4a2e-a83d-e3ba96d2a364,c8d02f6f-447b-49b1-a3a0-8ace100cabe0,
662494e3-14c3-4656-b314-d2026e21e327,f553bfd2-1788-4a2e-a83d-e3ba96d2a364,d7592f27-2f98-4f37-9e19-05010adede79,
3591c86a-1194-469b-b195-f190cb8b69ff,f553bfd2-1788-4a2e-a83d-e3ba96d2a364,d9e9d9fa-383b-45fd-b032-361fea8bdfef,
17ab1919-97f4-4835-99bb-a6ef85794538,f553bfd2-1788-4a2e-a83d-e3ba96d2a364,e6e019ac-274c-49a9-95a3-135339100fee,
666cfa42-1940-4568-8cbd-11492478ec59,f553bfd2-1788-4a2e-a83d-e3ba96d2a364,fcc3559d-5058-4939-aadc-7766a94f480c,
ba235075-bb65-4bc8-876f-92ef63038ce1,f5bb2430-bb71-40bd-bfa7-f1ddc549760e,02691c41-9f00-4ef5-8cf0-668e7607fea3,
860ae21d-f8f2-4d8b-87f8-d69220a7fae2,f5bb2430-bb71-40bd-bfa7-f1ddc549760e,0641c92c-d3db-4a72-952d-66209c9b98ed,
43839642-f7b6-4c35-8ec6-892cb99787f7,f5bb2430-bb71-40bd-bfa7-f1ddc549760e,10940f2c-ea91-4732-b0e7-43a2b2ef2968,
1487e1f9-97d5-4380-8761-dccc0fb5d70b,f5bb2430-bb71-40bd-bfa7-f1ddc549760e,119cf5f7-2f29-4f35-a835-7788886f7a07,
fb849d3a-e1d7-4e40-9af0-8a865e00eb53,f5bb2430-bb71-40bd-bfa7-f1ddc549760e,22424411-11c1-4d6b-81dc-6d4d2781c20e,
c29356b3-a5e9-4577-9b8e-1454a2ab2a39,f5bb2430-bb71-40bd-bfa7-f1ddc549760e,2e026dee-ef76-45b8-b950-615759718316,
338bb475-866c-4d81-b51f-3c024c9e4fcc,f5bb2430-bb71-40bd-bfa7-f1ddc549760e,4390421f-bd49-4ccc-9503-023b08be8f19,
8bdd9235-add5-4062-a8ba-fa5799421063,f5bb2430-bb71-40bd-bfa7-f1ddc549760e,43b26d09-b624-4dc0-8020-6704afcdc688,
9cd0f5ac-e3cc-489d-a51e-a9c8393a64a9,f5bb2430-bb71-40bd-bfa7-f1ddc549760e,47640ca6-d2b4-4aef-a1a0-fc77971d5758,
01d0a1ec-9635-4980-8dfc-ee96ea99f3d3,f5bb2430-bb71-40bd-bfa7-f1ddc549760e,48318436-74ec-47e8-b5ce-ec598723c0a6,
0ee40a53-4f94-4c06-847e-7a2b53be80a9,f5bb2430-bb71-40bd-bfa7-f1ddc549760e,49bc5cd9-2e56-45ab-a371-1ce50662794c,
80ce0eaa-3a91-4b09-a9ca-66c652f2a954,f5bb2430-bb71-40bd-bfa7-f1ddc549760e,4b500812-13b7-4cfc-804b-e80750beba88,
24b20d31-c0f2-47b0-86bd-a47dbbdd2a82,f5bb2430-bb71-40bd-bfa7-f1ddc549760e,4d3ada0f-8c25-4eac-9602-6beca9f73355,
728d7b15-27e3-405a-9a5a-46521a2525a4,f5bb2430-bb71-40bd-bfa7-f1ddc549760e,4e11f17a-6c58-4d21-ae65-5a187bd3a2db,
731f19b2-03a8-4a76-beb9-7788a234a151,f5bb2430-bb71-40bd-bfa7-f1ddc549760e,51e6fec0-2969-40a3-942c-1e2f7e182517,
21c3fa7a-63a9-41ce-9fe7-846e48859af3,f5bb2430-bb71-40bd-bfa7-f1ddc549760e,51ef08af-319a-4c93-bd37-7ff16db65287,
e10e2a91-1609-44bd-b570-1ff447c534d1,f5bb2430-bb71-40bd-bfa7-f1ddc549760e,5e08d63c-da64-46dc-a9b0-9ae6c6ddf56d,
0464478d-64a5-4e37-a98c-be38f11b169b,f5bb2430-bb71-40bd-bfa7-f1ddc549760e,604dda75-ab25-442a-b6c0-69c600cce43a,
f43b5b55-885a-4207-98a6-6675e77eb155,f5bb2430-bb71-40bd-bfa7-f1ddc549760e,6c872380-0294-4f53-9b89-b0ea88f1876d,
97215572-cf51-47fc-aaf2-abc82fcec5ca,f5bb2430-bb71-40bd-bfa7-f1ddc549760e,720a788a-3788-41de-8805-30c6f57d2df9,
deb0ed14-e148-491f-8e8e-e831f5040ec5,f5bb2430-bb71-40bd-bfa7-f1ddc549760e,720abc0f-b51d-45dd-8f07-bb3ff5e1d290,
b7eae3c0-b82a-4f29-86e4-d94a3feef1dd,f5bb2430-bb71-40bd-bfa7-f1ddc549760e,7ddc95ba-aa56-4b52-9ca9-7254945d33ea,
13d0e793-2c6e-440c-beb1-facb26831b5c,f5bb2430-bb71-40bd-bfa7-f1ddc549760e,7e02c26e-2eaf-4aee-b65d-703332e686d4,
1e0efc87-c33d-4754-b779-e1abfc4c2230,f5bb2430-bb71-40bd-bfa7-f1ddc549760e,8e4af223-d61e-43fb-9f04-32c4f7b80462,
716161a3-8358-43ef-98ba-b5f732788168,f5bb2430-bb71-40bd-bfa7-f1ddc549760e,8e5d9654-3fe6-4779-84e2-f3e2ac5ab76b,
1095f9e6-96b2-40e9-9a25-90f1d2c4be81,f5bb2430-bb71-40bd-bfa7-f1ddc549760e,919ce35e-ccc2-4040-81eb-27ee1397d0fa,
6384aae1-9b8f-491c-9d0b-c30c85a43f1d,f5bb2430-bb71-40bd-bfa7-f1ddc549760e,93ede414-57da-43e4-98ae-120acb356f0f,
76e7b62e-a121-42a2-a94e-e68356f02155,f5bb2430-bb71-40bd-bfa7-f1ddc549760e,9457edf8-e750-42f2-9e00-56a0ed8730e0,
ee1dafba-c223-4617-aa90-317630fe8d38,f5bb2430-bb71-40bd-bfa7-f1ddc549760e,94e2b411-2070-4e26-8476-9f13acd735a4,
d56298fc-9fe5-44ff-991d-a57ed07a5de2,f5bb2430-bb71-40bd-bfa7-f1ddc549760e,956ff2d2-0cd3-4633-b6f9-a7ebbd2210e0,
2128f86c-ccb2-4f9c-ba91-92f8298a165b,f5bb2430-bb71-40bd-bfa7-f1ddc549760e,98b89fbd-3939-42ad-8f39-2c71498c3b0f,
d3d685a9-54f3-4914-9835-a978dbed83e8,f5bb2430-bb71-40bd-bfa7-f1ddc549760e,aa052c8a-99bf-4909-b91d-5ef2aa14e7ff,
744c3976-17d6-4362-8718-f19ac89e9307,f5bb2430-bb71-40bd-bfa7-f1ddc549760e,b0b1ed57-f35c-479e-be40-0c01f98e878b,
5b784066-d24a-4fe0-a56a-14551d1b9c92,f5bb2430-bb71-40bd-bfa7-f1ddc549760e,b7e047ec-c478-4b6b-a0e3-c68d0ea9205e,
0de54e49-b353-4283-97c7-1e2bd90cb63e,f5bb2430-bb71-40bd-bfa7-f1ddc549760e,b890b3a8-a198-46a3-aeb9-f5683eb5c798,
fc865a80-95cd-4c97-884f-ddfc4da377f8,f5bb2430-bb71-40bd-bfa7-f1ddc549760e,bb64415b-08b7-4355-ba6f-d1cfd1f148fe,
80828c5c-1d91-41c8-a9c1-2e1bf031dde7,f5bb2430-bb71-40bd-bfa7-f1ddc549760e,be8e781c-c25f-411f-9731-429e77d65ef2,
e70abda2-dcd0-472c-948a-0db64baf3bb8,f5bb2430-bb71-40bd-bfa7-f1ddc549760e,c01678ba-49a6-4fbf-93ca-4b8d175ff8bc,
599df3b2-e9dc-4b62-a37c-ca14198dea32,f5bb2430-bb71-40bd-bfa7-f1ddc549760e,c161bff6-b040-45ee-ab5d-1c6e86cbcea2,
0074a2da-da50-466c-b664-7bde5713b13e,f5bb2430-bb71-40bd-bfa7-f1ddc549760e,c2979437-2f7d-4950-be31-6f3caf9cdada,
551bc1e5-9f92-432c-95dd-ad50d38acca0,f5bb2430-bb71-40bd-bfa7-f1ddc549760e,c37dd3f4-adbd-49ee-abde-5063c59ddbd3,
5bd8e97e-6f7e-47a0-83dd-86a84389d7cd,f5bb2430-bb71-40bd-bfa7-f1ddc549760e,cbbaf29c-cf9f-4599-b7a4-8a134efb348c,
1d2c154f-9f54-4a87-bf53-02c8dd1edbc4,f5bb2430-bb71-40bd-bfa7-f1ddc549760e,d0214d86-c382-4467-b6cc-539bd7ea4a8d,
78be82dd-e439-4746-b5d3-9a06a64f2355,f5bb2430-bb71-40bd-bfa7-f1ddc549760e,db33f891-ba3d-4fef-8c47-7f1cf92441d3,
16a466c1-6fd8-4897-a63c-d49d4b586117,f5bb2430-bb71-40bd-bfa7-f1ddc549760e,df26b609-ab69-44ce-96c5-a77e78de7117,
b21d7dba-109c-46bb-95c4-1cbb3454c7e1,f5bb2430-bb71-40bd-bfa7-f1ddc549760e,e084d256-b884-45e9-ae25-a309eb6be717,
67abac6c-eb6c-40fc-ac58-7ae6a2304246,f5bb2430-bb71-40bd-bfa7-f1ddc549760e,e09c8ad1-ccb5-4028-b224-76114fd5d51f,
a74cc40a-70cd-4e0d-aa18-7b42d4602736,f5bb2430-bb71-40bd-bfa7-f1ddc549760e,e671dea1-c224-4e6d-a8fb-e249c95a4f3a,
3b1426eb-a65f-4bac-8498-de06a4c96c01,f5bb2430-bb71-40bd-bfa7-f1ddc549760e,ee812e26-80a6-4575-b3ed-b5dfe36687e6,
cd6ccd54-7be7-465c-a05d-881ee68959cb,f5bb2430-bb71-40bd-bfa7-f1ddc549760e,f320fde1-215b-449f-a70d-21ab44ed2c80,
72102933-67df-4563-8413-5bdea176de2b,f5bb2430-bb71-40bd-bfa7-f1ddc549760e,fd4da1ea-e7d4-4e68-af48-814e1c30e105,
6b2f7500-f952-4fb3-bc87-25775f45075f,f5bb2430-bb71-40bd-bfa7-f1ddc549760e,fd6a8ddc-81e6-49a1-a6e7-939a3144b976,
7f1ea75d-cbaf-4dfa-a380-8ed5860b6fcf,f5bb2430-bb71-40bd-bfa7-f1ddc549760e,fe3d7455-cdbe-45b9-b34e-86d7edfd344e,
755c59d2-f07f-415e-98eb-630f16076631,f75ea3ac-7c2f-497d-9c6b-73a224603ebf,021ab92f-0eb6-45e4-8b76-a518bb196575,
1bff1592-8560-4733-9f87-427e920c660a,f75ea3ac-7c2f-497d-9c6b-73a224603ebf,024351e2-2181-4a52-8c22-615933f3b22c,
e9a4c2d9-443b-415e-bb10-3102068c6db8,f75ea3ac-7c2f-497d-9c6b-73a224603ebf,028c5d7c-c61c-4414-82a2-065ba28391ee,
98b4e1d1-f67c-4c6a-8a28-c109a58253de,f75ea3ac-7c2f-497d-9c6b-73a224603ebf,0fe19f1f-16ef-4bf1-88c3-15cbb173c747,
483db2b1-89ff-4bc8-805b-9578bf1a4881,f75ea3ac-7c2f-497d-9c6b-73a224603ebf,1bc23a1a-94c4-46e0-a923-9d0adfa3ce37,
3dc466d6-d4e5-4a67-b3de-ba2fe4372b68,f75ea3ac-7c2f-497d-9c6b-73a224603ebf,22ebd420-0eac-4581-bac1-aab7d532c545,
331ac3c0-2693-44cc-802e-3c50fe5cedbb,f75ea3ac-7c2f-497d-9c6b-73a224603ebf,2990bc78-0a61-4b91-a144-80d9be63700a,
8be8c01b-d5f4-4ff5-be44-0f2db0e4a763,f75ea3ac-7c2f-497d-9c6b-73a224603ebf,2fd4d3ff-2e57-41c3-8c01-0eec02bbe2f6,
48ee72c9-e5d9-43c5-ac87-8abab44331d7,f75ea3ac-7c2f-497d-9c6b-73a224603ebf,3d414537-f115-47e7-9d9a-3bc582da65c6,
951677f5-59f2-4379-bca2-5558eb85f117,f75ea3ac-7c2f-497d-9c6b-73a224603ebf,3dab5c79-d887-4def-8c02-13bc5eaf9559,
17756807-d967-4da7-bffd-54bc97a4d7c6,f75ea3ac-7c2f-497d-9c6b-73a224603ebf,3e62ca25-2885-48b6-9e83-c4832e64246a,
a7b89bc9-ab1d-4511-8b1f-8cd27f989b16,f75ea3ac-7c2f-497d-9c6b-73a224603ebf,3f4bf2bb-d87f-4460-b0cc-852af5626906,
f5bbad31-e402-4878-8734-f1693be42046,f75ea3ac-7c2f-497d-9c6b-73a224603ebf,4af465d8-b64d-43ab-8854-6d03b1f3ca26,
796b2b6d-a1bb-419f-9ba8-da111f4c561e,f75ea3ac-7c2f-497d-9c6b-73a224603ebf,4dde3fb8-8e67-4f43-a0d0-2038dc0d9227,
a188d990-1af0-4be8-8e43-53a87d9a1c85,f75ea3ac-7c2f-497d-9c6b-73a224603ebf,4e02126e-f85d-4c6b-8c84-837bbee04c59,
85296fd7-f3a4-4bcd-bfed-e55e533bce25,f75ea3ac-7c2f-497d-9c6b-73a224603ebf,563fd636-10b7-43b4-ad44-c0cd2d40abd2,
c6f53cc0-0042-4ef1-b8a6-cf622b5b0802,f75ea3ac-7c2f-497d-9c6b-73a224603ebf,5943a640-dd67-44e3-988e-0b51b1bd4557,
820cf581-c271-4066-89a6-c4b91b0b9ade,f75ea3ac-7c2f-497d-9c6b-73a224603ebf,5b06aebe-7510-4f5f-b8f0-92e9b9dea321,
684d8b48-3ec8-4947-bdb4-35807d1e075c,f75ea3ac-7c2f-497d-9c6b-73a224603ebf,5fa9ad7f-71be-44e6-b0ec-c9908f1c5716,
7dc2246d-d615-46d8-82d7-e32165a40e66,f75ea3ac-7c2f-497d-9c6b-73a224603ebf,73137e02-ca85-48db-b4b6-7612998cfc2d,
f3a32630-c725-4ae5-b7d9-01d02cbdf7ed,f75ea3ac-7c2f-497d-9c6b-73a224603ebf,732cb60a-ce94-4e82-9e39-e5dff5b20014,
ea2463ca-92b4-4464-9e13-446017828d4b,f75ea3ac-7c2f-497d-9c6b-73a224603ebf,78a84155-6869-4872-8559-36e97815a3af,
2a492a47-a07c-4382-8790-1b5e52109243,f75ea3ac-7c2f-497d-9c6b-73a224603ebf,78b0df6d-ec12-40f2-aa22-fe29bf27b24c,
56a17dc7-7bb2-4f0b-87d1-17d50afda716,f75ea3ac-7c2f-497d-9c6b-73a224603ebf,7d2963ce-0f7a-4a82-bec9-4f71ba8a04f3,
5c88f39b-8b41-4685-b795-10fd7df7b136,f75ea3ac-7c2f-497d-9c6b-73a224603ebf,7e06b617-b6bb-4404-aab6-57650ac874b0,
0df466ce-b59e-43ae-8b83-a1f8ea28bdaf,f75ea3ac-7c2f-497d-9c6b-73a224603ebf,7fe0455b-5dc9-46ff-b5ca-45b2d7e8814a,
5909153d-5e71-4bbd-abaa-cce71263f245,f75ea3ac-7c2f-497d-9c6b-73a224603ebf,88c9a6db-b863-4906-b8c1-cbf8ea4a86d5,
034f78ff-a159-4ebe-949e-40135030040f,f75ea3ac-7c2f-497d-9c6b-73a224603ebf,8ca3a082-91bb-483e-afc7-24541fc4c7eb,
3b2019f7-ebe1-4885-89ff-8e26a5296e4d,f75ea3ac-7c2f-497d-9c6b-73a224603ebf,8e543644-d733-408e-bd5f-179ccc49d972,
af6db120-5d7d-4124-b7e8-63bc14fc3301,f75ea3ac-7c2f-497d-9c6b-73a224603ebf,90899414-49c6-4733-baad-f21a676d4982,
097012d9-7548-40ea-90c1-110612e18d13,f75ea3ac-7c2f-497d-9c6b-73a224603ebf,92dd6ad7-02f8-4fa3-ab4c-892172d135ce,
e2ec3246-f3e1-4a36-ad8c-dd945a8d66ea,f75ea3ac-7c2f-497d-9c6b-73a224603ebf,954d1ea5-12de-4108-9e03-ab9ee9bf02b4,
59b7004c-bae3-4ec2-935d-7aa44798e1d1,f75ea3ac-7c2f-497d-9c6b-73a224603ebf,9fcc6177-8b5b-4000-a8e8-45cf950f2d4a,
453ee7a0-eb10-4db4-aae8-d548a76eed79,f75ea3ac-7c2f-497d-9c6b-73a224603ebf,a32b6234-43a2-41bf-af80-dc519f10d06a,
165669f1-0701-4d3c-99ac-8d0f59878637,f75ea3ac-7c2f-497d-9c6b-73a224603ebf,a5969719-259f-40b0-836b-ca5c3f4fd015,
b2cbc4a1-90f0-4538-b622-b999df5f5d94,f75ea3ac-7c2f-497d-9c6b-73a224603ebf,aac8bbc4-0e2c-46a8-9d2d-b2c3d85bda2c,
191070c9-344c-48b7-85b3-6a12c50da7f2,f75ea3ac-7c2f-497d-9c6b-73a224603ebf,ab43d015-c82f-4040-9f13-3f1ccdc0517d,
3070e410-6da9-4727-b035-901d17885a4a,f75ea3ac-7c2f-497d-9c6b-73a224603ebf,b3945a1b-62cc-4f3e-be35-c6476d9fda5a,
bc209b88-ce60-4ada-9b1e-2be68ddd9014,f75ea3ac-7c2f-497d-9c6b-73a224603ebf,b92d7129-b68e-4cda-8f37-e1c59c6c66de,
08ac4e8c-e80e-45e5-be7e-3f072094498a,f75ea3ac-7c2f-497d-9c6b-73a224603ebf,bedc9580-26d8-4296-87e5-88a7540d8b15,
6da15cb2-71d3-4f59-8256-df142f85bfb6,f75ea3ac-7c2f-497d-9c6b-73a224603ebf,c4761e9d-8486-40a1-aa95-5267bfb4377e,
4fd2b8ad-d737-4c0d-ae00-789d867b393a,f75ea3ac-7c2f-497d-9c6b-73a224603ebf,c96c55d3-611c-4283-9a63-9c4b675db40b,
e63ad751-472e-49e4-982c-6d57eb5e8f07,f75ea3ac-7c2f-497d-9c6b-73a224603ebf,e34b48bd-b87a-4391-8e93-97114e6b2ef2,
b46d580e-e165-4cd6-b59b-e3e51d7a3de4,f75ea3ac-7c2f-497d-9c6b-73a224603ebf,e3592784-92e8-4d82-9cf9-66c4055271a6,
3ee7731b-f6a0-43d7-9d4d-b5f20396afd8,f75ea3ac-7c2f-497d-9c6b-73a224603ebf,e444e64e-f2e9-4f43-8b9d-c946a28738c4,
7d0e9182-532d-41e6-8a3a-aa416ea2681b,f75ea3ac-7c2f-497d-9c6b-73a224603ebf,e5b56667-6f40-4e9f-9a46-75b0fc2a2e9e,
4d09e896-deb8-4f45-903b-d8f880735660,f75ea3ac-7c2f-497d-9c6b-73a224603ebf,eacf8d84-481d-4d12-9447-1b2d0a35d1e9,
ab7a0a27-0b1c-4083-9805-6308244d8039,f75ea3ac-7c2f-497d-9c6b-73a224603ebf,ec066cb2-12a9-46e0-980f-1b25a41accbf,
e7b1e34b-0c2e-4985-a5e8-9ea9b28b284c,f8518514-0e5b-4442-a49e-7b1d008321f9,0bf0eb35-6dfc-48a7-8c46-f4341a74da08,
09e67982-bbec-4fd9-9b9d-c5f805b81dba,f8518514-0e5b-4442-a49e-7b1d008321f9,1a3a6d6f-63c1-465d-a993-e9ec14c0301d,
833e17d6-2df4-483b-ad9c-d2994106891e,f8518514-0e5b-4442-a49e-7b1d008321f9,30440d80-6f5e-4696-8a6a-b14635496864,
725078e5-eb37-48ed-8106-ea3ea7ed5ca9,f8518514-0e5b-4442-a49e-7b1d008321f9,425e9cc6-5cc1-4ee8-9117-e7917b6122b8,
04c4a9a7-a862-4f04-8238-2cf2a10db1af,f8518514-0e5b-4442-a49e-7b1d008321f9,5677bbc4-923d-4248-a7c4-3c640ef977e8,
0054d7df-ccd6-450c-ab43-93f869937966,f8518514-0e5b-4442-a49e-7b1d008321f9,93e70e00-a43c-43f6-a6d2-911d8675c4e7,
1130af67-6efb-4e2c-8347-2dd6198bf897,f8518514-0e5b-4442-a49e-7b1d008321f9,acb9a407-c69c-4c2d-b9d2-4ce3826e865b,
c240a828-86df-4b6d-b6e7-1d4b3fcc60e8,f8518514-0e5b-4442-a49e-7b1d008321f9,bb82a6a7-1c6b-4cc8-81f8-ca39cc8b7d22,
be3271b2-c79e-485f-bc1f-593cea312724,f8518514-0e5b-4442-a49e-7b1d008321f9,cb7880cb-aef6-47da-9596-05814ba491e0,
47739211-4b17-4af5-8171-433293832547,f8518514-0e5b-4442-a49e-7b1d008321f9,de9348cd-dc85-4ab7-af86-4d40e58b0c1d,
3f50d0f8-3aa8-4706-8d96-971a72136bf3,f8518514-0e5b-4442-a49e-7b1d008321f9,f02ead19-aa11-4405-9abe-49cd21acfc61,
aea830e1-3a94-47ed-a871-72fd5d80cc76,f93cacca-d668-4450-b2ea-58b8cf68ce46,1f1636e6-d842-423f-bd36-ebdd223a2164,
479561ff-bc95-4e78-bc9e-e838ddd1a356,f93cacca-d668-4450-b2ea-58b8cf68ce46,68ffa7ba-1514-49cb-b87f-d04fff0a8667,
0aba6af4-bfa7-4c7b-9f9c-929799c5cdbc,f93cacca-d668-4450-b2ea-58b8cf68ce46,941664a8-4af7-4000-940e-8e21cd3b07b4,
361c747d-8e2d-4377-adfc-2eaccc2587cb,f93cacca-d668-4450-b2ea-58b8cf68ce46,cc14a87e-910a-4386-b99a-2fd801867a4e,
58485901-6894-46e5-be35-ba435cd8a964,fc80b4a5-92a7-4527-aa03-9aa7d09005f4,1500e582-33a8-45dc-845c-cc50d526d7fa,
5cdf0567-743d-4eb4-a265-bd8cc5e64276,fc80b4a5-92a7-4527-aa03-9aa7d09005f4,65be8bdb-d0eb-484a-948a-3671a0b9da11,
b7d5455e-746f-4f76-8b5d-f96e3306a46b,fce61494-1571-4136-a380-4d34c9272fc5,07d801f9-e3eb-4721-b5ad-79ab57013af3,
fcc96426-495b-48b0-9fa7-71661d0c8fb2,fce61494-1571-4136-a380-4d34c9272fc5,1763e028-e09c-42e2-a545-e47a65ca72b3,
83278a1f-fddd-4646-894e-70371c1635d9,fce61494-1571-4136-a380-4d34c9272fc5,20c59f66-7fba-4417-8d03-8b7a9878650d,
6745bb0d-b952-47c3-b22d-758864e24d0b,fce61494-1571-4136-a380-4d34c9272fc5,2a2d5d73-03d0-4a90-a038-0cc5704bb9b0,
a083d58c-d262-4589-9bef-fc2ce4287651,fce61494-1571-4136-a380-4d34c9272fc5,670ed40b-4327-4535-a992-a9db636ac6ca,
3af75807-28c5-463f-8652-7f7ecd811f83,fce61494-1571-4136-a380-4d34c9272fc5,90eedc95-9efd-4ae2-8beb-c0731b609292,
4d26da38-c4ab-4db6-8241-1ffba8a61a6d,fce61494-1571-4136-a380-4d34c9272fc5,975c9975-c124-44c9-b2b5-8c7506be2e23,
71a73145-e5d9-4aea-98db-dd2bba256f92,fce61494-1571-4136-a380-4d34c9272fc5,a697de10-8fed-47fb-b8f8-d8415574caa2,
50bb9965-5176-49bc-bc19-0994be61adf7,fce61494-1571-4136-a380-4d34c9272fc5,a9aed3de-62fe-42e3-a385-07833a0baabf,
a7e8af0b-af15-4452-9a51-43d5cf12e85a,fce61494-1571-4136-a380-4d34c9272fc5,b168deba-4d57-495f-8abb-3eec5ae5807e,
1bc80dd5-3b66-426b-a5e6-3ff8ad5341a0,fce61494-1571-4136-a380-4d34c9272fc5,c2b1e704-9f13-4a95-818b-d5d4790b054a,
27ac036c-4341-4033-affa-b04b82f7e241,fce61494-1571-4136-a380-4d34c9272fc5,c59685a1-c905-4a8c-a9bc-d44118893c4a,
1cd63653-35c8-4eb4-8eea-3b4311724ae3,fce61494-1571-4136-a380-4d34c9272fc5,c7b37b9e-0bc6-4818-83e2-4ad3da56273a,
482293df-ebd4-4600-a3f1-88bf1b92ed36,fce61494-1571-4136-a380-4d34c9272fc5,d4993041-aa72-40af-9fed-2535be57e4fb,
3468396d-98b0-43ac-95f9-28bbcdabb12f,fce61494-1571-4136-a380-4d34c9272fc5,e6b179a6-0248-42eb-96e5-1c1c24ce918b,
d8833905-80ea-4661-abd5-cb52381fc377,fce61494-1571-4136-a380-4d34c9272fc5,eca24901-ca57-4654-b105-65582331282f,
c3c2fd08-ac6a-4c32-8aa0-c0249490ff45,fd61c417-5628-4a98-aec9-26c4a4b2150c,00cff039-5701-4fb8-89f4-ea96ff286ed9,
9c90ae29-3a15-46b1-90c7-445b16b28334,fd61c417-5628-4a98-aec9-26c4a4b2150c,268e1762-b8d8-4568-b45f-7337fa7b6c10,
fd7be753-f40f-4ab3-b6d8-431a5a908042,fd61c417-5628-4a98-aec9-26c4a4b2150c,3ee49b58-4a29-4870-a42c-733ed15a7b51,
e0e24303-9973-4530-a47e-171975939a06,fd61c417-5628-4a98-aec9-26c4a4b2150c,61b7f0ec-c5e9-4161-8a74-c985da705a8f,
3122a823-80a1-4f9c-b8ec-f5dc50b6e619,fd61c417-5628-4a98-aec9-26c4a4b2150c,aab25dc6-b03b-4a14-b28d-6f59aee0f78c,
64f9da33-531f-4ede-945c-ccdc8f9c9024,fd61c417-5628-4a98-aec9-26c4a4b2150c,cf4263df-9f3a-431a-a601-99506b34e074,
27c62747-bdc3-4cb3-8775-8d836d4aa2ae,fdfa7a8c-1fc6-456b-a986-43d44115dffc,33a2776f-f630-4d9b-875c-44b8e85f75d7,
7b2ef911-8551-4af0-9ed1-46e7b8b5168b,fdfa7a8c-1fc6-456b-a986-43d44115dffc,a6dd3359-5c69-42d7-9a17-b00f9b593fd4,
